tree
version=v4
num_class=1
num_tree_per_iteration=1
label_index=0
max_feature_idx=11
objective=regression_l1
feature_names=te_dist_dept subdistrict district main_type sub_category severity comment_len day_of_week is_weekend month is_rainy_season hour
feature_infos=[1.1069804919642787:2.8099019731160531] -1:82:84:154:86:125:19:185:96:0:132:92:38:4:167:176:46:85:27:81:117:133:127:20:128:183:69:161:24:77:186:78:59:13:121:180:58:179:129:102:131:120:75:107:140:55:54:57:136:134:122:18:110:172:106:91:114:73:162:37:23:29:39:30:156:15:130:32:36:150:95:100:138:61:101:45:147:178:2:7:9:74:14:123:70:47:171:87:21:108:8:67:174:53:44:175:184:42:151:155:119:66:124:168:181:56:25:40:80:51:17:182:99:63:98:72:26:16:88:170:113:71:6:157:97:62:173:12:76:166:1:64:41:137:11:115:153:52:10:83:146:34:139:164:144:135:160:158:112:141:145:89:152:90:68:103:43:5:3:79:126:159:177:28:104:143:22:169:149:163:142:31:94:116:49:50:165 -1:25:53:43:44:4:15:42:28:46:17:30:2:18:35:26:13:48:21:39:47:51:5:9:8:20:45:7:33:52:27:40:11:34:31:55:6:0:29:56:16:49:23:41:10:54:1:3:19:50:37:59 -1:17:53:23:15:21:46:32:63:67:59:16:61:55:35:27:19:6:12:18:2:1:62:7:0:31:28:5:26:34:45:65:20:8:13:64:36:51:33:3:24:52:38:30:47:37:56:43:22:57:9:11:42:29:44:14:25:4:10:54:40:58:41:48:49:66 -1:101:176:113:99:108:199:19:91:183:188:100:186:178:141:103:122:13:93:102:3:36:95:133:138:164:197:53:73:126:17:49:134:192:14:37:142:54:97:12:175:42:66:129:150:168:28:52:4:189:16:35:58:174:2:146:147:55:5:185:162:109:123:170:181:194:23:119:43:92:116:88:157:137:128:125:10:31:105:167:51:87:158:40:45:29:107:151:24:78:143:191:11:90:130:196:8:47:127:9:64:98:18:118:149:71:81:21:26:32:50:56:77:0:65:6:180:34:60:110:44:83:106:117:132:179:187:27:177:15:20:25:39:72:104:46:48:75:140:153:200:1:67:79:82:111:124:135:145:195:22:38:62:89:76:80:114:131:136:154:166:182:33:41:74:94:96:139:163:193:7:30:59:61:69:86:120:171:172:198 [1:5] [0:9065] [0:6] [0:1] [1:12] [0:1] [0:23]
tree_sizes=5743 6811 6755 6801 6108 6738 6606 6831 6503 6576 6816 6813 6666 6912 6806 6760 6780 6561 6830 6150 6049 6755 6096 6876 6759 6197 6098 6453 6716 6856 6671 6120 6722 6801 6990 6867 6695 6086 6687 6618 6611 6150 6187 6459 6722 6762 6690 6077 6126 6712 6538 6619 6816 6769 6450 6896 6656 6686 6507 6270 6891 6326 6564 5909 6538 6564 6776 6655 6612 6061 6728 6927 6149 6182 6859 6693 6874 6348 6674 6447 6780 6151 6871 6957 6156 6684 6745 6180 6858 6504 6759 6627 6216 6616 6603 6069 6600 6573 6611 6445 6614 6543 6517 7045 6660 6562 6749 6458 6335 6366 6594 6606 6532 6557 6524 6407 6758 6492 6586 6744 6487 6629 5515 6551 5930 6491 6194 6194 6101 6558 6688 6449 6346 6500 6548 6771 6567

Tree=0
num_leaves=63
num_cat=37
split_feature=0 4 4 4 9 4 3 0 2 0 9 2 2 2 2 2 3 6 3 3 6 2 3 2 2 2 6 2 4 4 0 11 11 2 4 4 2 4 2 3 11 9 9 4 2 6 3 7 6 2 11 9 2 6 7 6 9 2 6 9 3 2
split_gain=1662.52 503.946 450.559 316.179 226.863 198.939 171.067 130.381 128.553 106.563 97.8335 83.8095 83.0579 65.1926 51.4682 44.0612 40.2459 39.3929 38.9606 37.9567 35.9689 33.8826 33.8437 33.5517 31.1286 30.0648 28.885 27.5372 26.4407 26.3201 25.405 25.0736 24.4958 34.9542 24.192 23.9163 23.0305 21.1271 21.2006 20.345 20.3303 20.0391 19.5388 18.4159 17.8587 17.4551 17.414 16.7789 18.6188 16.7291 16.6882 16.646 16.1972 15.603 13.9693 13.9103 13.7398 13.5711 12.9536 12.6691 20.8064 18.067
threshold=1.7047640359231833 0 1 2 10.500000000000002 3 4 2.1827742420042049 5 2.0746320719595537 10.500000000000002 6 7 8 9 10 11 93.500000000000014 12 13 158.50000000000003 14 15 16 17 18 355.50000000000006 19 20 21 1.9963237975540058 10.500000000000002 13.500000000000002 22 23 24 25 26 27 28 19.500000000000004 6.5000000000000009 11.500000000000002 29 30 528.50000000000011 31 2.5000000000000004 35.500000000000007 32 19.500000000000004 10.500000000000002 33 343.50000000000006 2.5000000000000004 117.50000000000001 2.5000000000000004 34 1075.5000000000002 4.5000000000000009 35 36
decision_type=2 9 9 9 2 9 9 2 9 2 2 9 9 9 9 9 9 2 9 9 2 9 9 9 9 9 2 9 9 9 2 2 2 9 9 9 9 9 9 9 2 2 2 9 9 2 9 2 2 9 2 2 9 2 2 2 2 9 2 2 9 9
left_child=2 9 8 15 7 23 30 11 34 19 12 18 31 28 45 26 -15 50 27 -2 -20 43 -10 39 -9 -11 59 -5 53 -19 44 -7 36 -34 47 -25 -13 41 -39 54 42 -33 -16 51 -6 -8 -17 58 -49 -48 57 -21 -31 -12 -4 -18 -26 -14 -1 -3 61 -61
right_child=1 3 5 4 6 10 14 24 22 25 13 32 17 16 40 46 55 29 20 21 -22 -23 -24 35 56 -27 -28 -29 -30 52 -32 37 33 -35 -36 -37 -38 38 -40 -41 -42 -43 -44 -45 -46 -47 49 48 -50 -51 -52 -53 -54 -55 -56 -57 -58 -59 -60 60 -62 -63
leaf_value=1.5358294367790222 1.6260959327220916 1.5405146032571793 1.5804807126522065 1.6062114596366883 1.6620021283626556 1.5448560744524003 1.5807047307491302 1.6294873535633088 1.5604455709457397 1.6082658469676971 1.5771860599517822 1.6007306516170501 1.5824330478906632 1.5678501665592193 1.6396672904491425 1.5491867825388907 1.5957094103097915 1.6099473595619203 1.5785660207271577 1.5591603219509125 1.5637187242507935 1.6065257847309113 1.5356301084160804 1.6032045543193818 1.5785660207271577 1.6328250885009765 1.5694318443536759 1.5762123316526413 1.5545392394065858 1.5698470950126648 1.6682501614093781 1.5533961296081542 1.5884746581315994 1.613243579864502 1.53495711684227 1.6236005246639251 1.5778845310211183 1.5785696774721145 1.5595065772533416 1.5669580280780793 1.6204068601131438 1.5649702429771424 1.6040889084339143 1.6023888766765595 1.6455617487430572 1.6528774678707123 1.565615040063858 1.5350098878145217 1.5633316755294799 1.5940209686756135 1.5617806553840636 1.6156712949275971 1.586344975233078 1.624594932794571 1.5997529864311217 1.6197138369083404 1.6172436296939849 1.5668511897325517 1.535742884874344 1.5595195859670639 1.5599355787038802 1.532337772846222
leaf_weight=628 249 340 132 408 242 1737 881 343 1303 249 281 541 224 335 319 106 434 206 2013 260 1441 1987 428 479 135 2496 322 378 507 1160 542 1057 1324 1164 1347 291 1589 782 1171 223 175 936 564 415 289 57 474 249 462 310 226 79 605 49 127 443 637 1132 89 110 436 229
leaf_count=628 249 340 132 408 242 1737 881 343 1303 249 281 541 224 335 319 106 434 206 2013 260 1441 1987 428 479 135 2496 322 378 507 1160 542 1057 1324 1164 1347 291 1589 782 1171 223 175 936 564 415 289 57 474 249 462 310 226 79 605 49 127 443 637 1132 89 110 436 229
internal_value=1.57998 1.58936 1.56836 1.58462 1.58765 1.57325 1.59955 1.584 1.55481 1.60199 1.57115 1.58197 1.56895 1.58103 1.5907 1.56768 1.58841 1.575 1.5769 1.5955 1.57461 1.59363 1.56574 1.5921 1.60012 1.60914 1.56225 1.58689 1.57036 1.5797 1.61558 1.56521 1.58662 1.59001 1.54808 1.59857 1.5827 1.56739 1.57124 1.58161 1.59824 1.56373 1.59533 1.58443 1.60813 1.58209 1.57654 1.55342 1.55867 1.57922 1.56911 1.57583 1.5777 1.58145 1.59095 1.59402 1.59392 1.5712 1.54783 1.55832 1.56185 1.55262
internal_weight=38147 21104 17043 15369 13042 12537 3069 9973 4506 5735 11285 8858 9236 2049 1996 2327 1212 3553 4240 2990 3454 2741 1731 1252 1115 2745 1437 786 837 1971 1073 5683 4618 2488 2775 770 2130 3946 1953 482 1058 1993 883 754 531 938 890 1428 711 784 1582 339 1765 330 259 877 772 1356 717 1115 775 339
internal_count=38147 21104 17043 15369 13042 12537 3069 9973 4506 5735 11285 8858 9236 2049 1996 2327 1212 3553 4240 2990 3454 2741 1731 1252 1115 2745 1437 786 837 1971 1073 5683 4618 2488 2775 770 2130 3946 1953 482 1058 1993 883 754 531 938 890 1428 711 784 1582 339 1765 330 259 877 772 1356 717 1115 775 339
cat_boundaries=0 7 13 19 26 29 31 33 35 37 39 41 43 46 48 50 52 54 56 58 60 66 73 75 81 88 90 96 98 100 107 108 110 112 114 116 118 120
cat_threshold=68027944 5800976 134218240 2101312 1610629122 2684616852 160 805920772 18874664 1 1813135890 6816769 36700164 2416009236 2228264 822083584 1820336658 4195329 41944320 6440 349703168 209715200 0 545284640 32784 4 131072 1073741825 1 402685954 2181280 549062861 18714634 1544560960 7882912 1081602 2115592 2192385113 8926208 3232637445 25179140 4096 2097152 2234023968 1589250 1 16777248 2147485712 1610940545 471558 276889792 2147500096 672145408 3687464 33686032 1116160 1028 164608 3147780 16879616 0 0 0 32 0 268500992 131088 139264 512 192 0 262144 1 1140957200 6424064 268959748 2097160 1 1208090624 524288 3145728 8 13631488 142606336 0 8704 32784 4 100770560 8389248 16 139280 2684354560 4256 0 75497472 268435712 2621440 2147483684 16400 655360 0 0 4160 2 0 32 1075838988 1 1 67600 131338 570982439 4 545325058 12292 134221825 134217729 2359296 4096
is_linear=0
shrinkage=1


Tree=1
num_leaves=63
num_cat=44
split_feature=3 1 4 1 1 9 1 1 4 1 1 4 4 3 9 4 4 1 4 4 1 1 1 3 1 1 1 9 1 3 7 1 9 2 3 9 4 4 7 1 1 11 1 9 9 3 1 9 1 6 1 7 4 7 6 3 11 7 1 1 2 7
split_gain=991.015 626.126 442.9 373.64 334.759 216.97 152.286 141.845 132.894 98.6633 92.001 65.6915 60.1615 57.6668 84.3824 55.6627 54.8767 50.4504 48.0209 47.4096 45.7548 44.4499 43.7623 42.5013 42.2499 36.2679 31.439 29.1762 30.9668 28.349 28.3221 26.9867 26.9426 25.8022 25.2172 25.1564 28.7253 23.356 20.994 22.3248 19.1952 18.9422 17.3982 16.4683 16.2474 16.0296 15.8131 15.3233 19.0356 14.7105 14.5359 14.1341 14.1018 13.9489 13.4291 13.2709 13.2252 13.1077 12.3874 11.8286 11.6218 11.4166
threshold=0 1 2 3 4 10.500000000000002 5 6 7 8 9 10 11 12 10.500000000000002 13 14 15 16 17 18 19 20 21 22 23 24 6.5000000000000009 25 26 1.5000000000000002 27 10.500000000000002 28 29 7.5000000000000009 30 31 5.5000000000000009 32 33 10.500000000000002 34 7.5000000000000009 7.5000000000000009 35 36 1.5000000000000002 37 554.50000000000011 38 1.5000000000000002 39 5.5000000000000009 34.500000000000007 40 13.500000000000002 1.5000000000000002 41 42 43 4.5000000000000009
decision_type=9 9 9 9 9 2 9 9 9 9 9 9 9 9 2 9 9 9 9 9 9 9 9 9 9 9 9 2 9 9 2 9 2 9 9 2 9 9 2 9 9 2 9 2 2 9 9 2 9 2 9 2 9 2 2 9 2 2 9 9 9 2
left_child=3 8 9 19 16 10 23 49 -2 29 27 -9 31 22 17 25 32 -15 40 -1 -17 53 41 44 -20 -12 -21 30 -29 -3 -6 -8 47 -13 -18 59 -37 43 39 -36 -11 -10 -31 46 58 -34 -24 -4 -49 52 -45 -42 -7 57 -39 -26 -56 -14 -5 -23 -38 -28
right_child=1 2 4 6 5 7 12 11 13 18 15 33 21 14 -16 20 34 -19 24 26 -22 35 37 -25 55 -27 61 28 -30 42 -32 -33 45 -35 38 36 60 54 -40 -41 51 -43 -44 50 -46 -47 -48 48 -50 -51 -52 -53 -54 -55 56 -57 -58 -59 -60 -61 -62 -63
leaf_value=-0.043143168389797218 0.058665456771850588 0.029907611906528478 -0.010521367490291601 -0.0077116546779870954 -0.015040807723999029 0.005547366440296176 -0.0071816353499889359 0.072345647513866435 -0.017981951236724858 0.015625333338975905 -0.0063810886442661309 0.0098256203532218981 -0.013509328439831731 0.0070406237244606045 0.083706329315900815 0.007478682547807692 0.0034117498993873618 0.038813117742538455 0.02983276709914208 -0.021998526006937025 -0.0090889170765876773 -0.032711273953318597 0.031546616554260255 -0.021576629169285294 -0.002057171761989596 -0.020127660036087038 -0.041672092750668528 0.028832136243581774 0.0046605778485536544 -0.012946150898933407 0.0053400025516748386 -0.046797725632786752 0.017113170325756079 0.039259838163852694 -0.0075130598992109278 0.0017566530406475046 -0.011473650932312007 -0.029761348366737363 -0.029840756803750992 -0.022929110229015351 0.039729126393795014 0.010045770779252056 0.002319673225283625 0.03126404851675034 0.039443498551845549 -0.018740822672843938 0.014235466718673706 -0.022370184659957881 -0.03742967240512371 0.043481188118457796 0.053793447166681288 0.048350499123334889 -0.015290251076221463 -0.024499631226062774 -0.010203859247267244 0.017391231358051297 0.024149427711963656 0.0056930025666952159 0.029371516704559331 -0.023103238344192503 -0.025512197762727742 -0.019729590564966204
leaf_weight=1287 920 235 159 106 593 289 119 902 209 120 1161 441 418 499 582 1538 299 1142 941 715 3320 348 653 238 190 1918 1130 748 872 230 1444 443 152 640 942 511 247 40 265 777 320 210 504 290 403 161 509 745 976 41 496 648 539 156 188 1080 211 808 336 1145 345 253
leaf_count=1287 920 235 159 106 593 289 119 902 209 120 1161 441 418 499 582 1538 299 1142 941 715 3320 348 653 238 190 1918 1130 748 872 230 1444 443 152 640 942 511 247 40 265 777 320 210 504 290 403 161 509 745 976 41 496 648 539 156 188 1080 211 808 336 1145 345 253
internal_value=-0.00021889 0.00426258 0.000547414 -0.0147039 -0.00273611 0.000968456 -0.00677259 0.013324 0.0187196 0.0150771 -0.00207004 0.0206473 -0.0107912 0.0154495 0.0215181 -0.00508997 -0.0146679 0.0158135 0.0192052 -0.0278203 -0.0017461 -0.00857573 0.0105824 0.0100183 0.0147906 -0.0103432 -0.0228178 0.00448596 0.00950617 0.000970378 0.000515464 -0.026049 -0.0203586 0.0120532 -0.0091365 -0.0124328 -0.00675431 0.013204 -0.0111836 -0.00922048 0.0279599 -0.00431235 -0.00389785 0.0155771 0.0152632 -0.00686901 0.0118761 -0.0227128 -0.0240848 -0.00358362 0.0212468 0.0304703 -0.00507246 -0.0012931 0.00256125 0.00867188 0.00538847 0.000489396 0.00882353 -0.0167113 -0.0141196 -0.0273869
internal_weight=38147 29139 23190 9008 18922 14446 5623 2852 5949 4268 11594 1983 4540 5029 2223 7937 4476 1641 3299 3385 4858 3978 2806 1083 2211 3079 2098 3657 1620 969 2037 562 2193 1081 2283 2596 1103 2387 1984 1719 1088 419 734 1948 845 313 1162 1880 1721 869 786 968 828 1382 439 1270 399 1226 442 1493 592 1383
internal_count=38147 29139 23190 9008 18922 14446 5623 2852 5949 4268 11594 1983 4540 5029 2223 7937 4476 1641 3299 3385 4858 3978 2806 1083 2211 3079 2098 3657 1620 969 2037 562 2193 1081 2283 2596 1103 2387 1984 1719 1088 419 734 1948 845 313 1162 1880 1721 869 786 968 828 1382 439 1270 399 1226 442 1493 592 1383
cat_boundaries=0 2 8 15 21 27 33 39 46 52 58 65 71 73 80 86 92 97 103 109 115 120 122 128 134 140 146 148 154 156 158 164 170 176 182 188 189 195 201 207 213 215 219 225 227
cat_threshold=483482835 184582212 1746969154 201904196 17313792 17563784 69640 327684 17571368 274242564 134348928 0 1619026464 2148007952 128 9405441 536887296 2290372648 606076931 201326896 68685824 75513865 537003168 2147745816 603979776 3758375760 71864456 152043524 1227366464 84410368 168362024 44565570 4260162 460804 1073750288 307235872 2149599296 147326086 8404992 524288 1024 134217728 0 16384 0 128 278549 2172658064 65544 203572228 1090521408 4200594 50400256 1093665024 4325376 2189561154 8913953 9437266 0 16 0 32 64 268435456 32 805306368 0 0 738206208 2098177 33554432 1611170316 3760717835 2147614720 2097168 4 34 0 268451844 5 16 2097424 2147483648 4258 0 67108868 2097728 67108932 16777216 17039360 0 262148 17039400 527360 134217728 0 1610629120 90112 32 0 739246608 4195329 33554432 1576960 2151686673 35652613 268455956 272760960 33557760 1612710160 13636613 1057025 293622928 102400 25184260 0 49152 8192 0 4096 12652546 134250496 9961512 32 2155086116 96 80217110 3162112 4372 0 143770596 404766768 473956480 16785664 8814592 16384 20520 69206016 67108864 524288 67584 0 131072 2181039170 8389632 8388674 16777248 2147491857 8192 0 576 2147483712 8 33554432 76316709 13182464 2149842944 8404992 81924 131104 0 131072 4194304 1024 8 75497488 4 136 64 67174400 67125256 1152 262144 67108864 1073742672 67141760 1048576 37748768 4194304 64 0 16384 278528 16 0 2097152 1073741824 2176 131072 1744830978 67108932 16781312 524288 8 4 67125249 536871072 2147745792 0 536871232 4227072 1610645568 67113024 16781312 0 8 4 0 0 0 40 0 268697600 0 8 150994948 2097152 0 167772160 8194 32768 512 262208 1 33587328 100925440 5122
is_linear=0
shrinkage=0.05


Tree=2
num_leaves=63
num_cat=41
split_feature=0 4 4 1 9 4 1 1 1 4 4 1 1 1 0 1 4 9 2 2 1 4 1 1 4 1 7 4 9 9 1 1 9 4 6 1 4 2 1 1 1 6 7 7 4 0 9 7 6 7 1 0 7 4 4 6 4 4 6 2 1 4
split_gain=1424.04 426.65 393.506 327.717 177.467 194.595 168.332 162.342 151.759 145.021 114.326 72.7313 72.6868 67.1424 66.7277 63.4127 61.7262 56.3742 55.4992 52.5094 50.5472 38.8366 32.8898 32.7621 30.9014 28.9477 27.6011 28.3775 27.1179 24.3501 39.1653 37.0091 23.7187 22.7799 21.9315 21.5457 21.1743 20.5226 20.0239 19.0594 18.8596 18.2972 17.7805 25.2565 17.1091 16.0357 19.2661 15.6562 15.5715 15.3204 14.8534 14.7321 14.4009 14.3029 13.0882 12.9645 12.9191 12.5995 16.6148 12.0672 12.005 11.713
threshold=1.7047640359231833 0 1 2 10.500000000000002 3 4 5 6 7 8 9 10 11 2.1584509050039915 12 13 10.500000000000002 14 15 16 17 18 19 20 21 1.0000000180025095e-35 22 7.5000000000000009 6.5000000000000009 23 24 4.5000000000000009 25 152.50000000000003 26 27 28 29 30 31 482.50000000000006 1.5000000000000002 5.5000000000000009 32 1.5619568668319912 3.5000000000000004 2.5000000000000004 53.500000000000007 4.5000000000000009 33 2.4982167260137702 4.5000000000000009 34 35 152.50000000000003 36 37 37.500000000000007 38 39 40
decision_type=2 9 9 9 2 9 9 9 9 9 9 9 9 9 2 9 9 2 9 9 9 9 9 9 9 9 2 9 2 2 9 9 2 9 2 9 9 9 9 9 9 2 2 2 9 2 2 2 2 2 9 2 2 9 9 2 9 9 2 9 9 9
left_child=2 11 8 14 5 19 29 16 50 18 39 41 -11 34 28 33 47 26 -6 60 -19 -15 -14 -10 35 42 55 -28 38 30 -7 -31 59 -12 -8 -25 40 -34 54 -9 -27 -2 -18 53 45 46 -26 -4 -38 -22 57 -16 -21 -44 -3 -17 -35 58 -1 -13 -5 -39
right_child=1 3 7 4 9 6 13 10 23 12 15 32 22 21 51 17 25 20 -20 52 49 -23 -24 24 44 36 27 -29 -30 31 -32 -33 37 56 -36 -37 48 61 -40 -41 -42 -43 43 -45 -46 -47 -48 -49 -50 -51 -52 -53 -54 -55 -56 -57 -58 -59 -60 -61 -62 -63
leaf_value=-0.042945207651704544 -0.033096724871546024 -0.011411048695445059 -0.0098053572475910178 0.023426553878933193 0.078923680618405351 0.0026762450784444725 -0.010401788504794241 0.0073168081864714574 0.0069045350737869772 0.039393629267811786 -0.012559947878122335 -0.037310949388891457 -0.016281140564009543 -0.0065266191959381104 0.042221347074955701 -0.022600048759952186 -0.023823764029890296 0.049196977704763417 0.051585166849195965 0.022252955997362735 -0.00074418188631534274 0.0083709157295525083 0.016769313614815474 0.0076898686178028643 -0.041674439251422883 0.01163888642191886 0.003053789958357811 -0.013313945677131412 0.055969381980597976 0.013236650347709655 0.033438943922519691 0.048949814356863505 -0.014700263753533361 0.024335409920662646 -0.029661678314208986 -0.025067677341401574 -0.040205594325438139 -0.018205303942784669 0.038702928803861142 0.040887369312345982 -0.038873834878206254 -0.011583647476509218 -0.026886812075972558 -0.02125509285554289 -0.041398592215031386 -0.0010618273839354431 -0.026737758062779907 0.014102184094488624 -0.031605371773242942 -0.023437959186732762 -0.040916046045720578 0.071334662035107618 -0.0017194296941161148 -0.0067804515399038758 0.019449840977787975 -0.019992396175861349 0.0067074287384748469 -0.039243670836091052 -0.020623828982934356 -0.015617255094461142 0.048414677478373053 0.014648537265136841
leaf_weight=187 881 138 241 228 789 1061 806 217 207 838 317 101 226 2557 954 360 681 376 491 582 523 2846 1200 214 251 103 443 3246 717 551 1011 770 424 187 643 185 428 103 394 465 116 156 121 304 358 144 695 249 1053 217 1359 555 149 1210 320 261 1608 471 246 222 867 524
leaf_count=187 881 138 241 228 789 1061 806 217 207 838 317 101 226 2557 954 360 681 376 491 582 523 2846 1200 214 251 103 443 3246 717 551 1011 770 424 187 643 185 428 103 394 465 116 156 121 304 358 144 695 249 1053 217 1359 555 149 1210 320 261 1608 471 246 222 867 524
internal_value=-0.000289669 0.00839177 -0.0110397 0.0109421 0.0079904 0.00510728 0.00241346 -0.00659548 -0.0240698 0.017833 -0.00240583 -0.0113796 0.0100704 -0.00209851 0.025842 -0.00418654 -0.0142161 -0.00704562 0.0312403 0.020098 0.00295699 0.000471088 0.0031337 -0.0140504 -0.016182 -0.0162692 -0.00965197 -0.0080103 0.0187062 0.0115046 0.00815637 0.0168433 -0.00375723 0.0031574 -0.0116175 -0.00354523 -0.021345 -0.000142721 0.0126761 0.017052 -0.0058952 -0.0213467 -0.0124678 -0.00969419 -0.0196159 -0.0160909 -0.0186047 0.0026 -0.0235748 -0.00466667 -0.033062 0.0334327 0.00937922 -0.00672427 0.00512821 -0.0194042 0.00534626 -0.0266958 -0.0190745 -0.0156347 0.0271041 0.005573
internal_weight=38147 21104 17043 18693 15615 12071 10245 12726 4317 3544 8220 2411 2264 6852 3078 7538 4506 5426 1280 1826 1116 5403 1426 2054 1847 4016 4310 3689 1569 3393 2072 1321 1374 2112 1449 399 1700 1051 852 682 219 1037 2316 1635 1448 1090 946 490 1481 740 2263 1509 731 1331 458 621 1795 904 433 323 1095 627
internal_count=38147 21104 17043 18693 15615 12071 10245 12726 4317 3544 8220 2411 2264 6852 3078 7538 4506 5426 1280 1826 1116 5403 1426 2054 1847 4016 4310 3689 1569 3393 2072 1321 1374 2112 1449 399 1700 1051 852 682 219 1037 2316 1635 1448 1090 946 490 1481 740 2263 1509 731 1331 458 621 1795 904 433 323 1095 627
cat_boundaries=0 6 12 18 25 31 37 43 50 56 62 68 74 80 87 89 91 97 104 110 116 121 127 134 140 146 153 156 162 164 170 176 182 186 192 198 204 210 215 217 222 228
cat_threshold=2424397844 2228256 822083588 1820336658 4195329 41944320 805396484 18874656 1 1813135890 6816769 36700164 679674368 12288 424940064 547885160 20 69304324 17564712 3072 134218240 0 1073741824 2684354580 128 1090527232 1328037952 1074405376 33685635 46138377 1050642 12845057 537002016 2147486232 622854176 2717925972 69226636 8781825 536870912 2290353696 538968066 201326868 68685824 131072 16 0 4192 16448 0 32 4392 5909504 512 0 545275936 32784 1108919440 77611009 90112 2281834496 4129 33554434 1061968 6324801 65540 184811520 335548448 33816576 541061 2692743936 67190920 67108864 537143808 4325632 33574408 2151710976 71501121 2156003602 134223872 8520962 4104 1024 134217728 64 24608 536871168 164 2622084 16819468 3391456989 16978048 256 33555456 136314880 4097 67108864 1607680 131072 67108880 0 131232 262208 268484608 5 33571072 16400 8 0 0 4194304 4 1090519040 2304 4112 536870976 260 81920 0 0 1073741842 4194304 262145 0 2560 18874400 33555028 67112968 133136 0 134217732 8388800 512 262144 132 16785408 1107312704 131072 33554433 8388609 18 1073741824 67633216 8192 0 37749761 2064 0 0 2147483648 4160 8256 256 128 0 0 5373952 0 0 512 128 0 268746752 8921617 16973960 134218240 0 262656 0 0 65540 16388 256 12976160 64 4194304 524288 0 536870912 0 603979776 0 128 8196 32 0 134348800 8650752 0 263712 0 67108868 1048576 0 131072 0 128 0 8421376 0 1048576 0 131080 0 67174400 0 0 0 128 0 268435456 268435456 0 0 1073872896 4718592 2116 5122 17301504 538968144 0 268435456 268963840 16384 2097152 0 0 1024 256
is_linear=0
shrinkage=0.05


Tree=3
num_leaves=63
num_cat=44
split_feature=0 4 4 4 9 1 1 3 1 1 1 4 1 4 1 1 3 1 9 1 1 0 1 9 4 1 2 9 2 4 3 0 1 0 1 9 7 2 3 3 3 2 4 1 2 9 4 3 3 7 7 2 2 3 0 3 1 1 7 9 0 7
split_gain=1325.27 402.254 382.837 260.521 185.582 193.844 176.594 153.523 152.209 140.46 109.061 96.4531 81.1288 69.1498 68.0775 65.3518 59.0587 57.8552 41.7216 65.2186 40.037 39.5323 35.7933 33.1956 32.2012 30.2683 27.0669 24.9653 41.8496 24.7921 24.4899 24.4144 24.3817 23.9247 23.7726 23.0716 21.9146 20.9812 20.5021 20.15 19.5437 19.0977 18.5807 16.9553 16.567 16.6423 22.7434 15.9309 15.882 15.8145 20.6731 15.0733 14.5853 14.3719 14.1506 13.7385 13.645 13.5997 12.7737 11.989 11.5852 11.4698
threshold=1.7047640359231833 0 1 2 10.500000000000002 3 4 5 6 7 8 9 10 11 12 13 14 15 6.5000000000000009 16 17 1.9963237975540058 18 11.500000000000002 19 20 21 10.500000000000002 22 23 24 2.0748986296189464 25 2.1372951807736453 26 6.5000000000000009 1.0000000180025095e-35 27 28 29 30 31 32 33 34 6.5000000000000009 35 36 37 5.5000000000000009 1.0000000180025095e-35 38 39 40 2.4982167260137702 41 42 43 4.5000000000000009 7.5000000000000009 1.4291500371708417 2.5000000000000004
decision_type=2 9 9 9 2 9 9 9 9 9 9 9 9 9 9 9 9 9 2 9 9 2 9 2 9 9 9 2 9 9 9 2 9 2 9 2 2 9 9 9 9 9 9 9 9 2 9 9 9 2 2 9 9 9 2 9 9 9 2 2 2 2
left_child=2 6 9 15 5 33 54 21 16 39 31 22 -9 26 -15 -3 55 -13 19 -12 -20 52 38 37 25 61 -8 30 -29 41 -19 40 -25 -5 48 51 -32 -14 -10 43 -7 -24 -17 -1 -44 46 -46 -33 60 50 -36 -16 -6 -52 -2 -4 -37 -43 -30 -50 -18 -11
right_child=1 3 8 4 7 10 13 12 11 24 18 17 23 14 35 42 34 27 20 -21 -22 -23 29 32 -26 -27 -28 28 58 -31 36 47 -34 -35 49 56 -38 -39 -40 -41 -42 57 44 -45 45 -47 -48 -49 59 -51 53 -53 -54 -55 -56 -57 -58 -59 -60 -61 -62 -63
leaf_value=-0.03868662254363299 0.045082992926985026 -0.02839526009317488 0.019698933329246944 0.03218316233698279 0.071515382812172179 -0.00067448824644088527 0.01695523420237004 0.045436095260828729 -0.011706649226974687 -0.034387669731304048 -0.010576971137989317 0.0026352644391357985 0.00020827435050160272 -0.0013871480042114916 0.026303986247442658 -0.02013257162543013 0.011011052324622872 0.0059051042236387746 -0.002698306739330292 0.0085495276957750343 0.021566593248210843 0.075972497151046994 0.050673258970677863 -0.017857978963945056 -0.037322861105576158 -0.0052774014018476039 0.045993943604454392 0.040311476598680028 -0.0056391491584479869 0.039140269917994741 -0.022627321617212138 -0.012494528137054296 0.0078571662092581374 0.049560441867448395 -0.022696313241310419 0.016458558103814719 -0.013247893393225975 0.067192386276926849 0.017804386533796797 -0.040452213593199865 -0.024616784838540486 0.021823312203958636 -0.019137056747125458 -0.017863313425704831 0.020970391199737783 0.016712120164092625 -0.020042593568027955 0.040748201135639102 -0.039921111471205951 -0.02066220884714276 -0.025786919980868697 0.0040490764546208041 0.054434093306586141 -0.0081461746690794767 0.071917643719911592 -0.0014060827303677859 0.038851417059404772 -0.0037740243485197447 -0.023476497757807375 -0.025740575540065758 -0.03203077844753862 -0.015802167162578557
leaf_weight=904 1257 1007 130 1506 273 231 212 611 290 350 1706 1817 201 997 405 213 76 290 673 2114 1985 542 105 329 576 711 679 332 425 397 564 113 603 491 354 336 3267 282 216 914 1204 219 484 595 113 355 168 114 691 299 216 425 253 1485 412 352 810 337 200 425 84 422
leaf_count=904 1257 1007 130 1506 273 231 212 611 290 350 1706 1817 201 997 405 213 76 290 673 2114 1985 542 105 329 576 711 679 332 425 397 564 113 603 491 354 336 3267 282 216 914 1204 219 484 595 113 355 168 114 691 299 216 425 253 1485 412 352 810 337 200 425 84 422
internal_value=-0.000305398 0.00806956 -0.0106759 0.00394391 0.0066649 0.00339844 0.0196374 0.0173885 -0.0061879 -0.0232262 -3.68098e-05 -0.00234384 0.00913556 0.0136809 0.00993966 -0.0114043 -0.0140708 -0.00488776 0.00289766 -0.000445026 0.00771257 0.0326531 0.008831 0.00249123 -0.0134606 -0.00941058 0.0259156 -0.00762579 -0.000365726 0.0140449 -0.00933026 -0.0114234 -0.00300429 0.0173144 -0.0162637 0.0153072 -0.0103749 0.013147 -0.00213178 -0.0314693 -0.0139024 0.00782414 -0.00405808 -0.0271372 -0.00141593 0.00386997 -0.00516014 0.00374449 -0.0219285 -0.0131134 -0.0116058 0.00903614 0.0231939 -0.00931805 0.0332638 0.00243902 0.0199825 0.00388693 -0.00795276 -0.0241563 -0.00588235 -0.0162404
internal_weight=38147 21104 17043 15571 13231 10137 5533 3094 12571 4472 8140 8459 2026 3864 2973 2340 4112 6895 6478 3820 2658 1068 1564 1415 2059 1483 891 5078 957 1058 4121 1662 932 1997 3630 1976 3831 483 506 2413 1435 661 1333 1499 1120 636 281 227 1276 2354 2055 830 526 1701 1669 482 1146 556 625 1116 160 772
internal_count=38147 21104 17043 15571 13231 10137 5533 3094 12571 4472 8140 8459 2026 3864 2973 2340 4112 6895 6478 3820 2658 1068 1564 1415 2059 1483 891 5078 957 1058 4121 1662 932 1997 3630 1976 3831 483 506 2413 1435 661 1333 1499 1120 636 281 227 1276 2354 2055 830 526 1701 1669 482 1146 556 625 1116 160 772
cat_boundaries=0 7 13 19 25 31 34 40 46 52 59 65 71 77 83 86 92 98 104 110 115 121 123 125 131 133 139 145 147 150 152 155 157 163 169 171 177 178 180 182 184 186 189 195 199
cat_threshold=67896872 4197392 134218240 2101312 1610629120 2684649620 160 805920772 18874656 1 1813137938 6816769 36700164 2424397840 2228264 822083588 1820328466 4195329 41944064 1744830976 218132480 424685600 547885280 4194320 70254596 1755324930 134221824 270271008 545785928 65564 2424836 131072 1073741825 1 12582913 545390752 2147484184 620757024 2181055060 69259405 8781825 536870912 2290353184 538968066 205521172 68685824 544967 2155873056 8505484 67371008 554050048 4325632 6456 81406976 142606852 8388608 545284128 268468240 32 1056848 557120 18890788 185335808 335544352 327680 262176 1024 134218240 0 1073758208 2684354580 1069329 536871425 10488072 151012484 268571680 50333697 1075365008 73416720 90112 2281834496 266273 33554434 2281963556 1075322904 11 33574400 3242246400 71501057 2155876370 6145 8520960 1092880 4227089 131584 3254862849 8388610 42206289 35651616 524304 64 402655236 336072736 8320 67452932 9216 142874624 2101248 2304 524288 606208 32 0 1209139218 4194304 67174400 33554560 274726912 67108929 0 128 1073882248 598784 268443681 5046412 2056 13631488 142606852 8388608 8192 268435456 2432966688 8912896 1090535552 4210688 8192 3072 4616 4194306 4194304 536870944 24 603979776 2147483648 2113664 34382400 13320 2148532224 3222282240 2 478150656 33570884 557344 3 1 0 2441220 2147483648 2097152 268435456 514 1024 33554432 1 536870912 2281963520 536870914 256 1576960 9044497 16908552 0 0 536870912 1140850688 0 8388608 163840 524288 2155888640 100698320 595072 1076494340 8388608 1572864 671105024 2147483680 16 8 33554432 90177616 4329476 0 67108866 5242880 0 33554432 6422560 16
is_linear=0
shrinkage=0.05


Tree=4
num_leaves=63
num_cat=20
split_feature=0 4 4 0 4 4 9 4 0 9 0 4 3 0 4 11 3 3 9 3 3 4 4 6 0 11 6 7 0 0 0 11 7 6 6 7 4 0 6 4 0 3 3 11 9 6 7 9 0 9 7 7 3 7 0 6 9 6 11 11 4 7
split_gain=1240.83 378.205 361.683 269.752 148.2 148.109 109.533 93.6844 87.8494 65.3544 62.2682 54.7888 53.6462 50.6891 39.1656 38.3198 37.0904 36.8961 32.1825 68.4665 40.9557 30.7565 28.1089 24.6668 22.9437 22.5902 20.356 20.2523 19.5007 19.2315 18.6499 18.5012 18.3055 34.767 20.1356 17.6515 17.6477 16.1704 15.888 16.4399 15.7992 15.7456 15.5807 14.5508 14.3345 14.144 13.9121 13.8443 13.7222 12.9906 12.7001 14.3775 11.9971 11.9593 11.8429 11.1356 10.9386 10.9258 10.8829 10.782 10.9294 10.6171
threshold=1.7047640359231833 0 1 2.017357837972714 2 3 10.500000000000002 4 1.3179033682028891 10.500000000000002 2.1066023847070836 5 6 1.5053288997519469 7 12.500000000000002 8 9 10.500000000000002 10 11 12 13 208.50000000000003 2.0731851884255019 12.500000000000002 34.500000000000007 1.0000000180025095e-35 1.9041371589535168 2.2264743304195709 2.0402482021633248 16.500000000000004 2.5000000000000004 1075.5000000000002 540.50000000000011 1.5000000000000002 14 2.3924084079696573 202.50000000000003 15 1.3967155620934164 16 17 21.500000000000004 6.5000000000000009 410.50000000000006 1.0000000180025095e-35 4.5000000000000009 1.4370869605466039 1.5000000000000002 5.5000000000000009 1.5000000000000002 18 4.5000000000000009 1.8169721833235888 259.50000000000006 10.500000000000002 440.50000000000006 12.500000000000002 10.500000000000002 19 4.5000000000000009
decision_type=2 9 9 2 9 9 2 9 2 2 2 9 9 2 9 2 9 9 2 9 9 9 9 2 2 2 2 2 2 2 2 2 2 2 2 2 9 2 2 9 2 9 9 2 2 2 2 2 2 2 2 2 9 2 2 2 2 2 2 2 9 2
left_child=2 22 8 6 21 18 7 36 -1 13 31 -11 -8 15 32 41 -15 25 19 30 -20 -4 45 42 -21 26 -9 -17 -27 47 -5 50 33 -10 -34 -19 44 -12 -18 -40 52 -6 61 -32 55 54 -23 57 -42 -29 51 -7 -13 -37 -2 -3 -33 -24 -49 -48 -61 -14
right_child=1 3 4 5 9 10 12 17 14 11 37 40 23 16 -16 27 38 35 20 24 -22 46 29 -25 -26 28 -28 49 -30 -31 43 56 34 -35 -36 53 -38 -39 39 -41 48 -43 -44 -45 -46 -47 59 58 -50 -51 -52 -53 -54 -55 -56 -57 -58 -59 -60 60 -62 -63
leaf_value=-0.036523448148583985 -0.03720976336591876 0.011314402480906578 0.038118694301848305 0.050315676110337965 0.00074331110993400848 -0.0086799402990436602 0.060008411021493381 -0.022076687830707521 -0.03024298946157097 0.019362029939144855 0.028361992408484228 -0.0070821384577173692 0.0057501622600736992 0.0063575086207967261 -0.037238876961339262 -0.025129430771721518 -0.012501510869143518 -0.015044114800072273 0.071248004456572242 0.023751413599654332 0.024762276333440095 -0.0096019057393120673 -0.03365908424801077 0.031473890560455624 0.046881520515945747 0.0049679362980695422 0.005446308112666021 0.0034754441090021349 0.031949932106686764 0.045012298657097861 0.01635455111376475 0.012005312729948203 -0.011737753204423929 -0.033260957579482345 0.0023914632696798058 0.0026765278162842188 0.015254505995474744 0.051925242315609944 0.0032552806803211598 -0.012013670884426687 0.048876145377978686 -0.030220180059988045 0.022035565660163993 -0.012113982649422251 0.069920785901099444 0.0062541673807986033 -0.00016582171218935127 -0.017102155114645134 -0.0072969837226346092 -0.011889696757672347 -0.023645508042161818 0.0098792486446234399 -0.030023199607282881 -0.0075929292085534011 -0.024777200852175593 0.035685612525288013 0.033801828853092152 -0.0028485955413698749 -0.0055737133777921562 0.0077168079173006061 0.018948250890262433 -0.02456587250541431
leaf_weight=1632 121 164 222 138 105 370 1026 368 785 779 1651 137 320 525 837 399 2569 1121 560 182 377 168 354 355 1900 1413 1049 215 813 101 697 348 927 90 46 1642 1261 301 537 645 53 1991 500 58 115 42 261 584 931 2304 116 640 195 908 430 84 134 90 642 281 409 129
leaf_count=1632 121 164 222 138 105 370 1026 368 785 779 1651 137 320 525 837 399 2569 1121 560 182 377 168 354 355 1900 1413 1049 215 813 101 697 348 927 90 46 1642 1261 301 537 645 53 1991 500 58 115 42 261 584 931 2304 116 640 195 908 430 84 134 90 642 281 409 129
internal_value=-0.000318505 0.00778525 -0.0103532 0.01016 -0.00609296 0.0175321 0.00528044 0.00276348 -0.0228449 -0.00794647 0.010056 2.38663e-05 0.0149356 -0.00975242 -0.0173371 -0.0131631 -0.00575304 0.000341344 0.0242478 0.0217647 0.0323906 0.00958549 -0.0110362 0.00799087 0.0267208 0.0039009 -0.00102329 -0.00945853 0.00705301 -0.00777653 0.00980066 0.00279851 -0.0130248 -0.0183429 -0.00837616 -0.00319207 0.0135863 0.0160861 -0.00748471 -0.00270728 -0.00618401 -0.0183206 0.00384615 0.00682119 0.0234584 -0.0204809 0.00606732 -0.0091018 -0.00304878 -0.00780071 -0.00071048 0.00108911 -0.0156627 -0.000901961 -0.0229583 0.0173387 0.0109959 -0.0166667 -0.00636215 0.00846477 0.0117391 -0.00294118
internal_weight=38147 21104 17043 18740 12726 7472 11268 8938 4317 11385 3560 2095 2330 9290 2685 5014 4276 7314 3912 2975 937 1341 2364 1304 2082 3643 1417 2918 2226 1771 893 1608 1848 875 973 3671 1624 1952 3751 1182 1316 2096 949 755 363 593 1119 1670 984 2519 1126 1010 332 2550 551 248 482 444 1226 951 690 449
internal_count=38147 21104 17043 18740 12726 7472 11268 8938 4317 11385 3560 2095 2330 9290 2685 5014 4276 7314 3912 2975 937 1341 2364 1304 2082 3643 1417 2918 2226 1771 893 1608 1848 875 973 3671 1624 1952 3751 1182 1316 2096 949 755 363 593 1119 1670 984 2519 1126 1010 332 2550 551 248 482 444 1226 951 690 449
cat_boundaries=0 7 13 20 27 34 40 43 48 51 53 55 57 62 68 75 81 83 85 87 94
cat_threshold=2416009232 2228256 822083588 1820336658 4195329 41944320 16 805396484 18874656 1 1813135890 6816769 36700164 6440 349703168 209715200 0 545284640 32784 36 528384 1024 134218240 4128 16386 2147762320 128 656424 5245952 2281832960 64 1074003968 537133076 164 0 16 512 104 0 268435712 10616834 1073743891 2 81920 32 0 1074921490 4194304 85473312 8388608 8 2234023976 2150645761 131072 8921088 2228224 16 4128 273156096 0 0 8404992 81920 2097152 16777216 738198018 4195329 33554432 32 3072 134217728 0 1073741824 536870932 4 131088 0 516 4128 0 65536 270336 8929280 41472 536870920 0 136314880 0 8388608 134217728 0 8192 0 36
is_linear=0
shrinkage=0.05


Tree=5
num_leaves=63
num_cat=44
split_feature=0 4 4 1 4 9 1 1 3 1 4 1 0 3 1 1 2 1 1 9 1 4 9 9 9 1 6 0 3 2 3 2 3 1 1 1 1 3 9 4 1 6 2 7 6 3 7 7 3 4 1 3 5 2 9 2 1 4 9 4 2 1
split_gain=1139.76 349.958 332.363 276.478 154.607 174.399 143.522 141.931 123.282 120.916 94.7942 70.3894 70.0319 60.6677 59.8466 57.897 56.5926 55.0918 51.831 48.3489 40.24 38.8315 33.3424 31.7097 31.0088 30.4364 27.768 26.1286 26.0252 25.9835 28.5689 25.5764 25.5606 23.4056 22.1308 21.9832 21.4303 21.3044 19.5474 19.1458 19.0255 19.0112 18.0173 17.4631 20.2399 17.403 16.7882 21.4035 16.5775 15.1867 14.519 16.7165 13.6875 14.1651 13.576 19.3087 13.2322 13.1858 14.9211 13.1047 16.03 13.9719
threshold=1.7047640359231833 0 1 2 3 10.500000000000002 4 5 6 7 8 9 2.1584509050039915 10 11 12 13 14 15 6.5000000000000009 16 17 1.5000000000000002 6.5000000000000009 7.5000000000000009 18 186.50000000000003 2.0748986296189464 19 20 21 22 23 24 25 26 27 28 4.5000000000000009 29 30 426.50000000000006 31 2.5000000000000004 420.50000000000006 32 1.5000000000000002 5.5000000000000009 33 34 35 36 2.5000000000000004 37 10.500000000000002 38 39 40 6.5000000000000009 41 42 43
decision_type=2 9 9 9 9 2 9 9 9 9 9 9 2 9 9 9 9 9 9 2 9 9 2 2 2 9 2 2 9 9 9 9 9 9 9 9 9 9 2 9 9 2 9 2 2 9 2 2 9 9 9 9 2 9 2 9 9 9 2 9 9 9
left_child=2 11 7 12 18 9 13 -1 16 28 31 41 24 -4 27 -10 -7 37 -5 22 -21 25 36 -16 35 43 -17 -11 -6 32 -31 -8 -15 -24 -20 48 -19 -12 -13 -22 -14 59 -40 -9 -45 -36 56 -48 -3 -26 -39 -52 53 -27 55 -51 -34 -44 -59 61 -61 -2
right_child=1 3 6 4 5 8 10 21 15 14 17 38 40 29 23 26 -18 19 34 20 39 -23 33 -25 49 52 -28 -29 -30 30 -32 -33 46 -35 45 -37 -38 50 42 -41 -42 -43 57 44 -46 -47 47 -49 -50 54 51 -53 -54 -55 -56 -57 -58 58 -60 60 -62 -63
leaf_value=-0.035019050119910154 -0.018354463831799585 -0.012525447724646623 0.0057425540276346727 0.053754026361351848 0.034343773513375905 0.068363051832171159 -0.0026901546987729342 -0.034078832543719094 0.037677045384596347 -0.022252985946751399 0.016633878494743255 -0.017745499795776377 0.058479432725148044 -0.027467656977715905 -0.0041815199411698867 -0.003302858257880137 0.044844796983787787 0.032747824135938644 -0.0021441175477339481 0.019611493160143035 -0.030460707723083204 -0.034058063034609433 -0.024972875296592707 0.0097034935964364528 0.0044722406300610083 0.011838857435555183 0.023043995647453231 0.01517029089214933 0.014557082258329957 0.0028229434762189589 -0.033607046723524568 0.033789678171830255 0.00090060373430896903 -0.016268819308812722 0.01457285216601565 0.031650733990124136 -0.0057276464051837063 0.020451246554580985 -0.011440241936742146 -0.0066336777445119739 0.037467239429302399 -0.015378007526144899 0.032997598719323985 -0.016003215665757665 0.0022718901061958177 0.03615939177290723 -0.0049862821176368758 -0.018398548560645902 0.020912535415296085 0.0065104083937173153 -0.020942547686393143 0.0007346151095505405 0.020829807857261268 -0.013179912324960814 0.066812039484259331 0.046408716842817027 -0.020117335091569002 -0.020220941581027954 0.0087369701197428599 0.0056759699847679203 -0.029286964677063279 -0.040523716590931645
leaf_weight=1994 119 108 395 667 504 711 216 452 593 1394 454 297 565 347 3140 930 461 112 213 542 222 579 724 2373 111 120 449 215 2500 112 1313 637 102 1409 415 362 252 224 445 2168 936 219 278 517 42 560 1317 261 657 140 201 1120 80 570 405 314 561 76 161 104 372 310
leaf_count=1994 119 108 395 667 504 711 216 452 593 1394 454 297 565 347 3140 930 461 112 213 542 222 579 724 2373 111 120 449 215 2500 112 1313 637 102 1409 415 362 252 224 445 2168 936 219 278 517 42 560 1317 261 657 140 201 1120 80 570 405 314 561 76 161 104 372 310
internal_value=-0.000336855 0.00742987 -0.00995423 0.00972348 0.00674926 0.0048494 -0.00584692 -0.0218607 0.0151399 0.0016591 -0.00195996 -0.0106023 0.0221729 -0.0131281 -0.00189288 0.0073663 0.0279188 -0.0037779 0.0202413 -0.00638904 -0.00204638 -0.0134177 -0.0115138 0.000588448 0.0163329 -0.00963149 0.00169186 -0.0103459 0.0100531 -0.0149764 -0.0205226 0.0137312 -0.0118553 -0.0139006 0.0136895 0.0106921 0.00247253 0.0033101 -0.00240726 -0.00483333 0.0304797 -0.0196649 0.00104167 -0.0153281 -0.00957066 0.0169036 -0.00979565 -0.00703422 0.0056129 0.0228866 0.000482315 -0.0015402 -0.00205128 -0.00434783 0.0250288 0.0193833 -0.0165158 0.00733333 -0.001417 -0.0230387 -0.0160494 -0.0297267
internal_weight=38147 21104 17043 18723 15125 13270 12689 4354 3144 10126 8281 2381 3598 4408 7122 1972 1172 7428 1855 5429 2932 2360 2497 5513 2097 1781 1379 1609 3004 4013 1425 853 2588 2133 1188 1127 364 1999 1257 2390 1501 1124 960 1011 559 975 2241 1578 765 970 1545 1321 770 690 859 454 663 515 237 905 476 429
internal_count=38147 21104 17043 18723 15125 13270 12689 4354 3144 10126 8281 2381 3598 4408 7122 1972 1172 7428 1855 5429 2932 2360 2497 5513 2097 1781 1379 1609 3004 4013 1425 853 2588 2133 1188 1127 364 1999 1257 2390 1501 1124 960 1011 559 975 2241 1578 765 970 1545 1321 770 690 859 454 663 515 237 905 476 429
cat_boundaries=0 6 12 18 25 31 37 39 45 52 58 61 67 73 75 81 87 93 98 104 106 108 111 113 115 121 127 133 139 141 148 154 156 159 162 168 174 176 178 180 186 192 198 200 206
cat_threshold=2424397844 2228256 822083588 1820336658 4195333 41944064 805396484 18874656 16385 3960621586 6816769 35651588 1753416192 134221824 424939552 564662376 20 2195460 17040424 527360 134218240 0 1073758208 2684354580 160 79953921 545390624 2147484184 622854144 2717925972 69259400 8519681 536870912 2290353152 538968066 201326608 68685824 2228224 1073741827 16785408 120086592 1082794240 33685650 46662665 68421632 6440 73018368 134218244 0 545275936 32784 32 1108919440 78663697 90112 2281834496 266273 33816578 2147745828 1073774616 8 540837 2155873056 67190984 262144 537143808 4849920 1056848 2654272 540676 168034304 67112993 262144 2623620 25208068 33558028 3225469184 71500865 2189558034 6144 8520960 41121 16388 549376 264193 8388618 43524096 16640 16777216 134217984 69697 16777216 2048 81920 32 16384 1140981778 4194304 67108864 2181039232 274727456 67108929 4194564 128 2166620448 1064960 269484320 6308896 524288 8921090 2 672145408 2361472 1572993 143130624 268501248 33555584 402653184 4097 0 526336 1048576 34078768 8388616 302006272 524288 4096 134218240 134217728 134479872 553648136 0 65540 0 33554560 271581184 0 1 1048576 17334272 3758620672 131072 8 536870912 192 64 603979776 1 8389120 4096 1310720 4096 4 65540 9052689 16974088 4 0 10 8388608 536870913 8 0 0 0 0 8192 268435456 3072 2147500032 67174400 2147483648 6144 131072 2359296 32778 537985024 786440 131584 1049600 67371008 0 512 0 33554432 32768 8396800 0 536870912 1140850688 0 8388608 16384 2097152 536870912 201326594 1024 41943040 3221291520 32772 0 0 0 2147485696 0 33554434
is_linear=0
shrinkage=0.05


Tree=6
num_leaves=63
num_cat=42
split_feature=3 1 1 1 9 3 3 3 1 3 1 1 9 1 3 3 11 1 1 1 1 1 1 1 3 1 9 3 1 3 1 3 1 1 1 2 7 7 9 1 11 3 3 11 3 6 6 6 1 3 9 2 1 2 11 6 7 7 2 6 7 6
split_gain=717.581 468.365 290.632 251.795 160.497 167.987 121.873 115.471 112.342 111.764 92.4046 68.3681 67.0008 57.3941 55.661 52.3971 47.4498 44.5183 43.9248 42.106 37.4132 36.7622 34.3569 30.6259 27.1438 26.8659 26.7428 24.8779 23.5668 23.4235 22.9112 22.5476 24.6093 21.7921 21.1116 20.3644 18.9542 17.8268 23.3844 17.2825 15.9858 15.893 15.7685 15.7485 15.2483 14.7605 14.5422 13.2041 13.0774 12.7787 13.4067 12.6071 12.5394 11.9578 11.6043 11.3735 11.1216 14.0203 11.1197 11.0165 10.8106 10.6428
threshold=0 1 2 3 10.500000000000002 4 5 6 7 8 9 10 10.500000000000002 11 12 13 14.500000000000002 14 15 16 17 18 19 20 21 22 6.5000000000000009 23 24 25 26 27 28 29 30 31 5.5000000000000009 2.5000000000000004 6.5000000000000009 32 10.500000000000002 33 34 14.500000000000002 35 215.50000000000003 863.50000000000011 271.50000000000006 36 37 3.5000000000000004 38 39 40 12.500000000000002 75.500000000000014 1.5000000000000002 5.5000000000000009 41 215.50000000000003 4.5000000000000009 327.50000000000006
decision_type=9 9 9 9 2 9 9 9 9 9 9 9 2 9 9 9 2 9 9 9 9 9 9 9 9 9 2 9 9 9 9 9 9 9 9 9 2 2 2 9 2 9 9 2 9 2 2 2 9 9 2 9 9 9 2 2 2 2 9 2 2 2
left_child=2 7 25 6 5 13 23 12 24 19 31 41 15 -5 20 21 18 -16 40 -6 29 55 44 -3 -4 -1 -24 35 -17 -10 60 39 -33 -18 -13 45 58 54 -39 -7 -9 -11 -20 48 -12 -8 53 -47 -22 -27 -51 -21 -45 -19 -31 -2 -37 -58 -15 -36 -29 -32
right_child=1 3 8 4 9 10 27 16 14 11 22 34 -14 36 17 28 33 46 42 51 43 -23 26 -25 -26 49 -28 30 -30 37 61 32 -34 -35 59 56 -38 38 -40 -41 -42 -43 -44 52 -46 47 -48 -49 -50 50 -52 -53 -54 -55 -56 -57 57 -59 -60 -61 -62 -63
leaf_value=-0.033143175880401179 -0.018651506561299758 0.019283166156803117 0.028889067755091875 -0.0021221770956205035 0.062962412804749707 0.011473695022152886 -0.035224516722291689 -0.0195313863743794 0.020488255882598089 0.016177878498577693 -0.0054867536820172981 0.028670052000743351 0.065042710462639028 0.037209901870246288 -0.010342442125723795 0.060708711783165538 0.043403589570271274 -0.024278926404473239 -0.001718707645773121 0.0096375706674882503 0.0074312974166445504 0.035206117128090554 -0.0070500530437384249 -0.0013230599562035262 -0.010320785751234253 -0.037297327546164646 0.0027044081062455928 0.0021363525200244096 0.031729170036639331 -0.029741126862956969 -0.022946276892068098 0.002754393474050354 0.019341741820435177 0.017880109143840729 0.011189199164578523 -0.025389626919545178 0.0032764643137171315 -0.022188772181449625 0.0019512886695810972 -0.0026157326586352392 0.0052077823084731301 -0.014942672779988021 0.028018454449909559 -0.0065383571605893758 -0.018020265536066227 0.010853206255862514 -0.0002690243905343448 -0.022988146816531177 -0.012006779414110776 -0.033805355166673837 -0.020410700221067953 0.049266510843152436 0.018474066169600678 -0.033809198054562152 -0.021128538573620095 0.011896886817699293 -0.0098805174104237836 -0.018114686138869709 0.026872968367018402 0.022066088090557393 -0.010204741286134335 0.0022343055799784075
leaf_weight=1756 138 440 684 522 690 595 602 317 122 106 1159 503 601 391 773 445 555 482 156 222 232 695 3221 462 165 134 2453 477 617 242 618 860 1107 619 1017 556 150 281 297 1370 161 623 713 200 1926 65 97 162 680 329 1040 440 444 818 279 233 1099 221 1111 413 171 90
leaf_count=1756 138 440 684 522 690 595 602 317 122 106 1159 503 601 391 773 445 555 482 156 222 232 695 3221 462 165 134 2453 477 617 242 618 860 1107 619 1017 556 150 281 297 1370 161 623 713 200 1926 65 97 162 680 329 1040 440 444 818 279 233 1099 221 1111 413 171 90
internal_value=-0.000297533 0.00352897 -0.0125814 0.00054922 0.00318439 0.000790447 -0.00946109 0.0170342 -0.00583879 0.0120578 -0.00141327 0.00602545 0.0241877 0.0135989 -0.00872504 0.0201128 0.0092256 -0.0147248 0.0028582 0.0237151 -0.00400072 0.0118959 -0.00427073 0.00712719 0.0108847 -0.0245182 -0.00195285 -0.013154 0.0279851 -0.0105199 -0.00746706 0.00494673 0.00872534 0.0166099 0.0109367 -0.0159669 0.0181709 -0.0128494 -0.00692042 0.00113924 -0.00922131 -0.00696888 0.00949943 0.00114943 -0.00851373 -0.0227056 -0.0200782 -0.0121145 -0.00307018 -0.0191342 -0.0173677 0.0141369 0.00714286 -0.0216154 -0.0196737 -0.000918635 -0.0128844 -0.0104545 0.0199734 0.00770833 -0.000607903 -0.013649
internal_weight=38147 29092 9055 23842 18879 14865 4963 5250 5796 4014 12691 2662 2729 2174 4947 2128 2521 2170 1347 1352 2777 1066 8759 902 849 3259 5674 4061 1062 1221 1356 3932 1967 1174 1933 2705 1652 1099 578 1965 478 729 869 1556 3085 829 1397 227 912 1503 1369 662 644 1300 521 371 1876 1320 1502 1430 648 708
internal_count=38147 29092 9055 23842 18879 14865 4963 5250 5796 4014 12691 2662 2729 2174 4947 2128 2521 2170 1347 1352 2777 1066 8759 902 849 3259 5674 4061 1062 1221 1356 3932 1967 1174 1933 2705 1652 1099 578 1965 478 729 869 1556 3085 829 1397 227 912 1503 1369 662 644 1300 521 371 1876 1320 1502 1430 648 708
cat_boundaries=0 2 8 14 20 23 26 29 35 38 44 50 56 58 59 65 71 77 83 89 95 101 103 109 111 117 118 124 127 133 139 145 147 153 155 157 160 166 168 170 176 178 180
cat_threshold=517021395 184582212 1744872002 136892420 1091055616 17563850 65544 327684 9110563 536887296 2294566920 538968066 134218032 68685825 75776001 537010336 2147483672 603979776 3760212816 71831688 1090519076 1077248 8 2164523044 1082146832 8 2166751520 24592 11 152043520 1091051600 84410624 436732072 44565570 4194304 393220 1074792465 2 50400256 84934992 73531392 2189560064 12588033 9445457 50530560 1174405648 269484032 10486788 138936455 8391936 34603028 33555729 142805120 404766720 33 66 311433858 33587200 19005440 8196 182486017 1179648 16794625 268435464 10831874 0 134266880 8192 64 0 4 20447360 8389185 147972 33558545 524320 16778242 57472 2382398080 271715840 67377153 541327369 35913728 578 2097156 0 17039368 0 327684 4718988 41946625 33833473 1073741825 168042498 2279424 8388609 0 0 603979776 528 71827456 146870274 134250496 131073 536887296 2290352128 536870914 16 67112960 1076002816 2685405185 8704 4096 8192 0 0 65540 1048704 278528 8192 8 67108864 1073744208 67108992 163848 1610614819 3 66560 1048832 6422528 33687808 12582912 1048577 536871426 134217732 17309696 786624 0 262144 1053712 0 134547457 4113 67112992 8192 67141634 526344 66560 17826048 4194304 42076160 8388608 1 0 2155888640 1073741824 9 2149875712 2156396547 2 16 0 65536 2147483728 67174400 65794 128 4 4127490048 18432 16 32 65568 2164392000 67174400 65536 2248483104 3424394 3321929856 19038208
is_linear=0
shrinkage=0.05


Tree=7
num_leaves=63
num_cat=48
split_feature=3 1 4 1 1 9 4 4 1 1 1 9 1 4 4 4 1 1 11 1 1 1 1 4 4 3 1 4 1 1 7 7 1 4 1 3 3 1 4 1 9 9 11 2 9 1 9 3 1 9 2 3 2 6 1 1 7 3 2 4 9 4
split_gain=676.711 429.8 301.253 267.859 239.558 169.052 109.528 107.641 102.085 82.6816 78.8426 67.8858 66.917 56.7401 56.113 53.2206 52.2234 48.4223 45.3702 43.9797 42.4059 33.7242 33.5314 28.3294 28.3276 24.9866 23.9912 23.9664 33.2164 23.8403 23.3266 23.2415 25.6256 23.0526 20.4031 19.813 19.0717 21.9824 18.8145 18.2781 17.9912 16.7367 16.1621 15.7944 15.4072 18.5855 31.0535 15.207 15.0074 14.5804 14.4976 13.7321 16.9404 15.5769 13.5747 13.3047 13.1914 13.1182 18.425 12.8916 12.6277 11.5598
threshold=0 1 2 3 4 10.500000000000002 5 6 7 8 9 10.500000000000002 10 11 12 13 14 15 12.500000000000002 16 17 18 19 20 21 22 23 24 25 26 4.5000000000000009 2.5000000000000004 27 28 29 30 31 32 33 34 1.5000000000000002 7.5000000000000009 12.500000000000002 35 10.500000000000002 36 1.5000000000000002 37 38 5.5000000000000009 39 40 41 622.50000000000011 42 43 3.5000000000000004 44 45 46 10.500000000000002 47
decision_type=9 9 9 9 9 2 9 9 9 9 9 2 9 9 9 9 9 9 2 9 9 9 9 9 9 9 9 9 9 9 2 2 9 9 9 9 9 9 9 9 2 2 2 9 2 9 2 9 9 2 9 9 9 2 9 9 2 9 9 9 2 9
left_child=3 7 10 29 14 9 20 11 25 33 35 13 61 21 44 17 51 24 19 -9 -7 -2 42 -24 -10 41 -15 28 -12 47 -14 -26 -33 55 -20 -3 -31 60 -21 -16 -19 48 -11 59 45 -4 -47 49 -5 -1 -22 -17 -53 -54 -35 -6 -39 -42 -59 -18 -38 -8
right_child=1 2 4 8 5 6 12 18 15 22 27 -13 30 26 39 16 43 40 34 38 50 -23 23 -25 31 -27 -28 -29 -30 36 -32 32 -34 54 -36 -37 37 56 -40 -41 57 -43 -44 -45 -46 46 -48 -49 -50 -51 -52 52 53 -55 -56 -57 -58 58 -60 -61 -62 -63
leaf_value=-0.034339006928639511 0.0017719832930876756 0.024804783186586646 -0.016365344366484302 -0.0071448600803221129 -0.0050993687780516994 0.061760248738934535 0.011160005857055172 -0.016288531215124569 0.01821564623086044 -0.019780660082237222 0.0037492833277926966 0.062374962666192718 0.018798916235395691 0.058040834196479187 0.00032432446334024759 0.0054473791940749198 -0.021499679654781369 0.034708891560615698 0.043292250439642549 -0.015583840029222563 0.0057199699952484861 0.033019440776668123 0.0062350815758488503 -0.0057588175794482388 -0.027798317014579167 -0.008173367515086816 0.024640314238998297 0.037306554026121097 0.034943399093406713 -0.033730110668342882 0.0010009768990495106 0.0020201344438504523 -0.014137699868673182 0.01115782317067004 0.020895159364057909 -0.0057407280058598079 -0.013209825740100168 -0.03225931069950435 0.026798063339339574 -0.010856930220875438 -0.026276587562855808 0.038649208985303635 -0.0070960126082477704 -0.01948462042649108 -0.0076469908692924585 0.0089061141302433141 -0.032236666830371484 -0.017092198064463205 0.026614643921815652 -0.021805378491352702 0.047803325858820037 0.011266444156889899 -0.035219886236449678 0.017158840449002382 -0.00096715817320430222 0.019329072206264203 -0.024836343546722296 -0.005421105028316886 0.016729945304220208 -0.036888574260558825 -0.015252723425640513 -0.018430640647294039
leaf_weight=294 447 113 1176 105 132 628 126 378 124 1187 363 591 1225 525 856 353 203 90 462 115 220 570 1258 5401 483 267 401 999 915 716 418 216 373 690 976 541 347 768 582 1054 104 314 1484 800 381 89 979 495 234 332 371 120 258 42 1498 1246 293 674 485 497 68 695
leaf_count=294 447 113 1176 105 132 628 126 378 124 1187 363 591 1225 525 856 353 203 90 462 115 220 570 1258 5401 483 267 401 999 915 716 418 216 373 690 976 541 347 768 582 1054 104 314 1484 800 381 89 979 495 234 332 371 120 258 42 1498 1246 293 674 485 497 68 695
internal_value=-0.000365691 0.00335029 0.000563292 -0.0122945 -0.00152433 0.00126289 0.0107114 0.0166008 -0.00573713 -0.00143455 0.0155559 0.0238994 0.0045675 0.0194802 -0.0116942 -0.00865066 -0.0142138 -0.00365377 0.00917558 0.00144186 0.0229048 0.0109542 -0.00390792 -0.0020018 -0.0109453 0.00946237 0.0284188 0.0199606 0.0150621 -0.0236082 0.0103751 -0.013586 -0.00704584 0.00503356 0.0150209 0.000150602 -0.0268392 -0.0230148 0.00884017 -0.00510417 0.00282465 0.0147059 -0.00863484 -0.0196689 -0.0164516 -0.0180927 -0.0230056 -0.0171088 0.00722714 -0.0224843 0.0127288 -0.00351213 -0.00953488 -0.0158065 0.00181984 0.0100865 -0.0270308 0.00130641 0.0028657 -0.025493 -0.0123529 -0.00703971
internal_weight=38147 29092 24045 9055 21114 16579 3683 5047 5742 12896 2931 2534 2464 1943 4535 4822 2273 2549 2513 1075 1219 1017 9330 6659 1196 920 926 2277 1278 3313 1643 1072 589 3566 1438 654 2192 1476 697 1910 1353 653 2671 1500 2625 2244 1068 1121 339 626 591 773 420 300 2188 1378 1061 1263 1159 700 415 821
internal_count=38147 29092 24045 9055 21114 16579 3683 5047 5742 12896 2931 2534 2464 1943 4535 4822 2273 2549 2513 1075 1219 1017 9330 6659 1196 920 926 2277 1278 3313 1643 1072 589 3566 1438 654 2192 1476 697 1910 1353 653 2671 1500 2625 2244 1068 1121 339 626 591 773 420 300 2188 1378 1061 1263 1159 700 415 821
cat_boundaries=0 2 8 15 21 27 34 41 47 53 59 65 69 75 81 87 93 99 105 111 117 124 130 132 138 145 151 157 163 169 175 177 178 184 190 196 198 204 206 210 212 213 215 221 227 228 230 236 240
cat_threshold=517021395 184582212 1778426434 134795268 1091055616 17563786 65544 327684 17047080 274242564 134348928 0 1619017728 557072 128 9114659 536887296 2294567432 538968066 134218032 68685825 75759617 537011360 2147483672 603979776 3758375760 73945224 0 16 0 96 64 268435460 33 655360 8389632 134218240 4192 16416 16 161 152043524 1093148736 84410368 436748424 44041282 4194624 18942976 87032128 4325632 2189558080 13112449 8388689 1327108 2717909296 8390792 203575300 138936672 4196480 16990592 1140851216 273679360 2157971524 138936455 8391936 0 8388608 0 4192 131088 2097424 2147483648 4266 66 67108868 81924 139272 872431616 12716032 4751364 2098432 8192 167805969 1180928 17040401 268468744 10829824 67150016 2181072544 269616224 67375169 809500685 35913728 33554432 134266880 8192 0 0 4 20447376 8389184 147460 33558545 67108896 16777218 134218304 4 0 17039368 0 327684 4735240 41945601 100942528 1073741825 33564672 35328 2148007952 0 2147484160 128 262178 2751725568 36 81920 139264 0 0 0 1024 12648450 134217728 1073783296 4096 8192 0 65544 65540 3080 5279744 131200 0 8388608 32784 128 524305 10486784 402784256 570425345 335548417 67633152 528418 0 4211208 0 256 1572865 8192 0 32 67113025 4194304 33554432 524304 16 512 128 32 344064 570425856 134217732 0 524416 0 262144 16777248 16 65731 8585216 0 0 2097152 134217744 67112960 0 2097152 0 0 8194 268435456 8388608 9216 24 67108864 1074004560 67129472 347177513 8585216 67371009 8352 2147483648 0 272 73928704 276824131 32772 150994944 2097152 0 167788544 3800301568 18442 268501696 268697600 4104 2162688 256 0 2189558080 8388608 1 2162688 256 0 33554432 0 1 269484160 1142489121 1123848 268435456 32 16777216 8192 0 8388608 524288 0 0 8
is_linear=0
shrinkage=0.05


Tree=8
num_leaves=63
num_cat=43
split_feature=0 1 3 3 9 1 3 1 1 3 3 1 1 2 1 0 1 1 3 9 3 3 1 9 1 2 3 1 1 11 0 11 1 3 11 1 7 9 3 0 1 7 9 7 3 3 1 3 2 11 3 9 1 9 9 1 3 2 1 3 3 3
split_gain=959.015 272.686 241.207 206.049 147.929 141.161 135.152 130.125 112.842 82.8542 75.4649 70.3543 65.6635 63.7062 61.2984 61.0731 55.3547 55.1981 47.241 36.9411 34.0294 33.1857 30.2404 29.0965 40.2057 26.7759 26.0136 24.1548 23.2561 22.841 21.2371 20.7205 20.3853 20.3224 19.7877 18.8803 18.8069 18.5773 17.8117 17.1088 16.7337 16.2077 16.0144 15.1355 14.6452 14.3821 14.2915 16.2953 13.609 13.5215 12.9995 12.3491 12.735 11.596 11.4193 11.2177 20.9451 11.0304 10.6701 10.91 10.588 10.5725
threshold=1.7047640359231833 0 1 2 10.500000000000002 3 4 5 6 7 8 9 10 11 12 2.1515970339358907 13 14 15 6.5000000000000009 16 17 18 9.5000000000000018 19 20 21 22 23 10.500000000000002 2.0746320719595537 19.500000000000004 24 25 21.500000000000004 26 1.5000000000000002 4.5000000000000009 27 2.0746320719595537 28 1.0000000180025095e-35 2.5000000000000004 1.0000000180025095e-35 29 30 31 32 33 13.500000000000002 34 8.5000000000000018 35 6.5000000000000009 9.5000000000000018 36 37 38 39 40 41 42
decision_type=2 9 9 9 2 9 9 9 9 9 9 9 9 9 9 2 9 9 9 2 9 9 9 2 9 9 9 9 9 2 2 2 9 9 2 9 2 2 9 2 9 2 2 2 9 9 9 9 9 2 9 2 9 2 2 9 9 9 9 9 9 9
left_child=2 15 7 14 5 18 13 55 21 16 38 30 -8 -6 50 22 34 29 39 -13 -9 -4 -2 27 -25 -14 -18 36 -17 54 -11 40 -22 -29 -7 53 -19 -16 -10 -5 -23 -40 -33 -44 -26 -24 47 -31 -43 -37 -3 52 -47 -20 -12 -1 -57 -34 -39 -60 -48 -42
right_child=1 3 8 4 6 9 12 20 10 11 17 19 25 -15 37 28 26 23 35 -21 32 31 45 24 44 -27 -28 33 -30 46 -32 42 57 -35 -36 49 -38 58 41 -41 61 48 43 -45 -46 51 60 -49 -50 -51 -52 -53 -54 -55 -56 56 -58 -59 59 -61 -62 -63
leaf_value=-0.033772127507622922 0.0052388951371243556 -0.0087680082540306566 0.02698188163634805 0.020378986417654146 0.058203661543934339 0.023862026037207343 0.038635556983108194 -0.035843920647515945 0.03092117140462667 -0.023039105776345548 -0.031571372372734836 -0.0055142745630203834 -0.0074148659398789235 0.026601165475770829 -0.016704690260267441 0.051530570052715864 -0.00660114550164137 -0.021796616815127456 -0.01019119466914158 0.010483877222737659 -0.022814574325962924 0.028807584678131326 0.00038175713257623258 0.023564430796812752 0.0055742987283627149 0.017744047178996782 0.013575349059622766 -0.0096962138253980212 0.032390591281953311 -0.00044556729114808569 0.0028002471725442736 0.033831504192208199 0.0034321865154255506 0.0059978642061264357 -0.0071085742529037599 0.012669304503385426 -0.011438723203949553 0.017500733534976543 -0.014433504081806587 0.050783017372605155 -0.011048195680513184 0.035529851748084366 -0.013605089353066391 -0.012257329639542503 -0.012816259908282779 0.016862438869016439 -0.0072296843937856075 -0.014175777154527598 0.0025202650306515198 0.025940657393633493 -0.027784701924669711 0.058238820548169125 0.041799989039058384 0.023630627596641765 -0.013842207787256429 -0.031967772417680694 -0.024932996377959499 -0.0087972848522257837 -0.019498045675140692 0.00092718301858866765 -0.021036696069586604 0.0032402838892405805
leaf_weight=562 480 173 520 358 834 1397 627 208 119 1231 800 2542 565 387 292 594 927 736 291 1819 1165 201 111 290 463 1192 657 1096 938 461 234 47 281 519 80 845 1713 259 76 532 277 104 70 209 848 299 169 902 340 1122 856 357 275 188 232 531 948 761 100 542 937 1458
leaf_count=562 480 173 520 358 834 1397 627 208 119 1231 800 2542 565 387 292 594 927 736 291 1819 1165 201 111 290 463 1192 657 1096 938 461 234 47 281 519 80 845 1713 259 76 532 277 104 70 209 848 299 169 902 340 1122 856 357 275 188 232 531 948 761 100 542 937 1458
internal_value=-0.000357826 0.00676649 -0.00917972 0.0044186 0.00642127 0.00380021 0.0153259 -0.019167 -0.00562436 0.000500169 -0.0081457 -0.00299863 0.00827068 0.0287977 -0.00981183 0.0205614 0.00714751 -0.00930689 0.0125523 0.000194464 -0.0111959 0.00325931 0.0135348 -0.00622907 -0.000530918 0.0032541 0.000627353 -0.00848917 0.0276762 -0.0142552 -0.0124407 0.000616197 -0.00926928 -0.00366154 0.0140888 0.00887622 -0.0116104 -0.00203658 0.00839753 0.0224444 0.00258264 0.00415094 -0.0110429 -0.0155914 -0.00427706 0.018251 -0.0116849 -0.00804807 0.00788288 0.0110521 -0.0187199 0.0203507 0.0160279 -0.000102249 -0.0205426 -0.0284983 -0.0254869 -0.00408745 0.00149834 -0.00199387 -0.0159498 0.000945559
internal_weight=38147 21104 17043 18050 15828 12223 3605 4456 12587 8887 9805 5826 2384 1221 2222 3054 3061 9166 3336 4361 2415 2782 1522 5665 1601 1757 1584 4064 1532 3501 1465 2262 2207 1615 1477 2446 2449 1193 639 890 1936 520 326 279 1311 1042 2469 1363 444 1967 1029 931 574 479 1032 2041 1479 1042 901 642 1106 1735
internal_count=38147 21104 17043 18050 15828 12223 3605 4456 12587 8887 9805 5826 2384 1221 2222 3054 3061 9166 3336 4361 2415 2782 1522 5665 1601 1757 1584 4064 1532 3501 1465 2262 2207 1615 1477 2446 2449 1193 639 890 1936 520 326 279 1311 1042 2469 1363 444 1967 1029 931 574 479 1032 2041 1479 1042 901 642 1106 1735
cat_boundaries=0 6 8 10 16 19 25 31 34 36 42 48 50 56 62 68 71 73 75 81 87 89 91 97 103 109 112 118 120 126 128 130 136 139 141 143 147 153 154 156 161 163 166 169
cat_threshold=679674368 0 1499205664 547885153 20 69828612 1551958211 50333764 475076811 134250564 1077977088 1295544324 140032 130 46203913 1067072 131076 1073741841 2 8454145 536871040 2290357760 538968066 201326608 68685824 528132 2151710976 73598209 2156003346 201332736 8520450 19177508 2155896864 8 2164260908 45080 2638063 8389376 2181120 67371016 554050048 4456704 1061968 557120 65536 184811528 67108896 270336 2621596 25208580 1074318512 75517953 90112 2282097668 266273 262146 2097386 4194385 10504196 2248412168 84672578 262162 12582912 536887328 2147486232 620756992 3795861588 69259396 2166882596 1073152 10 1 33554436 2149056548 3221759000 0 0 268697600 536870912 16 65540 131072 58720256 134217728 4129 0 2048 2223023217 525312 2392068 2155872256 335691777 58728576 142868608 2101281 768 526352 8389120 0 1314816 0 20 65540 131072 2181039104 274726952 67108928 4194564 32896 176128 136331265 8 40960 0 0 0 33619976 16448 16777248 16 2560 2147483648 65536 2147483650 6144 131584 131072 3364356097 262144 9 8388608 0 2147486208 83886080 1111490580 67112964 294912 1077428224 10 1081344 264192 67110978 32768 134218240 0 17305600 1 0 536870912 2281701376 536870914 0 524288 65729 537985312 4980744 16777216 138936320 0 50348032 1034 65 32772 794624 3221225472 2 2359296 1081346 8
is_linear=0
shrinkage=0.05


Tree=9
num_leaves=63
num_cat=40
split_feature=0 3 1 3 1 1 1 1 3 1 3 9 9 3 1 1 0 1 3 1 3 3 3 9 9 1 1 7 1 1 3 1 1 1 9 1 3 11 9 9 1 7 7 1 1 3 9 7 1 1 9 7 3 6 1 11 1 3 9 7 3 11
split_gain=887.311 290.103 210.129 165.648 144.651 141.719 141.263 113.085 87.9494 95.9968 69.7934 74.3733 49.2674 76.7643 72.4318 46.0139 44.1985 42.3344 40.4767 38.8488 38.5942 37.7324 32.6441 31.7229 30.4375 58.6045 37.8049 32.9201 28.6456 28.5375 27.3109 26.0697 24.0396 23.9966 23.2517 32.7144 22.9427 21.6738 20.9835 19.8315 22.0727 19.7367 19.5263 19.7771 18.9933 18.724 18.9978 18.4633 21.9957 17.6269 16.6958 16.4035 16.31 15.3693 15.2642 15.1587 15.0701 24.7297 14.8765 14.7132 14.6852 14.477
threshold=1.8110084708448586 0 1 2 3 4 5 6 7 8 9 9.5000000000000018 10.500000000000002 10 11 12 2.4982167260137702 13 14 15 16 17 18 6.5000000000000009 10.500000000000002 19 20 5.5000000000000009 21 22 23 24 25 26 10.500000000000002 27 28 9.5000000000000018 6.5000000000000009 10.500000000000002 29 2.5000000000000004 2.5000000000000004 30 31 32 6.5000000000000009 5.5000000000000009 33 34 4.5000000000000009 5.5000000000000009 35 415.50000000000006 36 6.5000000000000009 37 38 3.5000000000000004 5.5000000000000009 39 9.5000000000000018
decision_type=2 9 9 9 9 9 9 9 9 9 9 2 2 9 9 9 2 9 9 9 9 9 9 2 2 9 9 2 9 9 9 9 9 9 2 9 9 2 2 2 9 2 2 9 9 9 2 2 9 9 2 2 9 2 9 2 9 9 2 2 9 2
left_child=1 6 16 4 10 21 56 34 19 41 31 15 13 28 51 52 17 -2 -8 58 49 33 -21 -22 26 53 27 -11 -6 -15 -28 37 -20 -3 45 -36 -13 38 -4 40 -23 44 -34 -44 -10 46 -5 48 -43 -9 -33 -14 -12 -26 -27 -30 -1 -58 -7 -45 -25 -46
right_child=2 5 3 7 12 8 18 20 9 24 11 36 14 29 -16 -17 -18 -19 32 22 23 39 -24 60 25 54 30 -29 55 -31 -32 50 42 -35 35 -37 -38 -39 -40 -41 -42 47 43 59 61 -47 -48 -49 -50 -51 -52 -53 -54 -55 -56 -57 57 -59 -60 -61 -62 -63
leaf_value=-0.032083521132241784 0.0046900058141713385 -0.011026069543901285 -0.048502975041514976 -0.027315413066958227 0.002017314514142954 0.0005331819219185352 -0.034051724615140153 0.034078950996409611 -0.01818802475667889 -0.011711261465238355 0.0049422859788766267 0.04204108532179486 0.04491743397281716 0.02095443042582773 0.0035116318678593442 0.045746800964059857 0.054136430269819784 0.032292721402802753 0.0086529731907666 0.028010986522984949 -0.011187738506567036 0.028468509181607784 -0.0037610801272961458 -0.0046481259949103021 -0.012995036699627772 0.049951231304996291 0.0029218049649331283 -0.026339254600514207 0.013030878962990079 0.0028359482261748337 -0.0082866811216074972 -0.018557751632445958 -0.025345465071879503 0.012406623764941239 0.043429549198215525 -0.011204221826067963 0.060660055098797377 0.037578014439832323 0.02034248270004714 0.041939159255048514 0.0039653464673777509 -0.001614398487335489 0.0024290929869895564 -0.0053221909210866003 -0.035077217267039315 -0.011582872723545301 -0.012971873564656927 -0.018773291474184328 -0.015973492944597063 0.014548454326025695 0.016594591483294764 0.012774421304645135 0.025871802158681814 0.016922990380209647 0.015198279618043337 -0.013914460191132939 -0.030345795563921304 -0.023865150647745071 0.036399123996373829 -0.028923911844141864 0.021643030963512597 -0.024600014777027709
leaf_weight=562 370 383 58 459 1007 107 228 467 406 2675 466 223 643 1756 713 677 551 1553 219 161 663 344 867 239 775 222 1767 382 55 1165 2547 134 1097 347 100 387 552 419 83 253 540 632 237 825 242 931 324 427 778 1105 474 68 267 62 630 1041 578 1045 365 238 402 854
leaf_count=562 370 383 58 459 1007 107 228 467 406 2675 466 223 643 1756 713 677 551 1553 219 161 663 344 867 239 775 222 1767 382 55 1165 2547 134 1097 347 100 387 552 419 83 253 540 632 237 825 242 931 324 427 778 1105 474 68 267 62 630 1041 578 1045 365 238 402 854
internal_value=-0.000360448 -0.00732628 0.00798755 0.00572945 0.00952502 -0.00398073 -0.0177714 -0.00160212 -0.00571932 -0.00710372 0.0179453 0.0232574 0.00512543 0.00280653 0.0133427 0.0165248 0.0214573 0.0179667 -0.0103364 0.00569536 0.0049203 0.00892381 0.000192678 -0.00144597 -0.00442117 0.00162818 -0.00581332 -0.0100587 -0.00447231 0.0080348 -0.00277521 0.00789474 -0.008492 0 -0.0101085 -0.000513347 0.0358065 0.015614 -0.00106383 0.0146033 0.0111991 -0.0143476 -0.00995015 -0.00584615 -0.0186418 -0.0128938 -0.0186003 -0.0109145 -0.00815603 0.010177 0.000647249 0.0244799 0.00746972 -0.00773318 0.0107889 -0.0100362 -0.0273576 -0.0243417 0.0174274 -0.00871389 0.00647426 -0.0220615
internal_weight=38147 20795 17352 14878 9801 15766 5029 5077 13899 12399 3353 2185 6448 5024 1424 1410 2474 1923 2844 1500 2876 1867 1028 1304 9060 1689 7371 3057 2103 2921 4314 1168 2616 730 2201 487 775 560 141 1137 884 3339 2397 1300 1502 1714 783 1837 1410 1572 608 711 733 837 852 1096 2185 1623 472 1063 641 1096
internal_count=38147 20795 17352 14878 9801 15766 5029 5077 13899 12399 3353 2185 6448 5024 1424 1410 2474 1923 2844 1500 2876 1867 1028 1304 9060 1689 7371 3057 2103 2921 4314 1168 2616 730 2201 487 775 560 141 1137 884 3339 2397 1300 1502 1714 783 1837 1410 1572 608 711 733 837 852 1096 2185 1623 472 1063 641 1096
cat_boundaries=0 2 8 11 17 23 29 35 38 44 46 47 53 59 65 67 73 76 79 81 87 93 99 105 107 111 117 123 128 131 137 143 149 151 157 163 166 172 178 179 181
cat_threshold=1551958211 50333764 545456640 0 424947872 547885280 20 69844996 3240501548 2159042584 8 1241555136 136368128 34210304 2198077451 4263944 16777218 35700224 1073741840 67248128 2416708630 295899136 196864 8470529 536871040 2290374144 538968066 201326608 68685824 1107865763 75551248 131080 3288598528 268321 37748800 2164523044 1074279448 2 13107200 538968096 2147485880 654311424 3762307148 69779596 8200 2149580808 2228480 1572864 524865 4 0 268435488 33816577 1241514176 2097152 131072 50593802 0 16777218 0 0 0 0 16 65540 1 4 268435456 33554688 140526632 536870976 603979776 75513984 142639232 1610612736 3 3407872 136331273 1 16777248 16 67436677 8397120 311493632 2228288 134218001 8392704 67125377 41968768 170148416 69792 33858320 16781314 16777234 77070864 0 134220800 335545377 33816640 17301512 89653828 2097416 67175424 67118083 34873745 1061120 2695921664 1241513984 136318976 131072 16777216 4 1090519040 2304 2147618832 64 260 3584 1073741824 8192 22 16781312 256 8192 8421888 0 262144 32 2097152 16384 8 2097152 1073741824 8192 264194 69632 65792 0 0 8288 8388609 4096 32768 524288 0 2147483784 0 4194368 557060 478216385 1073741828 0 32 2080 117440512 1610612804 67108864 134217728 40370176 2113536 33554440 79691776 18087938 2228224 0 8 0 33555456 134234688 4129 0 2048 0 536870912 2281701376 536870914 0 524288 65729 268439553 134219776
is_linear=0
shrinkage=0.05


Tree=10
num_leaves=63
num_cat=43
split_feature=0 4 4 0 1 1 1 4 1 3 1 1 1 4 4 1 1 1 4 1 10 1 4 3 1 1 1 4 11 4 4 4 1 3 1 1 1 6 11 6 3 0 1 3 10 1 6 1 6 6 4 11 1 10 3 0 0 6 2 11 6 4
split_gain=835.378 275.275 231.089 223.821 115.867 109.981 109.264 102.504 88.9743 74.9226 73.1423 65.006 59.6855 54.8976 46.8874 54.6937 53.7998 43.5765 37.4742 36.0872 34.5831 31.9921 31.0739 29.9024 27.366 26.195 23.4279 22.3804 21.0476 20.2261 18.5023 18.4739 17.8057 16.4219 30.3834 15.2767 15.1276 15.0859 14.885 14.2632 14.0018 13.8254 13.5744 13.3256 14.1049 13.1574 12.9592 36.1481 12.7182 12.5493 12.3504 24.5567 13.074 11.8342 11.6248 12.5149 11.6246 11.5733 12.7068 11.0361 10.809 18.9027
threshold=1.6812785568800701 0 1 2.017357837972714 2 3 4 5 6 7 8 9 10 11 12 13 14 15 16 17 1.0000000180025095e-35 18 19 20 21 22 23 24 10.500000000000002 25 26 27 28 29 30 31 32 20.500000000000004 10.500000000000002 768.50000000000011 33 1.4716415032272603 34 35 1.0000000180025095e-35 36 134.50000000000003 37 17.500000000000004 237.50000000000003 38 19.500000000000004 39 1.0000000180025095e-35 40 2.2829874263587508 2.1066023847070836 32.500000000000007 41 15.500000000000002 37.500000000000007 42
decision_type=2 9 9 2 9 9 9 9 9 9 9 9 9 9 9 9 9 9 9 9 2 9 9 9 9 9 9 9 2 9 9 9 9 9 9 9 9 2 2 2 9 2 9 9 2 9 2 9 2 2 9 2 9 2 9 2 2 2 9 2 2 9
left_child=2 12 5 4 23 60 9 21 28 19 22 37 39 25 15 -8 54 30 26 -5 42 -4 -6 -3 49 -12 -7 -22 45 32 -10 38 -14 34 -24 -30 -13 -11 -19 -2 41 -33 -17 48 -45 -9 47 -25 -23 -15 51 -18 -52 -26 55 -16 -39 58 -32 -42 -1 -62
right_child=1 3 7 6 10 18 14 8 17 11 13 36 29 24 16 20 50 31 -20 -21 27 43 33 46 53 -27 -28 -29 35 -31 57 40 -34 -35 -36 -37 -38 56 -40 -41 59 -43 -44 44 -46 -47 -48 -49 -50 -51 52 -53 -54 -55 -56 -57 -58 -59 -60 -61 61 -63
leaf_value=-0.030714375891428249 -0.02594248975305502 0.0045074036930653483 0.032129295868489303 0.057373234146779334 -0.0065972563048469386 0.0025079705526110056 0.046514943790899002 -0.01763038984506566 -0.022365450091543494 0.016532097631942189 0.0026270832714646534 0.032270537223722605 -0.013075279641199034 -0.0055692772366110702 -0.0050477014151230964 -0.0011863717396704777 -0.0035845757883006257 -0.0095498243137263749 -0.029769051914508016 0.033472970218122754 0.016953178617819458 0.0096392471004670202 0.032897831021581024 0.012880827326638223 0.017168830932526826 0.026699446617622594 -0.017510119344670168 -0.010076008103800728 -0.020980290115910884 -0.01646090127450103 -0.01406601979554345 -0.022305252657854036 0.0078755977452395817 0.032804098402113249 0.0010969417318115848 -0.0095259730515298135 0.04373272759778446 -0.011167138141117096 0.0043833990259769086 0.0011608844647795437 -0.010681354466055344 -0.0054503823783485176 0.03011105315669978 -0.012100038312156225 0.024250580100717935 -0.029474674600578843 -0.020562896791554985 -0.016556300032655513 0.02984246215919964 0.0072238312327005507 0.035633109253425305 0.016402092206198721 0.020961906352188808 0.0034937457680880913 -0.0076751358360265982 0.022699135673462267 0.029932608179874916 0.0081137963020935285 0.008543996122406361 -0.0055486689908898273 -0.025524702124953259 -0.028701876885887323
leaf_weight=572 902 427 427 629 230 411 895 282 102 40 340 499 415 2715 365 107 219 295 347 891 148 203 759 229 1501 768 1436 292 996 391 155 367 711 1109 460 1201 383 371 701 81 2670 205 410 228 133 680 560 446 46 775 258 54 1148 1786 570 136 50 1386 138 1728 755 613
leaf_count=572 902 427 427 629 230 411 895 282 102 40 340 499 415 2715 365 107 219 295 347 891 148 203 759 229 1501 768 1436 292 996 391 155 367 711 1109 460 1201 383 371 701 81 2670 205 410 228 133 680 560 446 46 775 258 54 1148 1786 570 136 50 1386 138 1728 755 613
internal_value=-0.000433848 0.00588129 -0.00910307 0.00787538 0.0036803 -0.0192809 0.0146885 -0.00555927 -0.00698974 0.0223634 0.00562996 0.0134885 -0.00972112 0.00323623 0.00984389 0.0160043 0.00565217 -0.00409308 -0.0114791 0.0300654 0.00749741 0.00940783 0.0129673 -0.00855263 0.00153971 0.0135063 -0.00853527 -0.00272727 -0.0140581 -0.00343811 0.00276382 -0.00614123 0 0.0147134 0.0104557 -0.0114019 0.0214126 -0.00180467 9.94036e-05 -0.019285 -0.00738956 -0.0147766 0.0163443 0.00193548 -0.0041779 -0.0202703 -0.01249 -0.00792593 0.0106178 -0.00154286 0.0112197 0.00123675 0.0131356 0.0048074 -0.00309898 0.00244618 -0.00463183 0.00405565 -0.00494881 -0.00639746 -0.028 -0.025731
internal_weight=38147 22070 16077 19570 12105 4134 7465 11943 10906 2863 10443 1343 2500 7885 4602 1852 2750 7747 2194 1520 957 1037 2558 1662 6777 1108 1847 440 3159 1517 1781 5966 1126 2328 1219 2197 882 461 996 983 4970 572 517 610 361 962 1235 675 249 3490 1679 273 1406 3287 1071 501 421 1679 293 4398 1940 1368
internal_count=38147 22070 16077 19570 12105 4134 7465 11943 10906 2863 10443 1343 2500 7885 4602 1852 2750 7747 2194 1520 957 1037 2558 1662 6777 1108 1847 440 3159 1517 1781 5966 1126 2328 1219 2197 882 461 996 983 4970 572 517 610 361 962 1235 675 249 3490 1679 273 1406 3287 1071 501 421 1679 293 4398 1940 1368
cat_boundaries=0 7 13 19 25 31 37 43 46 52 58 64 71 78 84 90 96 101 107 113 119 122 128 134 140 147 153 159 166 172 174 178 184 190 192 198 200 206 209 215 221 223 225 230
cat_threshold=2424397824 2228256 822083590 3973054994 4195329 41944064 16 805396484 2097448 1 2886879762 2622467 36700164 100950055 2147483712 281664 102825984 536898120 4194563 8519681 536870912 2290356224 538968066 205520912 68685824 562176640 20544 18096160 556273736 67174422 2162693 6440 348662784 201326592 0 545284640 16 79953928 536872992 2348812824 620756992 3258974528 69255308 2228224 8405008 8 1744830464 231211012 67642112 9175457 2166784 67633156 8320 20480 0 0 0 2097152 1108397200 69226496 24640 2281834500 266273 33554434 1064 5245976 134217728 0 1610637312 537133076 4 4096 1040 134218240 4128 16384 0 129 32803 8421377 406848004 2181038080 4194312 117702658 32819 146833409 131592 2147483649 524288 33816576 33571328 3225452800 4326465 2156068882 2177 8520963 90116 40 0 201457682 524288 8397440 16384 1048576 8 0 65536 262144 0 2150892576 536870929 1275068416 1100032 0 1048576 0 0 8192 335544576 17072168 2155872257 11 268966288 1611664432 2195584 268453896 84148482 42336384 17826048 304 4 402653184 269091874 18432 67371012 16777216 1050944 8392720 64 260 0 0 0 4096 0 0 128 268509184 131072 536870918 1140850704 0 8388608 0 0 2147483648 64 64 256 524288 1179664 516 68 64 268469504 165 17309696 12582913 65664 0 0 8650752 14688262 10485760 1744830464 201850880 512 8912896 67108864 536870944 201326616 536870912 0 2146432 0 64 8192 16777288 2 5 470290561 553648192 0 37748736 524296 0 524288 5242880 2147483684 17 67371008 536870912 134217728 0 4194368 49152 33816576 64 18432 0 1048576 0 192 8194 67108864 134742080 2097152 134221824 0 0 16777216 294948 2097160 33554464 9224 4 0 0 202506242 525313
is_linear=0
shrinkage=0.05


Tree=11
num_leaves=63
num_cat=40
split_feature=3 1 1 4 1 9 4 4 4 1 9 1 1 1 1 4 1 7 1 3 11 1 1 3 1 4 1 1 6 1 7 4 3 1 9 1 1 9 1 3 1 6 4 11 6 4 4 3 6 1 9 7 1 1 7 7 9 9 11 9 10 11
split_gain=546.086 343.538 243.458 228.398 162.641 132.954 120.941 103.75 85.3075 80.3642 74.3308 68.1364 66.8605 65.5439 57.4213 44.8197 43.9986 38.2731 34.4312 30.5453 28.4767 34.5878 28.7038 27.6038 31.3808 27.5254 32.5212 27.1231 26.5561 25.5085 25.9667 24.1626 19.3965 17.5629 17.485 18.7304 15.5209 18.3843 15.4108 15.0417 15.0402 14.8941 14.4662 14.223 14.1954 13.5411 13.1812 12.9983 12.4393 12.1909 12.139 11.8569 11.8441 11.7478 11.7118 11.5101 10.7121 10.5165 10.4348 10.4001 10.3171 15.3957
threshold=0 1 2 3 4 10.500000000000002 5 6 7 8 10.500000000000002 9 10 11 12 13 14 2.5000000000000004 15 16 13.500000000000002 17 18 19 20 21 22 23 11.500000000000002 24 5.5000000000000009 25 26 27 6.5000000000000009 28 29 2.5000000000000004 30 31 32 11.500000000000002 33 12.500000000000002 19.500000000000004 34 35 36 602.50000000000011 37 9.5000000000000018 5.5000000000000009 38 39 3.5000000000000004 3.5000000000000004 1.5000000000000002 4.5000000000000009 15.500000000000002 1.5000000000000002 1.0000000180025095e-35 17.500000000000004
decision_type=9 9 9 9 9 2 9 9 9 9 2 9 9 9 9 9 9 2 9 9 2 9 9 9 9 9 9 9 2 9 2 9 9 9 2 9 9 2 9 9 9 2 9 2 2 9 9 9 2 9 2 2 9 9 2 2 2 2 2 2 2 2
left_child=2 7 23 12 15 11 14 20 -4 46 16 42 45 28 -7 34 32 18 43 -18 21 -2 60 -1 44 27 -27 -13 -8 48 41 33 -9 -14 53 -36 37 -17 -15 -24 -16 -31 55 -11 -25 -3 -10 -23 -19 -12 52 -38 -20 -5 -46 -6 -55 58 -34 -26 -22 -62
right_child=1 3 8 4 5 6 13 10 9 17 49 25 31 38 40 36 19 29 50 -21 22 47 39 24 59 26 -28 -29 -30 30 -32 -33 57 -35 35 -37 51 -39 -40 -41 -42 -43 -44 -45 54 -47 -48 -49 -50 -51 -52 -53 -54 56 -56 -57 -58 -59 -60 -61 61 -63
leaf_value=-0.028441883444545703 -0.0077616552093013663 0.011276339607570601 -0.032770135536176248 -0.0069722654051199429 -0.025999763919019654 0.052014342237684752 -0.049429522551735883 0.041130100788985928 0.025487638000397186 -0.027188786284082042 0.040930498954010575 0.0036628253652131906 0.0034401231339582063 -0.019057963790398383 -0.00075112090661963449 0.016628674393429445 -0.0075818018593422631 0.005255851329948491 0.0014798955767328815 0.023212703901372912 0.025738024249503999 -0.0075144159271891223 -0.018372533996359748 -0.032019463463035309 0.015631549255454735 -0.0095809102934219133 -0.0010861819634812753 -0.018933685904463444 0.016553706977821166 0.013833795983266051 -0.018997228284187498 0.030269045017084342 0.0044812008368269379 0.027204749384289836 -0.0033479018453140552 -0.017475714469928957 -0.0089334632341169836 -0.0032363681037097416 -0.0025678872088979012 0.015680212225530631 0.03779187091154769 -0.0030804583477922476 0.0080784696143602844 -0.018257878349915779 -0.025019894099314755 -0.0054506131664844755 -0.0056120772324983921 0.031059451450025755 0.0054393827654143582 0.053492478855520269 0.013734773731006089 -0.024248391950370526 -0.021152043987791302 -0.0067475836500161647 -0.016206624595501207 0.0067032463780079769 -0.028578492839264953 0.031298150325253606 0.026872851205638922 -0.015339226254226413 0.062239396227862169 0.037011722638744325
leaf_weight=773 643 270 435 100 304 613 44 540 678 396 122 226 317 345 214 104 319 426 203 480 178 122 108 246 62 3430 5426 766 1154 54 401 1071 184 828 364 528 1298 493 1014 646 493 1372 3308 464 610 503 161 389 59 555 282 202 707 69 242 201 724 617 102 893 144 125
leaf_count=773 643 270 435 100 304 613 44 540 678 396 122 226 317 345 214 104 319 426 203 480 178 122 108 246 62 3430 5426 766 1154 54 401 1071 184 828 364 528 1298 493 1014 646 493 1372 3308 464 610 503 161 389 59 555 282 202 707 69 242 201 724 617 102 893 144 125
internal_value=-0.000428605 0.00276665 -0.0116238 0.000264139 -0.00154456 0.00050718 0.00867939 0.0143263 -0.0055949 -0.00378861 0.0206384 -0.00181173 0.0131877 0.00227892 0.0209023 -0.0107914 0.0163247 -0.00651578 -0.011501 0.0066131 0.0064482 0.000866551 0.0118651 -0.0235896 -0.0202375 -0.0040069 -0.00311302 -0.0118762 0.0107616 -0.00211938 -0.00481764 0.0176101 0.0215072 0.0122511 -0.0166295 -0.0117713 -0.00576649 0.00107084 -0.00522279 0.00562827 0.0108089 -0.00168303 0.00385823 -0.0190805 -0.0261733 0.000446999 0.0103062 0.0104607 0.0079798 0.035229 -0.00582363 -0.00847682 -0.00868132 -0.0216685 -0.0233568 -0.00398058 -0.023599 0.0164841 0.00874126 -0.0132124 0.0217724 0.0284387
internal_weight=38147 29683 8464 24409 21420 17538 3877 5274 5638 5203 2919 13661 2989 2557 1320 3882 2242 4364 2052 799 2355 1154 1201 2826 2053 9848 8856 992 1198 2312 1827 2216 1443 1145 1785 892 2097 597 1359 754 707 1426 3813 860 1098 773 839 511 485 677 1192 1500 910 893 852 505 793 903 286 955 447 269
internal_count=38147 29683 8464 24409 21420 17538 3877 5274 5638 5203 2919 13661 2989 2557 1320 3882 2242 4364 2052 799 2355 1154 1201 2826 2053 9848 8856 992 1198 2312 1827 2216 1443 1145 1785 892 2097 597 1359 754 707 1426 3813 860 1098 773 839 511 485 677 1192 1500 910 893 852 505 793 903 286 955 447 269
cat_boundaries=0 2 8 14 21 27 34 40 46 52 58 64 70 76 82 88 94 95 101 105 106 111 118 124 130 136 143 146 152 158 164 170 172 178 185 190 196 198 203 209 215
cat_threshold=483462867 184549444 1746969152 136892420 1091051524 25952394 65544 327684 9109539 536887296 2290358280 539230210 2353004592 68685824 17047080 274209796 134348928 0 1619017760 524304 128 75776008 537011360 2147483672 603979776 3791930176 71832200 0 16 0 32 64 268730368 33 16777216 7340032 2147483648 138 8290 872775936 268435457 16777216 16785408 671089152 2098177 33554432 135266308 1092624964 84410624 436733064 42501186 4210690 50399234 84934976 12652800 2181171520 13112321 9437441 1310724 578814320 411109384 69357568 138936432 4196480 1572886 4194369 140902433 167792657 335544352 51421186 18350209 8389121 147968 33559617 67112992 16777216 16 2097168 536870912 4130 2 67141636 1610654208 134270976 8192 8388610 65544 65540 1074064512 67141648 4260064 2113 268702469 295040 131328 2097664 134791168 16785412 262274 0 65540 512 134217732 17309696 17301640 65729 35 536887296 2290352128 536870914 32 2147614720 2097424 536870916 2 0 268451840 17 273285553 41945088 281216 1073741825 83896322 49152 524305 0 1049633 0 67108866 8194 1090519056 33825 32 25182241 268439552 2176 3080 1048576 131200 0 8388640 16 128 0 16384 8 524289 1024 147488 570425345 335544321 67649538 67371008 1184 0 67108864 570425408 528384 8 9344 0 67108864 262144 67108992 33554432 1140850688 268435456 1088 4718736 8391680 532480 2147483649 0 0 307234848 136331264 268436480 34635776 0 2097152 4 192 262210 67109120 32 4096 5242880 134217728 0 16384 0 0 0 1073872912 0 8388608 1073741824 536870923 40960 4096 17301504 8388608 8 0 2147483648 1048576 2147487744 65544 256 0 0 2147483648 0 33555200 4096
is_linear=0
shrinkage=0.05


Tree=12
num_leaves=63
num_cat=46
split_feature=3 1 1 4 1 4 4 1 1 1 4 7 1 4 2 7 1 7 1 1 3 6 1 10 3 1 1 4 10 1 2 3 6 4 7 4 6 4 1 1 4 4 3 7 1 3 7 2 11 3 1 4 11 1 10 3 1 1 3 6 11 1
split_gain=509.46 325.948 235.226 200.626 143.385 99.8392 79.3117 70.8885 69.9053 64.8726 47.5235 33.3393 45.804 36.7916 34.9677 32.2927 33.8585 32.1793 32.1613 26.4729 25.2922 34.041 23.9959 23.366 34.46 22.5143 22.4377 21.3649 20.4508 44.9585 41.6293 47.4965 25.3355 21.3865 19.906 18.6703 15.8636 15.3368 22.4367 14.9119 14.8832 13.9429 13.4661 13.366 12.4545 12.1975 12.1466 12.1195 12.0972 11.8782 11.5454 11.3132 11.2607 11.1496 11.1006 10.6248 10.4255 10.2247 9.67327 9.84957 9.65796 9.64633
threshold=0 1 2 3 4 5 6 7 8 9 10 5.5000000000000009 11 12 13 2.5000000000000004 14 1.5000000000000002 15 16 17 37.500000000000007 18 1.0000000180025095e-35 19 20 21 22 1.0000000180025095e-35 23 24 25 162.50000000000003 26 5.5000000000000009 27 11.500000000000002 28 29 30 31 32 33 3.5000000000000004 34 35 1.0000000180025095e-35 36 10.500000000000002 37 38 39 9.5000000000000018 40 1.0000000180025095e-35 41 42 43 44 221.50000000000003 15.500000000000002 45
decision_type=9 9 9 9 9 9 9 9 9 9 9 2 9 9 9 2 9 2 9 9 9 2 9 2 9 9 9 9 2 9 9 9 2 9 2 9 2 9 9 9 9 9 9 2 9 9 2 9 2 9 9 9 2 9 2 9 9 9 9 2 2 9
left_child=2 5 20 9 10 19 -4 49 28 45 39 13 55 14 -10 16 48 -15 58 -2 -1 -22 43 -20 46 51 -11 -24 30 32 31 -6 -30 -32 36 47 -27 57 -39 -5 -18 -37 -21 -23 -42 -3 -25 -28 -9 -8 -47 -17 -41 -14 -49 -13 -44 -12 59 -7 -36 -26
right_child=1 3 6 4 8 18 7 15 11 26 37 12 53 17 -16 25 40 -19 23 42 21 22 27 24 61 34 35 -29 29 -31 33 -33 -34 -35 60 41 -38 38 -40 52 44 -43 56 -45 -46 50 -48 54 -50 -51 -52 -53 -54 -55 -56 -57 -58 -59 -60 -61 -62 -63
leaf_value=-0.028865144160431656 -0.0028206152674000399 0.014682065740553658 -0.027665615820299597 -0.012043402179692742 -0.03123431591135685 0.046416356451987606 0.026280359635951836 -0.02707335832162916 0.0080575258948173186 0.040977228715923193 -0.0090166386446083446 -0.003430697224145407 0.016592367468370339 -0.0066391514095265119 -0.021852019640183573 -0.0097658407006375805 -0.027706519514743483 0.0027872254273146103 0.037467547381160302 0.024802352336460082 -0.026317754767302914 -0.023700991574433464 -0.0092884396178884495 -0.021786923618583511 0.034397206664578329 0.013521385439969759 -0.0007551080582496706 -0.022406093336367228 0.0011445104829169272 0.010172663766034762 -0.011752743188653381 0.035053459529792219 -0.023026753857161575 0.0098448275310402851 -0.024804728508099078 0.02361517428600628 -0.0029210864514369831 -0.0013513055317925682 -0.017669956680054156 -0.036795217790721715 0.0089930886641058309 0.034028686608348901 -0.01181459984478981 -0.011091358556272302 -0.014599973902272845 0.0067379881267749415 0.0016819527344084041 0.0080101489283259161 -0.019743792602488319 0.0068063756936696425 -0.010257433867254679 0.0053572601579139735 -0.017158086029342424 -0.003697925896042298 0.03617302585746817 -0.023605688940200181 0.010230043480991836 0.013325611109803194 0.043407003833590065 -0.0082911195676002025 -0.0089033802394119631 0.011840389873839409
leaf_weight=465 703 150 458 1154 119 166 403 196 207 342 107 105 125 3193 443 104 314 6246 926 1330 661 449 598 53 317 55 230 539 394 2184 303 763 417 1810 234 661 1395 922 627 278 294 237 167 160 773 232 264 228 409 449 310 336 862 614 313 590 159 219 929 55 160 241
leaf_count=465 703 150 458 1154 119 166 403 196 207 342 107 105 125 3193 443 104 314 6246 926 1330 661 449 598 53 317 55 230 539 394 2184 303 763 417 1810 234 661 1395 922 627 278 294 237 167 160 773 232 264 228 409 449 310 336 862 614 313 590 159 219 929 55 160 241
internal_value=-0.000462684 0.00262077 -0.0112857 0.000174216 -0.0014291 0.0138346 -0.00527728 -0.00346843 0.000556412 0.012993 -0.00975114 -0.00172115 -0.00885635 -0.000708693 -0.0121212 -0.00609813 -0.0107754 8.99566e-05 0.0199764 0.00609962 -0.0229008 -0.0205834 -0.0170103 0.0155439 0.00977143 -0.00205779 0.0175408 -0.0123365 0.00493333 0.00202003 0.00786311 0.0169283 -0.00797808 0.00398022 -0.00447681 0.0149196 -0.0017931 -0.0037931 -0.00586915 -0.0145833 -0.00629044 0.0199339 0.00954382 -0.0251212 -0.00338904 -0.0002849 -0.00351682 0.00889885 -0.0205691 0.00962877 -0.00380435 0.008 -0.0187826 -6.67557e-05 0.0129764 -0.0179433 0.000297619 0.00595238 0.0267241 0.0149351 -0.014467 0.0170775
internal_weight=38147 29695 8452 24385 21682 5310 5580 5122 17513 2703 4169 11523 1434 10089 650 4270 1986 9439 2951 2359 2872 2407 1746 1801 875 2284 2011 1137 5990 2995 2995 882 811 2113 1844 1669 1450 1875 1549 2294 1381 898 1656 609 1067 692 317 771 605 852 542 440 1140 739 541 695 326 326 1150 221 394 558
internal_count=38147 29695 8452 24385 21682 5310 5580 5122 17513 2703 4169 11523 1434 10089 650 4270 1986 9439 2951 2359 2872 2407 1746 1801 875 2284 2011 1137 5990 2995 2995 882 811 2113 1844 1669 1450 1875 1549 2294 1381 898 1656 609 1067 692 317 771 605 852 542 440 1140 739 541 695 326 326 1150 221 394 558
cat_boundaries=0 2 8 14 21 27 33 39 45 51 57 64 70 77 79 85 91 97 98 104 105 110 116 122 127 129 131 137 144 151 157 163 169 172 174 180 182 184 185 189 193 199 201 207 212 214 220
cat_threshold=1016139475 184549444 1746969282 136892420 1091051524 17563784 65544 327684 9110531 536891392 2290357256 539232258 2353004592 68685824 17046056 274209796 134348800 0 1610629120 524304 128 75776009 537011360 2147483672 603979776 3758385984 71827592 16777216 74448896 2147483648 138 8258 872775936 805306369 16777216 1 672137728 2098177 33554432 688914436 1090527812 84410624 436797576 42501186 4210690 286851072 88080720 135169 2189562194 404754465 16777219 1310724 2717909360 276957192 472010752 138936416 4200576 16 2097168 2684354560 4138 66 67141636 32 4116 2155872256 3426624 134218784 46137360 34609168 131072 2097408 2147483648 4202626 0 536887300 4 2181079136 589824 1073793024 67141632 4261984 65 4 295040 536879616 49152 8192 524288 0 65536 2097280 49152 532484 0 8 4 193 3 0 2290094080 536872962 32 4096 131072 1073741840 33825 2080 25183265 268439552 8388865 0 2148532736 2048 4 35659776 268435456 0 16777216 1082261504 4194304 8388608 1572864 0 1 256 268435488 1073807364 32776 299008 1 0 2097152 2684355076 128 8192 262144 8 1048576 0 0 0 16 128 0 0 0 8384 0 278528 4 8405001 8192 8 603979776 2368 67108992 67371009 9376 0 0 273216 4718592 0 0 16777216 67108864 0 8388608 6144 4195328 134348800 565248 1621098496 16 6291456 1179648 2147483648 65536 65792 16777248 17 8228 67724 8388608 262144 536871008 276955144 335544320 16384 0 0 1140850704 0 512 1024 0 67109888 1024 819200 1073741832 1744830464 0 0 8 0 65536 8404993 8192 0 0 320 19136512 8193 136347778 528384 4 0 8 4
is_linear=0
shrinkage=0.05


Tree=13
num_leaves=63
num_cat=42
split_feature=0 4 4 0 1 1 1 4 9 1 1 4 0 1 1 4 4 9 1 1 4 1 1 1 4 4 1 9 1 11 4 4 11 7 10 1 4 1 4 4 6 6 7 1 4 7 1 4 0 0 6 9 1 4 1 1 1 9 1 6 4 1
split_gain=694.828 235.372 203.492 187.423 107.152 102.094 101.301 83.6344 72.1 77.5016 69.7005 59.1372 71.4373 52.2796 50.7966 56.8531 43.4166 42.5375 48.2537 43.0986 38.4819 46.8722 42.3529 35.6881 33.4317 33.0846 33.9823 27.2361 27.0819 26.1402 26.0966 23.6483 25.4459 23.573 23.4552 22.7664 21.6904 25.8536 21.0466 20.5818 19.2479 19.1117 18.7183 18.581 18.0847 17.446 17.871 16.8114 25.6122 20.7026 16.1612 15.9247 15.6109 15.5002 15.609 15.0495 14.6744 22.9516 14.5878 14.3006 13.3574 22.2015
threshold=1.6812785568800701 0 1 2.017357837972714 2 3 4 5 10.500000000000002 6 7 8 2.1066023847070836 9 10 11 12 6.5000000000000009 13 14 15 16 17 18 19 20 21 9.5000000000000018 22 10.500000000000002 23 24 19.500000000000004 2.5000000000000004 1.0000000180025095e-35 25 26 27 28 29 22.500000000000004 674.50000000000011 4.5000000000000009 30 31 3.5000000000000004 32 33 1.4396530041478572 1.4970733007305452 214.50000000000003 9.5000000000000018 34 35 36 37 38 5.5000000000000009 39 768.50000000000011 40 41
decision_type=2 9 9 2 9 9 9 9 2 9 9 9 2 9 9 9 9 2 9 9 9 9 9 9 9 9 9 2 9 2 9 9 2 2 2 9 9 9 9 9 2 2 2 9 9 2 9 9 2 2 2 2 9 9 9 9 9 2 9 2 9 9
left_child=2 13 4 5 45 25 11 58 9 30 29 23 56 59 15 40 35 19 -19 53 21 27 -22 -5 -20 -3 -27 39 -18 51 43 32 -24 36 -23 -11 37 -6 -36 -8 -10 47 -26 -7 -21 -1 -47 48 -35 -49 -39 -9 -46 -12 -55 -38 -13 -58 -4 -2 61 -31
right_child=1 3 7 6 33 8 20 10 14 16 17 12 -14 -15 -16 -17 28 18 24 44 22 34 31 -25 42 26 -28 -29 -30 60 -32 -33 -34 41 38 -37 55 50 -40 -41 -42 -43 -44 -45 52 46 -48 49 -50 -51 -52 -53 -54 54 -56 -57 57 -59 -60 -61 -62 -63
leaf_value=-0.026336795379224443 -0.021786113938094161 -0.016222391889699851 0.028590926156226888 0.021440939126952642 0.020460403866683775 -0.025789579708283383 0.042570690802361671 -0.02926112776048866 -0.050429449349484803 -0.0060197819560743274 -0.0011898086690906196 -0.012875098829631337 0.037636206520048801 -0.0037103651006488826 0.01554715601693043 0.052864845195002653 0.0066265144900860551 0.013980451518354354 -0.018255743263135071 0.018567921668215838 -0.0033234410088533563 0.019817590877665547 -0.012684442799927914 0.049165887045579962 0.00098920113870861761 0.022718902105508167 -0.019079593842520299 0.058811448431472679 0.024543043642762302 -0.0054029478259363557 0.0018402801382194191 0.023711152878135539 0.008318560647445539 0.007107265549265363 -0.01152369940822856 0.0092266577383626532 -0.025264373015125997 -0.031788613712413059 0.011954201991187059 0.026733162520928635 0.010912364888356308 0.0026322495366368549 -0.0088828144147795884 -0.0060126954840352244 0.0082632440719958341 -0.011910307052027376 -0.022878338230366935 -0.029756924553781539 -0.006119662531705961 -0.0061042847789849423 0.028371660820181523 -0.009782799296913048 -0.0059371101758112117 -0.023468728090349424 -0.01292522856295434 -0.017433267591532887 -0.0183284459132338 0.028827305074865906 0.0069114467219638766 0.0021991654333770984 -0.0072153516607369357 -0.019757748961630756
leaf_weight=1452 1024 919 238 625 147 460 149 769 53 752 287 193 570 1342 1117 714 1376 992 360 106 1095 514 180 915 2274 350 312 335 1864 589 1617 1580 48 148 224 1080 353 80 234 508 303 40 784 1206 348 282 569 141 439 262 47 233 939 659 1127 251 134 181 446 96 945 770
leaf_count=1452 1024 919 238 625 147 460 149 769 53 752 287 193 570 1342 1117 714 1376 992 360 106 1095 514 180 915 2274 350 312 335 1864 589 1617 1580 48 148 224 1080 353 80 234 508 303 40 784 1206 348 282 569 141 439 262 47 233 939 659 1127 251 134 181 446 96 945 770
internal_value=-0.000512491 0.00524694 -0.00841886 0.00707514 -0.0178512 0.00323765 0.0132999 -0.00505221 0.00501327 0.00290245 -0.00609364 0.0212329 0.0119485 -0.00930421 0.0131001 0.0208333 0.00676899 -0.00352523 -0.000272109 -0.00767455 0.00897068 0.014387 0.00526948 0.0276129 -0.00309218 -0.00857951 0 0.0220559 0.0102462 -0.0121834 -0.0030823 0.009956 -0.00504202 -0.00896767 0.00641548 0.000597177 -0.0150342 -0.0028169 -0.00174672 0.0163623 0.00409836 -0.0038835 -0.00136897 -0.00745823 -0.000819672 -0.0251405 -0.0195652 -0.00525253 0.000251256 -0.012954 -0.0186131 -0.0189621 -0.00250578 -0.012218 -0.0139755 -0.0201954 -0.0015748 0.00507692 0.0118156 -0.0172566 -0.00928819 -0.0124543
internal_weight=38147 22070 16077 19608 4211 12123 7485 11866 10542 8355 11182 2618 1078 2462 2187 1070 5072 7876 4410 3466 4867 1964 2903 1540 3418 1581 662 992 3240 3306 3283 1808 228 1908 972 1832 878 274 458 657 356 1030 3058 1666 1393 2303 851 990 587 403 127 1002 1287 2073 1786 604 508 315 684 1120 2304 1359
internal_count=38147 22070 16077 19608 4211 12123 7485 11866 10542 8355 11182 2618 1078 2462 2187 1070 5072 7876 4410 3466 4867 1964 2903 1540 3418 1581 662 992 3240 3306 3283 1808 228 1908 972 1832 878 274 458 657 356 1030 3058 1666 1393 2303 851 990 587 403 127 1002 1287 2073 1786 604 508 315 684 1120 2304 1359
cat_boundaries=0 7 13 19 25 31 36 42 48 55 61 67 74 80 86 92 99 105 111 117 124 130 136 142 149 154 160 164 167 171 174 180 186 192 197 203 209 215 221 223 229 236 242
cat_threshold=2424397828 2097192 553648130 3973054994 4195329 41944320 16 805396484 2359592 1 3960621586 2098241 36700164 8519681 536870912 2560890400 538968066 2218786832 68685824 67395751 64 281600 102825984 537160200 4342019 696394368 16384 18096164 556273736 67174420 2179077 6440 348662784 67108864 0 545276448 303568976 2592 2195665 3490070528 336199714 33554560 79691784 545409056 2147486360 622854144 3258974528 69222548 524288 0 134217728 4256 8224 262160 128 1075375506 75513857 90176 2282096644 4129 33554434 1210586192 4194817 2171008 393220 659489 65536 524288 0 2147483648 8 8192 0 128 16777216 1179648 268435972 4128 536870976 335560704 16640 0 138543360 2147487825 671088768 8519682 197377 9344 143921408 4209 201326740 1607682 4096 4195328 134218240 4128 16384 262144 128 32803 8425537 402653696 2181038082 4198408 117702658 32819 146837505 2228744 2147483649 528384 33554432 687996928 0 17039392 538972224 67174400 4 655360 131072 536870912 192 4194304 536870912 129 524296 67108864 0 131232 2 67174400 128 64 18432 67108864 262144 16642 1092617472 1610618128 92274692 134219908 134287681 67600 135168 16 4 135264 32 268451840 33 131080 1048576 4 64 8224 256 2219835669 8196 1064 1088 8659008 24576 40 0 1073741842 0 0 5373952 0 0 0 32 0 0 134217728 34078784 512 2097152 262144 131072 128 16 131072 0 128 524288 262144 8388609 0 268435488 0 0 68161536 268435456 32 0 1275199488 64 4 2147516672 2098240 2156003328 0 4352 131072 131072 134218244 8388672 4194304 545554432 196864 1152 134217728 4097 201326592 557056 262144 0 5373952 65 0 128 0 16384 0 0 3147296 536870929 67108864 1067008 16 131088 2281701376 12328 4194304 75759616 32 8388608 8388640 2147486208 83886080 1107296512 2097156
is_linear=0
shrinkage=0.05


Tree=14
num_leaves=63
num_cat=45
split_feature=0 4 0 4 1 1 1 4 4 1 1 1 4 4 1 1 4 1 1 1 4 3 1 7 1 1 3 1 4 2 1 1 2 7 7 7 1 3 7 4 1 3 0 6 1 7 11 1 1 6 3 1 11 7 1 0 3 1 1 7 4 6
split_gain=648.497 246.917 210.81 179.893 103.903 98.0782 93.1533 64.1818 61.1927 58.8725 56.0644 56.0061 54.9586 52.1957 51.4954 50.8571 33.7681 43.0239 33.2897 32.6183 32.4584 27.7067 24.7753 24.5349 34.5404 23.674 21.6649 22.7469 20.4914 29.5791 20.4322 19.7564 19.5865 17.9257 16.8953 16.3175 16.3043 15.9441 24.8022 15.6212 15.0849 14.7122 14.784 14.4004 14.14 13.8304 14.5015 13.898 13.5928 13.3276 12.6812 12.6723 12.2457 12.1523 20.4293 11.7799 11.7785 11.7629 11.4172 11.283 10.885 10.6667
threshold=1.5716603543580625 0 2.017357837972714 1 2 3 4 5 6 7 8 9 10 11 12 13 14 15 16 17 18 19 20 1.5000000000000002 21 22 23 24 25 26 27 28 29 2.5000000000000004 5.5000000000000009 4.5000000000000009 30 31 4.5000000000000009 32 33 34 2.3262664460002687 251.50000000000003 35 5.5000000000000009 11.500000000000002 36 37 391.50000000000006 38 39 10.500000000000002 3.5000000000000004 40 1.4428812464197154 41 42 43 3.5000000000000004 44 174.50000000000003
decision_type=2 9 2 9 9 9 9 9 9 9 9 9 9 9 9 9 9 9 9 9 9 9 9 2 9 9 9 9 9 9 9 9 9 2 2 2 9 9 2 9 9 9 2 2 9 2 2 9 9 2 9 9 2 2 9 2 9 9 9 2 9 2
left_child=3 11 6 5 13 53 20 -5 -8 26 28 49 18 15 -15 -4 22 -18 -6 41 35 -7 -11 24 50 37 36 -28 29 -9 39 -13 -22 48 51 40 -10 -23 55 57 -3 42 -14 -37 -41 46 -21 -47 -30 -2 -12 -35 -50 -1 -55 -39 -33 -25 -16 -34 -32 -40
right_child=1 2 4 7 12 21 8 10 9 16 23 31 19 14 58 -17 17 -19 -20 45 32 25 -24 30 -26 -27 27 -29 33 -31 60 56 59 34 -36 43 -38 38 61 44 -42 -43 -44 -45 -46 47 -48 -49 52 -51 -52 -53 -54 54 -56 -57 -58 -59 -60 -61 -62 -63
leaf_value=-0.024506869507625696 -0.003507391911958846 6.0275710311619163e-05 0.046350389032921414 0.014058337062762306 0.00029927245913632385 -0.032537159999269309 0.028398240187295355 0.005502191716137284 0.0020139106895107283 0.013083919471868544 0.027702235241601425 -0.021804943813699709 0.0043452939460125852 -0.0047281747825827398 0.028895165828626803 0.027073692332208733 -0.0079141253403603902 0.0049909625339060078 0.034640513277299903 0.011091176754215937 0.019330836961425443 0.016904534221245771 0.0028964038794242809 -0.011984834635934383 -0.01683731079956724 -0.022011869443648337 -0.0013940475366270744 0.021520343287822482 -0.019034591315591945 -0.036498738382356767 0.00017560397787810269 -0.026400342848369854 -0.026603224384512465 -0.02054455194583589 -0.018169274210812613 -0.010435383211838622 0.034671707534721159 0.0057677810340826426 0.0026739248841060438 -0.004720568360044081 -0.01160351918164091 -0.0056138309781105789 0.042433687233680552 -0.028181289381076547 0.010015731265705725 -0.011019603275440727 0.02085175841675025 0.019621613794874163 -0.038286079086288984 0.031556839139495488 -0.003603944638885337 -0.0035328189631680055 -0.023839979178234872 -0.017083069162225562 -0.02451735496011 -0.024802981154899609 -0.011106514240594313 0.0021155532811884094 0.039986558311495696 0.0034673916158740716 -0.009014903668762354 0.0025190697962018008
leaf_weight=1091 491 377 514 523 216 126 394 291 142 1637 105 745 427 322 595 791 2343 3281 922 802 378 160 2536 531 1301 1149 605 1208 474 135 588 143 174 377 271 345 704 69 60 298 591 687 77 120 574 105 1464 201 185 158 461 657 391 232 308 199 921 832 384 125 1794 40
leaf_count=1091 491 377 514 523 216 126 394 291 142 1637 105 745 427 322 595 791 2343 3281 922 802 378 160 2536 531 1301 1149 605 1208 474 135 588 143 174 377 271 345 704 69 60 298 591 687 77 120 574 105 1464 201 185 158 461 657 391 232 308 199 921 832 384 125 1794 40
internal_value=-0.000465305 0.00428285 0.00592828 -0.00941612 0.0127681 -0.0192509 0.0025 -0.00593999 0.00409798 0.00347345 -0.00690566 -0.0107374 0.00841987 0.0208333 0.013463 0.0280228 0.00167737 -0.00085197 0.0180314 0.0054731 -0.00721698 -0.011059 0.00508009 -0.00434247 -0.00918586 -0.00921755 0.0100599 0.00688426 -0.0128449 -0.00252294 -0.00239333 -0.0152556 0.00181951 -0.0146934 -0.0108429 -0.0114692 0.0167056 -0.000371747 -0.00608466 0.00104677 -0.00785124 -0.00137386 0.00505837 -0.0192473 0.00623583 0.00863672 0.0100177 -0.00130719 -0.019619 0.00189681 0.00121528 -0.00793037 -0.0249147 -0.028184 -0.0222222 -0.0141791 -0.0106145 -0.00229425 0.0191608 -0.00760518 -0.00560201 0.015
internal_weight=38147 24925 22467 13222 7507 3434 14960 9788 12850 12456 9265 2458 4901 2606 1301 1305 9797 5624 1138 3763 2110 1803 4173 6484 1867 1677 2659 1813 2781 426 4617 1809 677 2355 1305 1433 846 528 368 2235 968 1191 504 465 872 2572 2266 306 1050 649 566 1034 576 1631 540 268 1064 1363 979 299 2382 100
internal_count=38147 24925 22467 13222 7507 3434 14960 9788 12850 12456 9265 2458 4901 2606 1301 1305 9797 5624 1138 3763 2110 1803 4173 6484 1867 1677 2659 1813 2781 426 4617 1809 677 2355 1305 1433 846 528 368 2235 968 1191 504 465 872 2572 2266 306 1050 649 566 1034 576 1631 540 268 1064 1363 979 299 2382 100
cat_boundaries=0 7 13 19 25 31 38 44 50 56 62 69 76 82 88 95 101 107 113 119 121 127 133 139 142 148 155 157 163 169 171 173 174 181 187 189 194 200 205 207 213 219 221 226 232 238
cat_threshold=2416009217 2228232 83886082 3973054994 4195331 41944064 20 805396484 2097448 805306369 1611811344 1089 36700164 696386176 16448 18096164 19402824 67174422 2179077 8585217 536870912 2290356768 538968066 134217748 67637248 100679809 8413248 279552 52494336 1644186312 20988417 6440 273165312 0 0 16928 0 4 1056 4197376 0 0 1619017728 536870928 1746960384 755503108 34087425 546177441 136318976 524292 79692041 536872992 2147486232 603979776 2151678208 77594754 0 2296938580 2304 319045768 268992584 81920 4096 1024 134218240 4096 16384 0 128 524288 0 134217728 32 16384 262160 128 128 16384 4 0 0 2097152 8389248 16384 1048580 8 4 65536 4104 68681776 2550137344 133312 8292 327680 160 269754624 3221226161 2099200 67125248 84157698 42214786 0 37748737 139071496 262144 524288 20975616 32827 146801153 131592 2147745797 528384 33554432 524288 67108864 2818572288 139488 0 67436544 1 4 286531840 2152727201 2099456 2348811264 25167107 8659136 328192 0 146932737 4176 1073743872 558340 0 16777216 1179648 8392721 64 260 17473824 16384 2 0 553652224 532481 537133216 4096 524288 0 0 16777728 192 0 805585152 128 201359360 2623488 0 50332736 306320385 2228275 134218452 131328 1074841600 67125248 2187264 134219780 67108897 2048 3146112 4230408 2097152 67633156 65728 131072 16 2147484160 4194 0 65808 32 67125248 0 16384 2097152 536870976 4194305 393220 10485769 0 0 0 2097185 16 1581056 0 0 0 4194304 262144 1 32 2147484168 536870912 256 0 3355451400 67108864 536870912 520 536870912 0 128 8388609 0 2147745792 0 0 67112960 1 1 0 33555456 272629761 131088 134218304 134217728 64 16785408 16777288 2 5 131072 131088 516 98 532480 545259520
is_linear=0
shrinkage=0.05


Tree=15
num_leaves=63
num_cat=44
split_feature=0 4 0 4 1 1 9 1 1 4 3 1 1 1 1 4 4 9 3 4 4 9 1 1 9 9 1 3 1 3 1 1 3 1 3 1 1 1 7 4 4 0 9 1 9 9 3 7 1 3 1 1 7 6 3 2 1 7 7 7 1 3
split_gain=600.849 210.763 185.966 153.763 100.382 92.5375 87.1253 120.127 97.4231 60.887 54.7675 54.5788 53.1063 52.8867 50.191 50.1051 48.3651 61.871 43.5264 40.5309 39.5285 39.4998 38.6535 37.3945 34.3604 34.0036 51.7928 38.2031 34.3526 31.0697 29.3348 28.2601 27.8808 27.051 24.9577 25.3762 23.9468 22.8043 21.6455 19.626 19.3789 19.1732 19.1051 24.0256 18.2157 17.5224 19.6413 17.4465 16.7107 16.4642 15.0537 15.032 14.7273 14.0047 13.8349 13.5733 13.2424 16.653 16.4746 13.2294 14.3302 12.6701
threshold=1.5716603543580625 0 2.017357837972714 1 2 3 10.500000000000002 4 5 6 7 8 9 10 11 12 13 10.500000000000002 14 15 16 8.5000000000000018 17 18 5.5000000000000009 6.5000000000000009 19 20 21 22 23 24 25 26 27 28 29 30 1.5000000000000002 31 32 2.1372951807736453 6.5000000000000009 33 6.5000000000000009 9.5000000000000018 34 5.5000000000000009 35 36 37 38 2.5000000000000004 188.50000000000003 39 40 41 4.5000000000000009 1.5000000000000002 3.5000000000000004 42 43
decision_type=2 9 2 9 9 9 2 9 9 9 9 9 9 9 9 9 9 2 9 9 9 2 9 9 2 2 9 9 9 9 9 9 9 9 9 9 9 9 2 9 9 2 2 9 2 2 9 2 9 9 9 9 2 2 9 9 9 2 2 2 9 9
left_child=3 11 6 5 20 59 7 10 15 -5 56 44 -6 34 40 -8 17 31 -10 33 21 22 -4 29 -24 28 -27 -28 -16 -18 -21 -14 -7 -15 -9 -36 -34 -20 -29 -30 -11 61 48 -44 -2 -42 -47 -45 -22 -12 -51 -17 -41 -23 -25 -39 57 -3 -58 -1 -61 -13
right_child=1 2 4 9 12 32 8 13 18 14 49 41 16 19 25 51 23 -19 37 30 42 53 24 54 -26 26 27 38 39 -31 -32 -33 36 -35 35 -37 -38 55 -40 52 45 -43 43 47 -46 46 -48 -49 -50 50 -52 -53 -54 -55 -56 -57 58 -59 -60 60 -62 -63
leaf_value=-0.024023111987230169 -0.010439334588958377 -0.025020280025194998 0.034953120634507527 0.013355420209624193 0.04438231271690514 -0.028900812268540257 0.049438234890126602 0.028389184618963472 -0.013823979834384126 0.00033359396733312341 0.041460624154112904 -0.027196912146615515 0.054577845691885112 -0.008208354250814287 -0.017745456816025598 0.0054022232618194171 -0.0025990584691446164 0.043511402880007544 0.024910575447483874 -0.00081745402476304243 -0.021787575195793302 0.036712643214681692 0.005630566201386706 -0.0012656640498931782 -0.019305576593235396 0.012032735030782915 -0.00072654358530653833 -0.02828624486970013 -0.0080050145572596598 0.020267341994127049 0.011038027855490119 0.018602115551872245 0.00018825389502704628 0.0010985023658398763 0.00184184997423959 0.02449708380243645 -0.020227244873627349 -0.0060023589688060208 -0.010091917634867942 -0.010713195208180116 -0.021767933489380775 0.0055220967800008848 -0.012968637372278291 0.015821877814688235 0.015333177028841927 0.005601133223354743 -0.019540067703650521 -0.0080622278931871457 -0.0022105849620087273 0.017762523522656809 -0.0064901592578241966 0.033072666829335809 0.0093640727797540575 0.031426368122700457 0.027845617342527041 0.012306871785666758 -0.017751437009186188 -0.026979672153100612 -0.009086916747888597 -0.014471663636818273 -0.022442389023795764 -0.014338764814527128
leaf_weight=1030 354 295 231 523 668 131 594 643 421 223 141 376 239 1455 1273 331 572 324 569 1513 228 250 238 100 127 891 2139 266 1282 822 1929 829 526 1986 982 829 1211 153 723 253 1425 129 242 570 387 210 277 85 448 106 612 393 330 96 1453 634 406 211 792 174 335 1162
leaf_count=1030 354 295 231 523 668 131 594 643 421 223 141 376 239 1455 1273 331 572 324 569 1513 228 250 238 100 127 891 2139 266 1282 822 1929 829 526 1986 982 829 1211 153 723 253 1425 129 242 570 387 210 277 85 448 106 612 393 330 96 1453 634 406 211 792 174 335 1162
internal_value=-0.000460062 0.00411033 0.00561326 -0.00907578 0.0120314 -0.0182177 0.00239747 0.000453782 0.00987076 -0.00587786 -0.00911387 -0.00992556 0.0161152 0.00308655 -0.00681574 0.0201054 0.0140147 0.0217546 0.00215445 0.00083418 0.00382178 0.0118697 0.00419463 0.0102976 -0.006 -0.0047928 -0.00175417 -0.00478011 -0.00869981 0.0042735 0.00466396 0.0161049 -0.0105964 -0.00299913 0.009375 0.00628775 -0.00878649 0.00651537 -0.0128629 -0.00429333 -0.0135431 -0.0149374 -0.00104232 0.00373467 0.00139814 -0.0151925 -0.00708419 0.00864662 -0.00739645 0.00120829 -0.00192308 0.0108992 0.00328836 0.0254335 0.015643 0.000941029 -0.014294 -0.0213178 -0.0111755 -0.0273402 -0.0209234 -0.01658
internal_weight=38147 24925 22517 13222 7522 3407 14995 11900 3095 9815 2563 2408 5007 9337 9292 1318 4339 1392 1777 6883 2515 942 596 2947 365 7157 4019 3128 3138 1394 3442 1068 1868 3441 2454 1811 1737 1356 989 1865 2135 1667 1573 897 741 1912 487 655 676 859 718 724 583 346 1553 787 1704 506 1198 1539 509 1538
internal_count=38147 24925 22517 13222 7522 3407 14995 11900 3095 9815 2563 2408 5007 9337 9292 1318 4339 1392 1777 6883 2515 942 596 2947 365 7157 4019 3128 3138 1394 3442 1068 1868 3441 2454 1811 1737 1356 989 1865 2135 1667 1573 897 741 1912 487 655 676 859 718 724 583 346 1553 787 1704 506 1198 1539 509 1538
cat_boundaries=0 7 13 19 25 31 37 44 46 52 58 64 70 77 82 84 91 98 102 108 114 117 123 125 131 137 139 145 148 154 160 166 173 180 185 187 193 196 199 204 205 207 213 219 221
cat_threshold=2416009217 2097160 16777218 3973054994 4195331 41944064 20 805396484 2097448 536870913 1611811344 1089 35651588 1081371 180920833 2753032 2214920197 268967936 266242 8454144 536870912 2290356768 538968066 134217748 68685824 336085185 8405696 279552 17039360 1711548936 20988419 1211633872 4196865 69230657 268697600 606998560 81920 6440 273165312 0 0 16928 0 4 11141129 1612709888 136314880 2297987156 2304 319045768 268992586 8470528 8389120 0 1056768 2625544 65556 65536 1744830720 1863848196 34087424 545786145 8389632 524292 71303424 536872992 2147486232 603979776 2147483904 77594754 0 16 2147483648 32 16384 268500992 32 0 1024 134217728 4128 64 4207104 9453576 84541456 131120 268435972 4136 262144 335560964 1 4096 1024 134218240 4128 16384 0 129 32787 8421376 2097664 2147483648 1073750176 2117632 4198400 570425346 4198408 100663296 66048 0 142742529 4115 167772352 131072 2228224 3359154187 10 459265 9344 134221824 2101361 167772228 557056 8421408 2684354584 2102292 34816 8489409 402784396 269160480 33556480 8192 20480 32 0 0 100663296 1 4 1320980 2151686193 2048 1444954112 16908546 42215552 25211172 2147508224 8 134217984 1074794756 8192 2080 8389632 524288 0 16777216 1179648 8392721 64 260 587203840 64 128 134349828 268435969 8398914 0 0 2147483648 4202 0 268517392 128 0 0 512 67109056 0 537149696 128 17 146800641 8 0 524288 131072 1075838976 2 8421377 0 2147483648 0 262144 32 2148540416 10 335544384 128 16384 136839168 0 2121728 0 528384 786436 1141899264 17317888 193 128 17408 262144 537133568 16896 8388608 0 262144 0 0 68157440 134217729 1
is_linear=0
shrinkage=0.05


Tree=16
num_leaves=63
num_cat=42
split_feature=0 4 1 4 9 4 4 1 1 4 4 1 1 1 1 1 1 2 9 9 1 4 4 1 1 1 2 11 0 4 1 4 0 0 1 4 4 4 9 1 1 4 6 0 9 4 1 6 2 4 1 1 1 9 2 9 9 9 6 6 1 6
split_gain=549.48 194.859 164.68 148.335 106.204 121.053 102.997 86.3987 85.8019 81.4147 53.4029 49.6842 47.572 47.0199 43.9834 43.7687 42.4947 41.753 41.0414 38.5583 43.7363 33.7597 30.4101 27.9917 27.2957 26.2067 24.9792 24.5465 24.4945 23.0133 22.8387 21.6595 21.5711 21.1182 18.9357 17.9809 17.3861 16.8143 16.6406 16.2607 16.1369 16.1351 15.768 15.2911 15.2217 15.0545 14.4286 14.1744 14.0224 13.7249 13.392 12.4832 12.0044 11.8869 11.6209 11.9952 11.5464 11.4607 11.4102 11.3429 11.1288 12.913
threshold=1.5716603543580625 0 1 2 10.500000000000002 3 4 5 6 7 8 9 10 11 12 13 14 15 8.5000000000000018 6.5000000000000009 16 17 18 19 20 21 22 14.500000000000002 1.9963237975540058 23 24 25 2.0251479615563359 2.2829874263587508 26 27 28 29 6.5000000000000009 30 31 32 482.50000000000006 2.1745175357516193 11.500000000000002 33 34 29.500000000000004 35 36 37 38 39 4.5000000000000009 40 8.5000000000000018 1.5000000000000002 11.500000000000002 32.500000000000007 347.50000000000006 41 25.500000000000004
decision_type=2 9 9 9 2 9 9 9 9 9 9 9 9 9 9 9 9 9 2 2 9 9 9 9 9 9 9 2 2 9 9 9 2 2 9 9 9 9 2 9 9 9 2 2 2 9 9 2 9 9 9 9 9 2 9 2 2 2 2 2 9 2
left_child=3 15 9 8 6 17 13 28 60 18 -5 36 49 -4 43 38 41 -6 32 22 44 46 23 -14 -20 -24 47 39 45 -28 -30 -10 -3 42 -33 -18 58 -15 -2 -16 -34 -9 52 53 51 -8 -22 -13 -39 -12 -23 -21 -17 -11 -51 59 -25 -26 -7 -56 61 -1
right_child=1 2 4 10 5 11 7 16 31 14 12 26 19 37 27 33 35 -19 24 20 21 50 25 56 57 -27 29 -29 30 -31 -32 34 40 -35 -36 -37 -38 48 -40 -41 -42 -43 -44 -45 -46 -47 -48 -49 -50 54 -52 -53 -54 -55 55 -57 -58 -59 -60 -61 -62 -63
leaf_value=-0.025359263707814397 -0.011437149362356264 0.010764853483793912 -0.0019860800561348649 0.014184448584751347 0.04430034949530981 -0.014513821632032999 -0.0016898516763625749 -0.00062454808991691544 -0.019988620160545357 -0.022242116231600495 -5.9670388389998497e-05 0.0048707096411474754 -0.0067072956484112382 0.047922541726752588 0.0011102457614694584 -0.024875531375186812 0.0046689661419706263 0.025246891829403029 0.010386287030389064 0.01644551262280659 0.010515219193594817 0.00084746644588228894 0.013065621365347736 -0.0016619739810064095 0.047861528120307785 -0.0077235512443385064 -0.0017954786824507241 0.030733440143546904 -0.0080630828773095905 0.016901140055521468 0.019464214257772318 0.00038635281861794103 0.020462605977506078 0.057243596202968532 -0.019912913734981483 -0.0025103042902105913 -0.013243253686395052 0.025275561624768839 0.016063344600554943 0.029987589675092654 0.042054414849508719 0.01648988276773369 -0.0029850331674934395 0.035943647712823636 0.035877532178254755 -0.015787482889830284 -0.0022659544591591917 0.029330342677644256 0.013968479109854338 -0.012860304267333512 -0.014612049482133616 -0.003166982101806548 -0.013766542878142652 -0.00064626617136265274 -0.027632423535061568 -0.01211948928290324 -0.020787100322533336 0.02559507245906182 0.018848841437470176 -0.0031734040875548378 -0.022668541064640713 -0.017733169190109446
leaf_weight=182 292 430 434 466 690 53 393 474 106 201 233 197 880 256 488 355 3160 463 113 386 529 236 244 114 586 650 483 722 340 688 271 358 478 40 1252 4226 378 357 320 241 385 1701 256 47 173 1649 881 806 1021 1681 1165 323 1195 451 490 237 1082 82 203 80 886 588
leaf_count=182 292 430 434 466 690 53 393 474 106 201 233 197 880 256 488 355 3160 463 113 386 529 236 244 114 586 650 483 722 340 688 271 358 478 40 1252 4226 378 357 320 241 385 1701 256 47 173 1649 881 806 1021 1681 1165 323 1195 451 490 237 1082 82 203 80 886 588
internal_value=-0.000549191 0.00382146 0.00528318 -0.00878838 0.00321865 0.0104645 0.00121131 -0.000539921 -0.0178297 0.014171 -0.00566937 0.00479063 -0.00649351 0.0115014 0.00726852 -0.00952188 0.00167694 0.0240327 0.0212572 -0.00420351 -0.000798809 -0.00384615 -0.00845118 -0.011745 0.0304097 -0.000663717 0.00837912 0.0122177 -0.00850544 0.00334462 0.000245499 -0.00984936 0.0158933 -0.0133621 -0.0082716 -0.000135208 -0.00745342 0.0153893 0.00209003 0.0058299 0.0204519 0.0078032 -0.0142303 -0.00303244 0.0088565 -0.0111655 0.00161972 0.0141658 0.0129683 -0.0120652 -0.00931963 0.00571227 -0.016129 -0.00506135 -0.0131705 -0.0182987 -0.0167496 0.0340708 0.00263158 -0.0224561 -0.0259904 -0.0205128
internal_weight=38147 24925 22467 13222 18243 3961 14282 12214 3372 4224 9850 2808 9384 2068 2150 2458 9561 1153 2074 6663 3693 2811 2970 2076 781 894 2174 1451 2653 1171 611 1716 1293 1846 1610 7386 634 1634 612 729 863 2175 1806 699 882 2042 1410 1003 1378 2721 1401 709 1550 652 2488 807 1196 668 256 570 1656 770
internal_count=38147 24925 22467 13222 18243 3961 14282 12214 3372 4224 9850 2808 9384 2068 2150 2458 9561 1153 2074 6663 3693 2811 2970 2076 781 894 2174 1451 2653 1171 611 1716 1293 1846 1610 7386 634 1634 612 729 863 2175 1806 699 882 2042 1410 1003 1378 2721 1401 709 1550 652 2488 807 1196 668 256 570 1656 770
cat_boundaries=0 7 13 19 26 33 39 45 52 59 65 71 77 83 89 95 97 103 110 117 123 127 132 134 140 143 148 154 161 167 173 179 185 192 199 205 207 214 219 225 230 232 238
cat_threshold=2424397825 2228224 16777218 3973054994 4195329 41960704 20 679682560 151015424 1360011808 8917065 4194324 2195460 805396484 2097448 536870913 1610762768 1089 35651588 0 1049616 0 32 16448 268435456 32 17045024 5278720 2558657024 2048 1619001408 2686484624 128 303841481 8389248 67126280 262144 1677994880 672512 8585217 536870912 2290356768 538968066 134217748 68685824 655368 1024 134217728 4320 0 262144 129 6440 273164288 0 0 16928 0 4 1107574784 1149247504 12714056 536873988 524867 13633536 79954176 536872992 2147486232 603979776 2151678208 77598866 34078724 570425376 143329408 35930116 403177473 4460608 8192 20480 0 1 0 65536 134218752 148373588 256 319046792 268731466 16384 1077938176 640155936 147525633 2686452022 8389640 1049616 2623636 25274120 65536 1024 142742528 4113 167772352 131072 0 1040 512 32 524288 276922640 32 0 1040 2147500032 4138 0 805371920 161 513 0 12981249 10485762 2704 1049860 0 134217728 285212704 4096 0 33562752 269485088 16 64 3222471756 19205514 524288 0 536870912 131072 8194 262144 1048585 8388608 8 0 2097152 0 0 1024 0 0 1048576 8388625 64 260 12 67633176 0 131144 32 65536 32 0 0 0 135176 0 65536 262176 1024 268435968 0 1082130432 16 134217728 134217728 8192 72 4194304 4 671089152 134221824 16777728 4160 16 4 0 0 0 96 0 67108864 32 131080 0 536870912 72 32 262144 33 513 8192 4194336 66 1073741840 1082624 2282029696 2230274 0 0 2147484160 64 8192 537149696 128 0 128 301989888 2228224 4 65536 0 1024 4113 128 131072 1074839568 67125248 73728 134217728 32 40962 2639904 8519681 536870912 262176 0 0 1052672
is_linear=0
shrinkage=0.05


Tree=17
num_leaves=63
num_cat=42
split_feature=0 1 9 3 3 3 1 1 1 1 0 2 1 1 3 3 7 1 3 3 1 2 3 0 1 1 3 3 9 7 3 2 3 3 7 1 1 7 1 7 6 3 1 2 9 7 3 9 6 9 0 2 1 1 9 1 3 3 1 6 0 1
split_gain=500.696 175.661 131.12 180.65 126.958 119.805 94.5957 87.427 71.6313 59.6885 59.2139 49.767 44.1985 41.6421 32.9792 31.1383 30.2605 33.4611 29.1178 28.4641 43.8361 30.0758 27.4268 26.6907 26.6153 25.1675 24.8436 24.426 23.9377 23.2314 23.1801 22.8118 19.6177 18.5093 21.9319 21.674 18.2106 17.8686 17.6948 17.5017 16.6045 16.5584 22.0212 16.5395 18.2427 16.5023 16.4845 16.2749 15.0315 15.0085 21.205 18.0328 14.7609 14.6928 14.4804 14.2748 14.2839 13.9254 13.8311 13.7833 16.1945 12.488
threshold=1.5716603543580625 0 10.500000000000002 1 2 3 4 5 6 7 2.4982167260137702 8 9 10 11 12 1.5000000000000002 13 14 15 16 17 18 2.0987603130436825 19 20 21 22 7.5000000000000009 2.5000000000000004 23 24 25 26 5.5000000000000009 27 28 1.5000000000000002 29 3.5000000000000004 22.500000000000004 30 31 32 4.5000000000000009 5.5000000000000009 33 9.5000000000000018 9.5000000000000018 6.5000000000000009 1.5143348212778227 34 35 36 4.5000000000000009 37 38 39 40 215.50000000000003 1.4219461736709513 41
decision_type=2 9 2 9 9 9 9 9 9 9 2 9 9 9 9 9 2 9 9 9 9 9 9 2 9 9 9 9 2 2 9 9 9 9 2 9 9 2 9 2 2 9 9 9 2 2 9 2 2 2 2 9 9 9 2 9 9 9 9 2 2 9
left_child=4 10 5 11 7 6 33 39 29 40 15 -4 27 22 43 31 17 30 36 20 47 -21 23 -8 -20 49 -9 -6 41 -7 -16 -2 -15 34 61 -35 -11 -22 -28 -1 -5 42 -17 -14 48 46 -27 -10 -45 50 -18 -51 -34 -24 -12 56 -31 -19 -23 -29 -61 -3
right_child=1 2 3 9 12 8 13 26 19 18 54 -13 14 32 16 28 25 57 24 21 37 58 53 -25 -26 45 38 59 -30 55 -32 -33 52 35 -36 -37 -38 -39 -40 -41 -42 -43 -44 44 -46 -47 -48 -49 -50 51 -52 -53 -54 -55 -56 -57 -58 -59 -60 60 -62 -63
leaf_value=-0.022150881850297857 -0.0097176863392604354 0.010108290326276565 0.040038526858572482 -0.00032336224828145578 0.0030167532200767624 -0.025661429133461283 0.0028848556946219407 -0.023981208448024073 0.012830032191952707 0.0064132323681633137 0.020314466499954609 0.01794555051479213 -0.01343423999441944 0.027832202927777484 0.026161632949087223 -0.0029115019648868756 0.00041511499174828881 -0.012543462881456163 0.0203776732855258 -0.024325417930582762 -0.0093834374668427811 -0.0096717249438182055 0.019935397257862333 0.030030738299866723 -0.0017500443373057895 -0.010021799173137414 0.00044672989686469491 -0.022914227456998205 0.032306980118604604 -0.021100568197896265 -0.011346000284411928 0.04282421793269342 0.0074937214901303955 0.011287271760299041 -0.033661267616323279 -0.011946749815117742 -0.013222379210059943 0.00022689000852263997 -0.017636133129988296 -0.019309460122778833 0.023334824536760713 0.020701223029068672 0.027369457128510823 0.012057009100009154 0.020087581489283024 -0.014955306503436183 -0.00015172007895450924 0.08657814743673059 -0.01351454112479953 0.019697388660723555 -0.013937763882495447 0.00087166370824949275 -4.6491056685726845e-05 0.031823138440073076 0.044547262038358973 -0.01745965740178165 0.00010856250780533761 -0.020834179541299559 0.0029118509253669047 -0.0022998427196451511 -0.023063927405115425 -0.013218802294936771
leaf_weight=1066 342 118 788 172 237 850 1128 151 574 214 191 394 109 227 168 588 737 924 575 465 924 474 761 278 971 1453 477 831 1065 118 613 141 2452 390 145 307 531 1933 882 559 1038 709 237 64 369 547 1335 75 101 358 254 949 2857 606 400 314 502 610 478 233 195 593
leaf_count=1066 342 118 788 172 237 850 1128 151 574 214 191 394 109 227 168 588 737 924 575 465 924 474 761 278 971 1453 477 831 1065 118 613 141 2452 390 145 307 531 1933 882 559 1038 709 237 64 369 547 1335 75 101 358 254 949 2857 606 400 314 502 610 478 233 195 593
internal_value=-0.000446955 0.00372518 0.00197536 0.00936366 -0.0083119 -0.000111654 0.00339344 -0.0170906 -0.00526277 0.00360296 0.0138067 0.0261745 -0.00556106 0.00551148 -0.00416812 0.0110642 -0.00505152 -0.00987041 -0.00115167 -0.00213866 0.000284414 -0.0080939 0.0105102 0.00550847 0.0027635 -0.00308006 -0.00828947 -0.0134794 0.0132043 -0.0138239 -0.00132743 -0.000709939 0.00299315 -0.00790147 -0.0128176 -0.00176803 -0.0092053 -0.00238926 -0.0060263 -0.0251682 0.012541 0.00925684 0.0042515 0.00666156 0.0102941 -0.00584454 -0.00430416 0.011912 -0.00333333 0.000953206 -0.00368315 0.0044759 0.00235947 0.0155773 0.0283418 -0.00845824 -0.00380952 -0.0141192 -0.0029106 -0.0162727 -0.00911215 -0.00935302
internal_weight=38147 24925 21252 4683 13222 16569 9862 3135 6707 3501 3673 1182 10087 8309 8591 3082 7948 2315 2291 4923 3506 1417 2773 1406 1546 5633 1510 1496 2599 1784 781 483 5536 1553 856 697 745 2857 1359 1625 1210 1534 825 643 534 3335 2788 649 165 2298 991 1307 5309 1367 591 934 620 1534 952 1259 428 711
internal_count=38147 24925 21252 4683 13222 16569 9862 3135 6707 3501 3673 1182 10087 8309 8591 3082 7948 2315 2291 4923 3506 1417 2773 1406 1546 5633 1510 1496 2599 1784 781 483 5536 1553 856 697 745 2857 1359 1625 1210 1534 825 643 534 3335 2788 649 165 2298 991 1307 5309 1367 591 934 620 1534 952 1259 428 711
cat_boundaries=0 6 9 11 14 20 26 32 38 40 46 52 54 56 62 64 66 72 74 77 83 89 91 94 97 99 101 104 109 115 121 123 129 131 134 136 142 148 154 156 159 165 170
cat_threshold=679682560 151519232 1360003616 8917067 20 69304324 131074 1073741842 2 813764801 33556484 2712451108 2192598018 11 335549445 41994752 33572033 17170560 1610623520 4096 8585217 536870912 2290356768 606076930 138412052 68685824 1075333315 8397440 2171908 2214592516 587465474 4212992 17306706 34880 272388 455360640 807669792 270336 2621605 29591304 71303424 536872992 2147485712 536870912 2147483648 10485890 1080035328 1144008788 4202504 2753562656 29361162 1590272 2151677988 1075326992 209780930 9 328192 8192 147981833 8523792 4196352 558340 406917257 134234120 68288522 537395233 33792 1097984 16512 33687680 268505088 17825856 1085866084 139270 2148302848 10485760 3 1076887968 73404416 2834817 132100 67109888 25165826 512 50332864 136225 10620979 134218388 1179920 1 4 2148278308 1082138648 10 3145984 2155872256 2 131088 1053184 16777248 8192 8654848 11534336 1 4096 8404992 16448 17039360 32 0 12599296 2097152 2147483648 67633160 1048576 0 16777216 1179648 8392721 64 260 16941064 2686451712 134225920 134742016 512 65 0 65540 67117056 16512 3670018 538984523 2 268443648 128 51904552 2688548993 145559808 256 34148609 8397202 0 70262868 4194304 606076928 1034 1048576 1075316800 8388608 8196 2214592516 536870912 16384 134217857 134217729 2498562 18923528 8 18907156 53248 0 2048 67108864 41943040 67108868 33554432 1 131072 8192
is_linear=0
shrinkage=0.05


Tree=18
num_leaves=63
num_cat=44
split_feature=3 1 1 4 9 1 1 4 9 4 1 1 1 1 4 4 1 7 7 1 1 4 1 1 1 7 1 1 4 1 4 3 7 4 1 1 6 1 3 3 1 4 4 6 6 3 9 7 3 11 6 6 1 1 11 1 4 6 1 1 9 6
split_gain=321.786 221.701 169.281 122.903 118.602 102.802 96.1124 79.0326 89.2532 66.6157 64.5455 61.0031 55.1177 41.1292 39.8361 34.6872 30.0169 29.7804 31.3855 34.6252 34.3382 27.2182 26.9499 25.7051 24.9955 24.1491 53.5884 37.0881 24.118 23.8425 22.3867 18.53 18.3711 18.2963 17.9973 17.9523 17.6938 21.8684 18.8931 17.1176 17.0024 16.0123 15.1453 15.1215 15.1006 14.8572 15.9402 13.9306 13.4168 14.3256 13.3585 13.2965 13.137 12.6169 22.7757 12.3634 12.1193 12.1144 11.582 10.1708 9.65327 9.52546
threshold=0 1 2 3 10.500000000000002 4 5 6 10.500000000000002 7 8 9 10 11 12 13 14 2.5000000000000004 5.5000000000000009 15 16 17 18 19 20 2.5000000000000004 21 22 23 24 25 26 5.5000000000000009 27 28 29 29.500000000000004 30 31 32 33 34 35 15.500000000000002 188.50000000000003 36 7.5000000000000009 4.5000000000000009 37 13.500000000000002 235.50000000000003 168.50000000000003 38 39 10.500000000000002 40 41 315.50000000000006 42 43 10.500000000000002 13.500000000000002
decision_type=9 9 9 9 2 9 9 9 2 9 9 9 9 9 9 9 9 2 2 9 9 9 9 9 9 2 9 9 9 9 9 9 2 9 9 9 2 9 9 9 9 9 9 2 2 9 2 2 9 2 2 2 9 9 2 9 9 2 9 9 2 2
left_child=2 7 30 11 6 14 28 8 15 -4 -11 50 33 44 -6 22 48 29 19 39 60 -15 -2 -17 -9 26 -14 -27 55 56 -1 -10 34 40 -30 -35 61 -38 -39 -19 -8 -18 -21 -16 -7 52 53 51 49 -13 -3 -40 -26 -47 -55 -5 -12 -23 -45 -48 -20 -32
right_child=1 3 9 4 5 13 12 24 31 10 17 16 25 21 43 23 41 18 20 42 -22 57 -24 -25 45 27 -28 -29 32 -31 36 -33 -34 35 -36 -37 37 38 47 -41 -42 -43 -44 58 -46 46 59 -49 -50 -51 -52 -53 -54 54 -56 -57 -58 -59 -60 -61 -62 -63
leaf_value=-0.021869370682969735 -0.007974824525246893 0.021396967959080856 -0.024011006860415962 -0.012208178253161152 0.040517912790951842 -0.018540995317619279 0.0015120800863207052 -0.002081745453835404 0.041638423987131516 0.016495641588595022 0.020659228327125689 -0.0025904675567127501 0.00041256350574814807 0.030038533265914082 -0.044525219973553645 0.039413655045673096 0.021241426440378998 0.00094628360373061327 -0.00085293789154686781 -0.0021160291291422106 -0.019795416790584233 -0.0015873273688198908 0.021353788007798493 0.01521509994710888 0.016434746418018887 0.0031033990696198834 -0.013920119322274339 -0.0043158015068563817 -0.0074260502188356675 -0.01769067262506897 -0.01617280051920289 0.040827932076167556 -0.022993762452401791 0.0098225858974941745 -0.01858413947714568 -0.0028283973101350893 -0.017893409701686958 -0.018789650716291961 -0.01885918520134118 -0.017533226548285687 0.014754942090237056 0.00808983834650563 0.0075303114176426544 0.0067024374618654793 0.0023988998268997808 0.02271936337608307 0.030703718545373994 0.0057770266295388345 -0.0075114814323680229 0.026633820437731805 0.034873353289995593 -0.00022192412731495971 -0.012331182986937757 -0.033914956663579091 0.0175027184383728 0.0056765806357766905 -0.011270109348260504 0.015254766238531892 0.02096477956225723 0.016432736933741945 0.0045979630910929718 -0.021128666534930941
leaf_weight=323 379 782 414 111 689 502 572 800 389 879 101 62 1888 449 41 403 239 239 49 414 463 1373 715 618 105 2617 2594 2886 678 1243 98 294 337 562 1422 1379 808 331 303 440 946 1379 989 446 160 219 369 188 466 45 285 232 228 145 390 250 984 271 414 255 54 441
leaf_count=323 379 782 414 111 689 502 572 800 389 879 101 62 1888 449 41 403 239 239 49 414 463 1373 715 618 105 2617 2594 2886 678 1243 98 294 337 562 1422 1379 808 331 303 440 946 1379 989 446 160 219 369 188 466 45 285 232 228 145 390 250 984 271 414 255 54 441
internal_value=-0.00047317 0.0020779 -0.00873598 1.8864e-05 -0.0014104 0.00592635 -0.00337397 0.0113085 0.017094 -0.00419653 -0.00280477 0.00902693 -0.0016129 5.42495e-05 0.016 0.0120804 0.00420264 -0.00501404 -0.00139728 0.00144092 -0.0118375 0.00349501 0.00570652 0.0186712 0.00481952 -0.00349675 -0.0062249 -0.00128112 -0.0117877 -0.00914948 -0.0191295 0.0328697 -0.0135881 0.00381954 -0.0119048 0.000589441 -0.017275 -0.0150376 -0.00996241 -0.00776488 0.00791885 0.00767813 0.00590941 0.00883644 -0.0107143 0.00822196 0.0105187 -0.00525239 -0.00557461 0.00982906 0.0188022 -0.00943925 -0.00131195 0.00570292 0.00137615 0.000404313 -0.00360731 0.000483676 0.0103488 0.0165064 0.0137168 -0.0253247
internal_weight=38147 29154 8993 23845 20587 4345 16242 5309 2798 6269 5855 3258 13444 2755 1590 2115 2191 4976 2648 2082 566 2093 1094 1021 2511 9985 4482 5503 2798 2328 2724 683 2437 3459 2100 1941 2401 1862 1054 679 1518 1618 1403 901 662 1711 1378 723 573 107 1067 535 333 754 535 361 1085 1644 860 624 103 539
internal_count=38147 29154 8993 23845 20587 4345 16242 5309 2798 6269 5855 3258 13444 2755 1590 2115 2191 4976 2648 2082 566 2093 1094 1021 2511 9985 4482 5503 2798 2328 2724 683 2437 3459 2100 1941 2401 1862 1054 679 1518 1618 1403 901 662 1711 1378 723 573 107 1067 535 333 754 535 361 1085 1644 860 624 103 539
cat_boundaries=0 2 8 14 21 27 33 40 46 52 58 64 70 77 81 87 93 98 103 109 115 121 127 133 140 146 152 153 159 165 171 177 179 181 187 193 197 199 201 207 213 218 224 229 234
cat_threshold=1557206739 184549444 1746969282 134795268 1090527236 17563784 69640 16842756 1082654755 536887296 2290359304 539230210 138412080 68947969 17047080 282631172 134348928 0 1619018272 536903696 128 1572864 46137921 134628033 100798485 872546336 303104 4194568 545261088 16920 604045312 3926149952 658056 655368 8389648 2281701380 4192 16416 16 161 1 16777216 16785409 671089152 2098177 33554432 688914432 1093140544 84410625 436731912 42468418 16450 25298224 71304193 2150647328 2147486736 12582917 44056832 33557504 2234515776 13111552 2191655234 12583937 9699585 67388416 1157636352 2416967688 64 1086325764 12587264 0 16 0 4128 0 268435456 32 131080 16 0 4128 1327108 50331920 142743680 69353472 532480 4198528 69304320 138412065 270680640 2214725633 265 35651584 0 0 268566528 2147483649 8 0 16 0 32 64 2097856 4 16777220 17039360 0 16842756 1073750528 4 8192 0 8 65536 1073750144 53248 8196 0 0 4 285544464 4194320 406291585 134237184 268959744 42066 25821188 1107296256 337644576 268453909 84541604 37752834 524288 0 0 194 262144 278528 1 65552 46149633 269639808 2164282384 67174665 12648708 90112 0 0 536870912 0 33554432 131072 524304 16 512 4096 0 344064 4194560 8388640 16384 65536 33554496 133120 1024 16777472 524544 35651650 0 1 1073741859 0 2290097152 536870914 32 266240 1114243 4 470810688 134217728 1024 17826048 13107456 35651906 0 262401 4096 526336 0 0 1073758208 32768 8396800 0 536870912 1073741840 524288 2148007945 32 17 2097152 0 0 16777344 0 65536 536871426 4 16777216 8 8 16777216 256 8388640 0 0 33554752 16384 131072 0 1073741824 4194304 1024 1048576 8389184 410112 100663301 268435456 134250562 134217728 0 786440 4096
is_linear=0
shrinkage=0.05


Tree=19
num_leaves=63
num_cat=39
split_feature=0 4 0 4 9 4 9 2 2 2 2 2 3 4 2 4 9 4 3 4 4 2 9 2 3 9 9 3 4 9 2 9 2 2 7 3 7 2 3 3 7 2 2 9 9 4 2 7 0 4 7 2 3 0 2 9 7 2 7 2 9 3
split_gain=432.318 163.325 139.914 116.286 67.4956 66.9814 92.7798 88.3431 62.8424 57.8509 55.8474 55.1192 46.7017 43.9194 41.5819 38.89 38.0417 43.6517 42.4379 33.4981 30.3686 28.5374 25.829 24.5005 26.5175 24.4541 24.2146 23.7273 23.2269 22.8887 22.0251 21.5093 20.9604 20.3319 20.3144 19.1844 19.1733 45.7187 19.2163 18.7594 18.6943 18.694 18.0539 18.0068 16.4307 16.3382 16.1577 17.56 15.9746 14.9572 14.8836 14.5545 14.1325 14.0016 13.8198 13.7197 13.0734 13.3863 13.0428 12.9521 18.3443 13.03
threshold=1.5716603543580625 0 1.9963237975540058 1 10.500000000000002 2 8.5000000000000018 3 4 5 6 7 8 9 10 11 6.5000000000000009 12 13 14 15 16 9.5000000000000018 17 18 11.500000000000002 5.5000000000000009 19 20 6.5000000000000009 21 6.5000000000000009 22 23 2.5000000000000004 24 5.5000000000000009 25 26 27 1.5000000000000002 28 29 10.500000000000002 1.5000000000000002 30 31 2.5000000000000004 1.4970733007305452 32 3.5000000000000004 33 34 1.4219461736709513 35 4.5000000000000009 2.5000000000000004 36 2.5000000000000004 37 7.5000000000000009 38
decision_type=2 9 2 9 2 9 2 9 9 9 9 9 9 9 9 9 2 9 9 9 9 9 2 9 9 2 2 9 9 2 9 2 9 9 2 9 2 9 9 9 2 9 9 2 2 9 9 2 2 9 2 9 9 2 9 2 2 9 2 9 2 9
left_child=3 23 4 9 11 6 7 26 19 39 31 12 22 -5 25 55 17 21 30 46 -12 44 54 24 -2 43 -4 -10 48 -28 52 33 -33 -7 -30 -34 38 -38 -17 50 -20 -29 -26 -8 -15 -25 -6 -48 -11 -14 -1 -21 -18 -36 -3 -13 -19 -58 -27 60 -42 -61
right_child=1 2 5 13 8 10 14 -9 27 28 20 15 49 16 -16 36 18 56 40 51 -22 -23 -24 45 42 58 29 41 34 -31 -32 32 35 -35 53 -37 37 -39 -40 -41 59 -43 -44 -45 -46 -47 47 -49 -50 -51 -52 -53 -54 -55 -56 -57 57 -59 -60 61 -62 -63
leaf_value=-0.019531075148866605 -0.02726271128478577 -0.0046735346350454008 0.0071134347967996671 0.014681521416810079 0.016106799423429765 -0.013062661607828497 0.042338738575993753 0.029117370970195913 -0.0083800582780489304 -0.018485811830428158 -0.032607971931698371 0.010521929454299762 0.015855120772866611 -0.0023772493736560932 0.026507843236142969 0.0063170456726555193 0.00042084146129149906 -0.011555361861479586 -0.022574198402755909 -0.0046561588949976035 0.019238644277495495 -0.011201282782309908 -0.02144958444703747 5.5780797882909466e-05 0.021444014203712849 -0.0059289850357998166 -0.027343977198760444 0.012386695890064459 -0.017887369033826019 -0.0044212403722993293 -0.0080260573255005081 -0.0011086242164761728 0.0003197581526003801 0.011221440426433239 0.0043751102055507697 0.037312959407095073 -0.020639487129441747 0.0072180409377181733 -0.00080836494639601191 -0.019638889836072329 0.007250633308352683 -0.0035812730697013409 -0.013142275373557761 0.041254531829065223 -0.025481162503959799 -0.011480167301839973 0.048447398534963784 0.041414365487697592 0.008521601783191125 -0.0021562383027466827 -0.01561117231285093 0.017844181447405322 0.012358581183666284 -0.016547069928490254 -0.012610467612457078 0.037403263107932697 0.005627243931256032 -0.006353325218159356 0.022147388183746643 -0.020886754544037781 -0.0096758791679615319 -0.0059732552226624382
leaf_weight=628 255 442 740 444 218 663 235 1240 381 150 108 238 214 104 579 3458 1622 843 413 118 2128 1363 216 833 103 41 192 417 755 237 1170 631 341 457 79 555 493 494 3341 733 121 486 762 467 844 452 227 280 269 1217 289 638 731 682 709 236 379 595 83 221 341 446
leaf_count=628 255 442 740 444 218 663 235 1240 381 150 108 238 214 104 579 3458 1622 843 413 118 2128 1363 216 833 103 41 192 417 755 237 1170 631 341 457 79 555 493 494 3341 733 121 486 762 467 844 452 227 280 269 1217 289 638 731 682 709 236 379 595 83 221 341 446
internal_value=-0.000436469 0.00344032 0.00476254 -0.00774467 0.00163857 0.00973324 0.0146967 0.00877958 0.00862568 -0.0154242 0.00581443 -0.000108519 -0.00616097 -0.0048668 0.0249466 0.0019468 -0.0056123 -0.0091812 -0.00271471 0.0155936 0.0116207 -0.0137225 -0.0127451 -0.0089234 -0.0143363 0.032177 -0.00114504 0.000463679 -0.00943445 -0.0106061 0.000325502 0.000884456 0.00474787 -0.004375 -0.0123198 0.00960265 0.0010903 -0.00542047 0.00203706 -0.0223494 -0.00960052 0.00487404 -0.00988571 0.0361823 -0.0204593 -0.00413127 0.0233333 0.02853 0.00104895 0.000173491 -0.0169903 0.00796345 0.00311045 -0.00663601 -0.00986099 0.0157025 -0.00331144 0.000616016 0.0120968 -0.00633304 0.000211864 -0.010709
internal_weight=38147 24925 22520 13222 13823 8697 3814 2409 2765 3585 4883 11058 2798 9637 1405 8260 9193 4128 5065 1481 2236 2311 1367 2405 1120 826 1169 1284 1935 429 3523 2647 1527 1120 1516 896 7786 987 6799 1650 1542 903 865 702 948 1285 725 507 419 1431 917 756 2353 761 1151 474 1817 974 124 1129 462 667
internal_count=38147 24925 22520 13222 13823 8697 3814 2409 2765 3585 4883 11058 2798 9637 1405 8260 9193 4128 5065 1481 2236 2311 1367 2405 1120 826 1169 1284 1935 429 3523 2647 1527 1120 1516 896 7786 987 6799 1650 1542 903 865 702 948 1285 725 507 419 1431 917 756 2353 761 1151 474 1817 974 124 1129 462 667
cat_boundaries=0 7 13 20 22 24 26 28 30 32 37 39 45 52 55 62 67 69 71 73 75 79 81 83 85 87 89 92 94 96 98 105 107 114 116 118 120 122 124 126
cat_threshold=2424397825 2228232 16777218 3964666386 4195329 41960448 20 805527556 2097448 2684354561 1611819536 1089 35651588 4096 1040 134218240 4128 16448 295056 129 134219284 17531780 1076563468 13074946 134217730 2115744 67964672 16815908 390 4562182 1082786058 536870912 6440 273164288 0 0 16928 144 19957504 1056 79694848 2147483648 128 1082130432 536870928 16 1040 0 4130 0 65552 161 2149974016 3224903689 11 0 16 2147483652 135200 16384 268435456 32 0 1048576 0 0 8192 470818816 524448 3232571941 29663496 134217857 1 1077940224 2155896840 212992 8 0 1073741840 1376813056 2637984 331520 1024 589824 16782592 8916992 2684354568 3290564705 8 26480687 10534944 10 343945474 33554432 2147483681 28680 66048 16809984 2416001024 131072 2 1140850704 0 8404992 4 1073743872 294914 528384 5242880 2147484160 0 64 268468224 32 2621448 12582912 2097152 2149580809 4 329728 33595394 1572872 234881282 1065096 524288 679477312
is_linear=0
shrinkage=0.05


Tree=20
num_leaves=63
num_cat=33
split_feature=4 2 9 4 4 4 2 2 2 3 4 4 2 3 9 2 7 7 6 11 7 7 3 2 9 2 6 11 2 2 7 7 2 2 9 3 4 2 3 9 2 4 7 6 2 9 2 2 6 2 6 9 2 11 9 6 7 9 6 11 6 2
split_gain=274.406 182.501 111.642 136.304 116.034 86.1421 61.652 43.1186 40.2175 38.74 36.0771 33.548 29.6634 41.9924 29.5725 28.3148 27.3804 29.9826 34.4031 26.9736 26.4413 26.2197 24.7246 23.2753 22.2179 25.7723 21.7218 20.7668 24.7068 19.6944 19.5638 23.0002 17.6401 17.3017 17.0366 16.6058 15.7507 15.5437 22.2583 20.6091 14.3713 21.5609 14.3023 14.0491 13.9591 13.6068 24.4862 21.5182 13.3481 13.1164 18.5055 12.948 12.4523 11.9362 11.8094 11.77 25.7383 30.4465 11.536 11.0722 10.8201 10.6172
threshold=0 1 10.500000000000002 2 3 4 5 6 7 8 9 10 11 12 8.5000000000000018 13 2.5000000000000004 4.5000000000000009 768.50000000000011 11.500000000000002 5.5000000000000009 4.5000000000000009 14 15 7.5000000000000009 16 172.50000000000003 10.500000000000002 17 18 5.5000000000000009 1.5000000000000002 19 20 11.500000000000002 21 22 23 24 9.5000000000000018 25 26 3.5000000000000004 57.500000000000007 27 6.5000000000000009 28 29 647.50000000000011 30 87.500000000000014 9.5000000000000018 31 13.500000000000002 7.5000000000000009 992.50000000000011 1.5000000000000002 8.5000000000000018 95.500000000000014 1.5000000000000002 261.50000000000006 32
decision_type=9 9 2 9 9 9 9 9 9 9 9 9 9 9 2 9 2 2 2 2 2 2 9 9 2 9 2 2 9 9 2 2 9 9 2 9 9 9 9 2 9 9 2 2 9 2 9 9 2 9 2 2 9 2 2 2 2 2 2 2 2 9
left_child=6 5 4 8 15 7 11 14 -4 -8 29 19 20 24 22 51 55 43 35 21 37 -1 -2 48 53 -26 -22 28 54 -7 31 32 -29 -33 -10 -19 -30 39 -39 -6 41 -11 -24 -18 -16 46 -15 -47 -5 50 -13 -3 -32 -14 59 -9 57 -57 -21 -12 -42 -28
right_child=1 2 3 23 12 10 9 16 34 40 27 49 13 45 44 -17 17 18 -20 58 26 -23 42 -25 25 -27 61 30 36 -31 52 33 -34 -35 -36 -37 -38 38 -40 -41 60 -43 -44 -45 -46 47 -48 -49 -50 -51 -52 -53 -54 -55 -56 56 -58 -59 -60 -61 -62 -63
leaf_value=-0.013401311243454429 0.0014513677523268821 0.01186022125282582 0.0099894793316043125 -0.0027814019020910631 -0.0051922094923036793 0.019863502834727265 -0.021992479984178512 -0.0091606392048019236 0.04035722706866527 -0.027426510865374565 0.01871207327721271 0.0327087890255576 -0.00051599133135307176 0.017312359987705719 -0.016167594386968888 0.028433467071321373 -0.0029907042571183152 -0.0017655653700221598 0.0042302316722400927 -0.026491660279102026 -0.0067918243138231256 0.0053986961654771352 -0.022902316789442302 0.014720800024747682 0.037185521375805886 0.0050351075042863961 -0.032377872786922959 0.0033898118765224305 0.014770990643397859 0.0019702760403072397 0.0024280618418791259 0.00040865425076034857 -0.010521383659331441 0.0067165802843286992 0.018475705329774161 -0.013825949860097692 -0.012665054965189354 0.0066490141454239706 -0.0045822411277440028 -0.0083679055728263837 -0.012661010303401388 0.0082753870054507409 -0.0087290206319296411 0.0079279657758957959 -0.00084173957342092987 0.015876459837547447 -0.0095018934767861947 -0.0043069791290630708 0.049011515864225488 -0.019090288716380778 -0.022840663470175951 -0.0079278459552922561 -0.012709205072238617 0.0096716263814556232 0.012247485560671546 -0.022284488515960404 -0.01603502293389179 0.002096382304751876 -0.016329608600279346 -0.010585615645098212 0.0011595704255731975 -0.013417377761670358
leaf_weight=83 279 945 376 839 1359 789 408 1903 969 135 46 44 863 339 275 1252 343 727 40 69 373 86 1493 1303 512 323 134 785 140 593 285 1438 787 1770 362 314 1206 1638 1559 252 762 542 803 912 827 460 1445 607 58 1103 85 68 398 1038 424 42 74 40 233 423 252 115
leaf_count=83 279 945 376 839 1359 789 408 1903 969 135 46 44 863 339 275 1252 343 727 40 69 373 86 1493 1303 512 323 134 785 140 593 285 1438 787 1770 362 314 1206 1638 1559 252 762 542 803 912 827 460 1445 607 58 1103 85 68 398 1038 424 42 74 40 233 423 252 115
internal_value=-0.000467927 0.00094455 0.00458457 0.0120169 0.00240175 -0.00270302 -0.0131952 -0.0064588 0.0225684 -0.00737316 0.000637783 -0.020286 0.000276594 0.00283187 -0.0104557 0.0126813 -0.00309875 0.000599315 -0.00550416 -0.00841996 -0.00235294 0.00739645 -0.0134175 0.00371041 0.0072469 0.0140719 -0.0120579 -0.000700207 -0.00475659 0.00804598 0.00096101 0.00209205 -0.0028626 0.00451995 0.0267338 -0.00725264 -0.00899705 -0.00110233 0.000919863 -0.00508945 -0.00396825 0.00167394 -0.0150911 0.00585657 -0.00362976 -0.00141559 -0.00409193 0.00304592 -0.00248071 -0.0247182 -0.00755396 0.00630499 -0.00695461 0.00428722 0.0017165 -0.00730937 -0.0205128 -0.00121951 -0.0175497 -0.00373134 -0.00771484 -0.023494
internal_weight=38147 34345 17189 3907 13282 17156 3802 8072 1707 2099 9084 1703 11017 5587 3677 2265 4395 2336 1081 471 5430 169 2575 2200 2736 835 622 7702 2239 1382 5463 4780 1572 3208 1331 1041 1346 4808 3197 1611 1691 677 2296 1255 1102 2851 1784 1067 897 1232 129 1013 683 1901 893 2059 156 82 302 469 1014 249
internal_count=38147 34345 17189 3907 13282 17156 3802 8072 1707 2099 9084 1703 11017 5587 3677 2265 4395 2336 1081 471 5430 169 2575 2200 2736 835 622 7702 2239 1382 5463 4780 1572 3208 1331 1041 1346 4808 3197 1611 1691 677 2296 1255 1102 2851 1784 1067 897 1232 129 1013 683 1901 893 2059 156 82 302 469 1014 249
cat_boundaries=0 6 8 15 22 29 31 33 35 37 43 47 49 51 53 55 57 59 61 63 65 67 68 75 77 80 82 86 88 90 92 94 96 98
cat_threshold=805396481 19136808 16785409 3960491538 2098177 35651584 1041801507 7096458 8 1049616 2147483648 135264 16448 32768 33 792096 4197376 2281701888 64 1073741824 536903824 128 2156003348 0 2952806400 143456 4980800 75497604 32 211878401 11651208 235929858 526464 3221487680 135172 603979777 2147483652 6176 348662784 201326592 0 1082146816 262160 268435456 0 0 201327106 3231842316 17007904 2233504013 2637856 1074007068 16786948 8192 2818572288 2157971032 8398368 265280 4612 101712128 4718730 906002467 2097288 906002434 4196480 771760131 4196480 10616832 8 0 4 0 8192 0 128 8388612 98336 17465348 3758112769 2 1644693700 4326146 536870912 32 0 67108864 2 2048 67072 512 80 8196 67174912 8 773325056 2178 2228224 32768
is_linear=0
shrinkage=0.05


Tree=21
num_leaves=63
num_cat=46
split_feature=4 1 1 4 1 4 4 9 1 3 9 1 4 1 4 1 1 4 1 1 2 4 1 1 3 1 2 11 4 1 3 9 1 11 1 3 1 2 4 6 3 6 1 1 3 2 9 6 11 3 6 2 3 3 8 8 4 6 6 1 11 1
split_gain=264.559 214.194 126.133 84.6562 77.1413 75.8235 75.16 72.845 95.0964 79.7647 70.8928 58.0422 45.4535 37.8289 34.5397 53.944 37.7135 32.8822 31.7037 30.7636 30.6828 36.0754 28.2922 27.1188 24.1362 22.8847 22.8097 22.3458 20.4203 19.4012 19.37 17.5446 17.2667 16.7223 16.6625 16.3201 15.5942 14.7425 17.5513 14.0643 13.8556 13.8127 13.6865 13.4595 19.9563 12.9431 12.8382 11.8701 11.0191 10.6705 10.1478 9.97812 9.70113 9.34292 9.26872 9.26853 9.1101 8.91369 12.5498 8.82262 8.7848 8.71585
threshold=0 1 2 3 4 5 6 10.500000000000002 7 8 9.5000000000000018 9 10 11 12 13 14 15 16 17 18 19 20 21 22 23 24 14.500000000000002 25 26 27 6.5000000000000009 28 11.500000000000002 29 30 31 32 33 70.500000000000014 34 95.500000000000014 35 36 37 38 3.5000000000000004 21.500000000000004 13.500000000000002 39 87.500000000000014 40 41 42 1.0000000180025095e-35 1.0000000180025095e-35 43 10.500000000000002 19.500000000000004 44 8.5000000000000018 45
decision_type=9 9 9 9 9 9 9 2 9 9 2 9 9 9 9 9 9 9 9 9 9 9 9 9 9 9 9 2 9 9 9 2 9 2 9 9 9 9 9 2 9 2 9 9 9 9 2 2 2 9 2 9 9 9 2 2 9 2 2 9 2 9
left_child=4 5 6 13 35 22 19 11 52 18 12 28 32 -4 16 -16 -13 26 -10 31 21 33 49 -11 34 -12 -6 43 -5 -26 50 48 -7 55 -8 -1 39 -15 -39 47 -27 -37 46 54 -45 -32 -14 -29 -3 -2 -22 -23 -9 -30 -24 -19 -31 -21 -59 -54 -56 -33
right_child=1 2 3 7 17 10 24 8 9 23 25 14 42 37 15 -17 -18 20 -20 57 30 51 27 -25 29 40 -28 36 53 56 45 61 -34 -35 -36 41 -38 38 -40 -41 -42 -43 -44 44 -46 -47 -48 -49 -50 -51 -52 -53 59 -55 60 -57 -58 58 -60 -61 -62 -63
leaf_value=-0.019355922048158017 0.0050064887845148731 -0.03589893463392748 -0.0022590362466226202 0.017123172934060026 0.0011945431286576769 -0.0087292538151366953 0.022645400093846125 -0.00017504700153787579 0.032924183402501098 -0.0023647063201270194 0.011999552902349532 -0.0011893590520567988 0.023174001667857269 0.039988609117223156 -0.010018099140125913 0.0030525177443879283 -0.010659205744091162 0.0028053442065807625 0.022151383197649446 0.0084233471831106806 -0.035779538477025953 -0.012159733912381322 0.0016066646110078908 0.013111540321954808 -0.0011669961423982579 0.038721353501011913 -0.021060743820129194 0.0091584007627770643 0.0028040292753694854 -0.023676244359306847 -0.015258556036244998 -0.014360425839454738 0.010815671161364226 -0.0079609331162322165 -0.00049592926007215878 -0.019056853284309672 0.0086550717261476562 0.0025401763719998141 0.020586374506232952 0.018328703796350678 0.045518410292323508 -0.012318173472651029 0.014017894703470946 0.028066548831111822 -0.0081611972236026401 0.0092738023722520931 0.037558175452236553 0.039276770848309807 -0.015047240678438484 -0.0079496288019886962 -0.007731587927016015 -0.024644151325867725 -0.0032322084888961379 -0.0027440037547787014 -0.028137230349541867 0.0051287613572032825 -0.009372070135438771 -0.020104520393520543 -0.0071865119242484178 -0.015356626181201483 -0.0096254147926989175 -0.013661329383748144
leaf_weight=492 445 311 318 531 105 350 243 381 717 819 112 2370 203 331 1381 4050 3727 71 697 40 55 282 332 1213 1727 440 385 68 3498 156 105 103 586 195 321 330 385 317 587 156 327 565 525 226 152 714 428 215 384 584 206 247 351 1039 45 68 737 189 1163 435 109 503
leaf_count=492 445 311 318 531 105 350 243 381 717 819 112 2370 203 331 1381 4050 3727 71 697 40 55 282 332 1213 1727 440 385 68 3498 156 105 103 586 195 321 330 385 317 587 156 327 565 525 226 152 714 428 215 384 584 206 247 351 1039 45 68 737 189 1163 435 109 503
internal_value=-0.000486277 0.000904272 -0.000856923 0.000829967 -0.0129504 0.00975781 -0.00738067 2.35638e-06 0.00556037 0.00972222 0.0152801 -0.00154254 0.010325 0.0120601 -0.00350147 -0.000597317 -0.00608318 -0.00751126 0.0188202 -0.013522 -0.00453149 -0.011512 0.00368537 0.00333007 -0.0021603 0.0272469 -0.019 0.00765607 0.00291453 -0.00418251 0.00110092 -0.0191076 0.00200846 0.00145349 0.00714286 -0.0223694 0.0135922 0.0160241 0.0123632 0.0199332 0.0301802 -0.0177348 0.0168954 0.00208333 0.00902062 0.0048854 0.0220749 0.0270318 -0.0246763 -0.00283927 -0.0105166 -0.0195733 -0.00675446 0.00181438 -0.00342742 0.0147482 -0.0101329 -0.00820257 -0.0089497 -0.00992462 -0.0136364 -0.0130363
internal_weight=38147 34327 28639 22762 3820 5688 5877 21209 4613 3446 2971 16596 2092 1553 11528 5431 6097 2433 1414 2693 1943 863 2717 2032 3184 879 490 1688 5068 2620 1080 1301 936 334 564 1387 824 1235 904 439 767 895 1156 864 378 819 631 283 695 1029 261 529 1167 4537 486 139 893 1392 1352 786 154 606
internal_count=38147 34327 28639 22762 3820 5688 5877 21209 4613 3446 2971 16596 2092 1553 11528 5431 6097 2433 1414 2693 1943 863 2717 2032 3184 879 490 1688 5068 2620 1080 1301 936 334 564 1387 824 1235 904 439 767 895 1156 864 378 819 631 283 695 1029 261 529 1167 4537 486 139 893 1392 1352 786 154 606
cat_boundaries=0 6 12 18 24 30 36 42 48 51 57 61 67 74 80 86 92 98 104 106 112 118 124 127 133 135 142 148 149 155 161 163 169 171 177 178 184 190 192 194 196 198 201 204 210 216 221
cat_threshold=813785089 19136808 16785409 3960489490 2098177 33555456 1744842432 136859652 1157636100 43515912 65544 16974084 100941824 537002144 2315520024 604045312 3762572224 524424 17042976 273198084 134218240 0 1610661888 32912 1083180049 604000256 2149851168 2686453762 4112 67637248 0 80871424 2147484164 131208 24578 872743168 131088 16 536870916 143392 4456514 67141636 8519712 1157636352 282133792 2146 33809 12589072 8519684 3758096385 3 27295744 3306160448 2621729 2147487042 8918021 9437249 0 16 536870912 4128 2097156 33554752 4849664 2359360 524288 4206594 2147614724 16 536870916 8525984 8912900 278937856 5 1245457 8421377 115392 128 33562624 67108864 1249557 8421377 1163968 404881588 33562626 16386 1 18874368 0 2684355072 2098177 33554432 19922961 41975872 147968 17043477 67633184 1024 0 536870912 2281701392 603979776 3762290688 524416 67543317 3756200 268435456 40 0 201326592 0 1024 1073753216 16384 67108868 41943040 8 131072 19988757 41943057 541313 2149712901 524292 1049602 2164260904 8912921 8 0 134742016 16777216 8388608 0 260 1441808 17302528 528392 0 2147483648 0 8388640 16384 128 278528 128 168034304 603979776 3225421888 524416 134217731 3776 2097156 16785412 33554440 0 16777220 0 32 2281965568 0 541327616 128 193 1 536871424 134217728 16785408 524296 0 256 547651588 201248 0 4202496 512 0 0 32784 131072 1073750528 4100 67117060 524288 8 65540 64 136314880 8192 0 0 16843012 8421376 2097152 12058624 8192 524288 1621098499 67281156 4232 11042816 1207959553 8 1101955336 11010048 1 0 0 2147483648 0 0 276824064 0 0 5309472 2080 0 6144 0 0 2147483648 0 3221225472
is_linear=0
shrinkage=0.05


Tree=22
num_leaves=63
num_cat=38
split_feature=0 4 0 4 4 4 9 2 2 2 2 2 4 3 2 9 4 4 2 2 3 9 2 9 9 3 4 2 3 9 2 2 9 3 9 2 2 3 9 2 2 0 0 3 3 6 11 9 9 9 2 6 0 11 9 3 6 2 3 3 2 9
split_gain=353.17 136.128 120.184 109.93 56.9255 56.902 96.5495 70.3058 52.8554 50.7233 50.4286 39.9357 38.6699 34.9124 25.3262 23.9515 42.7098 40.1102 27.4397 24.3828 22.7495 22.7253 39.8616 21.9731 23.276 21.7339 21.1195 20.4061 24.7924 19.6842 20.6266 19.4716 18.8243 18.3041 31.322 17.2307 17.1695 17.0373 26.9732 22.0843 16.9936 16.8365 16.201 15.8361 15.7856 15.6522 15.56 15.1541 15.0738 14.9661 14.9546 14.8258 14.6038 14.4296 13.6225 13.5115 13.1956 13.1898 12.4661 12.4089 12.3877 12.6923
threshold=1.5716603543580625 0 1.9963237975540058 1 2 3 8.5000000000000018 4 5 6 7 8 9 10 11 6.5000000000000009 12 13 14 15 16 10.500000000000002 17 5.5000000000000009 6.5000000000000009 18 19 20 21 6.5000000000000009 22 23 8.5000000000000018 24 7.5000000000000009 25 26 27 10.500000000000002 28 29 1.4970733007305452 1.6876038089492076 30 31 20.500000000000004 10.500000000000002 11.500000000000002 10.500000000000002 1.5000000000000002 32 482.50000000000006 1.3352404934961257 7.5000000000000009 6.5000000000000009 33 57.500000000000007 34 35 36 37 11.500000000000002
decision_type=2 9 2 9 9 9 2 9 9 9 9 9 9 9 9 2 9 9 9 9 9 2 9 2 2 9 9 9 9 2 9 9 2 9 2 9 9 9 2 9 9 2 2 9 9 2 2 2 2 2 9 2 2 2 2 9 2 9 9 9 9 2
left_child=3 14 4 10 31 6 7 23 20 47 25 12 50 -5 51 16 18 19 46 -17 -7 32 -23 -4 -25 -1 41 33 53 35 43 -3 -14 -19 -35 44 -18 57 40 -40 -39 -12 -33 -31 -10 -27 -15 48 -8 -48 56 -2 -47 -29 -44 -28 -6 -13 -22 -16 61 -21
right_child=1 2 5 13 11 8 9 -9 29 -11 26 37 21 15 59 17 36 27 -20 60 58 22 -24 24 -26 45 55 28 -30 30 -32 42 -34 34 -36 -37 -38 38 39 -41 -42 -43 54 -45 -46 52 49 -49 -50 -51 -52 -53 -54 -55 -56 -57 -58 -59 -60 -61 -62 -63
leaf_value=-0.016946998998058002 -0.014859064520452048 0.0033651011752329654 0.0055607298075619482 0.007662661196927001 0.0050866743262894427 -0.030833244014493499 0.039048434477302468 0.024057729735528711 0.015907276943741628 0.023720423923803004 -0.016987513491147077 -0.018260231665735278 -0.0058138876598359257 -0.037090532578752854 -0.012713269240936187 0.012710102641365835 -0.008268625050925826 0.012088801573981135 -0.010517927222841995 -0.014756667525114637 0.027582585848074315 0.032712349848734106 -0.0036185346229422825 -0.031161389585032753 -0.0041250308609996787 -0.01846913829499779 -0.023290617144647519 -0.025860687363752868 -0.01926915915772769 0.00027169075776639628 -0.00076736918288036748 0.048245956329586004 -0.010216978589467452 0.0058958469423076258 -0.028279301099916016 0.010579870100269529 0.0020802232798645347 0.012781667956366462 0.003000024607194696 0.032414898917838865 0.00044751282221233701 0.0083721844838658809 0.0024395040493085055 0.030323110311603799 -0.014264135293129365 -0.011386790685042359 0.011710671479135199 0.01157845334096046 0.033640778739592592 -0.018229547604744805 0.0015061229189268167 0.00050939540347058057 -0.019735215811870949 -0.0038050784584698905 0.028652384599289572 -0.013537178507595527 0.04261540739131528 -9.5042422817259722e-05 0.011753271651434206 0.0016262627337184866 -0.00025084476532953869 0.026700306713555933
leaf_weight=712 1335 339 669 667 167 111 244 1353 108 515 142 240 2287 277 252 762 862 302 1568 324 725 307 418 168 213 281 123 77 482 309 786 116 778 109 306 347 761 1495 418 720 4490 266 197 549 713 503 64 79 474 501 620 213 124 584 324 1381 190 657 1322 677 1975 69
leaf_count=712 1335 339 669 667 167 111 244 1353 108 515 142 240 2287 277 252 762 862 302 1568 324 725 307 418 168 213 281 123 77 482 309 786 116 778 109 306 347 761 1495 418 720 4490 266 197 549 713 503 64 79 474 501 620 213 124 584 324 1381 190 657 1322 677 1975 69
internal_value=-0.000420741 0.00308325 0.00431027 -0.00702617 0.00140594 0.00891767 0.0135973 0.0076779 0.00538153 0.0245427 -0.014568 0.000511839 -0.00310865 -0.00425773 -0.00802171 -0.00507583 -0.00794694 -0.00276553 -0.0121488 0.000700637 0.0112546 -0.00539474 0.00255172 -0.00207547 -0.0116798 -0.0211043 -0.00894901 -0.00855615 -0.012706 0.000850461 0.00437956 0.0129817 -0.00729201 -0.00185695 -0.00858824 -0.00410959 -0.00162278 0.00266501 0.00348381 0.0105448 0.00214703 0.00119617 0.0181607 0.00967742 -0.00800241 -0.0154684 -0.0194836 0.032404 0.0350975 -0.0149558 0.00572442 -0.0119384 -0.011244 -0.0061848 0.0146833 -0.0116909 0.0137602 -0.00380375 0.0124696 -0.0014377 -0.00180824 -0.00980149
internal_weight=38147 24925 22448 13222 13763 8685 3715 2403 4970 1312 3532 12787 4767 9690 2477 9023 4033 4990 2410 3130 2158 3790 725 1050 381 1620 1912 1860 1143 2812 1644 976 3065 717 415 1168 1623 8020 7123 1138 5985 408 637 858 821 908 842 797 718 565 977 1548 627 661 521 1504 357 897 2047 929 2368 393
internal_count=38147 24925 22448 13222 13763 8685 3715 2403 4970 1312 3532 12787 4767 9690 2477 9023 4033 4990 2410 3130 2158 3790 725 1050 381 1620 1912 1860 1143 2812 1644 976 3065 717 415 1168 1623 8020 7123 1138 5985 408 637 858 821 908 842 797 718 565 977 1548 627 661 521 1504 357 897 2047 929 2368 393
cat_boundaries=0 7 13 20 27 29 31 33 35 37 43 45 47 54 61 63 65 67 69 71 77 79 82 84 86 88 90 92 94 96 98 100 102 104 106 108 110 112 114
cat_threshold=276914177 2097152 285212674 3973054994 4456451 41960704 20 805396484 2097448 2684354561 1611819536 1089 35651588 67109920 5245976 2214592512 2048 1619018752 536870928 32 4100 8389632 134218240 4128 64 295056 129 134218772 17531780 312639636 7424128 144 19957508 134217730 2115744 3146166 4578564 16781320 0 671089156 136 8288 268468224 2147483686 1074270226 3232703029 25506048 16 1040 0 4130 0 67174416 160 16 4197392 512 4194 8192 98576 33 470810624 524448 269492480 160 8 8 2097156 4227072 65729 7 81920 8 0 1073741840 0 4 234881282 1589384 134250496 2164277249 8 524288 17339136 1612448384 12591112 1572864 2826960960 525312 16815620 135274753 2115744 2151682304 3222798346 2760122432 19529728 201590272 12058656 8925184 2684354568 2148007968 1073758208 3146000 327684 1 4 1610874945 8388608 25165824 2097152 2181040257 557089 134217760 1050632
is_linear=0
shrinkage=0.05


Tree=23
num_leaves=63
num_cat=40
split_feature=0 1 4 4 1 9 4 1 0 1 2 1 1 4 1 1 4 4 4 7 7 1 4 1 1 1 7 4 2 7 7 4 1 9 4 1 7 5 11 1 9 1 9 1 1 9 1 9 9 11 4 1 9 4 1 9 4 9 9 1 4 4
split_gain=332.09 146.341 101.927 99.5429 73.3159 69.41 112.356 78.1365 51.7282 50.5468 47.391 45.8358 37.4959 34.3602 56.5024 44.4835 31.618 28.8757 24.8347 24.165 37.1964 36.0424 25.4361 29.1324 27.5402 23.1521 23.5731 21.4046 22.3153 20.9825 20.5329 20.0484 19.685 19.008 18.8781 18.7111 17.6708 16.6406 15.684 15.4262 15.184 15.064 14.3331 14.042 13.8026 13.4167 13.1728 14.9327 13.2737 13.1362 18.4818 17.5212 12.2036 11.6382 11.5263 11.317 10.6835 11.3314 10.5622 15.7693 10.1986 9.90614
threshold=1.5716603543580625 0 1 2 3 10.500000000000002 4 5 2.4982167260137702 6 7 8 9 10 11 12 13 14 15 2.5000000000000004 5.5000000000000009 16 17 18 19 20 4.5000000000000009 21 22 3.5000000000000004 1.5000000000000002 23 24 4.5000000000000009 25 26 3.5000000000000004 2.5000000000000004 10.500000000000002 27 11.500000000000002 28 8.5000000000000018 29 30 6.5000000000000009 31 1.5000000000000002 6.5000000000000009 9.5000000000000018 32 33 9.5000000000000018 34 35 4.5000000000000009 36 2.5000000000000004 11.500000000000002 37 38 39
decision_type=2 9 9 9 9 2 9 9 2 9 9 9 9 9 9 9 9 9 9 2 2 9 9 9 9 9 2 9 9 2 2 9 9 2 9 9 2 2 2 9 2 9 2 9 9 2 9 2 2 2 9 9 2 9 9 2 9 2 2 9 9 9
left_child=2 8 4 12 43 7 10 16 27 31 58 -8 -3 14 52 -15 25 -11 -6 21 22 61 23 -21 -24 26 -5 42 55 -20 -27 46 -16 -10 -17 37 60 -13 -33 -18 44 -22 49 -1 -40 -41 47 -4 -48 50 -2 -51 -9 -38 -31 -29 -45 -58 59 -7 -14 -19
right_child=1 3 9 5 18 6 11 13 33 17 -12 35 36 15 32 34 39 19 29 20 41 -23 24 -25 -26 30 -28 28 -30 54 -32 38 -34 -35 -36 -37 53 -39 40 45 -42 -43 -44 56 -46 -47 48 -49 -50 51 -52 -53 -54 -55 -56 -57 57 -59 -60 -61 -62 -63
leaf_value=0.00080620197993561127 -0.028988342105885981 0.00096236983024539091 0.052986473141424129 -0.0096830008210808897 -0.01791517410448636 0.032128889190420083 0.019695756753991867 0.0088609092687295891 0.012565885496994712 0.0038550509495544841 0.010228916160811142 -0.0076788713681478719 -0.010595831571784953 -0.0019811776937271987 -0.0096147789053523738 0.019522370943862999 0.019414518469850813 0.0037021515526526882 -0.015892609441757338 -0.014560960371165201 -0.0011781865044478202 -0.019739509125121658 0.0028886041160067657 0.0048195444058728555 -0.012665855916421321 -0.010930761169962812 -0.02185303819648865 -0.01281021887441618 0.026697507676166979 -0.0034756155371896192 -0.0035346966990243201 -0.0020655182580937462 -0.0017016307940040277 0.036678858822058145 0.0094211505738475265 0.0014316806470269896 0.0023411832140029566 0.011578556849238898 -0.0009731660554123001 -0.0083040250814663489 0.038880013930173964 -0.017379924468835628 0.030214563295453689 -0.018529014654327946 0.012772160875463557 0.0042379541643360998 -0.0078014249078131263 -0.016447211116986445 0.01054178132715753 0.0078149377039114405 0.01782717522722457 0.038265993444494148 0.051390593060160798 -0.0066929110608561606 -0.015603685442468825 0.0025313146221591421 -0.02394864931672876 -0.0073291866996578418 0.013766903047793311 0.037778691277884406 -0.021776920763449677 -0.0097816791878143714
leaf_weight=412 175 701 42 323 411 144 787 952 191 616 565 438 257 1700 1010 1091 372 215 982 255 200 1288 410 1056 1104 659 223 191 315 234 1402 449 1875 400 4230 1408 168 75 303 440 108 589 693 130 571 284 339 454 489 579 141 478 123 422 273 450 154 828 230 605 828 1310
leaf_count=412 175 701 42 323 411 144 787 952 191 616 565 438 257 1700 1010 1091 372 215 982 255 200 1288 410 1056 1104 659 223 191 315 234 1402 449 1875 400 4230 1408 168 75 303 440 108 589 693 130 571 284 339 454 489 579 141 478 123 422 273 450 154 828 230 605 828 1310
internal_value=-0.000446955 0.00295085 -0.00685222 0.00136948 -0.0142691 0.00258102 0.0082079 0.000953419 0.0122412 -0.00424144 0.0189189 0.00202355 -0.0082565 0.00307069 -0.000654912 0.00516996 -0.00531915 -0.0064866 -0.0208377 -0.00748019 -0.00478694 -0.0109669 -0.00210619 0.00299016 -0.00649606 -0.00831104 -0.017446 0.00962938 0.00331263 -0.0175117 -0.00581845 0.0015009 -0.00430052 0.0258037 0.00741887 -0.00214915 -0.0123145 -0.0102294 0.0055864 0.00180832 0.00916497 -0.0143853 0.0124759 -0.00599739 0.00697941 -0.00245232 -0.00292354 -0.00928854 0.000954654 0.00957757 0.000632911 0.0122517 0.00907834 -0.00542373 -0.00936884 -0.00207373 -0.00891266 -0.00695565 0.025632 0.0287717 -0.0161751 -0.00563518
internal_weight=38147 24925 13222 21312 3424 18936 4252 14684 3613 9798 1544 2708 2376 10981 3960 7021 3703 7043 1900 6427 3614 2813 2825 1311 1514 2607 546 3022 956 1489 2061 2755 2885 591 5321 1921 1675 513 1431 1096 982 789 2066 1524 874 724 1324 496 828 1373 316 1057 1075 590 507 641 1112 982 979 749 1085 1525
internal_count=38147 24925 13222 21312 3424 18936 4252 14684 3613 9798 1544 2708 2376 10981 3960 7021 3703 7043 1900 6427 3614 2813 2825 1311 1514 2607 546 3022 956 1489 2061 2755 2885 591 5321 1921 1675 513 1431 1096 982 789 2066 1524 874 724 1324 496 828 1373 316 1057 1075 590 507 641 1112 982 979 749 1085 1525
cat_boundaries=0 6 12 19 25 32 38 44 46 52 58 64 70 76 83 90 96 102 109 115 121 127 134 136 143 149 156 162 167 173 179 185 191 197 203 209 215 220 226 232 239
cat_threshold=679682560 150996992 1360007712 8917081 20 69304324 90116 2097448 2684354561 1611819536 1089 35651584 2424397841 2228256 16777218 1816142354 263171 41944320 20 0 50340000 5376040 75501649 320 9471364 8 1049616 2147483652 4128 16448 0 32 102252761 8389248 17544 17039360 1677994656 135680 512 50332736 79823937 8523859 1241516704 1181440 11011772 16815880 4438 8945664 280580 168050688 872419880 50593792 69206016 2159575124 2304 50349184 268994057 8404992 655360 8388608 268435460 8388768 4194336 335822852 1073775620 1176031488 147595328 33556482 138481664 5242945 268469252 33603872 9210177 503382016 269029376 4472832 655368 67108880 536870916 135264 0 67174400 1 6440 10241 512 134217796 549378 1048832 4 90112 256 0 536870912 1024 33554432 8716289 8192 2551448072 536870912 4194564 557060 0 131072 0 67112994 32 813694976 128 0 0 2147485704 0 4194304 561280 8519680 8320 2088 67108896 4194320 4096 33554625 128 17408 0 1610875392 512 131080 1040 134217728 4328 2 8716288 129 393232 1053192 805306368 12582928 516 67113056 532480 8650752 160 262144 6299717 67108868 1612726276 33685762 41961472 12 71306240 134217728 0 1082130432 536903696 128 1107312640 1073766400 4325512 539099136 1344 12584960 1572929 128 17416 0 262176 131072 128 2415921696 0 64 67145728 0 16777216 1048576 4113 64 260 0 1088 131072 135232 134219776 256 0 50331648 12713985 0 1107296384 1048576 0 0 0 32 0 65536 671088640 0 16781824 524297 0 65540 268435456 131104 0 0 1024 8388608 8388609 0 268697600 0 16 67108864 0 32 536870912 0 1024 524288 0 0 0 8 262144 2147483664 131072 0 8210 262146 256 268435456 1040 0 2 4194336 268697600 32
is_linear=0
shrinkage=0.05


Tree=24
num_leaves=63
num_cat=42
split_feature=0 1 4 4 4 1 1 0 1 1 4 0 2 1 1 1 1 7 7 4 1 7 4 3 1 10 3 4 2 3 4 7 7 1 4 1 1 3 1 7 1 1 3 4 11 1 3 3 7 3 6 0 11 1 0 3 3 1 10 0 6 6
split_gain=304.676 138.911 102.885 94.7817 66.8367 66.17 60.2225 59.4486 58.8578 55.8525 47.8204 45.1199 38.8168 38.3734 38.2077 35.0418 29.3897 27.4176 29.8497 28.0215 29.0411 29.9592 26.6095 23.8456 23.709 23.642 23.6287 23.0194 20.9548 20.4963 18.9399 18.5191 17.4387 17.1099 16.7858 16.6843 16.318 16.0314 14.7528 13.9072 13.3143 13.1498 12.8629 12.1273 15.4507 18.4361 12.1043 12.0526 11.9859 16.8705 15.2198 11.9075 11.865 11.2841 10.6052 10.4485 10.3298 10.1925 10.6023 10.6712 10.0708 14.2828
threshold=1.5570129483767914 0 1 2 3 4 5 2.017357837972714 6 7 8 2.4982167260137702 9 10 11 12 13 1.0000000180025095e-35 5.5000000000000009 14 15 3.5000000000000004 16 17 18 1.0000000180025095e-35 19 20 21 22 23 3.5000000000000004 4.5000000000000009 24 25 26 27 28 29 3.5000000000000004 30 31 32 33 9.5000000000000018 34 35 36 2.5000000000000004 37 351.50000000000006 1.9767950309518563 18.500000000000004 38 1.5053288997519469 39 40 41 1.0000000180025095e-35 1.4859124666409558 68.500000000000014 41.500000000000007
decision_type=2 9 9 9 9 9 9 2 9 9 9 2 9 9 9 9 9 2 2 9 9 2 9 9 9 2 9 9 9 9 9 2 2 9 9 9 9 9 9 2 9 9 9 9 2 9 9 9 2 9 2 2 2 9 2 9 9 9 2 2 2 2
left_child=2 11 5 13 6 37 -5 8 27 23 15 33 -12 -3 34 -11 26 36 19 24 30 -22 -7 25 -19 -9 -10 32 47 -18 -21 -24 -6 -2 57 -33 56 54 -20 42 -36 -29 -15 -35 51 -46 -41 -8 49 -39 -50 -45 -49 -25 -1 -38 -16 58 59 -4 61 -42
right_child=1 3 14 4 7 22 28 9 16 10 12 -13 -14 39 17 -17 29 18 38 20 21 -23 31 53 -26 -27 -28 41 -30 -31 -32 35 -34 43 40 -37 55 48 -40 46 60 -43 -44 44 45 -47 -48 52 50 -51 -52 -53 -54 -55 -56 -57 -58 -59 -60 -61 -62 -63
leaf_value=-0.0084653587349429512 5.7429915630458073e-05 0.00081677266703945048 0.034492905459277856 -0.003385666740977478 -0.0096246478622609832 -0.01701941539926204 0.045980203066056907 0.018748977384062872 0.014109533122623209 0.009567400712629532 8.9760066246069592e-05 0.029289012808726169 0.025108007140756901 -0.022506015557767975 0.010664988259689546 0.032548655313716125 0.003128707059987257 0.0092703265951761381 -0.0021409964864148481 0.0039375276803675918 -0.018886435422779898 -0.00093805757959599669 -0.014771960259600493 0.00071085140294084863 -0.00046170371076099671 -0.0034540207095931199 0.00077285560637819226 -0.0091238428540440404 0.034278383698790445 -0.0029663542128334111 -0.0041244678194406748 0.00077228466351604303 -0.016348586301066139 0.027180626358036381 -0.0061050703444453236 -0.015496598214642632 -0.024882513526606111 0.010786231525242508 -0.016449074001065784 0.00037112977432349762 0.0091572699376122335 0.0069986936996848329 -0.014825710350167233 -0.031884393005959633 0.030197248077870411 0.0075204447521460497 -0.010787697278502456 0.0084487977089863896 -0.0010893813949173214 -0.017200909779182195 0.0033632485480709741 0.010117953205801623 -0.0077754172726544613 -0.0058377235733151622 -0.014622988305869984 -0.013099740011534322 -0.019417906384106412 0.00048797962003829245 -0.02024509235837188 -0.0084581887355146268 0.011826002362265298 -0.010095651183124799
leaf_weight=43 441 762 85 446 801 425 107 374 1823 520 1533 564 620 342 103 998 2437 244 241 739 1320 749 1032 321 635 371 1456 323 766 4988 1376 238 398 938 314 296 265 127 585 285 239 385 661 109 450 758 262 319 551 421 68 183 106 554 82 395 242 785 224 129 682 111
leaf_count=43 441 762 85 446 801 425 107 374 1823 520 1533 564 620 342 103 998 2437 244 241 739 1320 749 1032 321 635 371 1456 323 766 4988 1376 238 398 938 314 296 265 127 585 285 239 385 661 109 450 758 262 319 551 421 68 183 106 554 82 395 242 785 224 129 682 111
internal_value=-0.00045482 0.00271052 -0.00676291 0.00124272 0.00237078 -0.014379 0.0116876 0.00145712 -0.000408374 0.00590626 0.00930454 0.012033 0.0044614 -0.0083118 -0.00410113 0.0160995 0.00103603 -0.00603998 -0.00474614 -0.00330832 -0.00500715 -0.00921116 -0.0201149 -0.00184049 0.00478065 0.00470199 0.00497112 -0.00847679 0.0171254 -0.00070612 -0.000870588 -0.0168147 -0.0126964 0.00953456 0.00110508 -0.0093633 -0.0136816 -0.00545315 -0.0135593 -0.0128205 0.004941 -0.00125348 -0.0164008 0.011152 0.00821192 0.0107616 -0.00648995 0.00904059 -0.00352591 -0.00894161 0.00121163 -0.00205479 0.00494253 -0.00740113 -0.0218519 -0.018209 -0.0043662 -0.00312247 -0.00915179 -0.00140187 0.00767754 0.000857143
internal_weight=38147 25401 12746 21958 19646 3283 1744 17902 12611 5291 3671 3443 2153 2312 9463 1518 10704 6894 5889 5063 4184 2069 1991 1620 879 745 3279 1907 1298 7425 2115 1566 1199 2879 2569 534 1005 1292 826 1550 1346 708 1003 2438 1500 1208 547 532 1167 548 619 292 425 875 125 660 345 1223 438 214 1032 350
internal_count=38147 25401 12746 21958 19646 3283 1744 17902 12611 5291 3671 3443 2153 2312 9463 1518 10704 6894 5889 5063 4184 2069 1991 1620 879 745 3279 1907 1298 7425 2115 1566 1199 2879 2569 534 1005 1292 826 1550 1346 708 1003 2438 1500 1208 547 532 1167 548 619 292 425 875 125 660 345 1223 438 214 1032 350
cat_boundaries=0 6 12 19 26 32 38 44 50 57 59 65 71 77 83 90 96 102 104 110 113 119 121 124 131 137 144 150 156 158 164 170 176 178 184 190 192 194 195 200 202 204 209
cat_threshold=679674368 687867904 1095766560 8917112 2097172 69304324 614404 2097448 536870913 1611819536 525313 35651584 8478737 2097160 16777218 1816142354 4195331 41944320 20 17043968 5245952 469893632 2048 1619017728 2654224 32 0 50332832 5376040 8392785 64 8421764 35667972 33571120 393600 321142785 277353728 5242882 24705 16576 2147763200 52494336 3791915656 21119747 1079017499 13107713 655368 327685 4718592 33560576 524288 16 0 4128 64 262144 129 590592 17339652 18875392 2163769428 1280 50610305 269256200 8404994 66048 50332736 146932801 8523795 1241516704 1181440 524352 2097152 404774912 536870914 67108872 17825792 1361084672 71831845 34086929 134611328 277418016 1088 280 8208 16777728 201326656 25090 805306624 4 1 8352 269750272 96 276 4116 90112 256 0 536870912 1024 33554432 3014656 1075838976 8781824 0 0 606076928 4194324 524288 2223939616 1073758211 8 655360 67108864 2684354560 131232 0 67174400 1746021522 12609672 16777262 2157969417 8 0 131072 0 4128 0 16 128 0 0 0 0 16 65540 536870912 4194320 2147484164 67113056 8256 8388880 160 8388609 0 268697600 0 16 67108864 393216 8192 1311232 536870976 4194304 524288 67108865 4 131072 536871040 268438048 64 64 67637248 65536 0 134217728 8392706 0 1179648 16385 64 0 18874368 3791653376 4194304 134217921 16385 8 4194320 0 135352 2 8650752 0 134217728 1048576 8917056 2097152 32768 402653312 134217733 16777216 2148540432 65664 4227080 4718592 524288 327684 4194304 134381568 2281701384 2129920 2281701376 0 33555456 4325377 131072 33557120
is_linear=0
shrinkage=0.05


Tree=25
num_leaves=63
num_cat=38
split_feature=4 2 9 4 4 4 2 7 2 4 2 4 4 2 6 2 3 9 2 9 2 3 3 2 6 7 4 9 3 11 2 11 3 2 3 7 9 2 9 3 2 7 2 4 9 2 4 9 7 9 9 4 9 7 6 2 7 2 3 2 2 6
split_gain=205.555 125.648 67.8019 111.961 84.3963 66.1548 54.8374 45.9396 35.845 30.8531 30.1301 30.0647 30.0145 27.5083 29.292 27.3958 26.6339 24.1749 22.7939 22.5976 22.89 21.9688 21.5933 28.1215 24.2635 20.211 19.6144 19.339 18.5757 18.404 18.3458 24.8484 22.6629 18.369 18.1796 15.8379 15.5922 15.2322 14.8158 19.9203 14.7555 14.7554 14.2216 22.7554 14.1459 14.1304 13.6919 13.4462 13.306 13.0144 13.0012 12.8267 12.8128 12.4837 12.376 12.3509 12.2017 12.0453 11.9236 11.8338 11.4366 11.0927
threshold=0 1 10.500000000000002 2 3 4 5 2.5000000000000004 6 7 8 9 10 11 144.50000000000003 12 13 2.5000000000000004 14 4.5000000000000009 15 16 17 18 235.50000000000003 5.5000000000000009 19 9.5000000000000018 20 18.500000000000004 21 10.500000000000002 22 23 24 1.5000000000000002 7.5000000000000009 25 10.500000000000002 26 27 4.5000000000000009 28 29 9.5000000000000018 30 31 6.5000000000000009 5.5000000000000009 6.5000000000000009 5.5000000000000009 32 1.5000000000000002 1.0000000180025095e-35 162.50000000000003 33 1.0000000180025095e-35 34 35 36 37 473.50000000000006
decision_type=9 9 2 9 9 9 9 2 9 9 9 9 9 9 2 9 9 2 9 2 9 9 9 9 2 2 9 2 9 2 9 2 9 9 9 2 2 9 2 9 9 2 9 9 2 9 9 2 2 2 2 9 2 2 2 9 2 9 9 9 9 2
left_child=6 5 4 15 13 7 12 18 17 -7 47 40 35 14 29 -4 27 -9 53 20 -15 -19 55 -24 -25 -16 44 59 -21 36 32 51 33 -11 56 -1 -3 -31 46 -40 -8 45 -13 -44 -10 -28 -20 -6 -36 -34 -30 -32 -48 -2 -51 -5 -33 -18 -14 -12 -46 -42
right_child=1 2 3 22 10 9 11 8 26 30 16 42 58 19 25 -17 57 21 38 28 -22 -23 23 24 -26 -27 41 -29 50 37 31 34 49 -35 48 -37 -38 -39 39 -41 61 -43 43 -45 60 -47 52 -49 -50 54 -52 -53 -54 -55 -56 -57 -58 -59 -60 -61 -62 -63
leaf_value=-0.020069399019835468 -0.0089404559440798836 -0.0078008637043344934 0.0098998008684543452 -0.011562304265242608 0.015624135072407104 0.019600528681949638 -0.0085775100032020723 -0.023132362063305045 0.0020035515681750549 -0.0012074633953157443 0.026564366288470889 -0.021112088061334702 -0.01949146094109129 -0.0090077237908961893 -0.0087987235369198172 0.031292267235072127 -0.0061103745888877407 0.017294038149444718 -0.0026001584183702854 -0.0069229451707298112 0.010759732652900384 -0.0077757792020291374 0.026934956807801169 -0.0063385950139060454 0.026236860441069928 -0.019958463589173414 0.0030346780025762299 -0.0049603626112401933 0.02389505143966944 0.022860689991359852 0.009942684641184597 -0.017329227835937929 -0.0014183892463482729 0.02378242544835249 0.0024851941102971733 -0.0027862313113739879 0.0056153194603517642 -0.0022187739315939203 0.019961404384732307 -0.011117300628931921 -0.0007137378504026515 -0.008869318052964181 0.0055111712650789905 -0.025347077449788272 0.00061021208028811953 -0.0097873277224202922 0.0057839707624344544 0.031696390600508398 -0.0085132846878255564 0.00021940614586390408 0.0090557555240253062 -0.011823863717152517 -0.014079191288980997 -0.019566384238510221 0.011364401912530853 0.0014077208205435677 -0.0064628891200764985 0.0065972947091825114 -0.01358535018079016 0.010514209759982296 0.017822220940156987 0.041565583660982487
leaf_weight=170 256 1243 320 244 660 333 614 290 1325 231 496 274 210 836 1320 1115 652 126 714 416 508 1500 521 456 188 189 437 104 372 262 115 56 1846 620 2553 405 617 180 330 315 969 470 101 117 241 184 176 529 374 1264 1716 1119 1969 516 941 727 281 1003 852 865 249 65
leaf_count=170 256 1243 320 244 660 333 614 290 1325 231 496 274 210 836 1320 1115 652 126 714 416 508 1500 521 456 188 189 437 104 372 262 115 56 1846 620 2553 405 617 180 330 315 969 470 101 117 241 184 176 529 374 1264 1716 1119 1969 516 941 727 281 1003 852 865 249 65
internal_value=-0.000470548 0.000747528 0.00407422 0.0101232 0.00227273 -0.0019983 -0.0115263 -0.00506148 -0.00172128 0.000867289 0.00786062 -0.00618605 -0.0184274 -0.000880167 -0.00388642 0.0208651 0.00523962 -0.00700935 -0.00884004 0.00209953 -0.003125 -0.00467405 0.0027959 0.0073617 0.00030581 -0.0093108 0.00178326 0.0101356 0.00491214 -0.000347524 0.000329437 -0.00197427 0.002443 0.00981417 0.000306373 -0.00880342 -0.00252688 0.00882353 -0.00705748 -0.000232558 -0.00289505 -0.00349682 -0.0169323 -0.00657895 0.0049589 0.00152979 -0.0086219 0.0146372 0.00158325 0.000874169 0.00681602 -0.00802269 -0.0106032 -0.016624 0.00346939 -0.00270133 -0.0105187 0.000870871 -0.0235075 0.0117928 0.0122449 0.000766284
internal_weight=38147 34370 15539 3571 11968 18831 3777 9098 4822 9733 4309 2140 1637 7659 3811 1435 3120 1916 4276 3848 1344 1626 2136 1165 644 1509 2906 1465 2504 2302 9400 4498 4902 851 3264 575 1860 442 3504 645 1648 1091 492 218 1815 621 2859 1189 2927 4051 2088 1234 2145 772 2205 971 337 1655 1062 1361 490 1034
internal_count=38147 34370 15539 3571 11968 18831 3777 9098 4822 9733 4309 2140 1637 7659 3811 1435 3120 1916 4276 3848 1344 1626 2136 1165 644 1509 2906 1465 2504 2302 9400 4498 4902 851 3264 575 1860 442 3504 645 1648 1091 492 218 1815 621 2859 1189 2927 4051 2088 1234 2145 772 2205 971 337 1655 1062 1361 490 1034
cat_boundaries=0 6 8 15 22 29 31 33 38 40 46 50 52 54 57 59 61 63 65 67 73 76 78 81 83 85 87 89 91 93 98 100 107 114 116 118 119 121 123
cat_threshold=270622721 19136808 16785409 3960489490 2098177 33570816 1041801507 7170190 8 1040 2147483652 135200 64 16 32 25165844 72482832 545259524 8519840 4194370 881132800 17 2692874260 0 2952790020 145504 4981250 2761949316 32 211886597 11552936 234914050 2176 16781856 4720640 0 0 1073758208 2097664 1052672 90112 2097192 0 1141899280 0 16384 268435456 40 16777217 202375682 1075841036 17864224 3221489728 135168 17039392 2181062656 8 1048578 4720640 2147876944 131328 262144 2281701376 6852608 2281701384 1074069636 1085984 2147483652 0 4 139296 262144 603979776 1342177280 1753235456 1 370180098 4792458 2436366338 9969664 1 269484032 8194 68681729 8388608 1075838980 1081344 2228224 671088640 2417131952 17400064 33849344 5120 0 0 16777216 134217728 1024 1 2187278 536870932 0 2684354560 4096 4194306 4 32 8 0 134217728 0 0 0 128 3221488144 32 8847368 25329664 129 2147614920 16908576 1056801 614400
is_linear=0
shrinkage=0.05


Tree=26
num_leaves=63
num_cat=35
split_feature=4 2 4 9 4 2 3 3 7 2 2 2 3 7 2 4 4 9 2 4 7 7 2 9 4 4 9 6 2 9 2 7 9 7 7 2 3 9 2 7 4 9 2 2 9 9 2 11 4 2 2 3 6 6 7 6 6 7 11 2 2 2
split_gain=194.332 116.073 65.3882 79.2574 63.7495 62.6667 59.3184 54.6971 36.256 35.7621 31.1923 29.3686 28.3208 28.069 26.8095 32.2564 25.9409 25.6655 25.2449 22.8079 30.8832 22.5308 21.6387 20.5184 19.6042 19.596 23.2225 21.074 20.8558 19.1241 19.0438 18.9466 28.8961 18.5255 22.9134 23.43 18.3357 18.4814 17.7335 16.7917 16.7337 16.6069 16.01 15.657 15.232 15.1893 15.1879 15.044 17.8249 16.8668 14.9947 14.8262 14.649 14.4354 13.7922 13.7144 13.3593 13.4059 13.3037 26.3518 19.4266 11.9767
threshold=0 1 2 10.500000000000002 3 4 5 6 2.5000000000000004 7 8 9 10 3.5000000000000004 11 12 13 9.5000000000000018 14 15 5.5000000000000009 5.5000000000000009 16 7.5000000000000009 17 18 3.5000000000000004 200.50000000000003 19 2.5000000000000004 20 1.5000000000000002 10.500000000000002 1.5000000000000002 5.5000000000000009 21 22 9.5000000000000018 23 2.5000000000000004 24 10.500000000000002 25 26 2.5000000000000004 10.500000000000002 27 10.500000000000002 28 29 30 31 992.50000000000011 30.500000000000004 4.5000000000000009 426.50000000000006 280.50000000000006 4.5000000000000009 12.500000000000002 32 33 34
decision_type=9 9 9 2 9 9 9 9 2 9 9 9 9 2 9 9 9 2 9 9 2 2 9 2 9 9 2 2 9 2 9 2 2 2 2 9 9 2 9 2 9 2 9 9 2 2 9 2 9 9 9 9 2 2 2 2 2 2 2 9 9 9
left_child=5 4 10 6 8 13 11 9 22 -5 21 17 -7 -1 29 56 -6 -4 40 20 23 55 -2 -15 31 26 27 28 -12 -10 -27 32 -24 38 47 -36 37 -20 -18 46 -8 -23 -17 -9 -41 -26 -13 48 -35 -49 -14 -31 -33 -11 -44 -3 57 -16 59 -28 -60 -38
right_child=1 2 3 7 16 12 18 43 14 53 25 39 50 19 15 42 33 -19 36 -21 -22 41 24 -25 45 30 58 -29 -30 51 -32 52 -34 34 35 -37 61 -39 -40 44 -42 -43 54 -45 -46 -47 -48 49 -50 -51 -52 -53 -54 -55 -56 -57 -58 -59 60 -61 -62 -63
leaf_value=-0.017097813706629925 -0.0046156999000773634 -0.00066404620610726608 0.0046129288801308403 0.034947623624600958 0.01462383471196161 -0.021125174507412071 0.017170270055635928 0.0035004588511863503 -0.020204710359388384 -0.048842887142715063 0.015708122892830325 -0.025135091283371325 -0.0085545737735132354 0.0057209266745054891 0.0080695058658664109 -0.022302546130062093 -0.0096499118424859705 0.068409044557404694 0.013979562157848813 -0.011894936007273139 -0.020327148144934255 -0.024075566646858733 -0.016970400084218885 -0.0060749686699112515 -0.013559141841577771 0.0065987794093658684 -0.020136052514942333 0.018724794128654212 -0.020419300029364974 0.0064752199211781606 -0.0092407677992812579 -0.017653202856627182 0.0023215194208654256 0.0091824944496911309 0.0053762415103099431 -0.010014686936848295 -0.0068223383942354054 -0.0012699233539882116 0.00039643327273690692 0.0099775356996131825 0.034558501645068088 0.0097866552793298821 0.0012658700455571159 0.029087787803422274 -0.00239140146564637 0.0053076962989625116 -0.0087278925857131769 0.0009868513744248021 -0.0043554503989525319 0.0067902823283523374 0.0003542936937671493 -0.0074957961730167085 -0.012772922890728733 -0.0016456786873771834 -0.008602006860294947 -0.017777815463697666 0.0094674801557414756 -0.00084421006192063612 0.03717945791080618 0.019421181546408841 0.011635376619937677 0.0083946528319479696
leaf_weight=838 2123 1768 771 243 370 309 770 127 294 51 109 351 632 83 951 224 1209 94 1395 471 62 250 440 45 1277 508 324 156 371 224 751 257 67 416 428 760 555 133 1623 144 414 58 532 1211 849 256 570 2285 1173 1805 1075 1396 59 371 394 229 274 797 422 461 801 741
leaf_count=838 2123 1768 771 243 370 309 770 127 294 51 109 351 632 83 951 224 1209 94 1395 471 62 250 440 45 1277 508 324 156 371 224 751 257 67 416 428 760 555 133 1623 144 414 58 532 1211 849 256 570 2285 1173 1805 1075 1396 59 371 394 229 274 797 422 461 801 741
internal_value=-0.000517734 0.000620634 0.00393124 0.00670455 -0.00190898 -0.0117021 0.0041329 0.0154518 -0.00483029 0.00348148 0 -0.00148799 -0.00587364 -0.01945 -0.00194652 0.00087995 0.000868142 0.00611429 0.00801394 -0.0118759 0.003 -0.00460043 -0.00811565 0.0171875 -0.0114117 0.0027217 0.00516202 -0.00314465 -0.00833333 -0.00660083 -0.00240347 -0.0177071 -0.0119329 0.00036564 0.00176933 -0.00454545 0.00539873 0.00910273 -0.00303672 -0.00493763 0.0141541 -0.0172078 -0.00577586 0.0212166 -0.000453172 -0.00793908 -0.00982628 0.00309033 -0.00103839 0.00469438 -0.00329062 -0.00450617 -0.0275316 -0.00532407 -0.00277778 -0.00267902 0.0046752 0.00308924 0.00781873 0.00273885 0.0110793 0.000995406
internal_weight=38147 34632 14998 8790 19634 3515 6787 2003 9565 665 6208 2779 2016 1499 5086 3172 10069 865 4008 661 190 2305 4479 128 2356 3903 2644 636 480 1914 1259 823 507 9699 6867 1188 2824 1528 2832 1914 1184 308 1150 1338 993 1533 921 5679 1589 4090 1707 1620 316 422 926 1997 2022 1748 2008 785 1223 1296
internal_count=38147 34632 14998 8790 19634 3515 6787 2003 9565 665 6208 2779 2016 1499 5086 3172 10069 865 4008 661 190 2305 4479 128 2356 3903 2644 636 480 1914 1259 823 507 9699 6867 1188 2824 1528 2832 1914 1184 308 1150 1338 993 1533 921 5679 1589 4090 1707 1620 316 422 926 1997 2022 1748 2008 785 1223 1296
cat_boundaries=0 6 8 15 22 24 26 29 31 33 35 37 39 45 50 52 56 58 64 70 71 73 75 78 80 87 89 91 93 100 102 104 106 108 109 111
cat_threshold=10575873 19136808 16785409 3960489488 2098177 33554432 2115543331 7170186 268435504 67764224 8388612 8528002 4464646 883246336 16 2952921108 0 2952806404 12728416 786434 2761982080 32 203489797 10569896 2148663435 2051 37120 16400 8 2149711888 17863424 2157969408 17831200 10682880 8389920 536870913 4 234914050 2176 2147483652 0 4 139296 262144 603979776 16782368 4728832 0 0 1073758208 2149581440 16781312 0 0 0 1275068416 1610653985 2179080 4 0 4 131072 0 603979776 0 67108864 0 131200 2 537198592 67088 3212 131076 1175453698 4792450 17051680 2147500032 8 135799073 2637826 136200 0 2684354560 4104 0 0 128 1342177312 262144 2147745792 131076 2147483652 16814080 8 131072 134218240 128 4202496 262400 128 771760128 6367360 2425004336 18391044 67375360 2282749953 329344 4 393728 8847368 8519968
is_linear=0
shrinkage=0.05


Tree=27
num_leaves=63
num_cat=25
split_feature=0 1 1 9 1 1 0 7 7 9 1 1 1 1 1 6 9 1 0 1 11 1 9 1 1 9 1 7 1 0 6 6 9 9 1 6 1 11 1 6 9 1 0 9 11 6 7 1 7 7 11 9 2 6 9 11 7 1 11 9 1 1
split_gain=259.913 119.949 74.0555 53.002 74.7037 59.4181 41.9755 41.3259 38.1309 36.8789 34.3779 32.5203 29.3589 28.0926 26.6633 21.8861 20.6435 24.3527 20.5221 20.347 19.7033 19.4925 17.9116 34.7394 26.073 17.3852 31.5475 16.8751 16.7009 18.7547 16.6189 15.1538 17.8258 14.4555 14.3206 14.2702 21.3574 18.9581 17.4285 14.234 13.7648 13.411 13.2552 13.0895 12.9788 12.8263 12.3496 15.6561 12.2885 12.1224 12.0425 11.9695 11.9066 11.7036 11.0916 11.0275 11.0212 15.1092 11.5735 10.6159 16.4946 11.5296
threshold=1.5716603543580625 0 1 10.500000000000002 2 3 2.4982167260137702 3.5000000000000004 5.5000000000000009 11.500000000000002 4 5 6 7 8 499.50000000000006 7.5000000000000009 9 2.0504837323442353 10 2.5000000000000004 11 11.500000000000002 12 13 10.500000000000002 14 4.5000000000000009 15 2.0251479615563359 186.50000000000003 53.500000000000007 11.500000000000002 4.5000000000000009 16 130.50000000000003 17 18.500000000000004 18 334.50000000000006 3.5000000000000004 19 2.6332862808888948 7.5000000000000009 9.5000000000000018 566.50000000000011 1.5000000000000002 20 5.5000000000000009 1.5000000000000002 9.5000000000000018 11.500000000000002 21 160.50000000000003 11.500000000000002 18.500000000000004 2.5000000000000004 22 14.500000000000002 11.500000000000002 23 24
decision_type=2 9 9 2 9 9 2 2 2 2 9 9 9 9 9 2 2 9 2 9 2 9 2 9 9 2 9 2 9 2 2 2 2 2 9 2 9 2 9 2 2 9 2 2 2 2 2 9 2 2 2 2 9 2 2 2 2 9 2 2 9 9
left_child=2 6 25 5 9 35 16 14 12 28 30 -7 -9 51 15 40 17 44 20 43 -13 -22 23 -15 -24 34 45 -26 29 -5 -11 32 -16 -8 -1 36 37 -3 39 -37 -4 50 -35 -20 -2 -27 -42 -48 -25 -36 -10 -6 -46 -21 -43 -52 58 -58 -33 60 -18 -61
right_child=1 3 7 4 13 11 33 8 41 10 -12 18 -14 22 31 -17 59 -19 19 53 21 -23 24 48 27 26 -28 -29 -30 -31 -32 56 -34 42 49 38 -38 -39 -40 -41 46 54 -44 -45 52 -47 47 -49 -50 -51 55 -53 -54 -55 -56 -57 57 -59 -60 61 -62 -63
leaf_value=0.010604535089288065 -0.015362084775426582 -0.001439690491888096 -0.018092181397188017 -0.00013536552004433933 -0.01101564729840448 0.0097506490909245805 0.009615984736390271 -0.0075754442807473349 -0.014015435927162312 -0.0064264983831909209 0.021311729790806512 0.020865435881280994 0.0019158071523428467 0.020619694307976524 -0.018435776099285314 0.012095446871771387 0.0059053634118806826 0.016652360423058322 -0.0049363097974424236 0.026429830330163884 -0.0045502051551310155 0.00047675671369439292 0.017859942112496942 0.0023254431308426748 -0.00080240673395327042 0.02854765284161136 -0.0059001696855635333 -0.0144804907986829 0.036098559978402327 0.038711057978629664 0.013209947866591926 -0.015171076864274291 0.011030693612719827 0.034535567639091547 -0.011882175682465513 0.0038510919446998141 -0.0071935537908282337 0.023359289688690249 -0.015789831795200316 -0.013347706484849065 -0.010258109579735908 -0.014137489940814974 0.026706530660386241 0.0091747642073656595 -0.00018515803801784082 -1.7468082836658017e-05 -0.0180271786897514 0.0060036385253185668 -0.023834210345005036 -0.00091410011072211588 0.0041059092931096941 -0.0014077788887067789 0.026812197147875527 0.0067451110899265365 0.0062202494149825212 -0.021134542702319195 -0.017448017803467507 0.0013565753651663794 -0.010123821018615087 -0.0063597867006715218 0.027864377970785972 0.024427977809177527
leaf_weight=208 304 740 494 156 278 2491 191 967 69 210 417 218 1522 627 1013 189 237 549 798 549 3379 4904 423 572 606 335 488 231 508 203 130 927 50 182 879 324 781 192 1181 150 793 684 218 406 615 90 318 423 66 2056 218 256 305 492 54 55 217 367 806 125 722 189
leaf_count=208 304 740 494 156 278 2491 191 967 69 210 417 218 1522 627 1013 189 237 549 798 549 3379 4904 423 572 606 335 488 231 508 203 130 927 50 182 879 324 781 192 1181 150 793 684 218 406 615 90 318 423 66 2056 218 256 305 492 54 55 217 367 806 125 722 189
internal_value=-0.000512491 0.00249348 -0.0061791 0.00105644 0.00575486 -0.000267992 0.0108719 -0.00866391 -0.00446904 0.0143819 0.00640687 0.00124179 -0.00106468 0.00112414 -0.0113543 -0.00698249 0.00853578 0.00504794 4.64857e-05 0.00429844 -0.00107634 -0.00146686 0.00333333 0.00754941 -0.000873016 -0.000541072 0.00553122 -0.00596222 0.021511 0.0120596 -0.00542857 -0.0141593 -0.0191439 0.0230964 -0.00230671 -0.00618709 -0.00300642 0.00212314 -0.00951662 -0.00123967 -0.00853057 -0.0123148 0.0285 -0.000164745 0.00105348 0.0152874 -0.00619296 -0.00155196 -0.000771605 -0.00320883 -0.00369318 -0.00919118 0.00402174 0.00937203 -0.0160428 0.000915751 -0.0119335 -0.00599315 -0.0139354 0.0133936 0.0160063 0.00541401
internal_weight=38147 24925 13222 21288 4683 16605 3637 9166 3569 1624 757 13237 2489 3059 5597 2217 3046 1773 10746 2245 8501 8283 2525 1265 1260 4056 913 837 867 359 340 3380 1063 591 3143 3368 1713 932 1655 474 2028 1080 400 1204 1224 425 1534 741 638 2935 342 534 920 1041 738 273 2317 584 1733 1273 959 314
internal_count=38147 24925 13222 21288 4683 16605 3637 9166 3569 1624 757 13237 2489 3059 5597 2217 3046 1773 10746 2245 8501 8283 2525 1265 1260 4056 913 837 867 359 340 3380 1063 591 3143 3368 1713 932 1655 474 2028 1080 400 1204 1224 425 1534 741 638 2935 342 534 920 1041 738 273 2317 584 1733 1273 959 314
cat_boundaries=0 6 12 18 24 29 35 41 47 53 59 65 71 77 83 89 95 101 106 112 118 124 126 132 138 142
cat_threshold=679682560 671090688 1095766560 8917192 2097172 69304324 520 50332800 78775361 8523857 1107298400 1181452 19927234 8949824 67395652 455344128 268832800 262144 370689220 8389248 33572040 262144 805604000 6656 17825792 4160 24640 167772160 4096 4227072 1194865668 403177488 538968115 2151678984 1574032 8716288 536870944 2550136840 538968066 256 2654208 32 1140859152 268568584 536872960 4195649 13631488 458753 8224 272629768 34 4195204 557072 134226432 134219776 512 200 0 65540 26 1 131076 2248212484 536576 17039360 1073743907 49249 296960 50544644 100806658 54657089 1074283776 4211201 524416 1028 8 16787458 32788 0 2162945 2147631104 604504064 50331648 0 33555456 131072 4113 64 1024 2097154 8917056 262148 18874368 268435456 262144 8 0 1024 0 32 776 102253568 512 16384 0 268436000 196 8388736 200 262144 0 2048 8585216 536870912 2550137376 536870912 134217728 2134016 196608 0 4194312 2 4194304 557056 131088 1053312 0 536870912 134218240 536870912 0 67113088 0 2048 22024192 8388608 0 65540 671088640 0 32 8
is_linear=0
shrinkage=0.05


Tree=28
num_leaves=63
num_cat=37
split_feature=0 1 4 4 1 9 4 1 1 0 1 1 4 1 1 1 3 4 4 4 1 7 7 4 1 1 1 4 1 9 7 9 3 1 6 7 0 7 3 6 3 1 7 7 11 3 1 7 7 0 1 9 3 7 4 3 9 3 9 1 9 0
split_gain=239.754 103.263 91.8235 80.4085 77.9156 46.1193 81.559 57.1279 45.4019 40.3964 38.5343 37.8788 36.5055 55.1773 39.5275 31.9632 30.2236 26.9695 25.1842 24.8296 22.7324 25.9663 23.9499 20.7669 25.8657 22.7691 20.5014 20.0823 19.76 18.0499 16.314 16.0386 15.7757 15.0029 14.58 16.1155 14.1453 14.0335 21.4227 19.1389 13.5752 13.0803 12.8852 15.4394 15.1437 11.1871 10.9692 10.9597 12.987 12.3934 10.9156 10.9148 10.8611 10.3956 13.0591 10.2298 10.1605 10.0548 9.84135 10.3394 9.72771 9.68826
threshold=1.5716603543580625 0 1 2 3 10.500000000000002 4 5 6 2.4982167260137702 7 8 9 10 11 12 13 14 15 16 17 2.5000000000000004 4.5000000000000009 18 19 20 21 22 23 3.5000000000000004 3.5000000000000004 8.5000000000000018 24 25 622.50000000000011 3.5000000000000004 2.6542306540201666 2.5000000000000004 26 499.50000000000006 27 28 2.5000000000000004 5.5000000000000009 10.500000000000002 29 30 5.5000000000000009 2.5000000000000004 1.9874849964357479 31 6.5000000000000009 32 5.5000000000000009 33 34 6.5000000000000009 35 6.5000000000000009 36 11.500000000000002 1.5159787241126848
decision_type=2 9 9 9 9 2 9 9 9 2 9 9 9 9 9 9 9 9 9 9 9 2 2 9 9 9 9 9 9 2 2 2 9 9 2 2 2 2 9 2 9 9 2 2 2 9 9 2 2 2 9 2 9 2 9 9 2 9 2 9 2 2
left_child=2 9 4 15 32 7 11 16 -8 27 19 60 13 -9 40 -3 41 -16 -6 -4 21 -18 -22 24 58 29 -10 31 -29 52 -20 55 -1 -15 35 -17 -11 38 39 -26 -14 -5 44 -44 -21 -27 -13 48 -30 -50 -34 -43 -25 54 -39 -2 -38 -33 59 -12 -7 -54
right_child=1 3 10 5 18 6 8 12 26 36 23 46 14 33 17 34 20 -19 30 42 22 -23 -24 25 37 45 -28 28 47 -31 -32 57 50 -35 -36 -37 56 53 -40 -41 -42 51 43 -45 -46 -47 -48 -49 49 -51 -52 -53 61 -55 -56 -57 -58 -59 -60 -61 -62 -63
leaf_value=-0.011229053632507098 -0.00018888993834907943 0.0016939851290044884 0.0040212526422516047 -0.017011364560677977 -0.016504701844339359 0.02864887785887409 0.014600387920124643 0.012244260735483398 -0.0072260537460484666 0.031866422914358573 -0.01062410899471441 -0.0037766562413360963 0.0041680146692973765 -0.0090706302632705075 0.023689885046789063 -0.020381048431898485 -0.014519191972188455 0.0094550552504605537 -0.012578205275139025 -0.026932071661555337 -0.013088404472685744 0.00063400935143587134 -0.017906246131214245 0.0089174797315001893 -0.01144690729157033 0.0008285721894021659 0.0020527187053510643 0.042380439984018796 -0.0015562249051906951 0.009096347053730764 -0.010343787990063448 0.018614112740481525 0.0056894969515436378 -0.0024225421302495943 0.0018494909380865955 -0.0052479140809673589 0.0040822114501360973 0.0043267295185083435 -0.019002125728458014 0.019362227984977189 -0.0045309439835574282 0.00029670866607531824 -0.0060728814393290814 -0.016178917409218393 -0.014304494644915108 -0.007734606216660867 0.023523840691111953 -0.013958277255455998 -0.00084249128346552959 0.019435832819096333 -0.0057568250457251287 0.016507903723131778 -0.0035796895895686635 -0.008683692451119546 -0.0040287318979220447 0.015950361592049146 0.029198893134582862 0.033670930794331637 0.0033936115378271903 0.0017915659292246867 0.0114624106162046 -0.026043922494219676
leaf_weight=106 241 504 350 102 403 519 640 1150 549 282 229 117 728 1093 340 812 820 5298 1088 263 464 1069 257 118 815 449 1674 107 585 1486 573 171 283 1959 174 440 159 451 474 65 1304 533 791 214 586 730 718 135 192 314 1054 359 200 382 991 590 137 267 715 332 122 74
leaf_count=106 241 504 350 102 403 519 640 1150 549 282 229 117 728 1093 340 812 820 5298 1088 263 464 1069 257 118 815 449 1674 107 585 1486 573 171 283 1959 174 440 159 451 474 65 1304 533 791 214 586 730 718 135 192 314 1054 359 200 382 991 590 137 267 715 332 122 74
internal_value=-0.000441712 0.00244534 -0.00588413 0.00121122 -0.0128092 0.00216141 0.00671814 0.000885242 0.00175774 0.0108464 -0.00336761 0.016218 0.00255849 -0.00118708 0.00460938 -0.00850515 -0.00462092 0.00676346 -0.0190453 -0.00916893 -0.00744275 -0.00450237 -0.0149795 -0.00165536 -0.00383065 0.00151614 -0.00163457 0.00822444 0.0038347 0.00492585 -0.0160682 0.0127052 -0.00381968 -0.00470281 -0.0123259 -0.0142971 0.0228374 -0.00624216 -0.0101182 -0.0052809 -0.0013712 0.00278884 -0.0114807 -0.00771144 -0.0160777 -0.00391085 0.00893491 0.00194175 0.00362053 0.00948617 -0.00226429 0.00476718 -0.00459184 -0.00339912 -0.00145631 0.00872443 0.0152027 0.0205479 0.00217729 -0.00276292 0.0254224 -0.00985915
internal_weight=38147 24925 13222 21745 3507 19815 4339 15476 2863 3180 9715 1476 11872 4202 7670 1930 3604 5638 2064 2204 2610 1889 721 7511 4454 3057 2223 2602 1333 1878 1661 1269 1443 3052 1426 1252 578 3178 1354 880 2032 994 1854 1005 849 1179 835 1226 1091 506 1337 892 392 1824 1442 831 296 438 1276 561 641 274
internal_count=38147 24925 13222 21745 3507 19815 4339 15476 2863 3180 9715 1476 11872 4202 7670 1930 3604 5638 2064 2204 2610 1889 721 7511 4454 3057 2223 2602 1333 1878 1661 1269 1443 3052 1426 1252 578 3178 1354 880 2032 994 1854 1005 849 1179 835 1226 1091 506 1337 892 392 1824 1442 831 296 438 1276 561 641 274
cat_boundaries=0 6 12 19 25 32 38 44 50 56 63 69 75 81 84 90 96 103 109 116 122 128 134 141 146 148 154 156 159 165 167 173 179 181 188 189 192 197
cat_threshold=142811648 536872960 1431310368 545788136 2097172 69304324 268525572 2097440 536870913 1611819536 1025 102760448 8478720 2097184 16777218 1816142338 263171 41944320 16 8519680 50332832 5377032 75501649 192 9470212 0 1049616 4 4128 64 268435460 32 337133773 8422016 17416 262144 872688288 268800 4298 557057 262144 186908672 604246056 262144 71303432 536872992 33556504 603979808 2147484096 10518678 19923072 12599361 24580 2198077444 32 264192 524304 655360 268435460 2224 4194304 335822852 1 1612743680 117985536 143229760 167774208 138481664 1065153 2130960 20768 9208261 251725828 593920 4210688 2097284 135299140 16640 16794624 268993545 8404992 2165876768 2155896835 10 132096 72352768 2147483648 0 1082130432 536903824 90112 256 0 536870912 1024 33554432 8 0 2147484160 67109058 24608 278784 32 68681732 8421888 0 0 335552544 264192 537002000 1032 2147500032 201330830 4981248 545603588 161 328192 50340992 8524801 135171 1073744420 1572864 8519681 0 415630880 10485841 167772160 1185024 1644183552 25104 131209 1028 1344 12584960 131072 1024 134217728 4264 66 8650752 129 0 0 1073741824 8916992 2097152 1 4 262162 4194369 0 3223339012 33685770 41943040 69214466 2158493696 84185124 2148556800 2 4 33280 0 0 536879104 4096 2150891556 2147500033 0 0 0 134234112 1033 33554432 0 0 1048584 8388624 64 260 2148532260 16385 0 0 0 67108872 4719104 545259520 128 131072 32768 8388608 8 328192 1152 0 4097 4
is_linear=0
shrinkage=0.05


Tree=29
num_leaves=63
num_cat=41
split_feature=0 1 4 1 4 4 4 1 1 1 1 4 4 9 3 1 9 1 1 4 10 1 3 4 1 1 3 1 4 4 3 1 1 11 1 7 1 9 11 6 1 9 1 3 1 4 7 9 9 4 1 6 0 9 9 6 1 7 1 4 0 9
split_gain=212.254 130.474 97.9513 92.8971 89.8295 63.654 61.5492 58.3253 52.1271 51.0265 45.2286 29.9196 28.3781 28.007 43.9354 27.9107 27.7593 76.5432 37.3961 40.4303 25.81 27.0152 24.0003 22.4166 22.1495 20.9911 18.4569 17.8645 17.8374 17.7982 17.0759 16.9602 16.6295 15.1025 22.791 15.0833 18.2611 14.7391 19.4561 14.5829 14.4337 14.217 13.8893 13.4339 12.6181 16.6869 14.818 12.5412 17.4005 12.3369 16.5789 11.9104 11.8842 10.8542 10.741 10.6032 10.2567 18.9215 10.1362 9.99581 9.65725 9.64345
threshold=1.9690796098957988 0 1 2 3 4 5 6 7 8 9 10 11 7.5000000000000009 12 13 10.500000000000002 14 15 16 1.0000000180025095e-35 17 18 19 20 21 22 23 24 25 26 27 28 12.500000000000002 29 1.5000000000000002 30 8.5000000000000018 17.500000000000004 178.50000000000003 31 11.500000000000002 32 33 34 35 3.5000000000000004 6.5000000000000009 7.5000000000000009 36 37 182.50000000000003 1.1929004201824027 1.5000000000000002 4.5000000000000009 76.500000000000014 38 5.5000000000000009 39 40 2.3351814270480746 11.500000000000002
decision_type=2 9 9 9 9 9 9 9 9 9 9 9 9 2 9 9 2 9 9 9 2 9 9 9 9 9 9 9 9 9 9 9 9 2 9 2 9 2 2 2 9 2 9 9 9 9 2 2 2 9 9 2 2 2 2 2 9 2 9 9 2 2
left_child=1 2 28 54 10 7 47 20 29 43 49 25 52 15 24 59 18 26 19 -10 21 -5 -11 -20 -15 -12 -18 -14 -1 32 -19 -30 -8 42 -35 36 -24 38 -22 -40 -16 -42 -31 -7 55 46 -46 51 -49 -3 -51 -6 -4 -27 -2 -13 -37 -58 -45 -9 -23 -56
right_child=3 4 12 5 6 9 8 13 16 22 11 44 27 14 40 -17 17 30 23 -21 37 60 35 -25 -26 53 -28 -29 31 33 -32 -33 -34 34 -36 56 -38 -39 39 -41 41 -43 -44 58 45 -47 -48 48 -50 50 -52 -53 -54 -55 61 -57 57 -59 -60 -61 -62 -63
leaf_value=-0.015724349851135945 0.011910549302482077 -0.010241316550701131 0.020614879263971791 0.017952968419080253 -0.0096979778441690159 -0.02056980229735408 0.0072783865161266566 0.010824918992615118 0.0049345837016247958 -0.0035289822340733748 -0.011898088382142036 -0.021775666486678943 -0.0028659628378310932 0.028807921448747355 0.0049622865309839398 0.016605928257020543 -0.0019849555377351225 -0.01184293584854872 0.002015927294568909 -0.0093609083625950384 -0.0068521556732915158 -0.009235726527650312 -0.014680651005708013 -0.0032296849551249232 0.0019020915968289921 -0.012615491273676206 0.018898538728318138 -0.011406867958372029 -0.0089538610599667785 -0.022549185698285235 -0.001091253041984358 -0.013524159820458804 0.018555625086885907 0.023036494052278256 -0.00037989892903336764 -6.4694635862272423e-05 0.010742921167602138 0.0040398451702396421 -0.007571061645805394 -0.022437126096133311 0.029941999399432585 0.0043114324459863516 0.0054050221039664507 0.0057818448600187311 -0.012134523048863602 -0.020703523405597793 0.0023249497382945685 0.064054783617227815 0.016814574022488305 -0.0099881192581352096 -0.019389459308000012 0.014866501880176342 0.0029567369014904562 0.0062224580567821737 0.03180541062082106 -0.017820561881681195 0.01908182790486106 -0.0094922717666854686 -0.0096708522133318545 -0.005443816785316225 0.019995596618689573 0.015221871767764995
leaf_weight=223 221 350 112 337 85 225 511 214 553 470 335 77 1387 333 121 1495 265 436 3841 3636 305 320 225 5085 629 78 1286 956 1056 260 1356 1107 577 455 550 253 317 197 102 86 796 111 361 190 226 173 173 95 274 312 477 110 534 770 562 73 791 145 642 693 117 95
leaf_count=223 221 350 112 337 85 225 511 214 553 470 335 77 1387 333 121 1495 265 436 3841 3636 305 320 225 5085 629 78 1286 956 1056 260 1356 1107 577 455 550 253 317 197 102 86 796 111 361 190 226 173 173 95 274 312 477 110 534 770 562 73 791 145 642 693 117 95
internal_value=-0.000425984 -0.00264784 -0.00964717 0.00583467 -0.000991663 0.00431828 0.000243087 0.00743266 -0.000239808 -0.00128519 -0.00897184 -0.00420366 -0.00358453 0.0103135 0.0147236 0.00670275 -0.00129949 0.00276698 -0.00233702 -0.00622767 -0.00122117 0.00503876 0.00305292 -0.000503581 0.00679012 0.00071249 0.0108584 -0.0061411 -0.0171953 0.0061674 -0.00427303 -0.0156236 0.0111111 0.00281174 0.00661692 0.00577254 -0.00110701 -0.00826087 -0.0128803 -0.0255319 0.021869 0.0241549 -0.00330113 -0.0102624 -0.0121585 -0.00841924 -0.00256724 0.0163763 0.0220867 -0.0168407 -0.0204631 0.00641026 0.00564024 0.0048951 0.0212838 -0.025 0.00895711 0.0113108 -0.00712589 -0.000272628 -0.00324385 0.0247336
internal_weight=38147 28155 5375 9992 22780 9114 19736 5856 19172 3258 3044 1905 2989 4392 1990 2402 16458 3343 13115 4189 1464 774 2201 8926 962 1183 1551 2343 2386 2714 1792 2163 1088 1626 1005 1731 542 690 493 188 1028 907 621 1057 722 572 399 564 369 1139 789 195 646 848 878 150 1189 936 832 907 437 657
internal_count=38147 28155 5375 9992 22780 9114 19736 5856 19172 3258 3044 1905 2989 4392 1990 2402 16458 3343 13115 4189 1464 774 2201 8926 962 1183 1551 2343 2386 2714 1792 2163 1088 1626 1005 1731 542 690 493 188 1028 907 621 1057 722 572 399 564 369 1139 789 195 646 848 878 150 1189 936 832 907 437 657
cat_boundaries=0 6 12 18 24 31 37 43 49 55 61 67 73 76 82 88 94 100 104 106 113 119 125 128 134 140 147 149 155 161 167 173 179 184 186 189 194 200 206 212 216 223
cat_threshold=205529088 539115584 2281967632 606142466 2688860184 23593088 221200 2097464 134217732 131120 4457475 102760464 8520320 0 1074790400 2621448 67174420 2211840 276914437 19136768 8388609 1821379090 2098689 44056576 8523788 4326416 134218240 4200 66 268812432 129 67111456 270019585 0 4194304 1073758208 16 1078984792 713555968 134873608 67436548 268967938 4206976 1342177280 155715589 67641345 2156659092 2822148 401728 1073774642 4247553 131596 2147483650 4198400 33816576 9193729 67108864 278932097 134348804 134221856 101748992 90112 262144 0 1209010194 0 8404992 4096 71303168 512 75497536 25088 276857088 32768 10510336 8 16809984 4227137 4 2197815296 4096 262150 3674320 33555968 4342400 402804737 469762080 68273154 34095299 12960 272810496 4096 1174414144 36354 135184 4325376 2147483652 128 4194400 67371008 1078984728 524288 134348800 262144 268435555 13 2148008968 75497504 2298495488 131264 549453920 537199620 32 134258722 6295552 287309824 0 8 262150 196624 0 81928 2064 335544580 2048 307200 545275904 8 8192 64 2147745808 67174402 4456464 524416 90112 256 0 0 1024 33554432 135168 4194320 536870912 4200 32 32768 32 1323008 2156937224 201326592 16448 262144 69206018 536870928 2097152 268435456 155191301 67108864 2147483664 0 270656 0 138412037 1 8912916 0 270592 8192 8388608 2359296 50331712 8 6 524288 2097152 0 0 8 16777216 0 150996992 8193 4 4 134226049 536870929 0 0 5373952 268435456 2097152 0 75497472 1024 268435460 2097152 0 209715202 1024 2097152 8404992 67108864 268435584 134217728 4096 34603264 17301505 2097152 2097152 536870917 0 16777216 1073741824 4096 4 2147483648 4096 0 134217728 64 0 16 128
is_linear=0
shrinkage=0.05


Tree=30
num_leaves=63
num_cat=41
split_feature=1 4 4 1 4 3 1 9 4 1 1 1 1 9 1 6 9 1 1 4 9 4 4 7 1 4 3 1 4 1 3 1 7 7 1 9 1 1 4 9 6 1 3 2 6 1 6 1 3 2 1 6 6 7 7 7 3 3 3 9 9 6
split_gain=162.902 109.463 100.581 70.9481 56.6218 53.4283 43.9994 42.4757 82.8624 46.3938 39.5548 35.492 34.9435 34.7292 22.708 22.2254 22.1234 70.6709 30.2936 20.3171 19.9623 18.0951 18.0774 17.8064 17.5933 17.347 17.3411 16.805 16.7734 16.1002 15.6149 15.492 16.3668 17.2074 15.1793 14.8122 21.8778 18.0044 14.0208 14.0175 13.9192 13.5265 12.3805 12.3789 11.6265 11.2836 11.0968 10.7461 10.6189 10.2268 9.83839 8.79701 8.47875 8.47871 8.46498 8.43474 7.91001 7.84224 7.74817 15.4921 7.40892 7.14799
threshold=0 1 2 3 4 5 6 10.500000000000002 7 8 9 10 11 10.500000000000002 12 10.500000000000002 3.5000000000000004 13 14 15 6.5000000000000009 16 17 3.5000000000000004 18 19 20 21 22 23 24 25 3.5000000000000004 5.5000000000000009 26 6.5000000000000009 27 28 29 8.5000000000000018 473.50000000000006 30 31 32 138.50000000000003 33 39.500000000000007 34 35 36 37 915.00000000000011 365.50000000000006 5.5000000000000009 1.0000000180025095e-35 4.5000000000000009 38 39 40 7.5000000000000009 7.5000000000000009 312.50000000000006
decision_type=9 9 9 9 9 9 9 2 9 9 9 9 9 2 9 2 2 9 9 9 2 9 9 2 9 9 9 9 9 9 9 9 2 2 9 2 9 9 9 2 2 9 9 9 2 9 2 9 9 9 9 2 2 2 2 2 9 9 9 2 2 2
left_child=1 14 11 5 6 13 -5 12 10 15 -9 52 38 21 26 -10 17 -14 -18 35 22 29 -8 -16 -21 45 57 -23 -22 -4 -25 39 40 44 48 36 -7 -37 49 -13 -33 -32 -11 -15 -34 -3 -38 -24 -27 -6 -12 56 58 -40 -47 -29 -36 -1 59 -2 -46 -50
right_child=2 25 3 4 7 19 20 8 9 42 50 31 16 43 23 -17 18 -19 -20 24 28 27 47 30 -26 34 -28 55 -30 -31 41 32 33 -35 51 37 46 -39 53 -41 -42 -43 -44 -45 60 54 -48 -49 61 -51 -52 -53 -54 -55 -56 -57 -58 -59 -60 -61 -62 -63
leaf_value=0.0065095113603054955 0.021235887905477216 0.01713878217275086 -0.0092612182039330977 -0.0041690883826702501 0.018839808011855353 0.017541344351071686 -0.0027138455676295084 0.024459061893045433 -0.044393658851098264 -0.0086647281878355197 -0.0078164514653965567 -0.013013091662036808 0.0052695484181577053 0.017093257607338663 -0.012836135246271375 0.011591992246121641 0.0054187458064933859 -0.013908165946165405 -0.0014080147886881445 0.010027389436290758 0.007461273864453527 0.0056942491051319884 -0.0064965637447472087 -0.0093017623029306804 -0.010685585885946753 0.0034945270921728777 -0.022318160547395102 0.024700588927823078 0.040927896386423246 0.012938119862266312 0.010927339256947877 -0.016581240259433978 0.0032786831111363047 -0.016915270097980141 0.013724007512431328 -0.01311462282969671 -0.017674053376502248 0.021830692139095633 -0.0052795265934992069 -0.031067006316861295 0.019145893628950045 -0.0087775312877362288 -0.00076779022533337573 0.032734836172243202 0.0026730445680978655 -0.02141713198685824 -0.0056785908376407457 0.014951841139404842 -0.0088679590093148856 -0.0011011843067570304 0.015137081047073543 0.032614534453271601 0.025741540184504974 -0.01178732930557942 0.0034982670453015344 0.012386218182627596 -0.0019047022530614356 -0.0075440623005585544 0.0019131629390633565 -0.037412404109699801 -0.0066702374453798787 -0.0024333684681669466
leaf_weight=208 48 224 270 445 110 405 238 530 46 568 103 144 1117 146 1585 1195 4403 1784 4542 109 224 538 105 270 562 118 146 642 451 576 129 705 135 150 174 135 94 719 3783 94 46 449 1683 382 102 67 314 598 1103 246 628 62 48 497 302 163 2408 328 252 62 93 344
leaf_count=208 48 224 270 445 110 405 238 530 46 568 103 144 1117 146 1585 1195 4403 1784 4542 109 224 538 105 270 562 118 146 642 451 576 129 705 135 150 174 135 94 719 3783 94 46 449 1683 382 102 67 314 598 1103 246 628 62 48 497 302 163 2408 328 252 62 93 344
internal_value=-0.000425984 -0.00680585 0.00124669 0.00199041 0.000823822 0.00735439 0.0087156 5.41304e-05 0.00421839 0.000228441 0.0151456 -0.00992589 -0.00114671 0.0121195 -0.014096 0.00795364 0.000295209 -0.00349879 0.00152599 0.00178876 0.0125461 0.00938785 0.00791711 -0.0163938 -0.00550661 -0.00205736 -0.00578035 0.0129712 0.0191852 0.00350467 -0.0106132 -0.0135565 -0.0110798 -0.00395833 -0.00318796 0.00474061 -6.15006e-05 0.00936768 -0.00482135 -0.0254032 -0.015779 -0.00561224 -0.00404688 0.0236742 0.00242424 0.00588723 -0.00813397 0.0118513 -0.00707937 0.00464481 0.00735493 -0.000866616 0.00309524 -0.00561772 0.000395778 0.0176074 -0.00131681 -0.0014652 0.000552486 -0.01 -0.00538462 -0.00827042
internal_weight=38147 7917 30230 28351 23296 5055 2061 21235 4753 3492 1261 1879 16482 2717 3115 1241 11846 2901 8945 2338 1616 2189 941 2433 671 4802 682 1343 675 846 848 1469 1231 480 4209 1667 813 854 4636 238 751 578 2251 528 330 593 408 703 1565 356 731 2644 410 4280 369 805 2582 536 362 110 195 1447
internal_count=38147 7917 30230 28351 23296 5055 2061 21235 4753 3492 1261 1879 16482 2717 3115 1241 11846 2901 8945 2338 1616 2189 941 2433 671 4802 682 1343 675 846 848 1469 1231 480 4209 1667 813 854 4636 238 751 578 2251 528 330 593 408 703 1565 356 731 2644 410 4280 369 805 2582 536 362 110 195 1447
cat_boundaries=0 6 13 19 25 31 34 40 47 53 58 64 70 76 82 88 94 98 104 108 115 117 123 129 135 137 143 149 155 158 164 170 173 175 181 187 189 191 197 200 201 202
cat_threshold=67387393 537002016 2583953432 603979776 2688862480 71832200 221200 2097464 2684354564 1620181552 263234 100696068 1 813785345 19136768 25174016 2886740480 2622465 35667968 939600514 136845312 1158160388 43516040 65544 196612 17042992 282602512 201343488 4194304 1619017792 557204 2435219749 1207984128 11 37224452 50357504 2304 2375744 525312 8194 8 8 4 32 0 268435456 33 26874948 37782592 196608 419713040 335548448 319552 19923200 41959489 16896 17174545 67633184 8192 176193536 1065024 16777216 104 2 1574224 41944576 184960 1074008064 1325540064 34816 67125249 32 268435456 0 34816 4194304 1117814788 3238002768 10489185 134217810 268963840 3170624 6426632 89145600 5243136 2164264003 8389637 58744898 0 8389680 536870912 131200 0 360448 0 0 512 1073741864 0 12583952 512 0 0 32784 805373952 0 17301504 524288 268439556 2048 134217728 0 548896 262144 4 277020736 2684354560 805307010 134742016 524288 41943168 0 131076 16 13631488 512 0 64 4 10368 2621440 67108868 0 8 65536 65729 2684354561 1073741824 20480 8192 2097154 0 1048576 67108865 536870944 2147483664 536870912 537182208 71303168 512 136318976 16785408 8388608 0 65536 65536 2097152 8196 0 131072 2147483648 128 32 262144 0 0 262144 0 0 67112960 1342181378 2818588674 8 67372544 2097408 0 536870912 2550398976 0 4456464 67108992 16777216 4194368 0 2147483648 67108864 1048576 262148 1091043392 1109393408 557184 0 0 4194304 2113536 1025 33816576 1048608 33554433 8 131072 134217729
is_linear=0
shrinkage=0.05


Tree=31
num_leaves=63
num_cat=39
split_feature=0 4 0 4 4 9 2 4 2 3 4 2 4 4 4 2 2 7 7 3 2 9 2 3 3 3 2 2 3 2 2 2 9 0 6 2 9 2 9 9 6 2 2 2 0 4 9 3 2 2 6 0 3 2 9 7 9 7 6 3 9 4
split_gain=216.949 81.2952 76.2557 61.9704 53.0006 47.7204 59.4108 57.4773 40.8139 39.1262 28.973 26.3335 49.4607 25.9542 25.6688 25.0614 22.8176 21.8543 24.3865 21.7874 32.0007 25.6188 21.6896 27.3617 20.1088 18.5351 18.1509 17.4752 17.2898 23.3427 20.2234 17.2388 17.1964 16.4816 16.3172 15.891 15.8535 15.216 15.1942 15.1674 14.9737 21.3588 15.3639 14.8858 14.667 14.1481 13.7864 13.6404 15.046 13.5466 16.6135 12.8192 12.713 14.1437 12.4294 12.3953 12.1641 12.0801 11.8039 11.6458 11.4912 11.4406
threshold=1.5716603543580625 0 1.9963237975540058 1 2 8.5000000000000018 3 4 5 6 7 8 9 10 11 12 13 2.5000000000000004 5.5000000000000009 14 15 10.500000000000002 16 17 18 19 20 21 22 23 24 25 3.5000000000000004 1.4291500371708417 22.500000000000004 26 10.500000000000002 27 5.5000000000000009 11.500000000000002 164.50000000000003 28 29 30 1.6876038089492076 31 1.5000000000000002 32 33 34 321.50000000000006 2.0305507071238016 35 36 10.500000000000002 1.5000000000000002 9.5000000000000018 3.5000000000000004 445.50000000000006 37 8.5000000000000018 38
decision_type=2 9 2 9 9 2 9 9 9 9 9 9 9 9 9 9 9 2 2 9 9 2 9 9 9 9 9 9 9 9 9 9 2 2 2 9 2 9 2 2 2 9 9 9 2 9 2 9 9 9 2 2 9 9 2 2 2 2 2 9 2 9
left_child=1 8 4 5 26 6 40 15 24 16 31 12 -11 -3 -10 54 36 19 27 21 59 -15 25 -24 37 -5 44 38 29 -13 -30 -8 -31 -26 -16 55 -6 -1 -19 43 42 -42 51 -9 -2 -18 -32 48 -29 50 -12 -4 -20 -54 -7 -25 -45 -36 -14 -21 -35 -37
right_child=2 13 3 22 9 7 10 39 14 11 49 28 58 17 34 -17 45 18 52 20 -22 -23 23 35 33 -27 -28 47 30 32 46 -33 -34 60 57 61 -38 -39 -40 -41 41 -43 -44 56 -46 -47 -48 -49 -50 -51 -52 -53 53 -55 -56 -57 -58 -59 -60 -61 -62 -63
leaf_value=0.0094588454661388779 0.034410234831179574 0.011072282663780226 -0.0026510976063981121 0.017096923267380961 -0.025649879143678202 0.01209989274544045 -0.0053948240439419043 0.026224967994476846 -0.010840525843356248 -0.0072205546197010367 0.010669154157353977 0.015820189985877097 0.0091068510533613423 -0.014390051157620598 -0.01444782295598972 0.023456774288464599 -0.00030006106815963496 -0.014136350901959534 0.0078221924929686108 0.0016697087466146178 -0.0096331007760255948 0.011229463335249391 -0.0063359958821078092 0.00065977037881971296 0.010843910667926726 -0.0082529244492936023 0.0047801684976298778 -0.0057586612483192081 -0.0034014044611457295 -0.0062329866084871906 0.021588247471611241 0.015709615706498203 0.0090244649394411684 -0.016672750657565828 -0.0095478887004699434 -0.029055633754288625 0.0059961239553920189 -0.0084666786448713612 -0.00034000606062826734 0.0047030218386583172 -0.02097705289635169 -0.0056274084885553632 -0.0060450066384281631 0.007904262076381707 0.01078478485258786 -0.0114866542720656 0.0014248146997623446 0.0044076892938014365 0.0017592696646785756 0.022140370056516291 -0.011505958370167303 0.017443177426020886 -0.0032229661757796624 -0.010487154031666042 -0.0061092365543094834 0.0261756231325872 0.027170063567607095 -0.00066120695110614145 -0.015856030533212495 0.023618057537310184 -0.0060046657990232679 0.0061370726033092571
leaf_weight=367 116 378 279 103 209 258 420 211 669 2203 382 467 923 1494 320 704 574 406 120 463 1616 258 620 187 117 856 781 896 2071 591 196 395 2102 649 714 105 47 287 646 140 101 497 473 90 629 523 3865 1340 675 1292 47 305 321 626 411 368 673 369 68 224 267 643
leaf_count=367 116 378 279 103 209 258 420 211 669 2203 382 467 923 1494 320 704 574 406 120 463 1616 258 620 187 117 856 781 896 2071 591 196 395 2102 649 714 105 47 287 646 140 101 497 473 90 629 523 3865 1340 675 1292 47 305 321 626 411 368 673 369 68 224 267 643
internal_value=-0.000457441 -0.00563455 0.00228887 0.00579498 0.000107387 0.00843301 0.00518969 0.0139324 -0.0118466 -0.000870099 0.00997643 8.00256e-06 -0.00390137 -0.00315106 -0.0165706 0.00690528 -0.00891416 -0.00368884 -0.00149105 -0.00642417 -0.00317769 -0.0106129 -0.000345781 0.00271599 -0.00598114 -0.00644995 0.00891927 0.000315418 0.00135455 0.00435331 -0.000195376 0.00212121 0.00253422 -0.0103068 -0.0124912 0.00681645 -0.0221805 0.000903614 -0.00517891 0.022331 -0.00219219 -0.00852843 0.00137181 0.0247433 0.0145033 -0.00564589 0.00185458 0.00231085 -0.00085389 0.0136626 0.00558087 0.00673401 -0.00820056 -0.0100836 -7.36377e-05 0.0131858 0.0280078 -0.00964912 0.00534466 0.00581062 -0.0126638 0.00197889
internal_weight=38147 13222 24925 9560 15365 6678 4191 2487 3759 13839 2536 12486 3194 9463 2072 1373 1353 9085 5030 4055 2303 1752 2882 1923 1687 959 1526 3963 9292 3160 6132 815 2693 1033 1403 1303 256 654 1052 1114 1655 598 1057 974 745 1097 4061 2911 1571 1721 429 584 1067 947 669 555 763 1083 991 687 916 748
internal_count=38147 13222 24925 9560 15365 6678 4191 2487 3759 13839 2536 12486 3194 9463 2072 1373 1353 9085 5030 4055 2303 1752 2882 1923 1687 959 1526 3963 9292 3160 6132 815 2693 1033 1403 1303 256 654 1052 1114 1655 598 1057 974 745 1097 4061 2911 1571 1721 429 584 1067 947 669 555 763 1083 991 687 916 748
cat_boundaries=0 7 14 21 23 30 32 34 40 42 49 56 62 64 66 69 70 72 74 77 78 80 82 84 86 88 90 92 93 95 97 99 105 108 110 112 114 116 118 124
cat_threshold=268656644 2097440 536870912 1611819536 525377 102760448 128 276959236 8520720 134218240 135208 98 268795920 129 2214593640 5770264 2214592512 2176 1619805248 148 32 134743056 25855236 0 0 0 131080 34 327680 128 101752832 1572872 1510998657 151519235 0 0 0 131112 0 268435456 3146162 17106180 532480 0 134217728 4144 0 67436800 129 6440 4728832 0 0 16896 1048576 4 90112 256 0 536870928 1025 33554432 33983872 5120 1082720770 393728 202014723 134217731 1 369098786 264704 35748 805908683 2148007956 268501440 536870912 8 269033472 2159484983 393764 202375201 1050784 23330850 10485760 67109888 1634304 67371017 13168642 360452 4096 1028 19993600 33554432 0 32768 134217744 32772 33588228 1052672 0 8519680 4 1212153856 0 8404992 69730434 3367010306 2 302030848 16384 67109376 1114752 1572864 1082130440 336625922 524416 2105344 1075838984 0 0 0 0 8192 128
is_linear=0
shrinkage=0.05


Tree=32
num_leaves=63
num_cat=42
split_feature=0 1 4 1 4 4 1 1 3 9 1 0 1 9 1 1 3 4 4 1 0 2 1 3 3 1 4 3 1 3 3 1 9 4 1 1 4 9 0 11 1 3 6 9 9 1 6 0 0 0 1 0 3 6 9 1 4 3 4 9 1 1
split_gain=202.002 90.525 78.2704 59.012 58.0298 43.6576 43.6593 36.6632 33.6124 29.669 33.3519 28.134 26.7019 26.2505 50.9775 34.7748 29.5817 24.7264 23.0537 21.2957 20.5322 19.301 18.7803 19.6035 17.9481 16.9074 16.0316 15.0701 14.8099 14.5856 14.4692 14.3311 13.8172 18.1158 24.5188 19.2394 17.1383 13.6075 16.0904 13.2669 13.1641 12.7984 12.2229 11.562 11.0095 10.847 10.4068 9.98925 9.76951 9.71757 9.69139 9.62459 9.45041 9.22262 9.47005 9.16054 14.7175 10.2172 9.09374 12.3596 13.4458 11.7887
threshold=1.5716603543580625 0 1 2 3 4 5 6 7 9.5000000000000018 8 2.421011310858626 9 10.500000000000002 10 11 12 13 14 15 2.0577379942829914 16 17 18 19 20 21 22 23 24 25 26 4.5000000000000009 27 28 29 30 10.500000000000002 2.1435140602162477 12.500000000000002 31 32 27.500000000000004 5.5000000000000009 11.500000000000002 33 158.50000000000003 1.7730410110839663 2.1372951807736453 1.3753045791400764 34 2.3712254484163471 35 53.500000000000007 7.5000000000000009 36 37 38 39 10.500000000000002 40 41
decision_type=2 9 9 9 9 9 9 9 9 2 9 2 9 2 9 9 9 9 9 9 2 9 9 9 9 9 9 9 9 9 9 9 2 9 9 9 9 2 2 2 9 9 2 2 2 9 2 2 2 2 9 2 9 2 2 9 9 9 9 2 9 9
left_child=2 11 3 40 12 46 8 29 9 19 -11 25 -3 15 16 20 -15 -17 28 -7 -8 26 51 -24 50 41 49 -16 -9 -4 -27 -26 36 35 -35 -34 -23 45 44 -38 -1 -2 -42 -13 -39 -32 47 -6 55 -20 -5 -10 -30 54 -28 57 -57 -14 -31 61 -61 -60
right_child=1 4 7 24 5 6 13 18 22 10 -12 43 48 14 27 17 -18 -19 21 -21 -22 32 23 -25 31 30 53 -29 52 58 37 -33 33 34 -36 -37 39 38 -40 -41 42 -43 -44 -45 -46 -47 -48 -49 -50 -51 -52 -53 -54 -55 -56 56 -58 -59 59 60 -62 -63
leaf_value=0.003764859126952669 -0.0090650359095398869 0.0010766400703510314 0.0089015860610280832 -0.0097540961912226231 0.029647866832575233 -0.00037197580551219246 -0.0071669001992942577 0.012232047853459794 -0.0042885374732482438 -0.0072950263683672304 0.024949756154007342 0.012123313968147077 -0.02335934688841922 0.023360821227819486 -0.0067359433154551736 0.0048386765731284753 0.005497379805228686 -0.0015651557030696873 -0.016733262380989967 0.014643022846397175 0.0089562030491626039 0.0036686665110605143 0.019837348034459926 0.0033120749712955868 -0.0082850573997181876 0.0058960350268476517 -0.017528329661973593 0.00097528699422592133 0.0064137349558377188 -0.011886957316352498 0.0092062827082719963 -0.009564189898401871 0.0028172994962077261 -0.019673468303418082 -0.0039751930484107079 -0.0081562908677397239 -0.018183207600827932 0.028785152880198984 -0.0027392644148282134 -0.0068257869787918925 -0.018994605785903482 0.0086622919319491627 -0.0032177919347248455 0.026990540883187177 0.018212265775532865 0.031695640689633556 0.043538628660309754 0.0095773044439979704 0.0038179684725957899 0.013954740342563677 -0.014362666627302274 0.030374004271800283 -0.0048722364333477963 -0.014735126276028363 -0.0074423697596681217 -0.0053575847791264234 -0.016153268070697387 -0.011453418688835105 -0.012489028648664991 -0.0046155359054693701 0.035332328751723291 0.00062310728983490111
leaf_weight=339 202 623 550 227 52 804 2740 277 1249 109 758 252 106 619 445 3673 855 4024 48 1028 381 265 448 1248 442 766 129 1103 106 355 417 971 1165 320 997 1125 559 140 46 589 200 341 819 332 70 291 188 118 98 59 309 46 424 408 77 665 322 366 501 117 302 1542
leaf_count=339 202 623 550 227 52 804 2740 277 1249 109 758 252 106 619 445 3673 855 4024 48 1028 381 265 448 1248 442 766 129 1103 106 355 417 971 1165 320 997 1125 559 140 46 589 200 341 819 332 70 291 188 118 98 59 309 46 424 408 77 665 322 366 501 117 302 1542
internal_value=-0.000457441 0.00219258 -0.00545303 -0.0121043 0.00110517 0.00195497 0.00163255 -0.00321914 0.00531579 0.0093577 0.0170127 0.0105511 -0.006621 0.000115523 0.00423561 -0.00103531 0.0108491 0.000772025 -0.00539799 0.00578603 -0.00547748 -0.00651191 0.00164945 0.00509965 -0.0176876 0.00807303 -0.0141587 -0.0021181 0.00250918 0.00102162 0.0104598 -0.0144413 -0.00538767 -0.00375658 -0.00840241 -0.00104348 -0.00958953 0.0145791 0.0246094 -0.0121762 -0.00402047 0.000271248 -0.00685131 0.0203767 0.0304762 0.0111582 0.0190217 0.0105882 -0.0101149 0.00384615 -0.0258242 -0.00287356 -0.00240741 -0.0173077 -0.0262136 -0.0112063 -0.00817452 -0.0170124 -0.000442165 0.000647249 0.00847255 -0.000954479
internal_weight=38147 24925 13222 3307 22068 19888 19530 9915 5690 2699 867 2857 2180 13840 3022 10818 1474 7697 6548 1832 3121 5741 2991 1696 1949 2273 721 1548 807 3367 1730 1413 5020 3607 1317 2290 1413 964 256 1148 1358 543 1019 584 210 708 358 170 1557 107 536 1295 530 614 206 1459 987 472 2817 2462 419 2043
internal_count=38147 24925 13222 3307 22068 19888 19530 9915 5690 2699 867 2857 2180 13840 3022 10818 1474 7697 6548 1832 3121 5741 2991 1696 1949 2273 721 1548 807 3367 1730 1413 5020 3607 1317 2290 1413 964 256 1148 1358 543 1019 584 210 708 358 170 1557 107 536 1295 530 614 206 1459 987 472 2817 2462 419 2043
cat_boundaries=0 6 12 18 25 31 37 43 46 52 58 64 70 73 80 87 93 95 100 101 103 109 115 118 124 126 129 135 142 148 154 160 166 168 172 178 180 186 192 194 201 207 213
cat_threshold=142803456 536872960 1431310880 8917226 2097172 69304324 268656644 2097440 536870912 1611819536 1025 35651584 8519680 50332704 5377064 75501649 64 8421636 8478736 2228232 83886082 3963626002 4456449 41944320 16 17039872 3072 0 0 1619001344 524432 555753600 224448544 134488324 2183266576 4263944 18087936 66048 33554560 146936897 8523795 1241516580 1709824 1143079206 1083195395 8 0 201326592 262144 2097152 0 1048576 67142660 9470036 16640 16794624 268469256 8667136 1577282 8913473 540673 419692544 335938080 24641 369639497 8389120 50185 262148 906242720 4215296 10616832 18 2 1032 71303200 2818572800 131272 1088 98304 37 6408 141313 8389120 134217796 549376 1310992 4 18874496 4210720 134217732 35651584 0 17039360 201326627 262156 2105472 16830464 4 2147614720 4263944 8421376 195 5 0 0 512 0 16 69271556 0 0 2147483648 136 0 8388608 274432 1064968 10 0 536879104 2417231872 2097152 0 32768 2148532260 3222814736 262152 538984456 8 0 536870912 2281701376 536870912 0 528384 524288 0 16389 75501602 96 98304 128 1 32 520 32 256 67141632 262145 8224 268698120 64 400 67141648 0 16 2281701376 128 4194336 805306368 0 16777248 1048584 8392720 64 260 142639104 538984456 134218240 2048 352321536 138 1 536870912 268435456 536870912 256 1576960 262146 2148007952 1075314688 20481 2105536 2048 266272 2048 65552 131080 0 1275068432 4456448 8389632 134217729 1 536870912 4194304 2147483652 67108928 532480 0 160 65536 0 131072 8388608 2052 4352 512 33554432 134217728 4096 167772672 525312
is_linear=0
shrinkage=0.05


Tree=33
num_leaves=63
num_cat=41
split_feature=0 1 1 4 4 4 1 9 1 4 1 1 4 1 9 1 1 4 4 4 9 1 1 9 2 9 4 1 3 3 4 1 4 11 1 1 9 9 0 2 3 1 1 2 6 3 1 11 6 1 4 1 0 9 6 0 1 6 1 9 9 0
split_gain=178.389 107.569 87.4286 82.7579 63.6253 57.2416 57.0988 48.4817 53.1538 46.3519 40.7909 38.4252 37.9387 37.7257 30.5236 59.6186 39.0005 29.7142 26.2707 25.7558 29.3229 23.8369 22.3165 20.7818 19.4392 18.9034 18.5317 19.4039 17.7207 16.7216 16.2445 16.0171 15.7818 14.8467 20.6029 14.7253 14.3148 14.0098 13.9636 13.7545 13.2885 13.0743 12.996 12.3203 12.0518 11.6964 11.3192 11.2572 11.044 10.7105 10.6095 10.4355 10.3869 10.2627 10.05 9.92549 9.88615 10.3133 9.68429 9.61274 10.9977 11.9112
threshold=1.9963237975540058 0 1 2 3 4 5 8.5000000000000018 6 7 8 9 10 11 10.500000000000002 12 13 14 15 16 3.5000000000000004 17 18 11.500000000000002 19 6.5000000000000009 20 21 22 23 24 25 26 14.500000000000002 27 28 3.5000000000000004 5.5000000000000009 2.3549017945672794 29 30 31 32 33 467.50000000000006 34 35 16.500000000000004 12.500000000000002 36 37 38 1.6944642783253936 6.5000000000000009 76.500000000000014 1.909454057764177 39 275.50000000000006 40 1.5000000000000002 3.5000000000000004 1.9189501255965187
decision_type=2 9 9 9 9 9 9 2 9 9 9 9 9 9 2 9 9 9 9 9 2 9 9 2 9 2 9 9 9 9 9 9 9 2 9 9 2 2 2 9 9 9 9 9 2 9 9 2 2 9 9 9 2 2 2 2 9 2 9 2 2 2
left_child=1 3 -2 31 10 7 29 8 -4 22 28 19 24 23 16 40 17 -13 33 41 51 -17 -6 -9 -12 50 56 -28 -3 -7 -18 -1 -33 34 37 -35 -29 -8 58 -27 -16 -11 53 -14 -26 47 -22 -31 -47 -50 -24 -21 54 -20 -38 -30 -5 -58 -10 -34 -61 -62
right_child=2 4 5 26 9 6 18 13 38 11 12 14 43 -15 15 21 30 -19 42 20 46 -23 25 -25 44 39 27 36 55 45 -32 32 59 35 -36 -37 52 -39 -40 -41 -42 -43 -44 -45 -46 48 -48 -49 49 -51 -52 -53 -54 -55 -56 -57 57 -59 -60 60 61 -63
leaf_value=-0.012079398241904361 0.024357003700624137 -0.0076362902671084755 -0.0052773981423215773 0.023200139310950975 -0.0037068883485228302 -0.029052312080218815 -0.020953259299274586 0.021050459688477408 0.018071515595945466 0.034878761459866459 0.0084934207486979437 0.01261029016867083 0.00075727337424237324 0.0082965305062014001 0.011780360265883728 0.02944145857797964 0.00072978574498246964 7.5257266428363503e-05 -0.0069235375660822614 -0.016668154943568794 0.00047923816022314995 0.01177212511695982 -0.0069573531992336074 0.0022372567663498377 -0.0097845601523753826 0.019798837769200595 0.0043595125301208182 -0.014301954387889206 -0.01519479959668963 -0.0027691229599125567 -0.0038322879037073487 -0.011379969680138581 0.011575394073016099 0.029694576407474471 0.010365139241675127 0.0068382634790282951 -0.0077343754308757066 0.0010490079754783277 0.023797192247902887 0.038943098205678012 -0.0093007544924093698 0.0021623456440509835 -0.0081863528089182406 -0.014032495415802032 0.010218725850473388 0.013781986268655922 -0.0067237533870560477 0.016055146441554213 -0.0012789069833488154 -0.0086947950864658344 0.008397323341168994 -0.0075091178280178479 -0.014582397182285912 0.017478026084541316 -0.00035807668451636745 -0.0022397113473189125 -0.0051363979632800321 0.010601952202952031 0.0091626138176718278 -0.013529765733211078 -0.0068179359192903051 -0.025941258301646265
leaf_weight=875 956 340 984 109 231 100 125 733 469 110 579 1254 108 582 137 270 3013 1643 203 491 1280 1779 155 114 663 227 504 451 488 170 5206 271 98 464 627 485 529 260 218 305 607 206 546 510 129 82 2212 111 438 785 279 460 121 232 1022 66 216 128 876 246 1224 45
leaf_count=875 956 340 984 109 231 100 125 733 469 110 579 1254 108 582 137 270 3013 1643 203 491 1280 1779 155 114 663 227 504 451 488 170 5206 271 98 464 627 485 529 260 218 305 607 206 546 510 129 82 2212 111 438 785 279 460 121 232 1022 66 216 128 876 246 1224 45
internal_value=-0.000515113 -0.00249239 0.00539749 -0.00853992 -0.000935935 0.00378454 0 0.00817863 0.0040636 7.2956e-05 -0.00786381 -0.000540743 -0.00382691 0.0155703 0.000786694 0.00546008 -0.00038683 0.00459236 0.00420054 -0.00441392 -0.00540085 0.00983487 0.00956918 0.0222287 0.00083273 0.0129098 -0.00288026 -0.00449374 -0.0167035 -0.00731132 -0.00214485 -0.0148248 -0.012038 0.00753425 0.00335968 0.0120653 -0.00658697 -0.0056962 0.00975842 0.0193609 -0.0066313 0.00920245 -0.00247225 -0.0140127 -0.0042394 -0.00595238 -0.00329324 0.0032646 -0.00794677 -0.00919869 0.00529954 -0.0131966 -0.00448565 0.00393258 -0.00338491 -0.0223404 0.00637149 0.0019774 0.00791822 -0.0100123 -0.0110561 -0.00918046
internal_weight=38147 28587 9560 5839 22748 8604 4628 3976 2547 19865 2883 18668 1989 1429 13909 2793 11116 2897 2942 4759 4443 2049 1197 847 1371 966 3080 2627 894 1686 8219 2759 1884 1961 1012 949 2123 385 1563 532 744 316 981 618 792 1586 3492 281 1305 1223 434 951 1672 435 1551 554 453 344 1345 1613 1515 1269
internal_count=38147 28587 9560 5839 22748 8604 4628 3976 2547 19865 2883 18668 1989 1429 13909 2793 11116 2897 2942 4759 4443 2049 1197 847 1371 966 3080 2627 894 1686 8219 2759 1884 1961 1012 949 2123 385 1563 532 744 316 981 618 792 1586 3492 281 1305 1223 434 951 1672 435 1551 554 453 344 1345 1613 1515 1269
cat_boundaries=0 6 12 19 25 32 38 44 50 56 62 68 74 80 86 93 100 105 110 116 118 125 131 133 136 143 149 154 160 166 168 170 173 178 180 182 188 193 199 205 210 215
cat_threshold=205529217 539115520 2281967616 656474114 2688565272 23593088 8520320 0 1074806784 2625544 67174420 2211968 221200 70254904 2684354564 1073872944 4457571 102760468 128 813785349 19136768 524289 1812990480 2622465 44056576 8523776 8389632 134218240 4128 66 268812288 1 1074823187 146821121 2228744 2684616708 528384 33554432 17825800 583565313 17301508 50397184 4718594 4456454 67112488 270019585 67108864 0 1615085600 2147484688 8652800 67108864 10496649 133125 134484004 101748992 570707968 8800 290505268 32 1124107072 33554955 90368 2097152 0 1209010192 524288 8388608 1225826306 49216 36 50331648 0 3 25364480 1291846016 33622344 268569664 8391685 8392976 9666560 1293418753 34152713 9046272 5126 266496 131072 4194320 536871424 131114 0 268730368 129 532488 2228240 2684354560 67239944 32 67108864 160 131088 4325376 2281701380 128 64 2097216 1 0 266240 2363424 10485780 272 268509184 279552 1024 6144 34605546 2 8 4194304 512 0 549376 268435712 4 8320 0 2147483648 100663296 0 524416 201326658 34078724 134217729 0 2 2164789264 71303200 2281701892 192 8388608 67436800 164 8192 536870912 2281705472 570425344 2151677952 524288 221200 2097152 0 0 1058 4202528 2129920 528388 65 2 4456452 554180640 2097216 0 33554496 8 21233670 101359616 2170888 8421376 8388609 0 0 273694752 8256 2129984 532516 16777216 10 540016672 540672 2416771104 8200 33558528 0 4194816 0 16778048 33554441 0 12587008 2097664 2147483652 524288 8 1024 0 0 0 1040 4096 0 272646656 0 320 33554432 0 536870912 134217728 538968064 541065216 524354 2101248 275132416 536870977 8
is_linear=0
shrinkage=0.05


Tree=34
num_leaves=63
num_cat=46
split_feature=3 1 1 1 1 4 4 1 9 1 4 1 9 4 1 1 1 1 3 1 4 1 3 2 11 1 9 11 1 1 9 2 1 1 11 1 4 7 1 3 9 1 1 6 1 3 7 3 3 1 3 7 4 7 1 9 6 1 2 1 11 2
split_gain=129.049 105.385 86.3228 61.0943 51.0225 38.0785 37.224 54.5662 34.7488 59.3388 40.534 35.2468 34.7281 30.4481 24.1765 20.1272 19.9062 18.9597 20.0519 18.1894 16.9789 20.5641 16.2625 27.3912 16.0032 15.3792 15.2198 19.2903 17.8306 17.5306 15.161 24.3487 19.1929 15.054 14.3164 13.148 21.8775 13.5533 12.95 12.7553 12.5358 18.517 15.5079 11.3818 14.5624 16.6203 12.2263 11.2666 11.0603 10.9864 10.9001 10.8448 10.5406 10.1066 10.0273 9.97007 9.75104 33.0148 22.0516 9.4991 9.40261 9.39887
threshold=0 1 2 3 4 5 6 7 10.500000000000002 8 9 10 10.500000000000002 11 12 13 14 15 16 17 18 19 20 21 12.500000000000002 22 8.5000000000000018 13.500000000000002 23 24 2.5000000000000004 25 26 27 18.500000000000004 28 29 5.5000000000000009 30 31 6.5000000000000009 32 33 19.500000000000004 34 35 1.0000000180025095e-35 36 37 38 39 1.5000000000000002 40 3.5000000000000004 41 9.5000000000000018 97.500000000000014 42 43 44 14.500000000000002 45
decision_type=9 9 9 9 9 9 9 9 2 9 9 9 2 9 9 9 9 9 9 9 9 9 9 9 2 9 2 2 9 9 2 9 9 9 2 9 9 2 9 9 2 9 9 2 9 9 2 9 9 9 9 2 9 2 9 2 2 9 9 9 2 9
left_child=1 22 5 38 20 16 7 59 11 49 25 56 14 -5 -7 52 53 18 24 -12 26 34 23 -1 -15 -11 27 28 -4 -28 31 -19 47 51 -22 36 -13 -37 -3 -16 42 -42 -17 46 45 -45 -24 -32 55 -10 -23 -20 -9 -2 -29 -40 57 -8 -58 -6 -34 -26
right_child=2 3 4 13 6 12 8 15 9 10 19 35 -14 17 39 40 -18 30 33 -21 21 50 43 -25 61 -27 29 54 -30 -31 32 -33 60 -35 -36 37 -38 -39 48 -41 41 -43 -44 44 -46 -47 -48 -49 -50 -51 -52 -53 -54 -55 -56 -57 58 -59 -60 -61 -62 -63
leaf_value=-0.027666029721211752 0.00047500778032077973 0.025256602596664623 -0.024797791395578962 -0.010272399636550262 0.030688672113102444 0.019120109213657734 -0.0099521115542899226 -0.0094214717681447846 -0.020812406420721408 0.0089990855550540882 0.020189712893801226 0.0094031027749197204 0.019545290684716721 -0.00096425303001437812 -0.0024755871425237276 -0.0066412296926135154 0.011478261842358296 0.02256700420621284 -0.011433466626452466 0.0008513491269045826 0.0071089310994120972 0.00079013424352669117 -0.0038736935523220163 0.0015110770418569454 0.024007377976022672 0.023416194219817735 -0.010161974169341215 -0.010214204705087613 -0.0089981337090702558 0.0068708629815054881 -0.00066954291029909247 -0.014315621241290245 -0.0053874396650754998 -0.011199659616268865 -0.0084289900412740874 4.4794089991773146e-05 -0.0022861217028022907 -0.0058688343341358473 -0.010789661825397395 0.0098420339444841298 -6.396729684302605e-05 0.020613450567795646 0.0050334280312545393 -0.012933424711718456 -0.012700527525874739 -0.0043134132808939326 -0.015520070611131859 -0.011000280683619523 0.014005761065988798 -0.0032016516192594382 -0.01206249685508416 0.009917944816277835 0.0026502117837668318 -0.011477472664748368 -0.0023085968806414725 0.029096646671134846 0.0052136610163278424 0.0035642930897807458 -0.0095664290378746422 0.018723476508837524 0.001616873937290031 0.002893757715103429
leaf_weight=104 553 209 274 621 111 1060 739 340 261 339 445 1816 600 486 545 337 1053 109 73 1272 827 150 45 344 387 633 361 252 381 390 334 584 1621 376 251 5497 972 672 195 305 349 503 637 293 589 624 292 591 502 623 407 159 297 310 580 80 423 1083 1738 835 1143 165
leaf_count=104 553 209 274 621 111 1060 739 340 261 339 445 1816 600 486 545 337 1053 109 73 1272 827 150 45 344 387 633 361 252 381 390 334 584 1621 376 251 5497 972 672 195 305 349 503 637 293 589 624 292 591 502 623 407 159 297 310 580 80 423 1083 1738 835 1143 165
internal_value=-0.000554434 -0.00545491 0.0011707 -0.00262263 -2.31044e-05 0.00757439 0.000998395 0.00574729 1.51304e-05 0.00438007 0.00805854 -0.00119011 0.011627 -0.0043475 0.00837696 0.00179943 0.00223261 -0.00324611 0.0013285 0.00338738 -0.00526655 -0.00136778 -0.0148414 -0.0058952 0.00553435 0.0161914 -0.00809609 -0.0110625 -0.0174809 -0.00233023 -0.00496357 -0.0117605 -0.00370019 -0.00582524 0.00266544 0.000552024 0.00339528 -0.000736365 0.00893574 0.00197674 0.00446623 0.00892019 0.000616016 -0.0169725 -0.0152058 -0.0108414 -0.0253709 -0.00989305 0.00578145 -0.00682327 -0.00908289 0.00413223 -0.00579598 -0.00337915 -0.00600962 -0.0022807 -0.00509642 -0.00241493 -0.00738084 0.0158996 -0.00158616 0.011413
internal_weight=38147 9926 28221 7635 23795 4426 19922 3409 16513 3573 2689 12940 2510 6649 1910 2463 1916 6028 1646 1717 3873 1635 2291 448 1038 972 2238 1487 655 751 4382 693 3689 608 1078 8957 2788 6169 986 850 1826 852 974 1843 1506 917 337 925 777 884 557 232 637 863 832 275 3983 1822 2161 946 2764 552
internal_count=38147 9926 28221 7635 23795 4426 19922 3409 16513 3573 2689 12940 2510 6649 1910 2463 1916 6028 1646 1717 3873 1635 2291 448 1038 972 2238 1487 655 751 4382 693 3689 608 1078 8957 2788 6169 986 850 1826 852 974 1843 1506 917 337 925 777 884 557 232 637 863 832 275 3983 1822 2161 946 2764 552
cat_boundaries=0 2 8 14 20 26 33 40 46 52 59 65 71 77 83 89 95 97 103 110 116 118 120 126 132 138 140 146 152 158 164 170 173 179 185 191 193 195 197 203 205 211 217 223 225 231 233
cat_threshold=2093029331 721453092 1107301218 536887552 2290356736 537133058 675545904 67637248 941728450 134270980 1073741828 17301706 458760 196609 16777236 1096288288 84410385 445190168 44564546 1024 71581724 536879648 2181038225 604045312 3793799232 4195464 16777216 68288512 2147484160 10 4218944 805666816 32 16785000 72911873 134218240 4194304 1073758784 819216 128 8521728 3228565504 68429312 2147485713 20972037 52691200 3073 1157627904 286264360 3104 29361428 42471680 0 16 0 32 4194304 268435456 1 8912897 1119882369 344576 1073745952 352330242 100968960 276840448 16777216 16777216 671097344 2098181 33554432 106496 134266880 4 194 65544 196608 1049600 33554768 13238592 270548996 524320 4162 2171008 49152 4 194 8 196608 209717248 169877700 74016 2164278272 335545472 4211014 1350566144 671088640 0 524288 134504448 282624 469762080 17047556 524296 2097168 516 4136 64 268468224 129 278544 8704 2181038096 603979776 3221225536 1152 1275073024 184549376 1073750528 130 524288 0 4587520 144719872 268435457 262146 16384 536879616 2147483648 67108864 536870912 128 262160 8192 2181038080 536870912 3254779904 4195328 2148597760 16392 2228353 4096 268437704 69339136 36868 2049 67108864 136314880 65824 16777216 0 256 1056 83886400 281673984 2189426944 8393760 4164 524304 131072 0 160 4194336 65536 0 1074268160 16777232 268959744 35651648 1024 3014656 1 8 1091043329 0 285212712 33555456 134218752 77072384 33554432 8913920 134236160 33816576 335548432 4 1107296576 256 262144 536870912 541327664 67108864 387 536870916 1149239298 32768 268439811 134217728 1024 1157627904 285214728 0 12583936 524544 524288 8405000 4104 1024 134218240 0 16384 262144 67108864 512 16 536870912 0 1152 8388608 1119880192 66048 1073741824 83894786 2048 16 590880 8388608 1074790400 1024 0 4 256 1075839376 593924
is_linear=0
shrinkage=0.05


Tree=35
num_leaves=63
num_cat=47
split_feature=0 1 4 4 1 4 1 1 1 4 7 1 3 0 4 1 4 3 4 4 11 2 3 7 1 3 2 1 7 1 3 4 0 1 7 10 11 4 1 4 7 2 0 1 1 3 7 2 4 3 1 1 0 1 1 1 11 2 2 3 1 4
split_gain=159.075 77.9699 68.0342 55.5141 54.9525 39.1393 33.3234 31.0626 26.764 25.2263 23.8317 50.7851 23.2153 21.6897 21.5821 19.8808 22.8142 19.2908 19.1198 16.5363 15.9383 15.8109 15.6917 15.6379 30.3152 15.6745 14.9662 14.5839 14.0227 13.9985 18.198 13.8194 12.8059 12.4136 12.6413 11.3958 13.5117 11.1384 11.1111 11.0766 10.837 10.6985 10.6188 11.0324 10.3659 10.3623 10.2333 10.0882 19.1425 14.6889 9.04253 8.77138 8.8626 8.74272 8.63861 8.41413 8.28345 8.16245 8.06139 7.96924 7.95827 7.86396
threshold=1.5716603543580625 0 1 2 3 4 5 6 7 8 5.5000000000000009 9 10 2.4982167260137702 11 12 13 14 15 16 10.500000000000002 17 18 2.5000000000000004 19 20 21 22 5.5000000000000009 23 24 25 2.6332862808888948 26 4.5000000000000009 1.0000000180025095e-35 16.500000000000004 27 28 29 5.5000000000000009 30 2.3712254484163471 31 32 33 2.5000000000000004 34 35 36 37 38 1.4506897767776012 39 40 41 8.5000000000000018 42 43 44 45 46
decision_type=2 9 9 9 9 9 9 9 9 9 2 9 9 2 9 9 9 9 9 9 2 9 9 2 9 9 9 9 2 9 9 9 2 9 2 2 2 9 9 9 2 9 2 9 9 9 2 9 9 9 9 9 2 9 9 9 2 9 9 9 9 9
left_child=2 13 4 8 31 26 12 9 22 56 15 60 58 17 44 18 -17 41 -8 50 51 -13 -3 24 37 -26 -5 -19 38 39 -31 -1 -15 34 35 -33 -37 -21 46 -25 -32 -2 43 -14 -6 -35 -22 49 -49 -10 -9 -11 -53 -51 -27 -41 -4 -58 -7 -40 -12 -47
right_child=1 3 7 5 14 6 10 19 47 20 11 21 42 32 -16 16 -18 27 -20 23 28 -23 -24 29 25 54 -28 -29 -30 30 40 33 -34 45 -36 36 -38 -39 59 55 -42 -43 -44 -45 -46 61 -48 48 -50 53 -52 52 -54 -55 -56 -57 57 -59 -60 -61 -62 -63
leaf_value=-0.012556794515541854 -0.0016904842804810029 -0.019084317508657855 0.0063220377359195059 0.038434949909633503 0.0042181605822903317 0.017160139465755654 0.0020504166039613746 0.022277755669808792 -0.022833338124815396 -0.0066119048111819238 0.012074819586069175 -0.016731208138359654 0.012181462024174295 0.024515041862889289 -0.0092250189485353472 -0.003440727353592141 0.0032726045080460064 0.0089785522298017947 -0.0035759771007032428 -0.011130608703007101 -0.010628981332193897 -0.0077767494168931584 0.0019477921531916187 -0.0010946748581212862 -0.013621103627470932 0.0075169593979584007 0.015435926793459932 0.02853389465263724 -0.016809102696698868 -0.0071436327861129191 0.0024417468958229382 -0.010518050627937304 0.013307285739654019 0.0032300870073180611 -0.0058448193103179807 -0.0030530858757379879 -0.016931513338019854 -0.018665075074978554 -0.0041533144676172973 0.014930621567427228 -0.0044770497935571812 0.012884885241595079 0.029377833842145075 -0.0021798956203756938 -0.0038119256876568476 -0.0086069147348796556 0.0062991152183298101 -0.00063755326090695903 -0.012124278085828395 0.0021392613267685713 0.0004754336651678959 -0.018729747617226258 -0.027619774787744401 -0.010717621831364181 -0.00267354501752054 0.0044094654862218974 -0.0034943578798564802 0.0077196926350003919 0.0037895778261018754 -0.0097824840463616291 0.0021713823550204348 -0.015332953447053745
leaf_weight=365 630 111 55 203 497 1744 1662 210 103 162 250 421 653 225 515 1338 7864 743 2505 484 168 602 731 478 251 729 261 466 174 1011 999 253 326 117 126 150 73 372 363 147 262 347 50 1354 1008 747 194 504 450 105 284 322 137 308 1019 681 109 180 567 473 402 107
leaf_count=365 630 111 55 203 497 1744 1662 210 103 162 250 421 653 225 515 1338 7864 743 2505 484 168 602 731 478 251 729 261 466 174 1011 999 253 326 117 126 150 73 372 363 147 262 347 50 1354 1008 747 194 504 450 105 284 322 137 308 1019 681 109 180 567 473 402 107
internal_value=-0.000596377 0.00175527 -0.0050295 0.00077034 -0.0105091 0.00162426 0.0012769 -0.00267414 -0.00654608 -0.00764806 0.000159426 -0.00546269 0.00511649 0.00970149 -0.0046798 0.000863939 0.00216023 0.00750229 -0.00199904 -0.000987459 -0.00981028 -0.0123427 0.000586854 -0.00166848 -0.00443082 -0.00102041 0.0158228 0.0116899 -0.00685131 0.000531023 -0.00184049 -0.0165298 0.0186025 -0.0142451 -0.020098 -0.0241597 -0.0159193 -0.0122402 -0.00492487 0.00463526 0.00216365 0.00217832 0.00123367 0.000672646 -0.00161716 -0.0104485 0.00241935 -0.0106081 -0.00736515 -0.0163498 0.0077381 -0.0165056 -0.019936 -0.0114657 0.000682594 0.00811456 0.00480226 0.00155709 0.00855235 -0.00803783 0.00543807 -0.0123843
internal_weight=38147 24925 13222 22188 3958 19876 19412 9264 2312 2337 15044 1675 4368 2737 2020 13369 9202 2186 4167 6927 1993 1023 842 6433 2855 1999 464 1209 1372 3578 2272 1938 551 1573 602 476 223 856 1198 1306 1261 977 2057 2007 1505 971 362 1470 954 516 494 621 459 413 1748 828 344 289 2311 836 652 854
internal_count=38147 24925 13222 22188 3958 19876 19412 9264 2312 2337 15044 1675 4368 2737 2020 13369 9202 2186 4167 6927 1993 1023 842 6433 2855 1999 464 1209 1372 3578 2272 1938 551 1573 602 476 223 856 1198 1306 1261 977 2057 2007 1505 971 362 1470 954 516 494 621 459 413 1748 828 344 289 2311 836 652 854
cat_boundaries=0 6 13 20 26 32 38 44 50 57 63 66 72 78 84 87 94 101 103 105 111 114 116 122 128 131 137 143 149 154 160 162 168 174 177 179 185 186 192 198 203 209 214 216 218 220 225 231
cat_threshold=142803456 536872960 1415057440 8917224 2228244 69304324 805527556 3146024 2684354560 1611819536 525377 102760448 128 8478720 2228224 16777218 3964674578 4472835 41944320 16 327680 536870912 2558792192 538968098 138412308 70782976 17039936 8424448 131072 2048 1619034112 537395216 538978306 153620512 151003653 2181169426 4263944 18088128 79954184 536881248 2097680 603979808 2147483968 10518676 84968576 15761492 82176 50348032 268994049 8669184 0 0 4 67108930 24608 8651008 32 1074528320 1145061969 2368 2377728 335553539 8388608 69370150 1083195392 9 221184 1048616 0 1179664 0 67108864 1175208968 8389121 134152 67371008 1677733571 4212992 2148143152 48 536870916 0 1024 294912 1216348172 538984456 8 528384 1048624 671089152 131072 9216 268795904 32 6440 8529921 0 8388608 16896 1082624 4 1075847200 2413568 5242881 33 0 50331776 268441632 2097152 167772304 1052672 134742017 150994944 1 2158231605 20975616 134217728 536870912 339742720 32 2228224 65540 0 50331776 41950249 2097169 167772304 4096 134217728 2149597193 2 24576 288 0 536870912 1024 33554432 0 536870912 2281701376 536870944 4194304 528384 0 0 512 4128 0 268500992 8388608 96 512 67108864 256 0 4194304 0 4296 0 277086224 164368 1049098 2099200 134742048 16777216 256 4194304 17825984 8388608 16777344 1181704 8388624 64 260 335552512 33554432 8 1084949072 16778248 81920 131072 2 201326592 16386 8388608 134217857 0 0 273678368 2097169 0 1572864 0 8192 0 536870944 0 2129920 1073741824 4096 0 134218756 4096 66048 1024 2152858624 8388690 2560 1280 0 16777216 8388640 0 134217856 268443904 16416 2163224 16781608 557056 3223322625 1074003968 71319552 2048 2361344 3 131072 0 536870912 131088 1 67108864
is_linear=0
shrinkage=0.05


Tree=36
num_leaves=63
num_cat=34
split_feature=0 1 4 1 4 4 1 1 4 0 1 4 9 4 1 1 1 4 4 1 6 7 1 9 1 1 11 9 7 0 1 6 4 1 4 1 1 9 1 9 4 6 9 0 9 2 11 7 0 4 6 4 0 7 1 9 1 11 4 6 7 6
split_gain=140.781 76.4266 65.3884 47.4483 45.014 35.4974 30.5063 28.6493 26.056 24.1046 23.3101 21.1702 21.1507 42.1163 43.2701 28.5388 25.482 17.2685 16.5103 16.3532 16.1669 15.9179 16.0623 15.8545 21.3799 16.6159 18.8884 22.0488 15.6754 15.5906 15.4239 15.139 18.7207 15.2627 14.9416 13.9301 13.8361 19.5843 13.8147 13.7583 13.2438 12.9797 12.4041 12.4759 11.5829 15.823 11.4314 11.3992 10.7841 10.6983 10.9663 10.6632 10.5502 10.5454 10.4726 10.3906 10.0967 9.68981 9.50504 9.47652 9.14566 9.13268
threshold=1.5716603543580625 0 1 2 3 4 5 6 7 2.4019905445877838 8 9 10.500000000000002 10 11 12 13 14 15 16 17.500000000000004 3.5000000000000004 17 7.5000000000000009 18 19 10.500000000000002 1.5000000000000002 1.5000000000000002 2.0275782011902819 20 194.50000000000003 21 22 23 24 25 6.5000000000000009 26 5.5000000000000009 27 12.500000000000002 10.500000000000002 2.765106301759265 3.5000000000000004 28 13.500000000000002 4.5000000000000009 1.4506897767776012 29 95.500000000000014 30 1.3352404934961257 4.5000000000000009 31 8.5000000000000018 32 7.5000000000000009 33 365.50000000000006 2.5000000000000004 467.50000000000006
decision_type=2 9 9 9 9 9 9 9 9 2 9 9 2 9 9 9 9 9 9 9 2 2 9 2 9 9 2 2 2 2 9 2 9 9 9 9 9 2 9 2 9 2 2 2 2 9 2 2 2 9 2 9 2 2 9 2 9 2 9 2 2 2
left_child=2 9 3 53 10 28 18 11 -5 19 61 57 15 14 -14 51 -15 -17 20 29 -7 22 -10 25 48 26 -13 -28 -6 -2 46 36 38 -34 -12 -22 37 39 -33 54 -21 -23 43 -11 -36 58 -20 -32 52 50 -38 -8 -25 -1 -9 -42 -43 -4 -46 60 -27 -3
right_child=1 4 7 8 5 6 12 31 21 42 34 23 13 16 -16 17 -18 -19 30 40 35 41 -24 24 -26 59 27 -29 -30 -31 47 32 33 -35 44 -37 49 -39 -40 -41 55 56 -44 -45 45 -47 -48 -49 -50 -51 -52 -53 -54 -55 -56 -57 -58 -59 -60 -61 -62 -63
leaf_value=-0.0099829111303753881 0.0021208562230102257 -0.013442017397173251 0.0064640123555978592 -0.014284813398672137 0.049779402779359064 -0.014901262569176406 0.0025018175945327906 -0.010229151316801645 -0.00052529030713210358 0.018814460168887416 -0.025544216132218557 -0.026450696712367522 0.026021649669022252 0.006294919856655712 0.0045456562829879754 0.004640526850448779 -0.0040297668966447929 -0.0015373433448621745 0.014393507375498261 0.0064112285981630214 -0.0051910195580339331 0.017551366491609433 -0.010808568739709127 -0.0021488210934011878 -0.012098099288728925 -0.019157116917979791 0.02559971258746371 -0.012002557439603712 0.018820416891796754 -0.027887826088449769 0.0093024547186811631 0.0064189498492375104 0.011931302000404827 0.00024386559234368388 -0.012380104540825511 0.010466658849589318 -0.025006862347509207 0.0098038774725713995 -0.0070961527007043501 -0.017752001316693657 0.014721452412796099 -0.0053175792246920265 0.025949287843490623 0.0077222761864699455 -0.0023814574652388956 -0.0039754662630236528 0.026701082830980011 -0.0069557470860401316 -0.0085667221174333622 -0.0037172480954533182 -0.006721826454502461 -0.0050541020423632184 0.018661514087818964 -0.0068400189529252255 0.002275901872448638 0.022490905411425524 0.0019035950112647583 0.00099412396495566764 0.0080393598468011026 0.00544436993886405 -0.0043360464541628728 0.0021266455869039746
leaf_weight=821 456 540 45 261 115 254 282 149 483 403 102 213 469 1029 855 4185 1027 3649 472 810 518 43 1110 171 327 311 45 359 230 52 696 281 778 707 287 2164 75 549 592 116 529 315 55 141 210 667 466 208 177 3177 82 3254 263 247 207 368 602 218 352 138 360 80
leaf_count=821 456 540 45 261 115 254 282 149 483 403 102 213 469 1029 855 4185 1027 3649 472 810 518 43 1110 171 327 311 45 359 230 52 696 281 778 707 287 2164 75 549 592 116 529 315 55 141 210 667 466 208 177 3177 82 3254 263 247 207 368 602 218 352 138 360 80
internal_value=-0.000609484 0.00160281 -0.00477991 -0.0102261 0.00061254 0.00137052 0.00108507 -0.00250267 -0.00676346 0.00934844 -0.00609431 -0.00692074 -4.06504e-05 0.00343195 0.0103448 -0.001073 -0.00106486 0.000611933 0.00455305 0.00697517 0.00220638 -0.00516972 -0.00825487 -0.0084246 -0.00341151 -0.0117812 -0.0179426 -0.0118812 0.0170423 -0.000965251 0.00826134 -0.000766027 0.00245971 0.00585284 -0.00288698 0.0033557 -0.00251435 0.00257032 -0.00334088 -0.00487288 0.00928946 -0.000104167 0.0182805 0.0159926 -0.00157274 0.000528885 0.0127637 0.00350109 0.00217391 -0.00406699 -0.0164671 -0.00479413 0.00645161 -0.0192022 0 0.0135061 -0.00136314 0.00641026 0.00664336 -0.00677656 -0.00931446 -0.0142857
internal_weight=38147 24925 13222 3882 22111 19873 19528 9340 2814 2814 2238 2627 14750 3380 1324 11370 2056 7834 4778 2215 2936 2553 1593 2364 938 1426 617 404 345 508 1842 6713 2358 1485 1618 2682 4355 1021 873 472 1707 960 599 544 1516 1229 938 904 611 3334 157 3536 434 1068 356 897 917 263 562 809 671 620
internal_count=38147 24925 13222 3882 22111 19873 19528 9340 2814 2814 2238 2627 14750 3380 1324 11370 2056 7834 4778 2215 2936 2553 1593 2364 938 1426 617 404 345 508 1842 6713 2358 1485 1618 2682 4355 1021 873 472 1707 960 599 544 1516 1229 938 904 611 3334 157 3536 434 1068 356 897 917 263 562 809 671 620
cat_boundaries=0 6 13 19 26 32 38 44 50 55 61 68 74 80 86 93 100 106 112 118 124 130 137 143 149 154 160 166 173 175 179 186 191 197 203
cat_threshold=142803456 536872960 1415057968 8917224 2097172 69304324 805462020 3146016 2684354560 1611819536 787521 102760448 128 65536 536870912 2290090496 538968098 138412052 528384 90112 2228224 83886082 3964674578 4210691 41944320 16 17039872 3072 0 0 1619034112 524304 553656386 220729376 151003141 2181169426 134287368 17834176 79954184 553650400 2099728 606076928 2147483968 10518676 0 2097152 536870912 536881664 1025 33554432 1073760274 67125248 2105476 2281964548 4136 0 0 0 67108930 16416 262400 8388608 1048592 4 131104 0 335544320 32 35651728 12615745 16384 151258116 67633184 2048 369639577 8389120 17416 262144 637807264 4479488 557440 1077968961 2361408 153372672 872415523 33816576 1032 71303168 2818572800 135368 0 536969348 160 0 68157440 536871428 131296 9280 335609860 33 0 0 512 0 16 65540 393217 32 1181696 75497488 64 1049860 262144 160 2560 603979776 64 32896 262144 32 512 67108864 64 144 8258 69206016 134225920 2181169152 65544 16777216 16 281019416 16793600 134222026 4194304 8388608 32 65536 33562624 2421298216 17 134217748 1048576 0 0 0 536879618 1 33554432 8194 0 134217728 2147483648 8 131584 1024 142607360 8388721 167772800 256 0 0 5375008 33 0 528384 524296 0 134217728 131072 8194 67174400 128 1620313160 21148674 0 0 0 67108866 4096 0 2147483648 0 1088 294912 32 131072 0 134217728 1 128 262145 0 393216 67108865 256 1048832 16384 0 0 0 2 8388608
is_linear=0
shrinkage=0.05


Tree=37
num_leaves=63
num_cat=34
split_feature=0 4 0 4 4 9 2 2 3 2 2 2 7 4 3 2 11 7 7 2 3 3 3 4 2 9 0 6 2 2 4 11 9 0 3 2 3 2 3 3 6 7 11 7 4 2 0 2 9 2 6 9 2 0 3 6 6 9 7 2 11 11
split_gain=128.744 60.1607 53.2137 42.5615 38.0868 31.5147 52.9493 52.6691 36.4544 40.7092 34.2602 27.178 22.1509 21.7799 20.6911 23.4383 18.6858 18.2154 25.9312 16.8652 19.859 17.0789 16.3789 16.271 15.5268 16.8924 14.1762 13.971 19.1014 14.152 13.7835 15.4574 13.3115 12.3934 12.1367 12.5014 11.9576 10.6197 10.6048 10.5777 13.3245 11.5739 10.3478 9.4487 9.36208 13.4765 9.35124 9.34554 9.04627 9.0002 8.87587 12.8305 8.80506 8.71725 8.67979 8.33977 8.66735 8.95913 11.2032 8.2507 8.23163 11.551
threshold=1.5570129483767914 0 2.3351814270480746 1 2 7.5000000000000009 3 4 5 6 7 8 3.5000000000000004 9 10 11 12.500000000000002 2.5000000000000004 5.5000000000000009 12 13 14 15 16 17 5.5000000000000009 1.9513196178497425 293.50000000000006 18 19 20 6.5000000000000009 4.5000000000000009 1.46987244908157 21 22 23 24 25 26 20.500000000000004 1.0000000180025095e-35 18.500000000000004 1.5000000000000002 27 28 1.2660430803652234 29 1.5000000000000002 30 340.50000000000006 4.5000000000000009 31 1.4524165033143637 32 299.50000000000006 176.50000000000003 9.5000000000000018 2.5000000000000004 33 12.500000000000002 17.500000000000004
decision_type=2 9 2 9 9 2 9 9 9 9 9 9 2 9 9 9 2 2 2 9 9 9 9 9 9 2 2 2 9 9 9 2 2 2 9 9 9 9 9 9 2 2 2 2 9 9 2 9 2 9 2 2 9 2 9 2 2 2 2 9 2 2
left_child=1 11 3 23 32 7 22 30 9 -8 -10 39 42 -3 15 -9 -16 19 24 20 46 -21 -7 -2 25 -19 -24 28 36 43 52 -32 48 -23 -20 -36 -25 -4 -30 -1 41 -41 -13 -29 47 -46 -15 -26 -5 -34 55 -52 -6 -42 -22 56 57 -39 -59 -56 -31 -62
right_child=2 13 37 4 5 6 8 14 10 -11 -12 12 -14 17 16 -17 -18 18 34 21 54 33 26 27 44 -27 -28 29 38 60 31 -33 49 -35 35 -37 -38 50 -40 40 53 -43 -44 -45 45 -47 -48 -49 -50 -51 51 -53 -54 -55 59 -57 -58 58 -60 -61 61 -63
leaf_value=-0.018080155766144867 -0.015952907158413212 0.0096651424750810854 0.021326233626988024 0.011804222468043102 0.0056160311905070542 -0.0081531638060344924 0.0039507658510287867 0.015564613563669338 0.0047165150224196713 0.018440440778715341 -0.0097422700253025629 -0.0087585460023750072 -0.00065431561436130048 -0.002447206945183611 -0.010013238106422679 -0.0021462196574877413 -0.00095413656622982406 -0.017550405619760557 0.0051090984693936917 0.0036522335145904197 0.0046489892237238433 -0.012184316392968055 -0.0005862072272679764 -0.0010568677888530777 0.0092146921011505237 0.00010395070055125856 0.018579406460372851 -0.00031563356614120467 0.0023102204793084172 -0.015864281954405545 0.038103693122797766 0.009216597883890499 0.013136397889536711 -0.023436603183033301 -0.00087374589158026881 -0.0097443455844433268 -0.017559144432355688 0.014262208825838197 -0.010530106760784653 -0.00072906443540795012 -0.005819741709253934 -0.011181822771082886 -0.0041251335404730721 0.011471811526497106 0.014216295717822281 1.073953643029313e-05 -0.016126093462812553 0.0027287762305064247 -0.0085665169413846887 0.033894341404944121 -0.019285468431377642 0.004259181727514938 -0.0030912532390644956 -0.013239563436788599 0.0072760057161106902 0.020713735059256985 0.0017701930173667614 -0.010534105627648227 0.017217398569953947 -0.0047323764520987854 0.011472562678372867 -0.0081684901322378826
leaf_weight=214 219 302 332 86 904 872 3470 569 868 2957 1036 1329 1006 117 2764 690 4055 216 135 233 229 930 419 173 268 355 84 127 474 218 113 1481 105 263 255 614 492 529 278 48 611 254 304 196 143 2350 285 437 100 297 43 65 549 75 453 74 377 71 59 1320 194 61
leaf_count=214 219 302 332 86 904 872 3470 569 868 2957 1036 1329 1006 117 2764 690 4055 216 135 233 229 930 419 173 268 355 84 127 474 218 113 1481 105 263 255 614 492 529 278 48 611 254 304 196 143 2350 285 437 100 297 43 65 549 75 453 74 377 71 59 1320 194 61
internal_value=-0.00058327 -0.00468382 0.00147435 0.000890948 0.00160297 0.00124514 0.00332784 -0.000570787 0.00482556 0.00662576 -0.00125392 -0.00990652 -0.00700264 -0.00241727 -0.00268299 0.00319149 -0.00377068 -0.00288517 -0.000827572 -0.00545692 -0.00285833 -0.0097493 -0.00574007 -0.00536446 0.00107456 -0.00645439 0.00146199 -0.00402609 -0.00702188 0.00125628 0.00502126 0.00822943 0.0140468 -0.0121779 -0.00796813 -0.0100683 -0.0131111 0.0104516 -0.00144357 -0.0161716 -0.0136273 -0.0225166 -0.0106246 0.00915916 0.00243142 0.000978825 -0.0128641 0.00748252 0.00322581 0.019403 0.00806189 -0.00555556 0.00146958 -0.00991254 -0.000795229 0.00945946 0.00830116 0.0117602 0 -0.00199103 -0.00424431 0.00176471
internal_weight=38147 12746 25401 23851 21419 20831 9706 11125 8331 6427 1904 3841 2639 8905 8078 1259 6819 8603 4773 3830 2404 1426 1375 2432 3769 571 503 2213 1417 796 3047 1594 588 1193 1004 869 665 1550 752 1202 988 302 1633 323 3198 2493 402 705 186 402 1218 108 1453 686 2002 1110 1036 659 130 1773 473 255
internal_count=38147 12746 25401 23851 21419 20831 9706 11125 8331 6427 1904 3841 2639 8905 8078 1259 6819 8603 4773 3830 2404 1426 1375 2432 3769 571 503 2213 1417 796 3047 1594 588 1193 1004 869 665 1550 752 1202 988 302 1633 323 3198 2493 402 705 186 402 1218 108 1453 686 2002 1110 1036 659 130 1773 473 255
cat_boundaries=0 7 14 20 22 24 26 28 30 32 39 42 44 46 48 50 53 59 61 63 65 72 74 76 78 80 82 84 90 92 94 96 98 101 103
cat_threshold=269115396 2097448 2952806401 1611819536 525313 102760452 128 10510337 69337088 16777218 3973054994 4456449 41960832 20 67376704 3072 67108992 2099200 1619034112 524304 2693794082 8407040 2391902984 11159680 10649990 1085294599 1310892236 2827394 304259140 21333126 134217728 18592 2344 534528 0 0 16384 0 5 2165053472 1064964 11 2228449 36872 301998114 3147936 134774785 134217728 524288 3364356104 2232320 2149597184 10 2113537 0 2 672137730 1 33554432 68157473 1048736 1353392657 12681480 2229307 8463628 524296 1048624 134217732 104 32 268435456 32 1572864 1082130441 336625920 524416 1114112 32768 0 2101280 403767816 134217728 193 536870914 0 0 4 201326624 512 536870912 2 524288 33562624 16384 918016 262402 2315356680 147456 2147483778 26239040 2 33554432 32
is_linear=0
shrinkage=0.05


Tree=38
num_leaves=63
num_cat=41
split_feature=0 1 4 4 1 1 9 1 1 1 3 1 4 1 1 3 4 0 2 4 9 3 3 1 1 7 1 1 3 2 3 1 0 2 7 0 1 3 3 1 11 11 2 4 2 4 3 2 4 10 9 1 0 3 9 7 11 7 9 7 9 7
split_gain=116.255 66.0219 58.1665 40.3868 39.2145 35.1526 32.6414 88.1377 71.0603 41.2705 38.7546 45.6964 35.4342 34.3148 28.2678 26.3308 24.3522 22.709 20.4515 19.897 21.1032 21.0411 18.7158 23.5479 18.4738 18.0749 20.3763 19.8426 17.9258 20.8552 17.6719 17.4146 16.3658 16.8369 15.3318 14.4415 13.6717 13.0461 12.7295 12.6245 11.9692 11.9583 11.8996 11.8933 11.5147 11.2836 11.2725 10.3312 13.6356 11.7059 11.7788 10.2936 10.1103 9.85787 9.75215 11.0577 9.74135 9.1347 15.0612 10.9159 8.98049 9.24751
threshold=1.5570129483767914 0 1 2 3 4 6.5000000000000009 5 6 7 8 9 10 11 12 13 14 2.4982167260137702 15 16 8.5000000000000018 17 18 19 20 3.5000000000000004 21 22 23 24 25 26 1.9690796098957988 27 4.5000000000000009 2.1258932707712788 28 29 30 31 12.500000000000002 7.5000000000000009 32 33 34 35 36 37 38 1.0000000180025095e-35 8.5000000000000018 39 1.3753045791400764 40 5.5000000000000009 2.5000000000000004 13.500000000000002 2.5000000000000004 2.5000000000000004 5.5000000000000009 1.5000000000000002 5.5000000000000009
decision_type=2 9 9 9 9 9 2 9 9 9 9 9 9 9 9 9 9 2 9 9 2 9 9 9 9 2 9 9 9 9 9 9 2 9 2 2 9 9 9 9 2 2 9 9 9 9 9 9 9 2 2 9 2 9 2 2 2 2 2 2 2 2
left_child=2 17 4 14 -1 19 8 12 -5 28 13 35 -8 -10 57 18 31 37 -11 41 40 39 23 -6 53 27 34 46 42 -30 -17 -7 33 -14 -27 -12 -13 -2 -28 -22 52 -4 -9 -29 -15 -34 -26 49 -49 -16 -51 -39 -21 -18 -19 -56 -41 -3 -59 -60 -42 -62
right_child=1 3 5 6 22 16 7 9 10 15 11 36 32 44 47 30 24 54 -20 20 21 -23 -24 -25 25 26 38 43 29 -31 -32 -33 45 -35 -36 -37 -38 51 -40 56 60 -43 -44 -45 -46 -47 -48 48 -50 50 -52 -53 -54 -55 55 -57 -58 58 59 -61 61 -63
leaf_value=-0.0096804921002430194 0.0055137002597726806 -0.0056616258803428021 0.007065719216518807 0.0094895015869039256 0.0087952503315550552 -0.0015949678101697341 -0.0053241916400525342 -0.012952467310743621 0.019718374900108387 0.0003210147998863433 -0.013043478966467259 0.003469255443275743 -0.0023889060829016986 -0.0060713167443482655 -0.0044242833185641319 -0.0086850365324183717 0.034368099078183133 0.010567536639040099 0.030225177358935484 -0.014195173505126002 0.051229135233187832 -0.024479838355514795 -0.0082338528868102622 -0.006107984565973102 -0.019229516433507843 0.0020685075356403739 0.0042075523100819079 -0.011810334669709384 0.037677436512856474 -0.00098790732622321413 0.0024011037073723429 0.0075148488980916195 0.02294071431879895 0.01593050326681791 -0.0073482589758558595 -0.0031693866123081562 -0.0032324301855686413 0.0072758095054073326 0.00058760655992144977 0.018119884764501715 0.010145881472954532 -0.0007858111051786687 -0.0024019859708742431 -0.011187438731218647 0.0023348041603187485 0.025677924382851398 -0.0009976559728233636 0.00015909941243759108 -0.0097622397740561254 -0.010189998812383895 -0.024387317628521685 0.020214428635336748 -0.022805153805862191 0.00016235704777211037 0.019040500266111527 0.020465519773038222 -0.011969347811281235 -0.027570062346438242 0.0067709334379097326 -0.012556507609761359 -0.0094827592414434281 -0.012278019722277501
leaf_weight=1012 861 552 51 2192 220 339 310 629 620 247 1589 757 268 327 312 352 123 140 413 175 101 161 502 1235 109 399 285 542 108 344 5403 755 576 1031 649 342 3088 498 414 83 52 316 607 747 621 580 1291 467 449 189 144 543 303 2151 119 128 120 49 451 95 543 68
leaf_count=1012 861 552 51 2192 220 339 310 629 620 247 1589 757 268 327 312 352 123 140 413 175 101 161 502 1235 109 399 285 542 108 344 5403 755 576 1031 649 342 3088 498 414 83 52 316 607 747 621 580 1291 467 449 189 144 543 303 2151 119 128 120 49 451 95 543 68
internal_value=-0.000575406 0.00137987 -0.00447199 0.00057521 -0.0105908 -0.00260039 0.00133732 0.00321126 -0.00079698 0.000573154 -0.00315475 -0.00504666 0.0109009 0.00380228 -0.00515085 0.00240467 -0.00108779 0.00946064 0.011791 -0.00854766 -0.010953 -0.00204301 -0.00638027 -0.0034471 -0.00221726 -0.00409357 -0.000143102 -0.00667534 -0.00636042 0.0021645 0.00130963 0.0057971 0.0129209 0.0091224 -0.00453686 -0.0113086 -0.00188067 0.00725552 0.00641749 0.00573248 -0.0146801 0.00198939 -0.0094703 -0.0111239 -0.00219207 0.017301 -0.00248227 -0.00951623 -0.00593952 -0.0144275 -0.0211712 0.0109895 -0.0207113 0.00144483 0.0205426 0.0265182 -0.00164319 0.000821089 0.00512605 0.00750916 -0.0103318 -0.0120295
internal_weight=38147 25401 12746 23112 2969 9777 20404 10868 9536 8103 7344 5776 2765 1568 2708 6415 7804 2289 660 1973 1606 465 1957 1455 6710 4436 1747 2689 1688 452 5755 1094 2455 1299 1048 1931 3845 1902 699 304 1141 367 1236 1289 948 1156 1400 1561 916 645 333 1041 478 2274 387 247 203 1147 595 546 663 611
internal_count=38147 25401 12746 23112 2969 9777 20404 10868 9536 8103 7344 5776 2765 1568 2708 6415 7804 2289 660 1973 1606 465 1957 1455 6710 4436 1747 2689 1688 452 5755 1094 2455 1299 1048 1931 3845 1902 699 304 1141 367 1236 1289 948 1156 1400 1561 916 645 333 1041 478 2274 387 247 203 1147 595 546 663 611
cat_boundaries=0 6 13 20 26 32 38 44 50 53 59 66 72 78 81 88 90 97 99 102 108 114 120 126 129 130 133 138 140 146 148 150 155 157 163 165 172 174 176 182 188 190
cat_threshold=277021184 16779268 1415053328 8917242 2228244 3244032 268591108 2097448 2952790017 1610770944 525313 36700160 128 8413184 69337096 553648130 3960480274 4210689 580912384 16 65536 536871040 2558529536 538968066 138412052 1572864 71565568 603981856 528 69206048 2147483968 10485908 673196418 134742112 66308 2181497857 25239552 8388693 1107558400 1814049024 153104480 941621248 138417416 128 1078198281 67109120 2149730376 874512384 3259014592 4719104 3239313448 16384 11 27010 4195009 16645 3255108609 545268226 33570885 131072 1048576 4 128 9312 268435456 33 134766657 4194384 147456 2181040128 65538 50610242 85491968 1605712 83264 16793601 335578114 8669184 16779684 2147483655 2 6440 8923137 16777728 8388608 4210688 805356544 5 1619788288 4333578 8 0 0 67109056 24672 8651008 32 2228224 2097153 276832578 0 8 8650752 16777248 2056 67108864 320 67112964 66056 1024 2428634185 8523843 1073744388 132864 8388609 0 135528448 536870928 4194304 68714496 1 16785408 169086976 16 128 1605632 2260992 538984456 8 2099472 2147753985 32 8 65536 9216 2558660616 4160 2068 65680 16814340 536875008 34603040 395392 67241984 1107296352 71304192 1235484940 1612726272 557056 2113545 262144 0 512 67108864 320 3244338 11012096 0 16 0 4250 0 75497472 3229623334 7864456 8 16 2147483648 131080 0 327680 128 2282749952 16384 1353253430 16778248 16384 131080 536870912 67108864 16384 10485760 0 4 335544320 34 131072 1146880 2148532224 8396800
is_linear=0
shrinkage=0.05


Tree=39
num_leaves=63
num_cat=40
split_feature=0 1 3 1 3 1 1 0 1 9 1 1 3 1 3 1 3 1 1 3 7 1 1 1 3 7 6 11 11 3 1 3 2 2 3 3 9 3 1 1 7 1 0 6 3 9 7 1 9 1 1 9 7 9 11 1 3 10 6 9 3 1
split_gain=108.235 64.7324 51.3841 53.0071 34.2679 30.0365 27.6519 25.6187 24.6095 24.5184 51.2098 49.1133 38.0712 34.1435 31.5254 35.0997 30.3303 25.0769 24.7408 22.0071 20.6095 26.4539 20.1992 18.511 19.2923 18.1315 16.5427 18.8259 16.3623 15.2931 16.0633 14.3839 14.279 13.3601 12.904 12.3395 17.3033 18.3994 12.5657 12.4335 12.1624 14.2164 12.0784 12.5996 11.9529 11.9215 12.1219 11.9175 11.6513 11.593 11.3389 10.9323 13.0208 10.8809 10.8168 10.2263 10.2085 10.2081 10.0313 10.0009 9.89639 9.82672
threshold=1.5716603543580625 0 1 2 3 4 5 2.4982167260137702 6 6.5000000000000009 7 8 9 10 11 12 13 14 15 16 2.5000000000000004 17 18 19 20 5.5000000000000009 24.500000000000004 12.500000000000002 8.5000000000000018 21 22 23 24 25 26 27 6.5000000000000009 28 29 30 5.5000000000000009 31 1.4840939828174589 56.500000000000007 32 3.5000000000000004 2.5000000000000004 33 9.5000000000000018 34 35 8.5000000000000018 4.5000000000000009 4.5000000000000009 14.500000000000002 36 37 1.0000000180025095e-35 15.500000000000002 2.5000000000000004 38 39
decision_type=2 9 9 9 9 9 9 2 9 2 9 9 9 9 9 9 9 9 9 9 2 9 9 9 9 2 2 2 2 9 9 9 9 9 9 9 2 9 9 9 2 9 2 2 9 2 2 9 2 9 9 2 2 2 2 9 9 2 2 2 9 9
left_child=2 7 3 -1 8 25 35 19 57 11 16 -7 13 -13 15 -12 -11 -14 -16 -2 21 34 51 28 -25 29 27 -5 -22 47 -31 -28 -18 53 -8 -4 39 38 -38 -37 49 -42 43 -23 -10 -9 48 -6 -47 -26 -39 -21 -53 -27 55 -36 -30 -3 -56 -32 -35 -45
right_child=1 4 6 26 5 9 20 45 44 10 14 12 17 -15 18 -17 32 -19 -20 22 23 42 -24 24 40 33 31 -29 56 30 59 -33 -34 60 54 36 37 50 -40 -41 41 -43 -44 61 -46 46 -48 -49 -50 -51 -52 52 -54 -55 58 -57 -58 -59 -60 -61 -62 -63
leaf_value=-0.010642409313568406 0.02408594623647389 -0.005221658148923467 -0.0073448332715655212 -0.00036948495918896486 -0.0080519338168718486 0.0082289284793790607 -0.01014329817896753 0.0042568270353241068 -0.0011483663117094367 -0.0063254839918943651 -0.014313118259509296 0.018703199218129758 -0.010164499007924238 -0.0013877037495747314 0.017253805141286205 0.0079568366685400516 -0.0013558456469442426 -0.001162954655684556 0.006135830469669124 -0.0058306016565506441 -0.021375975198287999 -0.017351520513538089 0.015146277953738236 -0.0086490083750097816 0.0046453046979642145 -0.028908469627661134 -0.019555960231795327 -0.017027000720318115 -0.0013209712295025157 0.0035281835438265245 -0.00066389199182369523 -0.0012320771067855785 0.0047918155378208101 -0.022819044024190202 0.0045948734438712785 -0.0066754972489075082 -0.0041902350936008472 0.021113724914976584 0.0022787687681538661 0.0013301996617875679 0.0051270575772267906 -0.015575581587578387 -0.023536350411615115 -0.0024196251717453266 -0.016077849860163907 0.023899790741373075 0.01925718571757631 -0.0016022812958769062 -0.0067156511410047977 -0.0012808720245539808 0.0035422249905650849 0.028733259339155093 -0.0091960020971258837 0.021073777185603593 0.035415178211595032 -0.012364821528612114 0.0047323479695156271 -0.024158594972267383 0.0018664881685071439 -0.00088836298230150496 -0.0036200109033274752 -0.012576009503373254
leaf_weight=838 573 66 426 138 507 2270 219 81 975 1181 361 638 2088 885 2219 618 527 2084 2951 604 118 396 708 1293 606 52 146 228 276 1198 129 1448 1575 102 268 678 365 426 640 681 108 216 207 504 216 119 168 602 46 644 282 192 64 113 41 462 591 140 542 670 203 435
leaf_count=838 573 66 426 138 507 2270 219 81 975 1181 361 638 2088 885 2219 618 527 2084 2951 604 118 396 708 1293 606 52 146 228 276 1198 129 1448 1575 102 268 678 365 426 640 681 108 216 207 504 216 119 168 602 46 644 282 192 64 113 41 462 591 140 542 670 203 435
internal_value=-0.000593756 0.00134604 -0.00425049 -0.0102564 0.000482574 0.000988896 -0.00262603 0.0088694 -0.00707178 0.00184696 0.00357294 -0.000194601 -0.00267309 0.00407697 0.00625913 -0.00197169 -0.00147282 -0.00514108 0.00781853 0.00670248 -0.00445502 -0.00751464 0.0035488 -0.00202492 -0.00404936 -0.00317903 -0.00568528 -0.0153005 0.00386935 -0.00180296 0.000822123 -0.00351317 0.00213068 -0.0123404 -0.00278859 0.000997719 0.00210902 0.00545826 0.00103448 -0.00209713 -0.000315657 -0.00895062 -0.0121134 -0.0104494 -0.00420483 0.0202899 0.0244745 -0.006479 0.0148485 0.00192 0.0115599 -0.0016092 0.00703125 -0.000285714 -0.000869237 -0.00493151 0.00628604 -0.0226852 0.0042024 -0.00463535 -0.018254 -0.00729499
internal_weight=38147 24925 13222 2798 22370 20973 10424 2555 1397 17397 9432 7965 5695 1523 6149 979 3283 4172 5170 2141 6926 3074 1568 3852 2867 3576 1960 366 985 3106 1997 1594 2102 470 1532 3498 3072 1713 1005 1359 1574 324 1542 1335 1191 414 333 1109 165 1250 708 860 256 165 1313 730 867 206 583 799 305 939
internal_count=38147 24925 13222 2798 22370 20973 10424 2555 1397 17397 9432 7965 5695 1523 6149 979 3283 4172 5170 2141 6926 3074 1568 3852 2867 3576 1960 366 985 3106 1997 1594 2102 470 1532 3498 3072 1713 1005 1359 1574 324 1542 1335 1191 414 333 1109 165 1250 708 860 256 165 1313 730 867 206 583 799 305 939
cat_boundaries=0 6 8 14 16 22 28 33 39 45 48 54 57 63 66 72 78 81 87 93 99 102 104 110 111 113 115 118 121 124 130 136 142 144 149 154 160 166 169 171 177
cat_threshold=8593920 526336 1415053344 8917483 2228244 2195456 885002689 33554436 327680 536879104 2281706496 538968066 138412052 3670016 406848129 151027712 101728281 2147485184 33735752 67125248 1644202625 4723456 66057 9216 4330561 8523859 1241516708 1181440 1073742080 5263376 65536 262144 266272 1078722560 1677746560 153368704 807405572 4199744 41943040 1074003968 1815097600 153368704 807534592 4199744 1048704 1093931040 34619424 11 134250688 12583121 65536 2147485700 268501000 50350082 2215121160 8388648 11 671089028 134250561 0 131072 268959776 1312770 299040 536887313 11 134220226 12615889 4 2181366784 92545034 33833985 958400898 37785664 772 2181496832 8396800 1048647 2418806785 2281709589 8 67502080 0 2585002520 536870912 4194304 67665924 8704 524288 67633152 193 0 2162688 131072 50331776 8390688 67108896 16 2097152 2162690 540033027 2 2466052 1611677705 68173840 2147485184 147520 0 33554944 524288 4097 1074823456 8667264 131072 8396802 134807554 8192 8 136060928 25165832 2 2149679104 673218563 8 1 0 4194304 131136 134217728 256 65536 9216 0 135249 167772804 1048576 0 536870912 2416181248 0 0 67637248 402653312 134217728 34619408 512 132104 0 1644167680 262144 32 403963904 538968064 256 1 0 4195328 4177 0 1048832 262144 0 2148532736 0 4194304 524292 655360 3355443264 2 0 2097160 8388608 128 8388608 2097152 336 128
is_linear=0
shrinkage=0.05


Tree=40
num_leaves=63
num_cat=39
split_feature=0 1 1 4 4 4 4 1 1 1 3 1 9 1 1 4 3 3 4 3 9 9 1 1 2 6 7 1 7 3 7 2 3 1 7 1 1 6 9 3 11 11 9 6 9 2 2 1 6 11 3 4 4 9 11 3 1 9 3 0 11 1
split_gain=103.484 79.1974 77.9984 66.2993 48.2467 40.7549 38.3566 36.4274 35.6911 30.4382 35.0688 30.1767 23.9501 62.1904 36.4627 31.2339 28.7214 21.8319 21.7008 19.7393 18.6134 28.7516 30.3617 24.7397 17.9833 16.6696 15.8508 16.6396 14.8573 14.6063 14.0428 12.9248 12.763 12.5757 12.4059 12.4023 11.9223 11.7675 11.7094 11.6198 11.2449 11.1845 11.099 11.0017 10.6689 10.4047 10.3928 10.2967 10.2842 15.5348 10.2196 10.1894 9.05852 8.95795 8.9369 8.92634 8.80123 8.57143 17.5586 9.88308 10.3511 8.33682
threshold=1.9963237975540058 0 1 2 3 4 5 6 7 8 9 10 10.500000000000002 11 12 13 14 15 16 17 11.500000000000002 7.5000000000000009 18 19 20 540.50000000000011 5.5000000000000009 21 3.5000000000000004 22 3.5000000000000004 23 24 25 5.5000000000000009 26 27 235.50000000000003 5.5000000000000009 28 20.500000000000004 16.500000000000004 2.5000000000000004 180.50000000000003 11.500000000000002 29 30 31 202.50000000000003 14.500000000000002 32 33 34 2.5000000000000004 13.500000000000002 35 36 5.5000000000000009 37 2.3069454729611949 14.500000000000002 38
decision_type=2 9 9 9 9 9 9 9 9 9 9 9 2 9 9 9 9 9 9 9 2 2 9 9 9 2 2 9 2 9 2 9 9 9 2 9 9 2 2 9 2 2 2 2 2 9 9 9 2 2 9 9 9 2 2 9 9 2 9 2 2 9
left_child=1 3 57 36 61 11 7 30 29 10 47 52 14 19 18 -15 -16 46 -11 -14 21 23 39 38 -13 33 28 -28 -12 56 -4 -22 45 54 -34 41 44 40 -9 -23 -32 -31 -26 -43 -1 -10 -5 53 49 -36 -25 -49 -6 -7 -19 -35 -8 -2 59 60 -59 -3
right_child=2 4 6 17 5 9 8 20 32 12 26 24 13 15 16 -17 -18 25 -20 -21 31 22 -24 50 42 -27 27 -29 -30 35 37 -33 34 55 48 -37 -38 -39 -40 -41 -42 43 -44 -45 -46 -47 -48 51 -50 -51 -52 -53 -54 -55 -56 -57 -58 58 -60 -61 -62 -63
leaf_value=0.0044709685719102055 0.014032105855797151 -0.0020348942337488187 -0.007915770064109701 -0.010369820012825867 -0.021146194813470565 -0.015956394997934442 -0.027331042940594436 0.0045002424898745175 0.018179658136208338 0.00081167247413699295 -0.003608255079028544 0.0022444984217866227 0.0016431649569906893 0.024015653160120245 0.0071278401356706048 0.0025455852089757316 -6.6909572828782746e-05 -0.0115591330451841 -0.0066417508702966317 -0.0099729646081101915 0.017499095157741309 0.018535345269009653 0.005933663753781921 0.01685123533031312 0.00040408425168770857 0.012273007907569617 -0.013095120847553968 -0.0015127342029693125 0.0019310349484273461 -0.0034313250191113144 0.0027848293583095708 -0.0083719856786467761 0.012002651942007765 0.0011336764463767191 -0.024685110710625815 -0.0072090046465371873 -0.0041123328778398475 0.012639943393047193 -0.011245939617164857 0.021993438933922072 -0.0011306774496456895 0.00081233315429601882 0.021643361692200727 0.01471835210213115 0.031469165691689886 -0.011668961708773512 -0.0073116720680814519 -0.015162176045096294 0.013525193856094315 0.017809817325061483 0.010349583293155341 -8.02886273885417e-05 -1.0079720338118658e-05 -0.0099087825160613652 0.0023201443690758494 -0.010583429985554138 -0.0092041978100071541 0.028623397853560384 0.023137329616610636 0.018424257809856192 -0.022310845072037601 -0.014795386059252714
leaf_weight=559 280 113 694 316 107 223 102 844 136 1165 2628 479 380 841 1145 1358 6758 421 3212 537 112 268 656 685 103 108 240 351 1310 492 246 288 1050 109 45 680 463 83 395 691 57 158 656 85 87 228 1100 108 56 41 481 414 225 1020 412 1285 147 59 317 131 53 354
leaf_count=559 280 113 694 316 107 223 102 844 136 1165 2628 479 380 841 1145 1358 6758 421 3212 537 112 268 656 685 103 108 240 351 1310 492 246 288 1050 109 45 680 463 83 395 691 57 158 656 85 87 228 1100 108 56 41 481 414 225 1020 412 1285 147 59 317 131 53 354
internal_value=-0.000612106 -0.0021181 0.00389121 -0.00792608 -0.000924717 -0.000601633 0.00247423 0.00500907 -0.00185759 -0.0011659 -0.00409264 0.0071519 3.24549e-05 0.00394737 -0.000960912 0.008488 0.00106786 -0.0111008 -0.00461591 -0.00695793 0.00702032 0.0080597 0.0132198 0.00459459 0.0107372 -0.00803838 -0.00175149 -0.00939086 -0.000609446 -0.00692951 -0.00321101 -0.00325 0.00357599 -0.00900314 0.00607321 -0.00487719 0.00281501 0.00440415 -0.000360288 0.0188338 -0.000165017 -0.00033557 0.0155397 0.00843621 0.00716463 -0.00454545 -0.0160589 -0.0100563 -0.00774648 -0.0186047 0.00977891 -0.00394737 -0.00614035 -0.0125698 -0.0039739 -0.0118946 -0.0179537 0.0183529 0.0221429 0.0104743 0 -0.0166667
internal_weight=38147 28587 9560 4860 23727 23260 8720 5500 3220 21690 6294 1570 15396 3116 12280 2199 7903 3751 4377 917 4420 4020 1615 2405 1238 2335 4529 591 3938 1664 1080 400 1556 2227 1192 1415 1109 386 1239 959 303 735 759 243 646 364 1416 1765 142 86 1166 522 332 1243 833 1394 249 840 560 243 112 467
internal_count=38147 28587 9560 4860 23727 23260 8720 5500 3220 21690 6294 1570 15396 3116 12280 2199 7903 3751 4377 917 4420 4020 1615 2405 1238 2335 4529 591 3938 1664 1080 400 1556 2227 1192 1415 1109 386 1239 959 303 735 759 243 646 364 1416 1765 142 86 1166 522 332 1243 833 1394 249 840 560 243 112 467
cat_boundaries=0 6 12 19 25 31 38 44 50 56 58 64 70 76 83 86 89 96 98 104 110 112 118 121 123 125 130 136 142 145 147 149 155 158 164 169 171 175 177 183
cat_threshold=205545602 539115584 2281967616 589365250 2688565256 23593088 8519872 0 1074806784 2621448 67174420 2211968 268439560 5243904 536871424 75497674 25088 813711616 1 276840705 17039616 1 537922048 2097153 33554432 2214595640 345517065 67108868 4194308 1078247456 2147484688 8458244 132112 134218240 4200 98 805683200 129 1048600 713555968 528904 67108868 302522370 4198400 1209041458 12636161 2490892 2717908998 4198400 33816578 536877121 160 307251724 335544320 1124336144 101745163 415240195 2281750541 8585236 134217744 276889600 67387456 5200 18432 25493504 1291845888 8422704 3168 8391941 8409360 1379403520 33564160 131072 134500373 335781984 68608 8192 16 0 12336 0 268435712 1 159645984 2148532228 1 276890051 2147483749 8 4096 4325408 2147484160 1073742016 1088 360704 32 8421376 1084227593 687906818 53313 4 2197815360 0 2 687899138 32769 155189252 2198142976 4096 786438 76031584 11100680 4097 32 16384 67108864 33554432 34603010 134217731 536870913 2 512 17829888 269025539 2057 16514 0 2281967616 2162690 2147483648 1209008640 8425472 262156 2181038080 0 2 0 64 134479872 553648128 4194304 524416 2147483648 2157969408 8 33408 1152 402653184 128 6145 160 273695232 0 1073741824 34603008 0 10502144 8 0 2097152 0 1073750016 0 8388608 24 1048576 4 0 16384 2164260872 16386 1074790400 4096 0 2147483648 2097152 136331272 1 0 5373952 64 0 67108864
is_linear=0
shrinkage=0.05


Tree=41
num_leaves=63
num_cat=37
split_feature=0 4 2 4 3 4 9 2 2 4 2 7 7 2 2 2 9 2 4 9 6 3 6 2 9 2 2 9 4 3 2 2 9 9 4 3 4 11 3 4 2 11 2 4 3 11 7 6 7 2 11 2 7 0 9 7 2 2 10 3 9 2
split_gain=91.7003 60.5784 44.4401 33.9887 31.7905 30.56 24.9857 55.4427 24.7714 36.4733 25.9111 23.2458 34.3984 22.2904 22.1416 21.6944 28.2688 30.1723 20.7113 20.5911 21.4838 20.1641 19.962 24.9801 17.7197 17.3921 17.1385 17.0586 16.9635 16.8445 21.9867 17.0454 15.9229 18.9907 17.7847 15.8806 15.5792 14.9888 20.1648 14.9338 14.7021 14.362 13.9505 20.5729 16.2396 13.8425 13.6216 19.1183 18.7424 13.4645 13.2619 13.0087 12.8456 12.3126 11.8426 18.9892 13.7139 11.8234 14.7728 11.1223 11.0178 17.3073
threshold=1.9963237975540058 0 1 2 3 4 10.500000000000002 5 6 7 8 5.5000000000000009 3.5000000000000004 9 10 11 6.5000000000000009 12 13 11.500000000000002 235.50000000000003 14 227.50000000000003 15 3.5000000000000004 16 17 11.500000000000002 18 19 20 21 5.5000000000000009 4.5000000000000009 22 23 24 16.500000000000004 25 26 27 19.500000000000004 28 29 30 6.5000000000000009 1.5000000000000002 386.50000000000006 2.5000000000000004 31 12.500000000000002 32 4.5000000000000009 2.1074379829171264 11.500000000000002 2.5000000000000004 33 34 1.0000000180025095e-35 35 10.500000000000002 36
decision_type=2 9 9 9 9 9 2 9 9 9 9 2 2 9 9 9 2 9 9 2 2 9 2 9 2 9 9 2 9 9 9 9 2 2 9 9 9 2 9 9 9 2 9 9 9 2 2 2 2 9 2 9 2 2 2 2 9 9 2 9 2 9
left_child=1 2 4 15 37 26 8 19 9 10 45 12 -11 28 -13 39 17 32 40 49 51 -15 24 -24 -20 53 -3 60 -4 30 52 -31 33 59 -34 -29 -19 38 -1 -2 -10 -39 44 -44 -5 -7 47 -40 -48 -8 -30 -21 -9 -18 56 -56 -41 -46 -59 -17 -27 -62
right_child=3 5 13 42 -6 6 7 29 18 11 -12 14 -14 21 -16 16 25 36 22 20 -22 -23 23 -25 -26 27 -28 35 50 31 -32 -33 34 -35 -36 -37 -38 41 46 54 -42 -43 43 -45 57 -47 48 -49 -50 -51 -52 -53 -54 -55 55 -57 -58 58 -60 -61 61 -63
leaf_value=0.0043304478632004489 -0.004359707546640057 0.02270281474658491 -0.0032968188609919461 -0.016254168472490151 -0.01661851431796102 0.049685300001541401 -0.0042012254247572713 0.028109239729851257 0.00054607634402825678 -0.010182579087046107 -0.0024589279711547565 -0.018870775874358717 0.00039098945339608452 0.0079326330768580977 -0.0073620938953541494 -0.018316039298131637 0.02307856061191841 -0.0022592484390435929 -0.0043802434414644984 -0.0087117129286050973 0.017495158843374388 -0.0085013894421554822 0.00040909557747674801 0.01637270536203116 0.00047521013597759957 0.020993537355828835 0.0024987886550591146 0.020818841318919246 -0.0022002513861485301 -0.010362133851980482 -0.0033973009050942029 -0.001268101356831053 0.002805995223053648 0.015977513864282988 -0.023150111237442192 -0.0058331080978122896 0.015965108864467416 -0.013078828904186586 -0.003332283287710991 0.013749194762239854 -0.0076520947333974746 -0.0011754923633417902 0.024354855329916804 -0.0017794842508298992 0.0053596520409773703 0.0078591094847098811 -0.0062610703059267974 0.0033916402302552108 -0.002732840010929505 0.030284147962213501 -0.01085292586183983 0.016219681256328979 -0.0087833707616218112 -0.00062648407223935281 0.0036290326559558109 -0.016320512788003227 -0.001546179622856564 -0.01861287992638876 0.002595716929872649 0.001432284003687412 0.012346741828712426 0.020797779338338176
leaf_weight=102 658 377 1991 577 391 40 121 341 691 3623 1269 255 1573 644 499 281 140 192 1354 325 200 261 1120 623 4301 1356 1111 133 334 671 471 1128 129 373 276 190 610 315 235 762 1305 161 265 491 455 721 160 40 395 716 401 225 97 475 77 92 402 161 137 750 168 410
leaf_count=102 658 377 1991 577 391 40 121 341 691 3623 1269 255 1573 644 499 281 140 192 1354 325 200 261 1120 623 4301 1356 1111 133 334 671 471 1128 129 373 276 190 610 315 235 762 1305 161 265 491 455 721 160 40 395 716 401 225 97 475 77 92 402 161 137 750 168 410
internal_value=-0.000598999 -0.00201665 -0.00676471 0.00364017 -0.0131841 -0.000899987 -0.00137691 0.00203725 -0.00222171 -0.00426783 0.00151961 -0.00624161 -0.00506159 -0.00355672 -0.0144562 0.00521112 0.00683597 0.00308311 -0.00047852 0.00942392 0.00346667 0.00322404 0.000742441 0.00542169 -0.000698497 0.0102716 0.00600801 0.012285 -0.0058114 -0.00231788 0.00321001 -0.00511332 -0.000522265 0.0019943 -0.00925926 0.00170279 0.0110837 -0.00952045 -0.00590129 0.000724638 -0.00498504 -0.0168067 -0.00200382 0.00339426 -0.00507463 0.00875486 -0.00845238 0.000545455 -0.0130631 0.0148746 -0.0122819 -0.00163636 0.0111607 0.00264 0.00376024 -0.00857988 0.00558419 -0.000196592 -0.00779221 -0.00150339 0.0141158 0.0198962
internal_weight=38147 28587 5430 9560 1799 23157 21669 4295 17374 7980 2030 5950 5196 3631 754 7474 5483 2611 9394 1587 750 905 7398 1743 5655 2872 1488 2257 2726 2708 909 1799 1809 1404 405 323 802 1408 932 1991 1996 476 2086 756 1330 761 830 275 555 837 735 550 438 615 1333 169 1164 753 298 1031 1934 578
internal_count=38147 28587 5430 9560 1799 23157 21669 4295 17374 7980 2030 5950 5196 3631 754 7474 5483 2611 9394 1587 750 905 7398 1743 5655 2872 1488 2257 2726 2708 909 1799 1809 1404 405 323 802 1408 932 1991 1996 476 2086 756 1330 761 830 275 555 837 735 550 438 615 1333 169 1164 753 298 1031 1934 578
cat_boundaries=0 6 8 15 16 23 25 27 34 36 38 40 42 44 51 53 55 56 58 64 67 69 71 75 78 84 85 91 93 95 102 105 107 109 111 113 115 117
cat_threshold=813785093 19136800 1 2752662032 10748933 35652608 411304326 1112452 277417988 8553488 134218240 135272 98 805683216 129 209780738 67378728 282602497 67764352 4194308 1073758224 2148532368 4 1344998924 1806982 205005245 1005990 2148139008 67108872 3112173572 142606538 32 49152 33 137363508 593920 102866945 23659010 2097185 264196 202148864 658560 268501008 26317572 655360 67108888 159383556 134217738 0 276840704 32 75497538 2147483653 4026695744 3153928 35848964 278136867 139780 536944640 262176 0 1179664 262144 35652608 425984 1207992385 2 142639457 10496040 134250994 10495008 524288 0 0 131080 163840 2147500032 8 0 0 0 104 0 268435456 201326592 524288 0 0 131072 0 268500992 2147486720 19923464 3600 17863460 0 2097152 0 67108992 8192 75497472 32 134217793 2684354569 2 0 229376 1344405508 524288 296960 1024 528 36864 131072 2097152 268435456 4352
is_linear=0
shrinkage=0.05


Tree=42
num_leaves=63
num_cat=38
split_feature=0 4 2 4 4 9 2 2 2 4 4 2 9 2 4 2 2 9 6 7 7 2 2 7 2 9 4 4 9 9 2 2 4 2 6 4 4 2 4 0 11 2 11 4 11 2 2 2 9 7 9 5 9 4 11 2 2 4 9 2 6 2
split_gain=80.8296 52.2878 37.9662 34.291 26.269 25.2325 53.0401 24.8877 21.9108 35.0089 26.1449 21.7164 24.995 26.1919 19.7961 18.8862 18.2374 17.0826 22.8847 16.5703 30.5147 28.9 16.2 15.6189 14.9554 14.7084 14.3596 14.2962 13.9168 15.5736 12.8737 12.8281 12.7927 16.5467 13.2872 12.7819 12.5819 12.0521 19.0987 15.1736 11.9715 12.9719 11.92 11.7565 11.5505 16.1741 13.9198 11.0385 12.9747 18.2751 15.1002 10.8536 11.0553 10.8325 10.7296 10.7295 10.3798 10.3725 10.3485 16.4854 10.2781 10.0721
threshold=1.9963237975540058 0 1 2 3 10.500000000000002 4 5 6 7 8 9 6.5000000000000009 10 11 12 13 11.500000000000002 235.50000000000003 5.5000000000000009 3.5000000000000004 14 15 3.5000000000000004 16 11.500000000000002 17 18 5.5000000000000009 3.5000000000000004 19 20 21 22 59.500000000000007 23 24 25 26 2.3069454729611949 18.500000000000004 27 11.500000000000002 28 11.500000000000002 29 30 31 11.500000000000002 2.5000000000000004 1.5000000000000002 3.5000000000000004 1.5000000000000002 32 17.500000000000004 33 34 35 10.500000000000002 36 190.50000000000003 37
decision_type=2 9 9 9 9 2 9 9 9 9 9 9 2 9 9 9 9 2 2 2 2 9 9 2 9 2 9 9 2 2 9 9 9 9 2 9 9 9 9 2 2 9 2 9 2 9 9 9 2 2 2 2 2 9 2 9 9 9 2 9 2 9
left_child=1 2 -1 11 24 8 17 43 9 15 22 32 13 26 -9 -6 -14 55 30 20 -11 -21 -10 40 35 58 28 -15 29 -13 -19 -8 33 -2 -35 -3 -33 39 42 -5 41 -16 -39 -4 45 -25 -46 -34 50 -50 -49 52 -12 -27 -44 -7 -38 -26 -18 -60 -55 -28
right_child=3 4 7 37 5 6 31 14 10 19 51 12 16 27 23 -17 25 18 -20 21 -22 -23 -24 44 57 53 61 -29 -30 -31 -32 36 47 34 -36 -37 56 38 -40 -41 -42 -43 54 -45 46 -47 -48 48 49 -51 -52 -53 -54 60 -56 -57 -58 -59 59 -61 -62 -63
leaf_value=-0.011690151987822195 -0.02018891936512628 0.038701794808692846 0.012026108180970685 -0.0072011086187557197 -0.0071490022931505696 0.00020485293881886691 -0.016008428715403412 -0.014940407680835772 0.0011595928345191076 -0.0096893446045652892 0.0097716169133336209 -0.013218114903480288 0.0025400914980030056 -0.0029225135376757753 -0.010152785743239107 0.0030866481852791952 0.020043630856640272 0.030440672816023018 0.018139433412870633 -0.01726886554311562 0.00036723135663802031 -0.0024792291900699761 -0.0069129560064067896 0.0044220987719734931 -0.005630429508079066 0.019580754587043114 -0.0038015293016256503 0.015166853421244055 -0.024554120815556892 0.010475646765748303 -0.0083755659760867528 -0.0062594661138252409 -0.0067688005777504674 0.013811559331885315 -0.0032182931870722744 0.0086478631878898603 0.013419880292433219 0.00075199274324989635 -0.0016989738978465008 0.028559860172939534 -0.00010739125802340378 -0.0057119334555469003 0.038992111272442384 -0.0037080822106991709 -0.0061892533272514321 -0.0039367639382522522 0.00046735025262582001 -0.01044688226707784 0.0055400020779981076 -0.014944264802279084 0.013403863408243556 -0.019560590125975205 0.00010032852188316955 -0.022235049958866184 0.013083389840438164 0.030293695016636438 -0.00054599844259696224 0.0042279586155073989 0.011606922351522275 0.019757890371421262 0.017180790724149519 0.0080892607247788403
leaf_weight=372 266 141 450 1206 669 107 310 284 600 3274 646 310 615 204 428 1253 1355 108 178 333 1397 359 1676 297 252 121 123 652 241 323 330 525 134 175 404 447 598 163 470 40 447 1638 138 219 615 295 392 82 65 78 782 80 7170 123 93 595 1539 563 167 410 78 742
leaf_count=372 266 141 450 1206 669 107 310 284 600 3274 646 310 615 204 428 1253 1355 108 178 333 1397 359 1676 297 252 121 123 652 241 323 330 525 134 175 404 447 598 163 470 40 447 1638 138 219 615 295 392 82 65 78 782 80 7170 123 93 595 1539 563 167 410 78 742
internal_value=-0.000475791 -0.00180677 -0.00621443 0.00350418 -0.000768566 -0.00119732 0.00223776 -0.00505419 -0.00204216 -0.00413297 -0.000540169 0.00509383 0.00672269 0.00317919 -0.00642306 0.00165631 0.0099512 0.0105422 0.00454545 -0.00620696 -0.00514879 -0.0134393 -0.00524934 -0.00550704 0.00583864 0.0120141 -0.000371641 0.0102771 -0.00486425 -0.00102686 -0.00159817 -0.00147552 0.000601202 -0.00403509 0.000764007 0.0118729 -0.000336826 -0.00212264 0.00240275 -0.00525478 -0.00797851 -0.00958374 0.010396 0.0039028 -0.00165729 0.00388514 -0.00491559 0.00403997 0.00585054 -0.00804196 0.00821759 0.00082216 0.00101075 0.00217391 0.0179654 0.0159544 0.00137401 0.00139394 0.0137164 0.0193241 -0.0049763 0.00417143
internal_weight=38147 28587 5437 9560 23150 21747 4290 5065 17457 7285 10172 7450 5464 2595 4396 1922 2869 1318 616 5363 4671 692 2276 4112 1403 2254 1739 856 874 633 438 2972 1986 845 579 588 2662 2110 864 1246 2513 2066 394 669 1599 592 1007 1141 1007 143 864 7896 7816 322 231 702 2137 815 1932 577 201 865
internal_count=38147 28587 5437 9560 23150 21747 4290 5065 17457 7285 10172 7450 5464 2595 4396 1922 2869 1318 616 5363 4671 692 2276 4112 1403 2254 1739 856 874 633 438 2972 1986 845 579 588 2662 2110 864 1246 2513 2066 394 669 1599 592 1007 1141 1007 143 864 7896 7816 322 231 702 2137 815 1932 577 201 865
cat_boundaries=0 6 8 15 22 24 26 28 35 42 44 46 52 54 55 57 59 61 67 73 75 77 84 86 92 99 101 108 110 115 117 119 121 128 130 132 138 140 142
cat_threshold=813785157 19136768 1 3826403856 2360325 35652608 134217734 32900 8982528 8553488 134218240 135272 98 805683216 129 67378728 282594304 128 0 1073758224 2684354576 4 271257100 721542 1611795032 17171464 204997055 1530278 0 67108864 3103784964 134217866 8388640 276840448 49 131072 67117104 226492420 134217738 8388608 276840704 33 202148864 658560 268435472 17928964 8388608 19136768 0 536887808 1 33554432 1572992 409766 35848964 136314913 1329156 2684486656 17310216 2494957859 466980 0 16 0 131104 0 327680 0 0 0 104 0 268435456 2048 196736 32786 1280 524288 0 0 131072 0 268500992 128 263168 132096 0 525312 0 0 0 16 524288 131072 2684354560 128 8194 32768 128 2099728 1086244 8192 6291456 0 67108992 8192 75497472 32 268468225 8404992 8192 2097152 0 131072 1024 302022688 606208 35651584 608258 134743040 524288 524288 0 0 40 0 0 128 0 196612 1275068673 8433696 4096 1573888 0 0 0 16 268435456 4352 0 1048576
is_linear=0
shrinkage=0.05


Tree=43
num_leaves=63
num_cat=38
split_feature=1 3 3 1 9 1 1 1 3 1 3 1 7 1 3 1 1 9 3 6 3 3 2 1 11 3 2 1 2 1 3 11 11 7 6 1 11 2 11 1 1 11 11 3 11 2 2 9 3 7 7 6 11 1 11 3 6 3 1 6 11 9
split_gain=65.2254 50.5756 49.5852 55.437 46.9525 83.2485 61.5802 33.7409 33.4746 36.6734 30.627 44.8496 29.6134 29.0128 25.2739 21.5773 18.779 20.1586 18.756 17.7421 17.6982 17.5035 17.3983 17.3281 17.1567 17.0677 15.6383 14.798 13.6478 12.3795 11.9908 11.9414 11.5732 13.4459 11.381 15.9767 11.8035 11.9234 10.8423 10.683 10.6787 9.61564 9.39771 9.32065 9.14751 17.1454 12.5036 10.1095 8.65493 8.53781 8.33672 8.29115 8.12731 7.84685 7.78597 7.76172 7.6432 8.98124 7.43024 15.1582 8.20162 7.23653
threshold=0 1 2 3 6.5000000000000009 4 5 6 7 8 9 10 5.5000000000000009 11 12 13 14 5.5000000000000009 15 378.50000000000006 16 17 18 19 19.500000000000004 20 21 22 23 24 25 8.5000000000000018 21.500000000000004 3.5000000000000004 293.50000000000006 26 15.500000000000002 27 17.500000000000004 28 29 2.5000000000000004 6.5000000000000009 30 10.500000000000002 31 32 5.5000000000000009 33 3.5000000000000004 5.5000000000000009 52.500000000000007 16.500000000000004 34 11.500000000000002 35 1075.5000000000002 36 37 401.50000000000006 14.500000000000002 2.5000000000000004
decision_type=9 9 9 9 2 9 9 9 9 9 9 9 2 9 9 9 9 2 9 2 9 9 9 9 2 9 9 9 9 9 9 2 2 2 2 9 2 9 2 9 9 2 2 9 2 9 9 2 9 2 2 2 2 9 2 9 2 9 9 2 2 2
left_child=1 40 3 24 6 25 18 12 13 30 11 50 14 -8 -7 48 17 -11 -4 27 31 -18 -21 -16 -2 41 -14 -12 61 32 39 -3 33 -27 36 -36 37 54 -30 -10 51 -6 -32 -38 45 47 52 -20 -5 -48 -9 -1 -46 -33 -17 -39 57 -53 59 -43 -60 -15
right_child=2 20 4 15 5 7 8 10 9 16 19 -13 26 28 23 34 21 -19 44 22 -22 -23 -24 -25 -26 29 -28 -29 38 -31 42 53 -34 -35 35 -37 43 55 -40 -41 -42 58 -44 -45 46 -47 49 -49 -50 -51 -52 56 -54 -55 -56 -57 -58 -59 60 -61 -62 -63
leaf_value=-0.017693169621795474 -0.010161927486479046 0.0082331914803345629 0.011924839976203173 -0.00036218644800721235 0.034084543284024126 -0.0085073927124458826 -0.0050677391905674446 0.0078326051904807469 -0.010611741096348588 0.0038170054659717682 0.0016084816329600183 -0.0069594199603969127 0.00028537777803819834 0.0089205379661656588 0.0035947096654291633 -0.027235247453616631 -0.0097343215291861192 -0.0076732664130369837 -0.020462514072063988 -0.0060934685222049983 -0.0031397435333924365 -0.0019430517865555608 0.029078784486565867 -0.0034454801723070973 -0.018204752171490521 0.003658857385588854 -0.016156343184392324 0.0069040972586370325 0.0052949504422559641 0.023702911669447026 0.010717068784290263 0.010308226185525966 0.0002191974076427905 0.013783873121622393 0.011023840101786498 -0.0023243210992163477 -0.010724580884947883 0.0016712642384911381 -0.0043253385594096416 0.0023812885160070965 -0.0069396354420212612 0.0052296780566574389 -0.012377911910461094 -0.0016758138796437061 0.035884459304084459 0.0022621139843409413 -0.0043343600922697845 -0.049832222673126703 0.014570791855213773 0.0063524380333795927 -0.0046099090770674754 -0.0020407021646646983 0.015163531740607883 -0.00090204542807929009 -0.0025284199100608141 -0.0054263582932607335 -0.0016272899873272517 -0.016449657424597131 0.0071938179682203736 -0.039950959181262284 0.021455387966535656 0.02158149674718848
leaf_weight=182 930 82 1105 216 41 311 339 922 204 1695 2108 1270 114 124 1479 118 910 449 55 100 4198 3743 377 1634 116 564 353 3425 536 549 78 225 68 332 231 584 336 573 273 386 934 695 1487 171 123 238 429 48 389 299 153 170 107 314 93 178 48 126 289 45 229 247
leaf_count=182 930 82 1105 216 41 311 339 922 204 1695 2108 1270 114 124 1479 118 910 449 55 100 4198 3743 377 1634 116 564 353 3425 536 549 78 225 68 332 231 584 336 573 273 386 934 695 1487 171 123 238 429 48 389 299 153 170 107 314 93 178 48 126 289 45 229 247
internal_value=-0.000347341 -0.0050008 0.000570927 -0.00467681 0.0013116 0.0032076 -0.000904854 0.00141971 -0.00256178 -0.00372685 0.0032098 -0.00163482 -0.00242246 0.00428385 -0.000817757 -0.00108658 -0.00191714 0.00194986 0.0062966 0.00509967 -0.00251605 -0.00369934 0.0143606 0.000560359 -0.0144886 0.0109497 -0.0142398 0.0043105 0.00798319 0.0146093 -0.00939954 0.00530903 0.010883 0.00948661 -0.00331299 0.00141104 -0.00595643 -0.0027027 0.00421245 -0.00316667 -0.0131293 0.0066081 -0.0117143 -0.0121302 0.00217723 -0.00483871 0.00469729 -0.0207965 0.00723577 0.00135501 0.00585253 -0.0190299 0.0145833 0.00269017 -0.0128959 0.000328515 -0.0148256 -0.0118243 0.00588235 0.00253333 0.0104167 0.0158793
internal_weight=38147 6279 31868 3935 27933 15058 12875 12246 10471 8952 8355 2345 3891 1519 3424 2889 6797 2144 2404 6010 4819 4653 477 3113 1046 2812 467 5533 1180 1513 2155 621 964 896 2284 815 1469 962 809 590 1460 1299 1565 507 1299 341 958 103 605 728 1075 526 230 539 211 751 344 296 1258 740 518 371
internal_count=38147 6279 31868 3935 27933 15058 12875 12246 10471 8952 8355 2345 3891 1519 3424 2889 6797 2144 2404 6010 4819 4653 477 3113 1046 2812 467 5533 1180 1513 2155 621 964 896 2284 815 1469 962 809 590 1460 1299 1565 507 1299 341 958 103 605 728 1075 526 230 539 211 751 344 296 1258 740 518 371
cat_boundaries=0 6 8 10 16 22 28 34 37 43 46 52 58 61 66 72 75 78 81 83 89 92 94 100 102 108 111 117 119 125 131 133 135 137 139 145 147 149 154
cat_threshold=71581728 537019040 2583693320 603979778 2688600320 4719240 1891697091 1091585 470832857 184549414 1218513029 76558336 10486272 136708164 134484000 70287616 270608514 4096 66304 2148274393 78061568 8421445 1082130440 1278220288 86515808 142737676 5124 200960 1107824649 3321899264 2384112 268437540 1073747088 4096 1090521120 55360 9 10626 4194369 16900 33821713 159523394 8439825 3227527426 8437768 11 9601600 2622464 25166852 16924672 419430476 70607104 52429312 34078720 4194304 2375744 268435488 3145734 2148335616 536870976 1 17309696 2284355648 16452 293621761 74 421659204 50897152 98449 271057088 1342177321 3145728 26083616 2147500032 8 2300059688 25690114 2 8396802 8193 2 67117056 4326410 4097 256 286720 2084 4112 4096 1074372864 547356697 11 2147486212 2048 9471556 525312 17859588 134430976 436731981 119537920 2182348932 20977664 0 0 256 2147749953 67502080 8421444 2147778560 545259521 2 0 33554432 5701888 0 67108880 262144 1082261504 16914688 10624 1 0 33554432 8388610 8405008 262144 536887424 2281701376 2 256 524288 134217921 36 327712 8 1141637120 8 269484609 4 16384 0 402653184 536870912 4194304 128 135270465 134217732 8454144 1 75904 4096 66304 262209 75767808
is_linear=0
shrinkage=0.05


Tree=44
num_leaves=63
num_cat=43
split_feature=1 4 4 1 9 1 1 4 1 4 1 1 2 1 4 3 7 1 1 1 3 7 4 1 1 4 9 3 1 4 1 3 7 2 2 3 11 2 1 3 9 11 11 3 1 2 7 4 1 9 4 3 9 7 11 9 11 9 11 7 1 3
split_gain=61.3465 53.9078 49.7234 52.3839 49.3743 70.0725 55.422 40.9291 46.4077 39.1315 36.6841 34.9235 25.3311 25.0468 20.0058 19.6898 19.4003 40.7001 19.0527 18.9035 15.8264 15.7032 16.3524 15.491 14.6216 14.2982 16.3532 17.6365 13.9669 12.2327 12.1002 17.7519 11.0672 12.7793 12.2557 9.97944 9.74401 11.087 9.60376 9.26293 11.3391 9.08069 8.83898 8.81233 11.2723 11.155 8.67028 8.09871 8.0926 7.64706 7.38655 7.32804 7.24445 7.57595 8.64431 7.11087 7.02483 6.90048 7.78953 6.76815 7.05691 6.66904
threshold=0 1 2 3 6.5000000000000009 4 5 6 7 8 9 10 11 12 13 14 5.5000000000000009 15 16 17 18 2.5000000000000004 19 20 21 22 9.5000000000000018 23 24 25 26 27 1.5000000000000002 28 29 30 12.500000000000002 31 32 33 9.5000000000000018 12.500000000000002 20.500000000000004 34 35 36 1.5000000000000002 37 38 10.500000000000002 39 40 7.5000000000000009 3.5000000000000004 13.500000000000002 11.500000000000002 13.500000000000002 10.500000000000002 13.500000000000002 4.5000000000000009 41 42
decision_type=9 9 9 9 2 9 9 9 9 9 9 9 9 9 9 9 2 9 9 9 9 2 9 9 9 9 2 9 9 9 9 9 2 9 9 9 2 9 9 9 2 2 2 9 9 9 2 9 9 2 9 9 2 2 2 2 2 2 2 2 9 9
left_child=1 23 3 52 6 25 15 8 59 12 43 29 -7 57 32 -4 18 -18 -13 20 36 28 -23 51 41 26 27 -6 39 38 31 -12 34 -34 -15 -36 37 -3 -11 40 -21 -10 61 45 -45 -9 49 -32 -27 -39 -16 -1 53 -2 -55 -48 -30 58 -5 60 -8 -25
right_child=2 19 4 13 5 9 7 10 24 11 30 16 -14 14 50 -17 17 -19 -20 21 -22 22 -24 42 -26 48 -28 -29 56 -31 47 -33 33 -35 35 -37 -38 46 -40 -41 -42 -43 -44 44 -46 -47 55 -49 -50 -51 -52 -53 -54 54 -56 -57 -58 -59 -60 -61 -62 -63
leaf_value=-0.010451531162063555 -0.012256549383438299 0.0076886943857351238 0.01108464544041733 -0.0036442932021717445 -0.002953954455028285 -0.00078694486854915537 -0.012562647667011984 -0.0057108251679554691 0.0070618985700939664 0.0046811781865496284 0.0059131703642030797 -0.0027970327429045873 0.032330308312945498 0.028271635575981509 -0.0027089765631959474 0.0012590603497430854 0.005536343619702633 -0.013467020126346964 0.0020025173313630352 -0.0078174325203662475 0.0044964097003669327 -0.0052167959187194137 0.0049380824520692595 -0.015161625278548141 0.0058094189440383026 0.0060708342082571145 0.020311260938009914 0.022752047566383739 -0.020197118844775742 0.0062605859096453945 -0.016134087723777859 -0.0035710644028113417 0.0058262352391646455 -0.001768969063828363 -0.013232250895487891 -0.0022064715479373112 0.0026690585445870718 -0.014867343759440856 -0.0055651545284110876 0.00024060702818507753 0.0068693260221852296 0.023354886731326192 -0.00042026488731448101 -0.0043357041797623839 -0.010684857558985517 -0.015218693130928563 -0.0087968648609844935 -0.0035701805449672719 0.015789504499978291 0.0054279284894519055 -0.014736437030090253 0.0037991169416385696 -0.0162342672481555 0.0092732465297609267 -0.0083694767820582782 -0.0088944215406207786 -0.0093181067476801171 0.034666721638683319 0.027314761239883346 0.0030792567441415009 -0.0049831138157480307 -0.006281679221219208
leaf_weight=111 314 126 1182 79 201 236 226 127 46 221 1040 3124 453 106 333 1326 342 654 3874 160 1074 629 565 283 1433 817 532 249 240 2718 100 969 611 828 283 318 564 85 415 394 48 76 139 662 1026 288 222 4117 759 45 226 189 560 63 55 98 221 89 75 109 288 1404
leaf_count=111 314 126 1182 79 201 236 226 127 46 221 1040 3124 453 106 333 1326 342 654 3874 160 1074 629 565 283 1433 817 532 249 240 2718 100 969 611 828 283 318 564 85 415 394 48 76 139 662 1026 288 222 4117 759 45 226 189 560 63 55 98 221 89 75 109 288 1404
internal_value=-0.00045482 -0.00483578 0.000462611 -0.00478481 0.00121289 0.00321 -0.00102574 -0.00261957 0.00347349 0.00160621 -0.00421513 0.000898045 0.0130901 -0.00141988 -0.00281768 0.0056394 -0.00089955 -0.00742972 2.85796e-05 -0.00170721 0.00157374 -0.00491839 -0.00100503 -0.0113764 0.00808307 0.0107087 0.0155242 0.00866667 -0.0093603 0.00517241 -0.0022771 0.000916295 -0.000602968 0.00191105 -0.00572843 -0.00842881 -0.00252174 -0.00711806 -0.00108359 -0.00408497 -0.0123853 0.0242424 -0.0131264 -0.00991481 -0.0081861 -0.0165882 -0.0106522 -0.00379702 0.00762926 0 -0.0111599 -0.000645161 -0.0146707 -0.0099537 0.000847458 -0.0153125 -0.0158174 0.0136364 0.00779221 -0.00797788 -0.0105058 -0.0141968
internal_weight=38147 6597 31550 3940 27610 14595 13015 10507 2178 12037 8329 11348 689 2948 2705 2508 7994 996 6998 4471 2214 2257 1194 2126 1555 2558 982 450 1063 3354 6226 2009 2146 1439 707 601 1140 576 636 602 208 122 1826 2103 1688 415 450 4217 1576 130 559 300 992 432 118 320 461 243 154 623 514 1687
internal_count=38147 6597 31550 3940 27610 14595 13015 10507 2178 12037 8329 11348 689 2948 2705 2508 7994 996 6998 4471 2214 2257 1194 2126 1555 2558 982 450 1063 3354 6226 2009 2146 1439 707 601 1140 576 636 602 208 122 1826 2103 1688 415 450 4217 1576 130 559 300 992 432 118 320 461 243 154 623 514 1687
cat_boundaries=0 6 13 20 26 32 38 45 51 57 63 69 71 76 83 86 92 98 104 106 112 118 121 127 128 134 141 147 149 151 153 155 157 163 164 166 172 174 181 187 192 194 200 202
cat_threshold=71319584 537018912 2583953432 603979778 2688600832 4719240 745488 3145784 2147483652 537010258 4457538 100663572 33 805331201 18874624 813703171 3959425536 2106373 2189427712 16 1074989441 69210369 8391168 170000452 1074008100 1150976 941632130 557056 66304 2181828696 27467776 65605 1082130504 1278220548 86515808 142737668 5124 69888 525872 71958536 134217728 192 1074004066 538968196 129 35652240 524288 4261888 1076105296 67633217 3170310 4108 8391696 0 8388608 1610613312 32784 1059202 4194433 20996 33821825 159391810 33589328 18022400 152047809 25690116 134235265 67371042 10657810 1074528896 2704390 8192 524288 64 285753472 524352 24576 0 813694976 1140850688 8192 2155873280 16 93258016 2147500096 8 1082130452 4194304 5376000 2099200 268435529 67108864 1074267160 1145055236 70261985 270534692 525313 67110144 32 16384 402915328 2 4197120 524288 2552795265 1076363280 0 0 671088640 4136 0 268435456 16384 544 33554440 0 0 4194432 1056768 0 1048576 524296 1024 0 12384 0 16 131072 67108864 512 2147483656 536870912 2147516416 640 8388608 71303168 0 4288 16386 335544324 160 673387013 16777216 68737 1361051720 1342505000 3276800 2166521862 2684370944 578849110 17855488 2359424 589824 134221952 8 134258688 128 196608 192 25165824 0 0 2105346 131076 8388868 2147483649 1048576 0 20480 266241 0 33554432 1343225873 256 0 32 2147483648 0 524288 16 4 673194112 524288 65536 33816640 8192 65600 536871168 2097152 0 134219776 1024 65600 536870913 512 524288 67584 2359296 65 2097156 67 2147524674
is_linear=0
shrinkage=0.05


Tree=45
num_leaves=63
num_cat=41
split_feature=0 1 1 3 4 4 1 1 1 4 1 1 4 1 11 3 1 3 4 1 2 3 4 1 2 1 1 1 9 4 9 3 11 3 1 11 9 9 1 3 2 9 4 1 11 4 11 1 7 9 11 7 1 1 11 11 11 9 7 7 2 1
split_gain=82.2124 72.5661 55.2718 51.641 34.5079 28.3982 35.6595 27.8414 27.6655 25.3158 46.0799 31.6636 27.8563 25.6858 21.5095 23.797 22.6181 19.9055 19.2932 18.1445 16.8913 15.2825 14.7963 14.5659 14.0617 14.036 13.385 13.1203 15.0499 11.7445 11.1856 10.844 10.8863 10.4674 10.2789 10.2483 9.96436 17.4167 15.7653 11.1731 11.1179 9.96046 14.5947 9.77207 16.4525 12.6192 12.4445 9.68284 9.64263 9.62021 9.47429 9.44299 11.0412 10.8337 9.32258 9.08342 12.6776 10.2084 8.53729 8.05235 8.01996 7.93854
threshold=1.9963237975540058 0 1 2 3 4 5 6 7 8 9 10 11 12 16.500000000000004 13 14 15 16 17 18 19 20 21 22 23 24 25 6.5000000000000009 26 5.5000000000000009 27 19.500000000000004 28 29 20.500000000000004 7.5000000000000009 11.500000000000002 30 31 32 5.5000000000000009 33 34 9.5000000000000018 35 15.500000000000002 36 5.5000000000000009 6.5000000000000009 17.500000000000004 3.5000000000000004 37 38 19.500000000000004 8.5000000000000018 13.500000000000002 3.5000000000000004 2.5000000000000004 5.5000000000000009 39 40
decision_type=2 9 9 9 9 9 9 9 9 9 9 9 9 9 2 9 9 9 9 9 9 9 9 9 9 9 9 9 2 9 2 9 2 9 9 2 2 2 9 9 9 2 9 9 2 9 2 9 2 2 2 2 9 9 2 2 2 2 2 2 9 9
left_child=2 41 3 26 -4 7 33 35 17 10 51 12 23 -12 15 -8 -16 19 20 -6 -13 24 -14 -11 -5 -20 29 28 -17 -1 34 32 -18 -7 -23 58 38 40 39 -9 -38 -2 -43 45 49 -19 -46 -32 -15 -45 -26 53 -53 -10 -52 57 -57 -40 -3 60 -35 -33
right_child=1 5 4 21 8 6 14 36 9 11 13 18 22 48 16 27 31 43 25 -21 -22 30 -24 -25 50 -27 -28 -29 -30 -31 47 61 -34 59 -36 -37 37 -39 55 -41 -42 42 -44 44 46 -47 -48 -49 -50 -51 54 52 -54 -55 -56 56 -58 -59 -60 -61 -62 -63
leaf_value=-0.001187570513673536 0.0099015915684911859 -0.0055512316700307767 -0.013277857237899707 -0.010246554862113089 0.0015403320190504888 -0.018043760199373305 -0.013722710008433704 -0.0030040573415954677 -0.0026999390327596519 0.025200895175146412 -0.011563845116430617 -0.00082452777773828201 -0.0080768447461963665 -0.0022822994100650143 0.020601757115304056 -0.012965975477057495 -0.010861894727097744 -0.0052317205515825084 0.0025284677502907973 0.023573109622758399 0.020791075644900864 0.00081110885139924489 -0.0025758682317211013 0.00090964970856759479 -0.002979166490511981 -0.00014760115535905616 -0.006915083306495407 0.0066254521503462706 0.0045773280918713632 0.014129349100508559 -0.0017294539487103468 0.026280852247918197 0.010444417280789042 0.00016853506132296638 -0.010254879483951006 0.0029343126660584364 0.021514308600800659 -0.0034807905579472276 -0.02261523667884693 0.016877376643759524 0.007316878989720688 0.011799424054058205 0.017339566940089989 -0.039645431909073492 0.017225961332608432 0.0069249646334391905 0.00046370902334395007 -0.0087123681756083992 -0.0073730833817274716 0.0091309133073926973 -0.025634613245621288 0.00031289531604795641 0.014812806892716586 0.0057224186913460767 -0.0021564618836584283 0.011374555962869383 -0.0014957031696452461 0.0036832952827762777 0.0013846517767499235 -0.018733032715020116 -0.0044893580156858464 0.011828749641804893
leaf_weight=226 326 607 254 232 282 117 484 101 494 101 1543 309 879 4583 252 234 218 718 2773 422 438 111 1759 326 280 7159 289 942 316 330 610 103 139 544 696 128 593 164 61 458 429 159 486 129 398 351 479 597 592 156 62 209 344 394 62 333 513 101 557 119 712 364
leaf_count=226 326 607 254 232 282 117 484 101 494 101 1543 309 879 4583 252 234 218 718 2773 422 438 111 1759 326 280 7159 289 942 316 330 610 103 139 544 696 128 593 164 61 458 429 159 486 129 398 351 479 597 592 156 62 209 344 394 62 333 513 101 557 119 712 364
internal_value=-0.000436469 0.00357741 -0.00177878 -0.00766049 -0.000956099 0.00209908 -0.000614844 0.0051418 -0.000764649 -0.0013759 -0.00358061 -6.54355e-05 -0.00453659 -0.00532105 0.00248204 -0.000607287 0.00817844 0.00378608 0.00122088 0.0110644 0.00891678 -0.0110902 -0.0064577 0.00720824 -0.0179567 0.000633675 0.00309942 0.00252996 -0.00357143 0.00759717 -0.00884387 0.00395683 -0.00258856 -0.0069241 -0.0134449 -0.000921659 0.00798046 0.0114671 0.00539247 0.0120387 0.0138943 0.0164628 0.0202326 0.00145025 0.00460751 -0.00199259 0.00803877 -0.00584093 -0.0036162 -0.00578947 -0.0115942 0.00451413 0.0096745 0.00135135 -0.0233871 0.00157171 0.0036643 -0.00925926 -0.0024055 -0.00559567 -0.0044586 0.00890985
internal_weight=38147 9560 28587 3495 25092 8589 4544 4045 24838 21903 8159 13744 3065 6718 3052 1976 1076 2935 10679 704 747 2650 2638 427 636 9932 845 1492 550 556 2014 824 357 1492 807 1292 2753 1186 1567 559 1022 971 645 2231 1162 1069 877 1207 5175 285 404 1441 553 888 124 1008 846 162 1164 1375 1256 467
internal_count=38147 9560 28587 3495 25092 8589 4544 4045 24838 21903 8159 13744 3065 6718 3052 1976 1076 2935 10679 704 747 2650 2638 427 636 9932 845 1492 550 556 2014 824 357 1492 807 1292 2753 1186 1567 559 1022 971 645 2231 1162 1069 877 1207 5175 285 404 1441 553 888 124 1008 846 162 1164 1375 1256 467
cat_boundaries=0 6 12 14 20 27 33 39 45 52 58 64 71 77 79 85 88 95 100 102 105 111 116 118 124 130 136 141 144 145 149 155 156 158 164 170 176 182 188 194 196 202
cat_threshold=8519872 0 1075068932 2621448 67174420 2211968 205545602 539115520 2281705472 588316674 2688565256 23593091 2300084388 3355983898 268435457 16777216 0 536889856 1 33554432 8392708 1040 134218240 4128 66 805683204 1 1073774611 138432513 139784 2684354564 4198400 100925440 17825800 579338241 17301512 0 524298 22020100 302022656 1229457413 67634448 3230269584 279576578 393472 545349636 2359552 545406977 68300826 538969088 75497600 16 1101201428 9437328 73861 268441632 1107330113 2052 3246526464 224 344133 337645608 1124108356 2568 0 71304224 2147483652 1073741824 24576 295168 128 527168 256 310378528 67108865 134230688 33611776 270074119 2147491849 1581056 2097152 0 0 8 4194308 421826560 1620058128 1 3096 665600 4 4194304 1077936128 16400 4 33554432 150994944 256 1073873024 276955136 547496000 2629642 276824137 1048576 8 135192 131072 134217728 0 4194304 536952832 0 32 278528 67108864 16777216 402653185 32896 67136 256 44040736 16449 134558368 75526208 134217728 536870912 134217728 553648128 4194304 524418 676339744 32768 405278720 4163 0 4194308 524296 131072 0 67108872 32 786496 134234116 8 134217793 16512 0 2147483648 16777218 1074307073 2101312 139776 536875073 4194304 100663296 131072 2192 16781572 0 0 0 4096 8192 8454144 0 1078460421 1040 2147483664 268959744 393472 524288 2097168 2281701380 160 0 8454144 201351296 0 134221824 2 16384 524417 65536 1048592 8193 268435488 64 2048 8388628 1048720 65664 2048 33554433 2052 2621952 16781344 134217728 8388608 134742016 64 0 17825792
is_linear=0
shrinkage=0.05


Tree=46
num_leaves=63
num_cat=31
split_feature=0 1 1 4 4 4 1 1 4 1 1 4 9 1 4 7 1 1 4 7 1 1 6 9 1 6 10 6 1 1 4 9 1 0 4 9 1 7 11 10 4 11 0 6 0 10 11 7 1 9 7 6 6 1 5 4 0 4 9 4 0 9
split_gain=70.0601 66.4348 51.4167 40.1608 31.5607 29.9209 37.2313 29.0182 28.2508 27.3446 24.8767 31.7018 24.5106 64.0977 41.5235 23.666 64.1656 61.024 16.705 16.4475 15.3412 14.0315 12.389 12.3 12.4056 11.8392 13.5581 11.7313 14.5578 11.5025 11.411 11.3998 11.1667 11.0533 10.9621 10.9426 10.4828 12.12 10.0036 9.99781 9.93235 9.82456 9.54008 9.07232 8.99661 8.88134 8.71741 8.70694 8.64003 8.34645 9.61349 8.24948 8.23119 8.17248 9.12846 8.10076 7.83118 7.79995 7.73571 15.7751 7.58521 7.27216
threshold=1.9963237975540058 0 1 2 3 4 5 6 7 8 9 10 10.500000000000002 11 12 3.5000000000000004 13 14 15 2.5000000000000004 16 17 176.50000000000003 7.5000000000000009 18 61.500000000000007 1.0000000180025095e-35 43.500000000000007 19 20 21 6.5000000000000009 22 2.1962201781017963 23 6.5000000000000009 24 3.5000000000000004 17.500000000000004 1.0000000180025095e-35 25 14.500000000000002 2.0922827905211099 343.50000000000006 1.560875868620242 1.0000000180025095e-35 5.5000000000000009 2.5000000000000004 26 7.5000000000000009 2.5000000000000004 23.500000000000004 25.500000000000004 27 2.5000000000000004 28 2.2968764891090259 29 5.5000000000000009 30 2.0807819231956564 8.5000000000000018
decision_type=2 9 9 9 9 9 9 9 9 9 9 9 2 9 9 2 9 9 9 2 9 9 2 2 9 2 2 2 9 9 9 2 9 2 9 2 9 2 2 2 9 2 2 2 2 2 2 2 9 2 2 2 2 9 2 9 2 9 2 9 2 2
left_child=2 58 3 32 -4 7 51 23 9 -6 11 36 15 30 -15 17 -17 -12 21 27 35 45 39 24 33 44 -27 52 -29 -21 -14 40 55 -3 41 42 47 -38 -24 -22 -11 -13 -20 -31 46 60 -5 -10 -36 50 -33 -7 -9 -53 -55 -1 -25 -46 -2 -60 -8 -48
right_child=1 5 4 25 8 6 18 19 10 31 12 34 13 14 -16 16 -18 -19 20 29 22 -23 38 56 -26 26 -28 28 -30 43 -32 49 -34 -35 48 -37 37 -39 -40 -41 -42 -43 -44 -45 57 -47 61 -49 -50 -51 -52 53 -54 54 -56 -57 -58 -59 59 -61 -62 -63
leaf_value=-0.00112819198798986 0.012475913702315057 0.010439122224108789 -0.014967490731161954 -0.018564339350233983 -0.0093369735935780358 0.0010792881277780664 0.038209690276493492 -0.0019342471745701474 0.017223759066261148 -0.0062226539924011342 0.0029376018357934242 -0.00076062627720102085 -0.0035970787119134931 -0.0033699712855092437 0.0095757082718779703 -0.0059064283289957864 0.0010404850709650804 -0.0071850493074922805 -0.012849831590589167 -0.0024810805262464211 -0.013666913184395025 0.0011637666225967624 -0.003784725715168147 0.020827929856671281 0.0023686632933903277 -0.0069507737182839709 -0.0026394591079156151 -0.017447634328978768 -0.0019716954790694576 0.009415918802338186 -0.0091014003590903954 0.048978828374787356 -0.0042949502536739235 0.019459920288820199 0.0083302166398598661 0.024067697511221293 0.03333730917533425 -0.0063597823844424809 0.011999266985299906 -0.0015932949737983871 0.0059952291918274675 -0.013611847199600803 0.022354657345206211 -0.0050674005482028057 -0.010931621495408928 0.020317991902580879 -0.010408671128598468 0.03469487593974762 -0.00046145203520753242 0.019669991259416132 0.021529170440894821 -0.00068887914039807987 0.026282403488877806 -0.0088187763204404367 0.0055855258762317513 0.013898657971029982 0.0027207778565357835 2.5742699194963861e-05 0.013564662076457547 0.018508234550725918 0.0021486118827630739 -0.0074036300752808211
leaf_weight=222 280 216 231 40 228 225 75 126 88 148 2410 122 600 659 2091 1464 4997 7572 104 298 294 939 380 602 739 865 848 238 715 885 623 72 475 153 1017 162 143 105 92 171 259 91 50 73 123 396 519 124 1315 393 57 383 93 820 96 301 100 180 138 422 295 205
leaf_count=222 280 216 231 40 228 225 75 126 88 148 2410 122 600 659 2091 1464 4997 7572 104 298 294 939 380 602 739 865 848 238 715 885 623 72 475 153 1017 162 143 105 92 171 259 91 50 73 123 396 519 124 1315 393 57 383 93 820 96 301 100 180 138 422 295 205
internal_value=-0.000462684 0.00324268 -0.00170182 -0.00712777 -0.000872316 0.00193585 -0.000912734 0.0049435 -0.000695461 0.00689803 -0.00107336 0.0031675 -0.00169882 0.00182482 0.00605072 -0.00255124 -0.000193469 -0.00407734 0.00235849 0.00135357 -0.002019 0.00556851 -0.00522703 0.00972527 0.00649819 -0.0102151 -0.00767659 -0.00290102 -0.00529906 0.00533439 -0.00766423 0.0107029 0.0014881 0.0138522 0.000958904 0.00736196 0.0151064 0.00736434 0.000423729 -0.0110753 0.00454545 -0.00964126 -0.00194805 0.00795455 -0.0143861 0.010567 -0.0172775 0.0234234 0.00196413 0.0157088 0.0267442 -0.00723598 0.00753425 -0.00881447 -0.0113391 0.0064728 0.0149573 -0.00709571 0.0165882 0.0201786 0.00513514 -0.0160221
internal_weight=38147 9560 28587 3778 24809 8720 4482 4238 24578 1157 23421 3005 20416 3973 2750 16443 6461 9982 2958 2428 1253 1705 937 1810 1108 2780 1713 1172 953 1256 1223 929 998 369 2545 316 460 248 472 465 407 213 154 958 1067 766 764 212 2332 522 129 1524 219 1299 916 523 702 303 840 560 370 724
internal_count=38147 9560 28587 3778 24809 8720 4482 4238 24578 1157 23421 3005 20416 3973 2750 16443 6461 9982 2958 2428 1253 1705 937 1810 1108 2780 1713 1172 953 1256 1223 929 998 369 2545 316 460 248 472 465 407 213 154 958 1067 766 764 212 2332 522 129 1524 219 1299 916 523 702 303 840 560 370 724
cat_boundaries=0 6 12 19 25 32 38 44 50 56 62 69 75 82 88 94 101 107 113 119 125 131 138 144 149 155 161 167 173 178 185 191
cat_threshold=8519872 0 1074806784 2621448 67174420 2211968 205545602 539115520 2281738240 572588034 2688598024 23593089 4104 5373960 2147484160 67109066 24608 813957376 33 8388609 16777216 0 537938432 1 33554432 8458244 132112 134218240 4192 66 805683332 1 1073774611 146821121 139276 2684354566 4096 100925440 1744871939 6328384 2502692 2684424259 4096 100925440 2214595624 270019585 67108996 4194308 1074053120 2147483796 20 33554448 262144 279616 1041 67110912 2449637376 1229457409 533776 8913344 2756610 270656 131072 4194320 536870912 1073741896 0 294912 1 25499648 67109344 311429164 16780320 1082131461 41963520 532480 2097160 2684354560 1140859096 0 262144 128 332368 38516 68173829 134612000 66048 132114 8716304 2148570388 1065101 134349856 8456064 8519700 524288 2097152 2684354560 67239944 0 0 160 0 557056 151519264 17039424 8 1 537403432 33554496 419430400 33554432 8 22544390 1073782785 2101248 131072 536875009 0 100663296 1572880 8388609 16777216 0 524288 4194304 16777216 34078720 134218240 0 4718592 17825797 524288 16 0 135178 0 327680 128 134217728 536870912 134217728 570425344 4194304 524416 524288 131072 134218240 67108864 8256 0 1229457409 9216 0 524288 256 8 1024 0 0 0 16 2181169152 134742016 524288 8913280 2101250 64 32768 12582912 8196 0 0 67371008 8 131072 2147483648 67108872 32 0 0 0 32 0 0 128 0 0 0 4096 8192 8454144
is_linear=0
shrinkage=0.05


Tree=47
num_leaves=63
num_cat=16
split_feature=0 4 0 4 4 7 6 3 0 9 3 3 3 0 9 3 4 11 4 4 11 7 0 9 9 4 0 3 6 7 7 10 0 6 9 6 6 11 11 0 6 0 6 11 7 4 0 9 7 7 7 6 9 7 9 4 6 11 6 4 0 0
split_gain=59.7997 31.474 31.1736 31.351 27.6541 23.4343 19.6066 19.0189 19.2582 18.3809 36.8237 23.8515 14.7811 13.7929 13.4594 27.9234 19.7432 13.224 12.6732 11.4525 11.3096 11.19 10.8272 10.4572 10.3891 10.2803 9.64243 9.43335 9.44127 9.18157 16.0633 12.263 9.13254 9.07785 9.24583 8.78107 8.68234 9.72456 8.90831 10.4308 9.00939 8.52641 8.13128 8.00666 8.91137 10.3516 7.71089 7.70579 18.4214 7.33179 7.69325 7.32725 12.8901 7.06873 6.82445 9.34312 7.40323 19.0512 6.82363 6.7882 6.63282 6.5122
threshold=1.5716603543580625 0 2.3712254484163471 1 2 5.5000000000000009 190.50000000000003 3 1.7949857677809875 7.5000000000000009 4 5 6 1.9616292594659366 3.5000000000000004 7 8 13.500000000000002 9 10 17.500000000000004 1.5000000000000002 1.3865557495285075 11.500000000000002 7.5000000000000009 11 1.7438729929818004 12 215.50000000000003 2.5000000000000004 5.5000000000000009 1.0000000180025095e-35 2.0402482021633248 33.500000000000007 10.500000000000002 85.500000000000014 150.50000000000003 9.5000000000000018 18.500000000000004 2.5326011384727383 255.50000000000003 1.634295548273905 245.50000000000003 7.5000000000000009 1.0000000180025095e-35 13 1.5057877903598358 9.5000000000000018 2.5000000000000004 5.5000000000000009 3.5000000000000004 362.50000000000006 6.5000000000000009 4.5000000000000009 8.5000000000000018 14 768.50000000000011 14.500000000000002 11.500000000000002 15 1.4396530041478572 1.5186180637834503
decision_type=2 9 2 9 9 2 2 9 2 2 9 9 9 2 2 9 9 2 9 9 2 2 2 2 2 9 2 9 2 2 2 2 2 2 2 2 2 2 2 2 2 2 2 2 2 9 2 2 2 2 2 2 2 2 2 9 2 2 2 9 2 2
left_child=1 27 3 -2 20 9 12 8 26 11 18 59 -3 -12 15 53 29 -13 -11 49 25 -22 35 43 -10 41 -7 28 -1 31 -31 -16 -23 34 61 -18 37 -4 39 -38 -40 -5 58 46 -45 -46 -21 -39 -49 50 -8 52 -27 -14 -35 56 -56 -58 -9 -6 -52 -29
right_child=2 6 36 4 5 7 19 42 24 10 13 17 14 -15 16 -17 22 -19 -20 23 21 32 -24 -25 -26 51 -28 33 -30 30 -32 -33 -34 54 -36 -37 38 47 40 -41 -42 -43 -44 44 45 -47 -48 48 -50 -51 60 -53 -54 -55 55 -57 57 -59 -60 -61 -62 -63
leaf_value=-0.02161454440977512 0.020169533869884598 0.0023284075737679544 -0.00042967211112336927 0.0060876168004532164 0.0053718096641047937 -0.01070124370835931 -0.0065239158299236879 0.011541109093982066 -0.019355467487667255 0.0005240878198500609 0.0021372698536190836 -0.0056791310682549369 0.002085268196132012 0.011337120826895121 0.0022998073666226195 -0.011464546338035737 -0.017416394502179224 9.8599773478513791e-05 -0.0046774263978712647 -0.014633675660569757 -0.012396372462238115 -0.011313393887588452 -0.0094414308131092473 0.012547211302469009 0.0090034219837948244 -0.022050855080531586 -0.016983402164966934 -0.0060802687138379885 -0.0044678414848362989 0.0012474519796741856 -0.0054112745731448725 -0.0074777713732489814 0.015407049582523031 -0.004850888267366577 0.0024417399292950728 -0.0093445531309719887 0.01891140491530624 0.018944456530806765 -0.016898892876317601 0.0027430773334545357 0.0037353051740967261 -0.00035029577627041511 0.0099694750858315313 -0.0055147551484879438 0.011614057556654196 0.0010336994442748161 0.010724484205048335 -0.014197815677299365 0.012805949529826567 -0.0059303592003348117 -0.00018017046730642861 0.012423165449519647 -0.0039393556465479457 0.013804621475547353 0.0095971579481837488 -0.0046519033243202224 0.00012632569290667585 -0.00070935886373015011 -0.0029450344275242291 0.0014348788758023147 0.015198414741220745 -0.014896537372429158
leaf_weight=66 498 687 92 42 934 222 502 48 403 2715 3167 2668 165 2064 535 976 134 2787 1039 166 105 113 319 245 242 125 171 651 87 1851 538 1258 44 1436 63 105 182 342 68 267 67 488 268 312 296 1498 76 53 59 79 121 44 134 58 374 325 79 44 1145 4329 77 99
leaf_count=66 498 687 92 42 934 222 502 48 403 2715 3167 2668 165 2064 535 976 134 2787 1039 166 105 113 319 245 242 125 171 651 87 1851 538 1258 44 1436 63 105 182 342 68 267 67 488 268 312 296 1498 76 53 59 79 121 44 134 58 374 325 79 44 1145 4329 77 99
internal_value=-0.000352583 -0.00307064 0.00108927 0.000703929 0.000435491 0.000819377 -0.00167866 -0.0037415 -0.00887405 0.00139826 0.00306622 0 -0.00325989 0.0057718 -0.00405951 -0.008799 -0.0028692 -0.00231473 -0.000717322 0.00142349 -0.00728507 -0.0164122 -0.0116197 0.00301575 -0.00364341 -0.0045018 -0.0176845 -0.00735931 -0.0193252 -0.00166985 0.000355797 -0.00437814 -0.00796178 -0.00670237 -0.0112546 -0.0198745 0.00920354 0.0137363 0.00496575 0.00835189 -0.0062963 -0.000185185 -3.39905e-05 0.0020017 0.00299145 0.00434783 -0.00661157 0.0167401 0.00535714 -0.00386565 -0.00228571 -0.0116613 -0.015251 0.00708155 -0.005093 -0.00145985 0.00285996 -0.00772358 -0.00180218 0.00239901 0.00606061 -0.0128
internal_weight=38147 13222 24925 23795 23297 22202 9998 2499 1038 19703 8985 10718 6626 5231 5939 1199 4740 5455 3754 3372 1095 262 558 2593 645 833 393 3224 153 4182 2389 1793 157 3071 813 239 1130 546 584 449 135 530 1461 2348 2106 1794 242 454 112 779 700 303 259 223 2258 822 497 123 1193 5263 198 750
internal_count=38147 13222 24925 23795 23297 22202 9998 2499 1038 19703 8985 10718 6626 5231 5939 1199 4740 5455 3754 3372 1095 262 558 2593 645 833 393 3224 153 4182 2389 1793 157 3071 813 239 1130 546 584 449 135 530 1461 2348 2106 1794 242 454 112 779 700 303 259 223 2258 822 497 123 1193 5263 198 750
cat_boundaries=0 7 13 20 23 26 29 32 34 40 46 52 59 61 67 74 81
cat_threshold=805904388 3146040 2684370944 1611811328 787457 35651588 160 67371520 33792 128 2099200 1082163264 537395216 16384 69337088 16777218 2898264578 4472833 33555840 20 25501702 2292187136 2 2621708841 674250764 9 2232201250 2159034372 11 2147745828 1106000 1 589952 545259520 0 0 512 67113020 8192 268500992 2156400640 0 0 1073750016 8192 67207168 16656 276825089 1 134221848 4194368 32784 0 69206016 16777216 201326592 4210688 1024 4 1048577 16384 131072 4851712 0 75497472 0 603979776 0 56 0 131072 1024 0 32 268960768 2048 2684354560 0 524320 0 129
is_linear=0
shrinkage=0.05


Tree=48
num_leaves=63
num_cat=34
split_feature=0 4 4 4 2 3 4 2 2 2 6 2 9 2 2 2 4 3 9 6 9 2 9 4 2 2 3 9 3 4 6 2 7 11 2 3 3 0 4 2 11 4 3 2 9 0 11 9 2 3 6 11 2 11 6 6 6 9 6 0 9 9
split_gain=53.814 38.4728 26.2405 25.4031 21.5044 36.81 21.7316 29.9551 19.7697 17.5653 17.2328 23.7963 16.7328 29.273 18.9021 16.5043 18.9756 18.6836 15.8488 14.2699 13.6039 27.5696 19.2439 16.5392 41.5952 27.2876 15.4138 13.0577 12.9004 12.7974 12.4846 12.3681 12.0185 11.6672 11.5417 24.3174 14.1634 11.3044 10.6226 13.2422 11.196 10.2637 10.1815 10.1639 16.7865 10.0028 9.80812 9.65988 9.34805 12.0372 11.3438 9.29262 9.10581 9.10178 9.06595 8.98443 10.9208 8.76766 8.33707 8.25714 8.22374 8.1568
threshold=1.9963237975540058 0 1 2 3 4 5 6 7 8 95.500000000000014 9 6.5000000000000009 10 11 12 13 14 10.500000000000002 53.500000000000007 10.500000000000002 15 11.500000000000002 16 17 18 19 11.500000000000002 20 21 337.50000000000006 22 4.5000000000000009 17.500000000000004 23 24 25 2.1372951807736453 26 27 14.500000000000002 28 29 30 9.5000000000000018 2.3069454729611949 11.500000000000002 4.5000000000000009 31 32 152.50000000000003 17.500000000000004 33 14.500000000000002 146.50000000000003 152.50000000000003 89.500000000000014 1.5000000000000002 304.50000000000006 1.714760617399691 8.5000000000000018 6.5000000000000009
decision_type=2 9 9 9 9 9 9 9 9 9 2 9 2 9 9 9 9 9 2 2 2 9 2 9 9 9 9 2 9 9 2 9 2 2 9 9 9 2 9 9 2 9 9 9 2 2 2 2 9 9 2 2 9 2 2 2 2 2 2 2 2 2
left_child=1 -1 9 8 5 31 7 18 29 47 11 -7 13 38 37 17 -17 -12 -6 33 23 26 -23 24 -8 -25 -22 48 -13 -2 42 -4 55 -9 36 51 -5 -14 39 52 45 61 -29 44 -31 -40 54 -3 49 -16 -50 -36 -10 -43 -37 56 -15 -42 -33 -55 -49 -11
right_child=3 2 4 34 6 10 20 19 12 41 15 28 14 32 27 16 -18 -19 -20 -21 21 22 -24 25 -26 -27 -28 30 -30 43 -32 58 -34 -35 35 46 -38 -39 40 -41 57 53 -44 -45 -46 -47 -48 60 50 -51 -52 -53 -54 59 -56 -57 -58 -59 -60 -61 -62 -63
leaf_value=-0.015250718786851043 0.0059236827413901467 0.0023801653583554795 -0.015345342577544874 -0.019671568772739623 -0.012527487254972878 -0.013902690706957266 -0.0028204301640877673 0.0047075801798591062 0.0011740240965325778 -0.0099831515468045487 0.0083850372557847941 -0.0060589433504865016 0.013586379589950504 0.0038082139504117766 0.03808927984570612 -0.0027431277733663776 -0.00048359764228497195 4.605562634624194e-05 0.0018875971834916407 -0.0013396093068867966 0.019190167326404151 0.024432942090232501 0.00064959902439128971 -0.0046229537418293496 0.0065275325800826017 0.00026008860356012685 -0.0018970198817014118 -0.01405925993945949 -0.0014034792015794606 0.011220251556385364 0.030270837494751457 -0.0071220278097260089 0.026459633151243202 0.01985444590713752 -0.0058417584305417332 -0.0056398220986642218 0.0014108377453116551 -0.0044332721732637031 -0.014824833854606667 -0.0045093488285280923 -0.0057304787014278991 0.00080136056165669434 0.009558002460962679 -0.0081794347669947535 -0.0046024784646390036 0.013559397418655207 0.01135299895463493 0.031366566516251269 0.027732951208580728 0.01113517994509039 0.0090687794052926821 0.008821832414761999 0.019998268698435753 0.026454317973730674 0.014786592688169016 0.00083412775777618191 0.026693603598348138 0.0022014177367314035 0.0061781720780608789 0.0029765209281704566 0.016016996099135806 0.0048310540137646912
leaf_weight=223 633 110 294 456 1114 219 1068 219 293 229 474 1647 124 267 101 688 1790 1799 229 1491 102 643 594 3671 1346 5429 1519 161 2409 352 48 202 185 91 333 152 309 361 565 228 48 179 158 607 230 47 523 194 339 1555 190 78 212 70 144 303 81 477 72 70 152 250
leaf_count=223 633 110 294 456 1114 219 1068 219 293 229 474 1647 124 267 101 688 1790 1799 229 1491 102 643 594 3671 1346 5429 1519 161 2409 352 48 202 185 91 333 152 309 361 565 228 48 179 158 607 230 47 523 194 339 1555 190 78 212 70 144 303 81 477 72 70 152 250
internal_value=-0.000349962 -0.00143597 -0.00126877 0.00289749 -0.00159661 -0.00349854 -0.000553463 -0.00431198 0.00421782 0.00577532 -0.00271138 -0.00501754 0.00565792 0.00280857 0.00821534 -0.00064197 -0.00345659 0.00243101 -0.00994087 -8.28272e-05 0.000271172 0.00335899 0.00894146 -0.00049505 0.00317657 -0.00147091 -0.000950337 0.00991413 -0.00410723 -0.000327511 0.00122616 -0.0157439 0.0105201 0.00967742 -0.0021197 0.000887097 -0.00690323 -0.000909091 -0.000691489 0.00397039 -0.00370532 0.00123762 -0.0023511 -0.00337781 0.00135135 -0.00833333 0.00585042 0.0135193 0.0114188 0.00936375 0.0173469 -0.00890736 0.0084466 0.00805471 -0.00135135 0.00745008 0.012931 0.00161905 -0.00739437 0.0178571 0.0179191 -0.00337423
internal_weight=38147 28587 28364 9560 27110 9594 17516 3144 7565 1254 9026 4275 5743 2706 3037 4751 2478 2273 1343 1801 14372 2858 1237 11514 2414 9100 1621 2552 4056 1822 367 568 836 310 1995 1230 765 485 1870 733 1137 798 319 1189 582 612 819 456 2185 1656 529 411 505 319 296 651 348 525 274 140 346 479
internal_count=38147 28587 28364 9560 27110 9594 17516 3144 7565 1254 9026 4275 5743 2706 3037 4751 2478 2273 1343 1801 14372 2858 1237 11514 2414 9100 1621 2552 4056 1822 367 568 836 310 1995 1230 765 485 1870 733 1137 798 319 1189 582 612 819 456 2185 1656 529 411 505 319 296 651 348 525 274 140 346 479
cat_boundaries=0 6 13 20 22 24 31 33 35 37 39 41 43 45 50 52 54 61 63 65 67 70 75 77 79 81 84 91 93 100 102 104 106 108 109
cat_threshold=1 16777472 0 536887808 8388609 33554432 67374632 5778433 131200 0 1073758224 2148532368 4 277549056 8520720 134218240 135224 98 805683220 129 411599283 1367460 603980737 34603076 276824068 69206016 1015037956 209856512 512 10486016 17 1107632644 4203010 202148864 9047040 2159970599 401412 134217728 256 268501136 17928964 33685764 128 134775088 279552 524304 69337128 2281701376 131210 8194 144187394 17301513 2786336832 27271176 2148229136 131072 2164260864 4194432 4752416 604275716 128 1074135108 6365698 2217879564 17432584 268435458 8388609 1084825600 545262592 2 0 0 134217728 4128 2 268992513 16512 68112 1049508 268447879 2147500053 134742024 671105033 2 528384 0 134218240 8 32 268435456 128 16 37124 2056 1057793 0 0 0 16 4 10485760 2097153 134252544 526336 270598672 16814336 0 3229614081 16
is_linear=0
shrinkage=0.05


Tree=49
num_leaves=63
num_cat=40
split_feature=4 1 4 1 1 9 1 4 9 4 1 7 1 7 1 1 3 3 2 1 1 1 9 1 1 4 4 2 9 1 11 4 9 9 1 9 1 1 1 3 9 9 11 3 3 9 3 3 6 6 6 3 11 7 1 11 1 9 2 2 1 6
split_gain=46.2473 41.8171 32.4394 62.0218 37.3972 32.3249 31.3473 29.4487 25.9444 20.311 29.5113 20.3021 50.8025 36.385 74.225 52.9063 20.2097 19.4683 19.041 18.0976 16.6288 14.9293 12.88 15.4274 13.5944 13.761 12.6849 11.8032 11.7707 10.6292 10.3176 13.4101 10.607 9.92431 9.33793 9.04382 9.29913 8.99329 8.67779 8.67762 12.3688 8.65213 8.60386 8.47796 8.21535 8.21105 8.02942 7.94713 7.92149 7.76669 7.43779 7.31993 6.95108 6.93103 7.51789 6.89311 17.194 12.4593 6.59496 6.52784 6.39529 6.35294
threshold=0 1 2 3 4 10.500000000000002 5 6 5.5000000000000009 7 8 5.5000000000000009 9 3.5000000000000004 10 11 12 13 14 15 16 17 2.5000000000000004 18 19 20 21 22 11.500000000000002 23 10.500000000000002 24 9.5000000000000018 10.500000000000002 25 1.5000000000000002 26 27 28 29 7.5000000000000009 5.5000000000000009 21.500000000000004 30 31 11.500000000000002 32 33 304.50000000000006 172.50000000000003 63.500000000000007 34 13.500000000000002 4.5000000000000009 35 14.500000000000002 36 9.5000000000000018 37 38 39 89.500000000000014
decision_type=9 9 9 9 9 2 9 9 2 9 9 2 9 2 9 9 9 9 9 9 9 9 2 9 9 9 9 9 2 9 2 9 2 2 9 2 9 9 9 9 2 2 2 9 9 2 9 9 2 2 2 9 2 2 9 2 9 2 9 9 9 2
left_child=27 7 3 35 5 16 17 30 18 10 53 13 28 15 -15 -11 -4 29 -9 45 39 -14 23 -8 26 -26 -24 -1 -13 49 31 33 -33 -2 44 -3 47 46 -12 40 -10 -39 48 -22 -32 -7 -18 -37 -36 -5 -44 -20 -49 54 -6 56 -41 -57 -40 -25 -53 -35
right_child=1 2 4 6 9 19 22 8 20 11 38 12 21 14 -16 -17 37 -19 51 -21 43 -23 24 59 25 -27 -28 -29 -30 -31 34 32 -34 61 42 36 -38 41 58 55 -42 -43 50 -45 -46 -47 -48 52 -50 -51 -52 60 -54 -55 -56 57 -58 -59 -60 -61 -62 -63
leaf_value=-0.00094494264727031931 -0.010458436622726497 -0.00029489900137215645 0.022144952134304726 -0.014648674723898709 0.004822217166044274 0.023869476981641404 -0.011071083172347505 0.0056348598662147257 0.0045994606382228631 -0.0085197740926177823 -0.0055990145064294785 -0.012594674280698005 0.0064875982130607746 0.0078266040207503051 -0.00057914816858001814 -0.00021294676479526322 0.0089689402262021056 0.010978849034837347 0.0032317945733981892 0.0097658576903138956 -0.0039021052243227994 -0.0019137462194032647 0.0015332631217148951 0.0027365421832733355 -0.00070929777908744225 -0.0061032226903275427 -0.0050109767306059545 -0.017607173777756262 0.0023963231812997978 0.0027194974452925294 0.0031444645396288442 0.019809089670175962 -0.0098473970321300355 0.025922842531697955 0.0039899758351965801 0.0021252573550232024 -0.016066420404665955 0.0022630928654396088 0.011869317188490991 0.0083608401916556718 -0.016452695499447615 -0.0032407966239320464 0.00011626237853811228 0.023956420300218564 0.015502707743949507 0.013212638616876039 0.00012614223577520623 -0.01121282043603083 0.02045510149008796 -0.002435548014706418 0.013412578360938732 -0.0091354838151604511 -0.0019336549335094877 0.027400502117919459 0.015763779188994641 0.014835931761855804 -0.013479147649380775 -0.0022963319557800232 -0.0008346204927979884 -0.0087470066002412195 -0.015188334723936037 0.00050318021127487844
leaf_weight=107 341 136 229 95 247 332 254 249 47 3145 235 731 324 1611 3386 7977 892 603 122 427 104 970 1604 128 1712 762 679 249 62 267 144 145 46 48 737 103 622 1042 119 307 70 1156 41 445 486 184 824 278 141 117 40 371 310 76 264 367 294 222 485 340 242 54
leaf_count=107 341 136 229 95 247 332 254 249 47 3145 235 731 324 1611 3386 7977 892 603 122 427 104 970 1604 128 1712 762 679 249 62 267 144 145 46 48 737 103 622 1042 119 307 70 1156 41 445 486 184 824 278 141 117 40 371 310 76 264 367 294 222 485 340 242 54
internal_value=-0.000344719 -0.000173276 -0.000827784 -0.00359102 6.8748e-05 0.0038854 -0.00151423 0.00405086 0.000666667 -0.000921495 0.00480501 -0.00137242 -0.00601342 -0.00077238 0.00277166 -0.00236468 0.00199131 0.00622711 -0.00589431 0.0122481 0.00414871 0.000153374 -0.00305156 -0.00927978 -0.00211268 -0.00466989 0.00067597 -0.0180328 -0.015878 -0.00132924 0.00835199 0.00299685 0.0136816 -0.00187638 0.0105412 -0.0129198 -0.0142803 0.0011213 -0.00123675 0.00102506 -0.0114173 -0.000996377 0.00717234 0.0113596 0.0153125 0.0184411 0.00382387 -0.00977175 0.00580866 -0.00945946 0.0228395 -0.00986577 -0.0120401 0.0133166 0.0114481 0.00233333 -0.00141431 0.00619694 0.0019544 -0.00355649 -0.0121188 0.0117647
internal_weight=38147 37791 32728 8010 24718 5086 6561 5063 2840 19632 1426 18206 2087 16119 4997 11122 4143 1082 984 943 1856 1294 5479 722 4757 2474 2283 356 793 479 2223 634 191 443 1589 1449 1313 3914 839 1307 117 2198 959 549 630 516 1716 691 878 212 81 735 588 587 511 1190 601 589 604 468 613 102
internal_count=38147 37791 32728 8010 24718 5086 6561 5063 2840 19632 1426 18206 2087 16119 4997 11122 4143 1082 984 943 1856 1294 5479 722 4757 2474 2283 356 793 479 2223 634 191 443 1589 1449 1313 3914 839 1307 117 2198 959 549 630 516 1716 691 878 212 81 735 588 587 511 1190 601 589 604 468 613 102
cat_boundaries=0 6 12 18 24 30 36 43 50 56 62 68 74 76 78 80 86 92 98 104 110 116 122 124 130 137 143 149 155 161 162 164 166 168 170 172 178 183 185 187 193
cat_threshold=536870913 16777472 16777216 2684372480 2097153 33554432 805314560 153622528 1158152464 25694408 69402628 196865 270557188 2359328 537395206 202516498 320518 2157969792 1107304128 2688565248 2592084992 67108866 20976296 33562688 1207996098 5275648 12592133 2147614979 4136 3416128 86048784 1082138660 65536 404817936 445382722 4210692 655360 12583936 671089156 134217962 25666 8388880 129 17043232 73051136 134348800 4194308 1073741824 536887296 4 262161 33554432 2419083296 2064 402653202 33572866 68964369 2692744480 2375680 201327648 717226256 561168 18481156 109051905 2118176 1140932612 574627986 8933504 72368136 1644167297 6176 1948336128 704905298 4735616 2483028256 1056768 1073811648 134217736 67379728 16809984 134218434 32768 8197 1 4128 270336 536870912 134221824 67108880 25165888 67108868 196865 0 67125888 268573184 2359296 1 8390656 557056 0 5521408 1 0 128 143392768 67109184 3555489 409632 536871169 25988226 268443652 0 0 68288530 263170 256 268460036 0 0 131090 286720 8388608 2129920 2099200 18939920 0 0 136314880 134217730 4194304 0 0 134217728 40 8192 0 128 8192 16783360 0 17301632 65540 65537 5120 2688565248 2415919104 0 16777864 33554432 1073777664 1081344 12583936 2147614978 8 1048640 4 32 262144 69206016 524352 71303172 469770244 65600 2692743168 819200 8193 2621568 2686992384 1207959552 13 134283264 545259520 262160 0 2149580832 2048 18 18432 0 4096 0 25165888 67108864 536870929 8482 2097152 2101248 0 2621440 0 16777280 67174400 65536
is_linear=0
shrinkage=0.05


Tree=50
num_leaves=63
num_cat=35
split_feature=0 1 1 3 4 1 4 1 11 1 4 1 1 3 4 1 6 7 1 4 1 4 1 7 9 3 1 3 7 3 11 4 3 1 7 0 7 2 7 0 7 0 2 6 6 2 11 1 1 0 6 3 6 9 11 9 9 9 6 1 3 2
split_gain=46.0067 47.3476 29.1329 31.5618 29.4616 36.2553 27.8959 25.6682 24.552 23.3517 23.3339 54.035 22.7539 22.5775 21.093 22.541 19.2805 19.2462 18.3902 18.3357 16.4125 16.0224 16.0046 15.8168 17.8854 15.7259 15.6692 15.4672 14.7349 14.5233 14.147 16.7201 14.1136 13.7452 13.4927 14.1563 12.8097 12.7161 12.5752 12.5677 12.1653 12.754 11.9067 11.7765 11.7631 11.736 11.4859 11.4247 11.3542 10.783 10.4966 10.3031 9.99725 16.5561 12.8201 9.94073 12.3364 9.91091 9.86899 9.85727 9.76402 17.3503
threshold=1.5716603543580625 0 1 2 3 4 5 6 10.500000000000002 7 8 9 10 11 12 13 235.50000000000003 2.5000000000000004 14 15 16 17 18 1.5000000000000002 11.500000000000002 19 20 21 3.5000000000000004 22 12.500000000000002 23 24 25 5.5000000000000009 1.7492449780650048 3.5000000000000004 26 4.5000000000000009 1.4456063406144259 4.5000000000000009 1.7949857677809875 27 79.500000000000014 50.500000000000007 28 5.5000000000000009 29 30 1.1929004201824027 351.50000000000006 31 35.500000000000007 3.5000000000000004 18.500000000000004 9.5000000000000018 11.500000000000002 3.5000000000000004 1075.5000000000002 32 33 34
decision_type=2 9 9 9 9 9 9 9 2 9 9 9 9 9 9 9 2 2 9 9 9 9 9 2 2 9 9 9 2 9 2 9 9 9 2 2 2 9 2 2 2 2 9 2 2 9 2 9 9 2 2 9 2 2 2 2 2 2 2 9 9 9
left_child=2 13 3 49 5 30 20 29 60 14 11 38 27 -2 16 -16 23 -17 -13 22 -3 -10 -7 43 -25 -14 -15 47 -22 46 31 -4 55 -27 35 -30 -24 -19 51 50 -18 -42 -31 -8 48 -21 -6 -12 -34 -1 -23 -11 53 -32 -54 -5 -57 -28 -33 -29 61 -9
right_child=1 6 4 32 7 19 9 8 21 10 12 18 25 26 15 17 40 37 -20 45 28 39 36 24 -26 33 57 59 34 42 52 58 44 -35 -36 -37 -38 -39 -40 -41 41 -43 -44 -45 -46 -47 -48 -49 -50 -51 -52 -53 54 -55 -56 56 -58 -59 -60 -61 -62 -63
leaf_value=0.0015601658744858389 0.016079153300952952 -0.013179191775629151 0.0020979222693454924 0.003865203443981158 0.022486530394600836 0.01575695054147852 -0.0049994937550009834 0.0020821981244793955 -0.0040003765309454377 -0.0022216409975708618 -0.0021916511710058152 0.0042103619913894941 -0.0082952498797830843 0.018124085593108841 0.022065905748455863 -0.0047368457589118014 -0.0082486134629905956 -0.0074049904595926202 0.017343956164765719 0.0038931331423068985 -0.012073150911449998 0.002540521306942406 -0.0038330276547362875 -0.0027661220624360609 -0.023579770738545003 0.0089402966165607282 -0.002703239631864196 0.0047818666528220534 0.0065573870718159599 9.0298583485429185e-05 -0.019434785090448315 -0.010765413366739741 -0.0025069189197828943 0.0005337963267538049 -0.011942502849248738 0.00037980497839778252 0.003343290908255081 0.0056341405104314958 -0.012163650365495904 -0.0040826687733012288 -0.013490027662918609 -0.0083045870860909698 0.010179715216542602 0.011800011744880257 -0.0018603734932975181 -0.014173643863769443 9.1585245498526657e-05 -0.01760779595238977 -0.012989352598784205 -0.015703358614601471 0.018886766460797479 0.011528124651308392 -0.011686027244014614 -0.0060285620776210028 -0.00040973709575098383 -0.02250832110188716 0.0092265219900959042 0.0068372661491347131 0.0017190616582680952 -0.0015238769690026966 -0.0058116735382793775 -0.022344135867055002
leaf_weight=40 437 107 248 188 74 208 182 105 461 748 777 1204 311 352 267 876 241 222 1401 110 361 806 785 764 173 1058 457 533 56 392 86 533 422 9268 88 104 495 678 271 551 102 46 964 159 1798 193 1875 573 443 294 144 223 615 211 241 68 69 1346 56 1540 461 286
leaf_count=40 437 107 248 188 74 208 182 105 461 748 777 1204 311 352 267 876 241 222 1401 110 361 806 785 764 173 1058 457 533 56 392 86 533 422 9268 88 104 495 678 271 551 102 46 964 159 1798 193 1875 573 443 294 144 223 615 211 241 68 69 1346 56 1540 461 286
internal_value=-0.000384041 0.000880642 -0.00276811 -0.00681273 -0.00140262 -0.00486679 0.000136508 0.000742372 -0.00276204 0.000460073 0.00120835 0.00465388 0.000262971 0.00726364 -0.00314516 0.000267901 -0.00730471 -0.00179171 0.00873805 0.000305386 -0.00950413 0.00030581 0.00260347 -0.00438185 -0.00773746 0.00140415 0.00510393 -0.00327702 -0.00605816 0.00372549 -0.0095 -0.00459976 -0.00513676 0.00174149 0.00322581 0.011875 0.000465116 0.00333333 -0.00391374 0.00281271 -0.0170951 -0.0283784 0.00768668 0.00483871 -0.00634119 -0.0107029 0.000944359 -0.00742647 -0.0111561 -0.0212209 0.00631579 -0.00128733 -0.0131396 -0.0210438 -0.0103972 0.00462687 -0.00547445 0.00317154 -0.0090985 -0.000552088 -0.00985915 -0.015586
internal_weight=38147 24925 13222 3322 9900 3781 22333 6119 2814 21617 17907 3847 14060 2592 3710 2043 1667 1776 2605 1791 716 1962 1488 1278 937 10637 2155 3423 609 3305 1990 837 2988 10326 248 160 1280 900 1242 1501 389 148 1356 341 2663 303 1949 1350 865 334 950 971 1153 297 856 325 137 1803 589 2073 852 391
internal_count=38147 24925 13222 3322 9900 3781 22333 6119 2814 21617 17907 3847 14060 2592 3710 2043 1667 1776 2605 1791 716 1962 1488 1278 937 10637 2155 3423 609 3305 1990 837 2988 10326 248 160 1280 900 1242 1501 389 148 1356 341 2663 303 1949 1350 865 334 950 971 1153 297 856 325 137 1803 589 2073 852 391
cat_boundaries=0 6 12 14 21 27 34 40 46 52 58 64 67 74 79 85 92 97 103 108 111 117 119 121 126 129 135 137 139 141 147 152 154 160 162 164
cat_threshold=8593408 536872992 1414529536 8917481 2097428 2195588 71565568 603981856 2281705984 538968354 2151678212 10485890 67178945 4 805306372 15729704 2952790016 738343562 9729 33554432 160 513 8320 282198048 8388609 1073741840 525312 268451840 2228224 2 2889884162 1 33554688 16 513 16785408 282199072 8388673 1107296272 132880 101208105 16916 33737800 67108868 1644178048 4198912 25236480 13632536 2155872896 133128 1619002432 268484756 1209044224 2218823680 524420 805584898 4263969 41967680 84 1115694465 151334944 1073742848 2298774594 17303554 524289 2281701377 9 4096 1048576 2147483652 131160 1088 344031232 129 0 0 16448 4 8704 555745798 162529344 2101249 2298478592 294126600 264209 268435456 32 0 67244042 9728 0 128 1073741840 2101248 2097152 0 4097 663568 131088 0 1048592 4718656 8388608 65536 1024 2056 4112 64 134219785 3 2 196608 2048 1073741824 8913152 2097172 2097152 2418868292 2283798552 404881473 1638957056 0 0 0 4226 1024 135274528 8921114 1 1073777152 16814080 524304 2 4263936 64 33555267 2097280 8192 2097152 335544322 540680 16 8396929 17039392 1073741824 33794 2050 0 32 2147484160 536870946 4 8421408 1048581 68 1280 134291456 1073741824 16777216 16779264 1245312 536879105 268468480 8
is_linear=0
shrinkage=0.05


Tree=51
num_leaves=63
num_cat=36
split_feature=0 1 1 4 1 4 4 3 1 2 4 1 1 7 1 3 3 3 1 4 9 4 1 11 9 9 6 3 1 1 4 11 0 11 1 2 1 2 9 7 7 3 0 7 11 3 10 2 9 4 1 7 11 9 3 7 9 0 9 3 1 7
split_gain=41.9008 55.0113 42.1016 28.9079 28.0857 27.0501 26.6918 26.2484 24.1165 23.8128 22.2883 31.9614 19.8352 19.3484 20.5759 18.2273 16.9654 16.1026 16.0354 17.2871 20.5594 15.1974 22.0745 17.9602 15.1191 15.0364 14.4268 13.4579 26.5337 21.1148 13.4046 15.3917 12.8055 11.7329 11.4006 10.5771 10.3163 10.2539 9.94962 9.87194 9.54602 13.4975 12.9782 10.8144 10.6783 10.5632 9.31768 12.0163 10.2675 8.82338 8.77925 8.09649 8.97991 8.04762 7.74535 7.64489 7.62957 7.61723 12.9888 7.59675 8.86398 8.85124
threshold=1.9963237975540058 0 1 2 3 4 5 6 7 8 9 10 11 1.5000000000000002 12 13 14 15 16 17 6.5000000000000009 18 19 13.500000000000002 6.5000000000000009 11.500000000000002 156.50000000000003 20 21 22 23 12.500000000000002 1.3133997881774417 9.5000000000000018 24 25 26 27 4.5000000000000009 5.5000000000000009 3.5000000000000004 28 2.0251479615563359 1.0000000180025095e-35 17.500000000000004 29 1.0000000180025095e-35 30 11.500000000000002 31 32 4.5000000000000009 18.500000000000004 4.5000000000000009 33 1.0000000180025095e-35 4.5000000000000009 1.8115004993143324 6.5000000000000009 34 35 1.5000000000000002
decision_type=2 9 9 9 9 9 9 9 9 9 9 9 9 2 9 9 9 9 9 9 2 9 9 2 2 2 2 9 9 9 9 2 2 2 9 9 9 9 2 2 2 9 2 2 2 9 2 9 2 9 9 2 2 2 9 2 2 2 2 9 9 2
left_child=2 38 7 9 6 18 40 32 16 -4 11 46 21 34 24 -9 50 -16 19 20 -6 22 -12 -23 39 30 37 29 -29 -14 33 -32 -1 -18 -7 -28 -13 -17 -2 -15 43 42 -42 45 -44 -3 48 -48 -10 57 -5 -43 -53 -47 -20 -37 -57 58 -11 -8 61 -61
right_child=1 4 3 8 5 13 59 15 10 49 12 36 27 14 17 26 25 -19 54 -21 -22 23 -24 -25 -26 -27 35 28 -30 -31 31 -33 -34 -35 -36 55 -38 -39 -40 -41 41 51 44 -45 -46 53 47 -49 -50 -51 -52 52 -54 -55 -56 56 -58 -59 -60 60 -62 -63
leaf_value=0.0097714809118110372 0.0084789002606866278 -0.00069166602093875265 0.028469557848719542 0.00052970772828541128 -0.018325267441457637 -0.014934978948393109 -0.014596142986287232 -0.015888597750603303 -0.0061915112443714955 -0.020235842863159839 0.0080955611066406089 -0.01624293877688265 0.0037384554691228034 0.0033797287327833104 0.0062230744354917159 -0.014292678650421909 -0.0088485179645276576 -0.0064513051963664084 0.026068995615955482 0.023025082544922373 0.024752713551316943 -0.0092988426036831277 -0.0022707542858219523 -0.00055727080850877524 0.021436694223163622 0.017932099024303677 -0.0063809229559332664 -0.0048666939596912154 0.0010788338972753165 -0.00060244786245832187 0.0036975391368525182 -0.0093128036671584792 -0.0023547810062355626 0.0038652517600246739 -0.0010197507969299303 -0.011888477058870351 -0.0069534782085867277 -0.0044727657208505859 0.016936636985501352 -0.018619727258272024 0.024650459122985347 0.0091747752128346297 -0.020156231441743479 -0.0029582604270636196 0.011100221909777108 0.0041016212198639046 -0.0065210600650885331 0.0054594136041008386 0.005973373244137492 0.0042972493804663619 0.025588339410249562 0.0077542151138854159 -0.0038521010995609564 0.034833056665329189 0.0058625096867176542 -0.0063188879646038261 0.0066072637106525337 0.01120235107962222 0.0007904370388700122 -0.00099444957694373444 -0.00093810362874050543 -0.0068249866902492856
leaf_weight=241 176 126 229 110 118 325 218 239 335 68 897 362 3343 200 374 429 501 594 106 313 222 1907 771 2174 263 296 141 2755 2908 4209 378 514 326 1678 403 123 731 1071 498 48 56 164 112 751 53 70 112 451 83 188 241 130 42 80 3128 159 425 83 109 156 496 338
leaf_count=241 176 126 229 110 118 325 218 239 335 68 897 362 3343 200 374 429 501 594 106 313 222 1907 771 2174 263 296 141 2755 2908 4209 378 514 326 1678 403 123 731 1071 498 48 56 164 112 751 53 70 112 451 83 188 241 130 42 80 3128 159 425 83 109 156 496 338
internal_value=-0.000302776 0.00256276 -0.00126106 -0.000583658 0.00150629 0.0034076 -0.00264097 -0.00670038 -0.000864088 0.00953421 -0.00152033 -0.00642994 -0.000980289 -0.00101488 0.00226504 -0.00883712 0.00284335 -0.00204499 0.00591481 0.0130468 0.00485714 -0.00342941 0.000595948 -0.00507211 0.0102687 0.00173231 -0.00742154 8.69565e-05 -0.00175392 0.00146787 0.000700098 -0.00443459 0.00303293 0.0028095 -0.00769231 -0.00224057 -0.0122847 -0.0104 0.0162281 0.0016129 0.00163112 0.00691203 -0.00281385 -0.00121714 -0.01 0.00724638 0.000151362 0.00435169 -0.00550239 0.00262009 0.0131579 0.0130058 0.00581395 0.015625 0.00443896 0.000348675 0.00273973 -0.00333333 -0.00932203 -0.00821018 -0.0062 -0.0109127
internal_weight=38147 9560 28587 25433 8886 6094 2792 3154 24756 677 21038 2074 18964 2207 1479 2587 3718 968 3887 653 340 5749 1668 4081 511 3367 2348 13215 5663 7552 3071 892 567 2179 728 848 1093 1500 674 248 1584 557 221 1027 165 276 981 563 418 448 351 336 172 150 3234 707 584 260 177 1208 990 494
internal_count=38147 9560 28587 25433 8886 6094 2792 3154 24756 677 21038 2074 18964 2207 1479 2587 3718 968 3887 653 340 5749 1668 4081 511 3367 2348 13215 5663 7552 3071 892 567 2179 728 848 1093 1500 674 248 1584 557 221 1027 165 276 981 563 418 448 351 336 172 150 3234 707 584 260 177 1208 990 494
cat_boundaries=0 6 12 18 24 31 37 39 45 47 54 60 66 72 75 77 79 85 91 98 104 107 113 119 126 132 134 140 142 144 146 148 154 158 161 163 169
cat_threshold=8519744 0 1073741824 2625544 67174420 2211968 205545602 539115520 134254592 589365250 2688598024 23593473 67110944 337128449 83886208 4194304 1073741840 2147483668 1074790456 734544385 2753032 536870916 268963842 4198400 268963848 2229264 2281701888 67113000 96 67436688 1 0 0 134217728 131312 24578 277151744 3238797348 3355975688 268468224 1237846017 67764497 2156531840 338296834 393536 2494335011 131072 276840468 27262976 536870912 605055488 545259521 41975936 20 8913168 67117136 4548192 18433 134479953 75513856 50596160 2147483748 2416198244 336592896 1258299924 32898 134226432 36864 290455552 16842817 0 50331648 268435657 1048582 8 1315200 537919516 8392832 1208485892 41091 2129920 4 16777216 0 1 0 16 2147483648 4104 0 327680 131080 4325392 2290089988 1082134728 548896 2097152 161 17039424 64 2416197700 335544320 512 130 2231509102 2158542916 3 528913 68171536 46138368 1073761285 4384 41963520 1537 68195072 46137352 1207960901 69921 42029076 0 12582928 2147483648 1073873080 0 8716288 1 134259202 32768 32 16777216 8 16777218 258 1152 2048 33554688 276826120 134217728 4640 1118208 134250512 16781568 8650752 144703496 131072 2097152 33685632 8226 0 67636224 67108864 0 0 20 0 150996992 131328 131072 32 2147483649 1 2283798531 536870912 1048592 134234112 655368 536870912 528384 4194304
is_linear=0
shrinkage=0.05


Tree=52
num_leaves=63
num_cat=39
split_feature=4 0 1 1 4 1 9 1 4 1 1 2 4 4 1 1 4 9 4 1 1 4 7 11 1 1 1 9 1 4 4 11 7 11 4 4 1 1 4 11 9 1 2 11 11 7 0 2 9 1 11 1 0 1 4 2 9 11 11 7 4 7
split_gain=40.093 36.9583 45.0629 35.3579 23.2564 30.6809 22.0854 74.1658 33.7228 33.0954 32.3095 24.1127 21.0542 20.3253 48.0863 27.9486 17.2506 16.5027 15.8294 16.7227 15.7079 14.6382 16.3434 15.4577 14.6199 12.7451 11.2997 10.6008 10.3978 12.6252 10.3647 10.2989 10.1583 9.7267 11.1605 9.45227 12.7365 12.4194 8.25681 14.3938 19.5196 12.088 8.17029 19.1349 13.4953 7.78454 7.78046 7.66278 8.04623 7.52139 6.31054 6.60717 5.83511 7.36307 5.82941 7.78572 5.79166 5.52163 9.14301 5.36672 5.19928 5.16874
threshold=0 2.017357837972714 1 2 3 4 10.500000000000002 5 6 7 8 9 10 11 12 13 14 4.5000000000000009 15 16 17 18 2.5000000000000004 10.500000000000002 19 20 21 11.500000000000002 22 23 24 10.500000000000002 4.5000000000000009 20.500000000000004 25 26 27 28 29 12.500000000000002 6.5000000000000009 30 31 18.500000000000004 19.500000000000004 1.5000000000000002 2.2665684557909516 32 6.5000000000000009 33 20.500000000000004 34 1.6795240822470288 35 36 37 1.5000000000000002 13.500000000000002 16.500000000000004 1.0000000180025095e-35 38 2.5000000000000004
decision_type=9 2 9 9 9 9 2 9 9 9 9 9 9 9 9 9 9 2 9 9 9 9 2 2 9 9 9 2 9 9 9 2 2 2 9 9 9 9 9 2 2 9 9 2 2 2 2 9 2 9 2 9 2 9 9 9 2 2 2 2 9 2
left_child=-1 3 17 16 5 -5 9 12 11 21 -10 -9 26 14 -11 -15 25 24 19 32 56 23 -23 -6 31 30 -8 -14 29 -18 -2 -3 42 34 -34 37 -37 -19 41 40 -40 46 44 -44 -4 -43 -21 48 -7 -41 51 -27 53 -31 55 -49 -20 -33 -59 -30 -22 -58
right_child=1 2 18 4 6 47 7 8 10 13 -12 -13 27 15 -16 -17 28 35 20 38 60 22 -24 -25 -26 50 -28 -29 59 52 -32 57 33 -35 -36 36 -38 -39 39 49 -42 45 43 -45 -46 -47 -48 54 -50 -51 -52 -53 -54 -55 -56 -57 61 58 -60 -61 -62 -63
leaf_value=-0.01576982742533118 -0.00037787562709995785 -0.024088072028769388 0.00013060418996845293 -0.0041176006212914227 -0.0040258456142140634 0.0063221049324781288 0.0010193983675348074 0.030863512616289879 -0.0098137253238762111 0.010391460339720894 0.0052916137812193736 0.0089494358685602415 -0.014175537315481813 -0.006455533162135086 -0.0030843254174871548 -0.0014001399131446492 -0.016697611745742566 0.016690317491497408 0.011301858384758168 0.02203359470047497 0.0065701198464340532 -0.0067593668738603757 0.0025163404753036412 0.011237207165870801 0.0137936562689005 -0.0098089589740134181 -0.009242917531557494 -0.0023139186960006333 -0.01909367187735166 0.0071316887281509317 0.014868464481126765 0.021153579744435647 0.0018108080393493431 -0.0042660809940610611 -0.0095721278511970102 0.0035734740332283191 0.018973922314923869 0.0017472312084234167 -0.010674846953913337 0.0066653886622739696 0.011794319076014671 -0.012488631178180243 0.0015925571188133093 -0.023005702424261011 0.006957483577961332 0.001716672251141871 0.0025315443821663178 -0.0036197683483621735 0.032687051515480077 0.021622994415812065 -0.013913981439843315 -0.00056189481835783317 -0.0068323108072152472 -0.0015290771687056005 0.010393400492360427 0.0068711489615653045 -0.013667183577429895 -0.022413114220421644 0.0078753727263193747 -0.010498866682548447 -0.0018649405190301338 -0.0031511323863890718
leaf_weight=252 386 98 1085 428 371 94 257 283 527 916 1432 1346 403 4277 1666 10131 112 396 71 217 719 702 898 1111 281 138 379 265 99 115 189 51 118 45 231 248 402 391 183 136 258 221 166 58 176 514 285 249 136 382 71 390 355 811 355 316 456 42 82 439 460 476
leaf_count=252 386 98 1085 428 371 94 257 283 527 916 1432 1346 403 4277 1666 10131 112 396 71 217 719 702 898 1111 281 138 379 265 99 115 189 51 118 45 231 248 402 391 183 136 258 221 166 58 176 514 285 249 136 382 71 390 355 811 355 316 456 42 82 439 460 476
internal_value=-0.000355205 -0.000220288 0.00274006 -0.00104395 -0.000451943 0.00541562 -0.000824858 0.00218724 0.00589216 -0.00155939 0.00144744 0.0111959 -0.00799087 -0.00242353 0.00165895 -0.00315578 -0.00608347 0.00927036 0.000646242 0.0024847 -0.00278285 0.00320181 -0.000124224 0.00676944 0.00198556 -0.00126689 -0.00139319 -0.0141593 -0.00899021 -0.00659301 0.00401709 -0.00618375 -0.000979354 -0.00812183 -0.00530086 0.0121434 0.0166667 0.00809285 0.00543971 0.00892673 0.00238095 0.00268645 0.000909091 -0.00769231 0.00247836 -0.0014094 0.00859375 0.00965517 0.0179167 0.0146718 -0.00632184 -0.00454545 -0.00507359 -0.00302376 0.00741935 0.00408696 -0.00735439 0.000857143 -0.00483871 -0.0149635 0.00113541 -0.00847639
internal_weight=38147 37895 8248 29647 26542 1578 24964 4892 3588 20072 1959 1629 1304 16990 2582 14408 3105 1991 6257 4075 2182 3082 1600 1482 554 1174 636 668 1931 1393 575 273 1879 394 349 1437 650 787 2196 959 441 1237 1485 224 1261 735 502 1150 230 518 599 528 1281 926 920 565 1003 175 124 538 1179 932
internal_count=38147 37895 8248 29647 26542 1578 24964 4892 3588 20072 1959 1629 1304 16990 2582 14408 3105 1991 6257 4075 2182 3082 1600 1482 554 1174 636 668 1931 1393 575 273 1879 394 349 1437 650 787 2196 959 441 1237 1485 224 1261 735 502 1150 230 518 599 528 1281 926 920 565 1003 175 124 538 1179 932
cat_boundaries=0 6 12 18 25 31 37 44 50 56 58 65 72 78 84 90 97 103 109 116 121 127 133 139 145 151 155 161 167 173 180 186 188 190 194 200 205 211 213 220
cat_threshold=1 16777216 0 2684372480 2097153 33554432 25305281 2105344 1075068932 19468360 100663318 2211841 71327906 2244672 134221824 589365250 3779117068 23069184 67373608 273165313 16777344 4202500 1615118420 2147484688 1 8519700 134219056 268699648 278528 67114032 544768 9764864 754983296 2458913080 3136 1281 42209536 0 1048624 4 135200 1024 276857088 32 537919500 3448244484 524568 2156396608 1153 397633 589301505 33555472 4211328 67239940 2 67636224 11207176 1573024 524288 16 0 131202 8192 268763136 128 2148140032 67239936 3095412736 142606528 546 537149572 36 420217344 574620816 280191552 335544320 134221826 524416 1359479360 570426368 10502756 67375112 470024706 589962 4096 5373960 512 1140850762 8224 277151760 4096 132112 2281701888 135224 24576 327680 1 1745911864 172507648 131592 4 593928 16777220 1074266642 12619777 151658496 2718171138 4096 100925440 139280 32 0 67240002 1024 75857920 128 8320 0 262148 16777288 67108864 67108992 0 134221824 570425344 1094713348 512 8650752 0 2147485728 1024 257 41947136 67125248 16448 0 555810818 536870924 6291456 90112 0 2281701376 0 0 32768 0 131072 0 72 0 8454144 0 0 134217728 32 548872 16 0 131096 8192 8716288 64 2097152 16384 17371136 0 65536 64 2097152 0 19398664 67108886 2162688 0 0 134217728 8 24576 327680 1 524802 64 419438624 536870914 4194304 100663296 66064 1086752 539754769 131074 524288 32768 4194304 33554432 0 16384 0 2 536870912 6291456 16384 0 0 16777218 536870912 8 4196352 16777216 0 4489280 1040 335683624 4218888 524288 0 536870912 67108864 0 343932944 160
is_linear=0
shrinkage=0.05


Tree=53
num_leaves=63
num_cat=35
split_feature=0 1 4 4 1 4 4 11 2 1 4 1 4 7 4 1 4 1 1 1 1 4 6 11 4 1 1 7 4 11 1 6 10 4 4 1 4 4 1 0 4 7 6 6 6 6 1 6 7 7 11 11 4 11 4 4 11 6 0 7 7 10
split_gain=34.0125 40.6254 24.8791 22.6501 22.1455 43.5663 25.4387 25.9988 20.8386 17.9766 25.242 17.6474 20.4402 21.6629 19.0467 19.9473 17.3833 17.4891 16.8564 16.1708 15.5301 13.4963 13.049 14.2602 12.5575 34.6361 31.2661 19.9139 17.8207 14.8755 12.3393 11.6062 11.4872 11.2855 10.9673 19.3049 10.1488 10.0578 9.67963 9.22762 9.1817 9.17989 8.64311 8.63051 13.334 8.52954 8.4524 8.23154 8.06521 7.93966 7.91243 7.67823 7.58298 7.19263 6.98189 6.84127 10.9515 7.33881 6.55058 6.52247 6.44198 6.34518
threshold=1.5716603543580625 0 1 2 3 4 5 9.5000000000000018 6 7 8 9 10 3.5000000000000004 11 12 13 14 15 16 17 18 41.500000000000007 7.5000000000000009 19 20 21 1.5000000000000002 22 13.500000000000002 23 16.500000000000004 1.0000000180025095e-35 24 25 26 27 28 29 1.4274475619457994 30 5.5000000000000009 365.50000000000006 158.50000000000003 67.500000000000014 158.50000000000003 31 732.50000000000011 3.5000000000000004 1.5000000000000002 17.500000000000004 7.5000000000000009 32 20.500000000000004 33 34 16.500000000000004 29.500000000000004 2.1827742420042049 5.5000000000000009 5.5000000000000009 1.0000000180025095e-35
decision_type=2 9 9 9 9 9 9 2 9 9 9 9 9 2 9 9 9 9 9 9 9 9 2 2 9 9 9 2 9 2 9 2 2 9 9 9 9 9 9 2 9 2 2 2 2 2 9 2 2 2 2 2 9 2 9 9 2 2 2 2 2 2
left_child=4 21 8 45 5 38 11 18 50 10 20 14 13 51 15 -6 -7 32 43 41 -5 -2 60 -24 25 29 28 -28 -26 -11 -23 -27 40 -21 35 -12 -19 -10 -1 -25 -18 54 61 44 -8 49 -36 -35 -17 -4 -3 -13 -40 -42 -9 56 -34 -57 -22 -32 -16 -15
right_child=1 2 3 9 6 16 7 19 37 24 34 12 -14 42 22 48 17 36 -20 33 58 30 23 39 26 31 27 -29 -30 -31 59 -33 55 47 46 -37 -38 -39 52 -41 53 -43 -44 -45 -46 -47 -48 -49 -50 -51 -52 -53 -54 -55 -56 57 -58 -59 -60 -61 -62 -63
leaf_value=0.0078394250038602009 0.029546801486089104 -0.011606637348702332 0.017050699408698435 0.005540101604551784 0.03284035382334427 -0.015278940577707456 0.0034304851013172823 0.00082820377350701919 0.0013785167398839143 0.0026432267391838962 0.0095276786970142861 0.0059074612670525634 -0.0085213414781734175 0.0011265606811834306 -0.011728514885412206 -0.0062721420444735061 -0.015877845338594664 -0.0070032249352373404 -0.013033320391819182 0.010622793090430871 -0.017183876195593969 0.015749972617864729 -0.020420325127314783 0.0012498803313059415 0.0079985219347072697 -0.005319602010176539 -0.0066039077200847566 -2.1730601539493578e-05 -0.00055900912328721297 0.014560640067309873 0.0069912663984323005 0.0014421322280731897 -0.00010400496467058429 -0.0004993623728043906 0.00042638914381888383 -0.0033649170161819675 -0.015312097466467119 -0.011431109551787728 -0.0077776767564195831 -0.0062034612255295329 -0.0048347050879690356 -0.0031681732196080616 0.0015633849312692517 0.010899397288444568 -0.014942904997313345 0.03409388487936689 -0.0051560243011368693 0.014644133881378963 0.0072893814330229015 -0.0051785541653089247 -0.015237779888194268 -0.0040178687269818497 0.0034442104783136032 0.0028662354417160643 0.007354588438146065 -0.0064205853772408839 -0.0096850600083028607 0.0029742829151156503 -0.0026269794083784437 -0.0052713591491180684 -0.017800292146467969 0.0078064779597025848
leaf_weight=382 110 140 59 109 103 248 103 331 330 1008 713 188 589 242 494 97 117 277 753 223 402 342 142 355 1387 582 2456 5446 863 1188 1318 5189 164 2087 727 498 638 257 221 846 764 161 55 181 106 212 1166 88 58 119 72 923 184 77 868 83 83 571 72 160 72 348
leaf_count=382 110 140 59 109 103 248 103 331 330 1008 713 188 589 242 494 97 117 277 753 223 402 342 142 355 1387 582 2456 5446 863 1188 1318 5189 164 2087 727 498 638 257 221 846 764 161 55 181 106 212 1166 88 58 119 72 923 184 77 868 83 83 571 72 160 72 348
internal_value=-0.000355205 0.000732197 0.000145621 0.000459335 -0.00240508 -0.00561665 -0.00109838 0.00139483 -0.00846724 0.000242941 -0.00293481 -0.00380363 -0.000785563 0.00192525 -0.00705099 0.00559701 -0.00834433 -0.00714799 -0.0052056 0.00340607 -0.0123946 0.00768041 -0.00878061 -0.00614296 0.000890838 0.00237558 -0.000275536 -0.00175683 0.0049115 0.00770626 0.00655738 0.000337312 -0.00430712 0.000913621 -0.00112396 0.00257985 -0.0128108 -0.00343384 0.00483061 -0.00437136 -0.00814196 0.00773723 0.00922481 0.00325 -0.00358852 0.01225 -0.00349448 -0.00020595 -0.00575758 0.00449438 -0.0216216 -0.00229523 -0.00060241 -0.0060517 0.00929942 -0.000277469 -0.00719844 0.00240964 -0.0163223 0.00450269 -0.0151943 0.00745763
internal_weight=38147 24925 22995 22196 13222 3809 9413 4901 799 21806 3687 4512 2345 1756 2167 258 3022 2774 1143 3758 583 1930 1909 1343 18119 7967 10152 7902 2250 2196 1820 5771 1859 2398 3104 1211 915 587 787 1201 958 1360 645 390 209 390 1893 2175 155 178 212 1111 405 841 1199 901 247 654 474 1478 566 590
internal_count=38147 24925 22995 22196 13222 3809 9413 4901 799 21806 3687 4512 2345 1756 2167 258 3022 2774 1143 3758 583 1930 1909 1343 18119 7967 10152 7902 2250 2196 1820 5771 1859 2398 3104 1211 915 587 787 1201 958 1360 645 390 209 390 1893 2175 155 178 212 1111 405 841 1199 901 247 654 474 1478 566 590
cat_boundaries=0 6 13 19 25 32 39 41 47 54 60 66 73 79 86 91 97 103 109 115 122 128 134 141 147 154 161 167 173 177 183 187 193 197 204 210
cat_threshold=277028864 553651200 1415053824 8917496 2149580820 2130048 16388 2228232 2 2889884162 1 33555712 16 67372544 33792 128 2099200 1082163200 524432 71631104 603981856 2592084480 539099426 2285895940 10485766 4104 131080 0 201326624 8224 537149440 33 268566528 7472136 2684354560 201472674 795649 573833216 160 8585892 8192 100683937 2147500548 33639513 67108868 1644177920 37753344 524288 67108864 2147483652 80 1088 276856832 129 131584 33563648 5374000 67108864 1073741904 1572992 268435456 1024 536870912 135200 525312 2359296 131072 131072 2147483648 130 0 33554432 160 512 0 1179648 0 0 1048704 24580 16 536870912 536870912 0 32768 128 67436544 536870912 2558525440 536870912 4194308 0 16785408 1180704 67108881 64 256 8519688 33554496 4326401 75497473 1107296336 132096 32 2147483652 72 67108864 0 4194304 131072 2097152 0 67108992 64 8388624 268505120 12582928 2155872772 135256 537396288 805421060 4 1210319618 167780528 17043456 2686582784 268828930 68168706 35840 1609984 134250884 16844802 88150216 65861 532488 0 536870912 160 8192 0 161 8585216 0 1073741824 8912896 20 2129920 16396 0 512 1048576 16384 272 5 131080 1048608 671088640 32 16386 262144 32 67108993 16384 81985 4 8704 33554432 0 0 2147483648 135168 0 75497728 4 2097160 0 201326592 65536 32 276824576 2228224 134217984 4 0 0 0 4104 33558560 516 33556496 67108868 1107296256 33554432 0 0 0 32 8200 0 516 16 64 67109120 1 0 32 0 131072 0 8388608
is_linear=0
shrinkage=0.05


Tree=54
num_leaves=63
num_cat=27
split_feature=4 4 1 3 1 4 1 4 9 1 1 9 4 1 3 3 1 9 9 1 9 11 9 1 4 1 3 7 11 1 9 1 3 9 2 6 11 6 11 4 9 6 11 7 4 9 6 6 6 11 1 6 7 11 6 10 6 7 11 6 11 7
split_gain=35.2135 27.8139 25.7964 27.4924 16.5065 27.0408 49.0318 26.8249 22.1539 80.9739 33.3219 32.9093 19.412 19.0514 17.7334 16.3607 16.0739 14.9848 13.9737 13.9632 13.0014 13.1795 12.9929 12.536 12.3451 12.2909 10.4969 11.0852 9.38034 14.2601 15.4561 13.4544 10.0744 9.30333 8.61744 7.8222 12.9507 7.77364 7.62644 7.26145 6.36673 6.95168 6.33433 6.10637 6.02791 5.56731 4.86369 3.70146 3.64049 2.57099 2.51842 4.92167 2.5118 2.45672 2.29462 2.05654 2.01566 2.83722 2.52738 1.78507 1.99906 1.74396
threshold=0 1 2 3 4 5 6 7 3.5000000000000004 8 9 1.5000000000000002 10 11 12 13 14 5.5000000000000009 5.5000000000000009 15 4.5000000000000009 18.500000000000004 8.5000000000000018 16 17 18 19 1.5000000000000002 9.5000000000000018 20 5.5000000000000009 21 22 5.5000000000000009 23 15.500000000000002 19.500000000000004 128.50000000000003 11.500000000000002 24 6.5000000000000009 221.50000000000003 17.500000000000004 5.5000000000000009 25 10.500000000000002 63.500000000000007 54.500000000000007 33.500000000000007 13.500000000000002 26 150.50000000000003 4.5000000000000009 10.500000000000002 192.50000000000003 1.0000000180025095e-35 126.50000000000001 3.5000000000000004 13.500000000000002 39.500000000000007 10.500000000000002 2.5000000000000004
decision_type=9 9 9 9 9 9 9 9 2 9 9 2 9 9 9 9 9 2 2 9 2 2 2 9 9 9 9 2 2 9 2 9 9 2 9 2 2 2 2 9 2 2 2 2 9 2 2 2 2 2 9 2 2 2 2 2 2 2 2 2 2 2
left_child=34 42 3 24 7 6 22 16 9 14 18 -11 -12 39 -7 -15 40 46 -10 50 59 38 23 -6 56 -24 27 48 29 33 -31 32 -30 -26 61 36 -28 -23 -22 -8 41 -4 53 -29 -37 -33 -18 -42 -9 -36 51 -5 -19 -2 -51 -52 58 -58 -3 -21 -61 -1
right_child=1 2 4 19 5 8 13 26 10 11 12 -13 -14 15 -16 -17 17 52 -20 20 21 37 25 -25 28 -27 35 43 31 30 -32 45 -34 -35 49 44 -38 -39 -40 -41 47 -43 -44 -45 -46 -47 -48 -49 -50 54 55 -53 -54 -55 -56 -57 57 -59 -60 60 -62 -63
leaf_value=-0.0063338299632101696 0.026941199892021195 0.010029199054634863 -0.0038213049549368108 -0.01926973321843364 0.001320800062623745 -0.017771333411505913 -0.0020125701637582873 0.016631379743144315 0.010147141557088664 0.0056851349486345629 -0.0046593286595841945 -0.002606844740082315 -0.00059695917233193452 -0.0014428877000889685 -0.0070571478029313184 0.0054489847109469138 0.002738931626485397 -0.017201267648976497 0.0010821191949625609 -0.014698581463423023 -0.0051361729342945918 -0.011914908796492442 0.0040436643768696377 0.012256844528954237 0.0032313313355009313 0.027440123648411797 -0.014317410689797173 0.0097237210768182369 -0.0061084421497133558 -0.016524997032229528 0.016589149309949952 0.0077662144551933435 0.0066942338430381115 -0.032984941563080274 -0.015871449712163834 -7.5503836383475362e-05 0.0025286125276624883 -0.01577761190965991 0.010906439126486367 -0.012879519518233318 -0.0049885914363722141 -0.017444175280266185 0.018893586332706283 -0.0077609327249792527 -0.0018459563218776621 0.01499859544922052 -0.011099112077993323 0.0058350915579261199 -0.0078632065125040541 -0.02123214048079082 0.0081478227330853744 0.021128137736181742 -0.01719767716138788 0.012493598301782084 -0.016178073876625395 0.014014419553849878 0.03161824350263414 0.012781297102935097 0.021276966668412192 -0.021031215460031186 -0.010346958161029502 0.00038990055668322034
leaf_weight=40 79 60 143 59 620 696 907 57 1026 1001 1486 1953 11298 1498 676 1181 56 276 4136 45 199 69 213 465 124 465 267 381 332 141 280 1275 508 157 101 1964 53 63 231 303 65 45 65 77 1311 294 103 171 130 43 75 50 75 180 64 63 75 41 65 70 136 65
leaf_count=40 79 60 143 59 620 696 907 57 1026 1001 1486 1953 11298 1498 676 1181 56 276 4136 45 199 69 213 465 124 465 267 381 332 141 280 1275 508 157 101 1964 53 63 231 303 65 45 65 77 1311 294 103 171 130 43 75 50 75 180 64 63 75 41 65 70 136 65
internal_value=-0.000433848 -0.000293309 -0.000421109 0.00316599 -0.000900085 -0.000418844 0.0026669 -0.00349151 -0.00120276 -0.00441516 -0.000429065 0.000269906 -0.00179772 -0.000474481 -0.0143994 0.00187802 -0.0111229 -0.0171154 0.00295824 -0.00383178 -0.00698663 -0.00284698 0.00956007 0.0062212 0.0053837 0.0150442 -0.00178824 0.0040458 0.00450176 -0.000569801 0.00522042 0.00599834 0.000823529 -0.00910653 -0.0168731 -0.00284327 -0.0103125 -0.0166667 0.00139535 -0.00565574 -0.00368664 -0.0106383 0.0140719 0.00829694 -0.00212214 0.00870804 -0.00471698 0.00169492 -0.00614973 -0.0229358 0.00642023 0.000420168 -0.0232194 0.0110039 -0.0294393 0.0108108 0.0161355 0.0215517 0.0124 -0.0165339 -0.0145631 -0.00391304
internal_weight=38147 37834 37510 4412 33098 27924 5652 5174 22272 4326 17946 2954 12784 3889 1372 2679 934 510 5162 1060 813 562 1763 1085 3352 678 4240 645 3111 702 421 2409 840 281 313 3595 320 132 430 1210 424 188 324 458 3275 1569 159 236 187 208 247 109 351 259 107 138 241 116 125 251 206 105
internal_count=38147 37834 37510 4412 33098 27924 5652 5174 22272 4326 17946 2954 12784 3889 1372 2679 934 510 5162 1060 813 562 1763 1085 3352 678 4240 645 3111 702 421 2409 840 281 313 3595 320 132 430 1210 424 188 324 458 3275 1569 159 236 187 208 247 109 351 259 107 138 241 116 125 251 206 105
cat_boundaries=0 6 12 18 21 27 34 40 47 53 59 66 72 74 76 81 87 93 100 105 108 114 120 122 124 130 136 142
cat_threshold=0 17039616 0 2684372480 10485761 33554432 512 531460 128 2097152 1073741824 655360 270573568 151558144 3305636100 9965768 8519680 205121 280956932 144728069 11 71320864 2684485792 310379080 606142466 3779092736 4194816 16849960 9478144 2306867712 8388616 541090368 268484756 4 8388610 11534341 140863488 16910352 470548668 17825794 28676 2097176 2147483648 1082138650 8256 49408 32 537139264 12599300 4538368 1124074497 100663367 58753026 687933952 67125824 163840 1392525317 35717195 35947524 536887296 69337088 8197 201328832 262144 2155873280 1 168886276 67109376 163969 436224037 33626112 10488836 9044034 2147483649 69246978 1074790472 67108896 0 268435520 538968064 557842432 268435456 134742016 84410368 524296 131072 131329 0 8388609 140836864 16777232 469762052 1048576 0 4194304 4 1073742016 1024 16 1 8388608 0 270336 2048 56 2149056547 1098915873 8 32768 150994944 2148007936 0 0 65792 268468224 524288 83886340 524360 131072 8257 10489856 8404992 294912 2099200 32 0 134217728 8 4218944 268435456 268566528 0 512 67113056 1536 8454144 0 134217728 67633152 0 0 131328
is_linear=0
shrinkage=0.05


Tree=55
num_leaves=63
num_cat=41
split_feature=0 1 1 4 9 1 1 1 4 1 4 1 1 4 4 4 1 4 4 1 1 11 1 1 4 4 9 9 2 1 4 9 4 1 9 4 7 1 6 1 6 1 9 1 9 6 1 4 4 1 1 11 0 6 7 1 7 11 1 6 4 6
split_gain=33.9403 37.3169 33.6456 25.3824 24.006 70.1416 37.1713 31.0022 25.1691 37.0892 24.4311 20.6243 20.5489 20.147 18.7586 17.7542 17.6648 17.5645 17.0653 20.5029 19.1187 16.2763 14.3003 12.3428 12.1837 11.799 11.3556 10.4812 12.2605 10.4602 10.3008 9.98428 10.9569 9.85389 9.74128 9.66115 9.58131 12.2135 9.93697 19.327 11.0449 9.8267 9.47851 8.91205 16.6358 8.86015 8.6397 8.56018 8.38174 8.06476 7.34935 7.31529 7.26669 7.24859 7.21813 12.2263 11.7427 6.95113 6.52025 7.69976 6.47434 8.0044
threshold=2.0126247855999897 0 1 2 10.500000000000002 3 4 5 6 7 8 9 10 11 12 13 14 15 16 17 18 18.500000000000004 19 20 21 22 11.500000000000002 11.500000000000002 23 24 25 9.5000000000000018 26 27 3.5000000000000004 28 1.5000000000000002 29 227.50000000000003 30 66.500000000000014 31 4.5000000000000009 32 2.5000000000000004 16.500000000000004 33 34 35 36 37 12.500000000000002 2.4019905445877838 66.500000000000014 4.5000000000000009 38 1.5000000000000002 15.500000000000002 39 166.50000000000003 40 269.50000000000006
decision_type=2 9 9 9 2 9 9 9 9 9 9 9 9 9 9 9 9 9 9 9 9 2 9 9 9 9 2 2 9 9 9 2 9 9 2 9 2 9 2 9 2 9 2 9 2 2 9 9 9 9 9 2 2 2 2 9 2 2 9 2 9 2
left_child=2 35 14 -4 7 15 26 24 9 48 16 13 -12 -10 23 49 -8 -13 19 31 36 22 -16 60 29 -11 -7 28 -21 34 -22 -3 -33 53 -5 -2 37 -20 39 40 -38 -40 58 44 -30 -41 57 50 -9 -6 -44 -48 -45 -26 55 56 -29 -17 59 -37 61 -1
right_child=1 18 3 4 5 6 10 8 11 25 12 17 -14 -15 21 46 -18 -19 20 27 30 -23 -24 -25 33 -27 -28 54 43 -31 -32 32 -34 -35 -36 42 38 -39 41 45 -42 -43 47 52 -46 -47 51 -49 -50 -51 -52 -53 -54 -55 -56 -57 -58 -59 -60 -61 -62 -63
leaf_value=-0.00076133279500940627 -0.0016814134330606634 0.0079888002466757986 -0.012634317156937254 -0.0039522932395296253 0.0090076629241878092 0.045199198989279113 0.025212162293625273 0.020908689091854771 -0.01059172057398703 -0.0058319161426810904 0.009426105703410426 0.00042460478652661671 -0.0014182795579031544 -0.0017708427254799265 0.0083517064725150414 -0.019972541952246899 0.0091561963127338112 -0.0020265688277931572 -0.0053595678269378558 -0.010195961416222012 0.0077416714796925308 -0.013335519135886754 -0.0030740235132086682 -0.0092267716145220998 -0.018391209969232325 0.00060916492320522715 0.0050894909018160189 0.0054538694298543857 0.011571524792087196 0.012809387535029427 -0.0033309714278227653 0.0069823788892182 0.024841754940592112 0.0023922390861233992 0.0091877975943755359 -0.0098489679609201422 0.01030025599340096 -0.013465938401924161 0.009782199628349076 0.0028759087192264002 -0.0063329916237185539 -0.003318388281509588 -0.0022781712467782713 0.0054594271688827474 -0.0029408615587509959 -0.013096100617141587 -0.02068939719145817 0.016331052464260087 0.0046587874158891427 -0.0051791775289602221 0.013319715561154345 -0.0024304673255976851 0.015863595664496299 -0.0035279738577851162 -0.0059871128146620212 -0.019894961105903233 -0.00056213379818286229 -0.0018584918946444595 0.01962074080723979 0.0089889433103563232 -0.01642783471841075 0.012504898465465675
leaf_weight=311 100 612 275 230 112 177 228 375 1621 476 938 4822 1456 3398 401 146 968 6608 222 104 902 296 795 600 149 710 196 58 207 511 394 107 149 910 849 151 186 263 106 56 216 233 130 1737 752 258 202 470 422 363 409 291 92 475 105 187 97 84 161 86 149 53
leaf_count=311 100 612 275 230 112 177 228 375 1621 476 938 4822 1456 3398 401 146 968 6608 222 104 902 296 795 600 149 710 196 58 207 511 394 107 149 910 849 151 186 263 106 56 216 233 130 1737 752 258 202 470 422 363 409 291 92 475 105 187 97 84 161 86 149 53
internal_value=-0.000494141 0.0022807 -0.00129574 -0.000770313 -0.000611741 0.00245108 0.00565064 -0.00134533 -0.00212558 0.00318615 0.00405556 -0.00276748 0.00112313 -0.00543846 -0.00671128 -0.00811258 0.00986733 -0.00159091 0.000744364 0.00276263 -0.00224877 -0.00299601 -0.00041806 -0.0116207 0.00325463 -0.00242475 0.0204961 0.000970439 0.00207469 0.0063125 0.00222052 0.0095672 0.0179688 6.47668e-05 0.00344353 0.00939354 -0.006 -0.0118557 -0.00336493 -0.00670391 0.000728155 0.00368732 0.0104799 0.00271623 -0.00118679 -0.0157407 -0.0130286 0.0131318 0.0114622 -0.000515464 0.0082878 -0.00884692 0.00475802 -0.00473186 -0.00615213 -0.00263158 0.00757576 -0.02125 0.0040201 -0.001417 -0.00564054 -0.00187166
internal_weight=38147 8550 29597 26992 26717 5161 3963 21556 18432 1983 3590 16449 2394 5019 2605 1198 1196 11430 7043 4207 2836 1492 1196 1113 3124 1186 373 3339 2892 1590 1296 868 256 1534 1079 1507 1540 485 1055 716 402 339 1407 2788 959 314 723 1009 797 475 539 493 1829 624 447 342 155 230 398 237 513 364
internal_count=38147 8550 29597 26992 26717 5161 3963 21556 18432 1983 3590 16449 2394 5019 2605 1198 1196 11430 7043 4207 2836 1492 1196 1113 3124 1186 373 3339 2892 1590 1296 868 256 1534 1079 1507 1540 485 1055 716 402 339 1407 2788 959 314 723 1009 797 475 539 493 1829 624 447 342 155 230 398 237 513 364
cat_boundaries=0 6 12 18 24 30 36 43 49 56 62 68 74 81 87 93 100 107 113 119 125 131 138 144 146 152 159 165 171 176 180 184 190 196 202 208 214 220 225 227 233 240
cat_threshold=8396993 8192 1075068932 2625608 100663316 2211841 71327906 539115584 2281738240 53542914 4210696 23069187 8388608 17039368 0 2684371456 1 33554432 8716288 218104064 311430440 3072 3221228804 42209536 1073741888 1 512 4240 537792544 2048 538017800 1306001412 67633416 8915008 2155905024 8786176 2416316424 71838721 2164260864 1212162180 1078198310 536887440 4 420216832 2181046304 271740000 268436480 67108962 101785728 8 48 516 4128 17472 8388864 33 268967488 544 2122308 604246016 772014752 1148032 1049620 37750816 2490369 142884928 471859266 1081472 16867328 1179664 0 4112 64 276889856 155648 2097168 671088640 1073881136 2 294912 160 524296 0 0 131074 0 268763136 18874369 1024 2121728 1 0 589824 91136 131104 679477248 8390744 524352 268763136 128 69632 132112 134218240 4152 24642 268763136 1 33282 2134016 157814816 16842754 4194304 67371008 1074823698 12636161 136970784 2734948352 4198400 67371008 8192 64 2147487744 50331648 4194304 514 67125248 64 134250496 2097152 0 6291456 24 16 512 67244098 4195392 8749072 129 2147614720 10240 2147483648 134217856 0 16 524288 2621568 536870912 219152388 67109128 2112 8388608 4096 524296 0 2147483648 67239936 0 75497472 160 0 0 0 24 0 65536 1114112 79691776 8 0 2147483648 8781824 8192 16 2147483648 16 24576 16 12582912 131584 2197815296 1073775104 4231169 2621472 2181038080 1081344 0 2097152 16777216 0 262144 688914480 147324928 268574728 0 65536 4194308 8650752 201326592 2048 0 2147483908 33558784 524288 0 0 40 0 8716288 131072 4205568 2147483648 134217856 0 16 262144 0 2048 1024 256 33558528 65 0 1327104 4096 33554432 1048576 8404992 8320 0 1310720 64 67108864 2097152 8192 0 0 131104 0 0 160
is_linear=0
shrinkage=0.05


Tree=56
num_leaves=63
num_cat=35
split_feature=4 0 1 1 3 1 9 1 4 1 3 3 1 1 1 3 1 3 1 1 3 4 1 1 9 1 4 4 6 4 4 9 0 9 0 4 7 6 7 7 1 6 6 7 6 3 9 0 1 1 0 1 1 0 0 7 7 6 1 6 9 9
split_gain=31.5946 28.3207 35.7736 26.6915 20.7715 19.0847 17.7187 55.6516 26.5312 37.1934 25.2653 24.9523 27.1861 22.5939 19.9051 16.9731 21.3762 16.9041 23.6528 15.7325 13.7813 13.3598 12.897 12.6543 12.5385 12.234 12.0793 10.8877 10.4939 10.4019 12.1397 10.0448 18.8709 19.7239 12.9097 10.5941 9.95963 9.86438 13.0839 9.00242 8.29564 8.15464 17.5257 10.0018 8.07681 7.50717 7.19274 12.0907 10.1176 9.90855 7.04448 7.00093 6.79569 6.66777 7.08543 6.60491 9.58077 8.36319 8.02582 6.74876 6.54649 6.52255
threshold=0 1.9963237975540058 1 2 3 4 10.500000000000002 5 6 7 8 9 10 11 12 13 14 15 16 17 18 19 20 21 2.5000000000000004 22 23 24 239.50000000000003 25 26 9.5000000000000018 2.3069454729611949 11.500000000000002 2.4019905445877838 27 3.5000000000000004 168.50000000000003 1.5000000000000002 1.0000000180025095e-35 28 60.500000000000007 20.500000000000004 1.0000000180025095e-35 237.50000000000003 29 8.5000000000000018 2.3351814270480746 30 31 1.6795240822470288 32 33 1.9387047941468907 1.8684907299567095 5.5000000000000009 1.5000000000000002 271.50000000000006 34 140.50000000000003 10.500000000000002 5.5000000000000009
decision_type=9 2 9 9 9 9 2 9 9 9 9 9 9 9 9 9 9 9 9 9 9 9 9 9 2 9 9 9 2 9 9 2 2 2 2 9 2 2 2 2 9 2 2 2 2 9 2 2 9 9 2 9 9 2 2 2 2 2 9 2 2 2
left_child=44 3 22 4 -2 15 8 10 9 39 14 40 -13 26 -8 16 -5 18 -4 46 -15 25 61 36 -20 41 -10 -24 -12 52 -31 34 33 -33 35 -21 -17 38 -18 -7 -9 42 -6 -43 -1 50 47 48 -19 -48 -23 -11 -26 54 -25 56 58 -58 -29 -57 -51 -3
right_child=1 2 17 5 21 6 7 11 13 51 28 12 -14 20 -16 23 37 19 24 31 -22 45 27 53 29 -27 -28 55 -30 30 -32 32 -34 -35 -36 -37 -38 -39 -40 -41 -42 43 -44 -45 -46 -47 49 -49 -50 60 -52 -53 -54 -55 -56 59 57 -59 -60 -61 -62 -63
leaf_value=-0.016564130363754849 -0.014520288253033697 0.0095104888508788406 0.0041881926918031108 0.019283174901095081 0.0053879677439704126 -0.00068419585120363955 0.0070981401599823912 -1.080324136972788e-05 8.5448348765959647e-05 -0.0066998510170447447 -0.00019154811928553397 -0.0065549533150367715 0.0051765035904247697 0.00032121548832174667 0.02738967910409423 -0.012308113619144249 0.016631616901385166 0.0027386677965150763 0.0035472928976530427 -0.0021508489250223971 -0.001927711758517925 0.010223106697281527 0.014704336560921561 0.00086324803058615562 0.0036084997795384267 -0.0068324166118777681 -0.0055645188543541422 0.017108310740033907 0.012476937580827819 -0.0065898135253486872 -0.016939056524534292 0.015520554387356967 -0.011731580291950639 -0.0013532107101820402 0.02075409849751746 0.0094009409592278118 0.0013785928121340107 0.01739761575353025 -0.0067664340345206415 0.010786552495564844 -0.0095610287613270284 -0.013568656042700467 -0.011281653495909528 0.0033506782827283591 -0.0065305415641808973 -0.0033909350556812715 0.010706496068236411 0.026187173168887946 -0.010594486167044993 0.012182377210132789 -0.0015326705904812445 -0.00016700061964019521 -0.0032440860663456974 -0.0069011831909427451 0.011756855384510257 -0.016054887252879724 0.0051305368424890089 0.027684774879121445 -0.0058241026824956688 0.014326727849627808 -0.0029925498483219406 0.014020863951869678
leaf_weight=146 227 157 980 379 77 132 524 141 831 261 698 807 1130 5865 384 302 138 350 334 767 5260 167 524 860 253 1002 4212 105 163 592 197 514 54 176 106 761 212 207 324 762 497 57 137 345 107 562 348 87 693 169 88 896 543 236 495 83 539 130 271 47 440 296
leaf_count=146 227 157 980 379 77 132 524 141 831 261 698 807 1130 5865 384 302 138 350 334 767 5260 167 524 860 253 1002 4212 105 163 592 197 514 54 176 106 761 212 207 324 762 497 57 137 345 107 562 348 87 693 169 88 896 543 236 495 83 539 130 271 47 440 296
internal_value=-0.000410255 -0.000290207 0.0020702 -0.00108182 -0.00583832 -0.000586955 -0.00109644 0.00177256 -0.00178111 0.00356623 0.00857223 -0.0029207 -7.70416e-05 -0.00246013 0.0143791 0.0030509 0.00822306 0.000406835 -0.00256102 0.0023352 -0.00119892 -0.00443763 0.00772433 0.000449173 -0.0057802 -0.00706388 -0.00523451 0.00564658 0.00235362 -0.00766562 -0.0117021 0.00510888 0.00994624 0.0121739 0.00293758 0.00176702 -0.00629771 0.00272459 -0.0012987 0.0111726 -0.0114198 -0.0014377 -0.00934579 0.00273632 -0.0176806 0.000785973 -0.000834526 -0.00353982 -0.00503356 0.0023511 0.00773585 -0.00235647 -0.00347395 0.00265459 0.00402214 0.00291139 0.00425837 0.00784753 -0.00212766 -0.00769231 -0.00153473 0.0152268
internal_weight=38147 37894 9516 28378 2662 25716 22563 4344 18219 2051 1769 2575 1937 16168 908 3153 1048 7364 2899 4465 11125 2435 2152 2105 1919 1618 5043 1699 861 1585 789 2378 744 690 1634 1528 514 669 462 894 638 616 214 402 253 817 2087 1130 1043 957 255 1157 796 1591 1355 1175 1045 669 376 130 609 453
internal_count=38147 37894 9516 28378 2662 25716 22563 4344 18219 2051 1769 2575 1937 16168 908 3153 1048 7364 2899 4465 11125 2435 2152 2105 1919 1618 5043 1699 861 1585 789 2378 744 690 1634 1528 514 669 462 894 638 616 214 402 253 817 2087 1130 1043 957 255 1157 796 1591 1355 1175 1045 669 376 130 609 453
cat_boundaries=0 6 12 18 21 27 33 39 45 48 51 57 63 69 72 78 81 87 93 96 102 108 114 120 127 133 140 146 152 156 158 164 170 176 182 187
cat_threshold=0 17039360 0 2684372480 2097153 33554432 8921155 2109440 1343504420 18878536 100663316 2736256 742416514 2244672 2281705472 53542922 574636040 6324227 268501440 1074790400 10 269647872 1222117381 67633424 3230140544 277352450 401664 2624592 33555968 2253312 470044689 69599264 1116288 526376 67775521 2566914048 138412160 1077936160 536920208 786432 637542400 280126504 67108897 201326704 43057152 10944514 2818572291 2 202977984 2147500114 8 25494272 83886384 303041544 1120 3221228612 8388608 527168 536871936 10674692 604246016 201785888 1117320 524288 0 2097152 470040577 67108864 1048704 363114572 1217404928 2 131072 1078462465 0 2147485696 524290 393216 2550675791 671137805 10 16809992 49216 138420744 67633153 268435466 51380225 17858616 13123585 8712 524292 528394 50331649 2634219882 27267072 9 524288 69206032 2818572288 135392 32 327680 8388608 0 1073741824 2097160 20 2211968 163840 1074266113 0 2147485696 0 131072 24576 0 134217728 2162690 0 2129921 151568 4194304 536871428 74 8913922 262404 32 0 0 134217728 4096 8192 67436544 663552 6291472 0 1073741952 1120 0 128 8 0 2281701376 0 8192 75497472 0 0 0 96 0 268500992 8650753 32 1114112 64 153092130 16441 32768 1 8192 0 8 16777216 17825792 8912896 0 0 4098 1 8388692 16 4456448 16384 16777220 1024 1073742368 0 0 2181038080 0 262150 0 2097152 4 4160 67108864
is_linear=0
shrinkage=0.05


Tree=57
num_leaves=63
num_cat=36
split_feature=0 1 1 4 4 1 4 1 1 8 1 1 4 1 4 4 1 4 10 6 1 9 2 9 1 1 4 9 4 0 4 4 0 11 4 8 1 1 9 6 1 11 2 9 1 6 1 9 9 1 0 4 2 6 6 11 6 1 6 0 6 2
split_gain=28.6599 36.3971 22.5492 47.7227 21.3079 27.0222 19.6175 20.0311 17.6186 19.072 54.5388 29.4778 23.0433 25.4223 20.2317 16.6996 15.7353 15.1366 14.8331 14.6882 16.3157 14.7071 25.9317 19.6906 24.6804 15.7994 16.7812 13.3791 12.7267 12.0798 11.9086 11.3197 13.31 11.2089 10.5868 11.8359 10.2355 10.1218 10.0065 9.88348 11.8686 16.7196 9.87422 9.7426 15.4369 8.79381 10.2428 8.48694 10.0915 8.31345 8.2898 8.23643 8.22445 8.17201 7.97501 7.90585 7.74815 8.95927 7.67325 7.66348 7.60527 7.3498
threshold=1.5716603543580625 0 1 2 3 4 5 6 7 1.0000000180025095e-35 8 9 10 11 12 13 14 15 1.0000000180025095e-35 528.50000000000011 16 1.5000000000000002 17 3.5000000000000004 18 19 20 6.5000000000000009 21 2.0498772613707485 22 23 1.2694119525683281 13.500000000000002 24 1.0000000180025095e-35 25 26 3.5000000000000004 52.500000000000007 27 9.5000000000000018 28 8.5000000000000018 29 16.500000000000004 30 2.5000000000000004 4.5000000000000009 31 1.5143348212778227 32 33 290.50000000000006 48.500000000000007 15.500000000000002 74.500000000000014 34 225.50000000000003 2.315550880581378 140.50000000000003 35
decision_type=2 9 9 9 9 9 9 9 9 2 9 9 9 9 9 9 9 9 2 2 9 2 9 2 9 9 9 2 9 2 9 9 2 2 9 2 9 9 2 2 9 2 9 2 9 2 9 2 2 9 2 9 9 2 2 2 2 9 2 2 2 9
left_child=2 17 3 37 5 18 7 47 34 11 51 14 16 -14 -10 53 -12 54 61 21 -21 22 -8 24 -23 30 -27 -17 29 -7 -25 32 -5 -9 35 -6 -26 -1 -16 40 41 -33 -37 44 -19 -24 -47 -4 -49 58 -43 -11 -30 -13 -2 -22 57 -50 -34 -46 -20 -3
right_child=1 4 6 31 8 28 19 33 9 10 12 15 13 -15 38 27 -18 43 60 20 55 23 45 25 36 26 -28 -29 52 -31 -32 39 49 -35 -36 42 -38 -39 -40 -41 -42 50 -44 -45 59 46 -48 48 56 -51 -52 -53 -54 -55 -56 -57 -58 -59 -60 -61 -62 -63
leaf_value=0.0099393037914385987 0.0069659305909116178 0.0026698699920144845 -0.0016869678195736261 0.0072326485810340849 -0.00073304787618507785 -0.01427354271336518 0.033704620592284969 -0.0065532282524501497 -0.0041832975564227498 -0.00063861817382336323 -0.014108825362828273 0.014337165648177486 0.0037046376737473355 -0.0056976151877939363 -0.0026791027633967014 0.00095968185667555383 -0.0070617618786758653 0.014109015546652127 0.0071378697444212658 0.00086614855729132969 0.0012626448301565063 -0.013893312874446756 0.0034981010503890189 0.0022002370169093817 0.0067329645862994284 0.00096052357130607116 -0.0048630946706626713 0.0060908078256241898 0.0053167903351946551 0.001906225474569051 -0.0021298609580344629 0.011336928935341307 0.0017691846344561558 0.002871500427009266 -0.0049692609538088857 0.018424628945307386 -0.0048534130500915767 -0.0015832354498002022 0.0048814750892200998 -0.0056390153603234133 -0.01239364977493509 -0.0050082847349457397 -7.4129842220671549e-05 0.014927477346647955 -0.0013027612112334942 -0.01652081816006043 0.00075434133302121342 0.011331572608110805 -0.0075476391461486887 -0.016948692463461503 -0.015666996303277732 0.011148747036061103 -0.0055490645055368748 0.038336454342102401 0.021997375651293827 -0.0013804134830232462 0.0076174717629675483 0.0050574808972636614 -0.017215617986724441 0.0086488954033448369 0.0022616459909766853 -0.0099333853531030254
leaf_weight=370 80 117 144 40 1636 216 128 545 1919 140 350 179 824 1112 760 3750 611 322 129 102 182 502 66 1546 103 863 2579 4453 128 57 1120 53 85 578 1352 238 545 311 2099 1226 273 106 258 612 772 107 208 192 125 256 64 1023 866 60 167 114 484 146 59 57 366 272
leaf_count=370 80 117 144 40 1636 216 128 545 1919 140 350 179 824 1112 760 3750 611 322 129 102 182 502 66 1546 103 863 2579 4453 128 57 1120 53 85 578 1352 238 545 311 2099 1226 273 106 258 612 772 107 208 192 125 256 64 1023 866 60 167 114 484 146 59 57 366 272
internal_value=-0.000402391 0.000595787 -0.00228407 -0.00622152 2.83533e-05 -0.0046969 -0.00119838 0.00296763 0.000519881 0.00117409 -0.00182266 0.00209531 -0.00548676 -0.00231244 -0.00104428 0.00386891 -0.011792 0.0070297 0.00201342 -0.00233028 0.00703518 -0.00281318 0.00540275 -0.00338936 -0.0093913 -0.00225933 -0.00449015 0.0034762 -0.00935787 -0.0189046 0.000635277 -0.00985267 -0.0171111 -0.00172109 -0.00271895 -0.000513539 -0.00273556 0.0052822 0.00162077 -0.00790993 -0.0139113 -0.00450644 0.00625 0.00532995 0.00264987 -0.00140665 -0.00492063 0.00776567 0.00955649 -0.02025 -0.0123529 0.007289 -0.00657371 0.0166667 0.0184825 0.000653595 0.00695364 0.000184502 -0.00844156 -0.00101311 0.00777778 -0.00526992
internal_weight=38147 24925 13222 2843 22915 2151 10379 2214 20764 17280 4060 13220 2897 1936 4778 8442 961 2010 884 8165 398 7767 509 7258 1150 6108 3442 8203 1267 273 2666 2162 440 1123 3484 2132 648 681 2859 1722 496 223 496 1763 1151 381 315 1091 947 400 170 1163 994 239 247 296 755 271 144 829 495 389
internal_count=38147 24925 13222 2843 22915 2151 10379 2214 20764 17280 4060 13220 2897 1936 4778 8442 961 2010 884 8165 398 7767 509 7258 1150 6108 3442 8203 1267 273 2666 2162 440 1123 3484 2132 648 681 2859 1722 496 223 496 1763 1151 381 315 1091 947 400 170 1163 994 239 247 296 755 271 144 829 495 389
cat_boundaries=0 6 12 18 25 31 38 44 50 56 62 69 75 82 88 94 101 107 109 115 121 128 134 141 148 155 161 167 173 175 181 185 190 196 197 203 205
cat_threshold=8593408 537398304 1414529536 8917496 2149711892 2130048 71696640 603981856 503321088 2097442 2285895936 10518550 8 131080 2147483648 67108896 25088 67371008 147540 69337088 2 3972014610 4194305 41977088 16 68190468 213909588 8644 33554432 67141707 42221570 727336 788769 16777216 1083179090 4210721 276857104 1 8454656 8320 5243936 603979857 1073741908 524288 369639469 2147500548 33688648 0 1644169857 4870656 1075839554 205533185 142676352 338053120 34 33882112 1080033872 205529153 142680192 1946437632 558082 100925442 8 0 536870912 64 8192 327696 160 553910400 33554640 16785440 2197815296 268440640 25167894 8917024 32 512 224 286752 67371008 128 32 1024 512 0 1074020352 144 554958848 8388624 16801792 2164260864 268439552 2048 0 0 0 67108992 64 8388624 128 0 0 2151677952 536870912 0 524288 67141632 524296 0 33562624 4456448 536875009 68 524416 513 9344 2492416 135249 2752 135552 268435472 1024 536871424 134217728 576 35717120 32 0 67108864 2 201335296 0 33588224 268435472 16 4 135208 525312 0 160 221184 32 536870912 82 0 268468224 128 4104 48 671088640 32 24610 327696 128 8388608 0 0 16 0 68157696 0 32 402653696 2097154 134217728 32768 262144 32 268435456 34 4194304 32772 36 9224 131072 536871936 5242880 8392992 20 2097152 1 0 4194304 536870913 0 0 402657792 0 4194304 0 0 0 131136 8192 268435456 66060 0 0 4194304 16 16 524288 144 36872
is_linear=0
shrinkage=0.05


Tree=58
num_leaves=63
num_cat=34
split_feature=4 4 1 4 4 1 9 1 1 1 3 1 1 7 3 4 3 7 4 3 1 1 4 3 9 1 1 2 11 11 7 7 3 1 1 1 9 1 9 3 4 7 3 2 1 7 11 11 11 11 9 9 7 11 9 11 7 11 11 11 11 11
split_gain=26.8787 25.3666 23.3612 25.8687 15.0941 52.6004 22.4182 47.5356 41.5103 25.1511 25.6313 24.7837 18.731 16.2521 14.6412 13.6834 13.683 13.6167 13.3512 12.6375 12.296 11.7678 11.5776 9.73001 10.7514 10.2593 9.19273 8.84529 8.45804 8.22934 8.03929 7.72778 7.22114 18.1358 10.1564 7.08077 6.7448 6.10137 6.03739 6.14854 5.7671 11.3158 5.74831 8.73379 7.82527 5.7038 5.35145 5.04263 4.65693 5.51744 4.48831 9.01341 3.95621 3.86567 4.69283 3.48951 3.19324 2.77441 3.81174 2.48735 2.40745 2.2483
threshold=0 1 2 3 4 5 6.5000000000000009 6 7 8 9 10 11 3.5000000000000004 12 13 14 4.5000000000000009 15 16 17 18 19 20 3.5000000000000004 21 22 23 9.5000000000000018 2.5000000000000004 2.5000000000000004 5.5000000000000009 24 25 26 27 2.5000000000000004 28 5.5000000000000009 29 30 2.5000000000000004 31 32 33 4.5000000000000009 18.500000000000004 12.500000000000002 9.5000000000000018 17.500000000000004 11.500000000000002 8.5000000000000018 4.5000000000000009 13.500000000000002 5.5000000000000009 12.500000000000002 5.5000000000000009 18.500000000000004 15.500000000000002 11.500000000000002 13.500000000000002 12.500000000000002
decision_type=9 9 9 9 9 9 2 9 9 9 9 9 9 2 9 9 9 2 9 9 9 9 9 9 2 9 9 9 2 2 2 2 9 9 9 9 2 9 2 9 9 2 9 9 9 2 2 2 2 2 2 2 2 2 2 2 2 2 2 2 2 2
left_child=27 53 3 18 5 37 7 13 19 15 -11 14 32 16 -10 -9 -6 -13 57 21 31 -8 -15 25 52 60 -26 61 38 -21 -27 36 33 -7 -34 45 -5 40 -20 -40 41 -4 43 -14 -44 -30 -38 -37 -29 59 51 -39 -25 54 -2 -33 -42 58 -3 -50 -22 -1
right_child=1 2 4 20 6 12 8 9 11 10 -12 17 42 22 -16 -17 -18 -19 28 29 23 -23 -24 24 26 30 -28 48 35 -31 -32 55 34 -35 -36 47 46 50 39 -41 56 -43 44 -45 -46 -47 -48 -49 49 -51 -52 -53 -54 -55 -56 -57 -58 -59 -60 -61 -62 -63
leaf_value=-0.0093265680084041406 -0.011086528435202053 0.012703626747272302 -0.0093784081617752871 -0.0095819939678667213 0.009602229332381463 -0.01984140231962303 -0.019148575113029021 0.0031518145942299736 -0.0133387244801778 -0.0038964492892735458 0.00041634781426948546 0.0010205504903887386 -0.00096055758012988663 0.00051102087112706029 -0.0034028904866022281 -0.0076569429032641084 -0.0026221045548516678 -0.0013308931643809419 -0.015170710766556262 0.025758130503485299 -0.019173379302847116 0.0040398050294357616 0.01129343478718934 -0.0064752860021557394 -0.012157764095893066 0.0013933119953949804 0.0056374862851522158 0.034366138570679064 -0.0011793287511604801 0.00757645801784761 0.017156077050401654 -0.0028758955811694908 -0.00033835668407219412 0.0034862170102724858 0.0093095808928864762 0.016747742646010113 0.00022559763002464318 -0.010018317099972782 0.016624613753587814 -0.012007015229495233 -0.0072523301592095444 0.014666834458978539 -0.0054800561783283769 -0.0070513916349162487 0.00030553426626253046 0.014996785839326577 -0.0071550443686817129 0.007564801129901844 0.023867080507237293 0.022576102497504125 -0.00058063627058240472 -0.015770733227588807 -0.023172902992498291 -0.013254444590612958 -0.0032948971564834006 -0.019990512248769202 -0.010512318198243187 0.01398156257861154 0.031910196271516922 0.010585017220983428 0.0031540991137114505 0.0052592642117256453
leaf_weight=44 44 158 95 91 459 107 106 260 208 3633 4190 8156 448 380 1403 2511 1200 2579 123 59 44 519 728 130 106 102 591 49 239 2303 96 57 313 151 574 237 597 249 142 115 422 82 370 316 1270 75 114 810 47 59 42 171 43 140 73 86 66 61 40 132 71 61
leaf_count=44 44 158 95 91 459 107 106 260 208 3633 4190 8156 448 380 1403 2511 1200 2579 123 59 44 519 728 130 106 102 591 49 239 2303 96 57 313 151 574 237 597 249 142 115 422 82 370 316 1270 75 114 810 47 59 42 171 43 140 73 86 66 61 40 132 71 61
internal_value=-0.000423362 -0.000560042 -0.000450571 0.00309328 -0.000889754 -0.00352113 -0.000459866 -0.00195719 0.000844584 -0.00347982 -0.00202349 -0.000437035 -0.000519809 0.00387108 -0.00619988 -0.00756922 0.000753466 0.000432759 0.00716418 0.00612279 -0.000748363 -0.00023622 0.00857401 0.0026404 -0.000113636 0.0100619 0.00265423 0.0124378 0.00551114 0.00779933 0.0168269 -0.00497382 0.00471861 -0.00261194 0.00685619 0.00738428 -0.00311721 -0.0128848 -0.00105263 0.00330739 -0.00940741 -0.0013369 -0.00302403 -0.00658915 -0.00133333 0.000617284 -0.00147679 0.00931883 0.0170034 0.0147059 -0.0175847 -0.0195238 -0.0112717 -0.0159176 -0.00982906 -0.0157343 -0.012249 0.017658 0.0212121 0.0103352 -0.002 -0.000434783
internal_weight=38147 37755 37498 4128 33370 4676 28694 13361 15333 10594 7823 12346 3549 2767 1611 2771 1659 10735 2000 2987 2128 625 1108 1183 870 313 697 392 1741 2362 198 945 1145 258 887 1361 802 1127 380 257 665 177 2404 764 1640 314 711 1047 287 238 462 420 173 257 117 143 488 259 198 179 115 105
internal_count=38147 37755 37498 4128 33370 4676 28694 13361 15333 10594 7823 12346 3549 2767 1611 2771 1659 10735 2000 2987 2128 625 1108 1183 870 313 697 392 1741 2362 198 945 1145 258 887 1361 802 1127 380 257 665 177 2404 764 1640 314 711 1047 287 238 462 420 173 257 117 143 488 259 198 179 115 105
cat_boundaries=0 6 12 18 25 32 38 44 50 56 58 64 70 73 79 81 88 91 97 102 108 110 115 118 120 122 128 134 140 146 147 153 156 158 164
cat_threshold=67371584 268966916 128 2097152 1073741824 134873088 0 16777472 0 2684356096 2097153 33554432 268541954 134776832 3305636100 1368920264 131076 131393 655360 6291456 671088640 67113082 9280 8388624 129 27418628 6553640 536879106 1141925906 8683524 2155873280 1 1075973249 21760 276834824 2293766 272891936 67217410 1082131456 1176502532 2140280 134348802 4232232 88150016 538970240 5185 146866688 2181300241 61153282 8445972 67125632 129 146870784 2181383185 729882624 8421524 2158108687 1107831875 1145061384 3825205508 248 0 3225455872 4718592 152305664 16777408 5457024 16384 65 34340992 67895333 2147516432 8 4104 67108864 512 0 96 278528 69992480 2148024320 0 4194304 134217728 67108928 64 16 1 2148040713 1610612760 2 106496 34816 4 17825984 4 131136 128 4096 512 0 8194 0 0 0 4160 64 335872000 2425364480 1082146816 2 134217728 67633152 8912896 131072 268435456 524288 2164260864 33562640 2099200 402653186 32 0 0 5373952 0 0 524288 17039360 64 17536 0 1 33554432 268435456 524288 2231369728 1342701568 0 256 1153 21760 268443648 2162692 268435456 67117058 2228224 131076 4194304 0 1073741824 262144 8388608 4260481 16417 1 1275177025 2166528 16384 585105425 2097216 671088640 2147487744 1048576
is_linear=0
shrinkage=0.05


Tree=59
num_leaves=63
num_cat=36
split_feature=4 2 4 0 7 4 2 4 9 2 2 4 2 2 4 2 4 2 6 4 2 4 2 6 7 2 6 2 2 4 9 2 3 2 4 2 3 6 7 2 2 4 2 3 4 2 7 0 9 7 9 0 11 0 6 0 6 6 9 6 6 9
split_gain=24.6661 24.0211 22.9732 22.0057 15.3952 40.316 47.3362 36.4959 33.527 40.3912 39.1361 30.286 29.6643 29.2759 24.6756 22.607 20.7208 20.5811 16.4456 19.3996 14.8811 14.4165 14.2736 19.7711 12.8364 16.1321 12.2486 20.6287 13.8113 11.5355 12.5422 12.8929 11.0529 10.6269 10.4293 10.3179 10.0249 9.33429 8.98113 10.4144 9.23153 10.3562 8.38124 9.26658 7.74391 8.92724 7.69862 7.01079 6.7756 16.0531 16.3738 9.41111 6.23469 5.78171 6.24642 5.65985 5.37778 5.1625 5.91595 5.10823 4.43938 4.37505
threshold=0 1 2 2.0126247855999897 3.5000000000000004 3 4 5 10.500000000000002 6 7 8 9 10 11 12 13 14 71.500000000000014 15 16 17 18 148.50000000000003 5.5000000000000009 19 152.50000000000003 20 21 22 11.500000000000002 23 24 25 26 27 28 29.500000000000004 1.5000000000000002 29 30 31 32 33 34 35 1.0000000180025095e-35 1.2776137475108016 6.5000000000000009 2.5000000000000004 8.5000000000000018 1.6120968893441727 18.500000000000004 1.9106913358725726 237.50000000000003 2.315550880581378 221.50000000000003 204.50000000000003 4.5000000000000009 166.50000000000003 152.50000000000003 6.5000000000000009
decision_type=9 9 9 2 2 9 9 9 2 9 9 9 9 9 9 9 9 9 2 9 9 9 9 2 2 9 2 9 9 9 2 9 9 9 9 9 9 2 2 9 9 9 9 9 9 9 2 2 2 2 2 2 2 2 2 2 2 2 2 2 2 2
left_child=1 -1 47 4 7 12 18 13 9 11 21 -9 35 44 17 -16 -11 -8 20 -20 -7 -10 23 37 25 -14 27 -15 -28 30 31 59 -33 -26 -12 -6 -37 -5 39 46 -40 -42 43 -32 45 -4 -31 -2 51 50 -50 -3 57 54 -49 -41 -53 -25 -59 -24 -44 -46
right_child=2 48 3 22 5 6 14 8 10 16 34 -13 24 26 15 -17 -18 -19 19 -21 -22 -23 29 52 33 -27 28 -29 -30 38 42 32 -34 -35 -36 36 -38 -39 40 55 41 -43 60 -45 61 -47 -48 53 49 -51 -52 56 -54 -55 -56 -57 -58 58 -60 -61 -62 -63
leaf_value=0.0298903215681257 0.00055752699551193106 -0.014455144383011931 -0.015290865323590775 0.0038563523812962909 0.0094230250180356804 -0.0031784837713746852 0.00015354820008965932 0.0026003309238900709 -0.00046578492327187249 -0.00034227555977876524 0.012405346076558077 -0.0045996175338023802 -0.0025337239277540228 -0.0050289644693521044 -0.0088933911084433607 -5.1650934764957416e-05 -0.008104232408005169 0.010791830775105133 0.0055152710576414025 -0.0044719926801223275 -0.021837474856077246 -0.011501044452352269 0.0019445875374150879 -0.0038449830973960042 0.0021541075243695861 0.0037127512646341456 0.0018308101472022332 0.010498258384813214 0.0162637368113701 0.0092241746304865709 -0.0045504692145538041 0.010240076328628035 0.0038104454256114306 -0.0087549266325499722 0.00047954821059434383 0.0025880178254892197 0.01024270588537237 0.027678246066297388 -0.012215458602801155 -0.010461680379758549 -0.0051378917484004305 0.0025634457747367168 -0.01318763656888532 0.0099031411716891116 -0.0017175445210794228 -0.0056112669412518249 -0.0071795384191466029 -0.015188508814917241 0.04615131047179695 -0.0068700275606405348 -5.3424825520376201e-05 -0.0049640317189977084 -0.0083070925705791398 -0.010144942554236348 -0.0091723775394556822 0.0090002895224815527 0.030272092688519138 -0.0035912819062055013 0.023325774624072107 -0.0027638403361618159 -0.0093206050861761713 0.0032507685104838703
leaf_weight=229 44 70 229 40 504 633 2642 2166 806 938 829 2769 366 1125 445 909 4294 1144 272 1165 390 432 775 40 110 1114 753 806 787 116 156 812 2732 432 372 863 288 135 113 598 216 1478 128 151 138 966 100 93 60 108 52 45 42 54 64 63 45 46 57 529 68 201
leaf_count=229 44 70 229 40 504 633 2642 2166 806 938 829 2769 366 1125 445 909 4294 1144 272 1165 390 432 775 40 110 1114 753 806 787 116 156 812 2732 432 372 863 288 135 113 598 216 1478 128 151 138 966 100 93 60 108 52 45 42 54 64 63 45 46 57 529 68 201
internal_value=-0.000449577 0.00945073 -0.000612549 -0.000508138 -0.00116311 0.00027933 -0.00180026 -0.00208676 -0.00351934 -0.00478509 0.00174252 -0.00152679 0.00457011 0.00152542 0.000932039 -0.00483871 -0.00784052 0.00300316 -0.00748988 -0.00407098 -0.0123656 -0.00448718 0.00174509 0.0113514 0.000492126 0.00290541 0.00406492 0.00142413 0.0074026 0.00129894 0.00263943 0.00342409 0.0049803 -0.00608856 0.00813377 0.00951952 0.00676141 0.0237143 -0.00137342 -0.00553022 0.000636414 0.00158451 -0.00487078 0.000473186 -0.00420984 -0.00609959 0.0039823 -0.015283 0.00153846 0.00727273 0.0205357 -0.00625 0.00027027 -0.0196682 -0.0245223 -0.0085693 0.00444444 0.00524476 0.011165 -0.000837139 -0.0126214 0.00243553
internal_weight=38147 609 37538 37283 28888 11277 7600 17611 12606 10167 2439 4935 3677 5005 5140 1354 5232 3786 2460 1437 1023 1238 8395 360 2022 1480 3471 1931 1540 8035 5351 4848 3544 542 1201 1655 1151 175 2684 877 1807 1694 503 307 1534 1195 216 255 380 220 112 160 185 211 157 661 90 143 103 1304 196 339
internal_count=38147 609 37538 37283 28888 11277 7600 17611 12606 10167 2439 4935 3677 5005 5140 1354 5232 3786 2460 1437 1023 1238 8395 360 2022 1480 3471 1931 1540 8035 5351 4848 3544 542 1201 1655 1151 175 2684 877 1807 1694 503 307 1534 1195 216 255 380 220 112 160 185 211 157 661 90 143 103 1304 196 339
cat_boundaries=0 6 8 14 21 23 30 32 34 40 42 44 51 53 60 62 69 71 77 79 81 83 85 92 94 97 99 106 108 110 112 114 121 123 124 130 132
cat_threshold=67371520 539652 128 2097152 1073741824 655376 2961342467 102400 1 17039360 0 2684356096 2097153 33554432 725000 78643456 268435460 1276125344 545800292 612368384 5 413212879 17941768 2164329780 4194320 2231370240 68 4212290 268796292 32 3393007328 17975336 2383773746 11332616 268460040 67239936 545259520 1086324906 262144 536871936 983892021 10430504 2284333991 1063076 0 4325408 671089152 135256 1536 82176 160 1611401520 8528002 4096 68157736 536870912 67239936 32 16384 148 3792076832 6555684 8192 8 2147483648 4160 8192 262144 128 270540993 50184 532488 0 0 135224 0 8388608 8388616 6373376 1576640 20976388 42107920 15074826 1880424520 6963200 86016 2228240 2281701888 67113128 16482 268763136 129 67964432 1703936 137363488 1073758209 1 1048706 4195330 0 0 4 135208 0 75497472 128 681836548 65568 134348808 671106064 131220 33280 268435456 32768 131104 4194336 536870912 1073741840 0 128 32 33554944 17831040 163840 16 0 2147483648 64 4194370 268763396 2097280 1056804
is_linear=0
shrinkage=0.05


Tree=60
num_leaves=63
num_cat=44
split_feature=1 3 9 1 1 4 1 4 1 1 1 4 7 1 4 3 1 3 1 3 1 1 11 1 1 1 4 0 4 1 7 0 4 3 3 1 1 9 7 4 1 9 1 4 0 2 11 2 3 2 0 0 7 1 0 1 11 1 9 4 0 1
split_gain=26.9019 44.2015 30.0436 49.3151 43.829 38.584 56.1114 36.973 52.4006 40.8463 32.0675 22.1586 23.7043 19.8555 19.6567 18.5791 22.2005 17.637 16.1737 15.891 14.4081 14.3121 17.0531 14.1109 13.4902 12.7185 19.4249 12.6518 12.5486 11.6764 11.4448 11.3654 11.1828 10.976 10.9507 15.241 12.8045 10.5895 9.86023 9.84049 11.8165 13.2148 11.326 9.8387 9.09153 9.63533 8.52074 8.37922 8.08135 8.05365 7.74439 8.41012 7.26653 10.8967 7.65485 9.60428 7.05245 6.95752 6.95635 6.92936 6.55529 6.47912
threshold=0 1 6.5000000000000009 2 3 4 5 6 7 8 9 10 2.5000000000000004 11 12 13 14 15 16 17 18 19 9.5000000000000018 20 21 22 23 1.4428812464197154 24 25 5.5000000000000009 2.1435140602162477 26 27 28 29 30 7.5000000000000009 1.5000000000000002 31 32 1.5000000000000002 33 34 2.3924084079696573 35 18.500000000000004 36 37 38 2.1745175357516193 1.9583932916267568 1.5000000000000002 39 1.827403222628935 40 10.500000000000002 41 5.5000000000000009 42 1.8804496160160493 43
decision_type=9 9 2 9 9 9 9 9 9 9 9 9 2 9 9 9 9 9 9 9 9 9 2 9 9 9 9 2 9 9 2 2 9 9 9 9 9 2 2 9 9 2 9 9 2 9 2 9 9 9 2 2 2 9 2 9 2 9 2 9 2 9
left_child=1 -1 4 17 39 6 19 8 27 52 33 29 24 -8 47 16 -12 23 -10 50 37 22 -16 -4 38 26 -17 -6 -25 59 -27 -23 -22 -7 35 -15 -36 -14 -13 40 41 -2 -41 49 45 -35 -30 -11 -31 -20 51 -5 53 56 -54 -56 -9 -29 -55 -3 -34 -45
right_child=2 11 3 5 7 10 13 9 18 14 15 12 20 34 21 25 -18 -19 43 -21 32 31 -24 28 -26 30 -28 57 46 48 -32 -33 60 44 36 -37 -38 -39 -40 42 -42 -43 -44 61 -46 -47 -48 -49 -50 -51 -52 -53 54 58 55 -57 -58 -59 -60 -61 -62 -63
leaf_value=-0.011017542554981569 0.025647414332772345 -0.011332905814971426 -0.0029101891614184416 -0.016811311483765988 -0.013339545925680039 -0.0073817706857508773 0.0021406495785178561 -0.016124765799950702 0.0087419901315747839 0.00041542572850235553 0.016359750107715045 -0.0035730439608028467 0.0020151059729314248 0.015466878413830799 -0.01213562461871478 0.025490477849538895 0.0035130823078332266 0.011616358819938012 -0.012555352537357648 -0.0067749444318707004 0.020469717182471148 -0.0031809752418269694 0.0041648111005788196 0.024927584482797017 -0.0069179209046237866 0.0015699041892615118 0.0031709242450737476 -0.01025030166408708 0.0063191711279279809 -0.004698273647607199 -0.0025919963964427528 0.01418201004042427 0.0023441870699897672 0.00071149669286854069 -0.0001219851794605209 -0.0015797385926086039 -0.0079459633656721717 -0.0081055215596589243 0.0067245417531299426 -0.0033888083381931611 0.019455022681959533 -0.0028717716165872877 0.0038323882191063311 0.015002816725669145 0.024774942648076528 -0.0045387058240375705 -0.013802714069920076 -0.014874470186181417 -0.0063295269554474731 0.001331150105970036 -0.0040351405816788756 -0.019565730778296916 -0.009074990882364898 -0.016385111203791936 0.0028682218692890451 -0.0072266341132263493 -0.001110877714781694 -0.0021358485886588288 -0.023565534429546356 -0.00011672376396142103 0.0092072623587494684 0.0021997060584171835
leaf_weight=235 65 100 599 268 72 333 696 97 987 112 221 413 250 213 289 214 450 1871 114 537 114 4854 948 291 885 3960 2077 243 144 647 569 306 899 1875 529 651 645 213 218 455 353 182 1668 101 40 985 42 340 568 705 50 92 897 235 117 565 232 731 79 714 317 475
leaf_count=235 65 100 599 268 72 333 696 97 987 112 221 413 250 213 289 214 450 1871 114 537 114 4854 948 291 885 3960 2077 243 144 647 569 306 899 1875 529 651 645 213 218 455 353 182 1668 101 40 985 42 340 568 705 50 92 897 235 117 565 232 731 79 714 317 475
internal_value=-0.000294912 -0.0035017 0.000254726 0.00167704 -0.00136644 0.000468262 -0.00394202 -0.00261811 0.00180337 -0.00428918 0.00198435 -0.00254301 -1.50648e-05 -0.000291545 -0.00236915 0.0037795 0.011674 0.00755834 0.00589465 -0.0143678 0.00387619 -0.00164664 0.0031676 0.00239411 -0.00461741 0.00298682 0.00601912 -0.00748106 0.0087269 -0.00664541 0.00144305 -0.00280464 0.00649254 -0.00217391 -0.0027832 0.00148741 -0.00591216 -0.00369979 0.00101404 0.00437248 0.01 0.00136187 0.00274262 0.00238434 -0.00116838 -0.0015035 -0.00153061 -0.0123377 -0.0097551 -0.00114596 -0.0219048 -0.025 -0.0101703 -0.0146967 -0.00839139 -0.00439883 -0.00752212 -0.00605749 -0.0212963 -0.00194175 0.00497553 0.00733788
internal_weight=38147 5573 32574 17352 15222 14405 3681 12499 3428 9071 10724 5338 3309 2734 6849 7491 671 2947 2382 947 1793 6397 1237 1076 1516 6820 2291 1046 477 2029 4529 5160 1330 3233 2038 864 1174 463 631 2723 600 247 2123 1395 2900 2860 186 452 1215 819 410 360 2222 643 1579 682 329 974 314 814 1216 576
internal_count=38147 5573 32574 17352 15222 14405 3681 12499 3428 9071 10724 5338 3309 2734 6849 7491 671 2947 2382 947 1793 6397 1237 1076 1516 6820 2291 1046 477 2029 4529 5160 1330 3233 2038 864 1174 463 631 2723 600 247 2123 1395 2900 2860 186 452 1215 819 410 360 2222 643 1579 682 329 974 314 814 1216 576
cat_boundaries=0 6 8 14 20 27 33 40 46 52 58 65 71 78 80 86 88 94 97 103 109 115 121 127 133 139 145 151 154 157 163 169 176 182 185 192 194 195 198 200 206 212 218 222 228
cat_threshold=105660456 537018912 2457868424 67108866 3779084544 4196352 4194497 1081360 268445698 524288 134284032 51122392 77799426 74308 1084227584 1309686020 86017136 276824320 37924 135424 540688 73531688 2952798208 201337556 565252 2155872256 160 1210192001 106967169 1049600 142607364 544 50630672 537417216 71827456 947912704 67111120 1077936226 545522048 133 151126544 8422400 134823936 3240380416 436797569 19931140 269494658 6291648 4194820 33821841 142746112 819280 8389632 3288344848 70681712 270534688 40024 2621440 4100 3145744 536870912 1073877080 66 276840448 165 9438208 16777232 16388 270551072 525400 2097282 131072 1049616 2147500036 1074790400 8913408 33570836 32 268435622 1075325012 129 37748737 4194304 536870913 268435456 34619392 3691581708 682639380 1089537 2153775296 5373956 4096 80 34340864 134754304 134217728 10 262184 0 136 0 4194560 4196352 537006592 8422400 134742017 1075972100 2057 3153920 2048 0 134283264 50331728 67108864 65600 262152 32 2424311944 2 1077936384 2048 18875008 30413953 524288 2147566853 134480416 8553744 8192 8389648 0 0 34 262400 524288 0 0 67108864 0 8454144 38027304 536870912 2184 67108866 16777472 4194304 8 131072 0 0 32 262144 1476395392 536920148 1 138944512 134217736 10 512 0 2359296 0 134217732 76038144 16875520 134217792 23724033 536870913 4096 1048576 655360 6291456 2147484160 1140981952 1024 276840448 128 1073741824 68157440 32 8388608 5152 135168 10485760 33562624 2097152 16384 0 134217728 80 0 545521664 128 2190543170 2365440 2183528464 2199584 134217728 10 69730304 262 256 64 4194308 262145 8388608 557120 2 2097152 4194816 1024 0 16 0 8421376 524288 264192 65537 8196 4096 2097152 536870912 1073741840 0 0 256 0 2 65666
is_linear=0
shrinkage=0.05


Tree=61
num_leaves=63
num_cat=38
split_feature=4 2 0 4 2 2 4 2 4 4 4 11 2 6 2 6 2 4 2 2 9 4 2 2 4 2 2 2 4 6 2 4 10 4 11 7 4 4 4 7 7 0 0 11 4 2 4 2 7 11 6 9 9 9 9 2 6 2 2 9 6 2
split_gain=26.2527 22.7569 20.7769 17.8032 14.5018 14.0353 24.2255 26.2765 20.1698 13.8224 12.0735 12.0712 19.387 17.5922 14.1148 11.9545 11.0869 12.8058 13.6743 11.0535 10.3242 17.2705 18.9529 16.0065 15.4505 15.4379 12.9833 10.2798 13.328 12.5137 10.1662 10.6752 9.85746 9.76876 9.66016 9.62959 9.54935 9.49229 9.05445 8.86405 12.8481 10.0312 8.68556 8.66467 8.59758 14.5764 16.1814 11.7444 8.97835 8.58742 11.3275 9.4577 8.18676 20.333 7.95769 7.61481 7.56078 7.48472 7.47858 7.42855 7.27195 7.33834
threshold=0 1 1.9963237975540058 2 3 4 5 6 7 8 9 9.5000000000000018 10 37.500000000000007 11 37.500000000000007 12 13 14 15 4.5000000000000009 16 17 18 19 20 21 22 23 212.50000000000003 24 25 1.0000000180025095e-35 26 12.500000000000002 1.5000000000000002 27 28 29 5.5000000000000009 3.5000000000000004 1.827403222628935 2.0402482021633248 8.5000000000000018 30 31 32 33 4.5000000000000009 14.500000000000002 107.50000000000001 3.5000000000000004 5.5000000000000009 6.5000000000000009 4.5000000000000009 34 208.50000000000003 35 36 9.5000000000000018 309.50000000000006 37
decision_type=9 9 2 9 9 9 9 9 9 9 9 2 9 2 9 2 9 9 9 9 2 9 9 9 9 9 9 9 9 2 9 9 2 9 2 2 9 9 9 2 2 2 2 2 9 9 9 9 2 2 2 2 2 2 2 9 2 9 9 2 2 9
left_child=1 -1 3 19 9 6 7 37 11 -4 30 12 -7 -14 36 -9 39 18 -18 43 21 23 -23 -8 25 -22 -26 29 32 49 44 60 -29 -21 56 -31 -13 -5 -16 40 -10 -41 -30 -2 47 -46 -47 48 -6 50 -12 -51 -33 -54 -36 -19 -3 -17 -39 -49 61 -32
right_child=2 34 4 5 10 8 20 15 16 -11 27 14 13 -15 38 57 17 55 -20 33 24 22 -24 -25 26 -27 -28 28 42 35 31 52 -34 -35 54 -37 -38 58 -40 41 -42 -43 -44 -45 45 46 -48 59 -50 51 -52 -53 53 -55 -56 -57 -58 -59 -60 -61 -62 -63
leaf_value=0.010051984653212359 -0.01353017391289976 -0.0095898911714485287 0.0029157215611920308 0.0027692535969217284 -0.0035740056272057122 0.0081193127196301403 0.0084625851571088068 -0.0022948991469440962 -0.0042993638037155451 0.023303214799913687 -0.0055804042648468499 -0.00093476166871865336 -0.021744086707655451 -0.0017997788900494971 0.013023015388237802 0.0091060723334412952 0.021353731237839724 -0.01179090028978187 0.001420195211226394 -0.0012495836038415977 0.00039253812078335896 0.00070148061677776654 -0.0075034258761055746 -0.0054623598011261766 0.00025516024565868658 -0.01010126540856543 -0.0021948248913493118 0.00096853139578689795 -0.014030516940381885 -0.0087411754443678154 0.012251741743642908 0.0028776387975630868 0.020654465084202503 -0.013553930855983854 -0.0060996285058988577 0.0071738548021753838 0.002169858371600364 -0.018920483517627942 0.0041841092292937863 -0.0023210265658931252 0.0012007953957843211 -0.015671797080139504 0.0012131442886282485 0.00075439695438852541 0.00035205351226380577 0.009828573598403301 0.022698160064662833 0.0084618349275604639 -0.0079217565292409864 -0.011398955409555496 -0.025539498712599553 0.0027248107758245932 -0.019230113852099939 -0.0010385740815301414 0.012527689964755473 -0.00033624282941254748 0.00068230402938178618 0.0035512511997599083 -0.0055044496000028259 -0.0023844714037603576 0.025261958287774913 -0.00096543531180470765
leaf_weight=716 49 143 258 311 391 342 270 268 2618 211 325 1869 290 847 381 454 123 105 655 127 333 629 2136 275 3776 550 3761 219 183 83 272 854 229 176 104 215 1112 141 2040 291 1054 123 356 222 696 857 232 968 109 99 144 227 238 1123 232 545 106 1086 591 411 145 451
leaf_count=716 49 143 258 311 391 342 270 268 2618 211 325 1869 290 847 381 454 123 105 655 127 333 629 2136 275 3776 550 3761 219 183 83 272 854 229 176 104 215 1112 141 2040 291 1054 123 356 222 696 857 232 968 109 99 144 227 238 1123 232 545 106 1086 591 411 145 451
internal_value=-0.000355205 0.00659802 -0.000602344 -0.0012922 0.00144148 -0.00110428 -0.00215544 0.00197483 0.000133011 0.00991649 0.000978839 0.00193731 -0.0020622 -0.00518745 0.00303591 0.00561056 -0.00211803 0.00166898 0.00596447 -0.00993151 -0.00316014 -0.0055287 -0.00711712 0.00261261 -0.00223278 -0.00845465 -0.00149066 -0.0023445 0.00135406 -0.00566636 0.00200533 -0.000113159 0.00764192 -0.0164537 -0.000756303 0.00302013 0.000718823 -0.00432099 0.00586179 -0.00344238 -0.00266885 -0.0103865 -0.00391621 -0.00231317 0.00378334 0.00626741 0.00987261 0.00140286 -0.00509804 -0.00899371 -0.0133262 -0.00276074 -0.00195506 -0.00437179 0.0047619 -0.00348485 -0.00823293 0.00733766 -0.0074124 0.0037797 0.00455581 0.00255878
internal_weight=38147 1301 36846 27550 9296 26976 14581 2851 12395 469 8827 6881 1479 1137 5402 1808 5514 1428 778 574 11730 3310 2765 545 8420 883 7537 2080 987 1093 6747 3083 448 303 585 298 2981 1043 2421 4086 3672 414 539 271 3664 1785 1089 1879 500 795 469 326 2215 1361 336 650 249 1540 732 1379 868 723
internal_count=38147 1301 36846 27550 9296 26976 14581 2851 12395 469 8827 6881 1479 1137 5402 1808 5514 1428 778 574 11730 3310 2765 545 8420 883 7537 2080 987 1093 6747 3083 448 303 585 298 2981 1043 2421 4086 3672 414 539 271 3664 1785 1089 1879 500 795 469 326 2215 1361 336 650 249 1540 732 1379 868 723
cat_boundaries=0 6 8 14 16 18 25 27 34 40 47 49 51 53 60 62 64 70 72 74 80 82 84 86 93 95 101 106 113 118 125 132 134 138 140 142 144 146 148
cat_threshold=84152864 572421 524416 2097156 1073758288 671744016 817266707 23311398 8405057 17039360 0 2684373504 10485767 35651584 276824328 6373376 447914135 4578692 2147485952 71434256 3028304388 1207967936 9760 276856832 36 277880835 4489344 269026316 5243192 16777216 68292808 4457472 67454212 129 524288 0 134217728 8 0 65536 277364736 16 671089152 4200 8226 277184512 129 536874056 9961984 3221291616 11665442 1677984072 11018760 8192 2097152 536870912 32 8192 0 32 589824 32 36044800 2103296 536879112 1048576 134217728 67108880 786432 262144 1089682 37120 167804928 16384 536879108 2097152 150994944 67108864 4718592 263168 3145746 377088 310517761 34944 67588 17863680 139272 0 2147483648 131088 0 4 32 33783940 17831712 0 0 536870912 8 2 268763136 8388608 262144 0 2048 8388610 65536 4194576 0 4224 1024 67436544 1 2147483648 0 536871424 8256 9248 0 5242912 0 67108864 1024 67371008 1 16384 0 536870912 8 34 277151744 128 33783812 1048608 0 0 0 4192 0 16778496 524800 32 134217748 70660 8192 32768 2099712 34820
is_linear=0
shrinkage=0.05


Tree=62
num_leaves=63
num_cat=39
split_feature=1 3 7 1 7 1 1 1 3 3 1 1 3 1 3 1 1 3 3 3 9 1 1 3 1 1 3 6 3 3 1 6 9 1 11 2 3 2 9 0 6 6 11 2 3 11 11 2 6 9 0 9 0 1 7 3 1 2 1 6 6 6
split_gain=22.4124 40.3447 22.2459 49.1938 26.4363 60.3293 47.7062 34.6812 30.265 27.4077 43.3753 39.8591 22.1489 21.8932 20.296 27.797 20.9657 20.0284 19.9815 18.4865 18.179 40.096 25.7058 17.5169 16.3159 15.3653 14.4646 14.1415 14.1135 13.7858 13.7855 13.2579 13.7939 13.1397 12.7839 14.8271 13.1751 14.3293 12.3326 12.4385 12.0889 11.2263 10.9986 10.9974 10.5479 10.2528 9.5409 9.27899 9.27893 9.15927 9.13651 8.93223 8.86078 8.59531 8.15726 13.2689 16.045 12.5623 11.6059 7.66667 7.64392 7.63655
threshold=0 1 5.5000000000000009 2 3.5000000000000004 3 4 5 6 7 8 9 10 11 12 13 14 15 16 17 9.5000000000000018 18 19 20 21 22 23 204.50000000000003 24 25 26 13.500000000000002 9.5000000000000018 27 10.500000000000002 28 29 30 9.5000000000000018 1.4859124666409558 35.500000000000007 29.500000000000004 9.5000000000000018 31 32 14.500000000000002 4.5000000000000009 33 243.50000000000003 9.5000000000000018 1.5109441130828716 6.5000000000000009 1.6278312671905362 34 1.5000000000000002 35 36 37 38 14.500000000000002 74.500000000000014 452.50000000000006
decision_type=9 9 2 9 2 9 9 9 9 9 9 9 9 9 9 9 9 9 9 9 2 9 9 9 9 9 9 2 9 9 9 2 2 9 2 9 9 9 2 2 2 2 2 9 9 2 2 9 2 2 2 2 2 9 2 9 9 9 9 2 2 2
left_child=1 45 4 44 6 17 12 8 61 11 28 31 33 34 16 29 -9 50 43 -17 22 -22 -13 38 26 -10 -12 -26 -11 -16 -20 32 -8 60 35 -5 52 -38 42 -40 -19 59 -3 -15 -4 -1 -33 48 -42 -18 -6 -44 -36 -46 55 56 -14 -57 -56 -32 -2 -7
right_child=2 23 3 13 5 7 9 14 25 10 24 20 54 18 15 19 49 40 30 -21 21 -23 -24 -25 27 -27 -28 -29 -30 -31 41 46 -34 -35 36 -37 37 -39 39 -41 47 -43 51 -45 53 -47 -48 -49 -50 -51 -52 -53 -54 -55 58 57 -58 -59 -60 -61 -62 -63
leaf_value=-0.014210225596578342 -0.018399497739048844 0.006267911509715552 -0.00039016700627638736 0.0032832967772245094 -0.008064455912586619 -0.0090612367748156737 -0.013117640070957313 0.0089970907978461079 0.0046727069872537939 0.012425603800631069 0.001437276279233979 0.001500595068275662 -0.0046022354322726505 -0.019528671561761801 -0.0090282694120729645 0.0041444198713946447 -0.00059402296998005151 0.0010734633860882137 0.0071818959482711775 -0.0015521309094227666 -0.0065213701223403205 0.0088560108247159718 -0.0059943722932882361 -0.0015877345410717837 -0.0014168636993495854 -0.0023164133764549399 -0.0090385735055796453 0.0042253045184950048 0.0048373788641900232 0.00015803078719191512 0.0003783316795722247 0.013043506005155926 -0.00051065505202793073 0.002556483432795853 -0.0090108994217237698 -0.014090301048215272 0.01218023940549718 -0.014352030470426059 -0.019508988501259206 0.011322764658273532 0.011362972172820077 -0.00031876603133148553 -0.00086578561823816855 -0.0042256238393384438 0.0025240606368374858 -0.0034656893406584096 -0.0067704962151907688 0.0092162206794686018 0.0076177590842996142 0.0075470882135752152 0.0017637395269244349 0.012587286520911324 -0.013805999704967582 0.012597082104274305 -0.0002960336056192059 -0.00091261689443207234 0.010190348989175297 0.019316011549581159 0.014132205372167139 -0.018391129396867711 -0.0048176338575869121 -0.0060882381890598192
leaf_weight=206 101 55 240 100 72 607 159 1163 395 253 355 1770 463 221 646 1191 974 438 456 525 499 1052 2455 4705 3614 313 1050 1456 1668 359 46 44 69 387 150 139 109 252 44 60 272 745 83 351 212 150 2677 1218 120 325 137 75 283 328 230 106 396 276 987 92 178 45
leaf_count=206 101 55 240 100 72 607 159 1163 395 253 355 1770 463 221 646 1191 974 438 456 525 499 1052 2455 4705 3614 313 1050 1456 1668 359 46 44 69 387 150 139 109 252 44 60 272 745 83 351 212 150 2677 1218 120 325 137 75 283 328 230 106 396 276 987 92 178 45
internal_value=-0.000370933 -0.00335932 0.000120504 -0.00351772 0.00058702 0.002875 -0.000407508 0.000434915 -0.00664234 -0.00144475 0.000594813 -0.00340584 0.00526484 -0.00646581 0.00230117 -0.000677408 0.00558252 0.00990296 -0.00325351 0.00318656 -0.000985137 0.00364281 -0.00268639 -0.00218601 -0.00136469 0.000557103 -0.00611307 -3.93701e-05 0.00717245 -0.00724138 0.000111193 -0.00812775 -0.0197368 -0.00281065 -0.0123202 -0.00230126 -0.0154912 -0.00768194 0.00902141 -0.00480769 0.0114189 -0.00352744 0.0161972 -0.0109966 0.00759494 -0.0193989 -0.00718486 0.0134783 0.020398 0.00118411 -0.00479452 0.00949367 -0.0213318 0.0114545 0.00745543 0.00463336 0.00109321 0.0122449 0.0103944 -0.0166667 -0.0108997 -0.0143505
internal_weight=38147 5378 32769 3724 29045 8800 20245 6543 1360 17121 8396 8725 3124 2944 5183 2721 2462 2257 1911 1716 5776 1551 4225 5022 6475 708 1405 5070 1921 1005 1339 2949 228 666 1033 239 794 361 317 104 2048 883 213 572 780 356 2721 1610 392 1299 209 158 433 540 2458 1241 859 382 1217 138 279 652
internal_count=38147 5378 32769 3724 29045 8800 20245 6543 1360 17121 8396 8725 3124 2944 5183 2721 2462 2257 1911 1716 5776 1551 4225 5022 6475 708 1405 5070 1921 1005 1339 2949 228 666 1033 239 794 361 317 104 2048 883 213 572 780 356 2721 1610 392 1299 209 158 433 540 2458 1241 859 382 1217 138 279 652
cat_boundaries=0 6 8 14 20 26 32 34 37 43 49 52 58 61 67 73 75 78 81 87 93 95 101 106 109 112 115 121 126 128 130 132 134 136 138 144 146 152 154 160
cat_threshold=105660456 537018400 2449479688 67108866 3913335040 4227072 4260033 1081360 1075905026 1296564864 1056 545527808 131147 2116800 286302212 68190337 20972320 1075925136 33554482 69760 536949760 2100228 1622021 143130696 8526860 131409 539034624 2100756 135381121 524320 138828 16778304 10559488 1621106689 3157989767 671106086 1 9439248 3356500241 151061776 16794881 337707008 16786436 1083181140 3456114689 20971552 1612726272 67371043 292992 75509763 1225261074 9 537964929 2147525888 3694597 153158692 67108868 1056768 1302790404 680042516 3 2177 3233808448 533508 679609413 67108864 69208341 8388817 3368550720 532484 176293957 67371009 75497732 68420000 8912908 1310855 144711752 2 2147516480 3223322633 8 0 4194320 2425920 1024 64 126878720 270565378 21532688 69665232 2147488800 590016 68748288 135266336 8396802 164358 16810112 8520416 33822720 33554560 524288 0 2098704 1130496 32 3652 1073741856 1082130433 10 16785408 8200 8 268480586 2097161 8 8388676 10485824 262400 2147631184 268439552 593922 536876032 2097152 1048576 64 8388616 35651584 102400 144834560 2097152 2099200 86016 537002144 137482 10518529 3758096392 1073741856 181764 0 71303296 0 536875008 9 2097280 138018816 538984457 536870912 2098176 1572868 524296 5128 272 1073741888 4106 0 4 49153 8388608 2048 131137
is_linear=0
shrinkage=0.05


Tree=63
num_leaves=63
num_cat=30
split_feature=0 3 2 2 7 2 6 2 2 3 3 3 9 2 9 6 11 2 2 2 3 6 3 9 2 3 7 2 2 2 3 6 3 3 6 11 7 3 3 0 9 3 2 3 6 0 7 6 3 2 11 7 11 0 6 11 9 0 9 9 9 0
split_gain=19.4192 14.9419 29.7824 15.3132 16.8095 19.4003 16.4975 22.044 13.6422 13.5333 13.16 11.935 16.008 16.3831 16.2945 16.0686 15.4855 19.1057 13.5445 13.3313 13.2516 12.8255 11.5137 10.8908 18.1463 21.4383 14.2746 19.9805 17.677 13.7733 13.6335 11.045 10.8236 10.41 9.94904 9.56522 9.46876 9.35762 9.28899 9.07437 8.82544 9.31935 11.3334 8.68811 10.452 8.5132 9.92134 8.40845 8.27253 8.22053 7.83814 13.7367 13.0974 8.11745 7.74516 7.61971 7.61097 7.59067 7.57024 7.45268 7.39075 12.0591
threshold=1.5716603543580625 0 1 2 5.5000000000000009 3 16.500000000000004 4 5 6 7 8 1.5000000000000002 9 2.5000000000000004 52.500000000000007 13.500000000000002 10 11 12 13 528.50000000000011 14 6.5000000000000009 15 16 1.5000000000000002 17 18 19 20 29.500000000000004 21 22 80.500000000000014 14.500000000000002 1.5000000000000002 23 24 1.6596388310122925 3.5000000000000004 25 26 27 80.500000000000014 1.4456063406144259 3.5000000000000004 277.50000000000006 28 29 10.500000000000002 2.5000000000000004 7.5000000000000009 2.0251479615563359 29.500000000000004 10.500000000000002 9.5000000000000018 2.5551327228518281 7.5000000000000009 2.5000000000000004 10.500000000000002 2.1827742420042049
decision_type=2 9 9 9 2 9 2 9 9 9 9 9 2 9 2 2 2 9 9 9 9 2 9 2 9 9 2 9 9 9 9 2 9 9 2 2 2 9 9 2 2 9 9 9 2 2 2 2 9 9 2 2 2 2 2 2 2 2 2 2 2 2
left_child=11 2 -2 6 23 37 7 -3 9 -4 35 12 19 14 34 55 17 -13 32 -1 -19 45 56 26 25 29 27 -5 39 -25 -29 -30 -18 -26 -14 -9 -11 -6 50 -28 -10 42 -42 44 -16 59 -47 -35 -20 -50 51 53 -53 -8 -52 -15 -17 -7 -44 -22 61 -39
right_child=1 3 8 4 5 57 38 10 40 36 -12 16 13 15 43 22 18 20 48 -21 21 -23 -24 24 33 -27 28 30 31 -31 -32 -33 -34 47 -36 -37 -38 60 -40 -41 41 -43 58 -45 -46 46 -48 -49 49 -51 54 52 -54 -55 -56 -57 -58 -59 -60 -61 -62 -63
leaf_value=0.024841130146251496 0.019126755537531626 0.007398176277997548 -0.00036550686386075396 0.0044675508703478474 0.00030662127692983044 0.001394324911608036 -0.0056136613825469306 -0.010229094737740497 -0.0067954517706056983 -0.01974355838791883 -0.010848432676008624 -0.00036585156869228808 -0.018194069332144038 -0.014822448043377612 -0.0079818659035757796 -0.010531919144888935 0.012902479815967094 0.0016010349424565029 -0.0051637780947419391 -0.00023500123458323476 -0.019335882214411404 0.0087381606593190057 -0.0010438452871211756 -0.013845502089325768 0.015247912673640174 0.0047469084380317222 0.04560135414499486 0.0027934550392963221 -0.0039198150702676243 -0.00027746409979654277 -0.0078162572535705466 0.00062730301480715686 0.0013253042028465003 0.004668242600154149 -0.00097488764909557104 0.019451170058763845 -0.0084621001203310404 -0.012692220501911705 -0.000734704214737536 0.0052425355506448452 -0.00078215722037001121 -0.0018868023818065184 0.0083716894966389867 0.00019203714997834411 -0.0016075096104654907 -0.018518203786246298 -0.0084359774089506796 0.01176521628939471 -0.0047259012271372754 0.0016443722035754838 -0.0052491987868692417 0.023026729130559417 -0.018525698776030133 0.0069573169646266059 0.017143597179407138 -0.0079947469260405694 -0.014516567633091299 0.023307025766158875 0.00058140936895680897 -0.0090258617557566739 0.00023713918485057661 0.0081833269503229725
leaf_weight=121 249 117 454 835 244 701 71 64 515 221 280 2617 142 147 185 176 299 265 864 320 116 52 1214 389 890 2350 43 304 362 1059 1032 1879 861 1745 104 46 401 504 4916 1777 602 881 276 2160 401 172 89 299 327 1686 44 42 113 68 442 263 67 42 497 574 119 52
leaf_count=121 249 117 454 835 244 701 71 64 515 221 280 2617 142 147 185 176 299 265 864 320 116 52 1214 389 890 2350 43 304 362 1059 1032 1879 861 1745 104 46 401 504 4916 1777 602 881 276 2160 401 172 89 299 327 1686 44 42 113 68 442 263 67 42 497 574 119 52
internal_value=-0.000402391 0.000419258 -0.00233804 0.000962138 0.00184477 -0.00288809 -0.00111862 -0.00976331 -0.00343531 -0.00819521 -0.01525 -0.00195129 -0.00378531 -0.00462029 -0.00229847 -0.0082845 -0.000718608 -0.00297297 0.0014491 0.0053288 -0.00798122 -0.010612 -0.00586822 0.00245295 0.0038473 0.00154937 0.000946727 -0.00232612 0.00269638 -0.00322359 -0.00609212 -0.000288761 0.00598291 0.00679348 -0.0146341 0 -0.0129747 -0.00769645 -0.000351124 0.0063388 -0.00156419 -0.000221631 0.00234657 -0.00120175 -0.00654362 -0.01204 -0.0197318 0.00477118 -0.000398337 0.00135937 0.00468354 -0.00170068 -0.0119355 0.00971223 0.00864198 -0.0170732 -0.0156126 0.00312085 0.00632184 -0.00913043 -0.0107299 -0.0133094
internal_weight=38147 24925 4096 20829 14626 1662 6203 507 3847 1076 390 13222 5300 4859 2992 1867 7922 3885 4037 441 1268 1003 1457 12964 6732 3798 6232 2171 4061 1448 1336 2241 1160 2934 246 110 622 919 5696 1820 2771 2256 1375 2746 586 951 261 2044 2877 2013 780 294 155 139 486 410 243 743 773 690 675 556
internal_count=38147 24925 4096 20829 14626 1662 6203 507 3847 1076 390 13222 5300 4859 2992 1867 7922 3885 4037 441 1268 1003 1457 12964 6732 3798 6232 2171 4061 1448 1336 2241 1160 2934 246 110 622 919 5696 1820 2771 2256 1375 2746 586 951 261 2044 2877 2013 780 294 155 139 486 410 243 743 773 690 675 556
cat_boundaries=0 2 4 6 8 10 12 14 17 20 22 24 26 28 30 31 33 36 38 40 42 45 47 50 53 55 57 59 61 63 65
cat_threshold=3728804555 688422968 67144968 2097280 537922990 336900 1143644673 17471496 1048616 4 1117258291 9437440 66250 134250528 36 0 8 749228489 1645215747 10 101712160 3147808 436248832 3145864 403701762 526336 67149824 524416 2147754020 2147508236 67113345 3389948432 13256840 2404384 1064960 11 102957632 31475872 3356336641 676008 1074528272 12582912 2396160 2147483648 8 2415951908 134275076 3440896 2155880448 8 18907136 1083179008 8 17870848 1074798598 3690987584 537395224 2147680452 20972042 134746369 570425346 40964 2172698636 288 1048712
is_linear=0
shrinkage=0.05


Tree=64
num_leaves=63
num_cat=35
split_feature=4 1 3 4 1 7 1 1 1 4 1 3 1 7 1 3 1 3 4 1 4 4 1 1 3 1 0 0 7 11 11 11 3 1 3 9 6 1 9 10 9 7 3 1 1 6 0 3 6 0 7 6 3 11 6 1 3 11 11 11 11 0
split_gain=24.1862 20.7539 42.9663 28.3552 21.132 17.1984 41.5751 22.3243 20.6948 23.5113 38.3057 17.1351 35.7972 28.7453 18.3228 16.0615 14.4474 14.1847 12.8618 12.2 11.9766 11.1794 10.9552 10.5443 10.4006 11.2497 10.216 10.0941 9.83036 11.4786 9.06312 8.72822 26.4368 14.9538 12.0867 8.45656 7.77912 7.85105 7.76176 7.53849 7.21122 6.99367 6.90175 19.9627 8.80814 7.78702 13.5051 6.82699 7.31741 6.76969 6.66588 6.53106 7.26684 6.29677 6.72115 5.99931 8.11895 5.85 5.80615 10.4631 5.37404 5.1378
threshold=0 1 2 3 4 5.5000000000000009 5 6 7 8 9 10 11 1.5000000000000002 12 13 14 15 16 17 18 19 20 21 22 23 1.3036146153508732 2.2264743304195709 2.5000000000000004 13.500000000000002 8.5000000000000018 20.500000000000004 24 25 26 4.5000000000000009 48.500000000000007 27 5.5000000000000009 1.0000000180025095e-35 1.5000000000000002 4.5000000000000009 28 29 30 16.500000000000004 1.5570129483767914 31 113.50000000000001 1.7836137041608733 1.5000000000000002 362.50000000000006 32 13.500000000000002 68.500000000000014 33 34 9.5000000000000018 17.500000000000004 10.500000000000002 19.500000000000004 1.4524165033143637
decision_type=9 9 9 9 9 2 9 9 9 9 9 9 9 2 9 9 9 9 9 9 9 9 9 9 9 9 2 2 2 2 2 2 9 9 9 2 2 9 2 2 2 2 9 9 9 2 2 9 2 2 2 2 9 2 2 9 9 2 2 2 2 2
left_child=26 2 38 4 -4 8 -7 24 18 10 55 12 20 -14 30 19 21 -16 23 -9 -11 -12 40 47 58 57 -1 -21 29 61 -13 33 -33 34 -20 -35 37 -25 53 -27 -17 49 44 51 50 46 -46 48 -3 -30 -5 52 -44 -2 -55 -10 -57 -26 59 -8 -52 -6
right_child=1 5 3 42 28 6 7 15 9 11 16 14 13 -15 17 22 -18 -19 31 27 -22 -23 -24 36 25 39 -28 -29 41 -31 -32 32 -34 35 -36 -37 -38 -39 -40 -41 -42 -43 43 -45 45 -47 -48 -49 -50 -51 60 -53 -54 54 -56 56 -58 -59 -60 -61 -62 -63
leaf_value=-0.0043771046596606357 -0.014310842778191328 0.0038532290585895357 0.018540613503809589 -0.0051771806729798316 0.0039386598842474779 0.0075386674937280634 -0.0088830389754003761 -0.013779040580415541 -0.010714938978487255 0.0018585146663714913 -0.0054419359938099104 -0.0016600353645925825 -0.0054637696056585644 0.0020259851794791352 0.0010267682385951132 0.022771611326820745 0.010699269078110385 -0.0012292494322505678 0.00076010164128039739 -0.0035600819655138951 -0.01224817119041615 0.0051625867496324362 -0.0010355087385722328 -0.0044299506167437717 0.013370059824416858 -0.0079243940288721317 0.015920268648485059 0.021015390910980005 0.010423408622481124 0.0037357178061238287 0.002115023144410394 0.002431698952188999 -0.001930921194399843 -0.00097058895244843684 -0.0064362676240296464 0.010941643084711284 0.0088247755381153821 0.02194464368347342 -0.013702507031548371 -0.013267162650606908 0.0044915342187452191 -0.00029937402500880285 -0.010644252458819337 -0.0099189750404436571 -0.021528442675612488 -0.0014094421475215669 -0.00034435635038999602 0.01244069919998665 -0.0086097850983763158 0.011091038101576956 0.013254610544664825 0.013881192307072847 0.011082710805945847 0.0075421142150461423 -0.013943162393744518 -0.0092010829119631554 0.0016460202136902803 -0.0046142841918484388 -0.0073975548796810344 -0.018885302985144695 -0.0071230934941273367 -0.015059722701992595
leaf_weight=45 79 215 211 111 40 710 58 241 227 118 211 940 848 1600 3822 40 1161 9512 779 490 868 965 915 135 45 218 335 40 181 153 4494 102 142 251 633 609 617 104 274 220 377 224 141 699 57 1681 70 149 130 94 207 66 114 49 51 272 350 195 89 127 48 198
leaf_count=45 79 215 211 111 40 710 58 241 227 118 211 940 848 1600 3822 40 1161 9512 779 490 868 965 915 135 45 218 335 40 181 153 4494 102 142 251 633 609 617 104 274 220 377 224 141 699 57 1681 70 149 130 94 207 66 114 49 51 272 350 195 89 127 48 198
internal_value=-0.000336855 -0.000464568 -0.00355191 -0.00198606 0.00490549 -1.96797e-05 -0.00320053 -0.00572594 0.00038969 -0.000129931 0.00387985 -0.000706825 -0.0039489 -0.000691619 -0.000111833 -0.0028159 0.00717938 -0.00110911 0.00379257 -0.00851472 -0.0119478 0.00320405 0.00052161 0.00772059 -0.0120582 -0.00843023 0.0120513 -0.00407407 0.00144444 -0.0044757 0.00233284 0.00166271 0.0106557 0.000704225 -0.00246132 0.00586207 0.0110855 0.00355649 -0.0180346 -0.0131696 0.00714286 0.00611222 -0.00436954 -0.00776699 -0.00274725 -0.00418042 -0.0161417 0.00178571 -0.00211268 0.0114545 0.00425532 0.00256798 -0.000980392 -0.0103352 -0.002 -0.00518044 -0.00253165 0.0004 -0.0204225 -0.0262162 0.00882353 -0.0113445
internal_weight=38147 37767 4748 4295 1101 33019 3765 3055 29254 25388 3186 22202 3434 2448 18768 2103 2337 13334 3866 771 986 1176 1332 1350 952 678 380 530 890 391 5434 2516 244 2272 1412 860 856 239 453 438 417 499 3194 1020 2174 1808 127 494 345 275 366 321 255 179 100 849 622 240 274 185 255 238
internal_count=38147 37767 4748 4295 1101 33019 3765 3055 29254 25388 3186 22202 3434 2448 18768 2103 2337 13334 3866 771 986 1176 1332 1350 952 678 380 530 890 391 5434 2516 244 2272 1412 860 856 239 453 438 417 499 3194 1020 2174 1808 127 494 345 275 366 321 255 179 100 849 622 240 274 185 255 238
cat_boundaries=0 6 12 14 20 26 32 38 44 51 57 59 65 71 74 80 83 90 96 101 107 113 119 121 126 127 133 135 140 143 148 154 156 158 162 164
cat_threshold=67371520 537604 67108992 6291456 1073741824 655360 104874088 537018400 2457868800 6 3913302784 4229120 4530625 1074823168 16 8519680 516 67108896 278560 537133072 67108864 0 512 6 1224737280 32768 1076429312 222823040 1024 545527824 131139 2113664 538227073 2155914496 1581061 220267552 75497472 1056784 2417012736 1583104 1158152452 159388040 67141632 140113 545332236 268437521 2306875392 9445444 49728 2415952132 4 2228740 16782913 134612161 268714096 76800 10486788 739252377 2717909039 1210191745 69210112 4203520 2181170177 5121 3686400 134351490 2164299072 2121857 2181039200 69777 76611584 2359431 144711752 2 671875200 41943184 2162688 2753560576 268439634 101781632 1090584640 2101248 8 655360 0 536871428 67240136 8288 75759632 33 4 64 278784 2147500032 268963844 524288 268451856 0 0 2560 524288 4100 16 0 9437184 64 32768 8388612 65 278528 2147631168 268963852 529412 45056 0 67633408 142606464 32768 80 144769152 1082130432 0 8396800 1048576 18875392 67108864 131072 269484032 1583104 16777220 150994952 67141632 256 67313888 3221225474 1048576 8192 4 16777216 67108864 75534376 538984454 9 64 536887296 2147487744 6 541065472 4210696 0 8390656 0 0 32768 8421376 679477256 2097152 2281701377 0 16781888 129 278560 2147745920 16387
is_linear=0
shrinkage=0.05


Tree=65
num_leaves=63
num_cat=36
split_feature=4 4 1 0 1 1 4 1 4 4 1 1 1 3 1 2 2 11 0 4 1 3 3 2 4 10 11 1 3 1 2 1 0 7 7 4 0 3 0 0 1 0 10 11 10 4 10 0 4 7 4 0 2 0 0 11 7 11 4 1 5 11
split_gain=23.2573 21.4029 20.0628 18.8392 23.6694 17.2344 17.1428 16.6079 22.9774 14.6181 47.1519 25.0968 21.1392 15.2323 13.9382 13.3579 13.083 12.6363 12.1847 11.0829 11.051 11.5796 10.9776 9.80035 9.72971 8.83396 7.87017 13.9919 7.73654 9.18296 7.04199 6.98296 6.94781 8.42864 6.57231 6.47379 7.52056 6.2334 6.03979 7.53361 5.95775 5.95089 5.78684 5.78557 5.68918 5.55964 11.1364 6.53706 5.32783 5.26017 5.16708 11.3393 8.74503 6.20082 6.08038 7.11025 5.11054 5.00961 4.61234 9.20652 5.78316 4.60799
threshold=0 1 2 2.1827742420042049 3 4 5 6 7 8 9 10 11 12 13 14 15 1.0000000180025095e-35 2.2600918182732426 16 17 18 19 20 21 1.0000000180025095e-35 13.500000000000002 22 23 24 25 26 1.7767273987473344 1.5000000000000002 1.5000000000000002 27 2.0577379942829914 28 1.2673147962594198 1.6944642783253936 29 2.2092187322940178 1.0000000180025095e-35 18.500000000000004 1.0000000180025095e-35 30 1.0000000180025095e-35 2.765106301759265 31 3.5000000000000004 32 1.634295548273905 33 1.74570285545726 1.8047386805284276 15.500000000000002 3.5000000000000004 11.500000000000002 34 35 2.5000000000000004 13.500000000000002
decision_type=9 9 9 2 9 9 9 9 9 9 9 9 9 9 9 9 9 2 2 9 9 9 9 9 9 2 2 9 9 9 9 9 2 2 2 9 2 9 2 2 9 2 2 2 2 9 2 2 9 2 9 2 9 2 2 2 2 2 9 9 2 2
left_child=23 5 6 7 45 -2 14 8 16 10 30 19 -12 -13 24 37 -4 -10 25 -11 28 -22 -19 -1 32 31 27 -23 29 44 -9 -6 33 -3 -26 36 -16 -7 -30 -40 -34 -27 -28 -18 -8 46 -5 -47 -25 -50 51 -17 56 -54 -53 -56 -52 -36 59 -20 -60 -58
right_child=1 2 3 4 18 15 20 9 17 11 12 13 -14 -15 35 50 43 22 58 -21 21 26 -24 48 34 41 42 -29 38 -31 -32 -33 40 -35 57 -37 -38 -39 39 -41 -42 -43 -44 -45 -46 47 -48 -49 49 -51 52 54 53 -55 55 -57 61 -59 60 -61 -62 -63
leaf_value=-0.00050911768801953914 0.00078324846785292617 0.0090603689342518955 -0.019539604470989902 -0.0034440249684374539 -0.005217023051050618 -0.0042946082835187529 0.016260284140168942 -0.0037427261630219922 0.020480937746318702 -0.00048512840751104849 0.0062650065022187562 -0.0011257792665733124 -0.00045406112387781362 0.0014014893621857262 -0.00014942732237476221 0.0052605774950195 -0.0025116247252126634 0.0025442996654892139 0.0066847217943074577 0.0042783853687728551 -0.016531419492476673 -0.039938476195538031 -0.0013795592037737503 0.008421177812491654 0.037789359490493425 0.030368781408534631 0.0046425309220108129 0.0038179113229647402 0.00023245628051351554 -0.0010802141689941537 -0.012895780468542062 0.01335161859002827 -0.0034875318291931467 0.0099186109754117804 0.015453634003471795 0.0059660411184175866 -0.0096862855922232871 0.009428848573273774 -0.010887924457485237 -0.0016476092176447522 0.010128746216220542 0.0069788649109807643 0.018603536310254087 -0.010809424343276353 0.0050572740012477914 0.015167801539055548 0.0058532535090969791 -0.0026344440331164789 0.025113387419573741 0.034828401590079529 -0.011312049256793688 -0.011927899200409485 -0.013577868469580374 -0.012022659134406711 -0.010661832278619894 0.005433088992113911 -0.0058185904698895181 0.0057740089312597331 0.0013490976763412266 -0.0065308824240182589 -0.010389751652450485 0.0015970372823475771
leaf_weight=116 321 132 136 126 248 108 52 1356 56 1039 1054 10830 3698 3041 219 70 513 541 109 2828 107 131 3393 110 73 165 290 451 52 152 712 157 145 237 57 318 55 115 410 483 144 205 419 159 49 461 266 55 111 50 133 66 154 105 53 40 41 99 843 319 109 60
leaf_count=116 321 132 136 126 248 108 52 1356 56 1039 1054 10830 3698 3041 219 70 513 541 109 2828 107 131 3393 110 73 165 290 451 52 152 712 157 145 237 57 318 55 115 410 483 144 205 419 159 49 461 266 55 111 50 133 66 154 105 53 40 41 99 843 319 109 60
internal_value=-0.000326369 -0.00045274 -0.000230112 -0.000646027 0.00308521 -0.00681818 0.00307222 -0.00103556 -0.00372296 -0.000508792 -0.00247438 0.000247915 0.000272995 -0.000745624 0.00735393 -0.0102094 -0.0113692 -0.00215 0.000207852 0.00380449 0.000613968 0.00362216 -0.0024911 0.0117128 0.0113155 0.00522581 0.00495772 0.000687285 -0.00289735 0.00475285 -0.00875842 0.000123457 0.00793413 0.0126016 0.0202929 0.0013289 -0.00422535 0.000643777 -0.00497382 -0.00599104 0.00224913 0.0108108 0.00853315 -0.00821114 0.0157658 0.00980392 0.00497512 0.013308 0.0169039 0.0230994 -0.0135246 -0.00648536 -0.0166004 -0.0232342 -0.0141509 -0.00591398 -0.00860656 0.0153846 -0.0026087 -0.00684932 -0.000623701 -0.00049505
internal_weight=38147 37760 36494 32419 3063 1266 4075 29356 4798 24558 6820 17738 4752 13871 1479 945 808 3990 2155 3867 2596 1398 3934 387 887 775 1291 582 1198 253 2068 405 658 369 229 592 274 223 945 893 289 370 709 672 101 908 392 516 271 161 722 229 493 259 159 93 234 156 1380 428 952 101
internal_count=38147 37760 36494 32419 3063 1266 4075 29356 4798 24558 6820 17738 4752 13871 1479 945 808 3990 2155 3867 2596 1398 3934 387 887 775 1291 582 1198 253 2068 405 658 369 229 592 274 223 945 893 289 370 709 672 101 908 392 516 271 161 722 229 493 259 159 93 234 156 1380 428 952 101
cat_boundaries=0 6 12 18 24 30 37 43 49 56 62 68 74 76 82 84 86 93 99 101 104 106 113 116 118 124 126 132 138 140 146 153 159 165 167 173 179
cat_threshold=67371520 535556 128 2097152 1073741824 134873088 2157986049 19136776 2 2685429250 10748421 2181038080 270706690 136841216 1158152448 9965704 67309696 131400 1098907681 4096 269500928 2149580800 30 2162692 9510928 8388608 5373952 536870976 4176 34078720 268959744 5242896 2684355076 134217840 9216 8683792 129 1111506976 151648 167776800 2097158 3779067974 6848516 269033472 131104 2281701376 201326736 4194306 805322752 537001984 75497504 2751479812 8525824 557056 75530624 176 67113088 33541 282233864 16924737 135014944 33818624 201331848 33541 4196360 16924992 135039520 67385360 16843520 3246399616 8209 2483290128 301990144 1 1275560129 1109917791 270696448 526336 256 8392704 67178496 256 1409851460 17302018 268967939 1048576 589836 1179648 134218240 1140850832 536870944 268713984 5 270696448 2048 256 1048704 67178496 256 1075314752 2147483648 2214592522 142663696 8 2181046272 2099200 524288 4194304 2147483648 112 0 8388624 128 0 134217728 524288 8388896 2147483648 0 0 256 0 67108864 256 311721986 20971520 0 0 262176 570425344 0 17039360 0 16 0 32 0 262144 1 16385 0 0 0 4096 67178496 256 524288 0 0 4160 0 0 128 67371008 526336 128 0 0 524288 2097408 2097152 0 0 8650753 2147483648 3145872 2098312 524296 0 0 136 8192 268697600 671088640 0 4194336 0 0 1048576
is_linear=0
shrinkage=0.05


Tree=66
num_leaves=63
num_cat=41
split_feature=4 1 3 9 1 1 4 1 4 1 1 1 4 1 3 4 4 3 4 9 6 1 1 4 2 1 4 9 2 0 6 0 3 3 1 2 6 4 1 0 1 6 7 1 1 4 6 6 2 9 1 7 7 1 0 3 2 6 0 3 7 6
split_gain=21.241 18.4861 37.1892 16.8839 44.5671 38.5802 30.4317 30.3738 28.8029 45.0409 26.3653 21.7135 19.821 19.3224 17.968 17.8353 16.9959 16.1126 15.1562 15.0366 14.0975 14.2414 13.2085 13.1326 12.948 12.8817 12.5843 12.0452 11.1794 10.5152 10.1123 9.72672 9.12339 8.64718 10.9384 8.5933 8.47325 8.85066 11.8609 8.96897 8.29289 8.24041 8.02868 10.965 10.823 7.82458 7.73063 11.8527 7.60746 7.4356 7.11578 7.03688 6.90854 6.68194 6.60865 6.55806 7.96932 6.28711 6.11147 5.88861 5.82223 5.77653
threshold=0 1 2 6.5000000000000009 3 4 5 6 7 8 9 10 11 12 13 14 15 16 17 5.5000000000000009 382.50000000000006 18 19 20 21 22 23 7.5000000000000009 24 1.6461340088033569 674.50000000000011 1.4859124666409558 25 26 27 28 14.500000000000002 29 30 1.5970205960089017 31 365.50000000000006 1.5000000000000002 32 33 34 136.50000000000003 55.500000000000007 35 4.5000000000000009 36 1.5000000000000002 1.5000000000000002 37 1.5159787241126848 38 39 23.500000000000004 2.0464731606825466 40 1.5000000000000002 17.500000000000004
decision_type=9 9 9 2 9 9 9 9 9 9 9 9 9 9 9 9 9 9 9 2 2 9 9 9 9 9 9 2 9 2 2 2 9 9 9 9 2 9 9 2 9 2 2 9 9 9 2 2 9 2 9 2 2 9 2 9 9 2 2 9 2 2
left_child=29 2 -2 5 12 15 7 55 9 26 14 17 13 46 -10 25 41 35 -11 -18 21 -13 -20 27 -22 54 40 49 60 -1 -16 -29 -17 -14 -35 -8 -25 38 39 -38 -7 -12 44 -44 -39 -30 47 -5 -19 -4 -34 -48 -40 -28 -3 56 -6 -56 -57 -15 -9 -27
right_child=1 3 23 4 6 8 11 28 10 18 16 20 33 59 30 32 19 48 22 -21 24 -23 -24 36 -26 61 53 31 45 -31 -32 -33 50 34 -36 -37 37 42 52 -41 -42 -43 43 -45 -46 -47 51 -49 -50 -51 -52 -53 -54 -55 57 58 -58 -59 -60 -61 -62 -63
leaf_value=0.00097383070746411286 -0.0095073972244178028 -0.013052757784837506 0.00098881290570286269 -0.010471164846071924 -0.013252025647740679 0.020701177978053986 -0.0048546592520660077 -0.00038860410473130492 -0.01356172203811932 0.0017699949129906134 -0.012568619355401279 -0.00021103285806627349 0.017745679276962689 0.016871915402144565 -0.005323900601984905 0.010181772957865133 -0.00035887624733401958 -0.0079936653079894348 -7.0144126440152563e-05 -0.0042799872701804968 0.017326150008143051 0.0028600381159234693 -0.0082875246458710278 -0.012738881099288958 0.0026430911007065297 -0.018206247440780209 0.0042014647629336098 -0.018448462854609028 3.9547815481588702e-05 0.021618548002187779 0.015715716605586284 0.0048661957882585594 0.0073848322911411191 0.01849635255975304 0.0060864426652789023 0.015192843931914536 -0.02080148854607819 0.0058668365424003888 0.0052025339381770071 -0.0085076402193861207 -0.0011760029743002943 0.00050135797765148431 0.0064356284397263271 -0.00063502141684939619 -0.0081120575477873439 -0.0065909242168762372 0.00023813676757981073 0.011670876423800536 -0.00063006297220775671 0.0059933444922589344 0.0018984311764998485 -0.011357088012254702 -0.0037272746478006604 0.0099114265183330944 -0.013696961395539959 -0.018431786449470262 -9.8072012311389855e-05 -0.00048801117114248007 -0.0038626130764847725 0.0011135057043552444 0.0085698598233286908 0.0055506803164944059
leaf_weight=114 464 104 49 245 100 100 112 85 396 462 185 4867 223 168 1959 254 5058 719 755 1476 337 4338 1096 197 499 95 420 65 422 168 43 95 444 680 921 233 116 211 139 106 335 43 577 1044 489 507 80 156 2181 92 975 174 447 607 48 234 129 224 54 211 242 778
leaf_count=114 464 104 49 245 100 100 112 85 396 462 185 4867 223 168 1959 254 5058 719 755 1476 337 4338 1096 197 499 95 420 65 422 168 43 95 444 680 921 233 116 211 139 106 335 43 577 1044 489 507 80 156 2181 92 975 174 447 607 48 234 129 224 54 211 242 778
internal_value=-0.000420741 -0.000524092 -0.00369422 -0.000139119 0.000912541 -0.00132749 -0.000175858 -0.00630959 -0.00249903 0.00117569 -0.00401309 0.000646811 0.00662483 0.00105364 -0.00851329 0.00385402 -0.00240697 -0.00290323 -0.00316401 -0.00192543 0.00179584 0.00123303 -0.00518538 -0.00196591 0.00801435 -0.000675139 0.0080163 0.00787781 -0.00205371 0.0130137 -0.00651093 -0.00125 0.00721925 0.00976009 0.00834885 0.0071831 -0.0028777 -0.00225312 -0.00672372 -0.0163793 0.000786517 -0.0155462 -0.000664951 0.00126465 -0.00514286 -0.00484558 -0.00413534 0.000124688 -0.00412371 0.0187943 0.00556333 -0.0110236 -0.00285235 0.0110415 -0.00829016 -0.0164137 -0.00899582 -0.00441176 -0.0218121 0.00989717 0.00578635 0.00266138
internal_weight=38147 37865 4091 33774 17917 15857 15059 1773 12935 3775 9160 13286 2858 1034 2398 2922 6762 3245 2313 6534 10041 9205 1851 3627 836 1249 1462 301 1256 282 2002 160 1673 1824 1601 345 3326 3129 808 222 435 228 2321 1621 700 929 655 401 2900 141 1419 254 586 1027 376 517 229 272 288 379 327 873
internal_count=38147 37865 4091 33774 17917 15857 15059 1773 12935 3775 9160 13286 2858 1034 2398 2922 6762 3245 2313 6534 10041 9205 1851 3627 836 1249 1462 301 1256 282 2002 160 1673 1824 1601 345 3326 3129 808 222 435 228 2321 1621 700 929 655 401 2900 141 1419 254 586 1027 376 517 229 272 288 379 327 873
cat_boundaries=0 6 12 15 21 27 34 40 47 53 59 65 71 77 79 86 92 94 101 107 113 119 121 126 133 135 137 140 146 148 155 161 167 173 179 185 187 192 198 201 203 204
cat_threshold=67109376 9220 128 2097152 1073741824 655360 105136232 2147631136 33558568 6 3913337728 4227072 1145381089 1074790468 2 268445698 557056 138937088 33820889 10690562 155725 1082261504 1310734596 2234515536 276824328 5156 136448 16400 77594888 822091776 201337536 7 8388608 1 1073774592 33566785 2159280192 2147614720 268439585 266242 807948320 71827456 947912704 2264 4718690 2753560704 37 538025985 541589504 272638981 84021296 268959760 118292608 805308802 4194816 415318528 117837969 277684226 2048 524288 1679821572 2216864976 270532896 5140 525056 147456 6291456 0 131224 24610 75759616 10240 32768 4194304 262209 8194 24641 402653187 1207984133 8 16 536870912 135170 4194304 67174400 32 65552 0 2147483652 537919488 8650752 33554452 8198 9445385 268435456 71827456 805306368 0 96 0 37 1234174997 50339840 269746176 755501056 100663368 117445634 153094404 25166865 9259136 167772224 65538 1048578 0 131080 516 1140850688 16416 262160 1074004368 104452 131072 2109696 2148532224 8 32 268451872 0 8388608 8 96 0 36 2350907412 56320 135799200 134217732 5505152 1073750021 2 8194 32768 768 4113 139266 64 1243611138 10485760 131072 2097152 2147483648 4232 64 268435456 1 71303168 32 0 4 3355443328 4227072 536870912 0 4195328 0 0 17301632 16416 32 32 4 2684387456 4227072 67371016 2147483648 0 4 1207961856 32768 16 2097408 16777216 201326592 2 8388608 672727336 262152 1073872896 134220032 2147483648 8388608 4132 536870912 524288 4194304 131088 524288 50856064 1074266112 134217729 1 1073742336 2101760 8421376
is_linear=0
shrinkage=0.05


Tree=67
num_leaves=63
num_cat=37
split_feature=4 4 1 3 9 1 4 1 1 1 4 1 1 1 1 4 4 3 7 4 1 6 1 3 7 4 9 1 1 1 4 3 6 6 9 2 2 6 2 3 0 2 1 1 6 0 6 9 9 3 1 9 0 0 9 9 9 6 9 6 7 4
split_gain=20.5526 17.8906 17.7543 25.8015 13.0543 65.9618 51.803 35.2079 34.2771 30.0276 21.3125 40.2621 38.644 22.0502 19.0832 16.8788 14.3449 12.8304 12.7933 13.331 16.157 12.5497 12.7072 11.0463 10.7726 10.2961 10.0221 24.5487 13.9292 9.92009 10.4822 9.87068 13.5038 9.78979 15.8274 12.6774 9.68226 9.17348 9.09867 8.97218 8.88332 8.26475 8.08918 7.96884 7.61726 7.58387 6.49174 6.41596 6.29218 7.50378 5.65286 5.65231 5.02569 4.72575 4.40566 6.69026 4.36683 9.01502 4.29049 4.2399 3.617 3.25006
threshold=0 1 2 3 3.5000000000000004 4 5 6 7 8 9 10 11 12 13 14 15 16 2.5000000000000004 17 18 59.500000000000007 19 20 4.5000000000000009 21 9.5000000000000018 22 23 24 25 26 410.50000000000006 144.50000000000003 10.500000000000002 27 28 13.500000000000002 29 30 1.9442889739971152 31 32 33 299.50000000000006 1.3179033682028891 76.500000000000014 10.500000000000002 10.500000000000002 34 35 6.5000000000000009 2.0275782011902819 1.46987244908157 4.5000000000000009 7.5000000000000009 3.5000000000000004 229.50000000000003 8.5000000000000018 115.50000000000001 1.0000000180025095e-35 36
decision_type=9 9 9 9 2 9 9 9 9 9 9 9 9 9 9 9 9 9 2 9 9 2 9 9 2 9 2 9 9 9 9 9 2 2 2 9 9 2 9 9 2 9 9 9 2 2 2 2 2 9 9 2 2 2 2 2 2 2 2 2 2 9
left_child=45 36 3 18 5 31 8 24 25 15 11 47 17 -13 -14 26 -9 -12 19 33 -21 22 -5 50 -8 -7 28 -28 -6 30 -23 43 37 35 -35 -3 -2 -33 -10 59 -24 54 -25 46 -38 -1 -4 -11 49 -43 -17 56 -50 -22 -20 -56 57 -47 -53 -31 -41 -45
right_child=1 2 4 21 9 6 7 16 38 10 12 13 14 -15 -16 23 -18 -19 41 20 53 29 40 42 -26 -27 27 -29 -30 39 -32 32 -34 34 -36 -37 44 -39 -40 60 -42 48 -44 61 -46 51 -48 -49 52 -51 -52 58 -54 -55 55 -57 -58 -59 -60 -61 -62 -63
leaf_value=-0.0016517471521622529 0.00064365776551841836 0.017775511058241357 -0.0084673317445137924 -0.0023492447505074291 0.0090624706389883358 0.018687343697773997 -0.01094150191346327 0.00013904715099224974 -0.00051812970697284744 -0.0085335122131814153 0.0029597936989345986 0.0030847976668268496 3.8174525766715433e-05 -0.00039705248883792902 0.0048185976814340897 0.00085994294057485936 -0.0060754305640529499 -0.0035216763390977682 -0.0080248423378406156 0.01189147700057065 0.019085670854064381 0.0049292776294305287 -0.015398946857684538 -0.00058222858983671968 -0.012153249354316515 0.0040572364487528436 -0.01118054160341464 0.016449128811519952 -0.001089935649195417 0.0022577945192505055 -0.00295908237216459 -0.0063567495095951283 -0.015255813365354177 -0.018200963089486728 0.0035278788132537819 -0.0044752871282275732 -0.011822648190540524 0.011477916841374659 -0.01304757715552783 -0.017676391438304014 0.0065868131040676126 0.0050066397530852185 0.0020707747140837006 0.012133829465454472 -0.00087047054727336099 -0.0021643528057587848 0.00072083479394798868 -0.001402492155149987 0.0033598975147782987 0.014043175810805353 -0.0087570832889871993 0.029132508189981865 -0.0038872694500952988 -0.00808831401977529 0.0041285348315391046 -0.0071105106980630887 -0.0049537216471847948 0.017844948011089334 0.017942526439298636 -0.0025195380414775427 -0.010361851408786144 0.00016110941863772821
leaf_weight=49 100 113 46 453 908 223 1203 1108 589 1313 259 853 4211 6064 4851 106 898 2303 90 215 44 395 323 1028 354 849 115 560 525 136 603 51 41 194 80 320 216 702 418 52 49 479 1614 135 83 48 63 341 283 166 181 86 63 193 108 161 55 47 102 454 286 189
leaf_count=49 100 113 46 453 908 223 1203 1108 589 1313 259 853 4211 6064 4851 106 898 2303 90 215 44 395 323 1028 354 849 115 560 525 136 603 51 41 194 80 320 216 702 418 52 49 479 1614 135 83 48 63 341 283 166 181 86 63 193 108 161 55 47 102 454 286 189
internal_value=-0.000360448 -0.000479216 -0.000365256 -0.00305503 7.62978e-05 -0.00185617 -0.00414013 -0.00779457 0.00213021 0.00060241 -0.000259837 -0.0021501 0.00113461 -0.000469179 0.00266755 0.00405191 -0.00337302 -0.00427683 0.000615324 -0.00323555 0.0034632 -0.00639261 -0.0115758 0.00158217 -0.0134333 0.00831793 0.00745987 0.0125185 0.0051291 -0.00420561 -0.000694444 0.00860954 0.0119403 -0.00746165 -0.0149635 -0.00288684 -0.0108802 0.0136122 -0.00447394 -0.00788913 -0.0183246 0.00392593 0.00260181 0.0023702 -0.0153722 0.0109572 -0.00882353 -0.00913462 0.00624376 0.00922481 -0.00757576 0.0139053 0.000867052 -0.00546559 -0.00257453 0.000557621 0.00666667 0.0131579 0.0196809 -0.004 -0.0143678 0.00628743
internal_weight=38147 37760 37361 5260 32101 6869 5642 3563 2079 25232 20195 8571 11624 6917 9062 5037 2006 2562 2509 1159 452 2751 825 2929 1557 1072 2108 675 1433 1926 998 1227 794 707 274 433 399 753 1007 928 372 1350 2642 433 299 387 109 1654 991 645 287 338 346 237 359 269 150 95 188 590 338 324
internal_count=38147 37760 37361 5260 32101 6869 5642 3563 2079 25232 20195 8571 11624 6917 9062 5037 2006 2562 2509 1159 452 2751 825 2929 1557 1072 2108 675 1433 1926 998 1227 794 707 274 433 399 753 1007 928 372 1350 2642 433 299 387 109 1654 991 645 287 338 346 237 359 269 150 95 188 590 338 324
cat_boundaries=0 6 12 18 21 27 34 40 46 52 59 65 71 77 83 90 96 99 106 111 117 119 125 130 136 141 147 150 152 154 156 158 160 166 172 174 180 186
cat_threshold=67371520 539652 128 2097152 1073741824 655360 2097153 17039616 2 2684372480 2097157 33555456 38289504 2147631136 41947176 536870918 3781223232 4227072 2282885418 27303994 10 1083244544 1074280464 2164793541 75497600 403443744 68305152 537423912 72482824 142606340 67113168 8912960 545275904 132 671361536 75497472 275791872 2466254889 75498497 42272834 136749057 50332864 275922944 2552234032 24 34148482 268577282 210239488 1073824512 1132466377 196737 327752 537018368 73400344 687874053 201341168 787458 8405376 32 1686110216 1645216772 2434796560 68026368 34078720 17854481 1077215489 2132880 67674309 3147776 268288 657664 2199808 2132736 67633348 67584 262144 526848 16815252 4198464 2551578640 402720048 403177488 68158976 8192 16 134217732 4152 64 33040 129 1024 2097168 0 131112 32 268435456 67117090 1073741841 1 131076 8 0 67108896 0 262400 128 524288 2147483648 8388608 536870916 320 64 16416 4104 536870912 4194880 4194304 1344807048 2147483652 20480 1179648 0 128 0 8388608 8192 201326592 0 8388608 1 139264 134217728 81920 33554497 65665 65600 524288 2147483648 40 536870914 3760234816 0 2097152 2147483648 135248 64 276824064 2163044 2283798529 8 532484 8 393216 2099200 2290485332 15735840 8486912 536887297 537919490 18440 131584 0 82432 33554624 65664 65600 0 0 2147491840 0 268435456 67125248 134348800 2097152 2 8388608 256 16777281 0 65536 8192 0 0 16 0 268500992
is_linear=0
shrinkage=0.05


Tree=68
num_leaves=63
num_cat=38
split_feature=4 4 2 1 3 9 1 4 1 1 1 4 4 1 1 1 3 11 3 1 4 2 1 9 2 1 7 2 1 3 1 5 7 1 11 9 7 4 4 11 3 1 3 10 1 5 11 9 11 11 4 9 11 4 9 7 11 4 9 7 9 2
split_gain=18.3998 16.1134 21.3002 17.1194 24.3436 13.8653 63.756 36.8542 32.1422 27.8973 24.4842 19.8948 18.8941 44.0006 23.9886 20.822 18.748 18.4025 14.4716 13.407 12.3196 12.3116 11.2172 9.92947 15.9803 10.0933 9.6887 8.78217 8.30705 8.23891 7.60554 7.56753 7.34161 10.6029 8.34065 7.19055 7.52815 6.68321 6.58191 6.53319 6.46036 6.0363 5.81408 6.05364 11.4143 5.56822 5.15605 5.12509 4.85801 5.49684 4.59202 9.87662 3.68939 3.6296 3.54523 3.39605 3.25231 7.61607 5.84362 4.17297 3.37651 3.12638
threshold=0 1 2 3 4 3.5000000000000004 5 6 7 8 9 10 11 12 13 14 15 18.500000000000004 16 17 18 19 20 1.5000000000000002 21 22 1.0000000180025095e-35 23 24 25 26 2.5000000000000004 3.5000000000000004 27 11.500000000000002 9.5000000000000018 4.5000000000000009 28 29 12.500000000000002 30 31 32 1.0000000180025095e-35 33 2.5000000000000004 15.500000000000002 11.500000000000002 8.5000000000000018 19.500000000000004 34 6.5000000000000009 16.500000000000004 35 7.5000000000000009 3.5000000000000004 14.500000000000002 36 6.5000000000000009 3.5000000000000004 8.5000000000000018 37
decision_type=9 9 9 9 9 2 9 9 9 9 9 9 9 9 9 9 9 2 9 9 9 9 9 2 9 9 2 9 9 9 9 2 2 9 2 2 2 9 9 2 9 9 9 2 9 2 2 2 2 2 9 2 2 9 2 2 2 9 2 2 2 9
left_child=27 2 38 4 30 6 17 10 40 11 29 32 13 20 16 -15 -14 23 -10 -16 -11 -12 26 24 -5 -25 -13 -1 56 -8 35 -19 34 -34 -7 48 47 41 -2 54 -9 -30 46 61 -45 -24 -32 -37 -3 -50 51 -41 -52 -29 55 -4 57 -6 -58 -59 -60 -44
right_child=1 3 39 5 28 9 7 8 18 12 21 22 14 15 19 -17 -18 31 -20 -21 -22 -23 45 25 -26 -27 -28 53 37 -31 42 -33 33 -35 -36 36 -38 -39 -40 50 -42 -43 43 44 -46 -47 -48 -49 49 -51 52 -53 -54 -55 -56 -57 58 59 60 -61 -62 -63
leaf_value=-0.011487262868690652 0.0016609696746584524 -0.016638856640615096 -0.0093567569417253305 0.032452781056847048 0.0026141300060975817 0.00011177162257377527 0.003786408152999199 -0.0049242701767782671 -0.0083591958211517992 0.0066023481403390434 -0.010381404321536431 -0.030004886243843832 -0.010692623801961426 -0.0054346931334763315 0.0022859368611138297 0.00054848273433557031 -0.0019818521622168238 0.025841288432349299 -0.00023251474619118695 -0.00037259522785343391 0.014922566703533108 4.8544950358997419e-05 0.00078502000674921532 -0.0024566724212297442 0.0024313219622694952 0.0061747312418170778 -0.0028128009583700932 0.0037951274249953398 0.0069174162592505863 0.018943007018004079 0.0090019885717227861 0.0054627120702712808 0.013561435710795062 0.0032716813978411474 0.0079404770767806613 0.022410039666735517 -0.0038319406546257319 -0.0046878933038678522 0.023664472821938287 -0.017861119580994633 -0.014107442192569486 -0.0031746526307635803 -0.0042041993969948567 0.02431101901144013 -0.0033009993814205221 0.023612949686805319 -0.0012884374394163069 0.0021092803111135263 0.0043531699832371484 -0.00086763102169199477 0.01945346043225693 0.0049401452478154088 0.0019298364547505609 -0.0025308926233251375 -0.014624286838170786 0.010391962449121063 -0.0045998701236431962 -0.011763169960697293 -0.017005442666654404 -0.018499520142082438 -0.012559375433701871 -0.0037985298443502236
leaf_weight=213 110 63 96 105 100 879 420 380 851 1875 365 74 558 1697 1870 4636 2246 182 1498 7888 448 1152 464 305 243 318 424 108 102 195 73 66 446 952 1354 124 60 1070 336 44 926 140 192 117 449 41 44 47 275 69 116 56 128 221 129 52 101 104 47 61 96 346
leaf_count=213 110 63 96 105 100 879 420 380 851 1875 365 74 558 1697 1870 4636 2246 182 1498 7888 448 1152 464 305 243 318 424 108 102 195 73 66 446 952 1354 124 60 1070 336 44 926 140 192 117 449 41 44 47 275 69 116 56 128 221 129 52 101 104 47 61 96 346
internal_value=-0.000357826 -0.000224644 0.00580316 -0.000402211 -0.00363144 -3.95521e-05 -0.00201256 -0.00420045 -0.0072442 0.000495126 0.00102708 0.00400517 -0.000273224 0.00152319 -0.00151129 -0.000638499 -0.00557925 0.00834011 -0.0037092 -0.000337838 0.00739391 -0.00239031 -0.00222113 0.00530381 0.012069 0.00152488 -0.00748031 -0.00942029 -0.00772802 0.00936 0.000401284 0.0205645 0.00572645 0.00858369 0.00396328 0.00478395 0.0119048 -0.00552194 0.0140351 -0.000237718 -0.0135258 0.00198413 -0.00190902 -0.00305206 0.000530035 0.00300971 0.00826772 0.0172515 0.000859951 0.00319767 0.00436047 -0.00454545 0.00787402 -0.0039823 -0.00595668 -0.000675676 -0.0131985 -0.00962264 -0.017623 -0.0157143 -0.0241259 -0.00687732
internal_weight=38147 37605 1067 36538 3680 32858 7006 5787 3655 25852 2132 4634 21218 8656 12562 6333 2804 1219 2349 9758 2323 1517 1003 971 348 623 498 542 1821 615 1859 248 3631 1398 2233 638 231 1312 446 621 1306 242 1221 1104 566 505 117 171 407 344 344 100 244 329 277 148 509 265 244 165 143 538
internal_count=38147 37605 1067 36538 3680 32858 7006 5787 3655 25852 2132 4634 21218 8656 12562 6333 2804 1219 2349 9758 2323 1517 1003 971 348 623 498 542 1821 615 1859 248 3631 1398 2233 638 231 1312 446 621 1306 242 1221 1104 566 505 117 171 407 344 344 100 244 329 277 148 509 265 244 165 143 538
cat_boundaries=0 6 12 14 20 23 29 36 42 48 54 61 68 74 80 86 89 91 97 103 105 111 113 119 121 126 129 135 141 148 153 155 158 160 166 168 174 181 183
cat_threshold=2097152 17563656 2 2684380672 10485765 33555456 67375648 48132 8913024 2097152 1073774672 134873232 817004595 21073922 37896384 2147631136 41947176 1048582 3779379712 4229121 1211240448 564133907 8 1075380225 1073757200 2164785345 75497472 403181600 68288768 540684 74579968 134217732 67113168 786432 276873216 132 136585984 144703488 268713984 2466250793 8389961 42009666 268445730 209747968 1073742592 1132466377 42139777 17104968 2400256 570425472 271597568 2415919152 8 593922 532480 2097200 134217732 67244088 1024 8454400 129 293667084 9568288 2415919616 1083310090 541327904 2952888324 32 2818576920 56623109 16778240 204080128 67108906 41971842 1677722120 1646272517 2164263936 738853120 402653216 100823056 2720773 531600 69312597 2080 536576 524544 1315080 134217729 8 69206154 572538946 2196484 531968 70893572 2064 2107392 2098436 65536 8388640 512 1073872906 4456448 536936448 269583392 467114 8224 201326592 512 33554561 8388609 65600 106560 655360 524289 5136 0 67108864 268439552 1048576 167837856 97280 33685696 32 0 6 1090519040 2162688 3355459584 8 33685696 32 8388608 6 1073774592 2048 32 67141632 768 4096 1 327680 524288 0 0 64 8224 268435456 1 67108896 0 8388608 0 64 194 10502144 0 16384 8388648 134217728 8388624 0 16384 0 0 0 32768 4096 11264 0 8 0 512 0 33554432 524288 0 134217728 136 0 0 32 18 1024
is_linear=0
shrinkage=0.05


Tree=69
num_leaves=63
num_cat=29
split_feature=4 0 4 4 2 4 0 4 2 4 6 2 6 2 7 2 0 4 6 3 2 3 9 2 2 0 7 3 11 4 2 11 6 9 7 2 3 6 6 2 11 4 6 2 4 0 11 0 0 6 3 6 6 11 11 0 7 9 6 2 9 4
split_gain=16.4966 16.0634 18.8097 13.9993 12.7557 13.9928 11.9954 9.94545 25.0419 16.7982 14.5989 12.3405 12.6543 20.6975 10.5079 16.0834 11.0874 9.5451 8.36874 22.2401 13.0457 12.9357 10.8781 13.5996 12.9523 10.8539 10.6445 8.88293 8.67541 7.96564 7.84338 9.3487 10.011 9.68451 7.59016 8.64169 9.10947 7.51624 8.11997 7.50148 12.1416 9.3826 7.33479 7.23175 7.02027 6.75397 6.27391 5.8551 5.84078 11.6058 5.6505 8.16874 6.10583 5.48586 6.47788 4.99072 4.75375 6.37389 5.28327 4.61903 5.04707 4.25901
threshold=0 1.5716603543580625 1 2 3 4 1.9264083653436692 5 6 7 46.500000000000007 8 14.500000000000002 9 5.5000000000000009 10 1.634295548273905 11 301.50000000000006 12 13 14 3.5000000000000004 15 16 1.4859124666409558 1.5000000000000002 17 15.500000000000002 18 19 14.500000000000002 585.50000000000011 9.5000000000000018 1.0000000180025095e-35 20 21 499.50000000000006 318.50000000000006 22 17.500000000000004 23 81.500000000000014 24 25 1.2776137475108016 18.500000000000004 2.1745175357516193 2.3402228452987464 148.50000000000003 26 180.50000000000003 296.50000000000006 6.5000000000000009 10.500000000000002 1.8643261645661682 3.5000000000000004 3.5000000000000004 72.500000000000014 27 6.5000000000000009 28
decision_type=9 2 9 9 9 9 2 9 9 9 2 9 2 9 2 9 2 9 2 9 9 9 2 9 9 2 2 9 2 9 9 2 2 2 2 9 9 2 2 9 2 9 2 9 9 2 2 2 2 2 9 2 2 2 2 2 2 2 2 9 2 9
left_child=45 3 43 34 5 42 -7 8 9 10 -6 12 13 -9 16 -16 -13 -14 21 20 -20 25 23 27 28 61 -25 -23 -24 -26 31 32 -21 -33 50 44 -37 38 -32 40 -10 -41 -4 -3 59 -1 47 -44 -8 -50 -2 -52 -53 -46 -55 -11 58 -58 -38 60 -36 -5
right_child=1 2 4 18 7 6 48 11 39 55 -12 14 17 -15 15 -17 -18 -19 19 30 -22 22 24 26 29 -27 -28 -29 -30 -31 37 33 -34 -35 35 36 56 -39 -40 41 -42 -43 46 -45 53 -47 -48 -49 49 -51 51 52 -54 54 -56 -57 57 -59 -60 -61 -62 -63
leaf_value=0.00079554975215481445 -0.012146824223236929 0.00051983085658527937 0.0057837451467066259 -0.0041614633545962341 -0.0029127616609508468 0.031396676273711947 -0.00098115817063738615 -0.005608538287458509 0.00027391532671923181 0.0026004989544697933 0.024369906965508364 0.0081206845925959285 0.010140590535042709 -0.00059311008027382881 -0.0062215772692251819 0.0033673312425818005 0.0011284196946167891 -0.00082427730100129723 -0.021186051031142513 -0.0084386888863424159 -0.0018115795505387472 0.0016137466081429159 -0.018818848902998089 -0.005335096422353758 0.0011550704630311716 0.0024404634623424073 0.0024266229886331981 -0.010164106099373911 -0.0014227328360350124 -0.00096256637503103768 0.0088107886307258639 0.00031314008624526717 0.00041143229520025919 -0.0010412179570431612 0.00048176787820030655 -0.007301247584365545 -0.00025835293256548376 0.019454956959295108 0.0014962633558630368 8.46481677763078e-05 -0.007812364266478489 -0.0073849165638000813 -0.010920768955847517 0.014575817773009758 0.041738491525366281 -0.0092399333966624066 -0.014615768032288324 0.015324376181773271 0.016800404724026607 5.642490348847229e-05 0.0058506179746107834 -0.012847051723546145 0.00055900731623156896 -0.00087820387117513174 0.012901103534265906 -0.0019791929070330618 0.0055933278933758494 -0.0045794909336593029 0.0084414811414760711 0.0018162868792497068 -0.023035436587949099 -0.010620747967456184
leaf_weight=44 115 212 96 102 73 111 110 143 867 248 230 379 393 271 951 726 12487 5009 118 77 654 106 183 252 1815 96 509 1022 122 4829 69 87 110 61 64 273 134 215 393 232 223 1110 75 352 40 212 43 53 74 77 85 44 90 159 466 252 52 179 179 109 55 230
leaf_count=44 115 212 96 102 73 111 110 143 867 248 230 379 393 271 951 726 12487 5009 118 77 654 106 183 252 1815 96 509 1022 122 4829 69 87 110 61 64 273 134 215 393 232 223 1110 75 352 40 212 43 53 74 77 85 44 90 159 466 252 52 179 179 109 55 230
internal_value=-0.000373555 -0.000286272 0.000461749 -0.00170307 0.000249557 0.00716487 0.0133508 5.9312e-05 -0.00251156 0.00510455 0.0142173 0.00046885 -0.00147614 -0.00990338 0.00124717 -0.00247466 0.00173325 -0.000833025 -0.00240506 0.0007287 -0.0056266 -0.00301101 -0.00258816 -0.00595553 -0.0016765 -0.0114155 -0.000713359 -0.00940246 -0.0115873 -0.00120228 0.0055773 -0.000724638 0.00668449 -0.0101351 0.00209348 0.00345029 -0.000302297 0.00866084 0.00519481 -0.00503686 -0.00190909 -0.00754438 -0.00162455 0.00940767 0.00681063 -0.012782 -0.00789474 -0.00234375 0.00785441 0.0142384 -0.00479042 0.000218341 -0.00746269 0.00940741 0.0084 -0.000588235 0.0034296 -0.00194805 0.00750799 -0.000840336 -0.00736434 -0.0159639
internal_weight=38147 37891 24797 13094 24233 639 372 23594 3235 803 303 20359 5816 414 14543 1677 12866 5402 11050 1784 772 9266 8838 1889 6949 428 761 1128 305 6644 1012 335 187 148 2044 1710 817 677 462 2432 1090 1342 267 564 893 256 171 128 261 151 334 219 134 665 625 500 544 231 313 228 119 332
internal_count=38147 37891 24797 13094 24233 639 372 23594 3235 803 303 20359 5816 414 14543 1677 12866 5402 11050 1784 772 9266 8838 1889 6949 428 761 1128 305 6644 1012 335 187 148 2044 1710 817 677 462 2432 1090 1342 267 564 893 256 171 128 261 151 334 219 134 665 625 500 544 231 313 228 119 332
cat_boundaries=0 6 12 18 20 24 31 33 39 41 43 45 52 54 56 59 61 63 64 71 73 75 77 79 85 87 93 95 96 103
cat_threshold=2097152 17039360 0 2684356096 2097153 33554432 67109377 1024 8388736 2099200 1619034176 673710096 6456 4859936 16777729 1207976132 25120 8651024 335544320 2097184 524288 2097152 0 131112 20596 69861416 285212674 146808850 811008 2222998528 16 570461480 16983168 4096 0 0 0 24576 67108864 537920911 16985088 536870916 65536 1084399712 823434 0 16 2147484164 0 1026 268435456 33 271618050 3221225475 1081346 1048704 67109249 540672 2 437256448 1067040 134217857 262152 65600 4 1280 0 34 4194368 807436292 129 268443904 1064960 168861954 2176 269746178 134258688 2148802757 13123594 0 32 0 16 786432 16384 537135656 21239040 0 32 512 134217728 16416 262400 1835012 8 33587200 268959744 0 0 0 0 0 32
is_linear=0
shrinkage=0.05


Tree=70
num_leaves=63
num_cat=40
split_feature=1 3 9 1 1 4 4 1 1 2 1 3 3 4 1 1 2 3 1 1 3 1 1 6 6 1 3 1 4 4 1 1 4 4 1 6 6 6 4 5 3 6 9 0 1 6 0 1 9 3 9 0 0 3 9 6 5 4 1 8 6 6
split_gain=17.1638 26.2408 16.1228 45.125 33.5481 32.6615 28.3825 35.3784 28.2789 26.832 21.026 33.9186 19.9714 19.4848 30.7291 18.9341 16.6929 13.2419 13.9341 12.8156 12.743 31.917 15.4057 11.2449 11.1769 10.6181 10.173 9.5964 9.4746 9.26943 15.6032 13.9995 9.25984 9.11326 9.0672 8.97954 9.1789 8.72051 8.24489 7.98676 8.68091 7.89918 7.87049 8.80914 7.76269 7.7226 7.59617 7.42557 7.39126 8.2621 7.22391 7.17519 9.6633 6.77713 6.73528 6.45974 6.41072 6.36636 6.31394 6.60973 6.22536 5.8443
threshold=0 1 6.5000000000000009 2 3 4 5 6 7 8 9 10 11 12 13 14 15 16 17 18 19 20 21 38.500000000000007 233.50000000000003 22 23 24 25 26 27 28 29 30 31 13.500000000000002 11.500000000000002 271.50000000000006 32 2.5000000000000004 33 101.50000000000001 9.5000000000000018 2.2264743304195709 34 15.500000000000002 1.9382967781080753 35 7.5000000000000009 36 7.5000000000000009 1.8839846509260647 1.7503179844562966 37 2.5000000000000004 318.50000000000006 2.5000000000000004 38 39 1.0000000180025095e-35 217.50000000000003 241.50000000000003
decision_type=9 9 2 9 9 9 9 9 9 9 9 9 9 9 9 9 9 9 9 9 9 9 9 2 2 9 9 9 9 9 9 9 9 9 9 2 2 2 9 2 9 2 2 2 9 2 2 9 2 9 2 2 2 9 2 2 2 9 9 2 2 2
left_child=1 47 4 17 12 9 7 39 23 48 11 51 58 14 28 26 32 18 42 50 21 -10 45 25 -24 -8 -15 -16 -12 31 -31 -13 -9 -18 41 36 -36 -23 -17 40 -6 -19 43 61 55 -22 -41 -1 -5 -50 -3 52 -7 -14 -21 -11 -35 -20 -2 -60 -52 -4
right_child=2 19 3 5 6 10 8 16 20 44 13 29 53 15 27 38 33 34 57 54 22 37 24 -25 -26 -27 -28 -29 -30 30 -32 -33 -34 56 35 -37 -38 -39 -40 46 -42 -43 -44 -45 -46 -47 -48 -49 49 -51 60 -53 -54 -55 -56 -57 -58 -59 59 -61 -62 -63
leaf_value=0.0010204229011633093 0.023035801871157204 -0.00015962120965844486 0.0016510973083374127 0.0061829099216405671 0.0007806468008959345 -0.017218648439368 -0.019339427356322488 0.0025998401357353986 0.0036225619501771946 0.00028655305728975122 0.0073733133658741958 -0.0056083425852335392 -0.013072233745262464 0.001788295975623111 0.0056415530230340795 -4.1226972217955909e-05 0.0012581960895680089 0.014035573953947245 0.0017328944150512894 -0.0032912020893990815 -0.0095871452147817289 -0.012252124874933447 -0.00074833410722326967 0.0069691757832617725 0.0036130764103231351 0.0038954876952577823 -0.0015248903465829189 -0.000171820540554124 -0.0096687208189443208 -0.001863135586877185 -0.011740308728379258 0.006179416957290601 -0.012700593417333862 0.0046723629043366691 0.012446848818905143 0.0041180225009723962 0.00011134239761272369 -0.0048474190556058068 0.0047049268104658593 0.0096336518448603484 0.013414907330256616 0.037362336487732815 0.018654102926181981 0.017383760066689537 0.022649583412737085 -0.0026584546397485976 -0.01219095339369497 -0.00087654039204873027 -0.009181057889951506 0.00044903377560540916 -0.0083253429595924414 -0.016180003986134988 -0.0004101193829176786 -0.0044062959518913038 -0.011817900431064766 0.02798874331673349 0.02208943550499385 -0.005460910549954079 0.0043813261124321049 -0.0046762249766070683 -0.0010879945540007931 -0.0099841762177783986
leaf_weight=1375 102 387 109 65 107 131 118 128 314 163 105 767 106 1197 362 1083 729 276 328 90 259 380 3304 1233 853 392 2213 1137 1061 911 527 648 514 494 73 1733 47 171 3421 55 449 203 172 41 533 2962 40 1620 111 158 185 58 62 2899 427 43 60 255 139 72 132 58
leaf_count=1375 102 387 109 65 107 131 118 128 314 163 105 767 106 1197 362 1083 729 276 328 90 259 380 3304 1233 853 392 2213 1137 1061 911 527 648 514 494 73 1733 47 171 3421 55 449 203 172 41 533 2962 40 1620 111 158 185 58 62 2899 427 43 60 255 139 72 132 58
internal_value=-0.000308019 -0.00331283 6.62915e-05 0.00108858 -0.00109572 -9.48124e-05 8.7496e-05 0.00475638 -0.00112045 0.00826408 -0.000755861 -0.00436737 -0.00555889 0.000306922 -0.00338318 0.00155225 0.00131783 0.00636914 0.00138746 -0.00946385 -0.0023446 -0.00805714 -0.00166486 0.00464917 0.000347972 -0.00156863 -0.00125731 0.00135852 -0.00943878 -0.00277681 -0.00559392 0.000105263 -0.00521472 0.0046017 0.00841161 0.00673645 0.02 -0.0152406 0.00367745 0.0147504 0.0172662 0.0146217 0.00871795 0.00240385 0.0135514 -0.00425565 0.00157895 -0.00078203 -0.00348837 -0.00724907 -0.00490196 -0.0216475 -0.0178756 -0.00681592 -0.0154649 0.00462963 0.00939716 -0.003457 0.00634675 0.00113122 -0.0105678 -0.00269461
internal_weight=38147 4216 33931 18051 15880 14756 12562 2576 9986 1073 13683 3104 3318 10579 2665 7914 1925 3295 963 1221 8243 865 7378 1743 4157 510 3410 1499 1166 2853 1438 1415 642 1283 2332 1853 120 551 4504 651 556 479 380 208 739 3221 95 2995 334 269 704 251 193 3005 517 206 554 583 313 211 317 167
internal_count=38147 4216 33931 18051 15880 14756 12562 2576 9986 1073 13683 3104 3318 10579 2665 7914 1925 3295 963 1221 8243 865 7378 1743 4157 510 3410 1499 1166 2853 1438 1415 642 1283 2332 1853 120 551 4504 651 556 479 380 208 739 3221 95 2995 334 269 704 251 193 3005 517 206 554 583 313 211 317 167
cat_boundaries=0 6 8 14 20 26 33 39 45 47 53 56 58 65 71 77 79 82 88 93 95 101 107 112 115 121 126 132 138 144 149 155 161 168 170 176 182 184 186 193 197
cat_threshold=42352744 147744 41947144 67108866 2975910656 4227080 431140906 1084284974 269494274 524416 134742784 34345169 209920002 148036 67111302 128 138412800 2718194705 176365568 3141 143404 1059888 0 9437184 536871425 2130964 623383072 71442440 947912704 67109056 4719682 547357060 1 1074831360 2283806800 2148532320 32 20 84476032 1077940736 1276119044 84410576 276955404 1073747104 1188096 940048452 27805702 1080037376 2751475716 70331616 269484324 1073746944 25690368 403701761 18 3 2432765964 8912896 268959760 71303432 553648132 134230658 4464642 8651008 4 754976148 188777041 2168586241 134217728 101 33558530 557569 1076890624 2416312336 27461632 33816713 36962432 3231351302 1210374 3423109578 671137813 8 8192 524288 134218240 33558672 142606336 68 42090592 16384 4104 67108864 2688549376 806363437 1090528259 16777216 33562624 3286048 64 524370 109641728 823174144 4751360 1073188 1073741952 67895378 109641872 0 67108864 128 8 32 405864448 2097170 11 622592 1073742848 0 8603656 786432 128 16 4194304 0 130 4194306 524288 0 2147483652 143528 0 8651008 4096 4096 70257696 268435460 1073742848 25166080 4198400 603979780 70255648 268435460 1073742848 16777216 4096 4194304 0 67108864 1088 4096 131072 134217728 67108864 4195328 8388608 2050 0 524544 4096 8593410 16448 16384 2228224 512 131088 17408 0 161 83886082 33554501 16777488 8388608 268582944 2164260864 0 8388736 262152 288 8388608 2 2432731392 4227072 320 1056768 65 8196 524288 16 4 67109000 0 256 128 0 0 138412032 16385
is_linear=0
shrinkage=0.05


Tree=71
num_leaves=63
num_cat=40
split_feature=1 4 3 4 1 7 1 7 1 1 1 4 1 1 1 3 3 1 4 1 1 9 4 3 9 3 1 0 4 1 4 1 1 6 3 1 6 6 3 1 6 1 1 9 9 10 0 0 0 1 6 1 1 9 4 1 6 9 1 6 6 6
split_gain=17.7167 18.816 20.1474 15.4458 33.6736 16.561 41.4845 20.0881 59.924 37.2548 32.5286 30.569 43.6751 36.7688 20.5423 19.0026 16.4921 25.9511 15.977 21.2063 21.0328 15.084 14.7782 13.6233 12.7463 13.8164 23.2185 12.3849 12.3534 11.7601 11.0803 10.7693 10.631 9.96603 9.95514 13.2371 9.76246 11.5927 11.399 11.4661 9.70909 16.2638 12.4228 9.0049 8.97507 8.51546 9.08294 8.25548 8.13324 8.08088 7.54489 7.45181 7.31209 7.13624 10.4652 7.11717 7.10362 7.06157 8.26123 6.61637 6.28116 6.01681
threshold=0 1 2 3 4 5.5000000000000009 5 3.5000000000000004 6 7 8 9 10 11 12 13 14 15 16 17 18 8.5000000000000018 19 20 6.5000000000000009 21 22 2.315550880581378 23 24 25 26 27 227.50000000000003 28 29 12.500000000000002 9.5000000000000018 30 31 227.50000000000003 32 33 8.5000000000000018 10.500000000000002 1.0000000180025095e-35 1.7884382701466432 1.4640224592920343 1.9616292594659366 34 1075.5000000000002 35 36 1.5000000000000002 37 38 259.50000000000006 1.5000000000000002 39 50.500000000000007 35.500000000000007 105.50000000000001
decision_type=9 9 9 9 9 2 9 2 9 9 9 9 9 9 9 9 9 9 9 9 9 2 9 9 2 9 9 2 9 9 9 9 9 2 9 9 2 2 9 9 2 9 9 2 2 2 2 2 2 9 2 9 9 2 9 9 2 2 9 2 2 2
left_child=1 47 33 4 45 7 30 9 28 22 15 13 23 21 -14 -10 44 -18 20 -20 -12 -11 57 -13 25 26 -4 31 61 -15 -7 -27 59 -3 35 -24 37 -26 43 -40 42 -42 -30 -38 60 -2 -47 -1 -45 -19 -41 -17 -36 -6 -55 -49 -48 -5 -59 -32 -8 -9
right_child=3 2 24 5 53 6 16 8 10 11 18 12 14 29 -16 51 17 49 19 -21 -22 -23 34 -25 36 27 -28 -29 40 -31 32 -33 -34 -35 52 -37 38 -39 39 50 41 -43 -44 48 -46 46 56 55 -50 -51 -52 -53 -54 54 -56 -57 -58 58 -60 -61 -62 -63
leaf_value=0.030745024595339156 -0.0014244855734767083 -0.0099598660785077016 -0.0016523166120920197 0.011331875353559413 0.00055996446879295057 -0.001506085928935852 -0.0055583197588469861 -0.0050617102430403739 -0.0049245998896253421 -0.012553540507196759 -0.001448770450999637 -0.013833463048502881 0.0092602252685326514 -0.0034222188770888814 0.00045735239331202716 -0.0020667817985732333 -0.0086184300816908917 0.013006241195943603 0.0030819415902031688 -0.0013099217811776088 0.0061445017603858456 -0.0019896313366308594 -0.0034506759819416923 -0.00034174147545716908 0.010788200378726432 -0.0098455067462776061 0.011346120902277379 0.01994960948720588 0.0012494964014517997 -1.8710580935854539e-05 0.0024525986595752836 -0.0017737146760629042 0.0011385912631996398 -0.00010761920277146952 0.0017497308440880543 0.023302595828478184 0.016564053163667936 0.00012634484064407702 -0.00064258885970293615 0.0057837967914007643 0.0089707057961308009 0.0087394364292063941 0.0097448455558159126 -0.0010244931799746394 -0.0034322851039060632 0.0037545353319317965 0.013528429404473463 -0.0026128736849568126 0.021357536168998895 -7.5182469163548316e-05 0.00014353840337394397 0.0024315021602112855 0.00742513285239867 -0.0032449857988824885 -0.0117530897408747 0.006182848940647823 0.035370996191484837 0.0056588295745157446 -0.005900818185123214 0.019547250750110913 -0.010938856238814798 0.0046501025435135681
leaf_weight=51 268 188 523 70 85 262 108 174 825 1426 505 691 1338 4082 2763 226 761 106 1030 2271 1284 884 103 490 57 434 353 73 334 4114 107 632 354 164 1049 318 85 62 1000 784 110 316 852 106 174 267 68 104 72 833 44 390 1150 748 428 407 48 225 472 255 547 97
leaf_count=51 268 188 523 70 85 262 108 174 825 1426 505 691 1338 4082 2763 226 761 106 1030 2271 1284 884 103 490 57 434 353 73 334 4114 107 632 354 164 1049 318 85 62 1000 784 110 316 852 106 174 267 68 104 72 833 44 390 1150 748 428 407 48 225 472 255 547 97
internal_value=-0.000271319 0.00245679 0.00138435 -0.00069659 -0.00504683 -0.00042757 -0.0036641 -1.63108e-05 0.00202044 -0.000910039 -0.000252255 -0.00193062 0.00117158 -0.00348992 0.00361226 -0.00685734 -0.00703033 -0.00415205 0.00162745 -0.000437934 0.00541968 -0.00905172 0.00384162 -0.0072628 0.00234947 -0.000521092 0.00417607 -0.00413403 0.00985209 -0.00191323 0.00506073 -0.00553471 0.00826446 -0.00994475 0.00562738 0.012645 0.00497738 0.0189076 0.0041846 0.00272035 0.011529 0.0180751 0.00927487 0.0137363 -0.0128129 0.00416036 0.00900783 0.011014 0.00786517 0.00142255 0.00704057 -0.000159744 0.00423268 -0.00979544 -0.0108844 0.0092955 0.0206897 -0.00225225 -0.00380201 0.0142473 -0.0156489 -0.000177936
internal_weight=38147 5139 4577 33008 1912 31096 3507 27589 8414 19175 6531 15788 5282 10506 4101 1441 2529 1700 5090 3301 1789 2310 3387 1181 4225 2015 876 1139 1883 8196 978 1066 716 352 2620 421 2210 119 2091 1828 1612 426 1186 263 829 651 383 562 178 939 828 616 2199 1261 1176 511 116 767 697 362 655 271
internal_count=38147 5139 4577 33008 1912 31096 3507 27589 8414 19175 6531 15788 5282 10506 4101 1441 2529 1700 5090 3301 1789 2310 3387 1181 4225 2015 876 1139 1883 8196 978 1066 716 352 2620 421 2210 119 2091 1828 1612 426 1186 263 829 651 383 562 178 939 828 616 2199 1261 1176 511 116 767 697 362 655 271
cat_boundaries=0 6 13 15 22 28 34 40 46 52 59 65 71 77 79 82 88 95 101 107 114 116 119 125 132 138 145 151 157 159 165 167 173 177 182 188 194 200 207 213 219
cat_threshold=268445186 137889792 3288858644 9965768 67239940 213076 135168 67109920 536870916 201326656 9216 545259536 33 201326791 2164260880 537001984 19661056 805306374 2684366336 11043844 570426496 32 18481152 24576 8479009 2052 66 42482048 1076428800 1145062016 268573728 2684618752 69707 77597824 68206628 67141633 20977184 1174487056 704905250 9703552 537204736 9236 135315713 184680706 8459784 17827073 36110592 21012 402735241 32 16783944 16788737 8990732 8519720 2281717760 1275203770 536879105 75497728 5 1140867076 562037024 8403680 1342507024 973865088 4198400 13648064 2214592640 33561632 1140867073 3779076097 79734784 169345169 3225419776 33621000 2214609925 3242197313 40960 10592288 1747460113 134488192 2284855296 8 554729617 8430592 141557760 220202018 574620672 34603010 4104 67109920 0 4256 16418 8405264 133 134217736 587211136 10488128 17172480 13107344 35684354 134217728 37756992 8521728 17171456 12583936 2129922 20480 32 512 67239952 16480 8388608 129 2216689792 2637841 2165506048 8404993 8 514 524288 524304 4104 67239936 65604 0 16 0 4160 4218880 262144 128 252182833 1107329537 281018368 2953053188 33554738 266368 524288 0 2147483648 4104 0 268435456 128 8192 0 2147483652 192 67108864 16452 1073741824 4211200 268568608 537133056 3 67109888 532583 2155880449 65536 8208 0 50331648 0 16778240 2097152 2 8704 3672064 67633168 8912896 67108868 196608 1048576 67108864 32 33554432 1048576 67108864 1056 33554432 134217730 8388612 536870912 16384 16384 256 4096 65792 16384 134217728 0 16777224 16780288 0 8192 135266560 33685506 69632 1049857 537001984 2621696 4 512 1024 570425344 32 0 1048576 0 72 0 65536 65536 8192 16640 33554432 65536 1048832
is_linear=0
shrinkage=0.05


Tree=72
num_leaves=63
num_cat=35
split_feature=4 2 9 2 4 4 2 2 4 2 0 3 2 3 9 2 2 4 4 0 9 2 2 2 9 2 3 2 7 2 2 6 6 3 3 6 6 6 9 4 2 9 2 4 7 6 0 3 6 9 9 2 6 6 2 6 4 6 2 7 9 6
split_gain=16.4116 14.1569 12.539 31.221 29.2522 24.882 37.8161 30.3639 24.537 20.5004 20.4242 18.6177 17.0388 15.9311 14.0922 18.6722 17.0485 14.6289 13.8133 13.7499 13.0831 23.5633 23.3396 12.5171 12.5089 11.109 10.7165 18.9139 10.7987 9.98985 9.96668 9.52653 9.45871 9.23206 9.21422 9.66644 8.68837 8.55045 11.169 8.0944 10.601 9.86091 13.2382 9.47137 8.002 9.72119 7.98633 8.23555 7.82009 7.67401 7.51183 14.1835 7.49376 7.35174 7.25884 7.13201 7.11353 18.618 8.33439 7.06209 7.03137 13.4074
threshold=0 1 6.5000000000000009 2 3 4 5 6 7 8 2.1258932707712788 9 10 11 5.5000000000000009 12 13 14 15 2.1372951807736453 3.5000000000000004 16 17 18 4.5000000000000009 19 20 21 1.0000000180025095e-35 22 23 93.500000000000014 241.50000000000003 24 25 382.50000000000006 359.50000000000006 12.500000000000002 10.500000000000002 26 27 7.5000000000000009 28 29 5.5000000000000009 219.50000000000003 1.6596388310122925 30 482.50000000000006 8.5000000000000018 10.500000000000002 31 391.50000000000006 164.50000000000003 32 362.50000000000006 33 277.50000000000006 34 2.5000000000000004 1.5000000000000002 241.50000000000003
decision_type=9 9 2 9 9 9 9 9 9 9 2 9 9 9 2 9 9 9 9 2 2 9 9 9 2 9 9 9 2 9 9 2 2 9 9 2 2 2 2 9 9 2 9 9 2 2 2 9 2 2 2 9 2 2 9 2 9 2 9 2 2 2
left_child=1 -1 5 8 9 7 11 10 23 19 20 54 13 30 16 -16 -9 24 53 56 22 32 33 -4 -18 -13 27 -8 31 46 -6 -29 -22 -2 -14 36 -36 38 -20 41 -41 43 -43 -11 -15 -46 -28 -48 -24 -37 51 -21 -42 -10 -7 -23 57 -5 -58 -52 61 -31
right_child=2 -3 3 4 12 6 26 14 18 39 -12 25 34 44 15 -17 17 -19 37 50 21 55 48 -25 -26 -27 29 28 -30 60 -32 -33 -34 -35 35 49 -38 -39 -40 40 52 42 -44 -45 45 -47 47 -49 -50 -51 59 -53 -54 -55 -56 -57 58 -59 -60 -61 -62 -63
leaf_value=0.0020603501894074228 -0.0035141735410397223 -0.0046162011369849541 0.0035718980155505123 -0.010670639342290728 -0.00051514016549880637 0.0042515663544575146 0.00095703597315938702 -0.010118551994282311 0.014288645012457746 0.0030846544247363551 0.022769825359868413 -0.014694959603210057 -0.0062415220102764353 -0.00023096029973627142 -0.013639891800597482 -0.0024397452569176418 -0.0025711729663151165 -0.004820646312994354 0.012274135782852226 -0.0035204521188121011 0.0078275736846044729 -0.0030082582189957133 0.0012511371571872544 -0.0050132052376247183 0.0035167331436337991 -0.0030478185813513029 0.018570442729366709 -0.012256166663659453 0.012556389287828562 0.0010025253485771103 0.023531854033768299 0.0041664162923323094 0.021814331042475266 -0.017760751484231174 0.0032652296111471361 0.0013039091344887344 -0.011815138850018237 0.0026770333124162219 -0.0057923600804578035 -0.00044058696011032851 0.0080330830885097359 -0.010218453697688501 -0.00064680897187033857 -0.0036145351001289406 -0.0029533712763148423 -0.0095573337282283295 0.01241650854522618 -0.00062700532831688749 -0.0033967850958543711 0.020892055515378118 0.002185824939474701 0.019186151567462662 -0.014087903960205839 0.029735790689629917 -0.0015892265077272483 0.0092143888908672641 -0.01541258552627049 0.013444836521760907 -0.0092130127279876992 -0.01015114853545317 0.00037764030926312753 -0.013512157313704099
leaf_weight=345 431 980 243 850 107 476 1152 767 108 127 155 393 313 3380 633 656 2409 275 204 123 1010 868 937 574 852 826 77 44 753 230 153 71 205 186 3911 119 47 4291 66 442 860 383 1418 228 349 159 249 226 50 252 63 153 96 104 761 77 113 122 474 82 2042 97
leaf_count=345 431 980 243 850 107 476 1152 767 108 127 155 393 313 3380 633 656 2409 275 204 123 1010 868 937 574 852 826 77 44 753 230 153 71 205 186 3911 119 47 4291 66 442 860 383 1418 228 349 159 249 226 50 252 63 153 96 104 761 77 113 122 474 82 2042 97
internal_value=-0.000284426 -0.00573034 -8.6881e-05 0.000763282 -0.000474397 -0.00108824 0.00108681 -0.00277807 0.00392857 -0.0033189 0.000598117 -0.00397405 0.00131818 -0.0010101 -0.00514102 -0.00973623 -0.00377644 -0.00228426 0.00530002 -0.00738693 -0.000132837 0.00240741 -0.00355362 -0.00405079 -0.00132987 -0.00834011 0.00360533 0.00640394 0.011959 0.00165473 0.0107407 -0.00217391 0.00697959 -0.0110845 0.00339639 0.00399862 0.00328449 0.00469263 0.0133333 -0.00103816 0.00191761 -0.00295476 -0.00446974 0.00464789 -0.00182145 -0.00767717 0.00765125 0.00536842 0.00125376 0.0117251 0.000593824 0.00543478 0.00486542 0.0175676 0.000360866 -0.00350785 -0.00958948 -0.00672098 -0.0139866 -0.00862069 0.00023119 -0.00657492
internal_weight=38147 1325 36822 19914 14324 16908 7397 9511 5590 5534 3919 2456 8790 4148 5592 1289 4303 3536 4773 1980 3764 2160 1604 817 3261 1219 4941 2020 868 2921 260 115 1215 617 4642 4329 3958 4561 270 3554 1398 2156 1801 355 3888 508 552 475 987 371 421 276 956 212 1237 945 1559 972 587 145 2369 327
internal_count=38147 1325 36822 19914 14324 16908 7397 9511 5590 5534 3919 2456 8790 4148 5592 1289 4303 3536 4773 1980 3764 2160 1604 817 3261 1219 4941 2020 868 2921 260 115 1215 617 4642 4329 3958 4561 270 3554 1398 2156 1801 355 3888 508 552 475 987 371 421 276 956 212 1237 945 1559 972 587 145 2369 327
cat_boundaries=0 7 9 11 18 25 27 29 36 38 41 43 45 47 49 55 61 63 65 67 69 71 73 75 77 79 81 88 90 92 99 101 102 104 110 112
cat_threshold=545391873 19136776 2 2818592258 10486277 2181039104 4 1144815892 163850 2424310848 22254502 269029376 1048576 2977955845 67121304 1074308162 603979776 161 2166628408 9964592 2214608900 1083314208 262144 2211856 32 3233349733 14050722 3837723180 13657090 8192 71303200 536870912 192 278560 8650752 128 1074758203 9175040 19435528 49153 9 674275630 8408072 34 18358321 268476752 819340 134220929 16908960 8232 48 0 9572384 0 114688 4096 1049600 2147483648 0 64 16 1074659360 8414208 393220 8397824 2147486784 1081344 1082654756 24578 3374127267 2290094080 335686032 2103308 67110922 4104 536870916 18440 2228226 2097152 268435456 185647136 593920 1048576 805306368 67109016 1026 0 128 33554432 2097152 201326852 16384 0 0 0 67108880 0 0 128 2097152 536887296 393216 1085800545 8388642 524288 1048576 2147483652 4248 2 67108864 524802 524288
is_linear=0
shrinkage=0.05


Tree=73
num_leaves=63
num_cat=31
split_feature=4 0 4 4 2 2 4 6 2 2 7 6 2 11 4 2 2 11 2 2 4 4 2 4 11 11 9 2 0 4 9 2 2 11 4 2 9 2 2 6 2 4 6 4 11 6 6 0 11 2 11 0 9 4 6 0 11 11 11 9 11 11
split_gain=14.8937 14.3876 13.7823 13.5054 32.7691 13.4678 13.3839 12.4355 12.2061 11.9058 12.3367 12.4798 15.3134 11.7202 14.1376 12.6722 11.5369 11.2273 12.1412 11.6164 11.409 10.6195 32.7033 10.0333 9.98542 9.77318 9.68685 15.1459 9.31349 8.64108 8.51595 20.9436 13.5827 11.2208 8.5096 14.1025 9.37397 8.37945 8.26941 12.2114 8.06943 7.96053 8.25038 7.80037 7.74156 7.5542 7.48238 7.18451 7.1286 6.90042 7.68102 6.72227 9.37705 6.25482 6.03077 12.7631 9.45009 6.01268 5.9231 5.91692 5.78556 5.77401
threshold=0 1.9616292594659366 1 2 3 4 5 401.50000000000006 6 7 3.5000000000000004 148.50000000000003 8 12.500000000000002 9 10 11 16.500000000000004 12 13 14 15 16 17 5.5000000000000009 7.5000000000000009 8.5000000000000018 18 2.0922827905211099 19 2.5000000000000004 20 21 18.500000000000004 22 23 1.5000000000000002 24 25 20.500000000000004 26 27 312.50000000000006 28 9.5000000000000018 214.50000000000003 47.500000000000007 1.1875742315484101 8.5000000000000018 29 17.500000000000004 2.0166123681073072 2.5000000000000004 30 225.50000000000003 1.5170532328004043 17.500000000000004 10.500000000000002 13.500000000000002 7.5000000000000009 9.5000000000000018 16.500000000000004
decision_type=9 2 9 9 9 9 9 2 9 9 2 2 9 2 9 9 9 2 9 9 9 9 9 9 2 2 2 9 2 9 2 9 9 2 9 9 2 9 9 2 9 9 2 9 2 2 2 2 2 9 2 2 2 9 2 2 2 2 2 2 2 2
left_child=16 3 9 4 29 6 24 13 -9 10 11 58 28 15 -15 -8 -1 19 -19 20 -4 22 26 -21 -5 -24 -7 -28 -13 -2 31 -23 44 -33 35 -11 -36 43 39 -26 -12 -39 45 -6 -32 -43 -27 -34 -14 50 -38 59 -53 -20 56 -56 -18 -51 -3 -37 -40 -42
right_child=1 2 17 5 37 21 7 8 -10 34 40 12 48 14 -16 -17 54 18 53 23 -22 30 25 -25 38 46 27 -29 -30 -31 32 33 47 -35 36 51 49 41 60 -41 61 42 -44 -45 -46 -47 -48 -49 -50 57 -52 52 -54 -55 55 -57 -58 -59 -60 -61 -62 -63
leaf_value=0.019207693956151718 -8.8862697596225892e-05 0.0022617756030673289 0.010412415962451261 0.014108761559684758 -0.0050882798888521215 -0.0092959222600303825 -0.0083728903639433087 -0.0024800966199938438 0.015546549997597182 0.0094249926831276865 0.0043952918449236657 -9.460624296409037e-06 0.011237603446371924 0.0058281481803768471 0.00023921731675011771 0.00070079112974424929 -0.0062887497740759636 -0.0020025377576107675 0.02120256547616205 0.0076907675808849524 -0.0023943408852292515 0.0026253409033822729 0.027412494186077274 -0.006501355681564458 0.031132079589178609 -0.0014629786419791679 0.020542074006158054 -0.0015498127703153066 -0.018494306343255662 -0.0084266037855317052 -0.020785144165550343 -0.0088022542332697237 0.0015274149479256205 0.00029897821143191617 -0.016283285881660226 0.00049053734966530429 -0.0019578087035861946 0.0095307262502442539 -0.010022639012023001 -0.011693539148012256 0.012942660898643555 -0.00063161283047465935 0.0050104240518781601 -0.00037858198927123168 -0.0022946983776927555 -0.0085029372541752749 0.01094213246465231 -0.00052453055466648022 0.00071040620285780511 -0.00064524696792827023 -0.020383288558478659 0.0035006829755974468 -0.0055358339164135462 0.0047695900310931409 -0.0021255417042898351 0.021877658857844196 0.0096423030176028719 0.0022698019373922572 0.01522575326660236 0.023776397658331928 7.295406419393636e-05 0.0077416749768265628
leaf_weight=229 207 333 169 51 105 392 1277 115 330 509 263 98 55 1688 2740 1587 203 455 108 104 204 506 63 1011 51 120 123 218 158 1212 221 924 611 264 124 146 175 592 202 542 254 151 109 1427 714 91 475 9428 283 1291 94 217 417 374 106 154 57 2522 334 75 918 171
leaf_count=229 207 333 169 51 105 392 1277 115 330 509 263 98 55 1688 2740 1587 203 455 108 104 204 506 63 1011 51 120 123 218 158 1212 221 924 611 264 124 146 175 592 202 542 254 151 109 1427 714 91 475 9428 283 1291 94 217 417 374 106 154 57 2522 334 75 918 171
internal_value=-0.000412877 -0.000553358 0.00107603 -0.00114373 -0.00386783 -0.000691557 0.000762275 0.00165871 0.00977528 0.00213176 0.00548749 0.00257732 -0.0026936 0.00116566 0.00277778 -0.00132682 0.00652174 -0.00219713 0.00208111 -0.00490591 0.00274151 -0.00167389 0.00246253 -0.00742222 -0.00315671 0.010479 -0.00477793 0.00131965 -0.0116541 -0.00990203 -0.00212967 -0.00543093 -0.00162202 -0.00901503 0.000949821 0.00436681 -0.000166034 -0.000382294 -0.0038237 -0.00854063 0.0109012 0.00330535 -0.00263158 -0.00265888 -0.0073545 -0.00785124 0.00865546 -0.00107971 0.00431034 0.000244978 -0.00734767 0.000404624 -0.0022082 0.00752033 0.00226415 0.00769231 -0.00307692 0.000797803 0.00727136 0.00791855 -0.00123894 0.0150575
internal_weight=38147 37398 9944 27454 3894 23560 9501 7737 445 7519 1949 1261 594 7292 4428 2864 749 2425 937 1488 373 14059 1391 1115 1764 658 733 341 256 1419 12668 1694 10974 1188 5570 1364 4206 2475 1713 593 688 943 351 1532 935 242 595 10039 338 4082 269 855 634 482 520 260 260 3813 667 221 1120 425
internal_count=38147 37398 9944 27454 3894 23560 9501 7737 445 7519 1949 1261 594 7292 4428 2864 749 2425 937 1488 373 14059 1391 1115 1764 658 733 341 256 1419 12668 1694 10974 1188 5570 1364 4206 2475 1713 593 688 943 351 1532 935 242 595 10039 338 4082 269 855 634 482 520 260 260 3813 667 221 1120 425
cat_boundaries=0 6 13 19 21 23 30 32 34 36 43 45 47 49 51 58 65 67 74 76 81 83 85 92 94 96 98 100 106 112 114 120
cat_threshold=83886592 268483589 75513985 2097156 1073741824 655376 277377028 71434256 2818572800 67244072 96 814055424 5 813720597 19136512 671088640 2684361216 14713349 35701760 2014675367 1397376 3960933920 12354050 131072 67239952 268435460 1073741842 536879136 612368384 176 2214789152 1048576 278921612 5357860 268435460 98308 4136 5242912 512 1056768 1090 327680 4 3289647104 557056 815169539 98304 2295440 1081476 436897280 2688 0 0 0 144 0 0 128 2336 76677136 268435460 1207959744 537141248 0 32 276832263 142504 0 0 0 64 1026 16388 32 8192 10376 0 2097152 134217728 2048 8389120 8657 136332 524432 5124 4100 4194304 671089152 4096 96 8388608 1 67403776 2101376 8520768 6981644 1074069504 9208322 128 1065216 24592 0 0 4096 4194304 16384 16 2097152 0 0 0 16384 67380224 524288 8 0 0 64 8192 67108864
is_linear=0
shrinkage=0.05


Tree=74
num_leaves=63
num_cat=41
split_feature=7 1 7 1 1 1 3 4 1 1 1 4 1 1 3 3 4 1 1 11 1 1 1 3 1 3 4 5 1 4 9 1 1 1 2 3 11 10 4 11 9 3 9 3 7 3 1 6 11 6 3 6 11 3 7 6 6 2 11 11 1 3
split_gain=16.2037 49.9604 25.3649 60 36.2948 36.1726 26.6959 26.5 42.4953 41.8731 26.4128 24.6305 28.9048 23.7687 21.5122 17.9909 16.0778 22.4472 17.6416 15.7292 73.3472 32.0358 22.7056 16.2759 15.7158 15.2945 14.7651 14.4751 13.8138 17.618 15.3337 13.3571 12.9691 12.9229 10.9745 10.4971 10.4749 12.495 10.0553 9.97068 9.89217 9.6469 9.52639 9.41719 12.8559 12.4736 10.6502 9.38021 8.11876 11.2519 7.92924 7.51034 7.29847 7.16186 7.01398 6.85272 12.913 9.32854 6.80172 6.70614 10.7142 8.27898
threshold=5.5000000000000009 0 3.5000000000000004 1 2 3 4 5 6 7 8 9 10 11 12 13 14 15 16 10.500000000000002 17 18 19 20 21 22 23 2.5000000000000004 24 25 11.500000000000002 26 27 28 29 30 10.500000000000002 1.0000000180025095e-35 31 12.500000000000002 6.5000000000000009 32 7.5000000000000009 33 1.5000000000000002 34 35 172.50000000000003 20.500000000000004 231.50000000000003 36 204.50000000000003 15.500000000000002 37 1.5000000000000002 38.500000000000007 12.500000000000002 38 17.500000000000004 11.500000000000002 39 40
decision_type=2 9 2 9 9 9 9 9 9 9 9 9 9 9 9 9 9 9 9 2 9 9 9 9 9 9 9 2 9 9 2 9 9 9 9 9 2 2 9 2 2 9 2 9 2 9 9 2 2 2 9 2 2 9 2 2 2 9 2 2 9 9
left_child=2 26 5 35 6 14 -5 9 27 -6 25 12 38 36 32 34 17 -10 -18 20 53 23 -22 -21 -23 39 -2 40 30 -30 -11 -17 58 -8 -15 -4 -3 41 -12 42 -9 -38 -7 -27 45 -45 -46 54 59 -50 -35 -29 -36 -13 -14 56 -33 -57 -1 -37 61 -61
right_child=1 13 3 4 7 10 33 8 16 28 11 19 47 15 -16 31 18 -19 -20 21 22 24 -24 -25 -26 43 -28 51 29 -31 -32 55 -34 50 52 48 37 -39 -40 -41 -42 -43 -44 44 46 -47 -48 -49 49 -51 -52 -53 -54 -55 -56 57 -58 -59 -60 60 -62 -63
leaf_value=-0.010081269093776712 -0.0050471294390732613 -0.0032740536891744279 0.00064737143267928898 -0.0097748545512509194 -0.001101368671558195 -0.01439716891387369 -0.0018040858742552901 -0.0024790412179614973 0.012844854286747127 0.013038438299689249 -0.0078024228061739729 -0.0049314969125523857 -0.0089943084241558505 -0.010773848130712539 -0.0085515067698662805 0.0088207209665839177 -0.005788792918048769 0.00027743597018544677 0.00086999112238724809 -0.0020428072724832437 0.0076403836438890373 -0.0018717089947410061 -0.00073361610835223081 0.0060238494680834977 0.00056734370392231843 0.016786135164909455 0.0092046510777693772 -0.00052733389896713061 0.0022642810812461001 0.010035402849223551 -0.0049159038472732291 0.0080389852404928689 0.002355889832051958 -0.00061379253318539779 -0.0054523728161042341 0.012212417284142263 -0.014653382755093373 -0.013767429434639872 -0.012415412178965524 0.00086575980539828074 -0.010856907275550621 -0.0030158385601346651 0.0046937467894409115 -0.0038437762486113747 0.014631488266926562 0.0044270871247177766 0.0035397119578532647 0.0030410150899246508 0.016734037189149321 0.0034827658584265179 0.0030005697157357569 0.01358913181385526 0.0014589249920579084 -0.014712254262087677 0.00010425278335258749 -0.0013111832813996862 -0.0080748207181948368 0.002327516325272999 0.0042681555226352641 -0.0040542516675132981 0.0077894212600500895 0.005437243833886829
leaf_weight=236 165 207 346 530 836 132 405 489 708 509 380 287 258 379 2186 234 223 1008 828 396 983 3123 2407 1767 5579 229 715 64 1232 357 54 68 630 223 271 501 104 300 327 260 667 236 73 192 482 928 686 423 105 60 304 81 215 1223 241 515 244 660 89 143 419 225
leaf_count=236 165 207 346 530 836 132 405 489 708 509 380 287 258 379 2186 234 223 1008 828 396 983 3123 2407 1767 5579 229 715 64 1232 357 54 68 630 223 271 501 104 300 327 260 667 236 73 192 482 928 686 423 105 60 304 81 215 1223 241 515 244 660 89 143 419 225
internal_value=-0.000394526 -0.00328078 -2.66005e-05 0.00204032 0.000281426 -0.000933367 -0.00686141 0.00176903 -0.000858264 0.00533689 -0.000161876 -0.000907837 -0.00674192 -0.00599768 -0.00591876 -0.00358243 0.00264674 0.00561993 -0.00221489 -0.000301109 -0.00265306 0.000759319 0.00144118 0.0061896 -0.000596878 0.00417781 0.00730337 -0.00827613 0.00901943 0.00653533 0.0157941 -0.000606586 0.000362694 -0.00169851 -0.00942857 0.0103096 -0.0132439 -0.0165625 -0.0142957 -0.00410526 -0.0102076 -0.01 -0.012439 0.00571824 0.00469974 0.000892857 0.00839041 -0.000858369 0.012201 0.0227273 0.00344507 0.00655172 -0.00423387 -0.0117763 -0.00551102 -0.00237141 -0.00897436 -0.000638298 -0.00761194 0.0109472 0.00806861 0.0015873
internal_weight=38147 4313 33834 10317 8518 23517 1462 7056 4068 2988 20376 17394 1629 3433 3141 2586 2767 1716 1051 15765 4900 10865 3390 2163 8702 2982 880 1301 2152 1589 563 1721 955 932 865 1799 847 640 707 465 1156 340 205 2517 2288 1120 1168 922 1453 165 527 145 486 1510 499 1487 312 1175 325 1288 787 368
internal_count=38147 4313 33834 10317 8518 23517 1462 7056 4068 2988 20376 17394 1629 3433 3141 2586 2767 1716 1051 15765 4900 10865 3390 2163 8702 2982 880 1301 2152 1589 563 1721 955 932 865 1799 847 640 707 465 1156 340 205 2517 2288 1120 1168 922 1453 165 527 145 486 1510 499 1487 312 1175 325 1288 787 368
cat_boundaries=0 6 12 18 24 27 34 40 46 52 59 65 71 74 77 83 89 95 101 107 113 116 122 125 131 137 144 150 156 162 164 167 174 176 178 179 184 186 189 191 197 199
cat_threshold=2687490 1229472384 2415926304 545525760 131147 16576 1142071808 68157440 100667936 1140934800 709099554 69760 572851200 2115588 2550251649 524320 16914508 16780352 105922660 128 41949736 1140852736 2722127906 4231176 8388868 2284331024 8 268636168 78643200 2147483648 1276248176 802882 8405264 165 8931457 3221230448 1057796 679609408 75498240 4194305 134222080 54559760 10618888 2432959492 591104 3408132 545524738 2100228 1622021 143130632 8524812 139601 204808 10486024 268451844 746594306 262145 2785017856 1 1073873153 780144961 2416050432 2718056453 335544321 67192960 538243456 2147524912 1581061 220200998 4194304 1056768 159645734 3231195163 11 151846915 136323072 10 24576 32 134217732 4104 8192 67174400 0 21004289 14682112 2432962560 268959761 37011456 0 0 262144 2147487744 268435457 101203968 626704 1266712832 138413248 263297 1207959888 68436098 268534016 1233126144 2281702592 131269 1073775424 1312896 0 2684882961 205056 570429746 67700736 10486788 2483359778 8437768 2 1073741952 605569057 69280016 539234610 84674560 41943044 9437187 1073741877 1 0 0 0 4104 0 268435456 8929412 1073746176 8192 134217792 67109376 67125248 268435456 0 0 67240048 16448 16 1 8388612 536870913 16384 2147631104 134222080 36864 100679748 128 41947136 0 2684354592 4194304 2162688 16388 128 524288 16912392 16780352 673325232 346376 328037 1082654729 9 204800 0 4 0 262144 603979776 1 10485760 8404992 262436 2155880448 203431936 536870914 2100228 524292 524288 136204 2490370 536870917 532482 3355459589 8 3556779298 2229256 1073742336 0 544 67127296 675282976 128 8421376 2113536
is_linear=0
shrinkage=0.05


Tree=75
num_leaves=63
num_cat=38
split_feature=1 4 4 2 1 4 4 2 3 9 3 1 1 1 4 1 8 3 1 4 0 2 4 6 1 1 1 4 6 4 4 4 3 1 1 9 1 1 8 4 1 2 10 6 9 4 1 9 6 10 9 9 10 3 9 6 6 6 9 6 0 6
split_gain=16.2604 21.9923 15.4972 21.963 14.478 28.9665 15.4159 17.5837 11.0785 10.9411 12.8433 10.4702 10.2796 10.2078 13.7127 10.1359 11.5633 9.84623 9.53829 9.24696 8.5893 8.5056 8.24808 7.6373 48.5153 20.465 18.5627 14.2164 17.0978 13.351 12.916 11.4191 11.0964 47.9051 13.004 7.50861 11.3356 10.0616 9.15586 8.67738 7.32953 7.15991 6.8572 6.81801 6.76436 6.43278 6.96138 6.36211 8.59202 6.20796 6.16775 6.14603 6.01017 5.94544 5.75157 5.71012 10.4616 7.93914 7.70224 5.58714 7.29357 5.64105
threshold=0 1 2 3 4 5 6 7 8 5.5000000000000009 9 10 11 12 13 14 1.0000000180025095e-35 15 16 17 2.0922827905211099 18 19 245.50000000000003 20 21 22 23 293.50000000000006 24 25 26 27 28 29 6.5000000000000009 30 31 1.0000000180025095e-35 32 33 34 1.0000000180025095e-35 21.500000000000004 8.5000000000000018 35 36 5.5000000000000009 128.50000000000003 1.0000000180025095e-35 10.500000000000002 2.5000000000000004 1.0000000180025095e-35 37 6.5000000000000009 184.50000000000003 119.50000000000001 235.50000000000003 7.5000000000000009 12.500000000000002 2.2435177929584471 277.50000000000006
decision_type=9 9 9 9 9 9 9 9 9 2 9 9 9 9 9 9 2 9 9 9 2 9 9 2 9 9 9 9 2 9 9 9 9 9 9 2 9 9 2 9 9 9 2 2 2 9 9 2 2 2 2 2 2 9 2 2 2 2 2 2 2 2
left_child=1 35 3 45 5 12 7 22 50 10 -3 -10 17 -9 -15 54 55 18 49 42 -18 52 -6 26 27 31 30 40 -29 -27 -8 -26 33 -28 -34 36 39 38 -37 -1 -25 51 -5 -38 -32 -2 -47 48 -41 -4 -7 -12 -19 -14 -11 56 -17 -57 -59 -39 61 -61
right_child=2 9 4 19 6 8 23 13 11 15 41 -13 53 14 -16 16 20 21 -20 -21 -22 -23 -24 24 25 29 32 28 -30 -31 44 -33 34 -35 -36 37 43 59 -40 47 -42 -43 -44 -45 -46 46 -48 -49 -50 -51 -52 -53 -54 -55 -56 57 -58 58 -60 60 -62 -63
leaf_value=-0.0095182804990619381 0.00016687627936380346 0.010626771081491616 0.0090317977918049439 -0.010494659110648757 -0.0015765981695669341 -0.0089680718916218313 -0.0047815003219036315 -0.0047754953706178691 -0.0057280612299135452 -0.01049167744026679 0.012006149212690137 -0.0015192894098252142 -0.00068976158317323464 -0.009152220004008442 0.001677909170030198 0.00069683030552062384 -0.01755104685951886 0.0061498531535924056 -0.0089923665251251447 0.003394552256008865 0.00091263669554644269 0.0027238695992329032 -0.010534372016982187 -0.0072112130825325305 0.011871244105103734 0.0042969609869416671 -0.0052576129417097554 0.00085726277851049253 -0.0068132908982991187 -0.0010168977070658114 0.00079905691900344911 0.002237723763554883 -0.0027164159692070703 0.0054532120158504727 -0.00058446499288734302 -0.0047576084532420576 -0.003922138055043334 0.016460358389520268 0.0062169845875102549 0.0014360973347777861 0.0053676302547466699 -0.011936892698121641 0.00010865127692690213 0.0056610325133471086 0.0045109214633617944 0.0059223292259268758 0.023195934420214573 -0.0060731253615362579 0.0047192004761335508 -0.0041995341177869794 -0.019657491341023289 -0.017444427528751683 0.027661945862337518 -0.00068610954545807461 0.014186898892415756 0.027305590637226197 -0.0062753975135153798 0.029713706658736096 -0.0062642075353035237 0.0090135473214377326 -0.0030376583370015698 0.0095146141064583814
leaf_weight=441 117 102 134 266 109 289 258 224 518 40 60 1014 204 106 672 243 111 58 229 277 49 576 239 111 896 1403 1061 185 630 1462 2706 750 3702 1558 9770 255 138 46 62 80 302 312 336 734 1435 102 318 47 56 109 87 45 50 1286 191 69 61 47 122 1007 122 158
leaf_count=441 117 102 134 266 109 289 258 224 518 40 60 1014 204 106 672 243 111 58 229 277 49 576 239 111 896 1403 1061 185 630 1462 2706 750 3702 1558 9770 255 138 46 62 80 302 312 336 734 1435 102 318 47 56 109 87 45 50 1286 191 69 61 47 122 1007 122 158
internal_value=-0.000441712 0.00234375 -0.000823922 0.0042777 -0.00105 -0.00365907 -0.000618 -0.00580882 -0.00834202 -0.00273598 -0.00857418 -0.00635538 -0.000263554 -0.00237154 0.000380711 0.000482315 -0.00252809 0.00325901 -0.00228216 -0.000618673 -0.014375 0.00706052 -0.0153631 -0.000348718 0.00126329 0.00366069 -0.00080039 -0.00751212 -0.0113333 0.00109565 0.0020753 0.00809179 -0.00158686 0.00138836 -0.00216585 0.00468948 0.00213904 0.0070303 -0.00107034 -0.00299685 0.000118203 -0.0122951 -0.00408497 0.00578231 0.00275837 0.0121572 0.0151163 0.00595855 0.0117647 0.00454545 -0.0160622 -0.000434783 0.0194915 -0.003 0.0093361 0.000922509 -0.00361842 0.00672269 0.000887574 0.00889799 0.00835276 0.00957082
internal_weight=38147 4598 33549 1416 32133 4554 27579 1350 1908 1452 519 1532 2646 1002 778 933 702 1156 472 879 160 684 348 26229 5739 4511 20490 1228 815 2865 4399 1646 16091 2619 13472 3146 1496 1650 317 624 413 417 602 872 4141 537 420 183 136 243 376 105 108 1490 231 542 304 238 169 1333 1287 1165
internal_count=38147 4598 33549 1416 32133 4554 27579 1350 1908 1452 519 1532 2646 1002 778 933 702 1156 472 879 160 684 348 26229 5739 4511 20490 1228 815 2865 4399 1646 16091 2619 13472 3146 1496 1650 317 624 413 417 602 872 4141 537 420 183 136 243 376 105 108 1490 231 542 304 238 169 1333 1287 1165
cat_boundaries=0 6 13 19 21 27 34 41 43 45 47 53 59 65 72 78 81 87 93 95 102 108 114 120 127 133 140 146 149 155 161 167 172 178 184 186 192 198 200
cat_threshold=36711490 135266304 1141375364 43520136 393344 475216 528384 3146800 671088640 1140855016 1088 327680 129 2231373417 8434693 8405633 14680064 0 671612948 3634137206 266240 79839232 147456 2189467176 6 3779093248 8421385 268451840 3145752 671088640 67239968 532512 335888384 33 536870932 288096520 604504066 2684357122 1076658181 33571840 17 3221292580 186372 6103424 1081364 16777536 1073758209 75513856 0 41975816 2 536879104 8421376 79708160 0 8421928 6 553648384 32768 17 536870976 268435456 67108864 1 68157440 536870912 0 0 2147483648 524289 16384 16 2050 1048576 67109120 528384 262144 16384 67108992 1612709896 2 0 0 8388648 4 536871168 32768 2147483656 1024 16896 8388608 0 20 0 2097184 0 8 0 2 524289 16384 1 1073746820 29360420 16801793 1057 8395780 14724 294936 2787158529 269877248 17252352 201326664 18350080 3489726597 17302816 16793617 268435553 10525729 12548 0 16 2147483652 1073745960 64 8388608 32 720896 67108864 2281701380 67240016 8256 335872000 147456 0 0 0 9216 276824064 4 147456 4327424 2281701376 1276117152 8192 75563008 3221790760 2316305432 2 17564432 104894592 268500992 1277445120 301989954 123735040 4136 536912389 137625600 16842768 201850884 1573376 3148866 0 524548 33558528 131072 16448 0 135266304 67108992 524288 262144 0 2097168 134217728 40 0 65536 132 0 0 32 4096 14592 76030472 512 3104 8388608 0 8388608 0 536870912 16809984 16 2097152 80 0 524288 8388608 16384
is_linear=0
shrinkage=0.05


Tree=76
num_leaves=63
num_cat=40
split_feature=4 1 4 7 1 1 7 1 1 1 4 1 1 3 3 3 4 1 1 3 4 9 9 1 4 1 1 6 11 1 3 1 3 9 9 9 11 1 4 3 1 6 1 9 11 1 11 1 6 7 4 11 11 1 11 1 3 6 1 1 11 6
split_gain=18.2411 14.9073 22.5714 14.6378 38.2615 17.0663 16.3857 47.6206 31.3862 28.6974 27.5108 46.9496 31.4407 21.1418 18.7499 18.1483 17.5885 31.798 23.6446 16.2343 15.8485 15.5139 15.1947 12.6957 12.563 12.4609 12.4348 12.2919 10.9723 18.0201 13.1329 13.8363 10.9966 11.0613 12.6709 10.9217 10.0685 9.85285 9.59562 9.21436 9.42492 8.71567 8.60408 8.31976 9.64282 8.28533 8.20934 7.96272 7.38478 6.82703 6.73617 6.62796 6.57076 6.55018 6.50327 6.37207 6.14076 6.09916 5.94225 5.62556 5.27037 5.07793
threshold=0 1 2 5.5000000000000009 3 4 3.5000000000000004 5 6 7 8 9 10 11 12 13 14 15 16 17 18 10.500000000000002 8.5000000000000018 19 20 21 22 410.50000000000006 10.500000000000002 23 24 25 26 6.5000000000000009 5.5000000000000009 1.5000000000000002 18.500000000000004 27 28 29 30 117.50000000000001 31 6.5000000000000009 16.500000000000004 32 21.500000000000004 33 25.500000000000004 1.0000000180025095e-35 34 10.500000000000002 15.500000000000002 35 10.500000000000002 36 37 67.500000000000014 38 39 16.500000000000004 26.500000000000004
decision_type=9 9 9 2 9 9 2 9 9 9 9 9 9 9 9 9 9 9 9 9 9 2 2 9 9 9 9 2 2 9 9 9 9 2 2 2 2 9 9 9 9 2 9 2 2 9 2 9 2 2 9 2 2 9 2 9 9 2 9 9 2 2
left_child=25 2 -2 6 24 -6 8 39 20 13 11 21 14 -9 -12 -14 18 -18 -11 37 23 -10 -13 60 -5 -1 -15 -25 29 32 -30 43 41 34 -34 -31 55 57 45 46 -41 -4 54 44 -32 -22 53 61 -38 -37 -27 -49 -42 -8 -21 -33 -45 -7 -40 -35 -3 -26
right_child=1 3 28 4 5 19 7 9 10 16 12 22 15 26 -16 -17 17 -19 -20 42 38 -23 -24 27 47 50 -28 -29 30 35 31 36 33 59 -36 49 48 -39 58 40 52 -43 -44 56 -46 -47 -48 51 -50 -51 -52 -53 -54 -55 -56 -57 -58 -59 -60 -61 -62 -63
leaf_value=0.0043731405175948283 0.012673910836032698 -0.022163135893206811 -0.0033898624656712342 -0.0017569266391744332 -0.011510361696700245 0.02634996086236931 0.0070531589258824362 -0.0052677605127211986 -0.01081731673110678 0.0068497038368034785 0.0073964465988091924 -0.0025319246694142485 -0.0022115672581640988 -0.0015915897426151627 7.6460315164667011e-05 0.0015698869009111551 -0.0067546326297315386 0.00090344861129587346 6.25587223963553e-06 -0.0028525086072691778 0.00075694238364278359 -0.00096435355759840748 0.0015400729340014853 0.0042335133768007681 -0.0074920351100488062 -0.0025109738564450812 0.0028426599885547745 -0.013358810295353669 -0.0032954863140626511 -0.01433909067723429 0.0022013234249266714 0.0021124680723304868 -0.013802302839850617 0.0011875500280285501 -0.039579143834080482 -0.009854714059874016 -0.013323065222918052 -0.00036440342230998902 0.0063604166966130587 -0.0017151993183763372 0.0073345918640616682 0.018690875469558155 -0.0013341980942122801 -0.0037353786719046714 -0.013090620337162951 0.018954779609814332 0.014733372202552953 0.024972813293519081 0.0046177906971173414 0.0074926762184649555 -0.0096690633126466398 0.012608493738738707 -6.4566104432975388e-05 0.0060969726546525223 -0.010080173569220025 0.013522984704958703 0.0064894161188405854 0.006026179097452556 0.0018720447154371379 -0.0071267906738006984 -0.00075963007056540916 0.0034655307420938808
leaf_weight=110 402 142 58 269 581 40 260 1061 1759 1535 1374 3328 5390 213 1390 1601 691 1160 2149 186 102 387 1704 275 46 486 376 58 468 40 164 634 254 135 83 66 81 513 943 217 171 49 706 136 172 254 85 89 338 381 216 298 114 865 564 540 353 61 1449 197 75 303
leaf_count=110 402 142 58 269 581 40 260 1061 1759 1535 1374 3328 5390 213 1390 1601 691 1160 2149 186 102 387 1704 275 46 486 376 58 468 40 164 634 254 135 83 66 81 513 943 217 171 49 706 136 172 254 85 89 338 381 216 298 114 865 564 540 353 61 1449 197 75 303
internal_value=-0.000418119 -0.000255724 0.00242271 -0.000628164 -0.0036105 -0.00674558 -0.000254051 0.00153423 -0.00104048 -0.000257123 -0.00190934 -0.0042571 -0.000179211 -0.0060241 0.00432588 -0.00196401 0.00146979 -0.00249866 0.00346508 -0.00456731 0.00341596 -0.010436 -0.00160651 -0.00428571 0.0046798 -0.00778589 0.00158598 0.00189504 0.00131041 -0.00257324 0.00301455 0.00448929 -0.00725191 -0.00964654 -0.0161721 0.00492958 0.00720524 0.00224359 0.00496737 0.00900116 0.003125 0.00726496 -0.0074352 -0.000778443 -0.00684524 0.0125683 0.0113934 0.0080429 0.000596659 0.00727069 -0.0102528 0.0129723 0.00898305 0.0103556 -0.0111842 0.00962521 0.00337423 0.0157658 0.00378851 -0.00331325 -0.0134361 0.00236769
internal_weight=38147 37335 4551 32784 3656 2651 29128 8897 20231 7185 16933 7178 9755 1650 2764 6991 5535 1851 3684 2070 3298 2146 5032 550 1005 812 589 333 4149 1263 2886 2418 776 669 337 487 1593 614 2748 1712 502 107 1456 825 336 356 1210 736 419 447 702 387 285 1125 750 1174 489 101 2392 332 217 349
internal_count=38147 37335 4551 32784 3656 2651 29128 8897 20231 7185 16933 7178 9755 1650 2764 6991 5535 1851 3684 2070 3298 2146 5032 550 1005 812 589 333 4149 1263 2886 2418 776 669 337 487 1593 614 2748 1712 502 107 1456 825 336 356 1210 736 419 447 702 387 285 1125 750 1174 489 101 2392 332 217 349
cat_boundaries=0 6 12 19 25 31 37 43 49 56 62 68 70 73 76 83 89 95 97 104 109 116 122 127 133 136 142 144 150 157 160 166 172 177 183 189 195 201 203 209 213
cat_threshold=2692743489 287572224 268435458 2684372480 10485761 2181039104 8423938 1210580992 1141375360 1116213385 136446080 213584 0 67109936 536871424 1073743952 4194400 256 1 1076428800 88097409 2416057376 2147878912 69723 67110016 538210688 2155914496 5 150994982 4194560 1056768 1141903364 67141888 16781920 335562770 574881826 68161664 539300864 11284 135315461 151126304 8394764 16786689 539427840 4216852 2550349825 131104 16784968 16786432 268640264 8519680 679477252 1276131378 1074528288 603980032 37 1589316 2248146944 2197822504 335560704 1145045283 71598080 134750473 2147483968 16778264 335561728 67176259 80775172 10952706 2821201941 18874370 2283815956 8 8945803 137379918 8 268570632 9437184 2147483648 1275203744 540742 612696336 164 549057 8388641 8658944 134479936 268435712 46663684 17326272 2743074817 8659968 136380484 335552512 46661632 67731648 3767533581 135168 32 536871424 131072 262240 8388608 128 536870912 16 1048576 16908288 8392712 0 0 2147483648 4168 0 268435456 128 16 0 4456448 64 80 33554432 2293760 4210704 134217728 0 6144 8421378 1210056704 524288 8392833 128 65536 1141375334 2684354587 2 2560 524288 67633408 1107820544 134217856 16960 2621440 8388609 0 0 16384 64 524320 8916994 12 132112 4 194 8192 262160 32 2158661634 2820669450 1 1048580 33024 512 18432 32 1052672 20 80 150233096 2098240 336068608 8916992 536870912 9232 134217732 0 8388608 0 67108993 132096 2147485696 69720 128 2692743169 2097152 268435456 2147484160 1 2147484672 68157444 0 512 67108864 0 1048576 32768 2097152 128 9 2097152 65536 131072 16384 537203712 1044 134250500 0 8388616 16777216 2 0 0 4097
is_linear=0
shrinkage=0.05


Tree=77
num_leaves=63
num_cat=36
split_feature=1 9 3 1 3 1 1 3 2 1 3 1 9 3 3 2 6 10 0 3 3 1 1 6 7 7 5 0 6 7 0 9 1 1 3 0 7 9 1 3 9 1 3 1 5 6 2 0 3 1 7 3 1 7 6 1 3 10 6 2 2 1
split_gain=13.4427 20.4194 20.9272 24.7297 18.8442 13.1276 11.8698 9.99414 19.9786 9.45616 25.088 15.1221 9.82997 9.70109 9.31898 9.29956 9.42484 8.88438 8.57897 8.51912 8.21693 32.074 13.2934 8.90218 8.08956 10.2724 8.08688 7.87604 9.30268 10.465 8.66691 7.61371 9.2626 8.30567 7.51287 7.46404 7.41834 10.6996 7.29685 15.1981 12.255 43.3444 18.6006 9.917 7.38415 6.84674 6.83315 6.69257 6.62214 7.28833 6.53571 6.396 6.15831 7.32996 9.37746 6.14151 6.45116 13.7451 10.8421 7.5756 6.09477 5.68078
threshold=0 6.5000000000000009 1 2 3 4 5 6 7 8 9 10 6.5000000000000009 11 12 13 32.500000000000007 1.0000000180025095e-35 1.2694119525683281 14 15 16 17 265.50000000000006 2.5000000000000004 5.5000000000000009 4.5000000000000009 1.675692386474688 243.50000000000003 1.0000000180025095e-35 1.8047386805284276 8.5000000000000018 18 19 20 2.1915633113135331 3.5000000000000004 5.5000000000000009 21 22 10.500000000000002 23 24 25 2.5000000000000004 136.50000000000003 26 2.2435177929584471 27 28 2.5000000000000004 29 30 2.5000000000000004 91.500000000000014 31 32 1.0000000180025095e-35 27.500000000000004 33 34 35
decision_type=9 2 9 9 9 9 9 9 9 9 9 9 2 9 9 9 2 2 2 9 9 9 9 2 2 2 2 2 2 2 2 2 9 9 9 2 2 2 9 9 2 9 9 9 2 2 9 2 9 9 2 9 9 2 2 9 9 2 2 9 9 9
left_child=1 4 6 -4 15 14 19 8 17 10 11 18 -13 -14 -6 -1 -17 51 -9 52 21 31 36 60 35 34 38 28 29 -8 -29 32 45 -33 -26 -7 37 -23 39 43 42 -42 -40 -22 -41 -11 -25 -32 49 -5 -15 -2 -3 -54 -55 56 57 59 -59 -12 -24 -10
right_child=7 2 3 48 5 24 27 9 61 20 55 12 13 50 -16 16 -18 -19 -20 -21 26 22 23 46 25 -27 -28 30 -30 -31 47 33 -34 -35 -36 -37 -38 -39 40 44 41 -43 -44 -45 -46 -47 -48 -49 -50 -51 -52 -53 53 54 -56 -57 -58 58 -60 -61 -62 -63
leaf_value=-0.010925522420141593 -0.0012404773470785615 -0.0057449364277302739 0.026111391226429827 -0.0021498366188418051 0.011696214026605806 -0.012310092803229295 0.00031230783168713643 -0.00055817047202904593 0.0096423591155637371 0.0078841260374086907 0.0072385125199761202 0.0017884954082897364 -7.0003088861125833e-06 -0.015207495120315138 -0.00095486324872931516 -0.0044367229457301207 0.0089516729736940134 0.0034871995071776188 -0.012150307107828906 0.009447476460655458 -0.00038504099050117594 -0.0076684422002183715 0.00019478980577385954 -0.0044332594452199557 0.002140518940002467 -0.012292288798457812 -0.019151127871579295 9.6756512927037575e-05 0.027635191721797181 0.00691654691090407 0.010086712413067623 -0.019424765582968698 -0.0080055286477723805 -0.013971082661228863 -0.0030792829247067808 0.011683206397848506 0.0056309260004417834 0.011595022472016971 -0.0016425959499607068 -7.9101556443300644e-05 0.013007800052858133 -0.0002658578689170854 0.00054044806295991952 -0.007076317501124924 -0.0025601179408481279 -0.0029584465246449698 0.0087582503457668392 -0.01704850522092758 -0.0056882838235006068 0.0034871063180544563 -0.0066919918900839193 -0.017155203528540598 0.0083221913793567245 0.0064950622063739477 -0.023402881732915437 -0.00062906120976712336 -0.0011537256749922121 -0.0047612548398661362 0.0051851007007713504 -0.0083765718080522304 -0.0059416848606814471 0.0070165653385092291
leaf_weight=108 110 135 204 277 120 486 50 52 102 53 136 209 120 66 336 67 431 227 205 192 464 44 264 121 316 141 87 228 67 174 526 102 226 103 254 66 86 109 7216 6152 1070 2667 7657 554 623 54 222 51 261 370 82 140 112 87 50 983 1195 60 305 172 350 650
leaf_count=108 110 135 204 277 120 486 50 52 102 53 136 209 120 66 336 67 431 227 205 192 464 44 264 121 316 141 87 228 67 174 526 102 226 103 254 66 86 109 7216 6152 1070 2667 7657 554 623 54 222 51 261 370 82 140 112 87 50 983 1195 60 305 172 350 650
internal_value=-0.000284426 0.00210002 0.00499282 -0.000356506 -0.00135484 -0.00401966 0.00850178 -0.000653595 0.00375303 -0.000824979 -0.00324061 -0.0114247 -0.00585216 -0.0123134 0.00321888 0.00616883 0.00905512 -0.00420945 -0.021161 0.00255973 -0.000517107 -0.00384174 0.000746269 -0.00191313 -0.00663786 -0.00316456 -0.000298113 0.0115732 0.0187285 0.0138393 0.00913043 -0.0138686 -0.00945946 -0.0217073 -0.000175439 -0.0112319 0.0110442 0.00490196 -0.000248078 -0.00153146 0.000290011 0.00284988 -0.000352989 -0.00719844 -0.000670597 0.00299145 0.00451895 0.0123917 -0.00392157 -0.00114155 -0.0202532 -0.0108 -0.00177665 0.00289575 -0.00474453 -0.00110101 0.000585729 0.00446559 0.0110959 -0.00324675 -0.00553746 0.00879265
internal_weight=38147 5109 2784 1112 2325 1719 1672 33038 1229 31809 3585 734 477 268 456 606 498 477 257 576 28224 1734 1196 957 1263 711 26490 1096 291 224 805 538 333 205 570 552 239 153 26403 7793 18610 3737 14873 1018 6775 107 343 577 908 647 148 250 384 249 137 2851 1868 673 365 308 614 752
internal_count=38147 5109 2784 1112 2325 1719 1672 33038 1229 31809 3585 734 477 268 456 606 498 477 257 576 28224 1734 1196 957 1263 711 26490 1096 291 224 805 538 333 205 570 552 239 153 26403 7793 18610 3737 14873 1018 6775 107 343 577 908 647 148 250 384 249 137 2851 1868 673 365 308 614 752
cat_boundaries=0 6 9 14 17 23 29 31 33 39 42 48 51 53 55 57 60 66 72 77 81 83 89 91 97 100 106 108 111 115 117 121 127 129 131 133 137
cat_threshold=271624194 1091600384 1158152580 42602648 67239936 197120 11239815 2155880455 1 8192 16809984 256 528384 131072 2299265026 1744846852 9 270532608 1091567616 84410496 9043976 131072 131072 40960 1091600384 83886336 8912904 131072 512 50358308 14352 614509248 21504010 75894952 131076 2181078048 135266306 3774899072 32769 73208009 1209008192 10 75763840 0 4096 134217730 0 32768 262144 1207959552 8 8486912 2147483648 268435968 131210 8617984 8388608 402657281 38 1 1073758212 612372480 410124800 2149581888 4128 4096 17367040 33554433 8192 2049 134217728 100663424 16384 0 1180160 2097152 32 1073741824 4096 3276800 2097152 8519680 2097152 4784208 2147502976 268705792 2100256 171966470 36206616 2148073922 1661469696 1073743360 42472448 136331776 84164612 2398240 263300 545423362 1787823169 2 524304 16512 268435456 1024 138412032 34082816 67239936 8 16781376 136331288 8 3147776 1073741824 16777348 33685504 16777248 16 40960 0 67108864 524288 75763872 0 6176 134217730 16777472 32768 142737410 8912896 1074790400 32896 393344 2097164 145 16384 270532608 1
is_linear=0
shrinkage=0.05


Tree=78
num_leaves=63
num_cat=40
split_feature=1 3 9 1 1 1 7 9 1 3 1 7 1 3 6 1 10 0 1 3 6 1 9 11 1 1 3 1 1 3 1 3 1 3 3 11 3 1 1 1 3 1 9 3 3 1 3 0 3 0 3 3 6 1 6 6 1 11 11 6 0 11
split_gain=12.8705 16.6185 14.5864 11.6567 10.9444 10.618 16.851 11.2111 19.9304 10.4647 16.3858 10.2684 9.67453 21.5045 9.63105 9.21127 10.6425 9.99244 9.0704 8.87694 10.2943 8.86681 15.3581 8.83988 35.5172 25.6026 23.4453 25.8343 24.7676 17.8825 24.3601 14.9402 13.8677 16.0993 13.3771 13.2614 14.7479 13.2045 13.1691 12.0951 11.9598 11.5866 10.9709 9.49777 9.14588 9.11075 8.7527 8.72478 8.61525 8.43339 8.42196 8.27436 8.0745 7.77138 7.43876 7.26625 7.13529 6.99183 8.24578 6.83352 6.77751 6.69762
threshold=0 1 6.5000000000000009 2 3 4 3.5000000000000004 2.5000000000000004 5 6 7 4.5000000000000009 8 9 566.50000000000011 10 1.0000000180025095e-35 1.8287165970972137 11 12 154.50000000000003 13 7.5000000000000009 12.500000000000002 14 15 16 17 18 19 20 21 22 23 24 9.5000000000000018 25 26 27 28 29 30 7.5000000000000009 31 32 33 34 2.0402482021633248 35 1.5109441130828716 36 37 95.500000000000014 38 12.500000000000002 58.500000000000007 39 7.5000000000000009 8.5000000000000018 231.50000000000003 1.6812785568800701 5.5000000000000009
decision_type=9 9 2 9 9 9 2 2 9 9 9 2 9 9 2 9 2 2 9 9 2 9 2 2 9 9 9 9 9 9 9 9 9 9 9 2 9 9 9 9 9 9 2 9 9 9 9 2 9 2 9 9 2 9 2 2 9 2 2 2 2 2
left_child=1 2 5 -3 46 19 7 -7 47 10 -2 59 13 15 -5 16 48 -18 -12 20 -1 22 55 24 35 31 28 40 53 30 -27 41 34 -34 -31 36 -14 -33 43 -32 -28 44 -29 -37 -25 -38 56 -9 52 -30 -40 -43 -11 -26 -17 60 -4 61 -59 -8 -15 -56
right_child=9 3 4 14 -6 6 11 8 -10 12 18 -13 23 21 -16 54 17 -19 -20 -21 -22 -23 -24 25 26 29 27 42 49 32 39 37 33 -35 -36 38 45 -39 50 -41 -42 51 -44 -45 -46 -47 -48 -49 -50 -51 -52 -53 -54 -55 57 -57 -58 58 -60 -61 -62 -63
leaf_value=-0.0041241613940838032 0.0024012683057802022 0.0044577611025699128 0.0028029079990577136 -0.001189298334921607 0.0064141814748098942 0.0034697850142905496 0.0076228375939767501 -0.016717410049357857 0.00063320468930376799 0.020571302316389675 -0.0083781988824157046 0.0022001186822552922 -0.0066854967784703012 -0.029095000676606909 -0.01510266342018054 -0.014470737263519641 -0.019113142520690237 -0.0034016984657439134 -0.0022405891341961913 -0.0064394550099854068 0.0097192869928643955 -0.00054650456024135652 0.018245541844780166 0.0066406094993064274 -0.0095580930311402745 -0.0099318194530785015 -0.0048767039320365864 -0.0030082942956203619 0.0076583236268549099 0.0053551770942584067 0.013568984242834337 0.012196089868307136 -0.0041708285492408513 0.00035208252844223797 -0.0036193062435852744 -0.0024053934327139762 -0.0003025945658526874 0.0024762528622649439 0.0046770146702487586 0.0040803182200861493 -0.010122809686618162 0.00091716175296167055 0.0002375110009275705 0.0051255442858473528 -0.0020138099036513812 0.0078958427575391843 0.0083497380554071639 -0.023289680422926864 -0.012021702634807974 0.0052507692648397055 0.014122520798664063 -0.0012206763514390096 -0.0027080723765649187 -0.00024565757907428764 -0.00014117159380777622 0.006919864170197576 -0.0086657573003307894 0.0146465802543519 -0.00083734853641660451 0.0020334929930023392 -0.0017737637661534246 -0.024444007482225045
leaf_weight=233 337 451 124 1371 1238 207 127 55 231 56 222 163 423 41 66 52 95 143 1030 329 176 1922 240 753 206 216 1170 2341 178 608 223 555 618 6192 2745 307 775 686 261 742 1215 1383 2061 500 252 488 339 52 141 595 422 637 79 471 54 153 151 72 990 48 67 69
leaf_count=233 337 451 124 1371 1238 207 127 55 231 56 222 163 423 41 66 52 95 143 1030 329 176 1922 240 753 206 216 1170 2341 178 608 223 555 618 6192 2745 307 775 686 261 742 1215 1383 2061 500 252 488 339 52 141 595 422 637 79 471 54 153 151 72 990 48 67 69
internal_value=-0.000342098 0.00192702 0.00397646 -0.00184405 0.00701944 0.000524368 0.00419933 -0.00119266 -0.00680473 -0.000713502 -0.00465916 0.0130178 -0.000511103 -0.00274857 -0.00404285 -0.00695627 -0.0125954 -0.0205882 -0.00729002 -0.00387701 0.00107399 0.000308261 0.00616438 -0.000164614 -0.00122229 0.000608584 -0.00295259 -0.00418567 0.00280822 -0.000634138 0.00516373 0.00390552 -0.0013123 -1.46628e-05 -0.00393993 0.00326428 0.000237248 0.00851319 0.00671141 0.0085641 -0.00837161 0.00199341 -0.0019039 0.00226438 0.00635468 0.0029458 0.00144231 -0.0235043 -0.00615942 0.00887612 0.0117605 -0.000197044 0.00310345 -0.00414847 -0.00453087 -0.00210728 -0.00508772 -0.00375527 -0.00244821 0.0214286 -0.012037 -0.0150407
internal_weight=38147 5361 3473 1888 1852 1621 883 545 338 32786 1589 338 31197 4174 1437 1751 514 238 1252 738 409 2423 501 27023 11413 15610 8237 6787 1450 11344 1181 4266 10163 6810 3353 3176 1686 1241 1490 965 2385 3025 4402 807 1005 1263 614 107 276 773 683 2020 135 677 1237 261 275 1185 1062 175 108 123
internal_count=38147 5361 3473 1888 1852 1621 883 545 338 32786 1589 338 31197 4174 1437 1751 514 238 1252 738 409 2423 501 27023 11413 15610 8237 6787 1450 11344 1181 4266 10163 6810 3353 3176 1686 1241 1490 965 2385 3025 4402 807 1005 1263 614 107 276 773 683 2020 135 677 1237 261 275 1185 1062 175 108 123
cat_boundaries=0 6 9 15 21 27 31 34 40 46 49 54 60 63 68 74 80 83 89 95 97 103 106 112 115 117 119 125 131 135 137 143 146 148 154 157 159 161 164 170 175
cat_threshold=277916162 1091569664 1158152580 42602648 75628544 196608 2443940096 3363848262 9 41474 1048576 67108864 655488 131072 131072 41472 1091569664 84410368 655368 131072 131072 268444162 1048576 4 33558656 75628544 131072 1048576 16777216 16777344 16 809505297 114 1 17498240 37748737 1122304 2049 268435472 67375232 659872 164352 2181075464 34 2707450752 561160 75858248 3892887560 2 4512 33280 33280 2 8704 2375681 209715200 270794752 2147483712 1024 2 720896 142622720 8 384 33280 512 2 8192 620757085 2625808 6422560 1090584896 790546 8398928 174326784 176168960 134545473 67110913 1241547784 5521795 151789824 2684370948 2 168034304 2864709696 134219777 337644544 1207960584 7618947 1241530368 100663329 134504448 2686730245 268435457 88096772 2231634222 167813120 16777216 17 131072 0 268701747 16779264 2291007874 2686468109 2 67108956 2643332 6309920 3372237056 786432 8399440 134217728 2148009996 2 1073848384 2148007944 137625730 1082671112 2097152 8388608 262208 2048 1107297288 262272 16777237 524304 2228256 16842752 524288 8388672 0 71843840 1067008 2283799552 2130022 136847368 40109056 167780352 134217729 67108864 134250496 257 2223046784 1210056704 10 8519680 538968065 16777221 2101520 4194304 16777216 18 8390672 200704 2147500032 8 8421376 1073758208 11042880 2826960896 134873216 2149580809 2 1107312640 67108864 262144 262144 0 71303168 33280 16777216 524288 8 131072
is_linear=0
shrinkage=0.05


Tree=79
num_leaves=63
num_cat=37
split_feature=4 2 1 3 1 4 2 1 4 1 4 1 11 9 3 1 7 4 9 1 4 9 1 3 4 4 1 11 4 7 9 2 11 7 3 11 4 7 1 1 9 1 2 7 3 7 1 3 4 9 9 4 9 11 2 2 11 11 9 9 7 9
split_gain=16.6658 18.0568 13.3444 15.7859 11.9753 11.0157 23.6411 10.6951 22.4984 11.9423 8.27739 8.09354 8.01596 7.94537 10.9257 16.5657 10.4873 7.7856 7.86545 47.8244 26.0355 17.9637 13.2513 18.0515 12.2761 7.63897 9.86729 8.50598 7.51428 7.4214 6.91131 6.32469 6.94048 6.09367 8.94843 6.04253 5.98411 5.60156 5.5712 5.46654 5.3501 5.34532 5.21349 5.13439 4.8949 4.79639 4.75347 4.65779 4.45378 4.41093 4.40941 4.13705 3.98184 3.93197 3.84151 3.78424 3.7458 3.68006 3.23462 3.19439 3.14823 3.14502
threshold=0 1 2 3 4 5 6 7 8 9 10 11 11.500000000000002 6.5000000000000009 12 13 3.5000000000000004 14 3.5000000000000004 15 16 1.5000000000000002 17 18 19 20 21 7.5000000000000009 22 1.5000000000000002 2.5000000000000004 23 9.5000000000000018 3.5000000000000004 24 21.500000000000004 25 4.5000000000000009 26 27 5.5000000000000009 28 29 4.5000000000000009 30 3.5000000000000004 31 32 33 7.5000000000000009 9.5000000000000018 34 6.5000000000000009 17.500000000000004 35 36 12.500000000000002 20.500000000000004 6.5000000000000009 2.5000000000000004 1.5000000000000002 9.5000000000000018
decision_type=9 9 9 9 9 9 9 9 9 9 9 9 2 2 9 9 2 9 2 9 9 2 9 9 9 9 9 2 9 2 2 9 2 2 9 2 9 2 9 9 2 9 9 2 9 2 9 9 9 2 2 9 2 2 9 9 2 2 2 2 2 2
left_child=1 36 3 4 -2 6 11 8 9 -7 12 49 -3 14 15 29 40 39 19 21 -21 -19 23 -20 -24 38 44 -28 -10 -5 -13 -8 -33 34 -11 41 60 -35 -15 58 -17 -30 -16 -41 -27 53 -31 -29 52 -4 -40 -6 -34 -14 56 -12 -38 -44 -9 -18 -1 -56
right_child=2 10 5 13 51 7 31 17 28 33 55 30 45 25 42 16 59 18 22 20 -22 -23 24 -25 -26 26 27 47 35 46 -32 32 48 37 -36 -37 54 -39 50 43 -42 -43 57 -45 -46 -47 -48 -49 -50 -51 -52 -53 -54 -55 61 -57 -58 -59 -60 -61 -62 -63
leaf_value=-0.0013702073648723086 0.0039895922795108564 -0.0089371150935875342 -0.0047310149375013877 -0.021201462182126308 -0.0041531289828710353 -0.0067272290844920153 -0.01349956249472134 0.012803995459275928 0.0079097568132198096 0.002586896289539631 -0.002340976351651796 0.00012307931470949553 0.00061813809435893046 0.020181295474572439 -0.0028991839428700317 0.003465228117266528 0.011811147039485959 0.011878045719207021 -0.0067256040902167885 -0.0061627809705752882 -9.3794912075928499e-05 0.0020467415217946374 -0.00036127154104372006 -0.00040173487981862155 0.00095015099758747343 -0.0029716315696870278 0.014246367824493601 0.0084526139882279191 0.0019722197801880586 -0.0075302611988516737 0.018937945991294926 -0.011027089179824923 0.00078455120007856491 0.012436577763568013 -0.011510540607647259 0.010398970977631445 -0.00082284963663694646 -0.0013141851614114409 5.6577169393312593e-05 -0.0065462872123018441 -0.016818063528189996 -0.0011808848980935317 0.0078554933483707904 0.0013738375417782335 0.0049112443305763037 0.0051636659745218031 9.267005013491314e-05 6.9890591096344326e-05 -0.00027204021499544487 0.016724992990856159 0.021755155429762297 -0.01084146511391092 0.025701952192582089 -0.0050788696362913058 -0.00035701390247854241 -0.011075904489366085 -0.0078132522826375502 -0.0023432213288810512 -0.0026830323045766271 0.0095394895994524616 0.0079035346575005942 0.0044518804721201399
leaf_weight=66 254 127 63 151 525 261 102 40 124 101 100 79 98 120 109 206 51 523 582 2465 1889 973 4780 4404 11672 289 103 418 406 113 298 88 58 98 307 178 50 157 101 320 58 2628 428 68 189 79 205 219 230 40 106 179 48 49 113 217 55 42 64 92 146 43
leaf_count=66 254 127 63 151 525 261 102 40 124 101 100 79 98 120 109 206 51 523 582 2465 1889 973 4780 4404 11672 289 103 418 406 113 298 88 58 98 307 178 50 157 101 320 58 2628 428 68 189 79 205 219 230 40 106 179 48 49 113 217 55 42 64 92 146 43
internal_value=-0.00045482 -0.00637467 -0.000270168 0.00246976 -0.00309917 -0.000598984 0.00452756 -0.00076131 -0.00309133 -0.00995717 -0.0116176 0.012449 -0.00592287 0.00425249 0.00161512 -0.00191874 0.00539568 -0.000403023 -0.000289398 -0.00191453 -0.00456004 0.00577689 0.000153932 -0.00210168 0.000838294 0.00676375 0.00480456 0.0084 -0.00116557 -0.00824635 0.0158915 -0.00279851 0 -0.00616642 -0.010049 -0.00164494 0.00113872 -0.000196078 0.0135015 -0.00657371 -0.000378788 -0.00217535 0.00687606 -0.00929648 -0.000819672 -0.000442478 -0.00408805 0.00635793 0.00327381 -0.000442478 0.00760369 -0.00644258 0.0112069 -0.00578231 -0.00387454 -0.0175841 -0.0108696 0.00916667 0.00350877 0.0164336 0.00720721 0.00120482
internal_weight=38147 1143 37004 3958 958 33046 1006 32040 4260 924 670 480 353 3000 1455 876 407 27780 27288 5850 4354 1496 21438 4986 16452 1545 1218 740 3336 469 377 526 424 663 408 3212 473 255 327 492 264 3034 579 388 478 226 318 637 336 103 207 704 106 147 261 317 105 470 104 143 212 156
internal_count=38147 1143 37004 3958 958 33046 1006 32040 4260 924 670 480 353 3000 1455 876 407 27780 27288 5850 4354 1496 21438 4986 16452 1545 1218 740 3336 469 377 526 424 663 408 3212 473 255 327 492 264 3034 579 388 478 226 318 637 336 103 207 704 106 147 261 317 105 470 104 143 212 156
cat_boundaries=0 7 9 15 17 23 30 32 38 45 51 57 63 65 71 78 84 90 96 98 105 112 118 124 126 129 136 139 145 151 153 156 162 165 171 177 178 180
cat_threshold=2692744449 287572232 268435458 2685412864 2359813 2181039104 4 1480499269 2752514 268478530 1074268416 1158218116 42471576 0 213824 1140851008 2687501336 268445698 0 524288 8912896 0 16384 83888676 8436741 84017281 12582912 545259520 537395220 16 3493495027 10622080 46137608 9601024 2189432864 1030 3913572480 8945680 268967936 32 2147483648 1073746128 4211744 256 160 8388608 0 0 1030 20971520 8421392 545260800 2097152 0 2147491840 513 2147484672 16777472 16 134219776 0 16 67112960 2293399556 134217731 10242 0 260 33558528 0 81984 0 0 537395200 2050 1073741824 128 1 1075577989 2199916592 73 69206016 268963888 72351748 196608 1048624 2147484164 131112 0 69533696 1209614468 2149584944 33881 201589024 268964360 1048581 1208484013 2282749953 268984320 4849664 0 4304 1090 75759616 128 8 16 512 4096 0 8388624 1 40960 1074268160 83951616 8912896 0 131840 8 4194320 512 0 0 16384 537133568 540672 786432 0 8 2147483648 8 268435456 1057280 262660 0 4 40962 524288 65664 16793600 64 1 536870912 67108864 4096 12582912 0 0 2 134217728 32784 525824 262400 8617984 0 8 8192 0 4 0 0 16448 268664832 8404992 8 36 10240 0 8388608 0 536870912 0 1024 0 0 536870912 67174400 404914176 33554448 69760
is_linear=0
shrinkage=0.05


Tree=80
num_leaves=63
num_cat=40
split_feature=4 2 7 1 1 7 1 1 1 4 1 1 1 1 9 4 1 1 3 3 3 6 4 6 3 3 1 1 3 9 2 9 9 1 9 4 2 2 3 4 2 9 9 1 1 4 3 9 9 9 9 9 6 1 4 0 6 6 3 6 4 6
split_gain=13.7709 13.1107 12.2617 44.8483 23.8914 18.9333 46.1155 34.1617 27.7004 23.8489 61.5021 46.2863 26.7167 24.5001 20.2374 19.1683 40.4505 29.1606 15.1514 14.2031 14.026 13.701 12.7819 12.3261 11.9208 11.6081 20.8582 20.4757 11.4409 11.3059 10.6894 10.6382 10.589 11.461 9.69134 9.47671 9.32471 9.14713 9.04361 9.00665 8.83372 12.4596 8.97487 8.33182 8.13547 8.11833 7.72084 7.62278 7.05712 6.80556 6.72061 8.07351 9.46194 9.06218 6.55166 6.43769 6.14713 5.72588 5.70675 5.70663 5.56767 6.73137
threshold=0 1 5.5000000000000009 2 3 3.5000000000000004 4 5 6 7 8 9 10 11 10.500000000000002 12 13 14 15 16 17 204.50000000000003 18 269.50000000000006 19 20 21 22 23 2.5000000000000004 24 9.5000000000000018 1.5000000000000002 25 8.5000000000000018 26 27 28 29 30 31 2.5000000000000004 4.5000000000000009 32 33 34 35 11.500000000000002 8.5000000000000018 4.5000000000000009 11.500000000000002 6.5000000000000009 566.50000000000011 36 37 1.74570285545726 124.50000000000001 67.500000000000014 38 152.50000000000003 39 154.50000000000003
decision_type=9 9 2 9 9 2 9 9 9 9 9 9 9 9 2 9 9 9 9 9 9 2 9 2 9 9 9 9 9 2 9 2 2 9 2 9 9 9 9 9 9 2 2 9 9 9 9 2 2 2 2 2 2 9 9 2 2 2 9 2 9 2
left_child=1 -1 5 47 38 7 20 22 18 10 14 28 24 35 31 17 29 34 59 -18 -7 -14 32 -19 -13 27 45 -6 36 -17 -16 -9 -2 49 -10 -12 -11 48 55 -15 41 -40 -42 -20 -28 -27 -45 -4 -29 -34 51 53 -53 -24 -30 -5 -52 -39 -43 -8 61 -3
right_child=2 60 3 4 25 6 8 9 15 11 13 12 21 39 30 16 19 23 43 -21 -22 -23 50 -25 -26 26 44 37 54 -31 -32 -33 33 -35 -36 -37 -38 57 40 -41 42 58 -44 46 -46 -47 -48 -49 -50 -51 56 52 -54 -55 -56 -57 -58 -59 -60 -61 -62 -63
leaf_value=0.0002730414415469229 0.010870109852342586 0.0040696407118446685 0.0076608192602868226 -0.019703810868490681 0.0032334044066665599 0.0014622738574592399 0.0020058772676519675 -0.01263664416452095 0.0041453106628588478 0.02345326409845936 -0.0044902275015288222 -0.0088619530918389502 -0.0014591896750829393 -0.00053931105350304715 0.014130763584572326 0.0024959786994569579 0.002487154368413447 -3.785583440786278e-05 -0.011272697210800953 -0.00098067289525671786 0.006956398946204429 0.0012034216294580958 -0.0018213680597016836 0.0084442731443556962 -0.0013378386281602151 -0.0080122304054307449 0.012954593028681384 -0.013576529005972405 -0.00039193569240310034 -0.0059568713796345546 -0.004025715639729018 -0.010129377749999108 -0.015985511872825965 0.00075506468948053913 0.019448765458553199 0.0061288440646128928 0.0094223622244961613 0.0022299946162713359 -0.019801990214243528 -0.0047712565474245855 -0.00060043245987158322 -0.0077907080225782304 -0.011639965164223394 -0.001625330863620292 0.0015793175457387565 -0.00016134569441080828 8.5509188883636797e-05 -0.0091292114447012133 -0.0049820537472018318 -0.0074589263536233193 -0.010682662691022483 0.013962723667366268 -0.015480530568383655 0.0092828557155925414 0.0048482987728319773 -0.007679030207340321 0.013210377718520051 -0.0068965874899410921 0.0053760405885978193 0.00058762038824781157 -0.0071489395917369546 -0.0044230993672552382
leaf_weight=334 46 56 692 63 238 665 58 1583 543 114 108 1112 5021 3194 225 180 1939 1780 459 589 1284 2992 378 239 697 376 107 243 393 1051 226 280 60 452 354 1189 279 156 54 928 92 159 294 426 735 287 404 96 181 180 105 966 43 683 1694 48 82 276 113 122 240 184
leaf_count=334 46 56 692 63 238 665 58 1583 543 114 108 1112 5021 3194 225 180 1939 1780 459 589 1284 2992 378 239 697 376 107 243 393 1051 226 280 60 452 354 1189 279 156 54 928 92 159 294 426 735 287 404 96 181 180 105 966 43 683 1694 48 82 276 113 122 240 184
internal_value=-0.000402391 -0.00679612 -0.000261093 -0.00280285 -0.00527389 6.18905e-05 0.00186763 -0.000729483 0.000208487 -0.00147418 -0.00364846 -0.000105588 -0.00164768 -0.000727574 -0.0104561 0.00157816 -0.000782701 0.00461381 -0.00598377 0.00283688 0.00875447 -0.000405085 0.00424293 0.00125678 -0.0071193 -0.00289383 -3.30033e-05 -0.00679348 0.00598394 -0.00817889 -0.000997783 -0.0128019 -0.00147059 -0.00303468 0.0120728 0.00524101 0.0137717 -0.0103926 -0.0126651 -0.00261375 -0.0102493 -0.00386905 -0.015404 -0.00789069 0.00516432 -0.00661218 -0.0047619 0.00789474 -0.0156682 -0.0116 0.0061094 0.00695652 0.0101586 0.0039114 0.00445875 -0.0260331 -0.00294118 -0.00497738 0.000367647 0.00736842 -0.0120408 -0.006
internal_weight=38147 814 37333 4210 3422 33123 10093 23030 8144 20035 7733 12302 9822 5419 2314 6675 3759 2916 1469 2528 1949 8013 2995 2019 1809 2599 1505 1094 2480 1231 451 1863 738 692 897 1297 393 856 823 4122 712 326 386 1289 842 663 830 788 424 240 2257 2070 1009 1061 2087 111 187 432 272 180 480 240
internal_count=38147 814 37333 4210 3422 33123 10093 23030 8144 20035 7733 12302 9822 5419 2314 6675 3759 2916 1469 2528 1949 8013 2995 2019 1809 2599 1505 1094 2480 1231 451 1863 738 692 897 1297 393 856 823 4122 712 326 386 1289 842 663 830 788 424 240 2257 2070 1009 1061 2087 111 187 432 272 180 480 240
cat_boundaries=0 6 8 14 20 26 32 38 45 51 57 63 69 76 82 88 90 93 96 103 105 108 114 120 123 125 130 136 138 140 143 150 152 158 163 170 172 178 184 186 190
cat_threshold=2155873537 19136768 2 2692744704 2097669 2181039104 1075159184 2141192 1076429314 1229472385 2415926272 8656897 196617 17472 538218768 2155880720 1581069 150994982 549454080 1581072 68206596 67108865 20977184 1409304594 709099682 69760 537168896 2100244 135840133 143130632 8392712 131921 572851200 6313988 2550218753 525312 16914504 16780352 268640268 8519688 276840452 1275080882 524288 606077184 5 9977920 2248147008 2206207008 3288350721 620756995 29458436 9986120 3254788416 16778256 83903621 67109188 21013504 71372932 554205344 67113504 33822992 574628000 4096 69276308 542674976 197120 33691730 34144384 1050624 268570632 76548128 2164260864 201461986 8667202 536903952 37 8915073 3221226320 1581060 134348897 343933444 71827729 8921217 1074299136 270340 134221920 335544320 80216064 2349076480 1073758208 2164359232 1746944008 8 10817892 1082130521 8 659456 32 536870912 67239936 262146 335544320 128 2396288 2283814932 219459585 2293243968 2 16777409 33888 140509216 603980880 201851908 102764546 1 67108864 4325408 536870912 525318 67113088 18874368 8270 10 268566661 524288 1024 1040 135266304 0 8392704 268443648 0 0 67108864 0 256 536871040 2162688 1755316784 19403018 134217856 1216348160 8 268443648 8519688 0 1140854944 524288 256 4 2181169920 279560 328704 6291460 2147549184 524288 16914440 1024 8388608 0 16448 16384 16 0 0 0 135200 0 268435456 128 8421378 2686451717 34816 2098176 134267136 134217736 0 81 4096 68157456 671088640 64 0 294912 8552448 2097152 2155872512 2097152 0 545259520
is_linear=0
shrinkage=0.05


Tree=81
num_leaves=63
num_cat=27
split_feature=4 2 4 2 0 4 2 4 9 2 4 6 4 2 2 6 2 9 9 4 9 0 0 6 2 0 7 6 2 4 7 11 11 9 6 2 4 4 2 6 7 4 0 4 4 2 6 9 9 9 2 0 6 2 7 7 11 9 9 9 11 6
split_gain=13.4075 13.7453 10.0883 24.8661 9.90644 13.4192 12.3661 11.9301 15.7523 11.5927 13.9287 13.8339 13.3316 26.7505 16.1416 11.9668 11.8405 11.6297 11.5341 13.3185 16.1754 12.4763 11.3746 10.7737 10.7905 10.7005 10.2698 17.6782 12.7261 10.1301 9.88553 9.48524 9.51841 9.44576 8.56157 18.0179 10.5522 8.29672 7.97925 7.8614 7.6954 9.47659 7.60336 7.36659 6.93357 6.8251 6.54825 6.32657 6.04465 5.72258 5.58312 5.53135 5.73529 5.074 4.81524 5.66142 4.9334 4.73712 7.67876 8.1201 4.73164 4.11235
threshold=0 1 2 3 1.9963237975540058 4 5 6 11.500000000000002 7 8 58.500000000000007 9 10 11 647.50000000000011 12 6.5000000000000009 9.5000000000000018 13 10.500000000000002 2.0073597780632806 2.3262664460002687 355.50000000000006 14 2.287291210188473 3.5000000000000004 81.500000000000014 15 16 5.5000000000000009 21.500000000000004 6.5000000000000009 1.5000000000000002 23.500000000000004 17 18 19 20 452.50000000000006 2.5000000000000004 21 1.6964431704943164 22 23 24 473.50000000000006 3.5000000000000004 1.5000000000000002 2.5000000000000004 25 1.8450892640190784 255.50000000000003 26 2.5000000000000004 5.5000000000000009 10.500000000000002 4.5000000000000009 7.5000000000000009 6.5000000000000009 16.500000000000004 508.50000000000006
decision_type=9 9 9 9 2 9 9 9 2 9 9 2 9 9 9 2 9 2 2 9 2 2 2 2 9 2 2 2 9 9 2 2 2 2 2 9 9 9 9 2 2 9 2 9 9 9 2 2 2 2 9 2 2 9 2 2 2 2 2 2 2 2
left_child=1 51 3 61 9 6 7 26 25 10 11 48 13 31 40 16 29 -18 22 21 -21 -20 30 44 -25 -9 27 -6 -28 -12 -8 32 -11 -24 35 -16 -36 39 47 -13 43 -42 -33 -14 -15 -5 -40 49 -4 -7 -50 52 -1 -3 60 56 -56 -47 59 -59 -55 -2
right_child=2 53 4 45 5 38 18 8 -10 12 15 37 14 23 34 -17 17 -19 19 20 -22 -23 33 24 -26 -27 28 -29 -30 -31 -32 42 -34 -35 36 -37 -38 -39 46 -41 41 -43 -44 -45 -46 57 -48 -49 50 -51 -52 -53 -54 54 55 -57 -58 58 -60 -61 -62 -63
leaf_value=0.0028512074823339368 0.012173492316259672 -0.0080434202199828678 0.0028814124779887097 -0.011974297833523974 0.011709394382125838 -0.0046131318898486318 -0.00081942750908652886 0.022676693680405924 -0.010451929741409917 0.031998513444570234 -0.0082070084221446456 0.0012465441333135042 -0.013286401978285213 -0.00098367699747529133 -0.012313550615061354 0.012098907286001694 -0.002870542420658301 0.0016334837824548143 0.02144992404325563 0.048832342344201619 0.0025539974185555983 -0.0014585211396956899 -0.0054396856561981233 0.018285070209196525 0.00081407855242879301 0.0076804960761192257 0.0015704353378249826 -0.0044508717373678451 0.0023743875057942844 0.0036238072812275371 -0.012546155522640524 0.0004048867313390603 0.0039437235587833075 0.0094247735602658311 -0.00030195155507584115 -0.00095251046995410986 -0.0041349171383303412 -0.0074540411165401332 0.00094421735320061601 -0.00024204009442683195 -0.0032857585000438563 0.0053072068555986901 0.027971488345918651 0.0015840384652838269 0.00051240353712635471 -0.001555508754501489 -0.015221370790929112 -0.00077803960129319005 -0.0034585586680741412 -0.020575057494062687 -0.011495020056764865 -0.002205689490029983 0.016462244843819057 -0.004011415619023545 -0.011597879065920448 -0.0069570187146610236 0.00071474368567334416 0.00027720846101504383 -0.00074335937651723869 0.024961247604840822 -0.011957330911708237 -0.0042130189898379909
leaf_weight=68 561 104 69 222 185 174 2188 537 71 90 557 840 225 4579 411 171 1150 1977 125 141 469 658 125 214 336 187 112 479 251 176 258 47 1194 575 6346 796 1752 359 1228 166 172 1185 43 892 2121 134 67 1253 301 69 549 91 52 213 78 86 236 59 185 64 83 41
leaf_count=68 561 104 69 222 185 174 2188 537 71 90 557 840 225 4579 411 171 1150 1977 125 141 469 658 125 214 336 187 112 479 251 176 258 47 1194 575 6346 796 1752 359 1228 166 172 1185 43 892 2121 134 67 1253 301 69 549 91 52 213 78 86 236 59 185 64 83 41
internal_value=-0.000370933 -0.00602351 -0.000215366 0.00415361 -0.00037068 0.00104895 0.00231518 0.00578603 0.0103727 -0.0008571 -0.00272727 -0.00584133 -0.000276784 0.00121612 -0.00136992 -0.000952734 -0.0015285 -0.000175327 0.000912288 0.00470208 0.0101613 0.000315259 -0.000762873 0 0.00672727 0.0127072 0.00216972 -0.00150602 0.00895317 -0.00720054 -0.00237122 0.00758671 0.00654206 0.00485714 -0.00232421 -0.00625518 -0.00174117 -0.00267399 -0.00183863 -0.000295276 0.00221417 0.00475313 0.0233333 -0.000850492 -0.000552239 -0.00252226 0.00103448 -0.00431607 -0.0106094 -0.0117284 -0.0117647 0.00520362 0.0125 -0.00901235 -0.0072238 -0.00375 -0.000636943 0.00110619 0.00454545 0.0142276 -0.0121622 0.0114379
internal_weight=38147 1011 37136 1266 35870 9152 6361 1822 795 26718 6315 2284 20403 8624 11779 4031 3860 3127 4539 1393 610 783 3146 7250 550 724 1027 664 363 733 2446 1374 1284 700 9305 1207 8098 1365 2791 1006 2474 1357 90 1117 6700 664 1295 1496 919 243 850 211 120 800 696 400 314 442 308 123 296 602
internal_count=38147 1011 37136 1266 35870 9152 6361 1822 795 26718 6315 2284 20403 8624 11779 4031 3860 3127 4539 1393 610 783 3146 7250 550 724 1027 664 363 733 2446 1374 1284 700 9305 1207 8098 1365 2791 1006 2474 1357 90 1117 6700 664 1295 1496 919 243 850 211 120 800 696 400 314 442 308 123 296 602
cat_boundaries=0 6 8 14 16 23 25 31 33 40 47 49 51 53 59 61 63 69 71 78 85 87 94 99 106 108 110 112
cat_threshold=2155873537 19661056 352321538 2692761088 11010565 2181038080 3224641540 134146 67377760 8436741 17024 6291456 1610612752 671744016 918192215 4263936 268591108 131088 671088640 67244072 98 277200896 1 343968140 6408324 0 16 134217728 40 2 8388608 268468375 4478336 268656652 1048624 1 135304 4457474 311296 164 268632088 5242928 131072 135266556 4514818 295936 37 136906272 66080 604245320 17465348 146 5120 0 0 536870912 135176 0 8454144 101851136 9437194 0 32768 0 4194304 0 32 8256 65536 176226848 8396840 17326084 131072 142606336 135170 0 276889600 128 8192 0 0 135176 0 294912 32 69535764 3180452 8192 0 2147483648 0 32 268435456 128 0 0 671088644 131072 64 196624 32 0 134217832 278530 32768 32 1207968392 17580296 268435602 5248 134218240 16648
is_linear=0
shrinkage=0.05


Tree=82
num_leaves=63
num_cat=37
split_feature=4 1 4 1 9 9 11 9 11 1 1 4 1 1 4 1 1 4 3 3 1 4 1 2 1 3 9 4 1 6 6 4 6 1 2 6 4 1 6 4 9 3 1 8 6 6 11 6 3 11 1 4 1 11 1 6 6 9 8 9 10 1
split_gain=13.137 12.8449 25.2921 13.1825 14.1072 12.572 12.5557 12.546 10.7962 41.0927 33.1034 32.6933 48.1913 37.3113 26.2896 34.3653 29.0715 20.2552 19.0341 17.4484 16.4972 15.0937 15.492 13.3807 13.1734 13.1612 12.82 12.4085 12.0351 12.0119 11.2965 10.8906 10.4969 10.3069 10.2452 9.99722 9.53954 9.50531 11.9327 9.49146 8.61545 11.5 7.61341 7.59567 7.53241 7.10316 7.07492 7.03314 6.99622 11.1961 6.95597 6.68202 7.21095 7.2428 6.65632 6.31366 5.43864 5.43396 5.11971 5.06779 4.78298 4.6342
threshold=0 1 2 3 1.5000000000000002 4.5000000000000009 21.500000000000004 10.500000000000002 13.500000000000002 4 5 6 7 8 9 10 11 12 13 14 15 16 17 18 19 20 2.5000000000000004 21 22 301.50000000000006 42.500000000000007 23 992.50000000000011 24 25 331.50000000000006 26 27 43.500000000000007 28 2.5000000000000004 29 30 1.0000000180025095e-35 31.500000000000004 31.500000000000004 14.500000000000002 109.50000000000001 31 11.500000000000002 32 33 34 10.500000000000002 35 273.50000000000006 168.50000000000003 8.5000000000000018 1.0000000180025095e-35 10.500000000000002 1.0000000180025095e-35 36
decision_type=9 9 9 9 2 2 2 2 2 9 9 9 9 9 9 9 9 9 9 9 9 9 9 9 9 9 2 9 9 2 2 9 2 9 9 2 9 9 2 9 2 9 9 2 2 2 2 2 9 2 9 9 9 2 9 2 2 2 2 2 2 9
left_child=-1 2 3 5 -5 -2 7 35 10 19 27 12 26 18 15 -12 25 34 50 24 31 23 -23 -18 29 33 -11 -3 -19 43 -20 -14 -28 -16 -15 -6 -22 55 -39 54 -21 -42 59 -10 -44 -27 -43 -41 49 58 -13 -29 53 -53 -7 -17 -54 -56 -46 -4 -51 -50
right_child=1 8 42 4 6 39 -8 -9 9 11 14 13 20 17 16 37 21 28 30 40 36 22 -24 -25 -26 45 32 51 -30 -31 -32 -33 -34 -35 -36 -37 -38 38 -40 47 41 46 44 -45 48 -47 -48 -49 61 60 -52 52 56 -55 57 -57 -58 -59 -60 -61 -62 -63
leaf_value=-0.0043225885629644472 -0.00881909720208599 0.0092965667489926795 0.00063286433374641355 0.038048823118943358 0.001098665560363421 -0.0048917357869061101 0.00040521195768409294 0.017337501920248365 -0.0018268522687995504 -0.014506722547406562 0.0082828356633285923 0.019924059878131062 0.012906141805223814 0.017451716744336199 0.00017153751363257477 -0.0092204732775854614 -0.00062091251111681125 -0.0017350405218022086 0.012199898986754977 -0.0061311149713285974 0.001064437555686021 -0.0085987651041709249 -0.0026854670374274249 -0.010267630197762357 -0.0019568615109715666 -0.0019296226172761501 -0.0027121576101555803 -0.0036905283549719947 0.00084294451992685817 -0.022505780058313715 0.0008235604811624109 -9.9023208456916486e-05 -0.0015014152385355419 -0.0070393335764496051 0.0021755817016853168 0.04171920761478292 -0.0018551242167605066 -0.0091192619637524789 0.00088432860427030142 0.0037421880258558084 0.0095160158653718532 -0.0061553732240265894 -0.0053816405515008442 -0.034599632782384586 -0.0013616807392345554 0.0024943365085646377 -0.00013758261496661374 0.014246473319008281 -0.0026920507417169783 -0.012757582868307193 0.0044557798607679942 0.0019345672394391223 -0.00048142788469868192 0.023396140497003406 -0.010622573370091017 0.0010935842676004948 0.0026365687658339355 0.016841142058676883 0.0025996770783420775 0.015129441158305813 -0.005022550493373812 0.0013688978150631749
leaf_weight=384 207 510 304 91 638 110 71 257 216 213 980 219 575 220 352 498 220 2090 455 228 971 1137 4849 459 852 623 1359 100 4483 80 1012 311 40 400 354 65 995 226 1114 183 115 236 406 77 44 2427 1313 141 532 60 603 321 855 189 53 142 402 53 43 99 82 1503
leaf_count=384 207 510 304 91 638 110 71 257 216 213 980 219 575 220 352 498 220 2090 455 228 971 1137 4849 459 852 623 1359 100 4483 80 1012 311 40 400 354 65 995 226 1114 183 115 236 406 77 44 2427 1313 141 532 60 603 321 855 189 53 142 402 53 43 99 82 1503
internal_value=-0.000308019 -0.000213115 0.00216074 0.0067323 0.010159 0.00151915 0.0085839 0.00708333 -0.000571107 0.000302639 -0.00151228 0.00146657 -0.00205633 0.0031336 -0.00247451 0.0016835 -0.00365085 0.00134833 0.00867769 -0.00487688 0.00185185 -0.00564045 -0.00481988 -0.0126996 -0.00951417 -0.000157398 -0.00893958 0.00391705 0.000554458 -0.0173629 0.00517942 0.00747768 -0.00725518 -0.00603675 0.010274 0.00362731 -0.000708502 -0.00211055 0.000296296 0.00555556 -0.00184017 -0.000600962 -0.000632501 -0.0131399 -0.00160448 0.00130719 -0.00176395 0.0107784 -0.000485866 -0.00857741 0.0147837 0.00199787 0.00272932 0.00769231 -0.00265487 -0.00707692 0.000670876 0.00603448 0.00517241 0.00569007 -0.0176056 0.000464548
internal_weight=38147 37763 4942 1869 1122 747 1031 960 32821 17017 15804 13900 4464 9436 13427 2960 10467 7147 2289 3117 2852 6665 5986 679 1225 3802 1612 2377 6573 373 1467 886 1399 752 574 703 1966 1980 1340 540 1892 1664 3073 293 2670 3050 1549 324 2264 229 822 1867 1767 510 216 640 1257 106 87 403 142 2035
internal_count=38147 37763 4942 1869 1122 747 1031 960 32821 17017 15804 13900 4464 9436 13427 2960 10467 7147 2289 3117 2852 6665 5986 679 1225 3802 1612 2377 6573 373 1467 886 1399 752 574 703 1966 1980 1340 540 1892 1664 3073 293 2670 3050 1549 324 2264 229 822 1867 1767 510 216 640 1257 106 87 403 142 2035
cat_boundaries=0 6 12 19 25 31 37 44 50 56 63 69 75 82 85 88 94 100 106 108 114 117 123 129 134 140 142 148 154 160 162 168 170 175 181 187 192 198
cat_threshold=2147483649 17039360 2 536888832 10485764 2181039104 268471298 1075317760 1091109124 1118310672 69406720 212992 12288 1049600 536871428 1208090672 24576 295168 33 34818 1049600 4 34078976 196608 65536 76087960 4480 2185236536 65538 29633024 8653312 67175068 4224 104861736 268500994 25962498 67373656 602132 1576192 2692743172 201461762 4727810 606371844 32 537936133 138469888 9846976 16794637 1073742096 35652608 38822240 138469888 75759680 16779397 1073774976 7340033 591892 67677440 151011328 201326730 536880128 539246724 48 2629632 6291488 414215744 83888168 138412076 524674 1636302849 67117329 1196160 2835365960 268435536 8397829 8405032 12714024 268435456 1074790400 262176 272 4 2215772192 134225920 8 412647565 134234189 10 136577024 10485792 8193 2483161088 973078530 17863040 0 40 0 8272 4472864 268435712 278816 671121408 8422400 67108992 1744864260 19955968 134480275 2629668 524416 4096 33558536 65536 17039360 2048 336605344 134258707 9 268959744 32 134217728 67108880 4202594 335544336 1075843076 41943072 137414656 2550530112 839385090 36880 524288 0 2147483652 67244032 9216 1091043328 8192 1179648 16392 16 8389632 1244659728 528384 8208 1048576 2147483648 131072 4203520 539262976 1128399104 142614528 393216 2684354560 1375731712 12595200 0 0 536870912 131072 24576 262144 0 2148017152 2050 1024 1073741828 524544 131072 131072 201326730 524288 33579040 32768 262208 0 256 131076 1024 2147484160 2 0 536870912 67109504 4096 8 0 8658944 264208 32768 0 4 33554432 131072 268435456 1050624 17301504 1073741840 2101248 16384
is_linear=0
shrinkage=0.05


Tree=83
num_leaves=63
num_cat=39
split_feature=4 1 1 4 1 6 11 1 4 1 1 4 1 1 1 4 4 3 1 1 3 6 1 4 4 1 11 4 7 6 1 4 1 3 1 1 6 7 1 11 0 1 3 0 7 7 0 7 6 1 9 4 1 9 6 6 1 3 1 6 11 9
split_gain=13.1022 18.3008 13.6456 22.7095 9.47421 8.62804 8.52174 32.3023 30.2473 36.7399 24.8278 33.3295 37.0908 25.2991 23.5171 23.2285 20.6957 15.1553 18.903 14.9717 12.9023 12.1327 10.393 12.6871 11.9353 10.3803 12.7178 12.086 10.2972 9.85673 8.6808 8.44015 8.28678 9.48818 8.24308 8.138 7.64879 8.48277 8.62662 9.14489 7.62247 7.60333 7.09772 6.98681 6.94333 6.91038 6.82388 8.63056 6.79319 9.72307 6.72289 8.23258 10.0108 6.55564 6.40354 7.21311 6.31263 6.21365 6.17333 6.14128 9.52635 6.62404
threshold=0 1 2 3 4 768.50000000000011 12.500000000000002 5 6 7 8 9 10 11 12 13 14 15 16 17 18 71.500000000000014 19 20 21 22 21.500000000000004 23 3.5000000000000004 554.50000000000011 24 25 26 27 28 29 166.50000000000003 5.5000000000000009 30 21.500000000000004 1.1929004201824027 31 32 1.8752665842577014 1.0000000180025095e-35 4.5000000000000009 2.421011310858626 1.5000000000000002 378.50000000000006 33 3.5000000000000004 34 35 1.5000000000000002 30.500000000000004 21.500000000000004 36 37 38 89.500000000000014 16.500000000000004 5.5000000000000009
decision_type=9 9 9 9 9 2 2 9 9 9 9 9 9 9 9 9 9 9 9 9 9 2 9 9 9 9 2 9 2 2 9 9 9 9 9 9 2 2 9 2 2 9 9 2 2 2 2 2 2 9 2 9 9 2 2 2 9 9 9 2 2 2
left_child=1 -1 3 5 -3 46 7 15 9 45 16 12 34 35 20 43 58 18 -17 21 28 -14 23 -16 -24 27 -27 -15 -10 30 -19 -6 33 40 -12 -13 37 38 -5 -40 -18 -22 -37 -4 -36 -9 56 -48 49 -11 53 52 -52 -38 55 -34 -2 -21 59 61 -61 -8
right_child=2 4 6 36 31 -7 10 8 14 48 11 13 19 25 22 17 32 29 -20 57 41 -23 24 -25 -26 26 -28 -29 -30 -31 -32 -33 54 -35 44 42 50 -39 39 -41 -42 -43 -44 -45 -46 -47 47 -49 -50 -51 51 -53 -54 -55 -56 -57 -58 -59 -60 60 -62 -63
leaf_value=0.0024516149381010933 -0.0043010596285872338 -0.0064939106204543913 -0.015394150542070351 0.00016763635155060965 -0.00058946552106640135 -0.024685703388539194 0.026802986258948388 -0.0033160555149817084 0.0040869929639123061 0.00097254019431758105 0.014339651377919089 -0.0053514674486999925 -0.008039490014924244 0.011793801829987419 0.0016187384012684048 0.0033068082745016936 0.019838142613700052 -0.0040120759048609183 -0.010555203122438996 -0.011766086639984352 -0.014745739768445199 -0.00078215189696583811 -0.0070140342987230157 -0.0061261917027228942 -0.00037985231979713601 -3.0634541949148276e-05 0.004597695321907902 0.0021796458927537499 0.0073623453478871784 0.010356627905233185 -0.010972845065536219 -0.0069013108682779434 0.0019973136782410416 -0.0028725388819390769 -0.0078626794582868972 0.0095894070305798662 0.02530584266464251 -0.0069514589206442386 0.0049253762123694089 0.00036438179688790266 0.00077803911305502911 -3.2991307663710057e-05 -0.0018263210841351796 -0.00068973301105477178 0.0016087605723567378 0.0037025448127731455 0.012544420512484855 0.00138223743399285 0.026038662055605139 0.010236192922254 -0.0089223937712566131 0.012934259184918619 0.006796741935382278 -0.003233237585323612 0.00095597083240900891 0.014799285631097604 0.00052900144671719218 -0.0048916402780432413 0.0081674006984412302 0.0026831265535613991 -0.013519936937831017 0.00022088445939936197
leaf_weight=322 913 217 143 800 672 43 40 666 872 504 290 204 659 214 441 213 50 634 288 350 113 1266 557 1685 4437 4684 527 2780 566 52 737 345 181 786 132 113 65 213 783 57 556 466 1620 77 786 151 41 104 134 672 102 562 265 137 997 166 539 969 966 79 80 64
leaf_count=322 913 217 143 800 672 43 40 666 872 504 290 204 659 214 441 213 50 634 288 350 113 1266 557 1685 4437 4684 527 2780 566 52 737 345 181 786 132 113 65 213 783 57 556 466 1620 77 786 151 41 104 134 672 102 562 265 137 997 166 539 969 966 79 80 64
internal_value=-0.00031064 -0.00478927 -0.000118849 0.00241692 -0.00755627 -0.00230303 -0.000486287 -0.0014469 -0.000372539 0.00498362 0.000207447 -0.000746371 -0.00434783 0.000837273 -0.00162348 -0.00705664 0.00371069 -0.00522234 0.00225049 -0.00712969 0.00313271 -0.00426357 -0.00297335 -0.00589888 -0.00171863 0.00205113 0.0006991 0.00439414 0.00566298 -0.00785066 -0.00871627 -0.00540409 0.00127458 -0.00142653 0.00311987 -0.00428865 0.00501002 0.00304911 0.00426829 0.00776471 0.00324675 -0.00314092 -0.00312679 -0.0221739 0.00075431 -0.00332527 -0.00172198 0.00862069 0.0101515 0.00901361 0.00826702 0.0100646 0.00384615 0 0.00406204 0.00994236 -0.00275482 -0.0112491 0.0090799 0.00201465 -0.00408805 0.0115385
internal_weight=38147 1556 36591 4624 1234 1640 31967 13408 11264 2127 18559 14594 4452 10142 9137 2144 3965 1924 501 3244 2017 1925 7120 2126 4994 8205 5211 2994 1438 1423 1371 1017 2736 1392 1208 1937 2984 1853 1640 840 606 579 1733 220 918 817 1597 145 1310 1176 1131 929 367 202 1344 347 1452 1319 1229 263 159 104
internal_count=38147 1556 36591 4624 1234 1640 31967 13408 11264 2127 18559 14594 4452 10142 9137 2144 3965 1924 501 3244 2017 1925 7120 2126 4994 8205 5211 2994 1438 1423 1371 1017 2736 1392 1208 1937 2984 1853 1640 840 606 579 1733 220 918 817 1597 145 1310 1176 1131 929 367 202 1344 347 1452 1319 1229 263 159 104
cat_boundaries=0 7 13 19 26 32 38 45 51 57 64 70 76 82 89 96 98 104 110 112 118 124 130 136 142 148 155 161 163 169 175 181 187 189 195 201 206 212 214 220
cat_threshold=2155872516 19661056 2 2826989056 6553605 2181055744 32 1056768 33554448 4211200 536873024 10485841 33558530 268471304 559104 1091109248 3263697048 67307524 196864 285238280 131072 2281701376 67108994 66 67469312 128 33816704 1 270542848 2164260864 0 3211520 46530594 192946272 65 67109892 1778419072 4227201 269031448 67282944 151011328 67108994 1082147904 67108868 132 1076903953 67108865 2281988096 690372674 272634377 92274692 172367874 192937984 134479941 67110912 1107330184 7651457 269289488 67108864 2751463424 67113098 8397824 67108868 133 2183712 67110112 2147515408 285474851 805306433 67633220 69276196 1152 33609744 17039650 281281040 8399428 605098132 4097 71487504 151011586 13382144 2128 532488 16 0 16 16448 0 129 268435456 1072 2147484160 1073746056 17472 277086224 128 411578624 2147500041 8650752 134225952 0 67108864 1207959808 32768 629669904 4210964 11665416 539099200 143130928 25178114 8556736 1084751880 134226176 3762290688 402656768 2164768 0 37507074 8192 1024 2684354560 4104 2 262144 139264 1048584 2952790532 1074790400 546 536870928 1073742081 1616913153 268435968 538969092 2282230016 117969938 8200 0 0 1073741888 66 536870912 41943042 50331712 65 4 1024 4194433 8388868 2097408 0 2290092032 4456448 256 32 134356992 41943040 262208 2048 1107296392 4472832 136511524 16393 2101280 192 16 16777216 805306368 64 4096 0 4112 2 262144 576 1032 557056 16777216 3263172744 2048 65536 1052676 0 16384 134217728 0 2048 268435462 8193 134217728 538984448 14813184 2049 524288 36196352 524288 0 4 1073877008 0 8388608 0 32768 589824 0 67108868 32768 32768 65664 2181038224 67110916 65536 8200 2684354574 38010882 0 134217728 0 32768 1081345
is_linear=0
shrinkage=0.05


Tree=84
num_leaves=63
num_cat=36
split_feature=7 3 2 7 4 2 2 5 4 2 3 2 2 11 9 3 4 2 3 4 11 3 6 6 2 2 0 2 4 2 2 3 2 6 3 6 2 2 4 2 9 6 0 9 6 4 9 2 9 3 4 2 2 7 7 11 6 0 11 6 4 9
split_gain=12.3357 23.2691 18.7929 16.0028 29.128 37.7654 34.0191 19.8818 19.6243 28.0419 18.0428 28.1271 16.8889 23.4319 19.9871 28.6124 19.8276 18.0099 14.4278 14.2855 11.8408 12.5604 12.4801 11.7053 12.0795 11.6874 11.6544 11.5574 11.3311 24.2689 11.1511 10.2943 10.2605 10.1505 10.145 14.0068 13.6053 9.4031 9.4668 9.21917 12.7168 9.04091 8.69097 10.3291 8.28631 8.22084 8.21917 8.12547 14.7779 7.94012 7.9049 9.14546 7.67633 11.161 9.74542 7.64878 7.6092 7.42807 7.4759 8.53854 7.37154 7.25579
threshold=5.5000000000000009 0 1 3.5000000000000004 2 3 4 2.5000000000000004 5 6 7 8 9 10.500000000000002 10.500000000000002 10 11 12 13 14 22.500000000000004 15 51.500000000000007 219.50000000000003 16 17 1.2673147962594198 18 19 20 21 22 23 154.50000000000003 24 9.5000000000000018 25 26 27 28 11.500000000000002 540.50000000000011 1.5109441130828716 4.5000000000000009 351.50000000000006 29 6.5000000000000009 30 3.5000000000000004 31 32 33 34 1.0000000180025095e-35 1.5000000000000002 22.500000000000004 91.500000000000014 1.2673147962594198 10.500000000000002 27.500000000000004 35 8.5000000000000018
decision_type=2 9 9 2 9 9 9 2 9 9 9 9 9 2 2 9 9 9 9 9 2 9 2 2 9 9 2 9 9 9 9 9 9 2 9 2 9 9 9 9 2 2 2 2 2 9 2 9 2 9 9 9 9 2 2 2 2 2 2 2 9 2
left_child=3 25 18 8 5 49 7 34 9 50 11 42 13 14 15 -12 17 -15 -3 55 21 57 26 -7 -25 -2 -23 -9 29 56 -24 -18 -16 -32 35 -6 -37 -36 -39 -20 46 60 -10 -44 -26 47 -41 -11 -49 -5 -1 -52 53 -30 -54 -8 -14 -4 -59 -60 -13 -27
right_child=1 2 20 4 6 23 19 27 10 45 12 41 28 16 32 -17 31 -19 39 -21 -22 22 30 24 44 61 -28 -29 52 -31 33 -33 -34 -35 37 36 -38 38 -40 40 -42 -43 43 -45 -46 -47 -48 48 -50 -51 51 -53 54 -55 -56 -57 -58 58 59 -61 -62 -63
leaf_value=0.017376345937832171 -0.00011305364959282028 -0.0055555829895190317 -0.0054783445009845035 -0.0012421521343187192 -0.019809350410472583 0.0046922931041079368 0.0044729553496133173 -0.002258033932804221 -0.0038287090363874595 -0.014939213225367277 0.0020732016311203584 -0.00057113911626391898 -0.01579869793133315 -5.8851320484912266e-05 0.0051034454328371393 -0.013374086938976236 0.0048042576250049377 -0.0090959793908115712 -0.004516478477921082 -0.00023551638384249342 0.023642185795937368 0.0036250100378785125 0.030243318002844785 0.0059810002162723926 0.0015260399041618633 -0.0054443271165396882 -0.010178394210632637 0.0061353896786218278 0.0024222996946095701 0.0075929674270891704 0.003476751343887119 -0.00016461317549515964 -0.0024331142945202473 -0.0013619000469508814 -0.0031078509835441473 -0.013205778391991541 -0.0014495380741806564 -0.00059691666366310523 0.0019110584176231906 0.0077225607412475059 0.027012088205559538 0.00092919868134343502 -0.0052377039391437955 0.012196682851515506 0.019854436435290869 0.0047405029676579561 -0.011795124729005048 -0.022648593717155486 0.0057528504145519244 0.0021963138757525313 0.00097148282846188381 0.015076379781452999 -0.00070634892906181195 -0.0026395118514224549 0.0037513336146168365 0.032555395107924344 0.00016317190542913806 0.0067986339692417191 -0.0070815704012558885 0.0035144712030885429 -0.0099108521612571512 -0.014613253240270636
leaf_weight=225 121 1252 110 1033 83 1088 2405 103 240 232 516 103 209 670 391 1894 1579 660 127 877 65 43 108 108 166 176 284 345 908 1252 256 4264 338 339 947 220 1423 449 616 128 52 69 88 267 102 305 63 62 264 292 384 317 2376 2583 2205 60 410 249 157 665 706 118
leaf_count=225 121 1252 110 1033 83 1088 2405 103 240 232 516 103 209 670 391 1894 1579 660 127 877 65 43 108 108 166 176 284 345 908 1252 256 4264 338 339 947 220 1423 449 616 128 52 69 88 267 102 305 63 62 264 292 384 317 2376 2583 2205 60 410 249 157 665 706 118
internal_value=-0.000368312 -0.00288662 -0.00166325 -4.72897e-05 0.00159446 0.00594855 -2.65322e-05 -0.00302669 -0.00076753 0.00425236 -0.00118226 -0.00650708 -0.000792006 -0.00220887 -0.00581395 -0.0080083 -0.000634323 -0.0061194 -0.0057598 0.00372912 0.00126859 0.000655812 -0.00336538 0.0114654 0.0191489 -0.014 -0.0114679 0.00691964 0.000678187 0.00417331 0.000355619 0.000623612 0.00144033 -0.00239669 -0.00422686 -0.00702765 -0.006056 -0.00178042 0.00144186 0.00289474 0.00849802 -0.0121622 0.00190083 0.00690141 0.0118705 -0.00223368 0.00287958 -0.00580986 -0.000595238 -0.000187266 0.0102564 0.00738397 -0.000136105 -0.00189946 0.00120889 0.00567677 -0.00389507 0.00415617 0.00546218 0.00316302 -0.0137824 -0.0194079
internal_weight=38147 4313 3898 33834 10317 2789 7528 4186 23517 1789 21728 1473 20255 10312 3139 2410 7173 1330 1622 3342 2276 2211 1030 1464 376 415 327 448 9943 1871 703 5843 729 595 3738 1726 1643 2012 1065 370 243 878 595 355 268 863 191 558 326 1325 926 701 8072 3491 4581 2465 619 1181 1071 822 809 294
internal_count=38147 4313 3898 33834 10317 2789 7528 4186 23517 1789 21728 1473 20255 10312 3139 2410 7173 1330 1622 3342 2276 2211 1030 1464 376 415 327 448 9943 1871 703 5843 729 595 3738 1726 1643 2012 1065 370 243 878 595 355 268 863 191 558 326 1325 926 701 8072 3491 4581 2465 619 1181 1071 822 809 294
cat_boundaries=0 3 5 12 14 16 22 24 26 28 30 32 39 41 43 49 51 53 55 57 64 66 68 70 72 74 76 78 84 86 92 94 97 103 105 107 113
cat_threshold=1275338881 134258688 2 3894583649 16962568 268570648 10618912 285212672 1812996256 524293 536871184 37 2484416370 18116998 2057904335 6384648 2164592432 4729872 83886720 4 4227136 278676 380207642 19107850 944769297 35 1346119971 2674850 1411285303 15630502 2215124994 2818588672 268959752 32 536870912 146 540672 77627392 48 67666198 7077888 10653956 3231727616 524288 1024 2281701376 135240 9248 343998464 3805188 538984452 131076 32768 32769 2103296 136323076 16392 536887296 0 536870912 8388680 548864 10518784 32 578816008 28928 67633284 8448 1090781344 3223879680 1342701860 2261122 67412136 2151153757 545325121 65536 167837700 4197384 532480 0 0 4096 0 343932928 2147647489 32768 65552 2064 512 0 4194304 262288 271584 8931332 336199936 8192 2 16 526352 0 0 0 144 11042842 2162696 2283799680 17837576 0 131072 0 0 0 33555456
is_linear=0
shrinkage=0.05


Tree=85
num_leaves=63
num_cat=32
split_feature=4 2 1 3 11 4 7 2 3 1 1 6 1 4 1 1 1 4 1 1 1 4 4 11 1 1 6 1 7 6 6 3 11 4 11 6 4 4 11 1 6 4 6 0 0 11 3 6 6 6 6 6 7 1 6 0 6 7 11 10 1 11
split_gain=12.6404 19.9002 12.538 24.0342 12.1292 15.9645 11.304 11.0333 9.27233 50.6292 21.3758 12.4147 11.9605 11.4608 14.2937 10.2854 9.50909 9.40367 37.5998 23.1731 16.4793 16.3728 13.3555 12.341 9.88678 9.04615 8.97396 8.83013 8.80074 8.65813 8.36043 9.28964 8.19417 7.3553 7.04966 6.86013 7.50306 6.80901 7.07255 7.00358 11.5728 6.80483 6.7449 14.1459 7.1571 6.56622 6.41414 10.2335 9.41193 8.66295 6.38539 6.12987 9.47637 9.21154 6.1086 6.08367 9.80186 6.85129 5.94789 5.89683 5.77359 5.67359
threshold=0 1 2 3 20.500000000000004 4 4.5000000000000009 5 6 7 8 365.50000000000006 9 10 11 12 13 14 15 16 17 18 19 12.500000000000002 20 21 57.500000000000007 22 5.5000000000000009 29.500000000000004 566.50000000000011 23 7.5000000000000009 24 22.500000000000004 287.50000000000006 25 26 12.500000000000002 27 32.500000000000007 28 126.50000000000001 1.7802465002300518 1.8942957406618477 20.500000000000004 29 57.500000000000007 445.50000000000006 21.500000000000004 221.50000000000003 168.50000000000003 2.5000000000000004 30 97.500000000000014 1.8473622816267457 290.50000000000006 1.5000000000000002 17.500000000000004 1.0000000180025095e-35 31 19.500000000000004
decision_type=9 9 9 9 2 9 2 9 9 9 9 2 9 9 9 9 9 9 9 9 9 9 9 2 9 9 2 9 2 2 2 9 2 9 2 2 9 9 2 9 2 9 2 2 2 2 9 2 2 2 2 2 2 9 2 2 2 2 2 2 9 2
left_child=1 54 3 4 5 7 -6 42 9 11 26 32 13 15 -15 55 30 19 22 21 -20 34 23 -19 -24 -21 -11 59 -23 60 31 -12 -4 -22 -14 36 -29 38 -5 40 58 -42 44 -44 -2 -31 47 -41 -49 -48 -28 53 -53 -16 -1 56 -10 -57 -39 -3 -17 -18
right_child=2 27 8 37 6 -7 -8 -9 12 10 16 -13 17 14 51 29 61 18 20 25 33 28 24 -25 -26 -27 50 35 -30 45 -32 -33 -34 -35 -36 -37 -38 39 -40 46 41 -43 43 -45 -46 -47 49 48 -50 -51 -52 52 -54 -55 -56 57 -58 -59 -60 -61 -62 -63
leaf_value=0.00040344767769253667 -0.00010927428717004695 -0.0052509245725083772 -0.019730830494071486 0.00086002047853848138 0.0007108161442058059 0.011944752423321693 -1.7748087961977356e-05 0.004833341141089598 -0.00066415487240732989 -0.00035684483123268331 -0.0036823594369258974 -0.003975242906169363 0.0021608544826564632 0.012366522435526373 -0.0037939910719239247 -0.020859323085863263 -0.0012621221851228936 -0.014770239497045047 0.0048071287915436413 -0.0040916833307578894 -0.0063536250789708263 -0.0008749312312635205 0.0024368082952245466 -0.003105954439810299 -0.0059576980171465628 -0.00068227681794161006 0.0088370037068181816 -0.0075806986692076306 -0.011514169971251077 0.0035082390020130028 0.015270169136518887 0.00090719145169164688 -0.0095320418238160065 0.00064247441798890865 0.02737815973806329 0.0029277228381250301 0.00011274571878454598 -0.00062891215054114999 -0.0081663933380181908 -0.0072063741772202764 -0.0039953057478105515 0.0088278975916138876 0.0081152888055868629 -0.011225612194012059 0.010274747916997269 -0.0046375167141925024 0.0032309246920538938 0.010340429422917664 -0.0093445689583702193 -0.0086754598450066566 0.0035181970426513502 9.3739813122062376e-05 0.014129193399441964 0.0031512770631690226 -0.0080440103337285195 -0.0083571279774787288 -0.004951609570586879 0.0054074494755829983 -0.0059938279094152282 -0.0010930056232125952 -8.477786550860068e-05 -0.0070006608755752431
leaf_weight=43 404 151 54 123 177 330 60 308 572 150 343 156 2998 626 426 110 960 389 2016 2288 167 789 323 542 307 9108 230 108 137 1436 151 997 499 3666 53 287 487 92 157 148 167 661 151 282 212 222 62 225 46 532 266 307 295 855 272 162 130 332 68 187 207 138
leaf_count=43 404 151 54 123 177 330 60 308 572 150 343 156 2998 626 426 110 960 389 2016 2288 167 789 323 542 307 9108 230 108 137 1436 151 997 499 3666 53 287 487 92 157 148 167 661 151 282 212 222 62 225 46 532 266 307 295 855 272 162 130 332 68 187 207 138
internal_value=-0.000391905 -0.00482201 -0.000204795 0.00236062 0.00646329 0.00500889 0.0170886 0.00252377 -0.000538298 -0.00280728 -0.000138675 -0.0148122 -0.000223018 0.00182777 0.00434696 -0.000172902 -0.00217391 -0.000734875 0.000727763 -0.0014399 0.0025687 0.00184349 -0.00614258 -0.00993624 -0.00046875 -0.00258636 0.00792683 -0.00186992 -0.00395299 0.0020403 0.000433045 -0.000820896 -0.0185353 0.000637523 0.00360993 0.000784753 -0.00226891 -0.00111305 -0.00827586 -7.45898e-05 0.00290581 0.00531401 4.72144e-05 -0.00473441 0.00340909 0.00349819 -0.00298143 0.00174825 0.00756458 -0.00629139 0.0112903 0.00213946 0.00631229 0.00019516 -0.0158462 -0.00381426 -0.00683761 0.000404858 -0.009375 -0.00862069 -0.0055205 -0.00568592
internal_weight=38147 1535 36612 4205 1924 1687 237 1357 32407 3944 3235 709 28463 5680 2509 3171 2589 22783 7410 15373 5849 3977 1561 931 630 11396 646 1220 926 1975 1491 1340 553 3833 3051 882 595 2281 280 2001 988 828 1049 433 616 1658 1013 419 271 594 496 1883 602 1281 315 1196 702 494 160 338 317 1098
internal_count=38147 1535 36612 4205 1924 1687 237 1357 32407 3944 3235 709 28463 5680 2509 3171 2589 22783 7410 15373 5849 3977 1561 931 630 11396 646 1220 926 1975 1491 1340 553 3833 3051 882 595 2281 280 2001 988 828 1049 433 616 1658 1013 419 271 594 496 1883 602 1281 315 1196 702 494 160 338 317 1098
cat_boundaries=0 6 8 14 17 24 26 29 35 41 47 53 59 65 71 78 84 90 96 102 108 114 120 126 129 135 141 145 151 157 160 166 172
cat_threshold=2156021061 288096256 16777218 546328064 6554117 2181039104 2147549802 21028996 269617672 1074300928 1158152580 8917136 69664768 213248 2179141667 1073782814 3 16781312 0 2147483648 135200 8224 0 32 604176416 21070984 1145114769 1209040918 3 10756096 68175360 2157971464 2348941316 138412328 33587200 134807552 673190020 269484096 805308417 557056 524420 2149590022 68166144 2147500560 2317484364 8392748 1056848 536576 1179664 512 1073877056 8256 335888384 0 1049088 16896 68 12 64 2147484672 1049088 16896 76 44 64 1073791104 46137681 138880000 16777224 268436051 8665088 794640 4196384 2156397060 2214727786 1073750114 604258308 132 79757344 41963808 134553665 16779296 554207232 6815746 67227680 41948448 136685633 16844834 17303552 69206018 1091043648 18874389 41944104 16385 3388997971 41944192 524288 4194304 2147484164 67244072 8192 16384 0 1179648 134217728 0 0 65552 0 41959424 270400 2048 524288 524288 1073742080 538968068 42079272 1342177280 3221233666 42468873 8448 8388608 268707872 50331649 67108872 1118208 4194433 134250498 1 8 67108872 0 0 0 128 0 0 0 8389120 262656 33555456 8 4194304 2281701376 67108864 2568 557056 1073742080 8917120 196608 81920 0 0 0 8 0 335544320 32768 2826960896 8 2 67108864 2147483664 2149711872 8388608 16 8196 67108864 0 134217728 4096 8192
is_linear=0
shrinkage=0.05


Tree=86
num_leaves=63
num_cat=34
split_feature=4 2 11 1 4 6 9 6 1 0 2 6 6 2 1 6 9 9 11 11 9 1 1 1 4 4 1 4 1 4 1 1 1 9 7 4 1 4 4 1 9 4 2 1 11 0 1 11 9 9 6 1 6 9 11 4 9 1 11 4 7 1
split_gain=10.6276 19.5355 12.9563 12.9211 21.9356 16.1673 13.3744 13.9527 11.4448 10.9947 10.9807 10.9417 10.1763 9.7166 8.53334 12.1964 9.55303 11.2374 8.32002 8.29252 7.96803 47.6603 24.7432 20.9114 22.9163 18.3338 25.3217 15.4351 24.8884 15.4568 49.0157 16.6331 14.7906 11.9459 11.5472 11.3861 10.5072 10.1278 9.77666 9.71373 9.58399 9.55101 9.26436 8.46936 8.65104 7.68583 7.66136 9.76048 7.60131 7.516 7.25872 6.96362 6.9191 6.89641 6.6978 6.61498 6.55181 9.64148 9.14341 14.524 7.20496 6.2818
threshold=0 1 20.500000000000004 2 3 433.50000000000006 6.5000000000000009 16.500000000000004 4 1.6959683280152904 5 490.50000000000006 217.50000000000003 6 7 231.50000000000003 9.5000000000000018 10.500000000000002 9.5000000000000018 17.500000000000004 3.5000000000000004 8 9 10 11 12 13 14 15 16 17 18 19 1.5000000000000002 4.5000000000000009 20 21 22 23 24 5.5000000000000009 25 26 27 18.500000000000004 1.5215088247794373 28 11.500000000000002 2.5000000000000004 2.5000000000000004 184.50000000000003 29 55.500000000000007 7.5000000000000009 9.5000000000000018 30 2.5000000000000004 31 17.500000000000004 32 1.0000000180025095e-35 33
decision_type=9 9 2 9 9 2 2 2 9 2 9 2 2 9 9 2 2 2 2 2 2 9 9 9 9 9 9 9 9 9 9 9 9 2 2 9 9 9 9 9 2 9 9 9 2 2 9 2 2 2 2 9 2 2 2 9 2 9 2 9 2 9
left_child=1 -1 13 4 5 8 10 19 49 -7 -6 12 50 -3 15 -9 -16 -18 -14 -8 21 37 56 24 34 26 -24 28 61 31 -31 35 45 -28 36 -29 -22 48 -38 53 -33 -26 -32 -30 -45 -27 47 -15 -5 -2 -12 -34 -51 -36 -39 -10 58 -58 59 -23 -59 -25
right_child=3 2 -4 20 6 9 7 14 55 -11 11 -13 18 46 16 -17 17 -19 -20 -21 23 22 25 27 41 32 33 29 43 30 42 40 51 -35 39 -37 38 54 -40 -41 -42 -43 -44 44 -46 -47 -48 -49 -50 52 -52 -53 -54 -55 -56 -57 57 60 -60 -61 -62 -63
leaf_value=-0.0062234091062778113 0.01867015179398528 0.012133879680727495 0.013892376301231375 -0.0044857593822856699 0.0046554123748864694 0.00012564801691294925 0.011047697457851724 0.0064798316982089162 -0.0057693798667181051 -0.016073004025000004 -0.00084371775641680637 -0.0024229820721356158 -0.016033313241083719 0.0074582375639644901 0.003417145231435742 0.026687103173238615 -0.013728006345059662 0.0013420700132041386 0.0012352871291399282 0.0003567169122243086 -0.0069763581663281954 -0.0057320220991171735 0.011068718863359694 0.0065139700702546433 0.0098412079546618073 -0.00203962308425914 0.0034843211583158286 -0.0059093813747631424 -0.015673402565511679 -0.0043913838341454346 0.017039188323666094 0.0043919456206052533 -0.012461845878403445 -0.0035135502602567092 0.0010540712393156792 -0.0008674338856592634 0.0010523170257663694 -0.019129406646250447 -0.0078013605562396171 -0.013079475118196522 0.00037432167508368865 -0.00047689300720460962 0.007242204242490469 -0.0013353814522762077 -0.0040785194843736055 0.0085641060580414329 -0.0037610382761030683 -0.0023571512022524388 0.012444187332978009 -0.0020842870698657367 -0.017593428062682832 -0.004327756928503501 0.0078965032008379236 -0.015353581064022688 -0.0088243555794420368 -0.00016518669075561989 -0.015724591507014319 -0.0072275672825493076 0.02665953925105349 0.0083582606136640043 0.0060428475764121138 -0.00023740328782742017
leaf_weight=333 55 106 52 132 269 52 99 313 409 105 559 45 41 120 412 113 137 384 170 49 324 109 329 354 216 205 565 360 237 591 266 2323 113 837 52 4086 350 315 159 228 10035 2614 1011 887 204 314 582 207 85 124 60 1428 229 48 1082 1326 115 51 221 587 218 745
leaf_count=333 55 106 52 132 269 52 99 313 409 105 559 45 41 120 412 113 137 384 170 49 324 109 329 354 216 205 565 360 237 591 266 2323 113 837 52 4086 350 315 159 228 10035 2614 1011 887 204 314 582 207 85 124 60 1428 229 48 1082 1326 115 51 221 587 218 745
internal_value=-0.000349962 -0.00460993 -0.00125348 -0.000186359 0.00218706 -0.00138528 0.00527997 0.00839416 -0.00025665 -0.016879 0.00122378 -0.00152542 -0.000240964 -0.00251232 0.00680648 0.0126147 0.00397667 -0.000479846 0.00924171 0.022973 -0.000556499 -0.00208768 0.000294002 -0.000147469 -0.00346163 -0.00174954 0.00203906 0.000480838 -0.00326221 0.000968847 0.00527157 0.000487689 -0.00492754 -0.00092068 -0.00935098 -0.00213196 -0.00630252 -0.00954433 -0.00163776 -0.017378 0.00143111 -0.00102113 0.0107615 -0.00784753 -0.00585831 0.00236295 -0.00418934 0.00192878 0.000660793 0.00717703 -0.00347334 -0.00738233 0.00467422 -0.00272727 -0.011123 -0.00203438 0.00621663 0.00078125 0.00856052 0.00574713 0.00591398 0.00229937
internal_weight=38147 1400 1067 36747 4951 2300 2651 1507 2143 157 1144 875 830 1015 1359 426 933 521 211 148 31796 6706 5092 25090 3991 3791 1731 21099 2427 18672 1868 16804 2060 1402 1161 4446 833 1614 509 328 12358 2830 1277 1328 1091 519 909 327 217 408 619 1541 353 100 1397 1735 1301 384 917 696 269 1099
internal_count=38147 1400 1067 36747 4951 2300 2651 1507 2143 157 1144 875 830 1015 1359 426 933 521 211 148 31796 6706 5092 25090 3991 3791 1731 21099 2427 18672 1868 16804 2060 1402 1161 4446 833 1614 509 328 12358 2830 1277 1328 1091 519 909 327 217 408 619 1541 353 100 1397 1735 1301 384 917 696 269 1099
cat_boundaries=0 6 8 14 21 27 29 31 37 43 49 55 62 67 73 80 86 93 99 105 111 118 124 131 138 144 150 152 158 164 170 176 182 189 195
cat_threshold=2961310981 84672768 2 536890882 6291461 2181039360 8462442 5629056 269651456 1073743876 1091158148 8917008 75499520 1270280 17305608 7471120 134217728 67108936 1090 75825152 128 0 2052 1090519168 8916992 8388608 139776 813695488 6295552 67109648 10 3072 0 17318020 4112 2048 81920 67112960 75546624 138674176 1124073673 570434821 42238978 1082654721 2183147536 2155877449 67108866 135008296 67109188 1082916864 2147619344 2189430809 67108864 2286211200 73924944 8 2228240 134217732 1140850904 278530 276824080 161 544792 2228272 134217732 1074921696 9175040 0 16777248 268445952 270532608 16 4194304 17317888 4227080 2709520384 134226048 1073776194 32896 52 553656384 40370273 141700416 33818688 64 25202691 8192 2228224 516 67244152 286752 881131524 129 671170836 243269984 2097664 18891776 268960000 8394758 16777409 576717953 2108768 262180 538976314 16809985 136577152 192 131104 134234112 272629826 528384 8192 131072 4 0 16384 8388612 1 8650752 4096 2181042200 0 2147782656 272 8 2097152 134217728 16 96 0 128 0 0 0 152 16384 276824064 160 262144 0 4096 67108864 4194304 69206016 0 4194304 536871424 8192 32 537133056 134742032 13824 16386 67117056 512 2147614724 257 33554432 8462608 0 270336 536873025 80 33554432 0 134217760 8448 0 0 4194304 16777224 4194304 134217728 67108928 1088 8388608 0 2181046288 0 0 40 4 8192 0 512 131072 0 0 128 16785472 33554464 135276800 0 64 16781315
is_linear=0
shrinkage=0.05


Tree=87
num_leaves=63
num_cat=38
split_feature=7 2 7 4 4 2 2 4 3 2 2 11 2 9 4 2 3 3 5 2 4 2 11 3 2 0 9 4 2 2 2 5 11 4 2 11 0 4 5 9 3 2 2 2 2 2 3 3 11 2 11 9 3 11 2 7 9 0 11 11 2 9
split_gain=12.0706 20.8257 13.3969 29.6824 19.4267 31.5251 17.7357 20.471 16.9719 20.7372 16.997 15.7591 18.467 18.4061 14.5008 15.9064 12.3063 11.9017 13.7061 12.0802 11.47 10.5675 17.4024 10.5636 11.5787 10.1166 9.37132 9.3659 11.8466 9.27189 9.20496 9.15437 9.11769 9.00924 8.7436 8.65619 8.57416 8.56522 8.28598 7.88901 7.85104 7.71032 7.42404 7.23728 7.06825 7.01879 10.313 9.67512 7.62855 6.61467 8.73862 6.33945 6.29213 6.26739 6.22382 7.09865 6.18262 6.12554 6.04325 8.08421 6.25884 6.40222
threshold=5.5000000000000009 0 3.5000000000000004 1 2 3 4 5 6 7 8 10.500000000000002 9 10.500000000000002 10 11 12 13 2.5000000000000004 14 15 16 13.500000000000002 17 18 1.6842779234485057 11.500000000000002 19 20 21 22 3.5000000000000004 11.500000000000002 23 24 1.5000000000000002 1.8924395194684929 25 2.5000000000000004 10.500000000000002 26 27 28 29 30 31 32 33 10.500000000000002 34 19.500000000000004 6.5000000000000009 35 14.500000000000002 36 1.5000000000000002 9.5000000000000018 2.2968764891090259 18.500000000000004 20.500000000000004 37 4.5000000000000009
decision_type=2 9 2 9 9 9 9 9 9 9 9 2 9 2 9 9 9 9 2 9 9 9 2 9 9 2 2 9 9 9 9 2 2 9 9 2 2 9 2 2 9 9 9 9 9 9 9 9 2 9 2 2 9 2 9 2 2 2 2 2 9 2
left_child=2 23 4 44 5 42 20 -8 9 27 11 12 13 -10 15 -13 30 18 19 -9 49 -18 32 24 53 39 45 28 -6 33 -3 35 -23 -19 -16 -12 -28 54 -14 -24 -37 -22 -1 -20 -4 46 -25 48 -47 50 57 -48 -31 -2 -11 -56 -51 -5 60 -60 -7 -62
right_child=1 16 3 6 8 58 7 17 10 37 31 14 38 -15 34 -17 21 29 43 -21 41 22 25 26 -26 -27 36 -29 -30 52 -32 -33 -34 -35 -36 40 -38 -39 -40 -41 -42 -43 -44 -45 -46 47 51 -49 -50 56 -52 -53 -54 -55 55 -57 -58 -59 59 -61 61 -63
leaf_value=0.018155104877405227 -0.0064514532741173697 -0.00018553612420844635 0.0010227136146990668 -0.00065761909631979483 0.015161654767203376 0.0025787430911499878 0.0040076762640623214 0.00035501302456431016 -0.012531490079247349 0.011522177679089869 0.010720389606992864 -0.0087623581528339638 -0.003580625782974545 8.3797863341650297e-05 -0.003821693655691058 0.00023907484804610026 -0.0023790135154870607 -0.0011005534986660126 -0.0010819078310814413 -0.0019311904635532897 0.0039385554920130742 -0.0007354725824189279 -0.0033068249363380656 -0.0056260429375946334 -0.0082364275273499876 0.020420065839668114 0.016659159055300798 -0.010192235390236729 -0.0079169411653902018 -0.00037450596432350161 0.0042728749709300051 -0.015996122521578459 -0.019649998442020179 0.0043196689095509333 0.00033609471555604567 0.0059553421446035155 -0.010171355760924528 -0.0039902397283713481 0.0064570967689160713 0.026622718194869634 0.0002352623840253032 0.0045843513270268981 0.0068059699411884391 0.016111779498990897 -0.004748764370138831 0.014939698145097702 -0.00090040222306395079 -0.0059534593135133875 -0.0053393709347501761 0.0054705500896827467 -0.012653078644082905 0.016351568233277904 0.0023590518934348604 0.02700214453948542 -0.0076631430565492738 0.002994287740154178 -0.0042195594907658675 0.010080285419241664 -0.016378219814356221 0.00044727599559626354 -0.016839594244333369 -0.0010178159697472823
leaf_weight=109 52 366 122 400 114 235 342 1179 904 205 163 478 1906 305 846 340 657 373 134 1692 666 199 116 124 359 227 133 596 285 1339 498 161 60 1157 5549 579 76 315 203 50 8559 1060 778 215 396 77 134 803 210 467 71 123 467 49 216 247 196 41 60 54 94 216
leaf_count=109 52 366 122 400 114 235 342 1179 904 205 163 478 1906 305 846 340 657 373 134 1692 666 199 116 124 359 227 133 596 285 1339 498 161 60 1157 5549 579 76 315 203 50 8559 1060 778 215 396 77 134 803 210 467 71 123 467 49 216 247 196 41 60 54 94 216
internal_value=-0.000302776 -0.00279388 1.4778e-05 0.00151691 -0.000644215 0.00475578 0.00213579 0.00075275 -0.00102589 -0.0054326 -0.000587412 -0.0019685 -0.00482218 -0.00972108 -0.000658533 -0.00688406 0.000664224 0.00012184 -0.00204334 -0.00318704 0.00541051 -0.00238817 0.0021148 -0.00627907 -0.0129787 0.00877863 -0.0043787 -0.0104975 -0.00427873 0.0022116 0.00526316 0.000950169 -0.00791506 0.00506494 0.000148322 0.00115579 0.00550239 -0.000251762 -0.00195847 -0.00060241 0.000952068 0.00800691 0.0108696 0.00730659 -0.0100379 -0.00581237 0.000127877 -0.00781818 0.00016835 0.00156118 -0.00268199 0.00580524 -0.000220264 0.00225225 0.00294985 -0.000317125 0.00482912 -0.000113379 -0.00351271 -0.0140351 -0.00137615 -0.0059375
internal_weight=38147 4313 33834 10317 23517 1546 9799 6898 21971 1978 19993 10531 3318 1209 7213 818 2173 6556 3220 2871 2901 1309 652 2140 460 393 1680 995 399 3336 864 9462 259 1530 6395 9301 209 983 2109 166 9138 1726 887 349 518 1471 381 1090 287 1175 512 257 1806 101 668 463 663 441 659 114 545 310
internal_count=38147 4313 33834 10317 23517 1546 9799 6898 21971 1978 19993 10531 3318 1209 7213 818 2173 6556 3220 2871 2901 1309 652 2140 460 393 1680 995 399 3336 864 9462 259 1530 6395 9301 209 983 2109 166 9138 1726 887 349 518 1471 381 1090 287 1175 512 257 1806 101 668 463 663 441 659 114 545 310
cat_boundaries=0 2 8 14 16 18 24 26 28 30 32 39 41 43 45 47 54 56 59 61 67 69 71 73 80 82 88 91 93 95 97 99 101 103 105 107 110 112 114
cat_threshold=3894584177 17813548 2147483684 4195344 512 8388608 4998144 35700740 2701396784 4197392 83886720 8388612 4505666 2113684 381255857 2332198 606242592 26116772 135176 2097152 0 67108864 32 536870912 944769809 536870915 243466873 30879496 1411025207 15631494 336101383 4980740 268505096 67108896 536870912 130 1024 8421376 48 1342310417 10650628 138084416 536887309 1166324266 3232243722 2283538450 2103298 139272 0 134217732 67112976 8290 75563008 128 344522882 2100482 1277431937 134242304 2 2228480 4096 0 131072 268435456 2684357120 0 67109888 100663809 65536 1250697229 4208896 101975168 1051392 532480 0 0 144 64 67109120 32 1048864 128 8519680 9437184 2147483652 1275068416 0 67108864 17047552 9961480 3 539099168 16809984 8912896 132098 268443648 2117640 1345488896 1024 536871440 593920 8421376 536870913 8912964 546308097 539099168 16810624 271712384 134234113 8 1613007104 4 10244 4729088
is_linear=0
shrinkage=0.05


Tree=88
num_leaves=63
num_cat=35
split_feature=1 3 11 1 4 1 9 0 11 6 6 1 4 1 2 1 4 3 9 1 1 2 11 11 11 4 9 11 7 1 9 6 11 1 1 3 4 1 1 4 1 1 4 1 1 1 1 4 9 1 6 10 11 4 7 1 6 7 6 6 11 0
split_gain=13.2942 32.7234 19.7163 16.424 15.0125 38.5269 14.0191 11.9433 11.8434 9.52026 14.4053 9.01132 8.66345 35.8363 15.1572 11.6915 17.0688 9.50182 11.596 10.4374 9.4338 8.09179 7.98618 9.16909 7.9365 7.93862 7.88517 7.88233 7.75872 7.7229 7.65723 7.60465 7.59395 35.2659 19.6274 19.2441 18.6786 26.3851 22.2544 17.5697 18.8883 14.3401 11.8345 21.4364 11.8319 10.9791 8.01322 7.27999 9.63598 6.97209 7.26632 6.93115 6.72041 6.85912 6.57653 6.4334 9.88072 6.21928 6.03579 15.5919 5.71723 5.64299
threshold=0 1 20.500000000000004 2 3 4 10.500000000000002 1.6105181612163741 18.500000000000004 51.500000000000007 184.50000000000003 5 6 7 8 9 10 11 8.5000000000000018 12 13 14 9.5000000000000018 13.500000000000002 3.5000000000000004 15 9.5000000000000018 12.500000000000002 2.5000000000000004 16 10.500000000000002 17.500000000000004 10.500000000000002 17 18 19 20 21 22 23 24 25 26 27 28 29 30 31 6.5000000000000009 32 321.50000000000006 1.0000000180025095e-35 5.5000000000000009 33 1.5000000000000002 34 263.50000000000006 2.5000000000000004 178.50000000000003 227.50000000000003 21.500000000000004 1.8942957406618477
decision_type=9 9 2 9 9 9 2 2 2 2 2 9 9 9 9 9 9 9 2 9 9 9 2 2 2 9 2 2 2 9 2 2 2 9 9 9 9 9 9 9 9 9 9 9 9 9 9 9 2 9 2 2 2 9 2 9 2 2 2 2 2 2
left_child=1 11 3 6 5 47 8 -8 52 -4 -11 30 13 22 49 16 20 18 -18 26 -14 -7 -6 27 -13 28 -19 -24 54 -23 61 -22 33 42 35 41 38 -38 -36 45 -41 -34 43 -17 -44 -35 -37 55 -49 -15 -51 -12 -3 -54 -26 -2 -57 -10 -9 -60 -21 -1
right_child=4 2 9 -5 12 21 7 58 57 10 51 24 15 14 -16 32 17 19 -20 60 31 29 23 -25 25 -27 -28 -29 -30 -31 -32 -33 34 39 36 46 37 -39 -40 40 -42 -43 44 -45 -46 -47 -48 48 -50 50 -52 -53 53 -55 -56 56 -58 -59 59 -61 -62 -63
leaf_value=0.0027343980726644459 0.0016016261963199996 0.014447784617037163 0.00034768751032381311 0.0065749124669481802 0.028987742200090913 -8.1828979188086628e-05 0.047646160340783617 0.0099953473346731277 -0.008768434683537607 -0.00022617402177966818 0.022267241613805756 0.014671345467556107 0.0024811868931543858 -0.00042511799306956259 0.0016564908178999694 -0.012019571798410103 -0.0015450680295564512 -0.0016978277053128683 -0.01295108420408338 -0.0044574599680814123 -0.014608559009096368 -0.0010486434843184789 0.0061900190524052162 0.012617048115251495 0.0002971403268526407 -0.0041710537591979069 0.0055801275326708873 -0.017375893959229283 0.0010932245804674556 -0.0077434276500321364 0.015419304380319821 -0.0007051996713430237 0.0010526564504740987 -0.0060337670023392969 0.0020508556519724052 -0.00035640546663113782 0.00084854081498999536 -0.0035674426821566741 -0.00041549015720708797 0.0040805516394603059 -0.0014624427850458257 0.012034410724867661 -0.013656247773377761 0.0073549399821973456 -0.0066512653393086072 0.010045926089959668 0.0026392316237120574 0.0030538441801566808 -0.0050081571463155622 -0.0092606378376627 -0.020652055951119276 0.0004122861988847704 -0.01036002640410274 0.0017177127832977924 -0.033927030563747025 0.0052023113071856478 0.027776584876116422 -0.02085402102356634 -0.0036885068772618546 0.011031122782023773 0.0063401999801070922 -0.0054428482497943971
leaf_weight=229 264 44 83 909 138 216 40 164 57 91 46 45 1241 318 560 456 233 454 190 1702 73 369 139 331 99 1215 239 48 196 753 93 1010 619 104 3399 1549 1989 3049 4574 1275 2982 664 298 386 1158 455 1294 162 391 358 61 60 355 254 44 125 67 46 54 46 111 173
leaf_count=229 264 44 83 909 138 216 40 164 57 91 46 45 1241 318 560 456 233 454 190 1702 73 369 139 331 99 1215 239 48 196 753 93 1010 619 104 3399 1549 1989 3049 4574 1275 2982 664 298 386 1158 455 1294 162 391 358 61 60 355 254 44 125 67 46 54 46 111 173
internal_value=-0.00029229 0.00230875 0.00648517 0.0047486 -0.000626959 -0.00447603 0.00046729 0.00953947 -0.0031746 0.0189286 0.0129442 -0.00218631 -0.00033845 0.00287825 -0.00195103 -0.00055228 -0.00268858 -0.00522286 -0.0121247 -0.00401431 0.000514139 -0.0100148 0.0123123 0.00965251 -0.0040087 -0.0046332 0.0012091 0.000802139 0.002149 -0.0117491 0.00366337 -0.00288198 -8.86196e-05 -0.00146191 0.000481414 0.00348162 -0.000472314 -0.00285261 0.00103345 0.000973891 -0.000128896 0.00854602 -0.00654246 -0.00176056 -0.00927694 0.00922671 0.0011742 0.002895 -0.000976909 -0.00662651 -0.0108392 0.0254717 -0.000689127 -0.00205255 -0.00664336 0.00751073 0.0143564 -0.018932 0.00568182 -0.004 -0.00600658 0.000746269
internal_weight=38147 4343 2249 1969 33804 2347 1060 304 756 280 197 2094 31457 1953 1297 29504 5253 2929 423 2506 2324 1338 656 518 1599 1554 693 187 339 1122 495 1083 24251 7114 17137 4126 13011 5038 7973 4816 4257 1283 2298 842 1456 559 2843 1009 553 737 419 106 653 609 143 456 192 103 264 100 1813 402
internal_count=38147 4343 2249 1969 33804 2347 1060 304 756 280 197 2094 31457 1953 1297 29504 5253 2929 423 2506 2324 1338 656 518 1599 1554 693 187 339 1122 495 1083 24251 7114 17137 4126 13011 5038 7973 4816 4257 1283 2298 842 1456 559 2843 1009 553 737 419 106 653 609 143 456 192 103 264 100 1813 402
cat_boundaries=0 6 8 14 21 27 33 39 45 47 53 59 61 67 73 75 81 87 93 99 102 108 114 120 126 132 138 145 151 157 163 169 176 182 189 195
cat_threshold=269617666 1075316736 1141391556 9965712 100728832 156480 1478336621 673235013 1049090 1048576 524292 528512 67108864 8704 2172862736 16777248 822083590 2826962432 14696452 33555712 33 17317904 536907840 13836801 872418309 83 75792512 2 1572864 132 528512 0 139776 67116616 177173 131200 6291588 536870930 134217860 1226833920 10485761 269689888 100796416 528946 35192960 1107331732 11688074 1074020832 545308672 43159584 2080 2820694656 4751368 268967936 9437192 134218240 1060962 576 277086224 469770250 537935872 278816 0 8519680 32 134217728 32768 1073741952 8437760 1085440 2048 8704 4718592 940572968 1048578 4096 71303168 4 144 4194304 75497728 1082171393 79708161 32 2097152 0 34607104 168329216 2300577056 2149843969 335676421 1073743104 87097472 37855240 157295908 134480896 2416050184 1342341124 3211266 2617286659 135290892 8 8224 76548104 2155872768 1073873008 1074012768 807485440 671088644 2147483840 2418016273 235159616 25429081 8650884 562562049 33554960 20974344 1143014401 530720 117444624 268435460 0 134217728 67108866 0 335577088 603980816 100667905 268501272 1241776450 17432608 8391684 37814272 6291744 134217728 131072 32768 1114114 524288 2097152 2147483648 67113032 1024 327680 128 32768 134218016 2147745793 1024 1073742080 68222976 167772160 2166359040 0 335544320 0 2097152 536870912 0 268435456 2147483712 268439552 4 8200 9220 263168 2415919112 268566532 2162688 213008 32 268435456 0 4194304 33554432 33 536879105 71303168 4194304 2686452736 8 75497472 0 0 0 4128 0 0 128 524288 0 4202496 536872961 17 67108864
is_linear=0
shrinkage=0.05


Tree=89
num_leaves=63
num_cat=32
split_feature=4 1 1 4 11 3 6 6 6 0 7 1 7 6 0 4 11 1 3 0 1 1 4 1 3 11 4 1 1 5 7 7 3 1 7 7 1 4 6 4 1 6 4 7 4 1 9 6 3 7 3 5 1 6 6 0 3 1 10 1 9 9
split_gain=11.8926 25.1817 13.1481 18.3423 15.0721 12.6089 10.3066 10.1823 14.022 12.9305 10.6451 9.36775 10.3071 8.73861 12.6959 8.46239 8.43055 12.2416 9.96642 8.78265 18.4653 17.9964 12.3323 9.48694 9.33585 8.62199 9.61004 31.2218 14.0747 8.38574 7.97111 7.66475 7.57884 7.38299 12.5835 7.22235 8.43568 7.15192 6.78119 6.69639 7.5407 7.17606 6.63335 6.58058 6.33529 6.08889 11.1021 6.03935 5.96391 5.94928 5.94609 8.16076 5.70049 5.6404 8.72801 5.40454 5.27867 5.02034 4.67918 4.63921 4.41906 4.32067
threshold=0 1 2 3 21.500000000000004 4 306.50000000000006 113.50000000000001 221.50000000000003 1.8867218512943738 1.0000000180025095e-35 5 5.5000000000000009 36.500000000000007 2.0748986296189464 6 2.5000000000000004 7 8 1.9963237975540058 9 10 11 12 13 22.500000000000004 14 15 16 2.5000000000000004 3.5000000000000004 4.5000000000000009 17 18 1.5000000000000002 1.0000000180025095e-35 19 20 27.500000000000004 21 22 622.50000000000011 23 5.5000000000000009 24 25 3.5000000000000004 15.500000000000002 26 3.5000000000000004 27 2.5000000000000004 28 79.500000000000014 255.50000000000003 1.6876038089492076 29 30 1.0000000180025095e-35 31 8.5000000000000018 9.5000000000000018
decision_type=9 9 9 9 2 9 2 2 2 2 2 9 2 2 2 9 2 9 9 2 9 9 9 9 9 2 9 9 9 2 2 2 9 9 2 2 9 9 2 9 9 2 9 2 9 9 2 2 9 2 9 2 9 2 2 2 9 9 2 9 2 2
left_child=1 59 3 35 5 6 31 10 9 -9 38 12 15 -6 -15 -3 17 49 55 21 24 32 33 -24 -21 26 27 -23 -28 43 -10 44 -18 34 -22 36 -2 -25 -7 -37 41 56 -13 -27 -5 46 -26 -12 -47 -4 51 -42 -52 -17 -55 -19 -41 -34 -35 -1 -8 -38
right_child=2 11 16 4 13 7 60 8 30 -11 47 42 -14 14 -16 53 19 18 -20 20 22 25 23 37 45 29 28 -29 -30 -31 -32 -33 57 58 -36 39 61 -39 -40 40 50 -43 -44 -45 -46 48 -48 -49 -50 -51 52 -53 -54 54 -56 -57 -58 -59 -60 -61 -62 -63
leaf_value=0.011495528029559844 -0.0066389183451237678 0.00093269553439723771 1.5688216137954569e-05 0.00052095940724222745 0.00030924376764586149 -0.017977278571954625 0.022875671547665722 -0.0014762910913607597 -0.0020508584378066907 -0.013656741379403587 0.010515388666383525 -0.0046798218944394234 -0.010233217736285341 -3.4263834264225411e-05 0.00030144594047407661 -0.012548904361068203 -0.00033752510464403197 0.0054715102932184016 0.0081189895892175845 -0.0088819088590336107 -0.02322693254003376 -0.0032916863975260367 0.010280304838145883 0.010671156396788973 0.005413369418245018 0.00071018375011457362 -0.0014274988870981221 0.0023218587006306082 -0.00020196053073775479 0.031859292416048283 0.0060600660011293607 -0.0017606760767618246 -0.0012318617463910942 -0.010076013310621974 0.013347711649160043 -0.010527478392991008 0.017065408675015891 0.0010114452908150052 0.0048127744162818516 -0.015632254166764548 -0.0061682469064898056 0.022547041580150331 -0.000351930975497633 0.025377543516218206 0.011903960237366788 0.014906214292571707 -0.0058924083563007268 0.00619461394352967 -0.00042750416599622869 -0.014480065395562425 1.243567862246886e-05 0.022366788341517754 0.022401446417385729 -0.0030592681640662493 -0.0090660196003432957 -0.0057033854422126719 -0.0024839064535264188 -0.0064478976518841657 -5.336605107363335e-05 0.0013558176556150436 0.013974089561768644 -0.0010964810928017822
leaf_weight=108 107 104 51 145 45 45 81 235 225 154 98 170 52 72 44 41 380 52 487 113 54 642 659 467 122 314 4941 1925 13767 55 107 104 267 236 79 220 176 3274 87 138 272 47 884 48 230 119 272 672 2258 55 116 59 135 121 99 81 1020 740 137 237 49 53
leaf_count=108 107 104 51 145 45 45 81 235 225 154 98 170 52 72 44 41 380 52 487 113 54 642 659 467 122 314 4941 1925 13767 55 107 104 267 236 79 220 176 3274 87 138 272 47 884 48 230 119 272 672 2258 55 116 59 135 121 99 81 1020 740 137 237 49 53
internal_value=-0.000334233 -0.00427163 -0.00013621 0.00231774 0.0053891 0.00434588 0.01042 0.0019902 -0.00242718 -0.00886889 0.00554324 -0.00712357 -0.013466 0.0201863 0.012931 -0.0108219 -0.000504667 0.00482094 0.00746032 -0.000630082 0.000821566 -0.00112007 0.00268511 0.00353741 -0.00234969 -0.000764906 -0.000904818 0.00195964 -0.00129822 0.00635492 0.00512048 0.00720251 -0.00662133 -0.00465116 0.00524476 -0.000828729 0.00595238 0.00254599 -0.00757576 -0.00196811 -0.000918197 -0.00316872 -0.00451128 0.00359116 0.0105333 -0.00174398 -0.00742574 0.00779221 -0.000775031 -0.0103448 0.00371622 -0.000733138 0.00938697 -0.0153137 -0.0127273 -0.00454545 -0.00397237 -0.00889872 -0.00822454 0.00774648 0.0230769 0.0110879
internal_weight=38147 1816 36331 4736 2393 2232 609 1623 721 389 902 1471 417 161 116 365 31595 726 620 30869 7790 23079 4906 4400 2884 21692 21275 2567 18708 417 332 479 1387 506 133 2343 336 3741 132 2007 1787 1205 1054 362 375 2771 394 770 2377 106 582 331 251 261 220 133 1158 1007 373 345 130 229
internal_count=38147 1816 36331 4736 2393 2232 609 1623 721 389 902 1471 417 161 116 365 31595 726 620 30869 7790 23079 4906 4400 2884 21692 21275 2567 18708 417 332 479 1387 506 133 2343 336 3741 132 2007 1787 1205 1054 362 375 2771 394 770 2377 106 582 331 251 261 220 133 1158 1007 373 345 130 229
cat_boundaries=0 7 13 19 26 29 35 42 48 51 57 63 69 75 76 81 87 93 96 100 105 111 117 123 130 134 140 142 144 148 150 156 160
cat_threshold=2692760832 19136768 268435458 2819624450 14680068 2183152896 36 8208 33570832 5390336 2112 5 42467328 269650944 1209534465 1141440896 9048456 67108864 1245960 285749256 8388640 2281701376 1140854784 96 344293376 128 19468289 2147491853 1 1075184001 142606337 136579104 2199912448 0 3211264 16384 2097152 0 0 0 256 4 262144 0 393216 16777216 0 33556482 8716288 1073758208 8 1098908280 599806464 23200264 4 536578 84152321 675291330 2150464 4100 17891328 4220936 6324228 268435456 5242912 4 1073741968 25602 268435456 524418 40960 268435460 2097152 33619988 2670592 2550669312 285489704 67774505 218234880 1073741956 537403424 10567940 2218786832 8397312 134217795 1359478788 76021888 1124859912 33555456 2567979048 304351264 570688384 24656 268734466 2818596865 1 134217728 0 0 18874368 0 1 65920 4096 67108864 135168 1024 0 67112960 64 262144 16777224 8388640 2281701376 0 64 32768 268436480 135266305 589952 131072 67108864 1245440 16384 16777216 0 0 4 16384 4 0 1048592 536871428 128 8388608 553648640 131592 4 524288 67112960 0 2155872257 134217792 2686468096 1081344 0 256 524416 2147483648 1216348160 536879104 4096 0 65536 10240 6291460 0 33570832 147456 2112
is_linear=0
shrinkage=0.05


Tree=90
num_leaves=63
num_cat=41
split_feature=7 1 1 3 3 1 3 6 1 3 3 1 7 1 1 1 3 3 3 1 1 1 3 1 1 3 1 10 1 7 2 9 6 11 1 9 1 1 11 10 1 9 6 2 9 2 6 11 3 1 3 2 2 6 11 1 7 9 1 7 2 3
split_gain=9.0603 41.5489 20.7346 23.5182 19.5108 15.3419 33.2665 16.0947 13.8191 12.6442 12.2558 17.2614 12.1059 41.0739 22.9563 20.7901 21.1601 17.2319 16.4295 46.114 32.1503 25.2906 16.3288 26.1924 18.3748 16.3228 18.2837 14.7657 17.1615 14.4988 15.6172 14.4713 14.4034 13.6898 11.3841 11.2863 11.1952 11.1513 13.2459 10.8985 10.7662 10.2335 10.189 10.1476 9.96215 10.9632 9.2514 9.0923 8.65992 8.52635 8.12249 7.98617 7.93561 9.1539 8.85229 7.71672 7.47818 7.40328 7.25588 9.63794 7.19335 6.9176
threshold=5.5000000000000009 0 1 2 3 4 5 499.50000000000006 6 7 8 9 3.5000000000000004 10 11 12 13 14 15 16 17 18 19 20 21 22 23 1.0000000180025095e-35 24 1.5000000000000002 25 9.5000000000000018 282.50000000000006 17.500000000000004 26 7.5000000000000009 27 28 10.500000000000002 1.0000000180025095e-35 29 10.500000000000002 144.50000000000003 30 3.5000000000000004 31 293.50000000000006 16.500000000000004 32 33 34 35 36 196.50000000000003 21.500000000000004 37 1.5000000000000002 11.500000000000002 38 4.5000000000000009 39 40
decision_type=2 9 9 9 9 9 9 2 9 9 9 9 2 9 9 9 9 9 9 9 9 9 9 9 9 9 9 2 9 2 9 2 2 2 9 2 9 9 2 2 9 2 2 9 2 9 2 2 9 9 9 9 9 2 2 9 2 2 9 2 9 9
left_child=5 9 3 47 -4 6 8 52 -1 -2 36 -12 14 17 25 16 44 32 20 40 29 -21 23 -17 -24 27 50 28 -7 31 -31 -16 -14 -30 41 43 -6 -29 -39 -9 -20 -22 -42 -13 45 -15 -23 -3 -10 -18 -27 -38 -8 54 -54 -37 -52 58 59 -19 -25 -26
right_child=1 2 4 -5 10 12 7 39 48 -11 11 35 13 15 18 22 49 57 19 21 34 46 24 60 61 26 -28 37 33 30 -32 -33 -34 -35 -36 55 51 38 -40 -41 42 -43 -44 -45 -46 -47 -48 -49 -50 -51 56 -53 53 -55 -56 -57 -58 -59 -60 -61 -62 -63
leaf_value=-0.0079737752843463301 -0.00064790299067766794 0.012739111969322559 -0.0091571099693298838 -0.010365843975117341 -0.0041181691595292835 -0.013306620049768731 0.013638525098608368 -0.0034128221087409098 -0.0070889441954028022 0.0089430215554457404 0.0068723465837629456 -0.001600725069367115 -0.011617024675170463 -0.0016546588310445811 -0.001931351845962867 -0.0057341161935011821 -0.00051111616097793415 0.00070449436000984416 0.0269016000186489 -0.0076944247769064281 -0.0065600504100187616 3.6685846842544892e-05 0.0041954550516102532 0.0044708371100421916 0.0055479353109406772 -3.8038524036698723e-05 -0.0063997995554841208 0.0015843583152167233 -0.0019629070342087607 0.010824012117792292 0.00098486268152604976 0.011291961853476185 0.00074970811572563358 0.0077710981614560583 -0.00076334019216081357 -0.013036589249779497 -0.006418299458864774 -0.013047037390182148 -0.0091402423558221702 0.0029668905798154455 0.00097303627360505467 0.00021034730737088392 0.010922753925762085 0.0037652891320447916 0.0081987584148229212 0.0072569651888751315 0.0050161783942954709 -0.010925679425618442 0.0046783950448464678 0.0056388115189023591 0.017489470957236766 0.0016849734381608806 0.0012293707231273211 0.014054716913177279 0.00028349381757533101 -0.00097202255971617912 0.0041419839258764026 -0.0066683391061560741 0.00094857096120040674 -0.0031268933683357425 -0.00028656591502959627 -0.00041378059360763775
leaf_weight=780 268 81 104 770 562 208 639 60 108 521 231 216 468 148 854 567 344 229 215 969 2376 2626 1511 369 240 945 790 122 476 539 620 287 111 133 6026 107 234 262 603 62 611 587 517 298 930 154 661 40 530 582 169 470 1337 391 87 411 191 103 588 232 1098 1379
leaf_count=780 268 81 104 770 562 208 639 60 108 521 231 216 468 148 854 567 344 229 215 969 2376 2626 1511 369 240 945 790 122 476 539 620 287 111 133 6026 107 234 262 603 62 611 587 517 298 930 154 661 40 530 582 169 470 1337 391 87 411 191 103 588 232 1098 1379
internal_value=-0.000334233 -0.00249246 -0.00481041 -0.0113762 -0.00255392 -5.91121e-05 0.00284715 0.00622583 -0.00329132 0.00782228 -0.0016345 0.00184603 -0.000448911 0.00107699 -0.00111368 0.00271413 0.00682657 -0.00582998 -0.000313647 0.00189873 -0.00141163 -0.000656353 0.000985698 -0.00249511 0.00324841 -0.00456639 -0.00154394 -0.00804851 -0.00312118 0.00385281 0.00780846 -0.000131464 -0.0128183 0.00121163 -0.00276142 -0.000959693 -0.00509404 -0.0122087 -0.0141143 -0.0114754 0.00994087 -0.00529768 0.00782074 0.00428016 0.0111111 0.00331126 0.0014407 0.00877863 0.00216049 0.00106838 0.00209125 -0.000840336 0.00713121 0.00534247 0.00351124 -0.00617761 0.00837838 -0.00223752 -0.00100095 -0.00562633 0.00104942 -0.000460405
internal_weight=38147 4313 3524 891 2633 33834 3994 2576 1418 789 2529 1263 29840 9053 20787 7322 2158 1731 16888 5599 11289 4256 5164 2034 3130 3899 2095 1804 817 2300 1159 1141 579 609 8989 1032 1266 987 865 122 1343 2963 1128 514 1232 302 3287 121 638 926 1305 704 2454 1815 1424 518 360 1152 1049 461 1467 1619
internal_count=38147 4313 3524 891 2633 33834 3994 2576 1418 789 2529 1263 29840 9053 20787 7322 2158 1731 16888 5599 11289 4256 5164 2034 3130 3899 2095 1804 817 2300 1159 1141 579 609 8989 1032 1266 987 865 122 1343 2963 1128 514 1232 302 3287 121 638 926 1305 704 2454 1815 1424 518 360 1152 1049 461 1467 1619
cat_boundaries=0 6 12 14 17 23 26 31 33 36 42 48 54 60 63 65 68 74 80 85 87 93 99 102 108 114 116 122 128 134 140 142 144 147 153 156 158 160 166 172 174 177
cat_threshold=3736064 151536256 2416057344 537137152 131083 16448 537178512 2147493136 3678213 150994980 79692032 1048592 786497 2684354568 262145 8192 2 2415953920 1059844 1074356485 160432516 109051904 1180177 2484412649 1210597396 8 2048 1050624 614401 142606596 100663296 136347712 3766485000 1083220354 2292187200 9 4 33554432 278528 2147500035 4112 1024 539427849 2118144 2551218304 525344 16914440 17302848 106446888 671089280 2181044256 1141112832 537190434 4231304 68173878 603979777 54530592 1142970368 541335586 69760 2281836547 3894427655 8 65536 2820677725 3102447894 2701149227 3 679477504 3238002704 68158472 268977153 3221230849 8938756 553981442 8392704 134251200 33751162 589964 16777536 16978434 8929313 8422080 33757298 524416 344494153 2290632775 34079360 32832 8520704 2147483713 268960000 67125248 1124606656 557056 75891712 2181169153 268960016 113524736 3497202117 672137220 1 1589288 134217728 2147485696 67108864 262178 4227200 0 134217856 2080 0 536870914 4231168 67674384 2101290 1073742212 3321888832 71435272 2415935488 3361739521 76300288 16793604 546340928 29638720 2149580865 536870992 34373632 0 134217856 0 0 536870912 4096 0 2147483648 0 524289 1073745920 24576 3322029568 1049224 100794368 10485888 1048577 1073741840 8 1048582 536870913 0 69224448 32 4096 8388640 10502153 10 2222981376 131470 10486272 131080 16777216 0 40 2097152 1028 33554432 539295744 2114048 134217728 524288 135176 64 1880097122 524676 2147811332 536870936 2
is_linear=0
shrinkage=0.05


Tree=91
num_leaves=63
num_cat=39
split_feature=1 3 1 11 1 1 3 3 1 3 3 1 1 3 1 1 1 3 5 9 10 2 11 9 1 3 2 9 2 2 3 1 8 3 11 6 3 6 1 11 6 1 6 11 1 3 1 1 11 6 9 6 3 1 11 6 1 1 0 9 1 1
split_gain=10.0263 17.7862 8.73385 8.19035 56.1868 28.5053 21.0599 20.209 19.2122 16.1533 15.179 13.9206 13.3731 12.3802 38.417 29.3303 17.5259 11.5393 11.7173 10.3036 9.937 10.4632 9.74924 9.47692 9.26369 9.24038 17.7108 9.2327 9.09853 8.88489 8.73118 8.70046 8.82625 10.9369 8.54116 8.41323 8.10373 12.5215 8.05016 10.6355 8.01922 7.91163 7.85451 16.3383 11.1519 9.92585 9.75481 9.466 11.3765 10.0754 8.92908 7.79209 14.2543 8.78359 7.77358 7.76963 23.2424 9.06953 7.64171 7.61491 8.8951 7.60377
threshold=0 1 2 9.5000000000000018 3 4 5 6 7 8 9 10 11 12 13 14 15 16 2.5000000000000004 10.500000000000002 1.0000000180025095e-35 17 21.500000000000004 11.500000000000002 18 19 20 3.5000000000000004 21 22 23 24 1.0000000180025095e-35 25 15.500000000000002 391.50000000000006 26 37.500000000000007 27 8.5000000000000018 247.50000000000003 28 126.50000000000001 18.500000000000004 29 30 31 32 11.500000000000002 225.50000000000003 10.500000000000002 68.500000000000014 33 34 17.500000000000004 29.500000000000004 35 36 1.4489328600338085 2.5000000000000004 37 38
decision_type=9 9 9 2 9 9 9 9 9 9 9 9 9 9 9 9 9 9 2 2 2 9 2 2 9 9 9 2 9 9 9 9 2 9 2 2 9 2 9 2 2 9 2 2 9 9 9 9 2 2 2 2 9 9 2 2 9 9 2 2 9 9
left_child=1 2 -1 4 6 17 29 11 9 61 -9 -7 -12 14 22 51 -16 27 20 38 21 -19 59 31 36 26 -18 -6 -21 -2 -25 34 -33 -34 -11 -27 58 -38 39 -8 -32 -22 44 45 -3 46 -44 48 -47 -50 -45 53 -53 -15 -54 56 -26 -57 -17 60 -10 -5
right_child=3 42 -4 8 5 7 19 10 13 23 12 -13 -14 15 16 24 25 18 -20 28 41 -23 -24 30 55 35 -28 -29 -30 -31 40 32 33 -35 -36 -37 37 -39 -40 -41 -42 -43 43 50 -46 47 -48 -49 49 -51 -52 52 54 -55 -56 57 -58 -59 -60 -61 -62 -63
leaf_value=-0.00082307685852868191 0.0059988267734768065 0.0062864810498293958 -0.0072062200831649829 0.0048144146076689598 -0.0023024126327458152 0.0040364630226215224 -0.014919497119477022 0.015834289465703946 0.013856636898467828 0.0079640256091232601 -0.0037824014504877603 -0.0093689120614415811 0.0021277620308995274 0.00066975863942568829 -0.0041756348855717272 0.013687465182186132 -0.0073564404256918348 -0.012847064467527217 0.029323763844507668 0.0055589432877121044 0.019954487629020853 0.00046598051856414638 0.0031046253873214472 0.0045335522374669261 -0.0096446512858557321 8.2001192415120949e-05 0.0019806493753824817 0.013280986922934047 -0.015779694737471105 -0.0056489240918066539 0.011759895949220202 0.0014097814823302857 -0.0086351453705520564 0.0020883944031305779 0.0015582676602802937 0.016135207891589832 0.0049386516744756477 -0.00024003609663796334 -0.013264823023949058 0.0040146946642795498 0.03557331276167093 0.00072123622427450467 -0.00055119978405410717 -0.0038954554934207911 -0.00040238362919373664 -0.015098155437581374 0.0095666193352290096 0.00015149740701160265 -0.0038829689941285665 0.0074269012832072212 3.4800857280381516e-05 0.0032278941038584533 -0.0014060883310367369 -0.0067981700427069526 -0.0073836612821191585 -0.00078816162621032644 0.00077710519198299639 0.0010026549988892131 0.0058149421113384177 0.0038212145094832953 -0.0017418626965062496 -0.008763509312837937
leaf_weight=274 117 768 484 129 118 106 276 216 106 491 1633 651 1602 267 782 156 336 113 72 156 112 281 194 116 434 3030 269 534 136 230 120 1931 233 308 460 179 355 1392 670 114 50 328 370 340 1415 152 244 489 119 120 111 696 1273 1285 659 2937 635 3022 817 2519 292 323
leaf_count=274 117 768 484 129 118 106 276 216 106 491 1633 651 1602 267 782 156 336 113 72 156 112 281 194 116 434 3030 269 534 136 230 120 1931 233 308 460 179 355 1392 670 114 50 328 370 340 1415 152 244 489 119 120 111 696 1273 1285 659 2937 635 3022 817 2519 292 323
internal_value=-0.000399769 -0.00251225 -0.00950521 -8.86658e-05 -0.00154722 0.000813712 -0.00950848 -0.00132764 0.000333385 0.00344042 0.000303381 -0.00867014 -0.000570108 -0.00026565 0.00134119 -0.00115512 -0.00156318 0.00656888 0.00283843 -0.0123348 0.00119904 -0.00456853 0.0056232 0.00453079 0.000348432 -0.000156904 -0.00577236 0.0116314 -0.00410959 0.00154062 0.0132867 0.00381245 0.00221595 -0.00341959 0.0078564 0.000916434 0.00282051 0.000768355 -0.014717 -0.00825 0.02 0.00636364 -0.00120831 -0.00352185 0.000847458 -0.00100402 0.00384615 -0.00438202 -0.0100998 -0.00355649 -0.0118625 -0.00465394 -0.00300609 -0.00747423 -0.00520082 -0.000610969 -0.00453695 9.22974e-05 0.00645982 0.00491944 -0.00150754 -0.00541126
internal_weight=38147 4886 758 33261 7465 5766 1699 4208 25796 4161 3451 757 3235 21635 7707 13928 4596 1558 906 1352 834 394 3111 3709 9748 3814 605 652 292 347 286 3423 2472 541 951 3209 2720 1747 1060 390 170 440 4128 1945 2183 1494 614 880 391 239 451 4180 2628 1552 1932 7028 1069 5959 973 2917 398 452
internal_count=38147 4886 758 33261 7465 5766 1699 4208 25796 4161 3451 757 3235 21635 7707 13928 4596 1558 906 1352 834 394 3111 3709 9748 3814 605 652 292 347 286 3423 2472 541 951 3209 2720 1747 1060 390 170 440 4128 1945 2183 1494 614 880 391 239 451 4180 2628 1552 1932 7028 1069 5959 973 2917 398 452
cat_boundaries=0 6 9 15 21 27 29 32 38 41 43 49 55 57 63 69 75 78 80 86 88 90 92 94 96 102 104 107 113 118 124 127 133 139 141 147 153 159 164 170
cat_threshold=34996648 147968 2189439512 1073741856 692117504 12615688 67709133 3355443264 2 1179904 0 8392712 0 671088640 8388608 145276930 165718016 134742021 335675392 1107297553 17830016 67109904 605552769 17940832 570753042 2215249920 16452 134754307 2692759553 2416968067 2149072907 1 1350625282 1235257348 134742148 8523904 1107296257 17956993 3558084641 2148532300 2 17309700 2068 0 0 0 2147500032 2 34078976 1073750080 1107297364 4457472 2147503104 268436138 2957571 2501340140 3256397836 16842756 574624001 274088000 2701133889 67567648 610304 5140 537399585 273809472 553715970 68029088 20544 67108864 2214593664 16777216 2097170 14 2361092 10686465 3221225480 2 2097184 8456192 2097664 2147493056 1073741824 67650576 268436510 69477632 1050880 3222798340 1075060960 2097154 67371028 16778240 33028 540680 8421376 538968064 8390658 153092096 128 8388736 1107296256 131072 8421376 144719872 142606339 679493632 9 136347648 20971520 0 0 1107297297 16781312 0 67108865 0 262146 67108864 34603040 512 8396816 1073741856 16809984 32768 420483072 540675 8 34996224 0 8389120 0 0 12582912 34865408 0 12288 32 134217728 32768 1084784640 64 16 33 0 2048 393728 4160 537460737 100663312 262144 35651592 0 589824 201326656 34603008 86067232 436469829 64 33556486 0 574619648 262144 2147483648 67108896 1082138624 0 4 4096 0 128
is_linear=0
shrinkage=0.05


Tree=92
num_leaves=63
num_cat=30
split_feature=4 2 4 2 0 2 4 4 0 2 2 4 6 2 6 2 2 4 9 6 2 4 2 6 6 4 4 4 6 0 9 4 0 9 9 7 2 9 9 2 11 2 4 9 2 6 6 6 0 9 4 6 7 2 9 2 4 11 6 9 11 9
split_gain=10.9941 24.4897 9.86759 11.5984 7.40871 9.90816 28.6547 17.849 15.5492 15.093 12.5072 11.2493 11.1128 19.3025 13.6535 28.865 12.3009 11.0561 10.3099 10.0097 12.3452 9.2222 10.325 8.24069 8.08052 8.01307 7.83993 7.79994 10.7785 7.5878 8.21742 12.2601 8.08372 10.6157 8.83925 7.23794 7.22271 8.1075 15.9166 10.6466 11.8897 10.2521 7.25002 7.06613 8.02101 6.99254 6.95522 6.88355 6.42547 6.38989 6.28404 6.12272 6.01934 5.94537 7.1136 5.70373 5.65556 5.64807 9.30689 5.12192 5.09898 5.05653
threshold=0 1 2 3 1.5716603543580625 4 5 6 1.6596388310122925 7 8 9 28.500000000000004 10 160.50000000000003 11 12 13 11.500000000000002 24.500000000000004 14 15 16 309.50000000000006 12.500000000000002 17 18 19 433.50000000000006 1.4506897767776012 9.5000000000000018 20 1.5344395466156473 2.5000000000000004 4.5000000000000009 5.5000000000000009 21 1.5000000000000002 2.5000000000000004 22 12.500000000000002 23 24 3.5000000000000004 25 184.50000000000003 301.50000000000006 467.50000000000006 1.7601027725027165 6.5000000000000009 26 231.50000000000003 5.5000000000000009 27 9.5000000000000018 28 29 13.500000000000002 239.50000000000003 9.5000000000000018 17.500000000000004 6.5000000000000009
decision_type=9 9 9 9 2 9 9 9 2 9 9 9 2 9 2 9 9 9 2 2 9 9 9 2 2 9 9 9 2 2 2 9 2 2 2 2 9 2 2 9 2 9 9 2 9 2 2 2 2 2 9 2 2 9 2 9 9 2 2 2 2 2
left_child=1 43 3 -2 21 7 9 12 24 11 17 45 13 48 16 -16 -14 -9 -15 20 -10 22 26 50 -8 -21 60 49 -29 30 35 -32 34 -34 -31 -24 46 39 41 -38 -41 -39 -40 57 -45 -7 59 51 -6 -12 -11 -5 53 54 -3 -19 -46 -1 -59 -23 -4 -13
right_child=2 52 4 47 5 6 8 10 19 23 27 61 14 18 15 -17 -18 55 -20 25 -22 36 29 -25 -26 -27 -28 28 -30 32 31 -33 33 -35 -36 -37 37 38 42 40 -42 -43 -44 44 56 -47 -48 -49 -50 -51 -52 -53 -54 -55 -56 -57 -58 58 -60 -61 -62 -63
leaf_value=-0.0069800412708827426 -0.0021949042699259571 -0.0014365286498788878 -0.00013677279326705928 0.0046238172119042352 0.0092454505933915916 0.0015161236367871507 0.00014493922146623374 -0.0091879386403334543 -0.0051106022580012737 -0.00077140822979380747 -0.0063097077622705977 0.00068964576005555724 0.0059910902288023097 -0.0067658755484503175 -0.0019051257917267724 0.0024565145086694051 0.00019590955762606167 0.0055761082357143558 -0.03045999028859403 -0.00015990633784783716 0.0039277426478093848 -0.0075054533774522262 -0.0014803700551903915 0.022317706870047395 0.0029054306310236314 -0.0025562005435103619 0.0095358868680609169 -0.0026347372404903315 0.007483089752954631 0.00051200005779355464 0.030539802932401956 -0.00019649743809017353 -0.020962228832146435 0.0035660126681729357 -0.008514940262211796 0.0081161383952645279 -0.001214535115310944 -0.00085497612433610426 -0.0076898945668343269 -0.0028569735208704124 0.013968753044466873 -0.012590447681356531 -0.00033772198864303053 0.017476236518693788 0.0064809342791895489 -0.0082826958083945523 -0.02159095346987018 -0.015538031131644493 6.7403557257783583e-05 -0.0038074224628218637 0.01436311388444439 0.017125538370748573 -0.010700457538821784 -0.0044592772332064682 0.012164461814004901 -0.00011720760659554298 -0.000226854968144799 -0.0046094220947259261 0.0091548581968472261 0.019038710231377945 0.005148534062874033 0.018695862346155511
leaf_weight=69 203 167 985 203 129 574 40 106 229 110 584 125 1870 621 1686 1843 2279 504 49 4499 906 170 846 131 477 1547 523 1832 297 164 162 234 55 286 426 69 258 221 408 96 176 396 6464 101 104 196 40 49 476 936 657 194 89 468 59 774 376 41 43 43 313 169
leaf_count=69 203 167 985 203 129 574 40 106 229 110 584 125 1870 621 1686 1843 2279 504 49 4499 906 170 846 131 477 1547 523 1832 297 164 162 234 55 286 426 69 258 221 408 96 176 396 6464 101 104 196 40 49 476 936 657 194 89 468 59 774 376 41 43 43 313 169
internal_value=-0.000394526 -0.00455141 -0.00022107 0.00584219 -0.000332027 0.000186078 0.00141675 -0.000664476 3.89206e-05 0.00679513 -0.00304382 0.00270019 0.000674997 -0.00364706 0.00139359 -0.000892604 0.00333815 0.0010043 -0.00941176 -0.000563988 0.00374449 -0.0013255 0.000626074 0.0115639 0.00841393 -0.00137281 0.00341344 -0.00457775 -0.00259467 -0.00164298 0.000800915 0.00681818 -0.00510204 0.00102639 -0.00864407 -0.00180328 -0.00228206 -0.00201146 -0.00243691 0.00396226 0.0106383 -0.0101297 -0.00174622 0.00201613 0.0045611 -0.000512821 -0.0104563 0.010307 0.00284553 -0.00732026 0.00971317 0.0127204 -0.0106557 -0.0092219 -0.00211864 0.00232919 0.00163265 -0.00751634 0.00119048 -0.007277 0.00129969 0.0108553
internal_weight=38147 1517 36630 649 35981 23646 9660 13986 7698 1962 5033 1064 8953 1275 7678 3529 4149 1384 670 7181 1135 12335 4063 898 517 6046 1821 3649 2129 2242 1311 396 931 341 590 915 8272 8019 7489 530 272 617 6872 734 581 770 253 446 605 1520 767 397 783 694 226 1278 480 153 84 213 1298 294
internal_count=38147 1517 36630 649 35981 23646 9660 13986 7698 1962 5033 1064 8953 1275 7678 3529 4149 1384 670 7181 1135 12335 4063 898 517 6046 1821 3649 2129 2242 1311 396 931 341 590 915 8272 8019 7489 530 272 617 6872 734 581 770 253 446 605 1520 767 397 783 694 226 1278 480 153 84 213 1298 294
cat_boundaries=0 7 9 15 17 19 26 33 35 37 44 46 48 50 54 56 63 65 72 79 86 91 93 95 97 103 105 111 113 115 121
cat_threshold=2156004609 285475072 285212674 2693809666 2883589 2181039360 32 372771748 3278858 603980320 67156997 128 2097152 1610645520 134873216 2157191712 2148480 1614414335 12756746 8200 1179648 2692743680 4112 9280 872726544 1 269221904 11534392 134217728 1073881256 8404994 2162692 20 2147819520 69636 536871182 4228096 8192 0 536870912 4112 8256 67371008 1 1077411889 163840 540147854 33792 540147916 41482 8 4194304 0 64 2214661120 18874368 268441608 6946816 1 1207967984 25632 545275920 1 167780610 18560 17317952 8388608 134217728 67240072 2 8454144 128 0 0 1 112 1056 536887312 1 16384 131072 2147484164 71303184 8192 335822864 1 0 0 0 32 16384 1073741825 1310756 234881024 2113536 335552512 2637832 0 1048592 536870916 2048 64 2359296 2621440 10 0 0 2684354560 0 0 268435472 3758170177 69632 536871172 4194304 8388608 0 16777216 9437696 0 33554432
is_linear=0
shrinkage=0.05


Tree=93
num_leaves=63
num_cat=35
split_feature=4 2 1 4 1 4 1 1 1 3 1 1 1 3 2 7 5 1 7 6 3 9 3 2 9 1 1 0 4 9 1 0 4 1 0 4 1 9 6 9 9 6 6 6 6 2 1 7 4 2 1 0 9 1 6 6 0 7 6 3 1 9
split_gain=11.5887 23.7119 8.70707 15.4039 8.6917 8.65709 62.6804 27.3664 18.9656 13.3237 35.9218 14.0255 11.1731 10.3609 14.3714 11.7446 9.93978 9.19509 11.4281 9.28993 9.111 8.75191 8.59472 8.36394 8.09712 39.3643 13.8185 7.73296 7.57782 7.7501 12.6838 8.46897 7.49066 8.12917 11.5944 10.7997 7.34429 7.69895 7.07127 6.68959 9.56015 7.90326 9.57852 6.65141 7.41172 9.68597 6.43082 6.37506 6.1398 7.28868 5.83348 5.78299 7.18411 7.46577 5.71133 7.10944 7.83384 5.2856 4.92359 4.90779 4.82698 5.34434
threshold=0 1 2 3 4 5 6 7 8 9 10 11 12 13 14 1.5000000000000002 3.5000000000000004 15 5.5000000000000009 42.500000000000007 16 4.5000000000000009 17 18 10.500000000000002 19 20 2.1066023847070836 21 8.5000000000000018 22 2.3549017945672794 23 24 1.6944642783253936 25 26 4.5000000000000009 150.50000000000003 3.5000000000000004 5.5000000000000009 166.50000000000003 192.50000000000003 16.500000000000004 280.50000000000006 27 28 2.5000000000000004 29 30 31 1.7601027725027165 10.500000000000002 32 172.50000000000003 128.50000000000003 1.7587351814000078 5.5000000000000009 44.500000000000007 33 34 5.5000000000000009
decision_type=9 9 9 9 9 9 9 9 9 9 9 9 9 9 9 2 2 9 2 2 9 2 9 9 2 9 9 2 9 2 9 2 9 9 2 9 9 2 2 2 2 2 2 2 2 9 9 2 9 9 9 2 2 9 2 2 2 2 2 9 9 2
left_child=1 60 3 4 -2 6 43 13 20 10 -10 22 21 27 -15 -16 17 19 -19 -9 -7 -12 47 -24 26 -26 -13 58 -22 31 -31 -30 -5 34 -34 -36 -3 -38 -18 -6 -41 46 -43 -4 48 -46 -42 -11 50 -50 -45 52 53 -35 55 56 -39 -14 -8 -56 61 -1
right_child=2 36 5 32 39 8 7 16 9 11 12 24 57 14 15 -17 38 18 -20 -21 28 -23 23 -25 25 -27 -28 -29 29 30 -32 -33 33 51 35 -37 37 54 -40 40 41 42 -44 44 45 -47 -48 -49 49 -51 -52 -53 -54 -55 59 -57 -58 -59 -60 -61 -62 -63
leaf_value=0.0047484969156927686 -0.0026104043696312919 0.0037485486984909448 0.00093815868404392158 -0.0056362577643851441 6.5645146251114286e-05 -0.015396615808311946 0.0025320726287544116 -0.0011877640493092813 -0.0029028390639187942 0.00063342797719430084 0.0019602704212944469 -0.0025521227039791319 0.0029223556077151826 0.0038014353720549733 -0.017648027520707276 -0.00025376620037925735 -0.026001327721676262 -0.00067225144804566872 -0.0062738051036796477 0.00099775973382695295 0.0037942908932818709 0.019210699790352864 -0.0083743069744740446 0.0006281955276568941 0.0059902408898007131 -0.0040567126513483707 -9.2097232498444822e-05 -0.00048743451749961865 -0.0032905603057589469 -0.00099445679539236233 0.0032966375564258189 0.020761450340709177 -0.0068252519543005319 -0.0053073296103648753 -0.0059638391881363219 0.004590940794855114 -0.0032309415292836709 -0.0033532878597551108 -0.0097545985378552531 0.035878447283542746 -0.0028539585580254212 0.020614206128903814 0.013740366331915933 -0.0002920271063263036 0.0086975089847034122 -0.0080937458621066546 0.011903740316205108 0.0049338315650306608 -0.016582370987147346 -0.0038423987000760942 -0.012464702381353587 0.00022734628590523887 0.040280958059250228 0.0082648003336841195 -0.00076881400227547532 -0.018054816628174652 0.016602424692759101 -0.00049283869522371573 0.011893274286709549 0.0085053023030058905 -0.007168556773215211 -0.0028116608110449583
leaf_weight=43 250 243 83 221 241 114 211 573 727 1430 196 1914 1137 337 111 228 51 2404 298 1819 121 468 124 245 1076 1195 8819 178 2964 899 1054 41 286 167 219 471 184 82 55 148 244 43 248 114 112 160 239 1558 265 362 232 1079 82 251 101 40 57 166 710 196 402 59
leaf_count=43 250 243 83 221 241 114 211 573 727 1430 196 1914 1137 337 111 228 51 2404 298 1819 121 468 124 245 1076 1195 8819 178 2964 899 1054 41 286 167 219 471 184 82 55 148 244 43 248 114 112 160 239 1558 265 362 232 1079 82 251 101 40 57 166 710 196 402 59
internal_value=-0.000397148 -0.00483416 -0.00022585 0.00191712 0.00614898 -0.000502134 -0.00189462 7.1582e-06 -2.47341e-05 0.000705481 0.0039571 0.00016798 0.0074608 0.00535014 0.000437318 -0.00673352 -0.00182342 -0.00151158 -0.00350295 0.000749376 -0.00270037 0.0127596 0.00304425 -0.00408971 -0.000576302 0.00213562 -0.00115066 0.00834085 -0.00236785 -0.00267713 -0.000230415 -0.00427621 -0.000251256 0.000526316 -0.0030426 0.000434783 5.47645e-05 -0.00268657 -0.0169811 0.00797101 0.00997831 0.00775194 0.0142612 -0.0118087 -0.0128112 -0.00551471 0.00383023 0.00393596 -0.014851 -0.0112245 -0.0205056 0.00273757 0.0072 0.00454545 0.000630252 -0.00642458 -0.00107914 0.00468393 0.0102606 0.00488215 -0.0134241 -0.00267857
internal_weight=38147 1407 36740 4189 1413 32551 8303 6975 24248 19055 2694 16361 1967 1775 676 339 5200 5094 2702 2392 5193 664 3357 369 13004 2271 10733 1099 5079 4958 1953 3005 2776 2555 976 690 903 660 106 1163 922 774 291 1328 1245 272 483 2988 973 627 346 1579 500 418 476 179 139 1303 921 297 504 102
internal_count=38147 1407 36740 4189 1413 32551 8303 6975 24248 19055 2694 16361 1967 1775 676 339 5200 5094 2702 2392 5193 664 3357 369 13004 2271 10733 1099 5079 4958 1953 3005 2776 2555 976 690 903 660 106 1163 922 774 291 1328 1245 272 483 2988 973 627 346 1579 500 418 476 179 139 1303 921 297 504 102
cat_boundaries=0 7 9 15 22 28 35 41 47 53 55 61 67 73 76 78 84 86 88 90 96 102 108 114 120 126 133 139 141 147 154 156 162 168 170 176
cat_threshold=8388865 285475072 285736962 2695906818 7077893 2181039360 32 679780379 8516736 268471298 1090521088 1141440896 293605512 68609 1262416 8192 4195376 536871424 1073746064 24576 98304 1 3072 1090519040 0 268435464 0 256 2147688464 2129952 537010693 1207972048 1619026432 9437184 145 545263632 34603776 41958408 1208157190 4130 21005314 135406376 2826981536 3276805 2148007968 8396992 786432 135397672 545276064 2182217733 786464 807461072 524424 186671142 2189965312 1611161732 138449233 10485824 572538880 2147614720 7168 3758116864 7373569 16777224 1243808004 2147614752 52466688 10551376 1049600 5152 2147616839 1090785326 2 2883586 2281701393 8 168823040 16809992 2621441 2663488 2151956592 69486608 2449605136 4228 134217730 524288 1083342849 2113537 786432 8405506 52437201 34082880 138420736 67125265 67113734 67381248 102834881 34083840 4608 67110912 1090781700 270336 16384 71434240 0 0 2 2097152 0 536887328 2182086656 524288 32976 524288 268439552 0 2147483648 67108864 64 268435456 268468226 0 67633408 16777344 2049 16912 524288 0 0 131072 0 262144 128 65552 80 149504 1 80 4096 3276818 524288 0 0 65920 25165824 0 1114176 8192 0 536870912 16 16384 8388608 128 655376 2228612 8388624 0 8 0 4098 2 0 2048 0 4096 1024 1048576 402653312 16385 4 0 32 2097152 0 33554432
is_linear=0
shrinkage=0.05


Tree=94
num_leaves=63
num_cat=36
split_feature=4 1 2 1 4 1 11 2 2 9 11 1 1 4 1 1 1 4 4 1 4 4 1 4 1 4 2 9 4 2 1 1 9 9 6 9 9 6 5 11 1 9 2 2 6 9 9 4 11 2 11 6 2 4 11 9 9 7 11 6 11 4
split_gain=10.7186 28.0389 14.603 9.37717 11.8289 9.91977 8.51347 31.0164 7.73367 10.1818 7.50143 55.0796 24.9263 21.5201 23.4423 18.1539 17.3324 16.9742 15.879 12.4435 16.4814 16.405 12.2129 11.2972 11.6801 10.4502 15.1979 17.2206 9.30584 9.57774 7.49711 7.04824 7.26577 12.7629 8.53288 7.04616 6.95165 6.95694 9.49253 8.52958 6.87075 6.84433 9.74452 8.85137 6.68571 6.60563 7.78282 5.98609 5.42325 5.17749 5.11666 5.06412 4.83133 4.79392 7.09945 6.80402 5.4005 5.23232 4.85286 5.2808 4.76038 4.64918
threshold=0 1 2 3 4 5 2.5000000000000004 6 7 8.5000000000000018 9.5000000000000018 8 9 10 11 12 13 14 15 16 17 18 19 20 21 22 23 6.5000000000000009 24 25 26 27 1.5000000000000002 3.5000000000000004 20.500000000000004 1.5000000000000002 3.5000000000000004 166.50000000000003 2.5000000000000004 13.500000000000002 28 8.5000000000000018 29 30 198.50000000000003 3.5000000000000004 2.5000000000000004 31 10.500000000000002 32 7.5000000000000009 126.50000000000001 33 34 19.500000000000004 4.5000000000000009 2.5000000000000004 1.5000000000000002 13.500000000000002 89.500000000000014 8.5000000000000018 35
decision_type=9 9 9 9 9 9 2 9 9 2 2 9 9 9 9 9 9 9 9 9 9 9 9 9 9 9 9 2 9 9 9 9 2 2 2 2 2 2 2 2 9 2 9 9 2 2 2 9 2 9 2 2 9 9 2 2 2 2 2 2 2 9
left_child=1 30 -3 4 5 53 7 -5 -9 -10 11 25 23 14 -14 -15 18 22 -12 21 -21 -19 -18 44 -25 26 -8 -28 29 -20 -1 32 51 -34 -35 -7 -33 -38 39 -39 60 43 -43 -37 -13 46 -4 -36 -30 -47 -45 -6 -24 54 57 56 -55 -2 59 -57 -27 -42
right_child=3 2 45 6 31 35 10 8 9 -11 16 12 13 15 -16 -17 17 19 28 20 -22 -23 52 24 -26 40 27 -29 48 -31 -32 36 33 34 47 41 37 38 -40 -41 61 42 -44 50 -46 49 -48 -49 -50 -51 -52 -53 -54 55 -56 58 -58 -59 -60 -61 -62 -63
leaf_value=0.011591471909424734 -0.0049467675421098539 -0.0084527070931033343 -0.00094555115154084659 -0.006121260180203026 0.037989927282861762 0.017420323723397035 0.011351871364599409 0.020257355628581688 0.010987636116390637 -0.0011909770489153594 -0.0087231647844716719 0.011167240900591281 0.0078092411346550542 0.0006032347735250188 -0.00031500298735314129 -0.0073874668713215024 -0.0042981056271234773 -0.0046744050838254062 -0.0012406218000058035 0.00020879658189367769 -0.00087268169611965935 0.001401700311821813 0.00012281350107604672 -0.0031337730945621201 0.0065725652370269066 -0.0087396909892015102 -0.034122878215687137 0.00073053574963237726 -0.0044382399449230175 0.010810625113567274 0.00040012837560143844 -5.935199331555952e-05 -0.016495368084774666 -0.017323594371104811 -0.0045050742699887739 0.0082981194629891519 0.0068921626407796761 0.0026924203810611558 0.055178150704578148 0.018135380214154419 -0.0091360523876307664 0.016980760173506238 0.0002156259804432681 -0.015429080698681669 0.021455371246780288 0.0026142156773715734 -0.011629906430591232 0.0037514038435126685 -0.0016635288722756103 -0.0019194293770927518 -0.0026057065412193881 0.00013157508333913048 0.0086381733273725898 -0.0096458920725570607 -0.015996184353647819 -0.020797966276888392 0.0085639378760534301 0.0054460236377022742 -0.00388149598089953 -0.011528724161935833 0.0001558265909111123 -0.011879668485718829
leaf_weight=104 119 363 92 221 41 93 117 118 252 144 237 252 435 1461 760 1687 117 381 114 7984 7676 5020 105 104 281 245 127 142 231 184 569 248 104 81 160 220 570 126 41 156 122 128 271 50 60 214 57 502 2150 451 522 43 493 49 76 69 82 248 203 98 139 638
leaf_count=104 119 363 92 221 41 93 117 118 252 144 237 252 435 1461 760 1687 117 381 114 7984 7676 5020 105 104 281 245 127 142 231 184 569 248 104 81 160 220 570 126 41 156 122 128 271 50 60 214 57 502 2150 451 522 43 493 49 76 69 82 248 203 98 139 638
internal_value=-0.000384041 -0.00408602 -0.00871946 -0.000194177 0.00199536 -0.000536193 -0.000488956 0.00482993 0.0114504 0.00763547 -0.000614164 -0.00211568 0.000415842 -0.000999311 0.0046888 -0.00316656 -0.000214644 0.000270816 -0.00382775 1.18646e-05 -0.000701978 0.0020791 0.0077931 0.00912306 0.00316456 -0.0103896 -0.0030303 -0.00949821 -0.00269617 0.00551948 0.00402635 0.00470701 0.00143464 5.90319e-05 0.00235532 0.00231839 0.00734144 0.00946249 0.0153251 0.0120567 -0.012825 0.00130143 0.0066416 -0.00138889 0.0161491 -0.00485437 -0.0144295 0.00422961 -0.0037432 -0.00278195 -0.00463918 0.0154762 0.0106908 -0.00440252 -0.000551876 -0.00772994 0.0019084 0.00231608 -0.0113514 -0.0176647 -0.00685279 -0.0157143
internal_weight=38147 1850 1177 36297 4300 2228 31997 735 514 396 31262 6570 5040 4343 1195 3148 24692 21776 2916 21061 15660 5401 715 697 385 1530 386 269 2679 298 673 2072 931 847 743 1284 1141 893 323 282 1144 1191 399 792 312 814 149 662 2381 665 572 84 598 944 443 501 131 367 370 167 384 760
internal_count=38147 1850 1177 36297 4300 2228 31997 735 514 396 31262 6570 5040 4343 1195 3148 24692 21776 2916 21061 15660 5401 715 697 385 1530 386 269 2679 298 673 2072 931 847 743 1284 1141 893 323 282 1144 1191 399 792 312 814 149 662 2381 665 572 84 598 944 443 501 131 367 370 167 384 760
cat_boundaries=0 7 13 15 21 28 34 36 38 44 50 56 62 68 74 81 88 94 100 106 112 119 125 132 133 139 141 147 153 159 161 163 169 171 173 179 185
cat_threshold=8519937 19136768 268435462 540036098 15220740 2182087936 32 27861264 8192 273826568 2113 67108982 42479744 76906498 12636804 35842 3223847168 1141440512 25170056 8590465 1196626 540680 1048584 671088640 67240032 263266 335806464 128 32770 2150105088 67108864 16777344 131073 1049104 393252 7478402 271581696 98304 1252540480 163619904 142607360 131072 1744830480 84451457 135316 537920128 16814968 262194 2164260864 3076 69660 132096 134217728 67244224 8194 4 17047552 33554432 2236416 2753562625 67109120 33624064 605028864 67129381 271736836 1644167232 524334 10813440 2415984800 4737 50377240 306 2166654976 12583948 2231386656 68159524 8388608 8388612 32768 2097168 4 8200 67108864 0 67109008 8192 0 4 1245732864 163621952 2281702405 2281832448 671088660 2166913 537410568 9052184 2768257024 2281709616 536872513 268517504 268500992 131072 536870912 16 1088 268435456 134226176 0 0 538968064 16 65536 0 0 134217728 168 0 8650752 128 4 128 512 18 0 2048 524288 0 2147483648 128 0 67436544 128 201327126 0 16 0 131072 32 262144 268443904 1048714 16850944 8192 16384 64 0 128 3072 1073742080 1073807360 8392712 8392832 16450 8388608 142614592 8388608 0 1610612752 16777216 65600 640 612369152 262144 0 4194304 0 4096 8192 8388608 2097221 1188874 268470432 540672 16384 0 134217728 96 0 67108864 8 0 0 8 8192 8388608
is_linear=0
shrinkage=0.05


Tree=95
num_leaves=63
num_cat=29
split_feature=4 2 0 4 2 4 6 4 7 5 9 2 3 4 2 6 2 2 7 7 3 4 2 9 4 9 6 2 9 9 3 6 2 0 6 2 2 2 6 4 0 9 0 6 7 4 6 9 4 0 6 2 6 7 0 3 2 2 9 9 7 0
split_gain=11.3804 13.1579 8.32302 8.93151 9.88143 10.8254 9.07889 8.39681 9.33715 7.64434 7.3445 7.0811 20.017 14.4645 13.9969 13.9029 20.4653 11.7483 11.0534 9.54955 9.44484 8.29513 7.51793 7.41434 6.88235 6.65241 10.6597 6.61982 7.22599 7.8224 6.92908 7.1551 9.28806 7.88895 7.1612 6.89529 6.83993 6.83404 6.69767 6.53106 6.50694 6.28921 6.15749 6.09025 5.975 6.35133 5.86166 5.39652 6.85546 5.32494 5.32036 6.12804 6.37165 4.87299 5.26454 4.62753 4.52498 4.41613 4.22285 4.16791 3.60454 3.58808
threshold=0 1 1.5344395466156473 2 3 4 405.50000000000006 5 1.5000000000000002 4.5000000000000009 1.5000000000000002 6 7 8 9 16.500000000000004 10 11 4.5000000000000009 1.5000000000000002 12 13 14 10.500000000000002 15 10.500000000000002 71.500000000000014 16 2.5000000000000004 6.5000000000000009 17 285.50000000000006 18 1.4859124666409558 12.500000000000002 19 20 21 41.500000000000007 22 1.4739620546537482 8.5000000000000018 1.4489328600338085 287.50000000000006 4.5000000000000009 23 1200.0000000000002 1.5000000000000002 24 2.0955774491224504 67.500000000000014 25 154.50000000000003 3.5000000000000004 1.5109441130828716 26 27 28 9.5000000000000018 10.500000000000002 1.5000000000000002 1.3753045791400764
decision_type=9 9 2 9 9 9 2 9 2 2 2 9 9 9 9 2 9 9 2 2 9 9 9 2 9 2 2 9 2 2 9 2 9 2 2 9 9 9 2 9 2 2 2 2 2 9 2 2 9 2 2 9 2 2 2 9 9 9 2 2 2 2
left_child=1 44 3 4 24 60 10 8 -4 11 -7 13 14 15 -13 16 -9 20 -19 -16 -15 22 -14 -17 -2 26 -10 28 38 -30 35 34 33 -33 37 53 -36 -32 -5 -34 -12 -37 -8 -43 45 -1 -23 -3 56 -50 57 55 -53 54 -29 -52 -49 58 -26 -59 -6 -46
right_child=2 47 7 27 5 6 42 9 25 -11 40 12 21 17 19 23 -18 18 -20 -21 -22 46 -24 -25 50 -27 -28 30 29 -31 31 32 39 -35 36 41 -38 -39 -40 -41 -42 43 -44 -45 61 -47 -48 48 49 -51 51 52 -54 -55 -56 -57 -58 59 -60 -61 -62 -63
leaf_value=0.0046697016715517292 -0.0012478422828614778 0.00370983924642076 0.015022831072135534 -0.024019290156522884 -0.0008159025210095483 0.017119315644194701 0.0099697555900880065 -0.018350524790360347 -0.013175814163260259 -0.021446161250206874 -0.0032233049834885065 0.01382677250410338 -0.0096414215666758788 0.0065529558037855486 -0.0028753981161090073 0.00013128410639754451 -2.3430343458630268e-05 -0.0014541639372189774 -0.0058423124088376084 0.0053454129644603171 -0.00082294598517423934 0.00027930258493016338 -0.00046904386107182727 0.004609525436518519 -7.0249118339682506e-05 0.018818399110661646 0.01023395249595993 -0.014462153553609136 0.0019601245545589731 -0.01236384495459239 -0.0039109238894399437 -0.00073538230320776003 -0.00082333435193729658 0.0010466057809572771 0.0096089991570442596 -0.010375757637247868 -0.001261069396333503 0.005476729496381289 -0.0056060100829152474 0.0063128799568377917 -0.0073433108977532862 -0.009059660554829178 -0.001381817185249562 0.0047247239338898189 -0.00017522968828649345 -0.00045135120852334292 -0.0051335870766568426 0.00086634098402618709 -0.0067672892169520667 0.0016633721626456823 -0.0031899370029422227 0.015927929536684631 0.0025291150162445823 0.0041252437084300046 0.0030647642828854904 0.001719012960586941 -0.0021769016021844505 0.00034074552771541368 -0.010306671471236241 0.012766552136039605 0.01161383870606188 -0.0032297608632087527
leaf_weight=321 584 66 123 43 41 72 60 235 77 59 801 349 293 648 456 6569 524 2214 644 983 1144 7731 653 1988 221 46 133 129 117 103 127 240 154 49 110 202 5054 156 43 477 293 92 63 40 92 312 48 106 315 41 193 210 541 85 58 691 270 285 105 89 90 89
leaf_count=321 584 66 123 43 41 72 60 235 77 59 801 349 293 648 456 6569 524 2214 644 983 1144 7731 653 1988 221 46 133 129 117 103 127 240 154 49 110 202 5054 156 43 477 293 92 63 40 92 312 48 106 315 41 193 210 541 85 58 691 270 285 105 89 90 89
internal_value=-0.000402391 -0.00450062 -0.000220276 -0.00132553 0.000471373 -0.00293706 -0.0043495 0.000294979 0.00758355 0.000179241 -0.00574614 0.00022264 0.00120213 -0.000515169 0.00600667 0.000621917 -0.00586298 -0.0027897 -0.00477685 0.00376121 0.000388457 0.000211792 -0.0041841 0.00119785 0.00213383 0.00234375 -0.00142857 -0.00239402 -0.00949367 -0.005 -0.00206931 -0.00157598 0.0025 -0.0048495 -0.0022673 -0.00714286 -0.00269171 0.00547703 -0.022093 0.00585023 -0.00676417 -0.0119186 0.00853659 -0.00378788 0 0.00229068 0.000751059 -0.00903465 -0.0103825 -0.0153005 0.00334755 0.00492355 0.00821288 -0.00106383 -0.00561497 0.00201342 -0.00518135 -0.000285714 -0.00446429 0.00338542 0.0102837 -0.00801105
internal_weight=38147 1612 36535 11618 4339 1420 1289 24917 379 24538 1166 24479 10513 13966 1788 9316 759 4650 2858 1439 1792 8725 946 8557 2919 256 210 7279 306 220 6973 6367 920 289 5447 606 5164 283 86 631 1094 334 123 132 814 633 7779 798 732 356 2335 1635 751 272 187 884 376 700 326 374 131 181
internal_count=38147 1612 36535 11618 4339 1420 1289 24917 379 24538 1166 24479 10513 13966 1788 9316 759 4650 2858 1439 1792 8725 946 8557 2919 256 210 7279 306 220 6973 6367 920 289 5447 606 5164 283 86 631 1094 334 123 132 814 633 7779 798 732 356 2335 1635 751 272 187 884 376 700 326 374 131 181
cat_boundaries=0 7 9 16 18 25 31 33 35 42 44 46 48 51 58 60 67 69 71 73 75 76 78 83 90 96 98 100 102 104
cat_threshold=2147484929 19136768 524290 3165698 15220741 2183136512 32 2251817297 20097066 805312556 4859905 16777728 679477488 8288 813973504 5 167805184 3164320 0 0 0 128 32 262144 1 67109376 1024 0 2147483648 536903680 524436 1614481335 25396744 204738692 538443781 294264852 67108920 2432827392 8528040 1074004002 268763136 20 67151944 2113568 536937492 8388616 539100548 16909312 285212672 537935883 1 25305108 67141664 0 128 1074003970 276824064 5 268732480 262144 268435456 0 512 192 32 262144 1 134217728 36 71309569 2147500035 335552768 16384 369107200 524288 1048578 33554432 18432 8192 8 0 4104 512 1024 256 0 0 4734976 1280 32 2147483648 2097152 0 1049090 16388 2149581056 32768 2099328 1048577 134217728 434208 128 33554688 16384
is_linear=0
shrinkage=0.05


Tree=96
num_leaves=63
num_cat=40
split_feature=1 3 6 9 1 1 3 1 1 1 1 3 3 1 1 3 3 11 1 7 3 5 3 1 1 6 6 7 3 1 11 7 1 2 1 7 7 1 2 2 2 1 1 0 11 3 6 3 1 1 9 7 0 1 11 9 1 1 7 11 3 1
split_gain=9.77562 20.4938 10.5174 8.83931 36.045 35.1034 24.9985 50.4845 29.0801 24.193 16.2117 16.2787 15.2825 32.5516 15.2517 14.6313 14.3421 14.2342 12.161 12.0673 11.3389 10.8921 11.6571 30.3108 18.087 10.8148 9.99352 24.1294 11.8329 9.79842 9.48525 9.24152 14.2886 9.77259 9.08779 8.91427 14.8444 17.9777 13.2874 10.7058 8.72025 8.67871 8.25585 8.10486 7.88082 7.44234 7.3804 7.15107 12.9216 11.2828 8.51564 9.16777 7.99738 7.0965 7.0897 6.88953 7.48267 6.41468 6.31186 6.05839 6.05134 8.84492
threshold=0 1 410.50000000000006 6.5000000000000009 2 3 4 5 6 7 8 9 10 11 12 13 14 21.500000000000004 15 4.5000000000000009 16 3.5000000000000004 17 18 19 415.50000000000006 992.50000000000011 1.5000000000000002 20 21 13.500000000000002 1.5000000000000002 22 23 24 1.0000000180025095e-35 3.5000000000000004 25 26 27 28 29 30 1.9767950309518563 6.5000000000000009 31 172.50000000000003 32 33 34 5.5000000000000009 1.5000000000000002 2.0955774491224504 35 9.5000000000000018 7.5000000000000009 36 37 2.5000000000000004 15.500000000000002 38 39
decision_type=9 9 2 2 9 9 9 9 9 9 9 9 9 9 9 9 9 2 9 2 9 2 9 9 9 2 2 2 9 9 2 2 9 9 9 2 2 9 9 9 9 9 9 2 2 9 2 9 9 9 2 2 2 9 2 2 9 9 2 2 9 9
left_child=1 2 -1 5 26 16 7 19 15 55 20 18 14 45 -10 -8 42 29 46 53 41 22 23 -13 -24 -16 28 -28 40 -17 -20 33 -33 -11 43 38 39 -38 -22 -37 -5 59 -2 54 -15 -14 -12 49 52 -18 57 -52 -49 -6 -30 -9 -57 -51 -44 -7 61 -3
right_child=3 60 -4 4 6 10 8 9 12 31 11 21 13 44 25 17 47 -19 30 -21 35 -23 24 -25 -26 -27 27 -29 34 -31 -32 32 -34 -35 -36 36 37 -39 -40 -41 -42 -43 58 -45 -46 -47 -48 48 -50 50 51 -53 -54 -55 -56 56 -58 -59 -60 -61 -62 -63
leaf_value=-0.006957583853789296 0.013347490157079679 0.0067384418480868295 0.005326823777281664 -0.012486014582639383 -0.0014900381515607687 -0.0022386552092239277 -0.010919488929283145 0.0077533740753994275 0.0046716883012297037 -0.0010769203741414102 -0.01352231465214614 -0.002103692253436784 -0.0032588448982918128 0.04326802950773833 -0.00019627375114710801 -0.008336803994576104 -0.010971271573882458 0.010297845177296705 -0.011979272593584528 -0.012887720872698107 -0.0048127254256872254 -0.0082241031867135717 0.00071448770345589052 0.0085363751456383422 -0.0017634861042097772 0.014684600627688227 0.0022333942445522449 -0.014211914022082373 0.0043759954883707984 -0.00079492340079390664 -0.001642832863684174 0.0021862612204899823 -0.0012650409602536551 -0.010220655712654314 0.015407108064155951 0.0039801514975120631 -0.00079435879638046776 0.0093127170107828502 0.019509678065635905 -0.010664680670604413 0.0037169288390979218 0.01025745536664522 0.0040614909073149351 0.016363030679342219 0.010055635027413579 0.00027634952898037969 0.01075971002336556 -0.014367090280097798 -0.0037264085090275012 0.0065073041634549581 -0.008850306783450352 -0.0012340067174471448 0.00044338241218668808 -0.00795313313322305 6.8264522202643454e-05 0.014304990576201215 0.001817123212248184 -0.001352552440573529 -0.0016271385040856458 0.0015956281997859174 -0.00033474778898673341 -0.00024215784767913642
leaf_weight=507 118 271 56 117 333 154 234 103 2175 362 57 689 113 88 4551 357 330 141 233 201 100 228 3647 830 4116 194 40 71 151 2118 203 423 1300 433 747 320 385 338 137 518 883 444 153 102 832 583 66 454 735 230 84 175 54 339 487 103 433 671 210 96 2593 931
leaf_count=507 118 271 56 117 333 154 234 103 2175 362 57 689 113 88 4551 357 330 141 233 201 100 228 3647 830 4116 194 40 71 151 2118 203 423 1300 433 747 320 385 338 137 518 883 444 153 102 832 583 66 454 735 230 84 175 54 339 487 103 433 671 210 96 2593 931
internal_value=-0.000384041 -0.00260989 -0.0114311 -9.61567e-05 0.000660597 -0.00096038 -0.000259302 -0.00363861 0.000938926 -0.000678876 0.000234667 -0.000659788 0.00239878 0.00676507 0.00137085 -0.00342657 -0.00561414 -0.00232292 -0.00887522 -0.0142129 0.00383693 -0.000168067 9.69619e-05 0.00408764 -0.00068828 -0.00022082 0.00609663 -0.00855856 0.00677523 -0.00321212 -0.0127803 -0.00288766 -0.000841555 -0.00735849 0.00958584 0.0017146 0.000352338 0.00560166 0.0107595 -0.00417661 0.00247525 0.00923295 0.00234216 0.00546667 0.0129032 -0.00141643 0.00488722 -0.00701786 -0.00985634 -0.0046 -0.00222222 -0.0102317 -0.0160232 -0.0111607 0.00344828 0.00793529 0.00578358 5.54939e-05 -0.00147453 0.00153846 -0.00127464 0.00165017
internal_weight=38147 4358 563 33789 18014 15775 15416 4030 11386 3157 12561 10069 8536 1616 6920 2850 3214 2616 559 873 2492 9510 9282 1519 7763 4745 2598 111 2487 2475 436 2518 1723 795 1487 1798 1561 723 237 838 1000 694 481 740 920 696 123 2733 1243 1490 1160 259 508 672 638 639 536 901 363 250 3795 1202
internal_count=38147 4358 563 33789 18014 15775 15416 4030 11386 3157 12561 10069 8536 1616 6920 2850 3214 2616 559 873 2492 9510 9282 1519 7763 4745 2598 111 2487 2475 436 2518 1723 795 1487 1798 1561 723 237 838 1000 694 481 740 920 696 123 2733 1243 1490 1160 259 508 672 638 639 536 901 363 250 3795 1202
cat_boundaries=0 6 9 15 21 24 29 35 41 47 49 51 57 63 65 68 74 76 79 85 91 93 99 105 107 113 119 121 123 125 130 136 138 141 147 153 158 164 170 172 178
cat_threshold=109514916 8537088 2189463552 1073741824 2168506752 4719624 67707016 1073750103 3 268445698 17334272 134300416 282769 715333634 148036 1059074 129 134218240 2181454865 982131200 16580 408164873 687916152 11 1076903944 637546753 1190984 134414340 1073746464 1078493192 2919245860 270533817 268959776 1073742868 18878464 34048 32 268435456 19398696 268959773 2109568 1078493704 1812996356 85984505 276824324 1073742848 131328 268435844 1074276354 3232473216 11534336 540034304 592 393220 704643074 268435457 100763904 19939840 6296209 17432576 2315452482 262656 75597842 67108896 2147483649 3357282504 9961472 8 0 0 5390336 0 1 75497472 495452420 3355984896 756625441 8421440 9 555745297 33554464 280576 555745280 65587 36765698 553648129 2183170608 288768 19398816 4209 53547008 1074508132 536887300 4194304 536872960 2097176 268959744 0 18874368 150994944 16 6553600 637534208 0 258 2147876996 3149832 0 16809984 82688 278544 134283264 16452 32768 739246080 2098241 0 0 256 557092 8388608 67897888 393224 1280 4096 4751872 1048832 16777216 276824064 1024 8192 0 512 1 524288 64 322 2 270663712 536920065 1 8192 128 512 399376 411050496 16384 1048834 0 134217728 1024 537526272 64 1064960 33566721 141312 134348800 512 0 32 268435456 524320 0 128 0 0 0 2147878928 301989888 16384 1498810624 545783808 109117572 0 8421376 0 0 4194304
is_linear=0
shrinkage=0.05


Tree=97
num_leaves=63
num_cat=33
split_feature=1 3 4 2 4 2 9 11 4 1 4 1 1 6 2 11 9 3 1 1 1 3 9 6 1 1 4 9 1 3 4 1 1 1 4 4 2 5 11 10 6 1 6 11 1 8 9 6 2 11 1 6 6 8 11 6 11 6 6 11 10 9
split_gain=10.6718 14.517 11.8005 15.3085 10.7007 22.4849 12.4736 9.19557 8.71752 8.59557 12.5686 11.9079 8.51535 9.02305 15.5576 10.7635 7.48904 13.9932 17.0878 13.5437 11.715 7.24218 7.74961 7.23027 33.7853 16.0961 13.3396 12.2269 12.2197 15.8797 11.4772 37.139 14.034 8.39105 10.1373 8.29058 8.19079 7.14313 6.51848 6.35543 8.72948 8.26799 6.27273 10.8005 6.23547 5.39552 5.38876 7.59838 5.18814 5.04174 6.07003 5.39945 5.03655 5.0331 6.69423 4.90585 4.85098 6.44994 4.6419 4.84516 4.58963 4.49687
threshold=0 1 2 3 4 5 6.5000000000000009 9.5000000000000018 6 7 8 9 10 144.50000000000003 11 13.500000000000002 9.5000000000000018 12 13 14 15 16 4.5000000000000009 247.50000000000003 17 18 19 7.5000000000000009 20 21 22 23 24 25 26 27 28 2.5000000000000004 19.500000000000004 1.0000000180025095e-35 19.500000000000004 29 148.50000000000003 17.500000000000004 30 1.0000000180025095e-35 11.500000000000002 76.500000000000014 31 12.500000000000002 32 73.500000000000014 166.50000000000003 1.0000000180025095e-35 9.5000000000000018 46.500000000000007 14.500000000000002 235.50000000000003 34.500000000000007 18.500000000000004 1.0000000180025095e-35 2.5000000000000004
decision_type=9 9 9 9 9 9 2 2 9 9 9 9 9 2 9 2 2 9 9 9 9 9 2 2 9 9 9 2 9 9 9 9 9 9 9 9 9 2 2 2 2 9 2 2 9 2 2 2 9 2 9 2 2 2 2 2 2 2 2 2 2 2
left_child=1 7 3 -2 5 -4 56 -1 37 10 12 55 61 15 -15 -14 20 18 -18 38 52 42 -23 28 33 27 -27 -26 29 36 31 -30 -32 -25 -35 -31 -11 49 -19 40 -13 -41 45 -44 -9 -22 47 -21 -20 -3 51 -51 53 54 -10 -12 57 -7 -52 -60 -57 -6
right_child=2 8 4 -5 9 6 -8 44 16 23 11 39 13 14 -16 -17 17 19 48 46 21 22 -24 24 25 26 -28 -29 30 35 32 -33 -34 34 -36 -37 -38 -39 -40 41 -42 -43 43 -45 -46 -47 -48 -49 -50 50 58 -53 -54 -55 -56 60 -58 -59 59 -61 -62 -63
leaf_value=0.0016416489145995639 0.00050739619588024423 -0.00018003563649136023 0.013057155157699507 -0.0025278957910201991 0.011571312716248672 -0.012846198919538832 0.0043361915952123018 -0.0012680912424676005 -0.016781576841049983 -0.014630560014092709 0.004814740739234713 -0.0066038045408224558 -0.0062896103540997401 0.0014114862039544291 -0.0072550408527664563 0.0066073222672177858 -0.00022160040427839924 -6.8088230256674326e-05 0.004649627517841504 -0.0017311167416523721 0.0022611854879974638 -0.00033818447557311116 0.0039115928530359945 -0.0083308822501441792 0.0084269481647663239 0.0039395521191335275 -0.00071701824404443173 0.00038320879780504583 -0.0070099201597630173 0.0039229867062191785 -0.001976109339107246 -0.00018368153809114607 0.00013770159704156183 -0.0095625961280927929 -0.00050533897831557268 0.00032581390938440924 -0.0016587269866477211 -0.0053560443689828043 0.02968004646009087 0.017315868403364278 0.017664769056429701 1.4479122493160636e-05 -0.0031941761209930419 -0.0043866291336715716 -0.012000974757593397 -0.0021630951187417854 -0.00061807575531935832 -0.02507621364531111 0.02633415344368514 0.0057585136398496722 0.0065965473462175524 0.017302434743569527 -0.00086225881794835821 -0.013987824638113856 -0.0027139354955927064 -0.00018250803768031789 -0.00012039102011691672 -0.00084217569124952487 0.0024668388715378023 -0.0046175856803619356 -0.013152513325375037 0.0037339304122052165
leaf_weight=76 532 257 444 860 43 109 344 104 80 108 61 44 471 250 394 609 438 108 124 47 546 107 191 329 878 1637 1794 687 896 810 4762 2874 7250 270 887 4351 206 101 43 227 472 391 317 192 169 216 172 78 204 52 59 77 255 75 208 79 114 64 153 58 83 310
leaf_count=76 532 257 444 860 43 109 344 104 80 108 61 44 471 250 394 609 438 108 124 47 546 107 191 329 878 1637 1794 687 896 810 4762 2874 7250 270 887 4351 206 101 43 227 472 391 317 192 169 216 172 78 204 52 59 77 255 75 208 79 114 64 153 58 83 310
internal_value=-0.000452198 -0.00273412 -0.000145617 -0.00463623 4.96001e-05 0.00493088 -0.00117005 -0.0123955 -0.00189539 -0.000120258 0.00223577 0.00596196 -0.000215621 -0.00167243 -0.00636646 0.00111111 -0.00297567 0.000164745 0.00425258 -0.00676856 -0.00473251 -0.00237492 0.00454545 -0.000412627 0.00104906 0.00301638 0.0010898 0.00720635 -0.000858541 0.00117593 -0.00156408 -0.00396825 -0.000806854 -0.00554813 -0.00347044 0.00184684 -0.0095679 0.00293351 0.0052795 0.00804196 0.0122093 0.00469256 -0.0040203 -0.00834971 -0.017033 -0.0011811 -0.0128664 -0.0212 0.0127219 0.00487805 0.00839599 0.0169065 -0.0105096 -0.0144628 -0.0114583 -0.00450644 -0.00888502 -0.0141618 0.00357143 0.000236967 -0.00925926 0.00674931
internal_weight=38147 4507 33640 1392 32248 1075 631 349 4158 31173 3434 1357 2077 1724 644 1080 3401 1214 766 448 2187 1569 298 27739 6482 4996 3431 1565 21257 5475 15782 3770 12012 1486 1157 5161 314 757 151 1134 516 618 1271 509 273 762 297 125 328 656 399 129 618 363 288 223 287 173 270 211 162 353
internal_count=38147 4507 33640 1392 32248 1075 631 349 4158 31173 3434 1357 2077 1724 644 1080 3401 1214 766 448 2187 1569 298 27739 6482 4996 3431 1565 21257 5475 15782 3770 12012 1486 1157 5161 314 757 151 1134 516 618 1271 509 273 762 297 125 328 656 399 129 618 363 288 223 287 173 270 211 162 353
cat_boundaries=0 6 9 16 18 24 26 32 38 45 51 57 59 61 67 72 78 80 86 92 98 104 106 113 119 125 130 137 144 146 152 157 159 162
cat_threshold=102109312 8537216 176173056 0 2835409024 4197385 2147557508 0 11 2969568256 287572232 17309698 2281710082 552091653 34604032 16 1142038546 2762282 67373641 67120132 16385 7342084 1073741840 2148007952 3499533367 1204224 524288 12713992 536870912 12416 1090 268697616 3489696802 151519232 1091125524 8458376 8585216 17232 544768 4194304 134218240 67239944 9250 343998464 128 2 16777216 16777232 8 0 512 2147483682 16777216 1090519056 8 131072 512 75564064 4102 8814592 134217729 68288512 16384 33554432 0 536870912 1025 68288512 0 134217728 0 671090688 131200 8388608 134221824 0 536879104 2056 8552512 136331265 18899716 5243172 3593 524388 268032 8532100 8388632 3827347969 2216034464 409600 1140850764 1081344 729104 0 4 1140854832 8258 268517376 2105860 4194592 2561 121112609 268033 16986118 1342243200 1209532416 598032 1179680 134218240 1082134592 1090 346030336 33 0 607134209 2149580800 671220822 1145045024 2129920 29900873 2785052672 269648928 3221241856 1376256074 786432 260 256 513 36 263424 0 4194304 0 1073877000 64 335544320 128 12320 4194320 2818572288 64 1088 256 129 1187840 1064992 268468224 134742016 81920 0 0 16400 1048576 8404992 142606336 0 134217728 274 49152 1179776 8388736 8388608
is_linear=0
shrinkage=0.05


Tree=98
num_leaves=63
num_cat=36
split_feature=1 3 11 4 4 1 2 4 11 1 2 11 2 9 11 2 1 4 9 1 1 3 1 4 4 9 3 1 4 1 1 4 2 1 4 7 11 9 1 9 7 1 2 9 9 11 1 11 3 10 11 0 10 2 1 1 10 9 7 9 7 9
split_gain=12.9328 24.2258 11.8167 11.0753 10.2564 41.3153 10.0012 9.66012 11.754 13.8224 7.51741 8.06621 7.2948 8.67743 7.14085 7.2285 6.81597 14.5639 7.7037 36.2317 19.9373 26.4487 15.0452 14.9018 13.0164 15.1893 12.7782 12.6212 10.8038 28.1824 11.2583 7.09097 6.81677 6.35733 6.28328 6.27017 6.2372 14.6323 6.05558 6.03939 5.68772 5.57519 6.37412 5.66854 5.48148 7.48041 6.44412 7.6815 5.29111 5.37937 5.1651 5.01556 4.83235 9.67549 6.5717 4.77614 4.4966 4.47195 4.39602 5.19005 4.22719 4.06751
threshold=0 1 7.5000000000000009 2 3 4 5 6 21.500000000000004 7 8 13.500000000000002 9 10.500000000000002 10.500000000000002 10 11 12 3.5000000000000004 13 14 15 16 17 18 5.5000000000000009 19 20 21 22 23 24 25 26 27 1.5000000000000002 18.500000000000004 6.5000000000000009 28 3.5000000000000004 3.5000000000000004 29 30 1.5000000000000002 7.5000000000000009 10.500000000000002 31 12.500000000000002 32 1.0000000180025095e-35 17.500000000000004 2.0464731606825466 1.0000000180025095e-35 33 34 35 1.0000000180025095e-35 7.5000000000000009 5.5000000000000009 10.500000000000002 2.5000000000000004 4.5000000000000009
decision_type=9 9 2 9 9 9 9 9 2 9 9 2 9 2 2 9 9 9 2 9 9 9 9 9 9 2 9 9 9 9 9 9 9 9 9 2 2 2 9 2 2 9 9 2 2 2 9 2 9 2 2 2 2 9 9 9 2 2 2 2 2 2
left_child=1 2 -1 41 5 12 -7 8 9 -3 11 -4 35 14 -14 -16 17 39 19 23 26 -22 24 32 27 -26 -21 -20 29 -24 -30 -19 -18 -25 57 -5 48 -38 44 -6 -10 56 -43 -44 46 -46 47 -9 55 -50 -47 -41 53 -33 -54 -11 -2 60 59 -12 -8 -40
right_child=3 7 10 4 16 6 34 38 40 36 58 -13 13 -15 15 -17 18 31 22 20 21 -23 28 33 25 -27 -28 -29 30 -31 -32 52 -34 -35 -36 -37 37 -39 61 51 -42 42 43 -45 45 50 -48 -49 49 -51 -52 -53 54 -55 -56 -57 -58 -59 -60 -61 -62 -63
leaf_value=0.0012126468684843239 -0.0061744534052762482 0.0025311865132888081 -0.0053228480403160472 -0.016199277303330189 0.0040757706509389315 0.014584576061504029 -0.0083095038902310844 0.0057775805104292484 0.0048744638017005522 -0.0001595071706020579 -0.0075029534084068766 0.013581605992122388 -0.024940182683036806 0.0078120663784980509 -0.00010736923658091203 -0.0075888836802934902 0.019067095132499393 0.010695538882803958 0.006696529866940454 -0.00011100081991990697 0.0017829219410068044 -0.0054964399162161226 -0.0036286383954201419 -0.0050070052042917486 0.0064325180714766561 0.00043222844867956138 0.010035388024037951 -0.0064207217715877511 0.0002955829139895394 0.0017009178774235634 -0.001737106932274013 0.0052647064960880015 -0.0028252678524580133 -0.0157617916138863 0.0058511338186199476 0.0029140896628713389 -0.015685286109475494 -5.1311621313376857e-05 -0.0020585256160802648 -0.0069826020597493106 0.0012442343520946198 0.00060230941970248206 0.0047616536081654844 -0.0031831927762096205 -0.0059463133161953676 0.0039309205784349432 0.002735004875593923 -0.012021092788289523 -0.00040223256039691462 0.0049123743759876166 -0.0069695327099402521 -0.00022634716501594989 0.0012163930310291839 0.00014733336832123411 -0.0017531698107164735 -0.0011220626422639545 -0.002618406242111385 0.0022086210541269135 -0.020529866645287765 -0.0010193290169729751 0.00015643273453090913 -0.0016445609045697585
leaf_weight=67 63 816 45 116 68 472 70 47 72 767 279 61 71 59 102 111 107 136 148 424 1728 1647 1462 317 1275 4658 561 410 2778 3908 6783 677 261 728 473 230 87 127 248 225 73 217 50 367 91 126 279 62 72 77 97 82 1028 723 720 439 58 87 40 56 76 643
leaf_count=67 63 816 45 116 68 472 70 47 72 767 279 61 71 59 102 111 107 136 148 424 1728 1647 1462 317 1275 4658 561 410 2778 3908 6783 677 261 728 473 230 87 127 248 225 73 217 50 367 91 126 279 62 72 77 97 82 1028 723 720 439 58 87 40 56 76 643
internal_value=-0.000475791 -0.00293741 -0.012724 -0.000131398 7.63802e-06 0.00359616 0.00925926 -0.001609 0.000314961 -0.000524109 -0.0156965 -0.00258621 -0.00608011 -0.0111898 -0.0151408 -0.0105634 -0.000210601 0.00181248 -0.000483367 -0.00210462 0.000160183 -0.00166913 -4.6681e-05 -0.00903022 0.00196124 0.00265018 0.00638191 -0.00528169 -0.000920286 0.000873606 -0.0019277 0.00288403 -0.00026455 -0.0120853 0.00530726 -0.000842697 -0.00326156 -0.011215 -0.00464754 -0.0074026 0.0141379 -0.00607843 -0.00403727 -0.00761124 -0.0011236 -0.00605096 0.00283505 -0.00714286 -0.00202952 0.00660377 -0.00112108 -0.0105863 0.00237492 0.00457143 0.000629291 -0.003125 -0.0156489 -0.00144033 -0.0188312 -0.0174627 -0.00684932 -0.00738069
internal_weight=38147 4671 548 33476 32721 1867 1178 4123 2530 2385 481 106 689 343 284 213 30854 3659 27195 5773 4360 3375 21422 1413 6491 5933 985 558 14931 5370 9561 3284 368 1045 706 346 1569 214 1593 375 145 755 634 417 702 314 388 109 1355 149 223 307 3148 1400 1748 1206 121 233 375 335 146 891
internal_count=38147 4671 548 33476 32721 1867 1178 4123 2530 2385 481 106 689 343 284 213 30854 3659 27195 5773 4360 3375 21422 1413 6491 5933 985 558 14931 5370 9561 3284 368 1045 706 346 1569 214 1593 375 145 755 634 417 702 314 388 109 1355 149 223 307 3148 1400 1748 1206 121 233 375 335 146 891
cat_boundaries=0 6 9 16 23 29 31 37 43 45 47 49 55 61 67 73 76 82 89 96 99 105 111 117 123 129 131 137 144 149 155 157 162 164 166 172 177
cat_threshold=110497952 148608 2323656704 0 2701191552 4196360 2148335748 80 11 2147484737 285475072 67641346 2820680194 8912900 33555456 16 67373624 75541524 131201 5242880 1074003968 2686976144 5 537403396 33558640 6554632 234897424 340267104 42729602 3365445661 16798728 268443648 4195336 536871424 1073885226 1090 268697616 109183136 0 134225920 0 16809984 4196352 268436224 9216 236200048 196878 1610645632 524288 3221225482 3372232704 1141391377 25235602 200704 156224 540672 4194304 0 67108928 1090 268435456 2368 79692036 512 1107428425 109053509 25527298 525317 526384 16778312 69730304 135004160 68681984 138346561 2281717761 8 805317120 617611776 268698112 1107296265 111150661 50659330 0 0 134217728 135168 64 335560704 128 81920 4194312 553648640 1073742032 0 67108864 32 69304322 2282242049 8 0 4194304 0 33554432 67108929 2 8982528 4194344 2432713216 8388816 541073921 335609860 18956357 559153 16777408 134220132 1074003968 67633412 20971589 35173 32832 2281703520 1073741824 11043076 131072 32 516 128 0 33024 1073743872 44 0 0 0 65 8389184 65536 8 8397824 0 0 0 2149580928 4 67371008 1152 2155876352 0 2684356992 1 0 268437504 0 67108864 68157440 402817041 2097192 67108864 0 2147487744 0 536870912 10649600 8396800 2485133825 4232 2 3372232704 16384 65538 196608 16448 1052672 17408 8388608 0 8448
is_linear=0
shrinkage=0.05


Tree=99
num_leaves=63
num_cat=37
split_feature=1 3 11 9 1 1 3 1 3 1 3 1 2 3 3 1 1 3 1 11 0 9 0 1 5 3 1 2 5 9 1 2 3 11 3 0 6 1 3 7 1 3 6 9 9 7 1 2 11 10 1 3 2 9 11 1 9 6 6 6 1 1
split_gain=9.25909 23.346 13.8757 9.096 38.9506 22.6766 19.2381 24.2223 16.9093 15.9144 21.9853 15.5108 14.6457 10.526 10.3703 42.2575 11.4758 14.3975 10.4197 9.29377 8.48746 11.6446 8.45675 8.22405 8.13534 8.0977 26.8159 12.1399 8.06232 7.93714 18.3854 12.5219 10.3163 10.0155 9.60178 7.9588 7.77447 7.76926 7.61156 8.63201 7.58884 11.2279 7.5673 7.20598 7.06795 12.138 11.208 9.7219 9.09446 6.8334 6.74259 6.63067 8.56052 6.57267 6.42494 10.1968 7.78089 7.90389 6.41462 9.71091 17.5649 11.0223
threshold=0 1 21.500000000000004 3.5000000000000004 2 3 4 5 6 7 8 9 10 11 12 13 14 15 16 14.500000000000002 1.6139650255640285 1.5000000000000002 2.2251269174828727 17 2.5000000000000004 18 19 20 3.5000000000000004 5.5000000000000009 21 22 23 11.500000000000002 24 2.0464731606825466 378.50000000000006 25 26 4.5000000000000009 27 28 20.500000000000004 7.5000000000000009 1.5000000000000002 5.5000000000000009 29 30 18.500000000000004 1.0000000180025095e-35 31 32 33 11.500000000000002 16.500000000000004 34 7.5000000000000009 271.50000000000006 11.500000000000002 138.50000000000003 35 36
decision_type=9 9 2 2 9 9 9 9 9 9 9 9 9 9 9 9 9 9 9 2 2 2 2 9 2 9 9 9 2 2 9 9 9 2 9 2 2 9 9 2 9 9 2 2 2 2 9 9 2 2 9 9 9 2 2 9 2 2 2 2 9 9
left_child=1 54 58 4 8 13 7 38 23 10 12 20 49 -6 15 22 17 19 42 -16 21 -8 53 -2 50 26 -18 -28 -26 30 -12 34 33 -33 -31 -36 -25 -22 39 -7 41 -27 -17 -34 45 47 -46 -10 -49 -5 -13 -20 -53 -11 55 56 -1 -58 -3 60 -60 -61
right_child=3 2 -4 9 5 6 11 -9 44 14 29 24 -14 -15 16 18 25 -19 51 -21 37 -23 -24 36 28 40 27 -29 -30 31 -32 32 43 -35 35 -37 -38 -39 -40 -41 -42 -43 -44 -45 46 -47 -48 48 -50 -51 -52 52 -54 -55 -56 -57 57 -59 59 61 -62 -63
leaf_value=-0.012961608326013403 -0.014276258565396233 -0.0060275511863707165 0.001268437448485249 0.010138904152432439 0.00051302961369406044 0.00013055654723247436 0.0092495014869219301 -0.0009599734191759635 -0.012998564365163574 0.010341446651302011 0.032677017425951485 -0.012924337712832835 -0.0056195342323110773 0.011504864096926899 -0.00088531769901770141 0.0006723061177064338 0.0017204136103892043 -0.0022240927918808088 0.0083064440100868442 0.012851528971764914 0.037469630855903172 -0.0071484336541774276 -5.7816350648021154e-05 -9.6564988743053085e-06 0.0013730816860005103 0.00013804650557660558 -0.010552593865706245 -0.0025854250311810991 -0.012512870327746084 0.0028673131737309236 0.0016912989547702706 -0.00049404475509315371 -0.0035885894605562686 0.011504275016975797 0.010493236860561994 0.0058392008338742475 0.017975246141603795 0.0023348098786448944 0.0099758124983396566 0.018075526391297132 -0.00011360827526299411 0.0059393679442275252 -0.011648068963180569 0.00059163104626055454 -0.001528488485646995 -0.015971402487360099 -0.015051817660127954 -0.00024169757444814088 0.017300631563193593 -0.00019186480360116055 -0.0044621563018319987 -0.0026995199465614295 0.0026275533224964899 0.019348689553602791 -0.004547800177291306 -7.8600122823202509e-05 0.0033147135330849815 -0.019904583760037255 -0.0016521836327125007 -0.0022104874357429471 0.005952177297420605 -0.00073584222531315475
leaf_weight=149 109 169 223 113 395 313 119 1089 110 465 257 217 610 454 224 68 445 3278 170 195 103 333 120 406 298 3031 208 1057 63 316 585 422 518 696 252 40 64 398 480 64 9511 1448 250 901 309 56 683 199 41 203 949 534 408 212 330 362 88 41 379 274 1134 1209
leaf_count=149 109 169 223 113 395 313 119 1089 110 465 257 217 610 454 224 68 445 3278 170 195 103 333 120 406 298 3031 208 1057 63 316 585 422 518 696 252 40 64 398 480 64 9511 1448 250 901 309 56 683 199 41 203 949 534 408 212 330 362 88 41 379 274 1134 1209
internal_value=-0.000420741 -0.002587 -0.000618011 -0.000140537 -0.00170987 0.000539262 -0.000901713 0.00281186 -0.00767489 0.000288277 0.00285395 -0.00381526 -0.00405983 0.00797439 -0.000295831 0.00292803 -0.000667285 -0.00316968 -0.00222222 0.00547786 0.00119418 -0.00376106 0.0120818 -0.000424448 -0.00692908 -7.63845e-05 -0.00331395 -0.00701961 -0.000415512 0.00446585 0.0087886 0.00332273 0.00174715 0.00531915 0.00970874 0.0162252 0.0025 0.00568862 0.00905421 0.00348837 0.000321429 0.00201604 -0.010061 -0.00108467 -0.0106534 -0.00517241 -0.013004 -0.00171429 0.004 0.00460123 -0.00900515 8.91266e-05 -0.00157563 0.0144018 -0.00938776 -0.0065625 -0.0135417 -0.00503876 -0.00146919 -0.000934579 0.00188367 -0.00380984
internal_weight=38147 4358 3388 33789 7252 5275 4426 1946 1977 26537 4913 2480 926 849 21624 2227 19397 3697 1430 419 953 452 797 579 1527 15700 1710 1265 361 3987 842 3145 2537 1118 608 292 470 501 857 377 13990 4479 318 1419 1398 406 992 350 240 316 1166 1112 942 677 970 640 278 129 3165 2996 1513 1483
internal_count=38147 4358 3388 33789 7252 5275 4426 1946 1977 26537 4913 2480 926 849 21624 2227 19397 3697 1430 419 953 452 797 579 1527 15700 1710 1265 361 3987 842 3145 2537 1118 608 292 470 501 857 377 13990 4479 318 1419 1398 406 992 350 240 316 1166 1112 942 677 970 640 278 129 3165 2996 1513 1483
cat_boundaries=0 6 9 15 21 23 29 32 38 41 47 49 51 54 60 66 68 74 79 81 87 89 95 97 99 101 107 109 115 118 123 125 130 131 133 139 145 151
cat_threshold=35328160 133632 176205824 1207959552 2164320640 6294536 852164 2281701449 11 603990290 209731844 262144 50466889 109051973 8749058 1073741824 3221762064 2164262093 75497488 135008256 67240192 2149515460 142622723 8437761 554696737 275464992 2418294784 560 33554496 17301678 2818588673 8 2692745282 620756992 768 51515529 44237825 50421762 3426488737 571473944 2 153092100 32960 1574944 2098178 272630826 1601668 2550137088 4207746 2149711872 2113537 2264940578 50865178 10 40960 541797 6572064 786432 71303252 76578948 1346371584 1074275328 85986553 67633154 676073472 67633157 1 679477252 1090781440 167772432 16908416 8388624 528416 256 0 8404992 0 33558592 1 138682377 142608388 218374160 142606464 268435456 2100288 0 8651136 271098436 520 0 603979776 0 33554432 1025 33554432 8454244 2621992 276930628 1075838976 229376 2097153 0 0 2080 2098176 4195328 128 1310848 142622722 16811264 141594881 1261568 2155938084 546 1216576 10588736 1612759040 1 8208 67108864 0 64 1 0 8402176 16384 16777249 131584 262144 16 83886112 705306937 2119688 33689728 0 8396800 134217728 2147483904 6291456 131072 2560 167804928 0 8576 8 34603008 0 4096 0 0 1024
is_linear=0
shrinkage=0.05


Tree=100
num_leaves=63
num_cat=33
split_feature=4 2 1 4 4 3 1 1 9 1 3 9 0 9 1 3 9 4 4 0 2 6 4 9 9 1 4 0 2 1 4 4 1 1 1 1 3 1 1 9 6 1 1 6 6 9 0 0 6 3 6 0 6 1 0 9 6 6 6 9 10 9
split_gain=11.661 19.9151 10.3358 11.2322 9.24977 8.68736 8.57915 8.06045 7.1507 6.90862 15.1319 9.27611 7.41314 13.1009 14.3697 10.8363 13.7747 9.17395 6.89226 6.79725 6.50612 7.73454 7.14633 6.46252 5.94032 28.6354 25.0779 15.4499 11.7243 9.92747 19.1671 14.3466 29.4462 14.85 11.5549 9.40143 8.1052 14.5065 7.75588 5.65948 9.28924 5.45705 5.443 5.16599 4.77678 4.67522 4.47298 4.44011 4.41437 5.26506 5.06945 4.62285 4.38806 3.76703 4.92469 7.49862 4.0963 5.28768 14.4157 9.39924 3.70087 3.60582
threshold=0 1 2 3 4 5 6 7 5.5000000000000009 8 9 4.5000000000000009 1.6812785568800701 8.5000000000000018 10 11 11.500000000000002 12 13 1.4052868334342847 14 259.50000000000006 15 8.5000000000000018 3.5000000000000004 16 17 2.2829874263587508 18 19 20 21 22 23 24 25 26 27 28 2.5000000000000004 124.50000000000001 29 30 166.50000000000003 282.50000000000006 7.5000000000000009 1.651731054732499 1.4489328600338085 144.50000000000003 31 233.50000000000003 1.7492449780650048 140.50000000000003 32 1.8399282195995996 3.5000000000000004 699.50000000000011 188.50000000000003 196.50000000000003 11.500000000000002 1.0000000180025095e-35 4.5000000000000009
decision_type=9 9 9 9 9 9 9 9 2 9 9 2 2 2 9 9 2 9 9 2 9 2 9 2 2 9 9 2 9 9 9 9 9 9 9 9 9 9 9 2 2 9 9 2 2 2 2 2 2 9 2 2 2 9 2 2 2 2 2 2 2 2
left_child=1 61 3 6 8 41 48 45 -4 10 11 44 15 14 -14 16 -12 -15 39 -17 21 23 46 -9 25 36 28 -28 -27 30 35 32 -31 -33 -32 -26 38 -38 -11 -8 -41 -5 -13 -44 -6 -3 -22 -43 51 -50 -51 60 -24 54 55 -7 57 59 -59 -55 -2 -1
right_child=2 7 4 5 9 53 18 20 -10 24 12 42 13 17 -16 19 -18 -19 -20 -21 22 -23 52 -25 29 26 27 -29 -30 31 34 33 -34 -35 -36 -37 37 -39 -40 40 -42 47 43 -45 -46 -47 -48 -49 49 50 -52 -53 -54 56 -56 -57 -58 58 -60 -61 -62 -63
leaf_value=-0.012572809546077646 -0.0034848539507809973 -0.00051468469315222871 -0.00013887803112303532 0.018900745575956703 -0.00077316474586666131 -0.0088725208443973143 0.012271086291039813 -0.0060418228817314054 0.012766425606854171 0.00086866815669370268 -0.00064451380051268325 -0.00037663406439867323 -0.0010151943279364695 0.019663404956077237 0.0055071704268263803 -0.0051007001316729812 -0.022436643586864626 0.0045597354533272183 -0.0095609167516887694 0.0090467561261739944 9.4488872395009918e-05 0.018514625558034514 -0.0066925139361007305 0.017636735831851602 0.0048398118417293358 0.0063085898035139089 -0.005518678426131008 0.020986845586464822 -0.0017134766209285892 -0.0040889993249603185 -0.0058631365868102693 0.0023243988838161757 0.00053354119123989469 3.3739859168058221e-05 -0.0024438240934215429 -0.00013386081971116239 -0.0069192217981616016 0.0033738435467289829 0.0085048026172074853 0.0024780726937213672 -0.012024744320954376 -0.015038029674820392 -0.015046187957166213 -0.0073934148640660176 0.008715921740838406 -0.0081221363131056597 0.011057960935441575 0.0043581263563253316 -0.0013822680028694912 0.011994516736187648 4.8318044233686132e-05 -0.0005080517220058256 -0.00058321206409216457 0.00029946927374755464 0.0078876948036780362 -0.0037055436196597293 0.010391412309341248 -0.002097489471197611 -0.00096346254141247702 -0.0030604465651655646 -0.01248369573045896 -0.0026140094065796593
leaf_weight=90 61 138 155 108 144 45 55 80 228 358 912 127 830 244 658 64 93 646 211 342 258 63 139 66 516 597 2711 93 536 1587 533 4900 2267 7731 1825 1758 215 540 596 87 96 45 93 160 62 116 90 205 132 54 103 190 319 1835 84 325 93 57 922 263 63 233
leaf_count=90 61 138 155 108 144 45 55 80 228 358 912 127 830 244 658 64 93 646 211 342 258 63 139 66 516 597 2711 93 536 1587 533 4900 2267 7731 1825 1758 215 540 596 87 96 45 93 160 62 116 90 205 132 54 103 190 319 1835 84 325 93 57 922 263 63 233
internal_value=-0.000381419 -0.0045568 -0.000198277 -0.00229976 0.000137959 -0.00107715 -0.00687382 -0.001681 0.00776081 4.17362e-05 0.00188141 -0.00553691 0.00304027 0.00475189 0.00188172 0.000177179 -0.00261084 0.00955056 -0.0120915 0.00697115 0.000341463 0.00799087 -0.00171569 0.00205479 -0.00025959 -0.00170032 -0.00404104 -0.00657427 0.00223097 0.000125491 -0.00191728 0.000700212 -0.00196687 0.00151491 -0.00506757 0.00135727 0.00369401 -0.000196078 0.00674274 -0.00564516 -0.0101093 0.00625 -0.0102632 -0.0142586 0.00291262 -0.0094697 0.00363128 0.00192308 -0.00285481 0.00155709 0.00748503 -0.00700637 -0.00576923 -0.00181618 -0.00603448 -0.00864865 -0.00119497 -0.00151121 -0.00454545 -9.53289e-05 -0.0145161 -0.0154655
internal_weight=38147 1592 36555 5034 31521 3982 1052 1269 383 31138 4375 586 3789 2378 1488 1411 1005 890 449 406 1015 209 806 146 26763 5646 3937 2804 1133 21117 4632 16485 3854 12631 2358 2274 1709 755 954 238 183 358 380 253 206 254 348 250 603 289 157 314 458 3624 454 370 3170 3077 979 2098 124 323
internal_count=38147 1592 36555 5034 31521 3982 1052 1269 383 31138 4375 586 3789 2378 1488 1411 1005 890 449 406 1015 209 806 146 26763 5646 3937 2804 1133 21117 4632 16485 3854 12631 2358 2274 1709 755 954 238 183 358 380 253 206 254 348 250 603 289 157 314 458 3624 454 370 3170 3077 979 2098 124 323
cat_boundaries=0 7 9 15 22 28 30 36 42 48 50 56 59 65 72 74 80 86 93 95 101 108 115 121 127 133 139 141 146 152 158 162 165 171
cat_threshold=805437765 17039616 268435458 2148560386 15221252 33555712 4 2156134534 21783680 1773696 537019392 176205832 1024 56942720 6848520 24576 2228240 134217732 1140850896 270336 67108864 161 67373568 11269 131200 4194308 1073741824 128 1073745952 9453570 1638400 536887296 8 0 54534272 2621440 131072 0 274728960 64 67109896 1114112 276827682 17309696 1359561988 25428354 8585217 131648 1208234147 1073758212 3106 524288 268517380 17039488 131072 131072 10616896 10485769 8 8192 16 0 135184 8192 262144 0 16 134217728 64 8192 67108864 32 137494801 32802 268435460 0 0 2148534784 4719104 256 1074020353 3254784112 2149583041 69746704 403181624 68157696 544800 6946816 134217732 67109072 262240 268435456 128 101064712 6298404 138690561 3256883344 69208305 201326596 2416449536 2320 606208 5242912 553648640 1275203584 263200 335872016 1 2164801536 73924608 562044928 134221824 296000 75759616 32 67109136 67142405 2151940096 2718564441 634 1073154 2751463696 71303941 4194816 1107431497 1594 33644546 16384 3254779904 144 67108864 2048 272 16384 3256877184 144 67108864 0 16 2158395460 1207975936 16384 4128 2149582848 2097152 8 262144 2181038160 1 16384 402653216 68157440 524416 0 8192 0 4194304 2097152 8388608 524288 268959748 262144 0 16392 2 65536 0 32768 0 23076992 2097160
is_linear=0
shrinkage=0.05


Tree=101
num_leaves=63
num_cat=29
split_feature=4 1 2 1 4 3 4 2 8 6 0 0 8 4 1 1 1 1 11 4 6 1 1 9 1 1 6 3 0 2 9 0 9 6 11 11 6 4 0 6 6 11 2 6 3 6 0 9 0 1 1 3 3 9 2 9 0 1 11 9 9 6
split_gain=10.5676 18.3867 11.7867 9.58614 15.3201 11.8954 9.32131 9.75036 8.08699 7.66964 7.56737 7.32585 7.91699 7.28697 45.4824 23.4918 22.1385 12.757 12.2455 10.6254 10.3596 38.5968 21.7936 9.14207 32.104 11.4096 8.43274 10.2619 7.65458 6.60084 6.55092 6.37681 6.28611 7.73362 12.9671 6.11285 5.8648 5.80541 5.81495 5.71039 5.69601 5.46313 6.95255 5.28137 5.25177 5.05553 5.04611 7.29515 14.0865 14.0658 6.26476 8.23193 6.68353 4.98856 4.9139 4.78036 4.33849 4.28462 4.26712 3.97931 3.97481 3.85004
threshold=0 1 2 3 4 5 6 7 1.0000000180025095e-35 60.500000000000007 1.7641375693203727 1.7587351814000078 1.0000000180025095e-35 8 9 10 11 12 22.500000000000004 13 47.500000000000007 14 15 3.5000000000000004 16 17 433.50000000000006 18 1.3967155620934164 19 1.5000000000000002 1.8560172303751863 8.5000000000000018 152.50000000000003 18.500000000000004 8.5000000000000018 992.50000000000011 20 1.5852400175224981 55.500000000000007 467.50000000000006 17.500000000000004 21 186.50000000000003 22 158.50000000000003 1.9963237975540058 5.5000000000000009 2.1258932707712788 23 24 25 26 4.5000000000000009 27 10.500000000000002 2.1435140602162477 28 14.500000000000002 8.5000000000000018 2.5000000000000004 245.50000000000003
decision_type=9 9 9 9 9 9 9 9 2 2 2 2 2 9 9 9 9 9 2 9 2 9 9 2 9 9 2 9 2 9 2 2 2 2 2 2 2 9 2 2 2 2 9 2 9 2 2 2 2 9 9 9 9 2 9 2 2 9 2 2 2 2
left_child=1 11 60 4 10 9 7 37 57 -6 -2 12 58 16 19 26 28 18 44 29 21 -17 -22 24 -19 -25 27 -16 -8 -15 31 -30 33 -12 -35 -32 46 -5 -39 -40 41 42 45 -31 -18 -9 50 49 -49 -48 51 -7 -52 -44 61 -28 -56 -4 -1 -20 -3 -21
right_child=3 2 8 6 5 36 13 40 -10 -11 32 -13 -14 14 15 20 17 23 59 54 22 -23 -24 25 -26 -27 55 -29 30 43 35 -33 -34 34 -36 -37 -38 38 39 -41 -42 -43 53 -45 -46 -47 47 48 -50 -51 52 -53 -54 -55 56 -57 -58 -59 -60 -61 -62 -63
leaf_value=-3.7239401417699105e-06 -0.0091830621996797871 -0.0017885197608853945 -1.6560683562161228e-05 0.0011610177593450732 0.016112033179023856 0.008368748607922671 -0.014597458434845846 -0.012550823732639072 -0.0063435490828072875 0.0026584598329624544 0.0026323991580430475 0.013517472816362919 -0.003791252588407068 0.0036555617653768122 0.014535894165078479 0.0058352746239868306 0.0025517684820466793 -0.0051010032697689674 0.0028755751331859011 -0.0037887564118591179 -0.0024707750007863156 -0.0051672747526724577 0.00088866163491843901 0.0025317560348352753 0.001637887711444358 8.9707826230645004e-05 -0.0052022471327714927 0.0020858352350070163 0.032556965920980445 -0.016357519408432452 -0.0013112214544839574 -0.00062595803809791244 -0.013082590951285318 -0.00029125023654794638 -0.012060483275573082 0.0041828283403342109 0.02107715255818382 0.038686827654131721 -0.0012202698638118959 0.018183628623171601 -0.010089205725650585 0.0057886288443367078 -0.00089573603686876613 -0.00031857108440018489 -0.0017740387391067371 -0.00017767765994651798 0.032559685055085878 0.00063662637443044352 -0.011012183231043894 -0.0026248469014240163 -0.007240886119811319 -0.00080737353914158707 -0.001157996962454777 0.0034398209300665174 -0.0090221113550945486 0.007464490433062943 -0.018508176051179739 -0.0041147789521794771 0.0061706700425376744 0.027617968746265834 -0.00020258031227917697 -0.011685818854526908
leaf_weight=147 194 78 102 127 47 281 65 49 117 306 142 99 67 125 379 345 276 1614 50 217 1510 892 3377 2839 1560 7859 152 1190 92 70 289 40 58 103 40 1687 56 72 43 98 51 133 124 152 3980 51 110 702 116 117 753 1583 1297 258 684 45 41 382 105 43 505 61
leaf_count=147 194 78 102 127 47 281 65 49 117 306 142 99 67 125 379 345 276 1614 50 217 1510 892 3377 2839 1560 7859 152 1190 92 70 289 40 58 103 40 1687 56 72 43 98 51 133 124 152 3980 51 110 702 116 117 753 1583 1297 258 684 45 41 382 105 43 505 61
internal_value=-0.000318505 -0.0042804 -0.00745394 -0.000143619 -0.00198648 -0.00117144 0.000212072 0.00492126 -0.0123568 0.00757576 -0.00996344 0.0046729 0.00109718 5.06005e-05 -0.00111351 0.000341772 0.000578318 8.22774e-06 -0.00235146 -0.00955882 -0.00112488 -0.00521423 -9.2081e-05 0.000749172 -0.00160681 0.00144887 0.00540541 0.00666029 0.00533669 -0.00182073 0.00588235 0.0166667 -0.00568513 -0.00263158 -0.0108392 0.00516194 -0.001801 0.0117143 0.0168161 0.0117021 0.00133136 0.00268293 0.000207469 -0.00689655 -0.00274906 -0.0109091 -0.00198629 0.00110048 -0.00110024 0.00903084 -0.00281042 -0.000693703 -0.00470874 0.00331633 -0.0121915 -0.00431472 -0.0144898 -0.00971074 0.00515873 0.0155914 -0.00227656 -0.00590278
internal_weight=38147 1602 1184 36545 5905 5368 30640 1006 601 353 537 418 319 29634 9240 7890 20394 18221 4349 1350 6124 1237 4887 13872 3174 10698 1766 1569 2173 347 2108 132 343 285 143 1976 5015 340 213 141 666 615 482 222 4256 100 4959 1045 818 227 3914 1864 2050 382 1003 197 725 484 252 93 583 278
internal_count=38147 1602 1184 36545 5905 5368 30640 1006 601 353 537 418 319 29634 9240 7890 20394 18221 4349 1350 6124 1237 4887 13872 3174 10698 1766 1569 2173 347 2108 132 343 285 143 1976 5015 340 213 141 666 615 482 222 4256 100 4959 1045 818 227 3914 1864 2050 382 1003 197 725 484 252 93 583 278
cat_boundaries=0 7 13 15 21 28 30 37 39 46 52 58 64 70 76 82 88 94 100 102 104 111 113 115 120 126 128 130 132 138
cat_threshold=545276228 17563936 8912898 2150654978 15220740 34604288 4 134291472 1 5652992 2147483712 81 8388736 1476920129 2788362 134746240 33703552 33566720 67109888 845473856 8948744 12288 2228224 402653184 67108880 0 536870928 160 67108897 135806982 67373568 1063941 335675520 4194308 1073774609 671088784 1 2494341131 98816 2298548272 337805328 134234628 201458296 262240 2424832 128 72368418 83886341 2147486216 142606668 1090654208 21102672 1073914376 537395216 202409076 2433550336 8914048 3 100679970 17826048 1091110921 142606788 16912384 16908880 1073914376 1611139088 202409012 2416510976 2215182464 262273 268443648 4194304 536870912 8388608 536871938 8388608 8388608 8192 262144 35782656 556 101994496 44041232 1050656 25755649 1107431456 573 33583360 18876416 75497536 6554112 50352185 8390447 35717122 2959083520 67117061 512 1124208651 8389381 33619968 532480 2282225674 268500992 9175552 0 1048576 0 0 1073741825 536870912 1 1073742400 16793984 1310880 25165824 134742016 0 0 0 4194304 4096 33554944 33562624 67109888 268437504 8422400 2424307972 1073741824 277119244 1075838977 2147516496 4384 524288 0 134225952 2097152 67108864 1048576
is_linear=0
shrinkage=0.05


Tree=102
num_leaves=63
num_cat=35
split_feature=1 3 1 5 1 3 2 3 1 1 1 6 6 3 2 6 3 3 1 1 9 9 1 1 3 3 3 1 1 3 2 1 6 3 0 7 1 1 1 6 7 2 0 0 6 9 3 9 9 7 9 1 9 10 9 1 1 9 9 7 7 6
split_gain=8.59023 17.0435 8.00463 6.98672 8.26479 7.6837 9.60907 6.74103 43.6752 15.698 9.84813 16.5333 10.069 9.14746 10.7843 8.38429 8.33451 7.5717 9.83356 9.04628 9.91408 7.18696 22.8529 21.9875 18.024 14.3539 13.9209 22.3441 15.5561 16.1092 10.9178 10.5434 13.3904 11.1707 9.75084 9.71358 9.28728 9.2655 8.70316 8.42444 8.17196 6.90813 8.03 6.833 6.77703 6.63199 6.59692 6.32104 6.16253 6.01414 5.93593 7.65597 6.50793 5.83714 5.60965 8.5301 7.59373 5.4603 5.37979 5.29424 5.19879 5.15135
threshold=0 1 2 2.5000000000000004 3 4 5 6 7 8 9 26.500000000000004 21.500000000000004 10 11 622.50000000000011 12 13 14 15 2.5000000000000004 6.5000000000000009 16 17 18 19 20 21 22 23 24 25 214.50000000000003 26 2.3351814270480746 1.5000000000000002 27 28 29 24.500000000000004 5.5000000000000009 30 1.7678727327881352 1.5344395466156473 84.500000000000014 1.5000000000000002 31 4.5000000000000009 5.5000000000000009 2.5000000000000004 3.5000000000000004 32 7.5000000000000009 1.0000000180025095e-35 5.5000000000000009 33 34 2.5000000000000004 8.5000000000000018 2.5000000000000004 5.5000000000000009 122.50000000000001
decision_type=9 9 9 2 9 9 9 9 9 9 9 2 2 9 9 2 9 9 9 9 2 2 9 9 9 9 9 9 9 9 9 9 2 9 2 2 9 9 9 2 2 9 2 2 2 2 9 2 2 2 2 9 2 2 2 9 9 2 2 2 2 2
left_child=1 2 49 5 -5 6 -3 8 -2 16 11 12 13 14 -9 17 43 19 -19 20 -13 22 25 24 41 30 27 46 29 -28 47 32 39 38 36 -29 -26 -34 -33 -24 -30 58 -43 -10 59 -21 -25 -12 -35 -1 57 -52 -53 -16 56 -56 -27 -46 -23 -11 -4 -18
right_child=7 3 60 4 -6 -7 -8 10 9 44 21 15 -14 -15 53 -17 61 18 -20 45 -22 23 31 26 34 54 28 35 40 -31 -32 33 37 48 -36 -37 -38 -39 -40 -41 -42 42 -44 -45 50 -47 -48 -49 -50 -51 51 52 -54 -55 55 -57 -58 -59 -60 -61 -62 -63
leaf_value=0.013041866853680029 -0.0064793553482911164 -0.0015107130636956346 -0.0047984112238620182 0.0023696478406105338 -0.0066787428849060752 -0.00036554333648024522 0.016517797119814447 -0.023515996337906377 0.00059366723028708712 -0.0066380278118618082 0.027640297490500777 0.0093890201141698659 -0.01800038133438947 0.0011798334364256481 -0.0051160655305514616 0.019225602180785895 -0.0034506208671382268 0.005226634598182356 -0.00034989573396717601 0.032368308853703821 -0.0020469125377025276 0.024756546224487159 0.0051547255986986954 -0.0039006061850711871 0.006287502797383793 -0.003883712703199288 -0.010347789825702502 -0.0031886874102733526 0.0011605743009144188 -1.1576167312576936e-05 -0.00036115678574243364 0.0040525590519928769 0.0013668468936909762 0.00026600192744487549 0.014480655671111498 0.00075398552845891149 0.00012473925962160903 0.020445090650429921 -0.0050602246670567123 -0.00063005159246680713 -0.0023835005902290377 0.0079561697632964945 -0.0017734177487965909 0.026728825598471031 -2.4282055157903715e-05 0.0061402043789339118 -0.009694629869201497 0.0082489763885758294 -0.0018771094633397434 -0.0056889435346299984 0.0063192156956397355 0.0021923564934033081 -0.0016226650168784107 0.0095746455191730757 -0.001312533229293772 -0.0087788654559656683 -0.00079780124371301451 -0.0059794847438792379 0.014528278635223192 -0.00094774463031168103 -0.014150753174196173 0.0035927661493259048
leaf_weight=61 985 117 368 107 317 4316 193 109 91 129 56 61 123 299 91 133 71 842 1570 65 316 90 423 605 607 1146 606 486 4448 1159 142 103 210 4534 95 960 2663 311 378 1126 633 137 89 193 166 670 232 44 1198 60 217 495 621 96 372 335 1333 101 131 216 52 244
leaf_count=61 985 117 368 107 317 4316 193 109 91 129 56 61 123 299 91 133 71 842 1570 65 316 90 423 605 607 1146 606 486 4448 1159 142 103 210 4534 95 960 2663 311 378 1126 633 137 89 193 166 670 232 44 1198 60 217 495 621 96 372 335 1333 101 131 216 52 244
internal_value=-0.000271319 -0.00207999 -0.0104356 -0.00116601 -0.00731132 -0.000605275 0.006875 3.99189e-05 -0.00202034 0.00144871 0.000291008 0.00247434 -0.00445682 -0.00176471 -0.00784314 0.00384195 0.00845649 0.00337684 0.00177539 0.00677362 0.000387597 -9.73157e-05 -0.000994791 0.000714782 0.00389848 -0.00442118 -0.00061823 -0.00399041 0.000510502 -0.00352113 0.00714286 0.000428072 0.00350962 -0.000602603 0.00262222 -0.000206044 0.00217125 0.0104607 -0.00784114 0.00119432 0.00191514 0.0132385 0.00635593 0.0146259 -0.000741688 0.01 -0.0104486 0.0190909 1.74155e-05 0.00114504 0.000625 0.001988 0.00026643 -0.000253807 -0.00531915 -0.0092645 -0.00421541 -0.00617978 0.019697 -0.00710145 -0.0137209 0.00261538
internal_weight=38147 5591 541 5050 424 4626 310 32556 3529 2544 29027 4375 718 595 296 3657 599 3524 2412 1112 377 24652 11711 12941 3812 3428 9129 2283 6846 1765 242 8283 2070 6213 3365 1446 3270 521 481 1549 5081 447 226 284 1945 735 837 100 5732 121 1600 1333 1116 187 3186 707 2479 267 221 345 420 315
internal_count=38147 5591 541 5050 424 4626 310 32556 3529 2544 29027 4375 718 595 296 3657 599 3524 2412 1112 377 24652 11711 12941 3812 3428 9129 2283 6846 1765 242 8283 2070 6213 3365 1446 3270 521 481 1549 5081 447 226 284 1945 735 837 100 5732 121 1600 1333 1116 187 3186 707 2479 267 221 345 420 315
cat_boundaries=0 6 9 15 21 23 25 27 33 39 45 47 49 51 54 60 66 72 78 81 83 86 92 98 100 102 108 110 116 122 127 129 132 138 144 150
cat_threshold=210632864 33703040 41951232 1207959552 2824890624 4230152 68747400 1073774672 10 134742048 128 8388608 0 0 2048 67371136 33554432 0 134217728 0 34816 3506704640 8912898 1073750020 4472832 1480594707 555256898 2113792 614502657 404097856 2493440 277090816 65536 536911876 4194304 16545 268435473 524452 103825536 2149662722 86020353 1409876224 26083456 8458752 197376 2158526464 2097160 67305992 8388616 402653184 537921536 68911104 8228 1 2097154 69210112 1073741824 786560 8388608 768 2097154 85983232 67108864 9175040 8388608 131328 269494272 524288 138416640 2181127249 285868034 67387605 269486080 8912896 138412544 2147571795 352976962 24791 17047784 3221233684 2 2148597768 8388608 1376296 2290106396 2 33029 138420288 2147500237 36 1073741876 126353408 1073747528 3893364740 19041400 268435464 1107330176 2101248 69337092 1 301989888 160 1077936200 3893372932 2166522073 268435720 1073775616 50331648 128 1115684865 268437504 0 134218240 20498 16908288 80 0 1056768 16908352 268435456 0 33554432 16777216 0 1048576 603979776 64 2449507344 131076 65544 142622728 2 16777232 2048 2097152 603979776 80 4096 8192 0 138412032 2181041216 131074 262336 268445696 0 138412544 2147488832 285868032 262208
is_linear=0
shrinkage=0.05


Tree=103
num_leaves=63
num_cat=43
split_feature=4 1 4 1 2 7 1 1 4 1 1 4 1 1 4 1 1 4 6 4 1 1 1 4 1 1 1 4 6 4 4 1 4 9 2 1 4 4 4 9 11 9 9 0 9 6 1 4 11 9 6 2 7 9 1 4 1 4 1 6 0 9
split_gain=10.6088 8.18119 15.0081 7.81276 9.49195 7.24344 39.065 26.0421 24.4957 47.9809 40.0552 21.6728 37.4418 31.7888 16.9977 16.4304 15.1813 18.4806 14.6233 13.5148 27.7282 14.0126 12.5797 11.6966 14.9212 11.436 10.5564 10.2413 10.0421 9.62717 9.35078 9.32153 9.31401 9.10937 18.7777 14.9094 8.58295 8.57921 8.34123 7.94723 7.52057 11.8077 8.39783 7.09131 6.97572 6.90278 6.76046 9.21829 6.78416 6.68943 6.52441 7.26275 7.7105 6.35753 9.11851 6.11854 6.00575 6.5897 5.80032 5.74565 7.44112 5.74606
threshold=0 1 2 3 4 3.5000000000000004 5 6 7 8 9 10 11 12 13 14 15 16 482.50000000000006 17 18 19 20 21 22 23 24 25 75.500000000000014 26 27 28 29 8.5000000000000018 30 31 32 33 34 2.5000000000000004 8.5000000000000018 3.5000000000000004 5.5000000000000009 1.6876038089492076 9.5000000000000018 8.5000000000000018 35 36 13.500000000000002 1.5000000000000002 271.50000000000006 37 2.5000000000000004 4.5000000000000009 38 39 40 41 42 50.500000000000007 1.9616292594659366 6.5000000000000009
decision_type=9 9 9 9 9 2 9 9 9 9 9 9 9 9 9 9 9 9 2 9 9 9 9 9 9 9 9 9 2 9 9 9 9 2 9 9 9 9 9 2 2 2 2 2 2 2 9 9 2 2 2 9 2 2 9 9 9 9 9 2 2 2
left_child=3 2 46 44 -5 7 19 14 10 37 25 12 33 23 28 55 17 -15 -18 21 39 40 38 31 -25 27 36 -8 43 -17 -27 -13 -28 35 -35 -9 -12 -10 -11 -21 42 -42 -7 -3 -1 -24 -2 48 -48 -39 -16 -52 -53 54 -23 -14 57 -22 -55 61 -61 -49
right_child=1 5 -4 4 -6 6 8 11 9 22 26 13 15 16 50 29 18 -19 -20 20 56 53 45 24 -26 30 32 -29 -30 -31 -32 -33 -34 34 -36 -37 -38 49 -40 -41 41 -43 -44 -45 -46 -47 47 59 -50 -51 51 52 -54 58 -56 -57 -58 -59 -60 60 -62 -63
leaf_value=-0.00025997899534825619 -0.003394930958069026 -0.013470027535456928 0.0010772719153179233 -8.1583112082928016e-05 -0.0036103589821815385 0.011724354852683 -0.0038962123613634214 0.0043821642019430326 0.017754835112967916 -0.0033002948583745334 0.0024109211689492928 0.0023750543706513418 -0.019856158175709439 -0.003781492341366799 0.0042544937845552244 -0.0010980063482639191 -0.00048071632043451552 0.0055447320182823948 0.0053560762566076288 -0.00051660898209506814 -0.00024390480027072228 -0.0028576462098672513 0.0082464344338063818 -0.013382457359804013 -0.0029906651087976189 0.0016321454608386578 -0.0028402125503901032 -0.016433051465688221 -0.00047423717266652514 -0.0061016196526265448 -0.002565881005244919 -0.0046438512769180155 -0.00038028615337002417 0.014308891117025269 0.00022471549001662483 -0.005603006867852478 -0.00065223272238666978 0.01351113840135957 0.0012619592131600799 0.0099198228545483887 -0.0030783828603663578 0.0051365972831085129 -0.016428403611730126 -0.0057372088522483107 0.010346886655939103 -0.0035367241582343611 -0.0016065174890921297 -0.0036409519716497532 -0.0096921116402997037 0.0050384187401426583 -0.012289904141742251 -0.00059503378395482371 0.013464785782756439 0.0020488873893517697 0.0029411612575625194 -0.0065091347278614627 -0.00032641938459193609 -0.006741216990184257 0.013230876282213422 0.0012717965704759583 0.007883199763015292 0.0044560414993655541
leaf_weight=176 874 70 3031 355 538 40 122 470 141 230 1360 445 160 423 2369 2475 4273 1968 432 55 100 110 69 544 1150 104 516 345 429 882 990 496 2038 223 404 506 497 66 925 332 209 806 99 101 57 1003 61 113 42 945 114 231 78 326 149 1664 349 161 316 367 112 111
leaf_count=176 874 70 3031 355 538 40 122 470 141 230 1360 445 160 423 2369 2475 4273 1968 432 55 100 110 69 544 1150 104 516 345 429 882 990 496 2038 223 404 506 497 66 925 332 209 806 99 101 57 1003 61 113 42 945 114 231 78 326 149 1664 349 161 316 367 112 111
internal_value=-0.000258212 -0.000112068 0.00183224 -0.00501761 -0.00714286 -0.00039604 0.000552286 -0.00098709 -0.00105224 0.00234582 -0.00297559 -0.00180635 -0.00397409 -0.000292578 0.00299824 -0.0060393 0.00144948 0.00468555 -0.000201485 0.00545395 0.000645482 0.0077724 -0.00194457 -0.00497164 -0.00745305 -0.0098345 -0.000531554 -0.016457 -0.00459016 -0.00393525 -0.00688406 -0.000473186 -0.0026131 0.00269684 0.00741627 -0.000307377 0.00232994 0.0105852 0.00167382 0.0109572 0.0040378 0.0055665 -0.00683453 -0.0149123 0.00308642 -0.00582255 -0.00195266 0.00134804 -0.0119469 0.00876592 0.00463954 -0.00106383 0.00297806 0.0124588 0.00598456 -0.00986914 -0.00596774 -0.0116236 0.0152648 0.00343619 0.0065762 -0.003125
internal_weight=38147 37021 4711 1126 893 32310 12403 19907 9351 3379 5972 16515 6784 9731 3392 5181 7096 2391 4705 3052 997 2055 2227 2635 1694 1561 4411 467 600 3357 1094 941 2554 1603 627 976 1857 1152 1155 387 1154 1015 139 171 233 1072 1680 806 103 1011 2792 423 309 901 259 1824 610 261 642 703 479 224
internal_count=38147 37021 4711 1126 893 32310 12403 19907 9351 3379 5972 16515 6784 9731 3392 5181 7096 2391 4705 3052 997 2055 2227 2635 1694 1561 4411 467 600 3357 1094 941 2554 1603 627 976 1857 1152 1155 387 1154 1015 139 171 233 1072 1680 806 103 1011 2792 423 309 901 259 1824 610 261 642 703 479 224
cat_boundaries=0 6 12 19 25 27 33 39 46 52 58 64 70 76 83 89 95 101 108 114 120 126 133 139 145 151 157 163 169 175 181 183 189 196 202 208 214 221 223 228 232 238 244 249
cat_threshold=2155873540 17563904 277348354 2148558338 8929796 33555456 14714882 17305600 1342263445 25755776 8585216 67306256 268578824 3146784 2147483648 67108880 1056 268533760 160 8388624 0 6684672 2147483648 268435473 33558528 1555038209 18907690 1074807296 209715329 100665888 1143216128 704905267 4214912 537203712 2149600532 1605632 134218086 16782348 17834049 532528 4197400 150995456 8523864 4194368 279281940 161 319358021 570474496 2285905224 16384 336074752 33587269 34411584 2149633024 2282266632 134217795 67115012 32833 671768 3285024 536870916 738201776 541327361 2753560960 83911556 605061152 10617408 33820688 34343040 35658752 67125892 612368544 77726240 33822736 571220000 2365568 268435456 4194336 2684355072 67239936 8258 276824064 1 35127368 1107304576 184560672 3288350720 4194307 4767748 270008392 1111498816 184558856 67126281 1140851521 49152 12288 4194320 134217728 64 64 268435456 524288 16 2281701380 135408 1056 8454400 128 0 67108993 2080 262144 704643073 16512 0 209715329 2080 262144 671088673 20608 134230032 2149591904 8781824 838860881 640 10231808 77824 4195328 0 131072 9282 268697604 129 67108864 545259552 512 262144 570695680 2365440 594944 2147502080 32768 2 6144 32833 67108924 5242880 31719424 2718041112 4203520 10747906 8192 0 0 0 0 65536 0 32 536870912 4272 4456448 538968320 524288 0 0 64 0 262144 4 545259520 131584 264192 537133088 2361344 524288 1024 512 16 0 268730388 268444945 11535392 67117056 605028384 2228800 0 128 35653632 524288 16 134217728 131096 0 268533760 32 131072 2097152 2684354560 0 0 67108864 0 32 2684354560 0 0 67108864 32768 524288 268455957 25231360 8388608 131328 12288 0 0 67108864 0 0 32 3221225536 2360320 512 0 512 2101248 2 0 131072 4 144 1074806784 0 0 67112960 16 4194304 8192 0 0 8 0 335544320 0 0 67108864 69208064 33816592
is_linear=0
shrinkage=0.05


Tree=104
num_leaves=63
num_cat=31
split_feature=4 1 1 4 1 11 4 1 1 1 6 1 1 11 4 0 11 0 1 3 1 3 0 10 1 4 1 3 4 10 1 6 1 1 7 11 6 6 1 6 11 6 6 11 1 7 11 4 7 1 4 6 0 1 10 4 11 0 11 0 0 0
split_gain=9.78718 15.6334 8.75208 25.7815 13.3431 9.69184 8.98206 46.5555 24.9978 10.7878 9.72745 13.8003 10.3173 9.61051 9.32289 9.25826 8.48542 8.23628 8.68556 7.71429 14.748 7.69519 11.3795 9.66229 7.42628 13.748 16.6661 7.69017 6.61495 6.76165 6.41432 6.34934 35.0095 9.18417 5.78107 7.44904 5.31573 6.94132 5.29309 5.21012 6.30265 4.93404 9.99864 4.85028 6.03189 4.73607 4.64339 4.61749 5.53989 4.6151 4.59627 10.7152 6.19872 4.31438 4.22294 4.21495 8.40884 5.28107 4.94376 4.29326 4.4505 6.16793
threshold=0 1 2 3 4 1.5000000000000002 5 6 7 8 170.50000000000003 9 10 18.500000000000004 11 1.4396530041478572 9.5000000000000018 2.1435140602162477 12 13 14 15 1.7802465002300518 1.0000000180025095e-35 16 17 18 19 20 1.0000000180025095e-35 21 301.50000000000006 22 23 4.5000000000000009 13.500000000000002 21.500000000000004 174.50000000000003 24 192.50000000000003 14.500000000000002 198.50000000000003 282.50000000000006 6.5000000000000009 25 1.0000000180025095e-35 9.5000000000000018 26 1.0000000180025095e-35 27 28 334.50000000000006 1.7914172125291885 29 1.0000000180025095e-35 30 19.500000000000004 1.8812182706709331 9.5000000000000018 1.6842779234485057 1.7678727327881352 1.8523006345561379
decision_type=9 9 9 9 9 2 9 9 9 9 2 9 9 2 9 2 2 2 9 9 9 9 2 2 9 9 9 9 9 2 9 2 9 9 2 2 2 2 9 2 2 2 2 2 9 2 2 9 2 9 9 2 2 9 2 9 2 2 2 2 2 2
left_child=1 34 3 5 55 -2 7 28 -9 14 11 16 -12 -13 15 -8 -10 18 50 20 39 22 36 46 25 26 -21 -27 29 -4 -23 33 -33 -26 35 -1 -6 -38 -14 40 -11 -32 -43 -22 -45 -3 -24 48 -16 54 52 -52 -7 -30 -17 56 57 58 -5 -57 -61 -62
right_child=2 45 6 4 21 17 9 8 10 19 12 13 38 -15 47 49 -18 -19 -20 24 43 30 23 -25 31 27 -28 -29 53 -31 41 32 -34 -35 -36 -37 37 -39 -40 -41 -42 42 -44 44 -46 -47 -48 -49 -50 -51 51 -53 -54 -55 -56 59 -58 -59 -60 60 61 -63
leaf_value=-0.00023623052157986381 0.010575859280374855 0.00063276686606382753 -0.0047585922895919466 0.00023124970664839539 0.00021457154220009267 0.00033420468129399252 -0.002821432834705373 -0.0077333768970708101 0.026268510564864445 -0.019630809438711719 0.0045821975988928126 -0.011528592569578434 -0.01111841495940858 0.00023525482408215392 -0.015639510794664465 -0.0037614662514345756 -0.00088904285763148074 0.0084520266306964183 0.00034061926380994927 -0.026384019643379532 0.013905021050771273 0.0034293222518964163 -0.005670806502623949 -0.009969825815710865 -0.00083173867600638829 0.0019389738482574526 -0.0034339531391457457 -0.00092500538055735333 0.0076872941623497898 0.0029735842918733272 -0.006969546084911505 0.0058680465294820242 -0.0012613626974078418 0.00011840760877930013 -0.0025877476664805336 0.0075594982591380144 0.0053028499799253059 0.013546616577363913 -0.00031559290931480467 0.00067716969585632225 -0.00049401312349599551 0.013090477488764568 -0.011086062915791541 0.011418336383501527 0.0010854039488921608 -0.0024843882939219412 0.017069120236963255 0.00066828670554421325 -0.00100294958729924 0.018321497688851818 -0.0045162543260878598 -0.0095346185931515452 -0.0031065508467924999 0.013820879011130539 0.0087238992622287858 0.0049508359496862721 -0.017246649484735265 -0.00086505383966456462 0.016674596605988756 0.028793305898196578 -0.0052240939097995768 0.014191540977050133
leaf_weight=122 57 131 59 59 51 385 57 882 67 89 333 465 114 100 40 56 170 161 507 108 47 237 48 174 7578 737 660 2011 287 70 271 1398 1255 8602 69 144 130 93 758 70 52 56 51 213 563 855 115 4822 207 264 786 89 151 303 51 307 41 102 141 89 52 185
leaf_count=122 57 131 59 59 51 385 57 882 67 89 333 465 114 100 40 56 170 161 507 108 47 237 48 174 7578 737 660 2011 287 70 271 1398 1255 8602 69 144 130 93 758 70 52 56 51 213 563 855 115 4822 207 264 786 89 151 303 51 307 41 102 141 89 52 185
internal_value=-0.000258212 -0.00447032 -0.000105875 0.00200092 0.00578662 -0.00191053 -0.000387716 -0.00273632 -0.00557089 -9.34579e-05 -0.00245414 -0.00673317 0.000373444 -0.0108696 0.00189758 0.00890411 0.0034413 -0.00247715 -0.00338895 -0.000562134 0.00363985 0.00226537 0.00619968 0.000148368 -0.000758084 -0.00286444 -0.00874036 -0.00119652 0.00857339 -0.00179856 -0.00168 -0.00036353 0.00190351 -0.000735476 0.00478261 0.00827068 0.0138686 0.0105381 -0.00249433 -0.00791855 -0.0138298 -0.0056701 0.00327103 0.00666267 0.00579897 -0.00763052 0.00889571 0.00128962 -0.00525292 0.0119946 -0.00538353 -0.00762712 -0.00164835 0.0108333 0.00213675 0.010142 0.00524079 0.00827815 0.013 0.012675 0.0168712 0.0132911
internal_weight=38147 1321 36826 4338 2202 2136 32488 3608 2889 28880 2007 802 1205 565 5497 428 237 2079 1918 23383 1034 1226 611 337 22349 3516 768 2748 719 129 615 18833 2653 16180 335 266 274 223 872 211 141 378 107 823 776 986 163 5069 247 371 1411 875 536 590 107 976 343 302 200 633 326 237
internal_count=38147 1321 36826 4338 2202 2136 32488 3608 2889 28880 2007 802 1205 565 5497 428 237 2079 1918 23383 1034 1226 611 337 22349 3516 768 2748 719 129 615 18833 2653 16180 335 266 274 223 872 211 141 378 107 823 776 986 163 5069 247 371 1411 875 536 590 107 976 343 302 200 633 326 237
cat_boundaries=0 6 12 18 25 31 38 44 50 56 62 68 75 81 83 89 92 98 105 111 113 117 123 129 135 140 146 152 157 163 169 176
cat_threshold=2098496 17563936 277356546 2148557826 14696964 34604288 73728 536870912 3538944 2097216 268435537 1052800 37784578 18388992 1342259349 9109634 75628544 131840 268972044 67108864 2147483648 1140981840 1122 276938752 128 32768 1083392 268517393 8585218 0 256 2692956160 3276800 603980293 541065216 537665536 2216689680 48 69206080 541081844 2159019008 17039360 822083712 50377732 1217872272 100663296 262976 234881088 5633 71303234 3489743648 203424000 37696 33556552 38401 67190866 536870916 256 8224 538987520 1074266114 128 17301504 8396800 133120 20 4194328 3672192 0 1040 2147483648 144 64 536887296 1 34816 1087488 268451985 8454146 67108864 256 1358970919 16781312 532484 8388688 8388608 16384 268435464 1050752 17957120 2147491849 2 67113160 536871044 2183136256 1073741828 996155776 25207821 8192 67108864 2147483648 4304 64 8421376 128 67108864 0 0 1073741828 0 16809984 0 1084751872 147456 0 536870912 536870912 33556482 17301504 4 0 8388608 131072 160432144 33556032 5636128 2166637568 786558 38273152 143654912 33572417 80871464 689980672 2148008032 38273152 0 256 8224 18432 524288 0 37748737 262144 2686451713 32 34111488 524320 4194304 0 1073741824 0 32768 0 2097152 0 8 4097 4096 0 2147483648 1073872896 0 276824064 64 16496 1048576 0 16777216 50331652 16384 2098176 536870912 4104 8192 0 32
is_linear=0
shrinkage=0.05


Tree=105
num_leaves=63
num_cat=36
split_feature=4 2 1 3 2 0 1 4 1 1 2 9 3 1 4 1 0 1 0 1 7 1 1 3 4 1 1 4 1 2 2 3 4 9 3 1 1 1 7 9 0 0 4 7 1 9 4 10 0 9 7 7 9 9 7 9 9 4 0 0 7 9
split_gain=11.0841 16.3171 10.5186 13.0196 11.6288 11.1862 7.62955 7.57587 24.2339 10.1042 7.40167 7.69034 7.22493 6.45369 14.0599 10.2705 6.93804 6.81952 8.64973 6.26193 6.03017 40.7659 22.1874 29.7514 22.0475 28.3229 22.3778 21.1156 23.3786 18.8122 14.9164 11.277 9.65209 6.01525 5.98711 7.3119 5.96609 5.93107 6.31259 5.76052 5.72022 6.04096 5.64201 5.58343 8.8636 7.00396 5.13126 5.22872 5.09193 5.06691 5.0601 4.89787 4.8624 4.17916 6.88316 4.11215 4.01658 9.90429 3.98681 3.90316 8.67859 5.55127
threshold=0 1 2 3 4 1.6795240822470288 5 6 7 8 9 7.5000000000000009 10 11 12 13 2.2600918182732426 14 1.7730410110839663 15 1.5000000000000002 16 17 18 19 20 21 22 23 24 25 26 27 8.5000000000000018 28 29 30 31 1.5000000000000002 9.5000000000000018 1.6795240822470288 1.6120968893441727 32 5.5000000000000009 33 4.5000000000000009 34 1.0000000180025095e-35 1.5852400175224981 6.5000000000000009 1.5000000000000002 4.5000000000000009 9.5000000000000018 6.5000000000000009 4.5000000000000009 9.5000000000000018 10.500000000000002 35 1.675692386474688 1.8684907299567095 4.5000000000000009 11.500000000000002
decision_type=9 9 9 9 9 2 9 9 9 9 9 2 9 9 9 9 2 9 2 9 2 9 9 9 9 9 9 9 9 9 9 9 9 2 9 9 9 9 2 2 2 2 9 2 9 2 9 2 2 2 2 2 2 2 2 2 2 9 2 2 2 2
left_child=1 37 3 4 5 -2 40 8 -4 -10 46 42 -6 14 15 -9 33 18 -16 39 21 31 23 30 25 -24 -26 29 -29 -23 -22 -15 -25 -17 35 -8 49 38 -1 -7 41 -5 -12 44 45 -3 47 -11 -33 -36 -43 -52 -13 -39 -55 58 -14 -58 -47 61 -61 -38
right_child=2 43 7 6 12 19 34 13 9 10 11 52 56 20 17 16 -18 -19 -20 -21 22 27 24 32 26 -27 -28 28 -30 -31 -32 48 -34 -35 36 -37 59 53 -40 -41 -42 50 -44 -45 -46 55 -48 -49 -50 -51 51 -53 -54 54 -56 -57 57 -59 -60 60 -62 -63
leaf_value=-0.010800141606291575 0.014098924527362368 0.0051150660511547043 0.0092023518131323541 -0.00081334527749772623 0.0029756752149216583 0.009951458734559826 0.0002516635151414981 -0.00096431334641018391 -0.0088228755757499451 0.0059867819315395868 -0.0024030176218798106 -0.019444530196779459 -0.00092957537607527843 -0.011018452380760796 -0.0013575898577648461 0.000989057007676919 -0.0084392999530252585 -0.0011467675799411493 -0.0048054768913607278 0.010366951147787252 -0.001343976274787806 0.0017008992587923934 0.0052439194419960922 0.0063068173620725587 -0.0047187635749150973 -0.00063679259260716057 -0.00043600102892817907 -0.0013415888829958367 0.0043896460718831024 -0.0096184530976649585 -0.010232483792816067 -0.005332921819992141 0.0014556215339439405 0.0094220421220829742 0.00061441232181778114 -0.0042279062293256453 4.8014184926903351e-05 -0.00013209011930216398 -7.5811656253232945e-05 -0.019571034058673567 0.0002446631093526386 -0.03364796135161751 0.0068855815048944119 -0.0098989037845080268 -0.0037690688546754393 -0.00016314126022074494 0.01068414818857838 -0.018237680640672355 -0.0027528111683420621 0.014057770699747042 -0.0019611671896519441 -0.0076348545276660549 -0.00052602445261765716 0.0054391318621755782 -0.0011079301458405634 0.0010875085778013327 0.018076778230564906 -0.0053828481005823714 -0.0068274768718394165 0.00059709490530055484 0.0092014963205269695 -0.016684590743893279
leaf_weight=65 219 50 340 173 235 64 374 575 209 49 124 76 642 464 120 470 45 1658 89 271 316 348 2055 642 1841 3223 5568 2486 2769 494 193 466 4793 323 145 362 1014 181 154 53 305 41 186 57 388 44 155 52 1166 200 82 68 93 231 51 67 103 103 42 705 182 88
leaf_count=65 219 50 340 173 235 64 374 575 209 49 124 76 642 464 120 470 45 1658 89 271 316 348 2055 642 1841 3223 5568 2486 2769 494 193 466 4793 323 145 362 1014 181 154 53 305 41 186 57 388 44 155 52 1166 200 82 68 93 231 51 67 103 103 42 705 182 88
internal_value=-0.000234619 -0.00470149 -7.19581e-05 0.00195808 0.00558824 0.0111021 0.000306748 -0.000423594 0.00332303 -0.000838574 0.00194631 -0.00173824 0.00242452 -0.000584446 -0.00267477 0.00108925 0.00459906 -0.00551412 -0.0139269 0.00618557 -0.000327942 -0.00145856 0.000169073 0.00268727 -0.00101205 0.00145613 -0.00276992 0.000614049 0.00179487 -0.00669014 -0.00876686 -0.00745489 0.0037741 0.0057377 0.00136364 -0.00254692 0.00260239 0.000722543 -0.0058952 -0.00354331 -0.0044919 -0.00879121 0.00290323 -0.0103343 -0.00905245 -0.000234742 0.00864662 -0.00045045 -0.00542022 0.00859155 -0.0149215 -0.0106667 -0.010355 0.00391121 0.00780142 -0.00555556 0.0002331 0.00631068 -0.0127907 0.00152576 0.00400225 -0.000453721
internal_weight=38147 1330 36817 5429 1690 607 3739 31388 1284 944 735 479 1083 30104 3280 1413 838 1867 209 388 26824 8193 18631 5944 12687 5278 7409 6097 5255 842 509 2096 5435 793 3070 736 2334 682 219 117 669 364 310 648 591 203 256 101 1632 345 191 150 169 463 282 153 848 206 86 1989 887 1102
internal_count=38147 1330 36817 5429 1690 607 3739 31388 1284 944 735 479 1083 30104 3280 1413 838 1867 209 388 26824 8193 18631 5944 12687 5278 7409 6097 5255 842 509 2096 5435 793 3070 736 2334 682 219 117 669 364 310 648 591 203 256 101 1632 345 191 150 169 463 282 153 848 206 86 1989 887 1102
cat_boundaries=0 7 9 15 18 20 25 32 38 44 46 49 55 61 67 71 76 82 88 91 97 103 109 115 121 123 125 127 132 134 140 146 152 159 165 170 174
cat_threshold=8389892 17039616 285212674 2282776066 8929797 2181039360 4 2081587296 2263722 1382025730 67149824 1342259332 8388738 75726976 67322432 1184131 2282758219 3 10485760 66698 0 32768 0 130 67141632 85989985 71303168 8536193 8390660 1073741938 2097280 1 134234128 46137345 2152996896 572522576 64 2050 8321 32 2048 134219776 272629779 8388736 872416293 16814090 1048579 134225986 1 210780616 34080768 2181038096 589824 2720285184 16778249 548864 1048624 512 67240024 0 277151760 256 33556480 2181038096 65536 570688000 9 8405000 0 0 524288 0 0 0 0 67108864 16814080 1090520609 2101536 119799840 1305 10749954 45105 1224738337 2101536 119799840 1049 11796482 67121280 1082138624 2 268591112 12189704 2818572292 1610612896 537174016 872677376 16843780 541085696 139493953 268568641 151531808 33556736 16909312 537939968 142639681 1342310657 419960864 524288 655384 11673656 4 128 270336 67108864 537403413 2822766720 156896256 2147484688 4720736 1081472 1577100294 151584 131076 19402764 143130688 8405000 8200 16 134217728 67108992 8192 1291886688 545783812 1109393410 8192 268451844 0 65664 16384 2050 0 128 0 8519680 148032 1 0 2080 536870976 1024 67178496 4128 4194304 0 0 64 0 1 1074266112 0 1179648 2149580800 67112961 33554432 0 4194304 0 8388608 34 0 16 0 32
is_linear=0
shrinkage=0.05


Tree=106
num_leaves=63
num_cat=36
split_feature=4 1 1 4 1 3 4 1 1 1 1 4 4 1 4 1 6 9 11 11 1 3 9 6 1 1 3 7 11 4 9 1 1 6 11 7 6 6 1 11 4 1 4 2 4 11 11 7 3 3 11 11 6 1 11 6 7 4 1 0 3 6
split_gain=10.3476 11.249 9.84925 14.3278 9.8106 7.12932 6.83164 56.5413 30.7837 20.0608 12.1469 17.1194 12.4144 26.5434 10.9931 13.3817 13.0361 12.4182 10.6583 10.6147 10.147 11.5091 11.3575 9.94833 12.2236 9.65866 13.2943 9.49569 9.23349 8.93678 8.85207 8.28648 8.07567 13.1672 8.02884 9.20281 7.9105 9.96644 9.04032 7.73937 12.8867 11.6322 7.27516 6.12238 6.18618 8.94095 6.11617 6.01552 5.94602 5.81434 5.60274 5.4019 6.36548 9.0423 7.77266 5.21122 5.17619 6.64449 6.38945 5.73084 4.94162 4.94028
threshold=0 1 2 3 4 5 6 7 8 9 10 11 12 13 14 15 95.500000000000014 6.5000000000000009 20.500000000000004 8.5000000000000018 16 17 4.5000000000000009 121.50000000000001 18 19 20 2.5000000000000004 22.500000000000004 21 9.5000000000000018 22 23 168.50000000000003 8.5000000000000018 1.5000000000000002 16.500000000000004 9.5000000000000018 24 13.500000000000002 25 26 27 28 29 18.500000000000004 15.500000000000002 4.5000000000000009 30 31 2.5000000000000004 8.5000000000000018 362.50000000000006 32 19.500000000000004 111.50000000000001 5.5000000000000009 33 34 1.8684907299567095 35 405.50000000000006
decision_type=9 9 9 9 9 9 9 9 9 9 9 9 9 9 9 9 2 2 2 2 9 9 2 2 9 9 9 2 2 9 2 9 9 2 2 2 2 2 9 2 9 9 9 9 9 2 2 2 9 9 2 2 2 9 2 2 2 9 9 2 9 2
left_child=1 -1 3 4 51 -6 7 56 23 14 11 32 13 -12 15 16 19 -17 20 -8 22 -22 -10 34 27 30 -27 -25 36 -20 -14 -15 47 -34 -9 -36 37 -16 -38 40 -13 -41 -18 60 61 46 -46 -11 -5 -26 -50 55 53 54 -53 -2 57 59 -59 -4 -3 -45
right_child=2 43 6 48 5 -7 9 8 18 10 12 39 25 31 28 17 42 -19 29 -21 21 -23 -24 24 49 26 -28 -29 -30 -31 -32 -33 33 -35 35 -37 38 -39 -40 41 -42 -43 -44 44 45 -47 -48 -49 50 -51 -52 52 -54 -55 -56 -57 -58 58 -60 -61 -62 -63
leaf_value=0.00058047495371733599 0.0029815049938628382 -0.0018459928735260036 0.0077586224814801714 0.0037008022694861283 -0.0049498968262826461 0.00049408379737216621 0.026853750066800321 -0.01825538337115842 -0.0057048295731765624 0.017991384162736147 -0.0061980682545957127 0.0023189828852663631 3.0908556561581872e-05 0.00086929250372030367 0.0047373191091428018 0.00083943940677301543 0.00031323997440227961 -0.004139190871826271 -0.0017344156690792174 -0.0031242398600380694 0.0039152084332834793 -5.1253460105926686e-06 -0.0001301844939069874 0.0095935560074893456 -0.017470974737230773 0.00072012493563243518 -0.0014432852237353912 -0.0010544096952300297 0.014862830091193846 0.0078708841669341001 0.0045669268350574943 -0.0010786983669295259 -0.016311884288882528 0.010135816965788691 -0.010760420586639678 -0.003076715752075976 -0.00065195905315948996 -0.0017077267727999114 -0.0072613152008418448 0.0069530822048351933 -0.0015917718475571552 0.00016181247083319473 0.024072877086532486 -0.00036998027389314461 -0.0039046388853497399 0.00053683479162330849 -0.011080789371729268 0.002080027295058795 0.0098244493030758342 -0.0015260677989302031 0.00061024602392063538 -0.0028430167356327642 -0.01930828825808132 -0.010929479789187258 0.00430163394871186 -0.0017019147270151025 0.0015569664890852097 0.018181538468567526 0.010840987990934981 -0.0099011311719517936 0.0075543498185891957 0.014933055552900688
leaf_weight=347 46 105 79 350 230 726 61 140 444 210 576 544 2682 752 49 264 103 409 136 300 709 1660 1016 177 106 3640 4631 187 47 276 1206 1420 96 280 250 549 1295 138 1110 931 1896 1830 204 239 270 73 92 49 77 176 3210 181 72 148 44 48 153 108 811 40 109 40
leaf_count=347 46 105 79 350 230 726 61 140 444 210 576 544 2682 752 49 264 103 409 136 300 709 1660 1016 177 106 3640 4631 187 47 276 1206 1420 96 280 250 549 1295 138 1110 931 1896 1830 204 239 270 73 92 49 77 176 3210 181 72 148 44 48 153 108 811 40 109 40
internal_value=-0.000297533 -0.00470817 -0.000143702 0.00188643 -0.00222591 0.000828157 -0.000472441 0.000903657 -0.00113091 -0.000863219 -0.00023852 0.00169347 -0.000995508 -0.00402466 -0.00411028 -0.000407106 0.00457227 -0.00534407 0.00109386 -0.00180055 0.000274223 0.00229088 -0.0029932 -0.00705329 -0.00232198 -0.00030816 -0.001274 0.00374332 -0.00598339 0.00873786 0.00174448 -0.00146654 0.00937984 0.00440415 -0.0103834 -0.00844806 -0.00640432 -0.0163102 -0.0056341 0.000738822 -0.00131148 0.00255342 0.012215 -0.0075693 -0.00980663 -0.0135955 -0.0171271 0.016171 0.00357828 -0.00993151 0.00289657 -0.0075592 -0.01 -0.00737265 -0.000638298 0.00319149 0.0107827 0.0121387 0.0135091 0.000387597 0 -0.00363322
internal_weight=38147 1275 36872 5132 1495 956 31740 7017 5826 24723 20743 5836 14907 2748 3980 1341 668 673 4241 361 3829 2369 1460 1585 646 12159 8271 364 2639 412 3888 2172 635 376 939 799 2592 187 2405 5201 2440 2761 307 928 714 435 362 259 3637 282 3287 539 445 373 225 94 1191 1038 919 119 214 279
internal_count=38147 1275 36872 5132 1495 956 31740 7017 5826 24723 20743 5836 14907 2748 3980 1341 668 673 4241 361 3829 2369 1460 1585 646 12159 8271 364 2639 412 3888 2172 635 376 939 799 2592 187 2405 5201 2440 2761 307 928 714 435 362 259 3637 282 3287 539 445 373 225 94 1191 1038 919 119 214 279
cat_boundaries=0 6 12 18 25 31 33 40 46 52 58 64 71 78 84 91 97 103 105 111 117 120 126 132 138 144 148 154 161 163 169 171 173 179 184 189 191
cat_threshold=2692744453 17563904 8929282 2819646466 12599812 2181039104 8396816 33554432 7471616 0 67109200 33558528 1377959946 68190208 1342259201 25165954 8618113 67330624 655368 6292480 2147484160 67240000 1122 344211456 1 1107296256 32768 1 25165826 163969 24640 3355443200 2684354564 85989928 71304192 2147615360 75630596 1073741922 806092944 5 25182800 1644691712 16787968 67243016 1258553350 4194563 536916352 134235744 70385920 268451876 4205568 3673092 13631552 1115686912 2197858824 1073938440 1730429184 4194307 536916000 151024240 68288832 268714021 11264 3670016 671760 2228224 0 1073741952 262144 8388612 32 268648464 2236432 872415237 1073741952 2392064 8438016 144 344192 524544 142610432 2281701376 403177504 50593792 268582912 1048592 0 4120 9216 67158016 128 0 1082130432 2164271104 196608 84148224 2 1573888 2176848000 147588168 134283264 2415919152 4224 1224736772 2147500033 33024 1088 1179648 4 4194304 1574912 81921 2098433 143397908 2317353232 403177504 268304 151322624 573063168 2 0 0 0 67108864 2 268435456 17303300 536872068 4194464 5184 4174 132 536911872 4096 1179712 32 0 524288 5242944 2048 2147484168 1073741832 1677721856 4194305 8192 0 536870916 4104 32800 134234656 0 5 0 3145728 0 1048576 0 4112 0 0 128 1275069200 21135882 536872196 256 8388608 2282749952 16384 2147483648 335550595 2147483649 2097152 2147483649 1107296256 0 1 8388608 129 16384 4128 4195328 512 0 2 16896 1074266112 16777216 0 1107296256 515 16
is_linear=0
shrinkage=0.05


Tree=107
num_leaves=63
num_cat=29
split_feature=4 1 1 4 6 6 1 3 11 1 3 1 4 8 4 6 6 11 1 1 6 0 1 11 1 1 1 4 4 3 8 1 6 11 11 3 6 1 1 3 0 3 0 1 9 6 8 3 11 0 11 10 3 0 6 11 9 0 0 11 9 9
split_gain=9.92122 12.5048 9.70015 16.4607 7.84235 7.66847 7.78786 10.0294 7.41194 23.7455 9.94724 7.57471 24.2791 16.1157 13.6567 12.6608 11.2609 11.6976 10.1067 9.64908 10.96 9.85921 8.76923 8.44419 51.4136 20.6192 15.8477 18.6914 16.4947 11.5668 7.26631 6.56394 6.2198 6.20465 5.82732 5.60795 6.24377 9.42813 4.99191 6.37598 5.05434 4.65169 4.55587 4.47257 4.80015 6.04241 5.21313 5.08467 7.79521 4.76292 4.38893 4.38783 4.30164 4.18903 5.26316 4.86579 3.91273 3.87345 3.59423 3.55556 3.54629 3.53634
threshold=0 1 2 3 585.50000000000011 433.50000000000006 4 5 2.5000000000000004 6 7 8 9 1.0000000180025095e-35 10 13.500000000000002 101.50000000000001 15.500000000000002 11 12 178.50000000000003 1.6655791373524942 13 9.5000000000000018 14 15 16 17 18 19 1.0000000180025095e-35 20 440.50000000000006 8.5000000000000018 18.500000000000004 21 76.500000000000014 22 23 24 2.1258932707712788 25 1.4400045920052149 26 4.5000000000000009 273.50000000000006 1.0000000180025095e-35 27 10.500000000000002 1.6812785568800701 22.500000000000004 1.0000000180025095e-35 28 1.2776137475108016 227.50000000000003 13.500000000000002 6.5000000000000009 1.7802465002300518 1.8086580109535582 17.500000000000004 8.5000000000000018 6.5000000000000009
decision_type=9 9 9 9 2 2 9 9 2 9 9 9 9 2 9 2 2 2 9 9 2 2 9 2 9 9 9 9 9 9 2 9 2 2 2 9 2 9 9 9 2 9 2 9 2 2 2 9 2 2 2 2 9 2 2 2 2 2 2 2 2 2
left_child=1 60 3 5 38 6 7 61 9 -4 51 12 15 18 53 34 22 -18 33 21 -21 -17 -15 24 29 -26 27 -25 -28 -16 56 -12 43 -14 -10 -8 -37 -38 -5 -40 41 -41 -20 59 45 58 47 49 -49 -46 -9 -11 -33 -13 55 -55 -7 -48 -45 -3 -1 -2
right_child=2 32 8 4 -6 30 35 50 11 10 31 14 13 16 23 19 17 -19 42 20 -22 -23 -24 26 25 -27 28 -29 -30 -31 -32 52 -34 -35 -36 36 37 -39 39 40 -42 -43 -44 44 46 -47 57 48 -50 -51 -52 -53 -54 54 -56 -57 -58 -59 -60 -61 -62 -63
leaf_value=0.00055145120603147248 -0.0042059396713170659 -0.001747582576072171 -0.017120991177583079 0.00010344446444874312 0.022933086369660162 0.0083640170065228722 -0.004724179240725157 -0.0011768600635940541 -0.0083301409386732812 0.0008936127803949326 0.017650252038008952 -0.00028207365029775947 -0.0013711062806782645 -3.2979544668826355e-05 -0.00034300213320623832 0.0069889164315204873 0.0062927521278665971 -0.0071100479692283169 0.00470832622332556 -0.0020698223140579231 -0.0048061259009812562 -0.0015581830311414109 -0.0092923162003529843 0.0017658721291708202 -0.0090789079688691765 -0.0014052765270949398 0.00031929324867088218 -0.00014162778496018547 -0.0012698551475330611 0.005348563666821949 -0.014782019925697894 0.011512588817182652 0.0011651074096746983 0.0060290364622721977 -0.00055833812585894265 0.0072288854580892237 -0.012109046203022479 0.0038445978952770243 0.0047637942807149175 -0.00080707323337830816 -0.0006533557927140166 0.0025220042950973051 3.1983701858517846e-05 0.00012433787593557621 0.0023148374804860651 -0.014836043421398902 -0.0052918124807041752 -0.035340018104260455 -0.00010780830498311467 -0.00036002324308674898 0.0070474332724563826 -0.012722623260811262 0.0026536962513005525 -0.001404461645531005 0.010496828476615079 0.0073480165530175785 -0.011926236448296757 -0.00164170331855108 -0.0014031311651541145 -0.0061123975351465524 0.0082512298659233162 -0.01391931885541422
leaf_weight=73 110 162 100 727 56 55 115 713 83 46 109 46 70 106 643 127 156 97 66 873 648 310 198 3163 1323 2697 7063 3445 7643 1047 40 100 128 462 44 282 121 340 106 229 108 1344 953 89 121 78 49 50 130 117 43 54 355 72 152 80 83 40 68 54 41 144
leaf_count=73 110 162 100 727 56 55 115 713 83 46 109 46 70 106 643 127 156 97 66 873 648 310 198 3163 1323 2697 7063 3445 7643 1047 40 100 128 462 44 282 121 340 106 229 108 1344 953 89 121 78 49 50 130 117 43 54 355 72 152 80 83 40 68 54 41 144
internal_value=-0.00025559 -0.00471074 -0.000109587 0.00203199 0.00468992 -0.00131323 -0.000374732 -0.00333333 -0.000415881 0.00445026 0.0078635 -0.000533785 -0.00251011 0.00127479 -0.000230061 -0.00632458 -0.00601436 0.00177866 0.00390071 -0.00536261 -0.0072175 0.00123043 -0.0125 -0.000358807 -0.00206655 -0.00513648 9.85268e-05 0.00213055 -0.000815439 0.00523529 -0.011236 0.010453 -0.00638686 0.00940959 -0.0216535 0.0031106 0.00471448 0.00119306 0.00429594 0.00570395 0.00487877 0.00562619 0.000923226 -0.00782881 -0.00571809 -0.0117021 -0.0030572 -0.000717703 -0.00684211 0.00403226 -0.000391645 -0.00636364 0.00741935 0.00944444 0.0118421 0.00526316 -0.0057971 -0.0140449 -0.00605096 -0.0141593 0.0104839 -0.0117424
internal_weight=38147 1200 36947 4616 2570 2046 1868 1010 32331 764 664 31567 4193 2108 27374 2085 557 253 1551 1958 1521 437 304 27024 5710 4020 21314 6608 14706 1690 178 564 1086 532 127 858 743 461 2514 1787 1681 1573 1019 958 742 235 507 418 180 238 756 100 455 350 304 152 138 89 157 216 114 254
internal_count=38147 1200 36947 4616 2570 2046 1868 1010 32331 764 664 31567 4193 2108 27374 2085 557 253 1551 1958 1521 437 304 27024 5710 4020 21314 6608 14706 1690 178 564 1086 532 127 858 743 461 2514 1787 1681 1573 1019 958 742 235 507 418 180 238 756 100 455 350 304 152 138 89 157 216 114 254
cat_boundaries=0 6 11 17 24 30 33 39 42 48 55 62 68 73 78 84 90 96 103 110 113 118 120 126 132 135 137 143 145 147
cat_threshold=547358021 17039616 277372930 2148557826 9191428 2182087680 8454144 33554433 16384 0 268435536 314703882 67154432 1090600961 8388770 8389764 67322688 548872 71435264 2147483652 1140850832 9216 346390528 32 8519680 67154432 16777216 162 4 67239936 1572864 3766485000 2 0 0 393216 4096 0 34605058 8454145 16384 8 538185344 0 2181071896 65796 3344984384 1048 663560 75499520 671088644 67108984 1088 276824064 1 2592 75507716 1 8390656 2097152 0 4 1310720 0 33588240 260 2181038336 1040 536870912 0 0 0 67108864 1049088 0 8 0 4194624 20 2685943937 269628192 1627656200 196640 40110084 1076412480 197132288 143132804 133120 671088657 17313920 1074388993 195037508 134742148 268566593 134217745 1060994 671752 132112 2281701888 67244560 4194400 536985872 33 2416472072 7340064 83886596 1073741944 8291 279183616 1 136380418 3357540361 8 1048576 0 269492224 2048 67108928 134225924 134217732 37748738 0 65536 8388608 0 256 272629768 0 0 0 8389760 82432 0 2147483648 8 3221491747 524289 0 16384 269494816 537133120 5121 67633152 201326723 2147483696 134217728 1619001345
is_linear=0
shrinkage=0.05


Tree=108
num_leaves=63
num_cat=36
split_feature=4 2 10 4 7 4 2 2 2 4 4 7 6 2 6 9 2 2 4 11 4 9 2 4 2 0 2 9 6 2 2 9 2 2 6 4 9 2 4 11 4 9 11 2 6 11 2 4 9 2 2 6 9 2 6 2 11 4 6 0 4 4
split_gain=9.31717 13.8067 7.0911 6.52584 5.99032 18.3585 26.6243 17.5795 17.4986 28.4931 20.7171 17.267 13.4555 11.6679 12.2118 11.441 11.1762 10.763 11.8312 10.4615 10.2713 10.9745 18.0856 10.108 10.4457 9.70543 9.46544 9.07241 18.0619 22.2715 15.7521 15.2655 23.0896 10.3249 9.04125 9.03817 8.67211 13.4321 9.31108 8.21691 8.71064 7.83479 7.33572 8.95713 7.25048 6.98373 6.89183 6.67258 7.15002 6.61933 6.57964 9.37655 5.72908 5.32941 5.30656 5.24181 4.96225 5.89658 4.58685 4.33411 4.22417 3.89468
threshold=0 1 1.0000000180025095e-35 2 3.5000000000000004 3 4 5 6 7 8 4.5000000000000009 1075.5000000000002 9 334.50000000000006 10.500000000000002 10 11 12 11.500000000000002 13 9.5000000000000018 14 15 16 1.5716603543580625 17 10.500000000000002 109.50000000000001 18 19 9.5000000000000018 20 21 490.50000000000006 22 6.5000000000000009 23 24 20.500000000000004 25 8.5000000000000018 10.500000000000002 26 23.500000000000004 15.500000000000002 27 28 9.5000000000000018 29 30 176.50000000000003 11.500000000000002 31 194.50000000000003 32 3.5000000000000004 33 196.50000000000003 1.675692386474688 34 35
decision_type=9 9 2 9 2 9 9 9 9 9 9 2 2 9 2 2 9 9 9 2 9 2 9 9 9 2 9 2 2 9 9 2 9 9 2 9 2 9 9 2 9 2 2 9 2 2 9 9 2 9 9 2 2 9 2 9 2 9 2 2 9 9
left_child=1 2 -1 -2 5 6 23 27 10 17 20 15 19 14 41 26 -17 18 45 -13 21 49 -23 50 44 52 -11 31 29 -29 -30 33 -33 -7 -26 36 37 -9 -38 40 -15 -12 46 -44 -25 -10 -37 -27 -49 -6 -5 -52 53 -8 -20 61 -19 -58 -4 -60 -57 -3
right_child=3 55 58 4 8 7 25 35 9 11 13 12 -14 39 -16 16 -18 56 54 -21 -22 22 -24 24 34 47 -28 28 30 -31 -32 32 -34 -35 -36 42 38 -39 -40 -41 -42 -43 43 -45 -46 -47 -48 48 -50 -51 51 -53 -54 -55 -56 60 57 -59 59 -61 -62 -63
leaf_value=-0.0092989520497205325 0.0089504976462504611 0.013493671012564927 -0.0065559542368593716 0.0079253890381558844 -0.00060167277263220023 -0.0053458937129579045 -0.0017973952366305169 -0.0066510960728074393 -0.0013410006781476554 0.0002074457632511545 0.0011166282143131091 0.00040092592469214154 0.0012600744686624089 -0.00017137085248890573 -0.013913138125791947 -0.0068118538352353935 0.0049083942384756662 0.0030360603823709809 -0.0013045429406111642 -0.0011798225511368166 0.0065391709779345393 0.0004812473316631927 0.018267888334016359 0.038057301786339537 0.00034051408415018973 0.0081486598366104397 0.0056811092369522869 -0.0019388617272837418 0.0084184982120988246 0.012013282145220239 -0.0013718301889213969 -0.0090520579788112791 -0.0019948399905994562 -0.0010487209679152566 0.015751296721605353 0.0017919416372123244 -0.0010114666407041284 0.0019511615325499389 0.0058703188597253129 0.0072445820489055075 -0.0039709406000870027 0.0049241358313366736 -0.0010709486959249892 0.0017039891901711457 0.0057725103813775162 -0.012271567290606411 -0.0037807748388416387 0.00054090749150539907 -0.0065673405943534385 0.001499547025000414 -0.0061085141396733326 0.017668924677855701 0.018998342715145684 -0.014000468209959628 0.0022556735140084826 -0.0027719767855190038 -0.0046889533248804741 -0.0099521848141863392 0.0035222168278277234 -0.0056866989071449369 -3.3019969339229127e-05 -2.3394541805721314e-05
leaf_weight=199 114 100 84 110 839 1282 143 420 66 560 320 1257 43 855 55 248 209 56 804 2538 359 367 363 113 1771 132 1341 400 226 427 936 227 644 4960 148 276 470 797 1210 120 557 184 1763 1823 917 41 1465 1060 406 1499 68 94 44 361 417 139 701 337 91 64 402 125
leaf_count=199 114 100 84 110 839 1282 143 420 66 560 320 1257 43 855 55 248 209 56 804 2538 359 367 363 113 1771 132 1341 400 226 427 936 227 644 4960 148 276 470 797 1210 120 557 184 1763 1823 917 41 1465 1060 406 1499 68 94 44 361 417 139 701 337 91 64 402 125
internal_value=-0.000302776 -0.00461285 -0.0116071 -0.000161015 -0.000199517 -0.00070286 0.00185047 -0.001494 0.000608376 -0.000799722 0.00280391 0.000999033 -0.00106826 -0.00111851 0.00500879 0.00436811 -0.00273523 -0.00538651 -0.00231689 -0.0013834 0.00519348 0.00422352 0.00958904 0.0047199 0.00383576 -0.00245826 0.00607575 -0.00300702 -2.51383e-05 0.00562273 -0.00404475 -0.00384507 -0.0100459 -0.00297981 0.00163297 0.000182171 0.00242518 -0.000780608 0.0047619 -0.00337224 -0.00446176 0.00753968 -0.00103991 0.000250976 0.00788462 -0.0175214 -0.00370477 -0.000500626 -0.00149051 0.0025663 0.0138298 0.00639535 -0.00821168 -0.00972222 -0.000852965 -0.000515464 -0.00905797 -0.00992293 -0.00606695 -0.000967742 -0.00317604 0.00574468
internal_weight=38147 1204 438 36943 36829 22693 5367 17326 14136 8618 5518 6196 3838 2091 559 2358 457 2422 1328 3795 3427 3068 730 3221 2949 2146 1901 9102 1989 827 1162 7113 871 6242 1919 8224 2897 1217 1680 1532 1412 504 5327 3586 1030 107 1741 1598 1466 2338 272 162 548 504 1221 766 1094 1038 239 155 541 225
internal_count=38147 1204 438 36943 36829 22693 5367 17326 14136 8618 5518 6196 3838 2091 559 2358 457 2422 1328 3795 3427 3068 730 3221 2949 2146 1901 9102 1989 827 1162 7113 871 6242 1919 8224 2897 1217 1680 1532 1412 504 5327 3586 1030 107 1741 1598 1466 2338 272 162 548 504 1221 766 1094 1038 239 155 541 225
cat_boundaries=0 7 9 15 21 23 25 27 34 41 43 45 47 53 60 62 68 70 72 74 76 78 80 87 89 95 102 104 106 112 114 116 118 120 126 133 140
cat_threshold=8521029 25428224 277364739 135291906 8388628 2182087680 4 3289096840 17263616 67109376 8196 128 0 0 655360 2701461552 4721680 83886592 8388676 49730 376980 1452253274 2421770 1419215158 15704194 2283144452 16657062 65536 4197376 2164261376 8388608 4482626 813809680 32 8 1048576 2281701380 1140982432 9314 880902160 1 1180928 8320 1375766529 21512 100698739 16860160 0 1024 16777216 0 1026 536903680 0 0 134217728 67240608 8192 335609872 1 2283013376 3154436 2147483696 4196352 0 0 16384 144 1417740354 61442 69798600 16793856 1075216434 270466 1082327296 655362 268435492 65536 8388610 9076866 268460040 131104 536870912 6152 1078730752 75497728 32 2149582848 22304 0 0 536870912 0 8192 67109120 544768 2228224 536871424 4120 0 2097152 32 2852127873 1066504 671089729 1049120 0 1024 0 0 66 32784 134349824 264834 101187586 2130944 134217728 524288 674496564 514 0 1024 2147483648 0 17410 98304 131072 0 16384 134217728 8388608 2147483648 4 131072 8388608 268435456 2 0 0 4
is_linear=0
shrinkage=0.05


Tree=109
num_leaves=63
num_cat=31
split_feature=1 3 7 1 7 5 1 0 1 3 1 5 1 3 1 3 3 1 1 1 7 9 11 0 1 1 9 3 10 6 9 11 3 1 7 1 3 1 3 3 3 6 11 3 9 6 3 1 1 9 9 6 1 7 9 6 7 11 11 0 6 6
split_gain=8.57721 13.4896 11.6225 11.4474 8.59384 12.5163 8.14248 6.5895 18.1382 16.5394 11.0207 9.30925 9.04027 9.22754 15.2879 17.4837 11.6454 11.0656 10.9032 10.038 12.4704 8.83293 14.1477 13.9478 8.74398 8.2038 7.99369 7.75721 25.474 11.023 7.65917 8.97619 7.58867 16.5185 7.4364 28.8943 12.2546 11.3549 17.0315 11.9927 7.40477 7.27935 7.01244 6.99721 6.88107 6.76033 6.39097 8.9678 6.37105 6.77231 8.75644 7.63528 6.3183 7.55381 13.3565 5.9104 5.71765 5.6992 5.76309 8.3552 5.62442 5.60774
threshold=0 1 1.5000000000000002 2 2.5000000000000004 2.5000000000000004 3 1.5344395466156473 4 5 6 4.5000000000000009 7 8 9 10 11 12 13 14 1.0000000180025095e-35 8.5000000000000018 7.5000000000000009 1.4739620546537482 15 16 11.500000000000002 17 1.0000000180025095e-35 245.50000000000003 7.5000000000000009 12.500000000000002 18 19 5.5000000000000009 20 21 22 23 24 25 54.500000000000007 18.500000000000004 26 7.5000000000000009 97.500000000000014 27 28 29 10.500000000000002 9.5000000000000018 33.500000000000007 30 1.0000000180025095e-35 6.5000000000000009 321.50000000000006 1.5000000000000002 18.500000000000004 16.500000000000004 1.7258886956538388 51.500000000000007 168.50000000000003
decision_type=9 9 2 9 2 2 9 2 9 9 9 2 9 9 9 9 9 9 9 9 2 2 2 2 9 9 2 9 2 2 2 2 9 9 2 9 9 9 9 9 9 2 2 9 2 2 9 9 9 2 2 2 9 2 2 2 2 2 2 2 2 2
left_child=1 2 52 -4 46 6 -6 12 9 24 60 32 -2 18 15 -15 17 40 30 -18 -21 22 -17 -23 -9 42 -12 28 -27 -29 31 -14 33 44 37 -36 -37 38 -34 -39 -16 -19 43 -20 -10 -33 48 56 -3 50 51 -50 53 -1 -55 -32 -48 58 59 -26 -11 -54
right_child=7 4 3 -5 5 -7 -8 8 11 10 26 -13 13 14 16 21 19 41 25 20 -22 23 -24 -25 57 27 -28 29 -30 -31 55 45 34 -35 35 36 -38 39 -40 -41 -42 -43 -44 -45 -46 -47 47 -49 49 -51 -52 -53 61 54 -56 -57 -58 -59 -60 -61 -62 -63
leaf_value=0.0084968577515114104 -0.0058293796979088713 -0.0076141989562736462 -0.0033914327186974069 0.00094496492162994279 0.0031455858678477444 -0.010064154818680017 -0.0002380911429965771 -0.0052278290623106738 -0.0013577164931710241 0.0010802813194562666 0.0035844414501234657 -0.019877853675066861 -0.011527269070387994 0.0091119226965908021 -0.011442077080295376 -0.0085631245086625809 0.011818648859116399 -0.00067482101686081606 0.0013679804936098439 -0.0092141409555074553 0.0039688908374599713 0.002991201997527948 -0.0031076371302486724 -0.017196087588115739 -0.0035906582956263255 0.001614691690326875 -0.0053680135330902434 -0.000786943395146722 -0.017550245203474486 0.0010919186669879732 0.019035968171101161 0.013877156787289424 -0.0002996226456385032 -0.0041246962603835539 0.0020738586473191935 -0.0066726697110786387 -0.0015247442379277777 0.0027845916834146282 0.0033701580309887461 -0.00015412648343751667 -0.00047334513467516828 0.0022763316140827273 -0.011702784320434 -0.0091794192686540741 0.024015598878974555 -0.00074739558597063387 0.0048261546253972722 -0.0093133324828070362 0.0063481347086107483 -0.00040392056183372331 0.046080474577376018 -0.0026640057607453141 -0.00027728217954745005 0.00015006934493599358 0.034742326666117519 -0.0027909982468173168 -0.00066467249772885764 -0.0024980078333693145 0.015153447272446552 0.0028090189841594006 0.019414346463772571 0.011461763698280154
leaf_weight=108 240 272 473 765 393 82 892 363 95 143 862 57 143 108 126 113 374 337 220 110 640 334 732 71 162 259 94 3715 252 1172 177 91 1768 570 717 665 809 811 1943 12646 420 711 184 454 116 111 68 285 55 202 68 333 185 46 69 42 40 146 76 290 238 104
leaf_count=108 240 272 473 765 393 82 892 363 95 143 862 57 143 108 126 113 374 337 220 110 640 334 732 71 162 259 94 3715 252 1172 177 91 1768 570 717 665 809 811 1943 12646 420 711 184 454 116 111 68 285 55 202 68 333 185 46 69 42 40 146 76 290 238 104
internal_value=-0.00027394 -0.00233708 0.00107955 -0.00153473 -0.00455556 -0.00179225 -0.000583658 -1.48293e-06 0.000489566 0.00461409 0.00827765 2.47439e-06 -0.000996767 -0.000779387 0.00110132 -0.00321637 0.00326246 0.000498753 -0.00190337 0.00714286 0.00368421 -0.00492063 -0.00786982 0.00111111 -0.000143266 -0.00250559 0.0052795 -0.00177515 -0.00758157 -0.00115377 0.00470383 0.000144928 5.95829e-05 -0.00474083 0.000255563 -0.00248745 -0.006469 0.000605778 0.00305026 -7.05428e-05 -0.00521583 0.00349716 -0.00702765 -0.00474777 0.00701357 0.00693069 -0.0074452 -0.0127792 -0.005 -0.00224551 0.00109649 -0.00180412 0.00742188 0.0135193 0.0230435 0.0121005 0 0.00321637 0.00568182 0.00353982 0.0154731 0.00217391
internal_weight=38147 4440 1750 1238 2690 1367 1285 33707 22571 2374 1337 20197 11136 10896 4076 1358 2718 1594 6820 1124 750 1250 845 405 1037 6256 956 5398 511 4887 564 345 20140 781 19359 2191 1474 17168 3711 13457 546 1048 858 674 211 202 1323 393 930 658 456 388 512 223 115 219 108 674 528 452 381 289
internal_count=38147 4440 1750 1238 2690 1367 1285 33707 22571 2374 1337 20197 11136 10896 4076 1358 2718 1594 6820 1124 750 1250 845 405 1037 6256 956 5398 511 4887 564 345 20140 781 19359 2191 1474 17168 3711 13457 546 1048 858 674 211 202 1323 393 930 658 456 388 512 223 115 219 108 674 528 452 381 289
cat_boundaries=0 6 9 15 21 27 30 35 41 44 50 53 56 62 68 74 80 85 87 89 95 101 104 110 112 115 117 119 122 128 133 136
cat_threshold=680661664 149504 2189460504 1073807360 725631488 4195336 3240202308 3768582146 2 131104 18432 2147516440 1073741824 33554432 4194304 135680 16384 1024 65536 570425344 4194304 33882112 587211808 1476657152 547488240 340 2146433 462924 142622720 2 0 536879136 134217728 10616864 260 4194560 67108864 0 131088 0 10518530 2900398464 2713241635 2 327680 50332800 2049 612372513 196 128 268697600 20 9 1343553603 1207959556 1 1 8224 262656 2097154 256 68157696 0 16778368 6145 67108864 192 131344 1 536879104 512 2097218 256 67240192 0 570433536 134217728 2228288 256 32768 0 536879136 512 10485856 256 4096 545277987 1375731785 16777296 1090527232 32768 2097152 16779264 268435489 33619968 1076363266 1212678672 2336 2147747840 201771 70 161480704 144711680 8 268470534 2217742336 607077 134217734 2225340416 1052752 2895908 1748516879 18096132 1107305476 2 269746176 1073741824 2290089984 537395201 142999553 540672 8 1048704 0 2147483648 0 0 1024 1053312 0 33555456 0 536870912 135266944 16384 1032
is_linear=0
shrinkage=0.05


Tree=110
num_leaves=63
num_cat=30
split_feature=4 11 1 4 4 11 4 1 1 6 6 11 1 4 4 1 1 1 1 1 3 4 3 4 1 4 4 3 11 7 6 1 1 3 9 1 5 0 11 1 7 6 6 6 11 6 6 0 0 6 0 7 0 1 11 9 0 11 7 9 0 3
split_gain=9.46336 11.6342 8.96038 14.8998 11.2211 9.65545 8.44239 9.50157 8.38375 8.02812 15.0992 7.04817 30.1717 25.2272 24.1991 32.4977 24.4304 23.7199 16.1735 13.7797 15.8671 12.6226 11.5432 9.15722 7.97321 8.76504 6.7712 6.40573 6.5177 6.38509 6.37177 15.4123 8.0994 5.88187 5.82166 5.80209 5.91931 5.54062 5.51057 5.37744 8.45992 4.97691 6.30749 4.96032 4.81818 5.39864 5.95554 4.79131 4.75648 4.68517 4.67801 4.64042 4.46519 4.33922 5.46058 4.316 3.97481 3.86379 3.83459 3.39372 3.38755 3.33006
threshold=0 20.500000000000004 1 2 3 5.5000000000000009 4 5 6 13.500000000000002 10.500000000000002 12.500000000000002 7 8 9 10 11 12 13 14 15 16 17 18 19 20 21 22 9.5000000000000018 1.0000000180025095e-35 182.50000000000003 23 24 25 2.5000000000000004 26 2.5000000000000004 1.6120968893441727 1.5000000000000002 27 1.0000000180025095e-35 166.50000000000003 290.50000000000006 321.50000000000006 7.5000000000000009 237.50000000000003 334.50000000000006 1.7258886956538388 1.9963237975540058 239.50000000000003 1.9874849964357479 5.5000000000000009 1.5159787241126848 28 2.5000000000000004 5.5000000000000009 2.2665684557909516 12.500000000000002 2.5000000000000004 9.5000000000000018 1.6139650255640285 29
decision_type=9 2 9 9 9 2 9 9 9 2 2 2 9 9 9 9 9 9 9 9 9 9 9 9 9 9 9 9 2 2 2 9 9 9 2 9 2 2 2 9 2 2 2 2 2 2 2 2 2 2 2 2 2 9 2 2 2 2 2 2 2 9
left_child=1 8 3 51 44 50 7 -4 33 10 47 12 27 18 15 39 24 22 34 20 -18 -21 -15 -19 58 -26 -10 28 52 -12 32 -32 -11 49 -14 55 37 43 -20 -13 -41 59 -43 -37 -5 48 -47 -7 61 -1 60 56 -8 -29 -55 -9 -2 -39 -16 -17 -6 -46
right_child=2 -3 6 4 5 9 11 35 26 30 29 14 13 17 16 41 19 23 38 21 -22 -23 -24 -25 25 -27 -28 53 -30 -31 31 -33 -34 -35 -36 36 -38 57 -40 40 -42 42 -44 -45 45 46 -48 -49 -50 -51 -52 -53 -54 54 -56 -57 -58 -59 -60 -61 -62 -63
leaf_value=-0.0025968933334888479 0.0045749241534979055 0.014340249019918894 0.016575634899276048 0.0021222894155636051 0.012538968861274414 0.0049557156808348324 -0.014871226881999523 -0.014962070145889773 -0.00040364683868380217 -0.0039288126646761295 -0.0002615010416533781 0.018075542123969713 0.029698605867512651 -9.7729847059824246e-05 0.0078186882305716354 -0.0047137192797763244 0.0031312804231743876 -0.0021900341702581097 0.004288606553200125 0.0036232097347924544 -0.0025687288645179665 0.00014219343135705721 -0.0069502845264191428 -0.00032600069701280154 -0.00044217108514813533 0.0054217310677642351 -0.0047375833360521341 0.00072342331951102479 0.0022571659404745591 -0.017019724374806987 0.00055407984897996594 -0.0015760268332117801 0.00098441728504551087 0.0059858853954326829 0.0031913582597256187 0.0003941504969639631 0.01963184235028639 2.5629061801479835e-05 -5.4840779230300175e-05 -0.0044889586273736629 0.0023614629840190806 -0.00093699454728268241 -0.0073604500028354837 -0.0090766121890626383 -0.0011370897094926142 0.00012538722062032105 -0.012745126060388624 -0.0081927334395729967 -0.01743436653868613 0.0013312472190012859 0.02755457910926425 -0.0010176046272162731 -0.0013588284883136572 0.018160611826388808 0.0070858243743566031 -0.00037687553988867699 -0.0008933140654567407 0.0069631416434130684 0.0040513808524778932 -0.0077553642445901579 -0.0014259733003521458 -0.004302899868253429
leaf_weight=47 365 53 117 57 60 88 45 41 461 733 40 111 73 417 105 418 622 1230 41 1117 2551 8776 1580 6929 762 2283 368 546 209 53 634 875 1472 117 387 107 41 147 768 59 291 428 219 47 136 53 47 52 40 77 42 76 136 49 743 77 51 234 133 139 70 102
leaf_count=47 365 53 117 57 60 88 45 41 461 733 40 111 73 417 105 418 622 1230 41 1117 2551 8776 1580 6929 762 2283 368 546 209 53 634 875 1472 117 387 107 41 147 768 59 291 428 219 47 136 53 47 52 40 77 42 76 136 49 743 77 51 234 133 139 70 102
internal_value=-0.000397148 -0.0048985 -0.000259221 -0.00221519 -0.00311131 -0.00228869 5.00188e-05 0.00505481 -0.00607477 -0.00279959 -0.0118026 -8.17911e-05 -0.000961758 -0.00189331 0.000560675 -0.00516418 0.00114616 -0.00272477 0.00473026 0.000175895 -0.00268615 0.00109563 -0.00759841 -0.00152405 0.00499544 0.00427169 -0.00840286 0.00517837 -0.0005 -0.0274194 -0.00223479 -0.00473824 -0.000521542 0.00219124 0.0121277 0.00269886 0.00477816 0.00345794 0.00042735 0.00605096 0.00277778 -0.00947282 -0.00656878 -0.00454545 -0.0106742 -0.012963 -0.003 -0.00142857 -0.0165468 -0.00522388 0.00930233 0.0059761 -0.00745856 0.00682493 0.00922693 -0.00703125 0.00817308 0.00669291 0.0137097 -0.0130162 0.00461538 -0.0138655
internal_weight=38147 1123 37024 5046 4554 4119 31978 811 1070 3947 233 31167 13153 11425 18014 1665 16349 10156 1269 13066 3173 9893 1997 8159 3283 3045 829 1728 390 93 3714 1509 2205 241 460 694 576 535 809 461 350 1204 647 154 435 378 100 140 278 124 172 492 181 1338 792 118 416 381 238 557 130 238
internal_count=38147 1123 37024 5046 4554 4119 31978 811 1070 3947 233 31167 13153 11425 18014 1665 16349 10156 1269 13066 3173 9893 1997 8159 3283 3045 829 1728 390 93 3714 1509 2205 241 460 694 576 535 809 461 350 1204 647 154 435 378 100 140 278 124 172 492 181 1338 792 118 416 381 238 557 130 238
cat_boundaries=0 6 12 19 26 33 39 45 51 58 65 71 77 83 89 95 98 104 106 113 118 124 130 132 138 143 145 149 155 161 163
cat_threshold=2692744517 17563648 277364739 2148550146 8912917 34604288 605032608 134144 2189461000 65536 660890256 12583936 268959744 1179664 512 67108864 4194306 537165840 32 8200 75497472 2147483652 1073742016 263232 0 4 69470720 343976964 139392 8390660 1074004032 128 4 16777216 0 2080 2147483649 0 1589248 8388624 0 4587520 2684354560 80 33558528 270600716 1577504 88166784 1082147074 8390656 141392 269029392 256 2164260864 738197696 1024 2113540 32 269025296 0 83886080 738205824 4195328 2113540 32 795136 33554464 147552 536870912 134221838 83955840 46530562 163577856 84672513 8390656 1073972480 36929795 168214850 2323644416 524353 67116032 2281866496 3162371 1074012161 603979840 271583232 67108865 34 70320258 268436036 2621824 4346272 1073889554 2155876458 10752 2432770274 3230670849 1 131112 2097200 512 1073741888 536887328 545259536 2149613570 3355443200 131104 56 536871424 16 546 545259536 129 37879810 0 524288 0 1073741824 143360 2228280 512 131072 0 872677392 536871941 524288 8388610 1048578 524304 1280 2147786912 2281701381 536875136 3072 0 0 637542400 8388608 67108992 3072 2181071880 0 54534656 130 2147516416 8192 0 273940480 2048 532480 33554432 16384 0 8 128 2097672 544 16777344 8404994 0 133184 262212 1
is_linear=0
shrinkage=0.05


Tree=111
num_leaves=63
num_cat=38
split_feature=1 3 6 3 7 1 3 3 1 1 7 1 3 1 1 1 3 3 1 1 1 0 3 1 3 3 7 1 1 11 3 3 3 6 9 1 1 9 3 6 2 6 3 11 11 3 3 3 6 1 6 11 0 0 0 1 11 9 1 11 9 9
split_gain=8.7513 9.5735 10.4716 20.1966 8.98215 11.7145 10.9323 7.67531 11.3074 8.9467 7.43966 46.8078 28.4948 28.3884 24.4785 22.8837 21.893 17.0863 37.5925 17.9344 16.4926 15.0735 13.468 13.6635 15.5335 13.2657 11.5564 32.0046 25.9483 16.8323 13.7995 11.5243 11.1444 10.7004 10.6856 10.2522 10.2222 11.8919 8.84598 8.76404 9.52134 8.69565 7.84227 8.51873 7.45819 18.164 9.69203 7.20924 6.85225 6.81941 6.63833 9.26918 6.10745 7.75812 5.92597 5.81021 5.79481 6.70537 5.78905 5.73223 7.25926 5.57113
threshold=0 1 12.500000000000002 2 1.5000000000000002 3 4 5 6 7 1.5000000000000002 8 9 10 11 12 13 14 15 16 17 1.7601027725027165 18 19 20 21 3.5000000000000004 22 23 22.500000000000004 24 25 26 285.50000000000006 10.500000000000002 27 28 9.5000000000000018 29 355.50000000000006 30 93.500000000000014 31 6.5000000000000009 14.500000000000002 32 33 34 71.500000000000014 35 208.50000000000003 10.500000000000002 1.8047386805284276 1.651731054732499 2.2251269174828727 36 12.500000000000002 2.5000000000000004 37 20.500000000000004 7.5000000000000009 10.500000000000002
decision_type=9 9 2 9 2 9 9 9 9 9 2 9 9 9 9 9 9 9 9 9 9 2 9 9 9 9 2 9 9 2 9 9 9 2 2 9 9 2 9 2 9 2 9 2 2 9 9 9 2 9 2 2 2 2 2 9 2 2 9 2 2 2
left_child=1 50 3 -3 5 -4 -7 8 -6 -9 11 25 14 32 41 16 21 18 35 38 -20 -12 33 24 -24 54 27 30 29 -28 -21 -25 -14 58 -29 -17 -16 -38 -19 40 -22 -13 43 -18 46 -46 -37 -30 -23 -27 51 -1 53 -52 -2 -45 57 -10 -15 -11 -61 -58
right_child=10 2 4 -5 7 6 -8 9 56 59 15 12 13 22 36 17 42 19 20 26 39 48 23 31 -26 49 28 34 47 -31 -32 -33 -34 -35 -36 44 37 -39 -40 -41 -42 -43 -44 55 45 -47 -48 -49 -50 -51 52 -53 -54 -55 -56 -57 61 -59 -60 60 -62 -63
leaf_value=-0.00012227102096173947 0.00033004905150028078 -0.0029822192556013595 -0.0019227084208118584 0.0003456289409209501 0.00068797342015630703 0.017787727227528562 0.0015295826096437426 0.0031529956725900588 -0.013209131628569515 -0.00084611230778348652 -0.0077435451365404058 -0.009328983568332205 0.0011339245514231933 -0.0035169824645328641 -0.014330685070141526 0.013730256611781601 0.023419613827242503 -0.0023843264275493548 0.0012376763346704568 0.0062871837233530155 -0.0095408147892319089 0.011175360818750169 0.0050635295999564844 -0.0034919802853652705 -2.9938967067466573e-05 0.0070241702175743775 0.00062782731177932769 -0.007677688206897299 -0.0037982892931564208 0.02631336437528008 -0.00080731771003824673 0.00038167932669443962 -0.0061903324822504442 0.020908510457453303 -0.00066412860487200529 -0.005992411852219659 -0.010466135693961159 -0.00068328915237617647 0.00076533465885930685 -0.014146678731937113 -1.7504594432082855e-05 0.011111364246080516 0.0013406478313760185 0.00030419261077593851 6.4464875745939848e-05 0.020470125929145301 0.0050422583621052676 -0.00098134977593451462 -0.0036381860304985584 0.018126933624479487 -2.4639153085290191e-05 -0.0056335940279051257 0.00061024591978733889 -0.0085343385117808684 -0.026040687128486603 0.0048279914358760889 -0.0030285216674480033 -0.00024158311156797786 0.0029192282818667373 0.0011661943965073363 -6.8208975300088068e-05 -0.0088526125933399927
leaf_weight=129 224 111 255 142 373 237 609 694 53 802 188 69 218 114 321 212 53 279 1350 694 270 66 607 1986 1380 580 2879 2498 287 78 1046 1567 1465 85 641 123 462 265 4019 131 532 138 3575 240 164 217 413 2817 93 426 178 227 58 52 40 311 285 220 360 54 54 131
leaf_count=129 224 111 255 142 373 237 609 694 53 802 188 69 218 114 321 212 53 279 1350 694 270 66 607 1986 1380 580 2879 2498 287 78 1046 1567 1465 85 641 123 462 265 4019 131 532 138 3575 240 164 217 413 2817 93 426 178 227 58 52 40 311 285 220 360 54 54 131
internal_value=-0.000305398 -0.00233205 -0.00141439 -0.0112648 -0.00075657 0.00304269 0.00584112 -0.00232558 -0.00559701 -0.000123916 -2.23927e-05 -0.00114 -0.00240411 -0.00127053 -0.00936759 0.000474629 0.00365961 -0.000300107 0.00289305 -0.00101653 -0.000806803 -0.00826331 0.000319201 -0.000432432 0.00287932 0.0078125 -0.00209132 -0.00390449 -0.000635209 0.00271318 0.00154286 -0.0022874 -0.00699941 0.00764499 -0.00690695 0.0103161 -0.0124764 -0.00888738 0.00171773 -0.00588547 -0.00399002 0.0062212 0.00466698 0.00993485 0.00782093 0.0132546 0.00410448 -0.00382145 0.00283019 0.0104331 -0.00795107 -0.0126404 -0.00243056 -0.00608696 -0.00218978 0.00825771 -0.00937053 -0.00384615 0.00485232 -0.00336957 0.00740741 -0.0132212
internal_weight=38147 4664 4020 253 3767 1101 846 2666 1062 1604 33483 10307 9037 7782 1255 23176 4526 18650 3412 15238 2283 347 6099 5540 1987 1270 10940 4879 6061 2957 1740 3553 1683 559 3139 1129 1048 727 4298 933 802 207 4179 604 917 381 536 3104 159 1006 644 356 288 230 264 551 689 273 474 910 108 416
internal_count=38147 4664 4020 253 3767 1101 846 2666 1062 1604 33483 10307 9037 7782 1255 23176 4526 18650 3412 15238 2283 347 6099 5540 1987 1270 10940 4879 6061 2957 1740 3553 1683 559 3139 1129 1048 727 4298 933 802 207 4179 604 917 381 536 3104 159 1006 644 356 288 230 264 551 689 273 474 910 108 416
cat_boundaries=0 6 8 10 15 17 20 26 32 38 40 46 52 58 61 64 70 76 82 85 91 94 96 102 108 110 113 116 121 127 129 131 134 136 139 141 147 153 159
cat_threshold=605427872 133120 2189461016 1208025088 2902474880 4718600 738723919 2164817940 2228224 2097152 604112896 0 33554944 0 536871040 2129920 8388617 270835840 134234121 8 604241952 0 33554432 0 2684354560 4718592 536875008 0 8389128 1208025088 218103936 4194304 268436736 68690000 16449 8520072 1352990720 16958977 2348814597 570425387 37773376 1224738336 19398816 85983264 34584 11542528 1075847184 134217728 2107520 555745280 4194304 1048576 1119895618 1090520608 1074336032 119537680 163865 1050626 1342177664 1082662916 2 3024634244 1107842091 1 419463168 580960385 3162176 2416329760 2658 58720256 18883088 134221825 486670464 6 525572 78024916 598025 4202816 272902276 537397313 268435460 67191168 1090584680 1074274320 2 134283276 2158022660 201334788 2952809537 6 69716 277118976 134217732 8 2550661188 2290106376 134251777 2147500036 1048581 2156414048 1082137152 33563905 524292 113803664 4466688 2147768457 38019106 81920 2105443 2292187152 277250048 49216 9 285474818 143654912 10 268468224 539017216 0 268567584 2560 134217728 41943041 1245216 100927568 1 33556480 73738 1091584 873373763 16777218 2299527272 671088640 8 524288 16384 268435456 1 1 12362 2147483668 1024 67117120 0 8388872 277086208 50176 1073741824 0 589824 119537664 8 1050624 0 0 268574720 2147483712 0 100663296
is_linear=0
shrinkage=0.05


Tree=112
num_leaves=63
num_cat=29
split_feature=4 1 4 1 4 1 0 1 10 1 1 1 3 11 4 1 1 1 4 5 1 4 3 1 1 7 6 6 4 6 1 6 6 3 1 0 7 6 6 7 4 3 4 6 0 6 6 6 0 11 0 0 0 6 11 3 11 6 11 0 6 11
split_gain=10.2394 8.54165 7.39535 7.19502 15.1915 8.51553 6.40018 21.8508 10.0948 17.4197 11.3014 9.98092 19.0147 10.2617 25.9842 30.3112 26.6342 23.4265 27.7301 13.5801 9.72415 7.62111 7.39889 13.3427 8.01391 6.57721 6.32228 6.28842 6.17893 8.46639 7.43699 6.1201 6.02612 5.79775 5.79588 5.60486 5.07968 6.20462 4.78797 4.62348 4.56261 4.49278 3.38012 5.40777 4.1952 3.25691 8.50914 5.78864 4.09029 6.24962 3.81873 3.55087 3.24675 2.8828 2.80033 12.4915 6.81401 4.36266 4.24295 3.62635 4.41818 2.64854
threshold=0 1 2 3 4 5 2.1584509050039915 6 1.0000000180025095e-35 7 8 9 10 14.500000000000002 11 12 13 14 15 2.5000000000000004 16 17 18 19 20 1.0000000180025095e-35 309.50000000000006 7.5000000000000009 21 732.50000000000011 22 585.50000000000011 14.500000000000002 23 24 1.4219461736709513 2.5000000000000004 53.500000000000007 75.500000000000014 2.5000000000000004 25 26 27 166.50000000000003 2.5934420768609527 227.50000000000003 255.50000000000003 156.50000000000003 1.7836137041608733 14.500000000000002 2.0056620263665903 1.5852400175224981 1.9382967781080753 168.50000000000003 12.500000000000002 28 16.500000000000004 136.50000000000003 8.5000000000000018 1.8450892640190784 164.50000000000003 13.500000000000002
decision_type=9 9 9 9 9 9 2 9 2 9 9 9 9 2 9 9 9 9 9 2 9 9 9 9 9 2 2 2 9 2 9 2 2 9 9 2 2 2 2 2 9 9 9 2 2 2 2 2 2 2 2 2 2 2 2 9 2 2 2 2 2 2
left_child=1 -1 45 4 5 27 11 32 9 33 21 12 20 17 16 -16 -15 19 -19 -13 25 -10 23 -14 -24 -5 -22 -4 30 31 53 35 -8 -9 -11 -30 -32 -38 -7 -31 -3 -12 43 -34 -44 47 -47 48 49 -2 -50 61 -53 -6 58 -56 -57 -58 -42 60 -60 -48
right_child=2 40 3 6 28 38 7 8 10 34 41 13 22 14 15 -17 -18 18 -20 -21 26 -23 24 -25 -26 -27 -28 -29 29 39 36 -33 42 -35 -36 -37 37 -39 -40 -41 54 -43 44 -45 -46 46 51 -49 50 -51 -52 52 -54 -55 55 56 57 -59 59 -61 -62 -63
leaf_value=0.001188757545266983 0.0010245778352190539 -0.00037127675201595881 0.019126975529800486 -0.0063109956907727418 -0.0028010109866466017 -0.014798135201311808 0.010610409553786115 0.0020446534263147908 0.0053235981073344709 0.016118849507634214 -0.0039193167696938815 0.00039504447843543569 -0.00015230142308667594 -0.0070988276407773334 -0.0014714946199855363 0.001049838718197993 -1.0965252973604845e-05 0.0012345318124190709 -0.0018261788764635358 0.013177672221923804 -0.00012805961762348274 0.018520172577368366 -0.0026289439862162535 0.013052915965725354 0.0019389098816883221 -0.0025152182881889476 0.0078122055123514339 -0.0070198172055476911 -0.010438434800456798 0.025231050129637469 0.00051884411457233108 -0.017465519614494201 0.0086589805127769148 -0.006437137565516316 0.0012835608373470643 -0.00055786773595287165 0.00077761744375109412 0.023228103345452777 -0.0015406276593599888 0.00080372425585426011 -6.9772379694077458e-05 0.0019479790702492839 -0.0063477127507118652 -0.0037722736344154798 -0.0031283856077897521 0.021295135832205127 0.0059465959914622559 -0.012329800449485773 -0.0047765917885706282 0.016823026819182497 0.0014263711591678498 0.017273501934876319 0.013923014317806227 0.00016949937326084241 -0.0061325254387821077 0.0083151779721890359 -0.0090934626646995368 0.00084912326578221462 -0.00067238700839290235 -0.012936044510198898 -0.0087249911569504904 -0.0011351418246002387
leaf_weight=214 106 334 58 103 133 90 40 123 326 210 131 2959 228 576 2061 8018 871 1679 9204 314 395 390 368 405 1447 700 123 149 51 41 93 42 79 392 586 2788 40 101 123 44 62 406 343 123 44 41 61 71 99 55 68 62 41 90 107 77 45 41 40 45 48 43
leaf_count=214 106 334 58 103 133 90 40 123 326 210 131 2959 228 576 2061 8018 871 1679 9204 314 395 390 368 405 1447 700 123 149 51 41 93 42 79 392 586 2788 40 101 123 44 62 406 343 123 44 41 61 71 99 55 68 62 41 90 107 77 45 41 40 45 48 43
internal_value=-0.000294912 -0.00522972 -0.000158841 -0.000253445 -0.00229691 -0.0111628 -1.22496e-05 0.002114 0.00415695 0.00110603 0.00738228 -0.000242776 0.00215666 -0.000595516 0.000511886 0.00141243 -0.00573095 -0.0014976 -0.00261177 0.00220835 -0.00266717 0.0114325 0.00475997 0.00940902 0.00309589 -0.00608856 0.00265152 -0.00345622 -0.00117973 -0.00201613 0.00417559 -0.00248178 -0.00618153 -0.006 0.0057072 -0.00220148 0.0102459 0.0166667 -0.0181614 0.0135294 -0.00760198 0.00173675 -0.00755518 -0.00188679 -0.0102015 0.00509893 0.00967742 0.00238095 0.00518293 0.0108696 -0.000299401 0.00555556 0.0121359 -0.00236052 -0.0108421 -0.00777778 0.00144509 -0.00813953 -0.015641 -0.0206767 -0.0147727 -0.000961538
internal_weight=38147 1013 37134 36487 3843 420 32644 3193 2564 1311 1253 29451 3769 25682 11526 10079 1447 14156 10883 3273 1321 716 2448 633 1815 803 518 207 3423 2966 457 2881 629 515 796 2839 234 141 213 85 799 537 589 202 387 647 248 399 328 161 167 207 103 223 465 270 163 86 195 133 88 104
internal_count=38147 1013 37134 36487 3843 420 32644 3193 2564 1311 1253 29451 3769 25682 11526 10079 1447 14156 10883 3273 1321 716 2448 633 1815 803 518 207 3423 2966 457 2881 629 515 796 2839 234 141 213 85 799 537 589 202 387 647 248 399 328 161 167 207 103 223 465 270 163 86 195 133 88 104
cat_boundaries=0 6 11 17 23 29 35 41 47 53 59 62 69 75 81 87 93 99 105 108 113 119 125 131 133 139 145 147 153 155
cat_threshold=545260805 293863680 285212802 2148558336 8929284 33555456 1572881 1 4456480 2147483712 81 67375648 47109 67108864 4194308 1073774592 671744004 542118528 1073873920 2181070920 403898368 593780864 29362176 139272 67108864 2147483648 1073741904 262240 8388608 640 0 2147483656 134348800 536871040 8388608 143130648 134217728 22675456 786432 4096 67108864 8192 0 268697632 570425408 67108864 1048580 1073741856 64 402915328 2720006208 67108878 1048580 8388698 50336292 1091112961 1082392736 2147586304 135760 204308620 1208483851 1 65552 1572864 134217732 209715330 1088 69484544 32 335544325 526529 148788 34095190 8913412 33825796 257 67117136 273948672 2703228929 67764291 1572866 335546372 67641489 68307328 570442014 8913409 270344 722944 67109888 2281701892 746586304 9280 16400 8388688 4640 4096 1082392576 4352 4096 524288 0 134217728 0 0 344260608 2442133569 8388676 8 8388674 16777728 69632 8388736 65536 0 33554432 16777217 160 0 131088 268959744 2097152 0 131072 0 262144 1048704 0 2147483656 268435456 541327360 2048 32768 2097153 16777217 4096 24580 4096 4 33554432 4 8388608 285212672 2148532736 8388608 1024 32768 2097152 0 0 134217728 0 0 65536 738197505 16385
is_linear=0
shrinkage=0.05


Tree=113
num_leaves=63
num_cat=29
split_feature=1 4 4 4 2 1 4 6 1 4 7 6 1 6 1 1 1 4 4 1 7 7 4 0 1 6 4 7 2 6 11 4 2 1 11 11 11 0 11 4 1 1 4 0 0 6 6 1 0 2 0 6 7 10 6 11 11 6 6 7 6 7
split_gain=8.02281 16.4492 9.47893 8.85337 19.7683 7.59234 7.01781 7.28963 6.9764 15.0679 10.5221 9.53681 12.5253 7.54155 47.6335 25.6665 18.4605 18.3052 13.3541 16.8715 11.5066 9.45168 8.96173 8.32919 7.11029 7.03406 6.53245 6.18108 5.73405 6.02007 5.64917 11.7346 9.39004 5.44059 5.37539 4.86423 8.1706 5.04259 4.82585 6.85066 6.35359 5.4653 5.03198 5.27854 5.18606 4.81007 4.77389 4.6851 4.55756 4.5444 4.53214 4.45508 4.21605 4.93878 4.19724 4.08621 9.25003 6.43557 4.07156 3.95187 3.93045 4.4863
threshold=0 1 2 3 4 5 6 378.50000000000006 7 8 4.5000000000000009 233.50000000000003 9 31.500000000000004 10 11 12 13 14 15 3.5000000000000004 1.0000000180025095e-35 16 2.1197484514375513 17 78.500000000000014 18 1.5000000000000002 19 160.50000000000003 11.500000000000002 20 21 22 17.500000000000004 9.5000000000000018 14.500000000000002 2.0056620263665903 5.5000000000000009 23 24 25 26 1.8450892640190784 1.8030376555807852 27.500000000000004 321.50000000000006 27 1.4524165033143637 28 1.2660430803652234 296.50000000000006 5.5000000000000009 1.0000000180025095e-35 44.500000000000007 19.500000000000004 16.500000000000004 48.500000000000007 337.50000000000006 4.5000000000000009 156.50000000000003 1.5000000000000002
decision_type=9 9 9 9 9 9 9 2 9 9 2 2 9 2 9 9 9 9 9 9 2 2 9 2 9 2 9 2 9 2 2 9 9 9 2 2 2 2 2 9 9 9 9 2 2 2 2 9 2 9 2 2 2 2 2 2 2 2 2 2 2 2
left_child=1 5 49 4 27 -1 7 -6 9 10 11 12 -5 14 30 20 17 21 19 -18 -16 -15 -17 -20 -19 54 28 46 29 -11 32 -32 -10 -29 -27 -8 37 -37 -3 41 42 -40 43 59 58 -7 -4 -28 -13 60 -49 -30 55 -54 -12 56 57 -47 -44 -41 -2 -62
right_child=2 38 3 8 6 45 35 -9 13 26 25 48 -14 16 15 22 18 24 23 -21 -22 -23 -24 -25 -26 34 47 33 51 -31 31 -33 -34 -35 -36 36 -38 -39 39 40 -42 -43 44 -45 -46 52 -48 50 -50 -51 -52 -53 53 -55 -56 -57 -58 -59 -60 -61 61 -63
leaf_value=-0.00048046703035701247 0.0049778737377533912 0.0016609863354706046 -0.013244644322414963 0.0002822879824288305 -0.0017031338967821942 0.010423252131290878 0.021586201317717088 0.014743291403326975 -0.0015825384163129065 -0.02515512902451519 -0.00017514472097838741 0.00030385063703434746 0.011061920054338059 -0.0060975362517167401 0.0039216193799273937 -0.0037041690079184508 0.00063275707837295858 -0.0040992831644924453 0.00040851664038277506 -0.0038006424928685558 0.018384710877546017 0.00057642744479567969 2.6558622910843876e-05 0.004352347881542362 -0.00085284825119709699 -4.4778628690403391e-05 -0.00055097317958852641 0.0073528411579817377 0.00072715631860709173 -0.0092488985916313726 -0.00061114241784523406 -0.010352997144719246 -0.018269626047793516 -0.0010783847333702302 -0.014032231650592177 0.0018278372201612882 0.020230379040594861 -0.011406979383479522 -0.0053927378400777772 0.0067203272142786876 -0.00077269988325185952 -0.001850487078903973 0.0026197449106272089 0.012325596261586759 -0.0066488682882543176 -0.014970410281787295 0.0011524577112020152 0.001029750473204194 0.021967436077354876 -0.0033109574947951929 0.00049187167170549055 -0.0093463743284645465 0.0064289470529818593 -0.018061328596314718 0.01167257227173143 0.013239984108774356 -0.0053515115502702111 0.0094005174111174705 -0.011293035269789052 -0.003431979686958431 -0.0093685694418242146 8.3025960854460354e-05
leaf_weight=612 45 131 156 520 152 118 92 59 166 50 112 41 445 573 282 425 821 1484 12716 933 178 3118 2919 1760 1508 102 1186 105 153 65 397 435 272 301 79 209 231 46 106 164 1847 279 157 73 82 56 44 63 149 326 618 83 49 49 57 108 136 373 48 55 68 160
leaf_count=612 45 131 156 520 152 118 92 59 166 50 112 41 445 573 282 425 821 1484 12716 933 178 3118 2919 1760 1508 102 1186 105 153 65 397 435 272 301 79 209 231 46 106 164 1847 279 157 73 82 56 44 63 149 326 618 83 49 49 57 108 136 373 48 55 68 160
internal_value=-0.000239862 -0.00223445 2.3729e-05 0.0001374 0.00402135 0.00201853 0.009199 0.00113122 -3.46784e-05 0.00199571 0.00584158 0.00818182 0.0061658 -0.00030539 -0.00204966 0.000760357 8.07402e-05 -0.00212909 0.000991379 -0.00311791 0.0117021 0.000229668 -0.000775194 0.00149109 -0.00502998 -0.00171429 -0.000628366 -0.00275974 -0.0067867 -0.0156 -0.0103906 -0.00805288 -0.0150685 0.000738916 -0.00856354 0.0120748 0.0102881 0.00411765 -0.00440379 -0.00485592 -0.00381773 -0.0110127 0.000764007 0.00529801 -0.00387205 0.00494994 -0.01 0.000559403 0.0184211 -0.00615764 0.00383502 -0.00203252 0.0035668 -0.00612245 0.0056213 0.00497771 0.00327434 0.00687646 0.000243902 0.00159817 -0.00123675 -0.00394737
internal_weight=38147 4443 33704 33105 1395 1501 789 211 31710 3723 1505 1155 965 27987 5074 3804 22913 6683 16230 1754 460 3691 3344 14476 2992 350 2218 606 351 115 1270 832 438 406 181 578 486 255 2942 2811 2426 385 579 292 287 889 200 1867 190 599 681 236 771 98 169 673 565 429 205 219 273 228
internal_count=38147 4443 33704 33105 1395 1501 789 211 31710 3723 1505 1155 965 27987 5074 3804 22913 6683 16230 1754 460 3691 3344 14476 2992 350 2218 606 351 115 1270 832 438 406 181 578 486 255 2942 2811 2426 385 579 292 287 889 200 1867 190 599 681 236 771 98 169 673 565 429 205 219 273 228
cat_boundaries=0 6 13 20 27 29 35 40 46 53 59 65 71 77 83 89 94 101 107 113 115 122 124 130 137 143 149 153 159 161
cat_threshold=68423848 132224 2189460616 1476395009 2839560320 20973576 268959744 525368 134218240 1073750088 34 604307472 33 27262977 285474824 67117056 3171328 8389121 35652608 16 2214927896 4237316 131203 8388612 1076625408 2148565120 4 3019967169 28656778 266280 0 2147516544 268435456 553664640 4196352 66576 0 131073 0 786432 2424521728 2164306464 1074286608 8388866 8423424 115265 131072 2098176 516 1073873120 16418 262160 129 16384 2164301824 4112 0 8390656 81920 539492357 107495504 197188 33832960 1343103250 2621440 1207959554 1048576 2097152 2064 33555528 1052672 1207961600 135266309 136325152 2214661140 33556041 42996994 663552 9438256 2290090496 67240458 9216 344014864 536879108 1573921 151011840 1073742402 4 536887296 536911891 576716864 1048576 589299744 268697622 0 0 0 4096 25602 67108884 1 1073741824 4 2099232 66560 33555529 33554434 268435456 131120 536870912 67108864 9216 268435456 8520449 8 8224 0 0 4112 1056 65552 128 33554436 18875392 1 8388608 0 2113552 0 8388608 12300 75497472 2147483652 67108992 0 33024 128 266240 0 32896 1207959552 671088640 4196352 262272 0 128 0 134217728 16779264 0 0 0 131120 276825088 4128 540672 8388610 8390656 114752 167805104 2101384
is_linear=0
shrinkage=0.05


Tree=114
num_leaves=63
num_cat=38
split_feature=4 2 11 2 1 4 4 1 3 4 1 1 1 3 1 1 1 3 4 1 4 4 0 11 3 2 7 2 4 1 2 1 0 3 0 10 1 11 0 3 3 2 4 1 11 7 1 5 0 11 7 0 3 0 11 0 3 0 11 10 11 11
split_gain=7.855 21.2341 7.29897 40.7559 8.20932 13.1166 11.4419 8.58982 7.4752 7.24278 43.5185 21.6951 12.7955 14.9165 8.18918 8.074 8.00877 17.4031 14.404 32.0807 11.9642 10.7414 7.9661 7.85087 7.53859 6.89183 6.64746 6.37374 5.96301 9.86129 9.06762 5.88547 5.84791 5.49257 5.48002 5.43804 5.36898 5.27946 5.17656 5.12603 5.05908 5.04808 4.86444 4.8562 4.69919 4.3639 4.2631 4.25003 3.66504 3.44695 4.95023 3.3374 3.27173 3.25893 4.50283 2.79036 2.76863 2.66785 2.60697 5.59117 2.57341 2.49458
threshold=0 1 2.5000000000000004 2 3 4 5 6 7 8 9 10 11 12 13 14 15 16 17 18 19 20 2.2665684557909516 8.5000000000000018 21 22 4.5000000000000009 23 24 25 26 27 1.6964431704943164 28 1.8643261645661682 1.0000000180025095e-35 29 16.500000000000004 1.3967155620934164 30 31 32 33 34 16.500000000000004 3.5000000000000004 35 2.5000000000000004 1.8812182706709331 1.0000000180025095e-35 4.5000000000000009 1.543436208953634 36 1.8169721833235888 14.500000000000002 1.7784882159872304 37 1.507016454225546 1.0000000180025095e-35 1.0000000180025095e-35 17.500000000000004 9.5000000000000018
decision_type=9 9 2 9 9 9 9 9 9 9 9 9 9 9 9 9 9 9 9 9 9 9 2 2 9 9 2 9 9 9 9 9 2 9 2 2 9 2 2 9 9 9 9 9 2 2 9 2 2 2 2 2 9 2 2 2 9 2 2 2 2 2
left_child=1 31 3 25 5 7 51 45 34 10 15 24 13 22 -15 23 17 36 19 -18 -19 -20 42 -6 37 57 -17 -3 29 -13 -30 -1 -28 -25 -5 48 -14 -12 60 -16 44 -10 -11 -26 55 -4 56 58 -9 -43 -51 -7 -48 54 -42 -33 -40 -2 -27 -60 -8 -29
right_child=2 27 4 8 9 6 38 35 41 12 11 28 16 14 39 26 18 20 21 -21 -22 -23 -24 33 43 47 32 61 30 -31 -32 40 -34 -35 -36 -37 -38 -39 46 -41 53 49 -44 -45 -46 -47 52 -49 -50 50 -52 -53 -54 -55 -56 -57 -58 -59 59 -61 -62 -63
leaf_value=-0.00133270444493995 -0.0089194666167335956 -0.013125809564668757 -0.0033062574293282912 -0.0034086468947509552 -0.010794174732291674 0.0059235961246621978 -0.0027600673770802778 -0.008836566336885749 0.022321483940397926 -0.00075900949280794945 -0.014376112239986472 0.0024174104587399272 0.00014982799762006672 -0.012118891915616398 -0.0094719339293975139 0.018006946866564674 -0.015187143765147432 0.00045171470423470699 0.0021750918073763061 -0.0004654563238775056 0.0060908310905517073 -0.00019589597588638431 -0.00053621044802718563 0.011099712874658763 0.0024481531578950445 -0.0010805387024450219 -0.00082723127634876104 -0.015268370322163057 0.010281235509882421 -0.0016749900751277247 -0.00012498171005657089 0.036972579455990709 0.013078594098798647 0.0013628880107829423 0.018102368851302265 -0.01088296334595581 -0.0022648926913671932 -0.027048926741596691 -0.00019466454730339146 -0.00098224067673133861 0.0021770836104858526 0.006651421351964404 0.0019576029165893185 -0.006468452628609205 0.0011529354696536488 0.012298900577268197 -0.0017571510272232694 -0.02237752351152349 0.0088568602464738962 0.027287748797577411 0.0024925360776572925 0.014945743816255864 0.00059941547233557382 0.0077055358043573666 -0.0010304923918247999 0.032348898431098248 0.0062586686637843619 -0.018305362168943663 0.0177422279847421 -0.0035479464712763198 0.0030751685094506211 -0.001280441166992663
leaf_weight=102 57 120 64 63 53 44 142 76 105 2087 150 446 315 204 104 370 448 5216 856 1508 757 15598 47 127 104 89 46 72 221 692 299 42 60 275 47 173 1063 66 119 367 72 159 380 259 41 66 248 43 53 74 78 65 2683 79 69 40 461 67 40 57 52 267
leaf_count=102 57 120 64 63 53 44 142 76 105 2087 150 446 315 204 104 370 448 5216 856 1508 757 15598 47 127 104 89 46 72 221 692 299 42 60 275 47 173 1063 66 119 367 72 159 380 259 41 66 248 43 53 74 78 65 2683 79 69 40 461 67 40 57 52 267
internal_value=-0.000234619 -0.004814 -0.000122138 0.00437998 -0.000230998 0.00183271 0.00277197 -0.00633484 0.0130597 -0.000504233 0.00176211 -0.00202492 -0.000752762 -0.00373554 -0.010292 0.0107864 -0.000382213 0.00101209 -0.000939197 -0.00498474 0.00218118 -0.000455539 -0.00194136 0.00569892 -0.0102716 -0.00867769 0.0154321 -0.0122601 0.000899281 -0.0011324 0.00528302 0.00296703 0.00471698 0.00820896 0.000833333 -0.0108974 -0.00403458 -0.0176991 0.00227456 -0.00634096 0.00609065 0.0161972 -0.0015606 -0.00549598 0.0139098 0.00428571 0.00272002 -0.00313808 -0.00348837 0.0119938 0.0177632 0.0180672 0.00192112 0.00130435 -0.00319149 0.0219512 0.00661017 -0.0179104 0 0.0056701 -0.0056701 -0.00816619
internal_weight=38147 904 37243 879 36364 4246 3814 432 526 32118 3168 2237 28950 3189 675 931 25761 7351 18410 1956 5973 16454 2514 455 579 353 476 459 1658 1138 520 445 106 402 110 302 1378 216 3705 471 343 416 2467 363 123 130 3511 229 129 311 152 109 2931 220 141 82 580 124 186 97 194 339
internal_count=38147 904 37243 879 36364 4246 3814 432 526 32118 3168 2237 28950 3189 675 931 25761 7351 18410 1956 5973 16454 2514 455 579 353 476 459 1658 1138 520 445 106 402 110 302 1378 216 3705 471 343 416 2467 363 123 130 3511 229 129 311 152 109 2931 220 141 82 580 124 186 97 194 339
cat_boundaries=0 7 9 11 17 23 30 35 38 44 50 56 62 65 71 76 82 85 92 98 105 112 114 116 118 124 130 132 138 140 145 147 149 151 158 164 170 172 174
cat_threshold=545259777 361496576 344457222 26112 10485780 33555456 4 2561703997 23663264 1074168116 7478406 33554466 36221492 84414464 8392864 2181103620 1294912 16388 4194320 2684354560 67108866 0 268697600 0 1024 512 0 17408 256 1 0 33554448 4096 4096 33554436 8486912 16385 8 2501923380 4325428 16924800 143654916 1611137024 2955149312 161480785 1610613888 273694848 637665292 151261186 17039616 1074341120 4210752 2097928 2284601344 268566824 33554436 10616896 1610613888 2181070976 68288780 1229219968 17302785 279347206 673726468 11 2228288 1024 128 67108872 0 16778240 25165825 1024 272629760 536870912 134217728 72704 4213056 2425093 2301378560 814350352 102760452 2156396994 2149056582 2 1032 1081353 8705 1073743938 270851 67108992 1 1074028816 201326592 12730944 301989952 4106 4194304 524288 0 2818572288 67113016 64 75563024 128 206848 2048 2147483648 2147483648 32 16400 16 150994946 2147483649 1073873184 2176 67183234 16384 2147500052 4325376 16384 1048580 1610612736 270794752 537919488 92274688 142737440 66 71827456 528514 472907776 2107400 1 0 2099200 1 0 68157440 128 2147483648 3072 4194304 256 2283798528 545259520 2281709825 32768 4196352 1 2484077056 8454144 0 0 134217728 1073877032 0 8454144 32 8192 0 0 16384 268435720 33554432 0 8736 0 8388736 4 131072 67371332 2281701376 2686976 536887296
is_linear=0
shrinkage=0.05


Tree=115
num_leaves=63
num_cat=27
split_feature=4 1 2 3 9 1 4 1 11 2 9 9 4 1 1 0 1 4 2 4 1 1 1 4 4 11 7 4 1 9 0 0 1 9 5 11 11 9 9 1 3 0 11 11 11 4 2 9 9 0 11 7 0 7 11 0 0 9 0 0 9 0
split_gain=9.36238 19.811 9.0124 7.11758 6.90271 6.71022 23.0834 10.1268 8.13068 31.2763 10.5587 10.5179 7.7101 14.7072 9.0009 7.24748 6.47892 16.2162 13.2088 8.3599 52.1525 11.7097 9.0413 16.7958 9.36238 7.94376 6.43121 6.0932 12.079 10.6114 5.22562 5.13979 5.01682 5.24206 4.68123 4.2503 4.09927 4.17556 3.98724 3.96343 3.89082 3.86576 3.73914 3.71568 4.60239 3.60874 4.17781 7.81409 2.61358 2.4174 2.40618 2.40085 2.28746 2.13828 2.09336 1.97383 1.92251 2.63349 2.61158 1.87113 3.94521 1.62763
threshold=0 1 2 3 7.5000000000000009 4 5 6 2.5000000000000004 7 6.5000000000000009 8.5000000000000018 8 9 10 1.7258886956538388 11 12 13 14 15 16 17 18 19 12.500000000000002 1.5000000000000002 20 21 10.500000000000002 1.8030376555807852 1.5159787241126848 22 4.5000000000000009 2.5000000000000004 14.500000000000002 12.500000000000002 11.500000000000002 6.5000000000000009 23 24 1.5570129483767914 15.500000000000002 16.500000000000004 11.500000000000002 25 26 6.5000000000000009 9.5000000000000018 1.8086580109535582 1.0000000180025095e-35 4.5000000000000009 1.7422081701169054 3.5000000000000004 9.5000000000000018 1.9308411174976294 1.3753045791400764 9.5000000000000018 1.5716603543580625 1.7641375693203727 7.5000000000000009 1.8362302630731422
decision_type=9 9 9 9 2 9 9 9 2 9 2 2 9 9 9 2 9 9 9 9 9 9 9 9 9 2 2 9 9 2 2 2 9 2 2 2 2 2 2 9 9 2 2 2 2 9 9 2 2 2 2 2 2 2 2 2 2 2 2 2 2 2
left_child=1 4 -3 49 35 6 7 15 9 10 51 40 13 43 34 -5 17 18 42 20 25 -22 23 -21 -24 -18 -20 28 -19 -29 54 -13 41 -34 52 -1 39 -38 -32 -16 53 -15 -10 44 -8 56 47 -47 -12 -2 -33 -7 -14 -11 -9 -51 -4 58 -58 -48 -61 -60
right_child=3 2 45 5 -6 8 12 30 16 11 48 31 14 32 36 -17 19 27 26 22 21 -23 24 -25 -26 -27 -28 29 -30 -31 38 50 33 -35 -36 -37 37 -39 -40 -41 -42 -43 -44 -45 -46 46 59 -49 -50 55 -52 -53 -54 -55 -56 -57 57 -59 61 60 -62 -63
leaf_value=-0.00075036940270234442 0.02727065713268835 -0.0050968207182133605 -0.0040798363913736148 -0.010592275238707316 0.015936384713727509 -0.0080384219101487416 -0.00097164510473406467 -0.0012370431765003189 0.010789449990075653 0.02712181772464526 0.001566338541380996 -0.014654241694028292 0.0042845847392841202 0.0003424750166935109 0.0036303591640054755 -0.019164721420262442 0.0032333122532085925 0.00036297699944400357 -0.013729905267956933 0.0022324569445841269 0.00061217487993869282 -0.0019638848710435311 -0.000163906677731529 -0.00016302139586004685 -0.0010224843659578876 0.012096170206367107 -0.0043657966840043305 6.5620226912943566e-05 0.011669434957128367 0.0072995440678261031 -0.00094245142959865642 0.0013411592877350055 -0.0026662812903765934 0.0010960601403092296 -0.0070919215123498415 0.0073433829779818273 -0.0027609072934261683 -0.016921445576696115 0.008771659621659867 -0.0010465912857555938 0.007741622065692697 0.016349853878592814 -0.0021551725458487381 0.00013397963377055345 -0.0089111279718221865 0.016174202265966643 -0.00059306943879727239 -0.0017254646908104966 -0.002939362742868901 -0.00087222733296806745 0.024045159051471976 -0.018779493945903659 -6.2805305424751265e-05 0.017937259340941519 -0.010772325227816569 0.018704798313071015 0.0020695121941337381 -0.0053645342499728139 -0.010664928989740086 -0.0063247761570690902 -0.0011626495957142158 -0.00023531518683433256
leaf_weight=77 71 104 61 46 86 72 85 45 124 83 61 49 380 57 115 64 376 510 151 1839 1048 1169 13129 6436 4464 561 292 2030 418 427 71 73 80 259 60 44 566 69 53 343 193 176 101 86 67 43 162 59 63 44 84 45 333 60 168 43 52 67 53 73 73 54
leaf_count=77 71 104 61 46 86 72 85 45 124 83 61 49 380 57 115 64 376 510 151 1839 1048 1169 13129 6436 4464 561 292 2030 418 427 71 73 80 259 60 44 566 69 53 343 193 176 101 86 67 43 162 59 63 44 84 45 333 60 168 43 52 67 53 73 73 54
internal_value=-0.000279183 -0.00500982 -0.00856967 -0.000149398 0.00852535 -0.000195994 -0.00240983 -0.0128009 8.85792e-06 0.0050447 -0.00976096 0.0115942 -0.000632911 0.00341463 -0.00239872 -0.0258333 -0.000110355 0.00175978 -0.00530973 -0.000372003 0.00205436 -0.00213291 -0.000668522 0.000694025 -0.00130944 0.0118796 -0.0102649 0.00316642 0.00660981 0.00184435 -0.00792507 0.00291262 0.00773196 0.00358166 0.00172414 0.00123967 -0.00530372 -0.00795276 0 -0.00174672 0.0172619 0.0133745 0.00446809 -0.00685484 -0.0118421 -0.0062942 -0.00309524 0.00535714 0 0.010119 0.00732484 -0.0209402 0.00287518 0.0238562 -0.0129108 0.00517241 -0.0106061 -0.00884956 -0.00534591 -0.00597484 -0.010274 -0.00981308
internal_weight=38147 1008 801 37139 207 36981 3123 447 33858 783 241 542 2676 810 1866 110 33075 4053 668 29022 3154 2217 25868 8275 17593 937 443 3385 928 2457 337 206 572 339 773 121 1093 635 124 458 336 233 225 238 152 697 410 102 124 158 157 117 713 143 213 87 287 226 159 308 146 107
internal_count=38147 1008 801 37139 207 36981 3123 447 33858 783 241 542 2676 810 1866 110 33075 4053 668 29022 3154 2217 25868 8275 17593 937 443 3385 928 2457 337 206 572 339 773 121 1093 635 124 458 336 233 225 238 152 697 410 102 124 158 157 117 713 143 213 87 287 226 159 308 146 107
cat_boundaries=0 7 13 15 17 23 30 34 36 42 48 54 60 67 69 76 82 88 94 101 108 115 121 126 127 129 135 137
cat_threshold=2694840640 294387968 277372928 2281726976 10747908 34604288 4 8208 16 270549504 2097220 2097232 1048576 134390272 132096 16777216 4198400 75632776 1073874432 2181070848 1476395036 694468736 4203528 131072 67239936 2147483648 192 17472 276824064 160 75501568 0 0 134217732 1074167812 5250180 4104 1056 512 1140981786 34 262160 131072 512 32768 268435456 541065344 1024 135168 512 33587200 1342177284 675315840 1024 2162978 37259300 83955969 9441408 33554436 3377664 155648 131072 2281701376 1073741888 4202592 268713984 32 132352 655488 268660256 67248133 2147483778 13631556 4718688 2418032768 32 1493713424 608174224 282083372 67108865 524576 16793602 1343493 134234368 134272 553651200 67113034 76025984 8192 2172678208 136708096 2183544930 1082205201 100925504 4104 5242912 134217728 4224 24577 8421376 128 786452 3088 150994944 537002040 536912384 545587220 17 524288 1040 536871428 67239938 17410 0 129 2 36208644 67112961 8388608 0 2164736 67112968 1073741824 0 134217756 134217728 75497600 131072 1075838976 536870912 16777472 16384 8192 10747908 33554688 33554436 2117632
is_linear=0
shrinkage=0.05


Tree=116
num_leaves=63
num_cat=34
split_feature=4 1 1 3 0 6 4 4 1 1 4 9 1 7 1 4 11 1 9 6 6 3 11 11 0 11 1 7 1 1 4 1 1 4 1 3 4 1 1 1 4 1 0 1 6 11 6 0 11 6 1 11 4 0 9 6 11 10 4 6 3 6
split_gain=8.49114 11.0638 7.05385 17.5107 11.3568 9.59608 8.96944 7.85901 31.5866 14.4483 9.09184 8.76961 10.3401 10.1712 8.51612 9.14564 8.18161 11.7879 8.07059 7.29293 7.13268 7.06405 7.37704 7.02467 6.96944 6.73932 15.5685 6.0839 33.9028 24.7977 17.1025 31.2718 22.4744 15.9735 14.9682 13.1027 12.4209 16.9917 14.5905 10.1643 7.54778 6.06865 6.03251 5.96654 5.78923 6.29106 5.57449 5.53077 5.52204 18.1512 10.0679 5.4 4.78985 5.12291 4.73502 4.72248 6.74363 4.47854 4.35457 5.64389 4.30132 4.12217
threshold=0 1 2 3 2.0955774491224504 340.50000000000006 4 5 6 7 8 8.5000000000000018 9 2.5000000000000004 10 11 11.500000000000002 12 4.5000000000000009 122.50000000000001 142.50000000000003 13 15.500000000000002 1.0000000180025095e-35 1.5716603543580625 11.500000000000002 14 2.5000000000000004 15 16 17 18 19 20 21 22 23 24 25 26 27 28 2.5551327228518281 29 396.50000000000006 19.500000000000004 223.50000000000003 1.827403222628935 10.500000000000002 172.50000000000003 30 12.500000000000002 31 1.7438729929818004 3.5000000000000004 72.500000000000014 14.500000000000002 1.0000000180025095e-35 32 334.50000000000006 33 318.50000000000006
decision_type=9 9 9 9 2 2 9 9 9 9 9 2 9 2 9 9 2 9 2 2 2 9 2 2 2 2 9 2 9 9 9 9 9 9 9 9 9 9 9 9 9 9 2 9 2 2 2 2 2 2 9 2 9 2 2 2 2 2 9 2 9 2
left_child=1 58 3 4 5 54 46 8 18 11 41 12 -10 -14 15 16 17 57 55 -6 -19 48 -23 -8 -13 47 -27 28 33 35 32 -32 -31 39 -35 -29 37 -30 -38 -16 -37 -11 44 -18 60 -46 -5 -12 49 -17 -50 -26 -3 -54 -2 56 -4 -9 59 -1 -25 -24
right_child=2 52 7 6 19 -7 23 14 9 10 25 24 13 -15 27 21 43 20 -20 -21 -22 22 61 42 51 26 -28 29 36 30 31 -33 -34 34 -36 40 38 -39 -40 -41 -42 -43 -44 -45 45 -47 -48 -49 50 -51 -52 -53 53 -55 -56 -57 -58 -59 -60 -61 -62 -63
leaf_value=0.0023529979239557382 0.00065616055438712522 -0.00057229460420162861 -0.010720355142031868 0.00091375751614113381 -0.0060788224903156165 -0.024151767634403853 0.0038820584859104116 0.021241434837933993 0.013850022272692941 0.010798270085203655 0.0026629955445873657 -0.019790836498830372 0.0017661928176494841 -0.0083592593211716578 -0.0027416769049520731 -0.010032375309875453 0.0014615354885834653 -0.003265471462831382 0.013025077930105806 0.020534959953488696 0.0042408251370108733 -0.0029911050492465621 -0.0037009270940188857 -0.00089477871430440061 -0.020159677198303277 -0.0042617580368411127 0.001504763114692312 -0.0025099930279561589 0.0089785477975222409 0.0044069302828836036 -0.0066022063789542345 -0.00023496550789208761 -0.00035412102307686989 0.01159395906703764 -0.0022087855540614933 0.0036210833557938473 0.0027923235866800181 -0.0055827111782831536 -6.1871375711786136e-05 -0.0092495941514883495 0.00090686905544975496 -0.0023113220797045587 0.00058538844003339638 -0.0031899857168426085 0.0067345479712348335 -0.0061226348170068008 0.026864490933464148 -4.9252838452940041e-05 -0.012102618395447974 0.016759184504313056 0.00054617562863067961 -0.00091099096790207834 -0.0010090787492921776 -0.0058783644552477983 -0.0060552410361370441 0.0029347941645279044 0.0048308369793373836 0.0050364330331475193 0.0034874404946181161 -0.0088380042306312606 0.00038486088217786212 -0.024511985157808686
leaf_weight=84 62 546 58 137 49 55 71 111 119 100 288 62 96 122 565 279 352 168 474 50 99 376 131 892 40 110 512 240 218 1792 1115 3818 3573 233 1582 1485 2298 626 5499 909 1886 646 71 550 318 49 90 99 220 80 614 80 262 145 203 102 41 104 206 58 2879 48
leaf_count=84 62 546 58 137 49 55 71 111 119 100 288 62 96 122 565 279 352 168 474 50 99 376 131 892 40 110 512 240 218 1792 1115 3818 3573 233 1582 1485 2298 626 5499 909 1886 646 71 550 318 49 90 99 220 80 614 80 262 145 203 102 41 104 206 58 2879 48
internal_value=-0.000279183 -0.00423341 -0.000138376 0.00162075 -0.00804196 -0.0128125 0.00253487 -0.000410272 0.00204461 -0.000788091 0.0013881 -0.00803403 -0.00341246 -0.00964912 -0.000660778 -0.00311903 -7.1736e-05 0.00518672 0.0114599 0.00656566 -0.00198556 -0.00551763 -0.010177 0.00200466 -0.017033 0.00446516 0.00128617 -0.000361716 -0.00119028 0.000348695 -0.000902212 -0.00302448 0.00105116 -0.00550167 -0.00232877 0.00390776 0.000456595 -0.00526932 0.00108236 -0.00936658 0.00471754 -0.00277778 0.00174626 -0.00288248 0.00149831 0.00749319 0.0120253 0.00968992 -0.00328346 -0.00849582 -0.00107914 -0.01 -0.00700935 -0.0111511 -0.00886792 0.00323383 -0.00454545 0.0135556 0.00335196 -0.00328947 0.000914877 -0.0187151
internal_weight=38147 1301 36846 4926 419 320 4507 31920 2949 2274 1755 519 337 218 28971 3132 1384 482 675 99 267 1748 555 4280 182 1009 622 25839 11930 13909 10298 4933 5365 3289 1815 3611 8641 844 7797 1474 3371 746 4209 902 4138 367 227 387 1193 359 834 120 953 407 265 201 99 215 348 142 3771 179
internal_count=38147 1301 36846 4926 419 320 4507 31920 2949 2274 1755 519 337 218 28971 3132 1384 482 675 99 267 1748 555 4280 182 1009 622 25839 11930 13909 10298 4933 5365 3289 1815 3611 8641 844 7797 1474 3371 746 4209 902 4138 367 227 387 1193 359 834 120 953 407 265 201 99 215 348 142 3771 179
cat_boundaries=0 7 13 19 21 28 34 40 46 52 57 63 70 75 77 82 88 94 101 107 113 120 126 128 135 141 147 153 160 165 170 175 181 187 190
cat_threshold=545259776 355205376 277364736 2283824130 8912917 33555712 4 26222736 0 4456960 538970176 80 34607104 1082130466 539545665 1091043584 9502848 42598400 1296912 2348818445 1610612736 0 1049600 536870912 1073741824 16386 32784 1 352324141 4327429 2164269058 612368388 1075839008 2150367248 67633216 1111490688 2290108936 67240006 134221868 41943427 1048852 272 3276800 318783488 268435521 2883584 16777216 4327424 2147483648 8388608 1073741824 262144 0 0 3276800 16384 64 339742920 1073873028 2323677704 131096 1633964040 8 8192 9437184 134218244 168 2 335560704 129 128 1073741952 134218240 131088 4096 278925314 2097160 0 0 268435456 2097152 67109120 34628096 192938528 7200 1141637125 240 81801218 34619392 159384096 67116080 120340484 8400 73666562 676864 8389632 603979780 1073877088 536912384 604028928 129 2722816 2147486720 73797 134223938 67174432 16777541 2829313 2147483904 2170949 2147489792 67108897 16777541 143360 1040 671088644 248 2 536903680 1 1064960 0 0 0 96 8192 268439939 1074266116 540672 9445376 536870916 1073744000 262146 49280 1 555745280 0 273817601 33554432 67108864 524416 363797 2215651344 67436613 134217794 268503812 1025 0 16777760 6144 1074528261 144 4194306 4096 16 134217728 152 4194306 612433920 33 0 0 268435460 0 71303168 4104 4 2281701888 8 4194312 67109056 0 32768 24 21233664 545259520 69206272 276824064 0 8912896 1280 536870912 67109120 0 2 524288 1024 9437312 2290089985 10
is_linear=0
shrinkage=0.05


Tree=117
num_leaves=63
num_cat=33
split_feature=4 1 2 3 1 3 1 4 0 4 2 1 6 6 4 0 0 1 4 2 4 1 11 1 11 3 1 1 11 3 3 4 1 0 10 9 1 4 9 11 10 3 10 6 11 3 2 3 6 6 11 11 9 0 0 4 11 6 2 6 6 7
split_gain=9.60337 15.4195 9.27065 8.67676 7.51112 13.0152 15.7079 8.9209 8.34215 7.98664 9.34745 8.4323 7.52295 7.4167 6.26021 6.11638 5.94532 20.0368 10.4553 10.7033 9.74185 14.1032 12.4172 12.3025 9.50351 9.47641 13.5608 10.6835 9.03325 8.68863 7.93151 7.81702 10.9815 10.4296 6.97965 6.85333 6.84207 11.9836 8.75496 6.17157 6.02014 5.86646 5.71119 5.4299 5.36118 5.20991 5.15845 5.09691 4.8272 4.61684 4.37633 4.66106 4.13413 4.04762 3.99493 3.95377 5.61988 4.22862 3.4729 3.37279 3.2182 4.6087
threshold=0 1 2 3 4 5 6 7 1.2645060253127032 8 9 10 812.50000000000011 23.500000000000004 11 1.4640224592920343 1.5570129483767914 12 13 14 15 16 8.5000000000000018 17 17.500000000000004 18 19 20 5.5000000000000009 21 22 23 24 1.46987244908157 1.0000000180025095e-35 8.5000000000000018 25 26 3.5000000000000004 17.500000000000004 1.0000000180025095e-35 27 1.0000000180025095e-35 51.500000000000007 9.5000000000000018 28 29 30 13.500000000000002 172.50000000000003 16.500000000000004 11.500000000000002 8.5000000000000018 1.6842779234485057 1.3865557495285075 31 11.500000000000002 71.500000000000014 32 85.500000000000014 219.50000000000003 1.5000000000000002
decision_type=9 9 9 9 9 9 9 9 2 9 9 9 2 2 9 2 2 9 9 9 9 9 2 9 2 9 9 9 2 9 9 9 9 2 2 2 9 9 2 2 2 9 2 2 2 9 9 9 2 2 2 2 2 2 2 9 2 2 9 2 2 2
left_child=1 3 -3 -1 5 6 60 8 -6 11 15 47 42 -12 44 -11 20 25 19 -19 21 22 52 28 45 26 39 35 -22 -30 -24 32 -25 -33 -29 -27 37 -20 -38 -18 -21 -28 43 -13 -4 -23 -44 -7 -49 59 51 53 -9 -51 -26 57 -57 -15 -50 -10 61 -2
right_child=4 2 14 -5 7 9 -8 16 49 10 13 12 -14 55 -16 -17 17 18 36 40 23 24 30 31 54 27 41 34 29 -31 -32 33 -34 -35 -36 -37 38 -39 -40 -41 -42 -43 46 -45 -46 -47 -48 48 58 50 -52 -53 -54 -55 -56 56 -58 -59 -60 -61 -62 -63
leaf_value=0.0067518855157672648 0.00023370695316556891 -0.0057054913962480865 -0.0061656429823246824 -0.00071856888283268201 -0.0032703728199368455 0.0058008237921615803 0.0092789367765630185 -0.01852818424492161 0.00098178703327965185 -0.0016634591514077452 -0.0082037209991360441 0.0046172390948623796 0.018563502507688956 -0.00098619405621186993 -0.00075760073254087516 -0.0076975740193342083 -6.8761782278004e-05 -0.020138188304620275 0.00064228247169206831 -0.0036273400311802153 -0.0083293225268637194 0.0034209338085390731 -0.0019613570916511059 0.0078666367841372428 -0.024125326680558931 0.006531481437219034 0.00020521745200867137 0.0018924817344597501 -0.0066041646677362344 -0.00033413874923210463 -0.0091821854567559879 0.0002717485266444386 0.00020598969634837429 -0.0023668150332486039 0.020766367979782131 -0.001906587897875317 -0.00063544092736032018 -0.001908284569775648 0.00043117432548296365 -0.0069182861352631297 0.000345526090894438 0.013408816403933899 -0.00016225403766941817 -0.00078247417710211045 0.0011546239743761844 -0.0012219913156651997 -0.0084778996674340981 -0.012246929040503113 -0.00029024896547062419 0.020873870612930237 0.015018564760333076 0.00016064094077100632 -0.017151792323424987 0.0063014823352386508 -0.0021369865684248645 0.00078493256747423916 -0.0092009782590939341 0.0013609477629129342 0.0026145962636101418 -0.014479382913979977 0.0019476563700175477 -0.0068214624031188997
leaf_weight=147 59 234 55 181 44 107 581 76 69 122 46 165 41 71 567 283 327 101 2287 123 41 359 391 378 41 221 220 277 385 811 274 3670 1308 2391 295 156 2949 2931 11177 161 209 275 127 412 197 150 404 47 633 60 83 119 44 42 132 71 116 163 528 49 40 124
leaf_count=147 59 234 55 181 44 107 581 76 69 122 46 165 41 71 567 283 327 101 2287 123 41 359 391 378 41 221 220 277 385 811 274 3670 1308 2391 295 156 2949 2931 11177 161 209 275 127 412 197 150 404 47 633 60 83 119 44 42 132 71 116 163 528 49 40 124
internal_value=-0.000271319 -0.00434939 -0.00729069 0.00502959 -0.000116924 -0.00212048 0.00356265 0.000137885 0.00693277 -0.00349671 -0.00759637 -0.00202102 -0.00513374 -0.00262055 -0.00464415 -0.0131325 3.73018e-05 0.000509005 3.28499e-05 -0.00756208 -0.000942494 -0.00470548 -0.00924528 -0.000322437 0.000578035 0.0053553 0.00186304 0.00891554 -0.00493184 -0.0041806 -0.00669173 0.000418976 0.00341981 -0.00042003 0.0132302 0.00219638 0.000206676 -0.00133894 0.000778155 -0.00401606 -0.00292398 0.00762376 -0.00595668 -0.002513 0.0019084 0.0040275 -0.00969868 0.000716981 -0.000246305 0.00924171 0.0125 0.00882353 -0.0241667 0.0166667 -0.00953757 -0.000593824 -0.00583756 0.00368852 0.000387597 0.000847458 -0.00751073 -0.0106557
internal_weight=38147 1381 1053 328 36766 4140 804 32626 466 3336 872 2464 1149 467 819 405 32160 21709 19777 433 10451 1467 785 8984 682 1932 983 949 1237 1196 665 7747 1686 6061 572 377 19344 5218 14126 488 332 495 1108 577 252 509 531 1315 1208 422 304 221 120 102 173 421 187 234 1161 118 223 183
internal_count=38147 1381 1053 328 36766 4140 804 32626 466 3336 872 2464 1149 467 819 405 32160 21709 19777 433 10451 1467 785 8984 682 1932 983 949 1237 1196 665 7747 1686 6061 572 377 19344 5218 14126 488 332 495 1108 577 252 509 531 1315 1208 422 304 221 120 102 173 421 187 234 1161 118 223 183
cat_boundaries=0 7 13 15 17 23 26 32 38 44 46 52 58 64 71 73 79 85 91 94 100 106 108 110 117 123 129 136 138 140 142 144 151 153
cat_threshold=545259776 363593984 277364736 2114562 11026452 34604288 4 26222608 0 140519424 2097216 268435537 34603136 209855104 20740 2147483657 16777233 5247144 1189376 2325775880 0 694444160 4718600 3293872417 8921092 8 4198408 8192 32776 0 671096960 4194304 67111440 10244 131200 5242884 1074036736 2147483776 524300 4195336 671089152 131104 8192 612433920 268478512 8519808 4096 1057280 2292187656 0 671088640 4194304 536870912 2097152 276824064 0 0 1280 8847616 570427424 1342439728 77660464 163860 2147457 16777216 131072 83886592 1207968256 4194305 32768 16 393233 8389632 655360 5243912 2818572292 10312 0 67420164 262145 536870944 5636128 545259552 272 76551168 196864 83886272 16 131088 516 10518660 1074167876 545275904 2 262400 33554464 256 69206016 131072 50176 262144 0 262192 65840 32788 2097153 589892 3223322633 33024 1064960 268529672 131072 0 1207960208 4202595 536870912 1 262144 570425344 1179648 33 0 4096 1040745025 3355443217 133121 1073741836 1073743915 16913152 655368 5242928 134217728 67108936 32 335872004 32 1074003972 16384 303104 545261568 76030208 128 6 2147483657 0 16 0 4240 0 268435456 1 268437536 393344
is_linear=0
shrinkage=0.05


Tree=118
num_leaves=63
num_cat=35
split_feature=4 1 3 1 3 1 7 4 1 9 4 1 1 4 2 1 4 1 9 1 1 3 4 4 4 4 3 1 0 1 7 7 2 3 1 9 0 3 9 7 9 3 9 10 10 1 3 9 9 0 0 7 1 9 9 3 9 7 9 7 0 7
split_gain=8.65998 8.63992 6.26885 6.454 10.0056 9.73473 7.81281 8.58358 14.5401 8.90248 7.73271 37.4869 15.9076 9.71486 9.63076 8.74397 12.9555 11.045 8.92766 41.6626 16.3975 14.8116 14.3578 12.7665 10.5737 8.11936 8.08663 7.30884 7.29351 6.70761 6.35954 5.94959 5.80913 6.30513 5.6661 6.82517 4.52112 4.47062 4.26234 4.18499 4.14047 4.65958 3.98634 3.78182 3.45601 3.38637 9.7006 3.30804 3.26509 3.23517 3.19339 3.11004 3.05516 3.02381 3.01125 2.80796 3.22765 2.69016 3.07434 2.482 2.05255 1.8065
threshold=0 1 2 3 4 5 5.5000000000000009 6 7 6.5000000000000009 8 9 10 11 12 13 14 15 3.5000000000000004 16 17 18 19 20 21 22 23 24 1.8150717702035071 25 3.5000000000000004 2.5000000000000004 26 27 28 8.5000000000000018 1.8523006345561379 29 11.500000000000002 1.5000000000000002 9.5000000000000018 30 10.500000000000002 1.0000000180025095e-35 1.0000000180025095e-35 31 32 8.5000000000000018 7.5000000000000009 1.8086580109535582 1.7730410110839663 3.5000000000000004 33 4.5000000000000009 7.5000000000000009 34 6.5000000000000009 1.5000000000000002 6.5000000000000009 3.5000000000000004 1.8684907299567095 4.5000000000000009
decision_type=9 9 9 9 9 9 2 9 9 2 9 9 9 9 9 9 9 9 2 9 9 9 9 9 9 9 9 9 2 9 2 2 9 9 9 2 2 9 2 2 2 9 2 2 2 9 9 2 2 2 2 2 9 2 2 9 2 2 2 2 2 2
left_child=1 44 -2 4 5 28 7 29 31 -10 11 13 38 43 26 16 17 30 19 23 21 -20 -21 -17 -22 -16 -14 51 57 59 -12 -9 47 -34 35 -15 -30 -29 39 -13 41 53 -31 -5 -1 55 -47 -8 -43 -35 -48 -18 -38 -3 -19 56 -7 58 -4 -6 -57 -36
right_child=2 40 3 10 6 45 32 8 9 -11 15 12 14 34 25 18 27 54 20 22 24 -23 -24 -25 -26 -27 -28 37 36 42 -32 -33 33 49 61 -37 52 -39 -40 -41 -42 48 -44 -45 -46 46 50 -49 -50 -51 -52 -53 -54 -55 -56 60 -58 -59 -60 -61 -62 -63
leaf_value=-0.0003989956498021752 0.017489780016885382 -0.00060802718018113664 -0.015392850354822536 -0.0072768824041894 -0.0013189973350783146 -0.0015636606921514808 -0.015850648727481754 -0.012937013349082399 0.00079523643462829923 0.018923657649142434 -0.0011772841225422882 -0.00010775636944852508 -0.00094274476946034638 0.0011024327810963519 -0.002390544441906917 0.009684915919717707 -0.00079562756190273423 -0.014468204255093198 0.0082101169247191016 0.0018004201120548847 2.2202989513953054e-05 0.00055212411328919853 -0.00082274212810683482 -0.0082786559066559077 -0.0011921216250508127 0.00084868863349860102 -0.020040416549906095 0.0060433361840402655 0.017394725430168779 0.00083521514021674961 0.0096261672305869694 0.0034881505081117317 -0.0074814776644492875 -0.00034410118917775905 0.015753897235406333 0.026032578163317579 -0.0098408746682626183 -0.00018533178655353867 -0.0075127567937301968 0.0025356065312450941 -0.0052010598148170221 -0.00052127047699637166 0.0082375232553903444 0.011381493338892124 0.0064142912399789039 -0.0023547406128900717 0.0065897670273317279 -0.00066727104483970681 0.0066111172818701276 0.011006055030775742 0.0043519903217601906 -0.0029940935580286434 0.0034633736000344918 -0.0053066708525558066 -0.0054468367509508345 0.00028263214537866402 0.0072610714729736577 -0.0073442013797927561 -0.0059664769389082611 0.00026627019826050424 -0.0048756878612535642 0.006225621966685236
leaf_weight=40 147 107 46 77 502 68 69 116 206 277 226 288 135 224 1209 108 415 234 240 1749 11513 5085 2375 1316 3883 388 129 282 42 849 133 113 119 53 233 131 114 1108 96 740 172 211 223 75 81 112 76 65 40 121 169 249 108 109 271 72 44 206 59 220 189 90
leaf_count=40 147 107 46 77 502 68 69 116 206 277 226 288 135 224 1209 108 415 234 240 1749 11513 5085 2375 1316 3883 388 129 282 42 849 133 113 119 53 233 131 114 1108 96 740 172 211 223 75 81 112 76 65 40 121 169 249 108 109 271 72 44 206 59 220 189 90
internal_value=-0.000205783 -0.00545455 -9.76014e-05 -0.000139597 0.00169492 -0.00193916 0.00331295 0.00438947 0.00900277 0.0138945 -0.000375621 0.00173856 -0.000884808 0.0110714 -0.00371459 -0.000652464 -0.00324454 -0.0083524 -0.000363408 -0.00214492 0.000113412 0.00250234 0.000411224 -0.00948396 -0.000714008 -0.00220909 -0.0124088 -0.00106589 -0.00675214 0.00249446 -0.00149051 -0.00146444 -0.0029274 0.00115512 0.0136628 0.00863014 -0.000757576 0.001 0.00379189 0.00476654 -0.0077812 -0.00546039 0.00499076 -0.000617284 0.00648855 0.00189189 0.00531335 -0.0111111 -0.000574713 0.00706522 0.0107843 -0.00534125 -0.0036036 -0.0106195 -0.0131068 -0.00143603 0.00491803 -0.0120579 -0.0185714 -0.00122951 -0.00424354 0.0187688
internal_weight=38147 760 37387 37240 4238 1305 2933 2506 712 483 33002 3815 2985 830 1861 29187 2918 864 26269 5548 20721 5325 4124 1424 15396 1597 264 2054 575 1794 359 229 427 293 678 355 264 1390 1124 1028 639 467 1072 152 121 730 357 134 251 174 245 664 222 216 505 373 112 311 105 722 261 323
internal_count=38147 760 37387 37240 4238 1305 2933 2506 712 483 33002 3815 2985 830 1861 29187 2918 864 26269 5548 20721 5325 4124 1424 15396 1597 264 2054 575 1794 359 229 427 293 678 355 264 1390 1124 1028 639 467 1072 152 121 730 357 134 251 174 245 664 222 216 505 373 112 311 105 722 261 323
cat_boundaries=0 7 13 15 21 24 30 37 43 49 55 61 67 69 75 82 88 94 100 102 108 115 122 128 130 136 142 144 146 152 155 157 163 166 171 174
cat_threshold=536871168 353108224 8929408 3171328 8912916 2182087680 4 16 0 4466688 0 16 524288 16777216 4198400 1346373642 17863200 1091059984 9437216 311099392 1139200 2350162337 1753219079 8 268437504 4096 524544 8388640 310575104 1064960 524296 0 134218240 4144 2 268500992 1 2 16810496 0 8388608 524288 65536 270533225 8521749 16785410 608176132 538968097 805568660 18948816 128 12657800 604112911 4610 8388864 210108417 570949904 268702240 525376 138412088 117476353 268435456 131072 0 0 32 536870916 536879200 1048586 44171456 1073743876 41976960 1074397198 1231045120 17301761 135172 1056 2147483652 135360 4482112 0 128 10616832 1073741824 128 655360 134217728 524544 67138048 746603776 134218240 50353281 67109957 8685570 2684359712 608191552 201457664 50352257 67143745 301130 524418 2147483730 5124 3145736 2281701380 240 262208 8388608 0 4194304 0 0 64 8388608 128 733184 4203552 2818572800 1082265650 64 2179072 128 268435464 8390672 0 67110912 1 268697600 2281701380 8388608 2228224 1073743872 33587328 655360 18890752 256 1346371592 17825824 16793616 0 524288 24576 2129920 131072 8519680 2147483648 144 0 12583936 67108867 4610 8388608 270569472 537395200 2 2751463425 16777217 1077936130 544 0 0 0 73728 262144 142606340 8 0 4096 524288 0 268435456 262145 0 8
is_linear=0
shrinkage=0.05


Tree=119
num_leaves=63
num_cat=35
split_feature=4 2 6 1 4 4 2 1 6 11 6 6 11 6 1 0 1 4 6 9 4 1 4 4 9 1 4 1 4 1 4 4 1 1 1 4 0 6 1 6 1 6 6 4 0 7 6 6 4 1 4 10 1 1 1 11 1 6 6 0 6 9
split_gain=8.22674 13.1668 7.91927 6.22026 25.4246 10.3521 22.1948 7.618 8.3816 8.35773 12.698 12.511 11.9359 14.6101 9.5799 7.5424 7.52989 6.66561 6.50695 6.47143 6.35326 6.32684 15.9431 11.8985 6.52279 37.2939 20.13 12.8067 14.1984 11.9731 15.7665 10.6399 33.6295 20.0183 10.0128 8.7873 8.74923 8.44586 8.03218 6.28225 6.2044 6.82063 6.05942 5.82555 5.72754 5.60511 5.52408 5.56376 5.40997 5.39036 6.32114 5.31441 9.94079 7.21994 5.25885 7.21443 4.67482 10.452 9.56687 4.4599 5.25971 4.20684
threshold=0 1 111.50000000000001 2 3 4 5 6 162.50000000000003 21.500000000000004 182.50000000000003 186.50000000000003 18.500000000000004 221.50000000000003 7 2.0126247855999897 8 9 282.50000000000006 7.5000000000000009 10 11 12 13 3.5000000000000004 14 15 16 17 18 19 20 21 22 23 24 1.9583932916267568 206.50000000000003 25 57.500000000000007 26 68.500000000000014 235.50000000000003 27 1.675692386474688 5.5000000000000009 426.50000000000006 351.50000000000006 28 29 30 1.0000000180025095e-35 31 32 33 9.5000000000000018 34 97.500000000000014 369.50000000000006 1.9068745495269783 223.50000000000003 3.5000000000000004
decision_type=9 9 2 9 9 9 9 9 2 2 2 2 2 2 9 2 9 9 2 2 9 9 9 9 2 9 9 9 9 9 9 9 9 9 9 9 2 2 9 2 9 2 2 9 2 2 2 2 9 9 9 2 9 9 9 2 9 2 2 2 2 2
left_child=1 2 -1 4 7 6 -5 8 15 10 14 -11 13 -12 -9 19 20 45 39 44 61 22 -7 56 25 26 38 28 34 35 -31 32 -29 -33 -26 -27 -28 -30 -23 -19 42 -42 -3 -10 -2 54 47 -4 -43 -8 -51 52 -25 -53 55 -18 57 -24 -58 60 -52 -6
right_child=3 40 46 5 16 21 49 9 43 11 12 -13 -14 -15 -16 -17 17 18 -20 -21 -22 24 23 51 27 29 36 31 37 30 -32 33 -34 -35 -36 -37 -38 -39 -40 -41 41 48 -44 -45 -46 -47 -48 -49 -50 50 59 53 -54 -55 -56 -57 58 -59 -60 -61 -62 -63
leaf_value=0.0021614506195028137 -0.0082163233402191456 -0.0017018875626681293 -0.002661845953173442 -0.003657937016800861 0.00081369554138034379 0.0076345764954430578 -0.00030768752246851383 0.0056730953005429859 0.018513626694398544 -0.00060906900101634917 -0.008693959254703015 0.0015109883753472331 -0.011659837763796303 0.00011799835883188892 -0.00074913083667692564 0.014311398701520584 -0.012979430621679494 -0.0069144808759371464 -0.00052832803634586534 0.0016359977453018872 -4.4769990215542955e-05 0.011378099675166897 -0.021227088443657494 -1.0006834634146422e-05 0.0014238784163102315 0.0086419601221700004 -0.0084787965936952599 -0.0020160928440103769 0.00071362252247408886 0.0052470743609677245 -0.0011489824420466976 0.00075497995719168163 0.0019790554116499103 -0.0015868216736300957 -0.001453031245743075 0.00049723232372802519 -0.020518993531991204 0.0059353318764297676 -0.0020367047048005962 -0.0030063135096998015 -0.00078362624214014522 0.0015504834506855525 -0.00033569714497829752 0.0034948053320291331 0.00017639618134791536 -0.0082585990952971592 0.0057488458029731739 -0.013254435338842886 -7.3586749984583263e-05 9.7487254677630652e-05 0.0054972329605631701 0.007175808856733485 0.0060608506328988735 -0.00033038895776422718 -0.010894116907452556 0.0026345537810381296 0.0004872401923622816 -0.0042543990777010659 -0.011106002404885157 0.015258577583816768 0.016576766118728721 -0.0093845148628166741
leaf_weight=48 81 40 219 307 41 251 108 305 104 55 106 46 70 301 533 79 50 166 90 177 555 230 47 909 924 262 881 2324 3608 439 2987 2120 3723 6234 1477 486 274 1212 228 140 59 227 61 130 87 55 48 41 279 113 257 382 1001 1905 199 201 240 167 105 127 118 108
leaf_count=48 81 40 219 307 41 251 108 305 104 55 106 46 70 301 533 79 50 166 90 177 555 230 47 909 924 262 881 2324 3608 439 2987 2120 3723 6234 1477 486 274 1212 228 140 59 227 61 130 87 55 48 41 279 113 257 382 1001 1905 199 201 240 167 105 127 118 108
internal_value=-0.000247726 -0.00465116 -0.0122951 -0.000125219 -0.00207373 8.967e-05 0.005 0.00158349 0.00598802 -0.000490884 -0.00155894 0.0133663 -0.00807128 -0.00479115 0.00214797 0.00188679 -0.00678019 -0.00982437 -0.0147783 -0.00130435 -0.00280112 -6.78468e-05 0.00156468 0.000902224 -0.000366534 -0.00185761 -0.00828712 3.23744e-05 0.00174941 0.000645315 -0.000611176 -0.000829228 0.000767707 -0.0019847 -0.00138946 0.00633245 -0.0118026 0.00331263 0.000641026 -0.0186275 -0.000443787 0.00165217 -0.0112613 0.0136752 -0.00833333 -0.00572816 -0.0155844 -0.0184615 0.00355731 0.00975443 0.0116 0.0018184 0.00376963 0.000196764 -0.004 0.000957854 -0.00588752 -0.0116071 -0.00211268 0.0140625 0.0116 -0.0116352
internal_weight=38147 1022 356 37125 3679 33446 1030 2074 658 1416 1315 101 477 407 838 424 1605 901 396 345 704 32416 5007 4756 27409 5787 1613 21622 7221 4174 3426 14401 6047 8354 2401 748 1155 4820 458 306 666 565 101 234 168 505 308 260 506 723 615 4197 1910 2287 450 251 559 214 345 502 375 149
internal_count=38147 1022 356 37125 3679 33446 1030 2074 658 1416 1315 101 477 407 838 424 1605 901 396 345 704 32416 5007 4756 27409 5787 1613 21622 7221 4174 3426 14401 6047 8354 2401 748 1155 4820 458 306 666 565 101 234 168 505 308 260 506 723 615 4197 1910 2287 450 251 559 214 345 502 375 149
cat_boundaries=0 6 8 14 21 28 30 36 41 47 53 60 66 72 78 84 91 97 104 110 116 123 129 135 141 147 153 159 163 169 175 181 187 193 199 205
cat_threshold=2684420353 353108224 277348480 137380864 8929297 2182087680 1074242212 20616 112201888 8521728 2189460504 196624 151054848 20973568 524288 2228240 512 135290 2 872677376 1 67372556 8391685 16908288 541065220 1074037248 524416 4 838863488 16779274 10485920 8388608 32768 131072 16779264 2048 101711872 0 0 65536 134218240 100667392 2048 2189427720 16 134225920 16777216 8192 0 134217732 67117056 8256 8454144 0 0 2147483652 128 0 8388608 128 3489669124 67113504 1090535681 9437664 2297984 68493888 131088 32 0 192 4194304 33024 32 131088 2147484160 0 9216 343932928 537004048 138429700 512 3271562249 645923909 41975810 4096 2097152 134217728 4178 64 8404992 128 131088 541081668 407110148 1124093961 1115685957 33588234 675856 7340032 512 144082 4194306 276824064 32 802816 3221749776 536768 67108864 269221888 2244868 0 7471120 4 144 0 8388608 285868080 1056800 2147492352 1082269698 541065248 346112020 32 98305 1074300177 3743936 134219778 2689335344 2752784 98304 34049 3743744 134219778 541327408 2097408 131088 536870912 4194304 33558536 41943105 2 0 0 0 131136 0 335609856 16 4194304 0 2164260865 67108864 33554434 0 16384 139264 536870912 0 67637248 0 16 0 135200 65536 67108864 8388608 135266304 8404992 1024 40960 536870913 0 0 67108864 67633280 1024 0 0 4194304 1073775104 128 268443648 67108864 256 224 2162816 65600 268435456 0 256 1048672 65536 576 11534336 0 0 196608 34816 2048 1073741824 67112960 0 8388704 4096 67108864
is_linear=0
shrinkage=0.05


Tree=120
num_leaves=63
num_cat=29
split_feature=4 2 1 1 1 4 1 9 1 6 11 6 0 4 11 2 9 9 1 1 4 4 1 4 2 1 4 4 4 2 11 4 0 6 6 1 4 4 11 6 6 4 9 6 11 0 6 11 6 11 11 0 11 4 4 11 11 6 9 11 6 11
split_gain=9.86651 14.095 9.78068 7.26446 5.8918 24.21 12.1831 13.0521 11.8272 7.97857 6.67026 6.58427 6.11024 6.08696 7.4424 7.35414 6.0188 5.94224 36.4634 16.0479 17.1462 15.1467 18.0963 11.4056 13.8573 8.74175 11.9721 9.52651 7.43046 12.1317 7.37118 7.01354 6.76063 6.65385 12.6119 6.113 8.0198 5.81251 5.81164 5.7583 5.50253 5.15594 8.14622 5.20798 11.6754 5.07262 4.9907 5.70231 4.66825 5.83057 5.54785 4.61396 4.58733 4.40579 4.32083 7.68378 6.67091 5.11213 5.06495 4.68535 4.3154 4.26219
threshold=0 1 2 3 4 5 6 10.500000000000002 7 499.50000000000006 10.500000000000002 1656.0000000000002 2.0464731606825466 8 8.5000000000000018 9 8.5000000000000018 3.5000000000000004 10 11 12 13 14 15 16 17 18 19 20 21 8.5000000000000018 22 1.8394140422578287 296.50000000000006 235.50000000000003 23 24 25 10.500000000000002 321.50000000000006 585.50000000000011 26 2.5000000000000004 73.500000000000014 20.500000000000004 1.7873786930139812 45.500000000000007 6.5000000000000009 282.50000000000006 15.500000000000002 15.500000000000002 1.8457060876478699 14.500000000000002 27 28 16.500000000000004 12.500000000000002 214.50000000000003 3.5000000000000004 14.500000000000002 72.500000000000014 12.500000000000002
decision_type=9 9 9 9 9 9 9 2 9 2 2 2 2 9 2 9 2 2 9 9 9 9 9 9 9 9 9 9 9 9 2 9 2 2 2 9 9 9 2 2 2 9 2 2 2 2 2 2 2 2 2 2 2 9 9 2 2 2 2 2 2 2
left_child=1 2 -1 52 5 6 39 41 10 13 12 17 16 14 -10 -16 -7 18 30 20 35 -20 31 24 -21 26 -25 -27 29 -22 46 -23 -30 34 -32 36 -19 -24 -26 61 -41 42 -8 -43 -45 -13 -6 -48 50 -50 -12 -44 -3 -4 59 56 58 -58 -56 -5 -52 -2
right_child=4 3 53 54 11 8 7 -9 9 -11 48 45 -14 -15 15 -17 -18 19 21 23 28 22 37 25 38 27 -28 -29 32 -31 33 -33 -34 -35 -36 -37 -38 -39 -40 40 -42 43 51 44 -46 -47 47 -49 49 -51 60 -53 -54 -55 55 -57 57 -59 -60 -61 -62 -63
leaf_value=-0.0018310155332361467 -0.002075652946098433 -0.0014386986939668167 0.0099517845542865975 -0.0020899651381996371 -0.024185799554195631 0.0039805389743912288 0.013467714801194942 0.012491098875341479 0.026384492833123455 -0.01419657172645309 -0.019969406234743328 0.018522006692078829 -0.010274389679207402 -0.0011376405423708074 0.0068757349284054919 -0.0013607369713509955 -0.016961255345204509 0.0032964643645393421 -0.0063651982170361615 -0.0098228937376744659 -0.00029063524269582478 7.8777616114855675e-05 0.0010836566152778726 0.0023217665929300552 0.00051577244691831112 -0.001385701667016781 0.00014485256598072428 7.6626373680821483e-05 -0.00039124085958430754 0.0057734063826897887 -0.005038887996866831 0.004080851528265139 -0.0092076657805490406 -0.016104684981657538 0.0075913697191477341 -0.0085200974675165193 -0.0043967478800955697 -0.0010055848758905028 0.0090801143038987016 0.020546160750023863 -0.012319340013238634 0.0090870135700383443 -0.022261999082137551 0.00015585261667678819 0.00038625922276359638 -0.00056291438971967089 0.0044832850366603337 -0.017068414998060524 0.0076979943805943812 -0.010005384126001826 -0.010903481114393999 0.0056047660201883794 0.0020364252048132524 0.00060463333353821813 -0.0007312204311630266 -0.0053787123836424701 0.0057652435029166837 -0.00097013903792857463 -0.005837166774471725 0.0011660417487170838 -0.00068405380164988656 0.00082953828600961237
leaf_weight=117 504 153 108 80 69 84 44 289 109 90 125 97 40 596 174 456 55 102 232 112 331 507 825 1294 122 2362 4464 12683 1866 460 852 833 514 185 121 345 167 2874 369 136 43 346 87 462 86 69 55 112 46 45 83 40 84 259 53 127 41 77 138 43 140 765
leaf_count=117 504 153 108 80 69 84 44 289 109 90 125 97 40 596 174 456 55 102 232 112 331 507 825 1294 122 2362 4464 12683 1866 460 852 833 514 185 121 345 167 2874 369 136 43 346 87 462 86 69 55 112 46 45 83 40 84 259 53 127 41 77 138 43 140 765
internal_value=-0.000197919 -0.00449612 0.00222672 -0.00856079 -4.74551e-05 0.0015757 0.00458748 0.0079912 -0.00255723 -3.48432e-05 -0.00828025 -0.000293457 -0.00027933 0.00093633 0.00393858 0.00190476 0.00467626 -0.000345304 -0.00167292 5.95451e-06 -0.00299078 0.000236698 0.000821945 0.000536982 0.00725938 0.000338731 0.00199376 -0.000295583 -0.00149324 0.00268414 -0.00883191 0.00577778 -0.00288703 -0.00725389 -0.00560123 -0.0105769 -0.00448029 -0.000984093 0.0108782 0.00137174 0.00977654 0.00549296 -0.00248619 0.00696903 0.0040146 0.00963855 -0.0169492 -0.0122754 -0.0117312 -0.00164835 -0.0143678 -0.00905512 -0.00101215 0.00623342 -0.0116872 -0.0141256 -0.0101942 -0.000847458 -0.0159686 -0.00263158 -0.00964126 0.000197006
internal_weight=38147 1280 484 796 36867 4845 2802 1354 2043 1425 618 32022 179 1335 739 630 139 31856 6665 25191 3785 5271 5039 21406 603 20803 5758 15045 3171 791 1394 1340 2380 1158 973 614 269 3699 491 1448 179 1065 171 894 548 166 236 167 439 91 348 127 237 367 559 436 309 118 191 123 223 1269
internal_count=38147 1280 484 796 36867 4845 2802 1354 2043 1425 618 32022 179 1335 739 630 139 31856 6665 25191 3785 5271 5039 21406 603 20803 5758 15045 3171 791 1394 1340 2380 1158 973 614 269 3699 491 1448 179 1065 171 894 548 166 236 167 439 91 348 127 237 367 559 436 309 118 191 123 223 1269
cat_boundaries=0 7 9 15 21 27 34 40 46 53 55 61 67 74 80 86 92 94 100 107 113 119 121 128 134 141 148 152 159 165
cat_threshold=2701132037 353108256 285212800 1068032 8929285 571474944 4 943325265 3383298 128 0 8192 1 0 67702784 532480 8388608 273940512 2097152 0 2176 269485120 4112 1090585025 1083441444 2822144 34702864 9052160 7341056 536871424 139442 263170 327952 1 64 16 16842945 1074004256 524288 34603520 269485056 4096 256 8388612 4096 33792 8 16 2281701376 4104 0 335544320 32 9011264 8 608311302 209731584 512 50466889 645932037 25165826 8912896 3222937600 2156438552 335544338 2286209024 67764544 16392 2229264 134217732 208 1088 268435712 161 66560 0 536871424 1149239298 0 16404 1082925057 3256909825 2156426272 69206018 402915328 69337412 69664 8398864 8192 545259524 32768 2097168 1073750145 540676 2147489794 88097120 134218244 50337865 662701121 10 24584 1032 2281701380 67108952 9312 33024 1 8404992 6291464 2684354561 134225936 66 2223276288 655360 8 2684355072 67248128 4194336 67371008 402694656 16386 139264 0 0 135304 32 0 128 0 0 2147484672 67108880 2048 67633472 8 0 0 0 0 268435456 128 24584 7471104 4 4304 0 0 128 131072 2097152 0 131072 0 32 16777216 1048576 0 33554432 4 16777220 524288 0 0 8388609 1024
is_linear=0
shrinkage=0.05


Tree=121
num_leaves=63
num_cat=40
split_feature=1 3 3 1 1 9 11 0 11 2 3 9 6 3 7 1 1 3 3 1 3 1 1 7 1 3 1 3 3 1 1 3 1 1 0 1 1 1 2 1 11 6 11 2 6 6 9 0 1 10 1 3 11 6 6 9 6 3 1 2 1 1
split_gain=6.55316 15.0862 7.77812 11.2995 9.94179 9.9782 8.26926 8.20512 7.47139 12.7113 7.30717 6.73558 6.44485 6.67952 6.29599 34.6377 15.712 19.3165 14.7872 12.731 19.4599 12.7634 10.744 9.78203 35.2829 28.8078 19.0554 21.3769 17.6619 34.3018 33.4383 15.9972 24.9776 21.8346 11.3548 10.0307 9.39346 9.19074 8.46261 8.44185 8.42679 8.15941 8.01951 7.67865 7.31514 6.64472 6.30739 6.0322 5.88366 5.46914 5.42619 8.81636 5.83312 5.41916 5.41605 5.322 6.62734 5.24812 14.3953 6.0099 5.18431 5.07406
threshold=0 1 2 3 4 6.5000000000000009 19.500000000000004 2.1258932707712788 22.500000000000004 5 6 9.5000000000000018 445.50000000000006 7 5.5000000000000009 8 9 10 11 12 13 14 15 3.5000000000000004 16 17 18 19 20 21 22 23 24 25 1.2660430803652234 26 27 28 29 30 7.5000000000000009 41.500000000000007 6.5000000000000009 31 67.500000000000014 103.50000000000001 9.5000000000000018 1.8560172303751863 32 1.0000000180025095e-35 33 34 12.500000000000002 306.50000000000006 27.500000000000004 7.5000000000000009 128.50000000000003 35 36 37 38 39
decision_type=9 9 9 9 9 2 2 2 2 9 9 2 2 9 2 9 9 9 9 9 9 9 9 2 9 9 9 9 9 9 9 9 9 9 2 9 9 9 9 9 2 2 2 9 2 2 2 2 9 2 9 9 2 2 2 2 2 9 9 9 9 9
left_child=1 11 3 53 -4 6 12 -5 14 -10 -11 -1 13 -6 19 18 42 37 39 20 21 45 -19 26 25 38 27 36 29 -26 -30 32 -28 -33 -29 -27 -21 47 -25 -16 -24 -41 -17 -20 -45 54 -23 -18 -47 -46 52 60 61 -3 -2 56 -12 58 -44 -59 -52 -22
right_child=8 2 4 7 5 -7 -8 -9 9 10 55 -13 -14 -15 15 16 17 22 43 23 50 46 40 24 28 35 31 34 30 -31 -32 33 -34 -35 -36 -37 -38 -39 -40 41 -42 -43 57 44 49 48 -48 -49 -50 -51 51 -53 -54 -55 -56 -57 -58 59 -60 -61 -62 -63
leaf_value=-0.0018185415249569682 -0.0046045410382170695 0.0073677203082536365 0.00080753107935483965 -4.7819692006556561e-05 -0.00030662671016268295 -0.00020467627559596081 -0.0099461765180431719 -0.0093561715151203265 0.016652019889653525 0.015246876503395335 -0.013594885146722658 -0.0054822856617837094 0.01451658440021459 -0.012017336877252783 0.00013914593789317032 0.0017468961961676966 -0.0095296191996444134 0.0032970630009997145 -0.0050922730098779071 -0.00085149459769217066 -0.0073842465306784739 0.0018939447577600299 -0.0071374999092813892 0.0037352938781748061 -0.006659454213051791 -0.00075267255271305178 0.0027824444535384436 0.004410284997198019 -0.0022674327148934637 0.00012875953308543741 0.0022795337022446407 0.0033140496489392438 -0.0017238411386115546 -0.0002601690596528594 -0.0046989648972925796 0.0026696176043806532 0.0032184609970088542 -0.00071365572589924273 0.0069671126421049006 0.00087651529272615443 0.00075123224123370142 0.0074092760501539567 0.011004840743203903 0.0050292030428894441 -0.0033792965686670119 -0.013064175245039944 -0.0041826736700555367 -0.0027287816560954028 -0.00031080828723571989 0.00079070266502396245 0.0012093390070368804 0.0029775481416305649 0.002573299334072199 -0.0014047099547621622 -0.015010224842715636 0.00055416451480433393 -0.0021463257235629419 -0.007306277818264051 -0.00663269075128945 -0.0077222758881339004 0.010293852096799783 0.00042302478354232513
leaf_weight=234 47 466 559 1247 163 602 80 98 227 131 69 134 54 217 107 64 219 256 114 345 273 292 64 439 888 413 1492 123 1078 1526 2315 2923 5264 4701 2626 710 548 600 531 67 560 259 103 94 115 104 141 126 230 108 107 1313 819 68 85 166 71 215 244 479 143 291
leaf_count=234 47 466 559 1247 163 602 80 98 227 131 69 134 54 217 107 64 219 256 114 345 273 292 64 439 888 413 1492 123 1078 1526 2315 2923 5264 4701 2626 710 548 600 531 67 560 259 103 94 115 104 141 126 230 108 107 1313 819 68 85 166 71 215 244 479 143 291
internal_value=-0.000203161 -0.00213632 -0.00112233 0.00108523 -0.0035905 -0.00630551 -0.0114786 -0.00136531 1.89864e-05 0.00527108 0.000111857 -0.0116402 -0.00875576 -0.0110526 -8.492e-05 -0.00200316 -0.00459184 -0.00171662 0.00675057 0.000159573 0.00284047 -0.00357536 0.00359551 -0.000239087 0.00122785 0.00677603 -0.000882255 -0.00410734 -0.00078219 -0.0040429 0.00154276 -6.25434e-05 -0.00183269 0.00150642 -0.00628851 0.00127979 0.00260244 -0.00664921 0.0130612 0.0132054 0 0.0172619 -0.00928251 0.000113379 0.00412844 -0.0092437 0.00259594 -0.0130986 -0.00568862 -0.000672646 0.00480379 0.00683408 0.00247667 0.00716912 -0.0189394 -0.00411392 -0.0114286 -0.0104227 -0.00490196 -0.0129261 0.0153846 -0.00141844
internal_weight=38147 3922 3554 1879 1675 1116 514 1345 34225 664 437 368 434 380 33561 3794 2930 1825 864 29767 3845 899 880 25922 7900 2093 18022 3642 5807 2414 3393 14380 6756 7624 2749 1123 893 945 970 433 624 326 1105 431 317 466 433 345 334 223 2946 1563 1383 534 132 306 140 1041 347 694 250 564
internal_count=38147 3922 3554 1879 1675 1116 514 1345 34225 664 437 368 434 380 33561 3794 2930 1825 864 29767 3845 899 880 25922 7900 2093 18022 3642 5807 2414 3393 14380 6756 7624 2749 1123 893 945 970 433 624 326 1105 431 317 466 433 345 334 223 2946 1563 1383 534 132 306 140 1041 347 694 250 564
cat_boundaries=0 6 8 11 17 23 25 27 29 35 41 43 45 51 53 59 65 71 74 80 83 86 92 98 101 107 113 118 124 130 132 138 140 146 152 155 158 164 166 172 178
cat_threshold=100668584 2147631104 2189461017 0 2304821760 25167880 67182989 2147483664 420647008 1619001352 9 100663328 0 529 0 21006848 2048 1160 2147483648 33554440 0 2149580800 25165832 3254789888 1595392 8388608 2097152 2156396544 16384 1077608451 1078461057 268441632 393217 197643 67159104 553707540 100699392 22568964 220200980 75497504 1048592 1141244290 2694840392 8519680 547373056 2424307796 2130948 16793924 143660294 8388608 1221393 272367945 1209548812 84 4 16793600 142607366 0 40960 262144 0 262144 33554434 268435472 589958 1098242 612893056 71307296 1411467392 570695730 65664 2349465601 3357548545 1 5243394 696779392 14368 1409353856 570695842 71307264 1568940103 3222798409 2 2164822696 3223906384 1 136849665 1111490672 403251328 131168 67637516 16384 671416320 139460608 3278848 537133080 201992 2888704 2089490823 578815011 2 555878401 5249056 1638528 33685616 1073811460 2098240 1745723648 1107304528 205520896 2164801577 335544653 16384 1065472 536871168 0 270548992 8240 1048578 688390272 4096 67584 536870912 71303168 8650752 536870976 2490624 64 268435472 34148354 2214626584 10490880 524288 128 0 0 66560 67141632 268438032 36864 0 0 16384 134217732 0 40960 268435456 2130944 324 5120 8388608 1180417 150994944 2692751360 8 688320 2684354568 8 8192 0 16384 2097152 67108896 1048576 1073782784 610304 16 0 16793600 0 0 32768 0 0 68 5120 0 1048577
is_linear=0
shrinkage=0.05


Tree=122
num_leaves=57
num_cat=20
split_feature=4 2 7 3 6 5 0 7 6 0 4 2 6 7 4 2 2 4 2 3 2 7 2 4 2 4 6 6 6 11 2 4 9 2 7 6 0 6 9 0 4 6 7 9 6 9 0 9 0 11 0 0 0 11 0 0
split_gain=6.96473 15.3221 8.15868 7.55479 7.39907 6.71889 5.40373 8.83186 9.07426 4.94835 9.07411 9.87478 8.9982 8.67972 8.28652 21.8071 11.3689 12.8999 11.209 10.1437 13.607 8.23359 7.91728 7.78921 7.75332 8.05175 7.16751 7.06185 7.03206 6.93471 6.89008 11.3298 7.24402 6.2069 4.90907 4.99665 4.80094 4.58851 4.41416 8.20226 7.89597 3.49801 3.80627 3.12504 2.73274 2.52078 2.4751 2.31188 2.22882 2.09275 1.87855 1.67799 1.64376 1.30083 0.979004 0.588416
threshold=0 1 4.5000000000000009 2 217.50000000000003 4.5000000000000009 1.6812785568800701 1.0000000180025095e-35 215.50000000000003 1.5344395466156473 3 4 343.50000000000006 3.5000000000000004 5 6 7 8 9 10 11 4.5000000000000009 12 13 14 15 490.50000000000006 126.50000000000001 89.500000000000014 15.500000000000002 16 17 9.5000000000000018 18 2.5000000000000004 275.50000000000006 1.4716415032272603 71.500000000000014 2.5000000000000004 1.507016454225546 19 285.50000000000006 1.5000000000000002 7.5000000000000009 87.500000000000014 7.5000000000000009 1.4406872685812384 3.5000000000000004 2.0402482021633248 14.500000000000002 1.5159787241126848 1.8030376555807852 1.543436208953634 11.500000000000002 1.8924395194684929 1.5053288997519469
decision_type=9 9 2 9 2 2 2 2 2 2 9 9 2 2 9 9 9 9 9 9 9 2 9 9 9 9 2 2 2 2 9 9 2 9 2 2 2 2 2 2 9 2 2 2 2 2 2 2 2 2 2 2 2 2 2 2
left_child=1 4 6 51 43 9 41 -8 44 10 11 12 29 24 15 26 19 22 -19 20 -16 -21 -18 37 28 -26 27 -11 -12 -5 32 -32 -15 -25 49 -36 -14 -17 39 -13 -40 42 -3 47 -9 53 -43 -1 54 -6 -48 -2 -7 -4 -10 -44
right_child=3 2 45 5 34 52 7 8 48 14 13 38 36 30 16 23 17 18 -20 21 -22 -23 -24 33 25 -27 -28 -29 -30 -31 31 -33 -34 -35 35 -37 -38 -39 40 -41 -42 46 55 -45 -46 -47 50 -49 -50 -51 -52 -53 -54 -55 -56 -57
leaf_value=-0.00011013086505324844 0.025437629268485008 -0.0029469355094792846 -0.0010705568375772411 -0.0041594278835542179 0.011611101304223759 -0.0071511361275084732 0.0022934407137699202 -0.00089240115920565801 -0.01178095971570562 0.0011253933947055316 -0.01219219772815036 0.00025546696427182491 0.012176776172740029 0.0028578212885547738 -0.006936074230428857 -0.006496693397043618 0.00051973987520531617 0.0014660041561018078 -0.00084505088825070906 1.6635732445058339e-05 -0.00021803191195344241 -0.00082304904739117786 0.0021386196284564787 0.0041451522650039156 -0.014025803650005176 -0.0011798330047261053 -0.0080309290029284327 0.011397998006569399 -0.025819808864292595 -2.0578463125223157e-05 -0.0037184972462096372 -4.6034590712629168e-05 -0.0026932193313818189 -0.00062554387590008087 0.0054678203234360401 -0.00039105177009476357 -0.00066290716560514224 -0.00031931250381258273 0.0002354510645554142 -0.012376248513177413 0.0035485291842660693 0.005342618544736122 -0.0029751829259196173 0.0034916155358439729 0.001202205488697536 -0.008377543525770562 -0.0014677199694052901 -0.0051930755547796572 -0.0010232366206226029 0.0078369252155600037 0.0033570540095010262 0.012877241375758098 -0.017921164742673919 -0.007676131040394777 -0.014972393295086912 0.0018110416232720444
leaf_weight=49 50 64 43 639 69 50 58 41 51 1313 67 402 93 457 365 619 3558 421 2102 8918 515 2664 2546 325 137 3914 59 612 61 513 130 2111 160 385 44 76 61 674 1740 109 1119 54 41 77 60 47 43 42 41 46 48 69 57 50 46 42
leaf_count=49 50 64 43 639 69 50 58 41 51 1313 67 402 93 457 365 619 3558 421 2102 8918 515 2664 2546 325 137 3914 59 612 61 513 130 2111 160 385 44 76 61 674 1740 109 1119 54 41 77 60 47 43 42 41 46 48 69 57 50 46 42
internal_value=-0.00018219 -0.00402802 -0.00832206 -6.34706e-05 0.00375303 -0.000105674 -0.00585739 -0.0106061 -0.0148536 -6.93142e-05 -0.000917784 0.000789586 -0.00288754 -0.00205052 0.000327006 0.00241431 -6.87236e-05 0.00132569 -0.00167785 -0.00103432 -0.00617978 -0.000638371 0.00256788 -0.00126677 -0.00350562 -0.00309037 0.00611836 0.00667532 -0.0152174 -0.00442708 6.9979e-05 -0.00122168 0.00470494 0.00291667 0.00957447 0.0025 0.00844156 -0.00356869 0.00221893 -0.00205479 0.00299056 -0.0010274 -0.00646259 -0.00416667 -0.00346535 -0.0192857 0.00448276 -0.0104396 -0.0231884 0.0169565 -0.000549451 0.0120155 -0.0126168 -0.0145161 -0.0273196 0.00060241
internal_weight=38147 1132 729 37015 403 36896 589 297 239 36789 11713 4676 1306 7037 25076 3987 21089 8627 2523 12462 880 11582 6104 2003 4179 4051 1984 1925 128 1152 2858 2241 617 710 235 120 154 1293 3370 511 2859 292 147 168 101 140 145 91 138 115 91 119 107 93 97 83
internal_count=38147 1132 729 37015 403 36896 589 297 239 36789 11713 4676 1306 7037 25076 3987 21089 8627 2523 12462 880 11582 6104 2003 4179 4051 1984 1925 128 1152 2858 2241 617 710 235 120 154 1293 3370 511 2859 292 147 168 101 140 145 91 138 115 91 119 107 93 97 83
cat_boundaries=0 7 9 11 18 20 26 28 30 37 39 42 44 46 52 54 61 63 69 71 78
cat_threshold=555811076 353108256 25698432 2123264 8650768 36701184 4 405799024 6430730 16777216 4198400 268449832 141313 268435968 1744830706 4219425 813711360 33 336601120 524296 2147485265 1049600 2214593028 2224031752 537444388 134512788 4028673154 4052644 3761276402 1283982 8192 8519704 671088640 537006192 4195330 2214674688 1 134225924 526368 35192833 2147516484 1 3145856 1216522 436545548 25952256 0 0 2147484160 67108872 32 32788 256 32 0 1048576 536870916 2048 0 0 128 68190465 524320 0 1040 2147483648 0 525312 32784 67568169 16908544 8200 131072 0 1610612882 545 276824064 1
is_linear=0
shrinkage=0.05


Tree=123
num_leaves=63
num_cat=37
split_feature=4 2 1 4 7 6 1 1 7 3 1 4 9 2 4 1 1 1 4 6 1 3 6 7 3 3 7 3 10 4 1 1 1 1 4 6 7 5 4 6 1 2 2 1 6 3 1 9 7 6 9 2 2 6 9 3 7 4 6 9 7 6
split_gain=8.54923 13.4975 7.14447 21.0015 8.64902 8.07931 10.221 9.11501 9.54086 7.80537 7.59355 6.90324 7.58718 9.10982 6.27706 30.9789 10.8276 8.97885 16.8664 7.78838 14.8811 11.348 9.48071 14.2951 7.31307 7.04737 6.59737 6.51597 6.50839 6.50009 39.6096 24.295 15.8901 9.65209 9.12318 7.04736 6.21059 6.1678 6.47296 5.96236 6.73125 5.79247 5.59136 5.45128 5.39119 9.90407 7.22061 6.5244 6.16274 5.25608 5.1704 19.6572 10.529 5.1172 4.79498 4.76267 6.86794 4.44191 4.40582 4.30843 4.78914 4.06764
threshold=0 1 2 3 5.5000000000000009 136.50000000000003 4 5 2.5000000000000004 6 7 8 6.5000000000000009 9 10 11 12 13 14 19.500000000000004 15 16 24.500000000000004 1.0000000180025095e-35 17 18 3.5000000000000004 19 1.0000000180025095e-35 20 21 22 23 24 25 71.500000000000014 1.5000000000000002 2.5000000000000004 26 32.500000000000007 27 28 29 30 277.50000000000006 31 32 6.5000000000000009 2.5000000000000004 280.50000000000006 9.5000000000000018 33 34 184.50000000000003 9.5000000000000018 35 2.5000000000000004 36 158.50000000000003 10.500000000000002 3.5000000000000004 166.50000000000003
decision_type=9 9 9 9 2 2 9 9 2 9 9 9 2 9 9 9 9 9 9 2 9 9 2 2 9 9 2 9 2 9 9 9 9 9 9 2 2 2 9 2 9 9 9 9 2 9 9 2 2 2 2 9 9 2 2 9 2 9 2 2 2 2
left_child=1 -1 3 5 9 7 37 8 -2 10 -5 12 13 -9 15 27 28 18 39 20 36 -22 23 -21 -18 -19 -24 58 -17 31 35 34 -32 -33 -27 -31 -20 38 -7 -16 57 -3 -14 -11 46 -46 47 -8 -48 53 52 -52 -26 -29 -13 56 -30 -41 -4 60 -10 -45
right_child=2 41 14 4 -6 6 44 11 59 43 -12 54 42 -15 17 16 24 25 19 22 21 -23 26 -25 50 29 -28 49 55 30 32 33 -34 -35 -36 -37 -38 -39 -40 40 -42 -43 -44 61 45 -47 48 -49 -50 -51 51 -53 -54 -55 -56 -57 -58 -59 -60 -61 -62 -63
leaf_value=0.0031610832825496094 0.013264111995984429 -0.0027112811384395448 0.0087440278321873743 -0.00054866081840956871 -0.0075720918807224815 0.011987006628904418 -0.0056664398981405746 0.0073917744316291285 -0.021483098205245028 -0.00018777343098035917 0.00023162364026569905 0.014488092903811034 -0.0083268772846450297 -0.012873943654521392 0.00030949608414822531 -0.0080744693451026035 0.0040304474677793694 0.017569966985657159 -0.00075195944435778046 0.042162070777568304 0.0086860735863941944 -0.0040164302204115793 -0.0007498904815665397 0.0022192336559053172 -0.0049335931715211029 0.011374597161341593 0.00049424685938938013 0.00045506102568526607 -0.014761123603235615 -0.0075116679808538535 0.0038076192301047529 -0.00085707909654685402 1.6394167079614164e-05 0.00027581109513492575 0.0016827118412558906 -0.002107363013074637 -0.02210515038842651 0.012288595455848506 -0.0012047173917782096 -0.0050110348343453959 -0.0025260847431354608 -0.00069064773777425268 0.0057132650398528002 -0.013203877530845211 0.0033296902002233676 -0.010799390943298792 -0.011954561554154371 0.0046901121336766719 -0.0001167984011096801 0.022341788232639277 -0.011029764863281062 0.0018872116567606235 0.00068823988674253107 -0.0062553676019007302 -0.0012033706247471078 0.0065167141318048299 0.00040976960661941457 -0.012394725424027399 0.013630682489829083 0.006314365060143357 0.00058545552336474187 -0.0053754866898321207
leaf_weight=248 265 202 259 114 122 109 59 113 60 218 537 157 105 221 149 252 232 117 64 48 135 326 3510 286 249 291 2261 297 61 727 1251 4024 4511 6897 3058 1457 168 81 341 112 446 495 294 160 112 120 154 83 152 72 123 201 842 58 61 112 60 169 171 82 195 291
leaf_count=248 265 202 259 114 122 109 59 113 60 218 537 157 105 221 149 252 232 117 64 48 135 326 3510 286 249 291 2261 297 61 727 1251 4024 4511 6897 3058 1457 168 81 341 112 446 495 294 160 112 120 154 83 152 72 123 201 842 58 61 112 60 169 171 82 195 291
internal_value=-0.000197919 -0.00486911 -7.79318e-05 -0.00201613 -0.00688705 0.000540735 -0.00251858 0.00292981 0.00767974 -0.00575758 -0.00173979 -0.000156087 -0.00248991 -0.00808383 0.000169666 0.00235078 -0.000887021 -4.8306e-05 -0.00152264 -0.000675676 -0.00569986 -0.000318471 -0.00010647 0.00808383 0.00105613 0.000458757 -0.000580489 0.010323 -0.00737374 0.000391433 -0.000754148 0.00102941 0.00142065 -0.000114354 0.00474844 -0.0064722 -0.0157025 0.00268022 0.000444444 -0.00801354 -0.00997249 -0.00841584 0.00213033 -0.00949926 -0.00652174 -0.000431034 -0.00982143 0 -0.0139241 0.00560641 -0.000315789 -0.0058642 0.00132906 0.00323944 0.00745614 -0.00150215 -0.00801527 -0.0159794 0.0147727 0.00222552 -0.000980392 -0.0126898
internal_weight=38147 945 37202 4206 1442 2764 1211 1553 602 1320 651 951 733 334 32996 2989 2132 30007 7674 6798 693 461 6105 334 1647 22333 5771 857 485 22216 7946 14270 5762 10921 3349 2184 232 531 450 876 727 697 399 669 680 232 448 142 306 427 1415 324 1091 355 218 233 121 281 430 337 255 451
internal_count=38147 945 37202 4206 1442 2764 1211 1553 602 1320 651 951 733 334 32996 2989 2132 30007 7674 6798 693 461 6105 334 1647 22333 5771 857 485 22216 7946 14270 5762 10921 3349 2184 232 531 450 876 727 697 399 669 680 232 448 142 306 427 1415 324 1091 355 218 233 121 281 430 337 255 451
cat_boundaries=0 6 8 14 21 27 33 36 42 48 50 57 63 69 75 82 88 89 91 93 95 102 108 114 120 126 133 139 145 147 149 155 157 163 165 167 168 173
cat_threshold=2686517509 17563904 17309824 17408 546045972 573572096 137887888 6291464 11669888 1179648 41977360 134348808 2296398336 25173504 532480 6423576 0 143402 4194336 335904768 32 10486144 0 41976832 131072 0 25167872 3276800 1048576 8388624 134217728 134217728 5120 201396260 548864 9 8388608 0 0 131072 0 6144 0 0 0 131112 0 335609856 32770 258 84023880 34817 2223129090 1680867460 49184 2147500036 4 201859072 704667648 2124076 2147483648 524342 101720258 20 4464 2416312321 8667200 262144 262400 67896320 2852151296 2111496 2147483666 570949684 71835787 8413200 132152 805306368 2 1090 295168 33 524288 33554432 0 0 537395252 4718592 10518528 17825953 16 16779776 4096 2283798532 2148009986 268722192 68297776 134217729 6194 64 8749456 161 1107321379 67147840 68288512 335560965 1073917953 33570832 1111491106 17341024 67239936 8405253 1073983489 33571088 536870924 1073743121 150995073 17301536 335546498 2392064 822085708 1082130709 2281717793 554237984 83888330 3145728 0 1180672 0 0 0 295184 32 524288 16 0 0 0 335544320 0 671113216 2097152 2147483648 524288 67108994 205344 410752 67141634 2097154 1048832 0 0 0 2147484160 7168 131072 2097153 131072 0 512 0 12582912 4096 33554432 2179072 2147557392 5376776 2281709828 16384 132144 536870912 0 2
is_linear=0
shrinkage=0.05


Tree=124
num_leaves=63
num_cat=32
split_feature=3 2 5 7 2 0 3 2 2 7 2 3 3 2 11 11 2 3 2 3 6 3 11 6 3 2 2 7 11 6 2 11 6 9 3 3 2 11 0 6 11 3 2 2 3 6 6 2 10 3 11 2 0 2 6 6 7 2 2 6 7 9
split_gain=6.56593 20.4122 7.52516 6.08625 21.2571 8.59229 8.40476 12.9495 10.038 7.06654 17.6549 13.4104 12.3661 12.663 12.2584 11.6043 25.7847 16.5851 14.026 12.7803 11.4384 13.5181 11.2957 23.2448 18.8023 10.3279 9.28557 8.95929 8.5668 8.15242 7.2642 7.10525 6.8238 6.48104 5.82768 5.61983 11.5161 8.85736 7.86752 7.76791 5.86661 5.57982 6.84331 6.74304 8.29822 8.29942 8.04178 5.19858 7.16468 5.16871 5.08863 5.00383 4.93147 4.85819 10.4605 6.1692 4.77554 11.5524 7.51412 6.18901 13.6307 5.69531
threshold=0 1 4.5000000000000009 5.5000000000000009 2 2.5326011384727383 3 4 5 3.5000000000000004 6 7 8 9 8.5000000000000018 10.500000000000002 10 11 12 13 315.50000000000006 14 18.500000000000004 148.50000000000003 15 16 17 1.5000000000000002 9.5000000000000018 482.50000000000006 18 17.500000000000004 10.500000000000002 10.500000000000002 19 20 21 17.500000000000004 1.8309869832896075 38.500000000000007 10.500000000000002 22 23 24 25 334.50000000000006 245.50000000000003 26 1.0000000180025095e-35 27 8.5000000000000018 28 1.5159787241126848 29 219.50000000000003 249.50000000000003 1.5000000000000002 30 31 192.50000000000003 1.0000000180025095e-35 7.5000000000000009
decision_type=9 9 2 2 9 2 9 9 9 2 9 9 9 9 2 2 9 9 9 9 2 9 2 2 9 9 9 2 2 2 9 2 2 2 9 9 9 2 2 2 2 9 9 9 9 2 2 9 2 9 2 9 2 9 2 2 2 9 9 2 2 2
left_child=1 41 3 9 32 6 7 34 -8 15 11 -11 13 14 -12 16 17 -2 20 29 21 -17 24 -24 -20 -22 28 -21 -14 -18 -19 -28 -5 -9 -6 37 50 39 -39 -34 -38 42 -1 44 45 -43 49 48 -46 -45 -37 -10 -4 54 -13 -55 57 59 -58 -3 -61 -60
right_child=2 56 52 4 5 -7 8 33 51 10 12 53 26 -15 -16 18 19 30 22 27 25 -23 23 -25 -26 -27 31 -29 -30 -31 -32 -33 35 -35 -36 36 40 38 -40 -41 -42 43 -44 46 47 -47 -48 -49 -50 -51 -52 -53 -54 55 -56 -57 58 -59 61 60 -62 -63
leaf_value=-0.0022951424977401325 -0.0045841523054132253 -0.0013464599669409272 -0.0042530352303656758 0.014609054779663833 -0.0051447263153676509 0.016322233914500186 0.0045925007184906526 0.0036384398364337047 0.00014276943639512373 -0.00081454647713979922 -0.0064279417673363988 0.0022962752616211834 0.0043678488653662584 -0.0037002263343886566 0.00065830081559055127 -0.0060767444509464809 -0.0083349228006679623 0.013306826487049351 0.0072092232612147832 0.00096268386216186164 -0.0011551872137564589 -0.0003455895469159254 0.0018943926510277876 -0.0056665543296453682 0.0003691321853794061 0.0089508582599941832 0.0011842635293546899 -0.003904101843668295 -0.0048614656888921028 0.0061107214082963381 0.0014813166235990078 -0.00045135226036029379 -0.0049460096672962646 0.010242287086115499 0.0009134033354751659 -0.011058577249467117 -0.0032507643901575735 -0.0021672586777043089 -0.011814629679293233 0.0014544960137014785 -0.008856183859955933 -0.013057596853877546 -0.00014434452746547866 -3.053515840457655e-05 0.024916587121705438 0.01125125742873564 -0.015839469430478603 -0.00076459810216897859 -0.005478591680037709 -0.0069633500818751144 -0.00038371045417195937 -0.0024425774595684181 -0.035320052027750348 0.0024299664320011297 0.020445054072007342 -0.00012581960212607602 0.0058875999908713844 -0.0019369462359260293 0.0010132051522101504 0.03206707922033887 -0.00067328751774813349 -0.00062916022920007648
leaf_weight=402 559 77 41 67 212 45 208 395 234 643 205 624 98 1232 1121 317 1633 106 1780 696 342 6009 1079 694 2763 724 1948 730 266 125 2316 742 75 85 428 47 160 108 95 315 411 248 1043 167 61 58 163 217 68 198 383 417 51 1408 205 355 373 683 855 73 70 894
leaf_count=402 559 77 41 67 212 45 208 395 234 643 205 624 98 1232 1121 317 1633 106 1780 696 342 6009 1079 694 2763 724 1948 730 266 125 2316 742 75 85 428 47 160 108 95 315 411 248 1043 167 61 58 163 217 68 198 383 417 51 1408 205 355 373 683 855 73 70 894
internal_value=-0.000124518 -0.00169611 0.000149199 0.000189786 -0.0017232 0.00172075 0.001238 0.0040708 -0.00247411 0.000435237 0.00161072 0.00454545 -8.89363e-05 -0.00264798 0.000748503 -8.80592e-05 -0.0018897 0.00145436 0.000722206 -0.00500939 -0.000756552 -0.00156497 0.00245021 -0.000930626 0.00377504 0.00403377 0.00205614 -0.0014624 -0.00534759 -0.00786199 0.00324836 0.00307407 -0.00589467 0.0102041 -0.000615385 -0.0065872 -0.00885262 -0.00257048 -0.0110837 0.00179487 -0.0135112 -0.00491461 -0.00278351 -0.00747899 -0.00392749 -0.00981013 -0.01171 0.00140449 0.00899281 -0.00780822 -0.0025 -0.00552194 -0.0141304 0.00614912 0.00935638 0.00459673 0.00110379 -0.00193798 0.00240339 0.00782609 0.0143357 0.000994883
internal_weight=38147 5650 32497 32405 3685 2024 1979 1120 859 28720 8847 3235 5612 2558 1326 19873 6165 2981 13708 3184 7392 6326 6316 1773 4543 1066 3054 1426 364 1758 2422 2690 1661 480 640 1594 1001 593 203 390 571 2625 1445 1180 652 306 528 346 129 365 430 651 92 2592 829 1763 3025 903 2122 220 143 1749
internal_count=38147 5650 32497 32405 3685 2024 1979 1120 859 28720 8847 3235 5612 2558 1326 19873 6165 2981 13708 3184 7392 6326 6316 1773 4543 1066 3054 1426 364 1758 2422 2690 1661 480 640 1594 1001 593 203 390 571 2625 1445 1180 652 306 528 346 129 365 430 651 92 2592 829 1763 3025 903 2122 220 143 1749
cat_boundaries=0 2 4 6 9 11 13 15 17 19 21 23 25 27 30 32 35 37 39 41 44 47 49 51 53 55 57 59 61 63 65 67 69
cat_threshold=1946164891 536906859 3901031035 11057828 1756275112 17548298 3866692 11534340 8 100665410 3152644 3140 4196612 3894575913 9341478 137429092 1083179024 8921120 2285395988 68421714 7364744 2323720048 28390280 9764960 532484 1790053681 11733896 1245540 3358064640 1 134217732 185073664 151290208 12083216 1 545259777 3146368 268763200 4194304 8388608 512 131136 8388608 8 17498432 2148548608 3 1611538816 688128 1409286275 33793 3766550626 8392704 3766550611 2097156 536875008 40 1619001347 4 4096 8 34603008 8832 134349600 8519682 2231424 65538 10496 21103616
is_linear=0
shrinkage=0.05


Tree=125
num_leaves=63
num_cat=28
split_feature=4 2 1 1 4 4 2 6 1 9 1 9 1 7 7 7 6 11 2 9 9 11 1 4 1 1 4 4 4 1 1 2 1 1 1 6 4 6 0 6 0 6 6 6 7 7 6 6 6 6 6 7 6 4 7 0 0 6 9 1 4 10
split_gain=7.79221 15.1054 8.77286 8.36536 13.6951 8.37651 14.5191 10.3909 8.29046 7.93505 7.87385 8.48281 6.87353 6.49954 8.51519 6.69031 7.49811 6.36621 23.988 11.9552 9.0567 6.77262 28.465 20.4349 21.6032 18.9371 21.4625 14.6096 14.5637 28.0397 18.0974 11.301 8.54372 7.49301 7.16573 5.79502 5.60817 5.36234 5.23218 5.14353 5.08494 4.68579 10.1547 4.59796 4.48019 7.40136 5.57209 4.45347 8.52367 4.43611 4.33906 8.17578 4.94285 4.31756 5.28733 14.4124 8.80616 4.31282 4.25134 8.70489 4.3179 4.25037
threshold=0 1 2 3 4 5 6 208.50000000000003 7 7.5000000000000009 8 7.5000000000000009 9 1.5000000000000002 3.5000000000000004 1.0000000180025095e-35 91.500000000000014 2.5000000000000004 10 8.5000000000000018 6.5000000000000009 12.500000000000002 11 12 13 14 15 16 17 18 19 20 21 22 23 16.500000000000004 24 359.50000000000006 1.4489328600338085 261.50000000000006 1.4970733007305452 53.500000000000007 126.50000000000001 405.50000000000006 1.0000000180025095e-35 2.5000000000000004 267.50000000000006 312.50000000000006 217.50000000000003 128.50000000000003 9.5000000000000018 2.5000000000000004 13.500000000000002 25 2.5000000000000004 2.0264547362032785 1.7914172125291885 162.50000000000003 3.5000000000000004 26 27 1.0000000180025095e-35
decision_type=9 9 9 9 9 9 9 2 9 2 9 2 9 2 2 2 2 2 9 2 2 2 9 9 9 9 9 9 9 9 9 9 9 9 9 2 9 2 2 2 2 2 2 2 2 2 2 2 2 2 2 2 2 9 2 2 2 2 2 9 9 2
left_child=1 2 -1 4 8 6 -5 -8 13 -9 11 -6 43 15 -15 -2 -17 18 20 -20 -7 22 27 31 -25 26 34 33 29 -27 -30 -24 -29 -19 -23 -16 44 39 -37 -38 -28 -21 -43 61 -14 46 -46 48 -4 -22 51 -10 -52 57 56 -56 -55 -13 59 -54 -60 -3
right_child=3 12 47 5 10 17 7 9 50 -11 -12 53 36 14 35 16 -18 21 19 41 49 25 23 24 -26 28 40 32 30 -31 -32 -33 -34 -35 -36 38 37 -39 -40 -41 -42 42 -44 -45 45 -47 -48 -49 -50 -51 52 -53 58 54 55 -57 -58 -59 60 -61 -62 -63
leaf_value=-0.00053035810173831523 0.0029115586741573136 -0.0053542138312169087 0.0023275770248164297 -0.0047547336778772991 0.00077450333966067042 -0.010505648386993761 0.00080553680957514697 0.0091738127094878053 -0.0028833055666702689 0.028814842389410501 -0.0036433296738099252 -0.00050692759245788701 0.011818012531311395 -0.00023367050097557464 0.0066159852886521625 0.032272221919006076 0.0055174268130740028 -0.0061477950529782895 0.010927356148275747 0.010810151105862488 -0.012268291278675379 -0.011882318653041646 -0.00036007302804038634 -0.0061461425918569353 -0.00070414975249612492 0.0026063543913471435 0.00056000177613657056 0.0013248486701786467 0.004113428251716989 -0.0022832089687258028 0.00032817265250484622 0.0040883170013191975 0.0061277318521242522 0.0023836931918859942 -0.0042735091844992691 0.0084009191911125665 -0.0036968314701860739 -0.011540286248420279 -0.00013305595967922357 -0.00033901079247369295 -0.00039248514235068477 -0.011914082495875994 0.005831881438230946 0.016444683008267177 -0.00014967378945791033 -0.00027971912998638325 -0.028446487302830305 -0.00032296817973173078 0.014640016607170604 0.0010015800446650847 -0.0095630791467962804 0.023077110789761709 -0.011564277512838873 -0.0049700022651175124 -0.0025346806139168957 -0.017894823479496325 0.0033834514444881728 0.0090890138051037163 -0.00060131979075385704 -2.2803186103337315e-05 0.0022260507796446061 0.00047320659717466074
leaf_weight=104 130 94 70 206 453 113 245 100 46 51 912 78 54 256 40 55 54 270 319 48 68 103 356 1764 7505 459 297 623 2735 1504 11094 614 559 712 806 97 156 52 174 68 1644 52 94 45 40 176 81 56 71 48 42 51 127 143 213 45 81 52 992 221 353 76
leaf_count=104 130 94 70 206 453 113 245 100 46 51 912 78 54 256 40 55 54 270 319 48 68 103 356 1764 7505 459 297 623 2735 1504 11094 614 559 712 806 97 156 52 174 68 1644 52 94 45 40 176 81 56 71 48 42 51 127 143 213 45 81 52 992 221 353 76
internal_value=-0.000158597 -0.00420642 0.00530547 -3.24202e-05 -0.00202162 0.000251551 0.00604575 0.0115764 0.000339879 0.0221854 -0.00515853 -0.00218605 -0.00762911 0.00453431 0.00167549 0.0115063 0.0206422 0.00013995 0.00471698 0.0106119 -0.00857741 3.06007e-05 -0.000874788 -0.0019758 -0.00269964 0.000632979 -0.00311189 0.00432383 0.00130996 -0.00271161 0.00188236 0.00489796 0.00805369 -0.000201613 -0.0094124 0.00723473 -0.0102826 -0.0157343 0.00461255 -0.0129464 -0.000128139 0.00103093 -0.00342466 0.000222222 -0.00567867 -0.00824916 -0.0177686 0.0113527 0.0166667 0.000862069 -0.00152009 0.00876289 -0.00210375 -0.00604575 -0.00813008 -0.0131783 -0.00267857 0.00214286 -0.0016834 -0.0066092 -0.000408922 -0.00352941
internal_weight=38147 1143 301 37004 4615 32389 602 396 2638 151 1977 1065 842 806 567 239 109 31787 742 513 229 31045 12403 10239 9269 18642 2850 2164 15792 1963 13829 970 1182 982 909 311 627 276 271 224 1941 194 146 215 351 297 121 197 141 116 1832 97 1735 612 482 258 224 130 1693 348 1345 170
internal_count=38147 1143 301 37004 4615 32389 602 396 2638 151 1977 1065 842 806 567 239 109 31787 742 513 229 31045 12403 10239 9269 18642 2850 2164 15792 1963 13829 970 1182 982 909 311 627 276 271 224 1941 194 146 215 351 297 121 197 141 116 1832 97 1735 612 482 258 224 130 1693 348 1345 170
cat_boundaries=0 6 8 14 20 27 34 36 42 48 54 56 62 69 75 81 88 95 102 108 114 116 122 128 134 140 146 151 158
cat_threshold=2711945473 17563936 17309828 2114560 1084751892 571474944 2016935948 6291456 1 0 0 1 0 67637248 75567552 3759300608 3263201816 16 6308416 8393792 139272 6422528 512 1073881186 4195362 67469328 128 67108896 38916 16384 542113796 311296 16512 4 1610621444 16800268 67108992 1048576 2155872776 0 0 5184 8458304 536895488 33554448 16 4194816 8388608 16777232 0 272891936 2149580800 1 33554432 1208385540 4201606 268435996 2628352 21172512 1073746186 25493554 133120 268963860 9224 0 201326720 1024 0 33 37127170 142606336 134753281 67110048 3221228544 91226369 805308940 4352 88103168 1073758466 2173446162 2568 684040 1024 134217728 1073754178 536880130 67141648 128 524288 1024 2147484160 67244098 8224 327680 160 268959764 14688264 268435456 201326722 4194306 268435460 32 1226317824 33555456 655456 262176 402653196 16512 1111884834 146802784 524293 5120 1073774976 41058577 3358328832 26626 520 2097152 4259872 1073745928 8388626 131072 16 768 16908288 2 2 2048 0 0 4352 16384 8388608 2048 18939905 524320 4 0 8388608 536871936 0 0 0 4096 8192 8388608 4096 16384 0 16 576 8192 131072 0 8224 0 327680 128
is_linear=0
shrinkage=0.05


Tree=126
num_leaves=63
num_cat=22
split_feature=4 2 4 5 1 4 1 11 2 9 4 5 0 4 11 9 2 11 11 1 4 1 4 4 4 4 1 1 5 11 7 5 9 11 11 7 4 0 0 9 0 11 0 0 7 0 0 7 4 9 7 11 7 2 7 11 11 10 0 0 11 11
split_gain=7.76696 21.5838 9.84575 8.15955 7.84313 11.1545 16.1621 7.1289 27.8144 8.07483 6.39415 6.11817 5.9166 9.82132 7.74875 6.80611 11.1716 6.53268 6.20988 25.596 25.4915 18.0546 14.8935 13.395 12.5281 5.84905 6.47928 6.01267 5.60262 5.54852 5.17719 5.11978 4.41811 7.55202 5.3202 4.40341 4.28029 4.21561 4.19903 4.09596 3.69101 3.65773 5.78 3.54565 3.54267 3.23225 4.69015 3.19615 2.99491 5.35852 4.25114 2.95971 2.79972 2.70455 3.4486 3.16228 2.9791 2.97508 2.75558 2.6327 2.58133 2.46105
threshold=0 1 2 4.5000000000000009 3 4 5 2.5000000000000004 6 8.5000000000000018 7 2.5000000000000004 2.3712254484163471 8 18.500000000000004 1.5000000000000002 9 8.5000000000000018 12.500000000000002 10 11 12 13 14 15 16 17 18 2.5000000000000004 1.0000000180025095e-35 2.5000000000000004 2.5000000000000004 7.5000000000000009 13.500000000000002 11.500000000000002 2.5000000000000004 19 1.7492449780650048 1.6105181612163741 6.5000000000000009 1.2955892330808532 11.500000000000002 2.0264547362032785 2.7539475790194889 1.5000000000000002 1.5170532328004043 1.714760617399691 1.0000000180025095e-35 20 6.5000000000000009 1.5000000000000002 16.500000000000004 3.5000000000000004 21 4.5000000000000009 13.500000000000002 14.500000000000002 1.0000000180025095e-35 1.3133997881774417 2.1372951807736453 14.500000000000002 10.500000000000002
decision_type=9 9 9 2 9 9 9 2 9 2 9 2 2 9 2 2 9 2 2 9 9 9 9 9 9 9 9 9 2 2 2 2 2 2 2 2 9 2 2 2 2 2 2 2 2 2 2 2 9 2 2 2 2 9 2 2 2 2 2 2 2 2
left_child=1 2 35 4 5 6 -2 8 39 36 47 41 18 14 17 -15 -17 -14 19 24 -21 22 -20 -23 -9 27 48 30 53 38 -7 59 33 -8 -34 -1 52 -31 -11 -6 -37 -12 51 -16 -33 60 -47 -3 50 -50 -27 -43 -10 54 55 58 -55 -57 -4 -28 -29 -49
right_child=3 10 28 -5 7 25 32 12 9 29 11 -13 13 15 43 16 -18 -19 21 20 -22 23 -24 -25 -26 26 31 45 -30 37 -32 44 34 -35 -36 40 -38 -39 -40 -41 -42 42 -44 -45 -46 46 -48 61 49 -51 -52 -53 -54 56 -56 57 -58 -59 -60 -61 -62 -63
leaf_value=0.00022198776277212453 -0.011776488348111284 0.0019440541537491087 0.0046338723498977529 -0.012799195333792502 -0.0098218442380273614 0.0012055832153144625 0.0061417048770693126 -0.0012229895967702216 0.022515940284885818 -0.015266852746601356 -0.0053646993306649335 0.00010908334979018998 -0.011718340709110819 -0.00017412376763598636 -0.0059195546402038834 0.022585261481999609 0.0062916315622303489 0.0031449230775052019 0.0012353734809960938 0.0011777880426333987 -0.0015065425200293859 -0.0013687833781758864 -0.0018838479206891856 0.00053503752645729381 0.004509825581511146 -0.0053247920946848659 -0.0012955436033740776 3.5621964244408891e-05 0.0034893210978087343 0.0011494092300497972 0.015346611311883524 0.01358609764064146 -0.00039471700435169679 -0.00092050053349798655 -0.00018672932619335781 0.0063073555405439574 0.0076713085809907659 0.037233595969535273 0.0029146438223116079 -0.0075603863121301851 0.022664930229631765 -0.0037832330664800324 -0.00067308248312023542 0.0026399626203179594 -0.0002779849947853408 0.023369005836940671 -0.0032253157819431724 -0.0065282561340409889 -0.00061435932382810645 0.0039565925710710603 -3.5326091816925699e-05 -0.0040237492789831492 0.010446604724280557 -0.0035524617604183462 -0.0047852598674239999 -1.2652666320334128e-06 0.0065311050576419396 -0.0056704141292601351 -0.0011173930031927752 -0.0094715700391904481 -0.00093263230228539948 -0.00042422596541572823
leaf_weight=77 104 41 44 103 110 53 70 410 57 40 112 56 45 86 147 124 266 344 1033 1947 8989 1181 2398 13855 1342 212 982 75 63 54 52 51 56 62 60 53 235 50 66 103 83 86 40 47 99 45 59 58 539 569 484 74 50 71 54 45 58 54 56 150 50 168
leaf_count=77 104 41 44 103 110 53 70 410 57 40 112 56 45 86 147 124 266 344 1033 1947 8989 1181 2398 13855 1342 212 982 75 63 54 52 51 56 62 60 53 235 50 66 103 83 86 40 47 99 45 59 58 539 569 484 74 50 71 54 45 58 54 56 150 50 168
internal_value=-0.000158597 -0.00395242 0.00239521 -2.44141e-05 1.49656e-05 -0.00214172 -0.0104972 0.000262209 0.00503268 0.0108541 -0.0104651 -0.0148148 0.000149004 0.00382436 -0.000590219 0.0090535 0.0120513 0.00347044 2.40732e-05 -0.000827554 -0.00172666 0.000609195 -0.00265911 0.00135584 0.00476731 -0.00125364 -0.00193798 0.00494186 -0.00186813 0.00333333 0.0143478 -0.00464396 -0.00310078 0.0030303 -0.0103448 0.0109865 0.0157895 0.0115385 -0.00471698 -0.0100897 0.0169118 -0.0179487 -0.022 -0.00876289 0.004 0.000209205 0.00673077 -0.00415162 0 0.00161002 -0.00254958 -0.02625 0.024359 -0.00418848 -0.00703422 -0.00427136 0.00179856 -0.0106061 0.002 -0.00583039 -0.0052 -0.00663717
internal_weight=38147 1293 658 36854 36751 3772 352 32979 765 552 635 368 32214 1059 583 476 390 389 31155 12688 10936 18467 3431 15036 1752 3420 3086 334 445 210 105 1282 248 132 116 213 342 104 106 213 136 312 200 194 150 229 104 267 1804 1108 696 160 107 382 253 199 129 99 100 1132 125 226
internal_count=38147 1293 658 36854 36751 3772 352 32979 765 552 635 368 32214 1059 583 476 390 389 31155 12688 10936 18467 3431 15036 1752 3420 3086 334 445 210 105 1282 248 132 116 213 342 104 106 213 136 312 200 194 150 229 104 267 1804 1108 696 160 107 382 253 199 129 99 100 1132 125 226
cat_boundaries=0 7 9 15 21 28 33 35 42 49 51 57 64 70 76 83 90 97 103 109 115 121 123
cat_threshold=547422469 17563936 532612 136332800 1088421905 573571072 4 1789919645 6373674 0 0 4 134217728 1077936128 536870912 12603648 2684496384 2189459480 18 677429760 25171977 28672 16 0 1140850752 16384 33024 128 20480 536870912 8388608 2 134217728 1208385572 1054852 10485764 288 0 512 1 33554432 4 524288 0 0 8 0 0 128 262144 2101248 335612092 3674368 4329728 1073746176 25432098 1088 268980240 67120136 553648128 603984002 525312 0 161 872483052 1576960 6312192 3221242112 17039474 1604 135184 6291472 0 1140850728 32 268435728 16 4204552 293601280 603979906 524288 67125252 48 0 1024 2147483648 67244032 0 0 160 0 131072 512 131072 1056 0 1 20736 536870912 8388624 18 675315712 8390657 8404992 2684355072 8 0 0 4096 0 0 0 67108864 0 67174400 655368 0 2818572288 24 8192 8388608 167772164 2179072
is_linear=0
shrinkage=0.05


Tree=127
num_leaves=63
num_cat=23
split_feature=4 2 0 1 4 11 2 2 2 6 1 6 6 6 0 0 11 2 6 6 4 1 1 4 5 1 4 4 9 4 1 3 6 5 9 11 6 0 6 9 9 6 0 9 9 9 2 0 0 6 3 11 9 3 9 8 0 4 8 9 0 9
split_gain=7.26837 14.8753 9.64367 7.80273 15.467 8.67992 16.0387 9.18166 5.75685 6.27778 5.70497 8.05478 6.47408 5.60548 11.66 5.5905 5.55603 8.80184 6.0503 5.86275 5.40519 30.1603 11.8364 8.35682 7.90048 8.41694 18.6991 7.75742 8.78548 7.75425 5.11083 7.23696 5.06179 4.89293 4.82752 5.97932 4.76431 5.2498 4.66976 4.53543 5.5193 4.49308 4.47422 4.47122 12.3067 8.14439 4.36337 8.2557 4.15984 4.06923 4.06611 3.83617 3.73949 7.26716 7.00171 5.51623 4.59417 3.17186 4.86918 4.59096 3.9856 3.12989
threshold=0 1 2.0955774491224504 2 3 1.5000000000000002 4 5 6 62.500000000000007 7 321.50000000000006 257.50000000000006 14.500000000000002 1.8427855675494242 1.4840939828174589 22.500000000000004 8 30.500000000000004 75.500000000000014 9 10 11 12 4.5000000000000009 13 14 15 2.5000000000000004 16 17 18 225.50000000000003 2.5000000000000004 6.5000000000000009 13.500000000000002 261.50000000000006 2.1671669842329337 26.500000000000004 8.5000000000000018 10.500000000000002 105.50000000000001 1.634295548273905 10.500000000000002 9.5000000000000018 11.500000000000002 19 1.6237159635009863 1.4756593404066074 152.50000000000003 20 10.500000000000002 5.5000000000000009 21 3.5000000000000004 1.0000000180025095e-35 1.827403222628935 22 1.0000000180025095e-35 2.5000000000000004 1.5053288997519469 5.5000000000000009
decision_type=9 9 2 9 9 2 9 9 9 2 9 2 2 2 2 2 2 9 2 2 9 9 9 9 2 9 9 9 2 9 9 9 2 2 2 2 2 2 2 2 2 2 2 2 2 2 9 2 2 2 9 2 2 9 2 2 2 9 2 2 2 2
left_child=1 57 8 4 10 6 -5 49 -3 -10 12 36 -2 14 15 -6 20 19 -19 -18 21 27 50 -24 25 26 -22 -7 -29 -27 -15 46 -21 34 35 -11 37 38 -12 41 -41 -20 -26 44 -33 -45 48 -48 -32 -8 -23 -36 54 56 -9 -55 -54 60 59 -59 -1 -61
right_child=3 2 -4 5 13 16 7 52 9 33 11 -13 -14 30 -16 -17 17 18 39 32 24 22 23 -25 42 29 -28 28 -30 -31 31 43 -34 -35 51 -37 -38 -39 -40 40 -42 -43 -44 45 -46 -47 47 -49 -50 -51 -52 -53 53 55 -56 -57 -58 58 -60 61 -62 -63
leaf_value=7.8745441323463402e-05 -0.0049750719370032451 -0.004609357518004684 0.0070289299376839814 0.022564929343529324 0.0024958881060069271 0.00063974856392408081 -0.0063053966669931322 0.0033946370230142856 -0.010985219692511639 -0.0005858338116864481 -0.001819123682016774 -0.015787070315778095 0.0035307054019945387 0.00018219616757518821 0.01872507790326261 -0.002664063636352465 0.0050804873080396501 -0.0035262177573023527 -0.0031655283589737907 0.027399065850881033 -0.0066900377527578936 0.002395681479423914 0.0063832555419704954 0.00013877616580615371 -0.0093415404959104921 0.00021971314711423108 -0.00017258750631778954 0.00077680046518426309 -0.0051865231069662451 -0.00026725336944871116 0.0023418194956387169 -0.0020863945408944986 0.003637906503792965 0.0086975336917318839 -0.006972469408337025 -0.011193572888068357 0.0039602576266839053 0.00063540177965966122 -0.0082308656922746581 0.022107999492908925 0.0017070803229920274 0.0035624580824497377 -0.024869462230856801 0.0058020345130085811 -0.006743821131716077 -0.0059818948804613971 0.0001405454013929275 0.016294404092274267 -0.010466659351704544 0.00065673129347592067 0.014116498608597962 1.2761815631565089e-05 -0.013387226604836135 0.0018667352850993081 0.016475344805457568 0.01993130516506322 0.0069410408579082764 -0.001005351197649651 -0.011016855720982321 0.0047247469095396399 0.013641029901435509 0.00022297076041177257
leaf_weight=104 147 102 41 118 44 109 72 65 43 66 106 90 71 1659 42 101 101 64 69 86 945 208 415 977 41 16408 4910 80 412 7242 46 663 51 44 64 59 57 57 180 54 76 129 43 109 77 69 208 76 87 45 165 140 63 101 52 57 40 43 61 62 105 126
leaf_count=104 147 102 41 118 44 109 72 65 43 66 106 90 71 1659 42 101 101 64 69 86 945 208 415 977 41 16408 4910 80 412 7242 46 663 51 44 64 59 57 57 180 54 76 129 43 109 77 69 208 76 87 45 165 140 63 101 52 57 40 43 61 62 105 126
internal_value=-0.000142868 -0.00420561 -0.00975395 -2.56085e-05 -0.00214157 0.000222838 0.00611746 0.00188119 -0.0117761 -0.0084507 -0.00877437 -0.0118 -0.00175439 -0.000642432 0.00775401 0.00103448 0.000112015 0.0047619 0 0.0120968 2.03411e-05 0.00231481 0.00560563 0.00342368 -0.000163857 -0.000120319 -0.00181586 -0.00728314 -0.00996016 0.000300085 -0.001169 -0.00345725 0.0193431 -0.00656836 -0.00866261 -0.0164 -0.009 -0.0112245 -0.013986 0.0027439 0.01 -0.0020202 -0.0154762 -0.00592672 -0.0077027 0.0011236 0.00199063 0.00544218 -0.00524476 -0.00984252 0.0134465 -0.00392157 0.0056701 0.00249042 0.0132479 0.00892857 -0.00752212 0.00205479 -0.0013245 0.00194805 0.006621 0.00531915
internal_weight=38147 1060 559 37087 3889 33198 613 495 518 416 708 490 218 3181 187 145 32585 630 392 238 31955 2366 1765 1392 29589 29505 5855 601 492 23650 2994 1335 137 373 329 125 400 343 286 328 130 198 84 918 740 178 417 284 133 117 373 204 378 261 117 158 103 501 292 231 209 188
internal_count=38147 1060 559 37087 3889 33198 613 495 518 416 708 490 218 3181 187 145 32585 630 392 238 31955 2366 1765 1392 29589 29505 5855 601 492 23650 2994 1335 137 373 329 125 400 343 286 328 130 198 84 918 740 178 417 284 133 117 373 204 378 261 117 158 103 501 292 231 209 188
cat_boundaries=0 6 8 14 20 22 24 26 32 34 41 47 53 60 66 73 80 87 93 95 97 100 103 109
cat_threshold=547684609 17563904 532485 136332800 1088421904 571474176 1445987245 6291712 14832032 139776 2181070873 134221840 39862784 8391693 2148143112 71434240 2281701376 1073741968 286784 268468224 1057280 2195456 3221356548 3072 2147491842 536704 8388608 8192 2147483648 4112 512 1025 3322029584 526336 2214739544 67278848 67108864 1074792452 819744 136315008 5 1384448 75497488 2425536 538968128 67375116 69501184 150995456 536870913 5243904 2147483652 524544 1114112 2147484688 67272704 0 1074790404 262144 2097152 4 872417792 771755009 1490029568 655372 1611137154 4368 268435488 1080 2147483648 67112960 16448 67141632 128 135168 2048 0 0 557056 0 4 268959776 1080 2550136960 612372592 9284 2424406016 160 6308256 512 2181038097 134217728 4194304 8390656 211816448 679477248 32768 17825800 336593224 0 1 10485760 1075838976 8 8388608 0 4 0 1077936128 570425344
is_linear=0
shrinkage=0.05


Tree=128
num_leaves=63
num_cat=24
split_feature=4 2 11 4 7 3 1 3 7 4 1 4 2 7 1 2 5 11 2 2 1 4 4 3 3 2 7 7 1 9 1 11 7 9 9 3 0 11 4 0 7 7 11 11 7 0 11 7 9 9 0 9 11 11 9 11 11 0 11 0 9 11
split_gain=7.66358 19.1766 6.35837 6.70513 8.17067 5.81089 6.05726 16.5145 10.8627 9.45743 9.35416 8.57631 29.3349 8.58892 8.51746 7.88168 7.28435 6.80094 17.6309 10.0057 6.68933 13.5744 8.50625 5.9389 5.65633 10.8215 5.42242 5.39473 19.2167 7.73732 7.27939 8.02205 5.33927 5.26242 5.03698 4.88744 4.80177 4.7243 4.71045 4.66689 4.40807 4.07899 3.60737 3.39833 3.25039 3.1151 3.07349 3.44006 4.5953 3.04381 2.92816 4.28567 2.60477 5.69588 4.93734 2.40557 2.32295 2.29495 2.1809 2.14398 1.14854 1.09971
threshold=0 1 20.500000000000004 2 2.5000000000000004 3 4 5 3.5000000000000004 6 7 8 9 1.5000000000000002 10 11 4.5000000000000009 1.5000000000000002 12 13 14 15 16 17 18 19 1.0000000180025095e-35 4.5000000000000009 20 10.500000000000002 21 19.500000000000004 1.5000000000000002 6.5000000000000009 10.500000000000002 22 2.0264547362032785 16.500000000000004 23 1.634295548273905 3.5000000000000004 5.5000000000000009 15.500000000000002 16.500000000000004 2.5000000000000004 1.6668063146013823 9.5000000000000018 4.5000000000000009 8.5000000000000018 10.500000000000002 1.46987244908157 8.5000000000000018 9.5000000000000018 13.500000000000002 5.5000000000000009 13.500000000000002 12.500000000000002 1.8157920785122299 15.500000000000002 1.675692386474688 7.5000000000000009 13.500000000000002
decision_type=9 9 2 9 2 9 9 9 2 9 9 9 9 2 9 9 2 2 9 9 9 9 9 9 9 9 2 2 9 2 9 2 2 2 2 9 2 2 9 2 2 2 2 2 2 2 2 2 2 2 2 2 2 2 2 2 2 2 2 2 2 2
left_child=1 36 3 4 42 56 7 8 10 -10 45 12 14 43 34 55 17 18 -13 -20 21 -19 -22 33 25 44 -5 30 29 -29 38 -32 -27 -12 58 -17 50 -30 -26 -18 -6 59 -3 57 -9 -7 -28 48 -48 -34 60 61 54 -54 -16 -15 -2 -14 -8 -11 -1 -52
right_child=5 2 -4 26 40 6 11 24 9 41 23 16 13 15 52 35 39 20 19 -21 22 -23 -24 -25 27 32 46 28 37 -31 31 -33 49 -35 -36 -37 -38 -39 -40 -41 -42 -43 -44 -45 -46 -47 47 -49 -50 -51 51 -53 53 -55 -56 -57 -58 -59 -60 -61 -62 -63
leaf_value=-0.0025769301953154859 0.0030682215119524959 0.00088101502662875093 0.0081447415913384526 0.0045437151600331016 0.037416839839632225 0.0049531168693490446 -0.0016186847243381487 0.013421415165901007 0.0038142828846304102 -0.0014136534686382319 -0.011759367446692648 0.014591983825983874 -0.010938726512726449 0.0073785300191166192 0.0064994402938639458 -0.0074272958024276864 -0.0059179051186420192 -0.0046651099794881804 -0.0075299304165700083 0.003308134583757727 -0.00027185490898991581 -0.00010243446561539749 0.0002011053416329678 -0.019460790850303319 0.012926048976136667 -0.0091280101028799101 -0.013131527121080344 -0.010575643551591025 0.00076783735912832609 -0.0010238902926301252 -3.2169564233519577e-06 -0.0059056515362707401 0.00078051959241479682 -0.0030605326022567162 0.011208726424870375 0.00011889757441141402 -0.0012157498631589104 -0.0009649061778172264 0.00053756024635444051 -0.018307839282312287 0.0033305026828287509 -0.01143341567776926 -0.0051297772593477432 -0.0010213997293906929 0.029261862989717849 -0.0026764451806186476 -0.0011550911337579461 -0.0016927236455832996 0.0029632965382395296 -0.00049501697100232112 -0.003670058177366087 -0.0065881340225939951 0.00085637626183399096 0.016697781305817613 0.026541164555047892 0.0080834606635103012 0.024743243434949377 -0.0020789338364361255 0.0042078176622590341 0.00069365537924311884 -0.00095781830339894966 -0.0096568887183032422
leaf_weight=47 47 66 40 51 44 68 128 53 103 52 153 118 97 50 50 109 42 1005 108 343 4866 4976 19266 110 304 76 63 153 448 59 1842 288 158 129 41 195 81 278 313 45 93 55 41 52 75 49 148 84 67 45 58 60 157 244 59 58 68 42 56 55 56 60
leaf_count=47 47 66 40 51 44 68 128 53 103 52 153 118 97 50 50 109 42 1005 108 343 4866 4976 19266 110 304 76 63 153 448 59 1842 288 158 129 41 195 81 278 313 45 93 55 41 52 75 49 148 84 67 45 58 60 157 244 59 58 68 42 56 55 56 60
internal_value=-8.25753e-05 -0.00425631 0.000636492 -0.000532725 0.00590551 3.77379e-05 1.35197e-06 -0.00164069 -0.00829082 -0.000188679 -0.0126719 0.000250646 0.0041543 -0.00399674 0.0108054 0 7.95997e-05 0.000120592 0.00553603 0.000759219 1.82645e-05 -0.00147722 0.000389363 -0.0161692 -0.000365675 0.00515588 -0.00437352 -0.000987821 -0.00426439 -0.0171171 0.000127412 -0.00126168 -0.000519031 -0.0113014 0.00234043 -0.00414013 -0.0134409 -0.000271739 0.00486443 -0.0143678 0.0142336 -0.00755814 -0.00420561 -0.0128272 0.0166667 0.000393701 -0.00662983 -0.00451505 -0.00116279 0.00369458 -0.0169039 -0.0207865 0.0144231 0.0128429 0.0215596 0.0110169 0.0108 -0.0169065 -0.00108696 -0.00233645 -0.0101942 -0.0152542
internal_weight=38147 1059 697 657 244 37088 36973 4866 774 265 509 32107 1338 603 735 412 30769 30682 569 451 30113 5981 24132 392 4092 407 413 3685 938 212 2747 2130 279 282 225 304 362 726 617 87 137 162 107 191 128 117 362 299 215 203 281 178 510 401 109 108 115 139 184 107 103 118
internal_count=38147 1059 697 657 244 37088 36973 4866 774 265 509 32107 1338 603 735 412 30769 30682 569 451 30113 5981 24132 392 4092 407 413 3685 938 212 2747 2130 279 282 225 304 362 726 617 87 137 162 107 191 128 117 362 299 215 203 281 178 510 401 109 108 115 139 184 107 103 118
cat_boundaries=0 7 9 15 17 23 25 31 37 43 45 51 53 55 57 63 69 76 78 81 82 88 94 96 102
cat_threshold=2694907136 17563904 532484 673203712 1088421904 571473920 4 2148115042 670848 65536 0 4 134217728 1073741824 570425344 16777216 4198400 12996784 134359040 33589265 134234128 574669312 8391685 6095108 2149105664 524288 0 134217728 16 0 268435456 8650752 0 0 0 4194304 8388608 395784 67245056 67108993 5253120 537133056 136365184 2586093235 4354570 671096832 64 4325664 2097216 268435456 33554432 8388612 592128 269492736 8486912 1073872900 2103424 67112192 537919553 3490709512 1611140096 136970314 21496088 0 3145736 2147483648 67113088 16386 67371024 268451872 13631520 830489090 131138 9220 8388612 16 786692 16384 3363831811 8194 1 1343357185 282752 0 0 134217728 512 1 282784 2048 1 0 0 5 1048832 2148532224 0 0 0 4104 0 75563008
is_linear=0
shrinkage=0.05


Tree=129
num_leaves=63
num_cat=36
split_feature=1 3 1 6 3 1 9 1 1 3 6 9 1 6 3 0 7 0 1 7 11 7 9 11 0 9 1 1 3 1 3 1 3 1 3 3 1 1 11 1 3 1 3 2 11 1 9 3 1 6 3 1 9 11 2 1 6 1 9 6 7 7
split_gain=5.37291 11.6469 7.7822 8.40071 7.38471 10.1243 8.33309 14.145 9.80869 9.22377 8.81064 13.7502 7.93375 7.80834 7.50803 6.8906 6.52732 6.69318 6.31868 12.8133 14.5051 8.30303 14.4156 8.43106 6.24496 6.06381 28.4384 27.2551 15.7708 15.6453 15.1235 14.9991 16.0832 13.8566 19.1142 15.505 37.6362 15.4375 12.5913 9.97983 9.72857 11.3357 9.02125 13.3198 11.1378 8.89124 12.7371 8.81588 9.67481 8.53483 8.39855 9.49446 10.8227 8.40839 12.2672 8.86284 10.2344 8.24591 8.49788 8.21132 20.8532 11.3241
threshold=0 1 2 168.50000000000003 3 4 7.5000000000000009 5 6 7 206.50000000000003 1.5000000000000002 8 293.50000000000006 9 1.9513196178497425 4.5000000000000009 1.7601027725027165 10 1.0000000180025095e-35 16.500000000000004 2.5000000000000004 5.5000000000000009 13.500000000000002 1.4506897767776012 6.5000000000000009 11 12 13 14 15 16 17 18 19 20 21 22 15.500000000000002 23 24 25 26 27 13.500000000000002 28 2.5000000000000004 29 30 251.50000000000003 31 32 1.5000000000000002 12.500000000000002 33 34 48.500000000000007 35 4.5000000000000009 528.50000000000011 1.5000000000000002 3.5000000000000004
decision_type=9 9 9 2 9 9 2 9 9 9 2 2 9 2 9 2 2 2 9 2 2 2 2 2 2 2 9 9 9 9 9 9 9 9 9 9 9 9 2 9 9 9 9 9 2 9 2 9 9 2 9 9 2 2 9 9 2 9 2 2 2 2
left_child=1 2 3 -1 5 -3 7 10 9 -8 11 -6 -13 -12 -10 -4 -16 -18 19 20 -7 22 -21 -23 -11 26 28 30 29 -2 39 50 45 34 38 36 -35 -37 -29 -27 41 -39 43 44 -34 46 -33 -36 -49 -47 53 52 -52 54 -28 56 -55 58 -44 -32 -61 -62
right_child=25 4 15 -5 6 18 8 -9 14 24 13 12 -14 -15 16 -17 17 -19 -20 21 -22 23 -24 -25 -26 27 31 33 -30 -31 59 32 42 35 47 37 -38 40 -40 -41 -42 -43 57 -45 -46 49 -48 48 -50 -51 51 -53 -54 55 -56 -57 -58 -59 -60 60 61 -63
leaf_value=-0.0065638281411274924 0.0052756495259337569 0.0071671039343215621 -0.0072077725117911107 0.012277127422743195 -0.0070266896629234358 0.023231200679166383 -0.000109385033929027 -0.0015109740211606438 -0.0026074584370745502 -0.00071851144871946666 0.02263498180109981 0.025895599227414984 -0.00042485055744985738 0.0011027742133526836 0.0035373568378364363 -0.020765014820843732 0.00061298596483520546 -0.011180060241683387 -0.0023672211395595749 0.006844863701849402 -0.0020568990857095406 -0.0037949616559232544 -0.0040670697890593131 0.0050690736367048628 -0.01228310078679893 0.0051458047795894142 0.001169905614564426 -6.1248449435519217e-05 -0.0046603820127555816 -0.0013982563535094973 0.0053188788402290139 0.016968318128934869 -0.008187908885437847 -0.0052452150979861341 -0.0014554412205857626 0.0050142328557699293 0.00062260832802616415 -0.000604011599379492 0.014418096872842612 -0.0029269349357000764 4.1737008886943987e-05 0.0061021092025503156 -5.9070184065324054e-05 0.0080949285370969688 0.0018765502684621683 -0.0093004633051801625 -0.0081207699329439841 -0.00058140441364278874 -0.0099093630057663709 -0.0024524339747925453 0.019651658465974487 0.0066648444676608472 -0.00063112510150018517 -0.015291349795201636 -0.011073576875284631 0.0061667316846967914 0.0018770024917850793 0.00026709628927688579 -0.0029436437098742997 0.0019432953739240589 -0.018808519863856701 -5.9052787857782899e-06
leaf_weight=41 275 347 274 72 55 76 342 840 227 173 139 102 266 186 365 41 69 56 268 105 45 208 204 303 318 255 217 384 1789 520 2161 47 102 892 2089 1608 1363 216 237 274 6989 473 1853 265 108 221 73 286 351 265 108 800 461 83 247 441 256 5818 1357 43 50 48
leaf_count=41 275 347 274 72 55 76 342 840 227 173 139 102 266 186 365 41 69 56 268 105 45 208 204 303 318 255 217 384 1789 520 2161 47 102 892 2089 1608 1363 216 237 274 6989 473 1853 265 108 221 73 286 351 265 108 800 461 83 247 441 256 5818 1357 43 50 48
internal_value=-5.37395e-05 -0.00155885 -0.00936073 0.00203252 -0.000829082 0.00197957 -0.00222363 0.000314861 -0.00483871 -0.00848161 0.00527704 0.000591017 0.00407609 0.0115385 -0.000481431 -0.0133846 0.003 -0.0068 -0.000205086 0.00173502 0.0169421 -0.000487805 -0.00695793 0.00342466 -0.0128743 0.000180112 -0.000548804 0.000809865 -0.00531997 0.000559006 0.00529743 0.000424128 -0.000449649 -4.69862e-05 -0.00287459 0.000774825 -0.00293598 0.00167814 0.00499208 -0.00231911 0.000741415 0.00636624 5.78156e-05 0.00670103 -0.00272727 -0.00827922 0.00384615 -0.00467836 -0.00981453 -0.0112903 0.00379337 0.00649021 0.00146805 0.000797448 -0.00452586 0.00397436 -0.002149 -0.000298739 -0.00232919 0.00705017 -0.00460993 -0.0173469
internal_weight=38147 5122 428 113 4694 1556 3138 1588 1550 833 748 423 368 325 717 315 490 125 1209 941 121 820 309 511 491 33025 15306 17719 2584 795 2831 12722 10109 14888 3347 11541 2255 9286 621 529 7678 689 9503 475 210 606 120 2726 637 486 2613 1369 569 1244 464 780 339 9028 3210 2302 141 98
internal_count=38147 5122 428 113 4694 1556 3138 1588 1550 833 748 423 368 325 717 315 490 125 1209 941 121 820 309 511 491 33025 15306 17719 2584 795 2831 12722 10109 14888 3347 11541 2255 9286 621 529 7678 689 9503 475 210 606 120 2726 637 486 2613 1369 569 1244 464 780 339 9028 3210 2302 141 98
cat_boundaries=0 6 9 15 17 23 29 35 38 43 45 51 57 63 66 72 74 80 82 88 90 93 99 105 111 114 120 123 125 131 134 139 141 147 149 155 161
cat_threshold=583160224 134359552 2191523848 537001984 574636544 12583944 268968514 1081415 2 131200 8192 0 131072 4194304 8389632 1216612640 18882592 8405248 8704 8388616 0 33554432 4195328 46272512 134217728 2149580808 0 4194816 8388608 8519680 134225920 2097160 0 37749248 12583936 4101 679477256 8 135168 0 0 0 4194816 2147487744 142622744 536870912 134217728 2149580800 537001984 0 8388608 336668674 1153 134218496 1107563729 160374784 18432 336603138 16778368 134234880 266449 161685504 180756 287113256 1082671105 11 8192 128 256 33554496 8650752 18432 262146 1610629151 1073741832 2786066688 16781553 343933218 3221263748 50331904 1073742208 17309699 1074003968 2786066692 18003056 335544320 3221265668 17301760 2156405122 1217396740 3235385609 143687744 8 134841409 2670673 67174405 2164260868 336068712 1312770 99392 2129921 67174404 3238068228 268959808 264194 8192 0 134217728 266257 150994944 4 67108932 532483 2 16 0 268697600 41959424 17 1118208 2836402176 32800 2 2150793232 2103296 17301504 0 5242880 2048 32 67108866 3313728 2686476289 8 1074003968 33554432 9312 0 4100 77893796 10485826 0 2181038080 16777360 67108896 37888 16777472 134774816 8929288 0 605028352 33 268435456 4 16777216 16811076 1091076208 71909380 2148089860 10 67141846
is_linear=0
shrinkage=0.05


Tree=130
num_leaves=63
num_cat=39
split_feature=4 2 1 4 9 9 1 4 3 9 6 6 2 2 3 4 1 1 7 1 4 1 6 4 9 1 3 1 9 2 1 6 3 9 3 2 1 3 1 3 4 1 1 6 7 6 4 6 1 6 6 1 1 6 6 1 6 7 2 10 2 7
split_gain=8.77669 13.9026 9.32702 7.39493 6.88337 9.57992 6.56775 18.6034 9.98418 9.1913 6.26939 6.17299 6.0008 5.57419 6.69156 5.12911 49.163 24.8371 13.2935 11.8029 21.212 14.4478 11.5727 9.43399 9.43394 27.4814 15.8563 13.6808 12.1665 18.5674 10.4042 9.88803 9.71547 9.21493 8.62304 14.7067 11.9588 7.76294 7.59803 11.6169 7.42709 27.6579 14.4749 7.2625 7.16334 6.89908 6.15751 5.83434 5.57843 5.2103 4.90885 12.7337 7.45816 8.07183 6.87192 4.81237 4.80891 4.29621 4.05248 4.04136 3.87937 3.81861
threshold=0 1 2 3 6.5000000000000009 10.500000000000002 4 5 6 4.5000000000000009 253.50000000000003 674.50000000000011 7 8 9 10 11 12 4.5000000000000009 13 14 15 1385.5000000000002 16 3.5000000000000004 17 18 19 5.5000000000000009 20 21 373.50000000000006 22 1.5000000000000002 23 24 25 26 27 28 29 30 31 9.5000000000000018 3.5000000000000004 528.50000000000011 32 44.500000000000007 33 15.500000000000002 73.500000000000014 34 35 245.50000000000003 180.50000000000003 36 65.500000000000014 1.0000000180025095e-35 37 1.0000000180025095e-35 38 2.5000000000000004
decision_type=9 9 9 9 2 2 9 9 9 2 2 2 9 9 9 9 9 9 2 9 9 9 2 9 2 9 9 9 2 9 9 2 9 2 9 9 9 9 9 9 9 9 9 2 2 2 9 2 9 2 2 9 9 2 2 9 2 2 9 2 9 2
left_child=1 3 10 -1 -5 -6 7 9 57 12 -3 50 -2 -11 -15 16 43 18 23 20 21 -17 38 47 25 26 60 28 29 -26 37 -32 -30 -23 35 44 59 -27 39 -22 42 -42 -29 -8 -19 -28 -20 -18 -25 -40 51 -10 54 -54 -52 -45 -48 -9 -38 -36 -21 -59
right_child=6 2 -4 4 5 -7 15 8 11 13 -12 -13 -14 14 -16 19 17 34 46 24 22 33 -24 48 27 30 45 40 32 -31 31 -33 -34 -35 36 -37 58 -39 49 -41 41 -43 -44 55 -46 -47 56 -49 -50 -51 52 -53 53 -55 -56 -57 -58 61 -60 -61 -62 -63
leaf_value=-0.00069444729046483919 -0.0018469846240788124 -0.0010471183371266624 -0.0037050082205673882 0.0052601631074447935 -0.0027134769818729365 0.018139771772605364 0.00033202381655582651 0.012139653479376178 -0.00013987453220261348 -0.0091055681647895688 0.0055911470927865643 0.00035095462155825821 0.0024004429031756038 -0.010205166870537231 0.00082769272093702329 0.0052732901594412353 -0.0057448852585339051 -0.01296744332609669 0.0060762212953668487 -0.0028270387735661318 0.030799853812832564 0.0062297854158230252 0.028449004119663609 0.007442944427591836 0.030804608777303025 0.00033125296988363307 -0.0074202732855436554 -0.0012861383121113735 0.0040475790402089932 0.0011153838818348416 0.0024075536520925312 -0.001235347173053708 5.1333776107198586e-05 -0.0085083286543329185 -0.0024095445577615505 0.0008295076218108044 0.0077891264629334489 -0.0024812924003972006 0.0012895535976467755 -0.00022988752878473352 -0.005600440216308256 0.00030072324828738233 0.0004011868467525215 -0.0095576674872113864 -0.00092695341969557539 -0.02069470494657031 -0.0061101362970502953 0.012336409108913116 0.024028328367715915 -0.0016816448958095005 -0.0043510625931751758 0.0062237030271602989 0.00041728057137435659 -0.00048276649619597437 0.0010673247905012451 -0.0035315291661705776 0.00023754412455309073 0.00016209397268303062 0.00085103571684402857 0.0013890695898680307 0.0066055157272868932 0.0072653079027977909
leaf_weight=117 104 56 486 166 122 40 80 45 574 225 49 83 203 101 112 120 60 127 116 140 102 54 46 221 249 929 1233 2303 823 795 1399 158 3476 706 426 652 315 874 57 1869 1626 2937 7339 467 97 47 49 72 379 910 409 659 674 274 305 504 77 82 833 279 204 111
leaf_count=117 104 56 486 166 122 40 80 45 574 225 49 83 203 101 112 120 60 127 116 140 102 54 46 221 249 929 1233 2303 823 795 1399 158 3476 706 426 652 315 874 57 1869 1626 2937 7339 467 97 47 49 72 379 910 409 659 674 274 305 504 77 82 833 279 204 111
internal_value=-7.20895e-05 -0.00458891 -0.00956739 0.00208791 0.00591716 -0.00123457 5.52248e-05 0.00197683 0.00362678 -0.00509934 0.00391304 0.00281124 0.0014658 -0.00981735 -0.00336323 -0.00017491 0.00134341 0.00405333 0.010874 -0.000429487 -0.00299432 -0.00977528 -0.000968604 0.0143443 -2.44479e-05 -0.00196629 -0.00728274 0.000470636 0.0026247 0.00747126 0.000623145 0.00360562 0.00145383 -0.0123377 0.00158817 -0.00248307 0.00351583 -0.00195808 -0.00136147 0.000429076 -0.000341189 -0.00200087 0.000445504 -0.00815269 -0.0132479 -0.00984496 0.000826446 0.00140845 0.0168852 -0.00496418 0.00243523 0.00482563 0.000661853 0.00354906 -0.0031768 -0.00942327 -0.00661765 0.0133065 0.0066494 -0.00160839 0.00225989 0.0106218
internal_weight=38147 1036 591 445 328 162 37111 3961 3216 745 105 2978 307 438 213 33150 4754 3703 974 28396 3864 880 2984 732 24532 4984 1624 19548 5343 1044 3360 1557 4299 760 2729 876 1853 1803 2938 1971 14205 4563 9642 1051 224 1280 242 132 600 967 2895 1233 1662 948 714 971 126 238 1148 705 344 193
internal_count=38147 1036 591 445 328 162 37111 3961 3216 745 105 2978 307 438 213 33150 4754 3703 974 28396 3864 880 2984 732 24532 4984 1624 19548 5343 1044 3360 1557 4299 760 2729 876 1853 1803 2938 1971 14205 4563 9642 1051 224 1280 242 132 600 967 2895 1233 1662 948 714 971 126 238 1148 705 344 193
cat_boundaries=0 7 9 15 21 27 34 37 39 41 43 50 56 62 68 74 79 85 91 94 100 102 108 111 114 116 122 124 130 132 139 145 151 157 162 167 173 179 181 183
cat_threshold=2703298816 285999360 8325 144729600 1082130432 2182086656 4 714342445 6293794 16 0 8192 2097169 1 1048576 2684354560 256 0 0 8388608 33554432 273719306 1048577 3246391948 1082655014 2147680640 33296 8 1049616 2281701376 208 16386 343932928 32 2432696323 8193 1 0 164384 335552770 20480 262144 2818572288 271376 68197396 2441609216 2151680192 49186 269222144 32 604573696 2149610080 327680 2550415360 77 118620160 1224999488 17301648 1065984 67307520 71831552 346368 8520160 2196 102237200 67305600 1080840704 804864 657420 6291456 134217728 67239936 270400 536870928 8388608 0 0 131072 786432 0 1048576 2147483648 0 32 256 134241792 2365603840 4260096 855642121 8397893 33625090 65540 134234113 8 2684427264 2231386688 327936 2466254848 25175109 33620042 1082392584 8396800 589299729 585106752 270794848 3136 872415248 27263168 469795588 2148532225 8 33554497 8388610 2 134383649 8538118 33554436 138413056 402798592 33555473 536880640 10498054 8519845 2282242113 480 144 1573888 67108864 1077936640 542720 1052802 2148532224 655400 10625064 16896 604110884 270336 77661200 1 70008852 41216 270567456 136315905 234881058 20972805 1124336128 1086854144 134375425 2064 2056 139521 8192 0 2147483648 128 0 268435456 1073742400 16777232 16384 2048 67633152 268468226 0 2155872908 524292 65920 4235272 1048577 2164260864 1082130720 0 32768 67178496 8704 262144 2281979904 68 33685504 163841 19458 131088 1057792
is_linear=0
shrinkage=0.05


Tree=131
num_leaves=63
num_cat=28
split_feature=4 1 2 10 10 1 1 4 1 6 9 1 1 9 11 7 9 6 6 4 11 0 6 4 1 6 4 6 6 7 0 6 6 1 4 4 1 1 10 1 4 1 2 0 9 9 1 1 6 11 0 6 6 4 2 4 1 7 0 6 0 9
split_gain=7.96933 14.289 19.6921 8.53113 6.95381 9.25841 6.54232 16.09 9.75124 10.7743 8.05719 24.392 13.1549 11.107 9.76827 9.61223 9.54903 7.63516 7.43713 7.35493 8.59933 6.75492 6.45308 6.78617 6.20097 5.79171 5.69399 5.65986 5.63249 5.49517 5.27243 5.27189 5.11596 5.06423 20.3133 7.42857 49.7669 21.7396 10.8292 10.3029 10.5842 7.78244 7.17986 6.33873 10.7104 5.88472 5.85376 5.85334 7.90748 5.84347 5.35085 5.7142 5.43512 5.14856 7.88337 4.88961 8.03654 6.02867 4.7341 6.99756 5.43991 4.64275
threshold=0 1 2 1.0000000180025095e-35 1.0000000180025095e-35 3 4 5 6 32.500000000000007 7.5000000000000009 7 8 5.5000000000000009 20.500000000000004 1.0000000180025095e-35 11.500000000000002 296.50000000000006 89.500000000000014 9 11.500000000000002 2.0464731606825466 42.500000000000007 10 11 1656.0000000000002 12 315.50000000000006 217.50000000000003 3.5000000000000004 1.4370869605466039 176.50000000000003 237.50000000000003 13 14 15 16 17 1.0000000180025095e-35 18 19 20 21 1.5344395466156473 2.5000000000000004 7.5000000000000009 22 23 255.50000000000003 13.500000000000002 1.5852400175224981 309.50000000000006 45.500000000000007 24 25 26 27 1.5000000000000002 2.0886413411299105 251.50000000000003 1.4456063406144259 7.5000000000000009
decision_type=9 9 9 2 2 9 9 9 9 2 2 9 9 2 2 2 2 2 2 9 2 2 2 9 9 2 9 2 2 2 2 2 2 9 9 9 9 9 2 9 9 9 9 2 2 2 9 9 2 2 2 2 2 9 9 9 9 2 2 2 2 2
left_child=1 3 4 -1 5 -3 7 8 17 -10 12 22 13 19 15 -15 -13 -2 -11 20 -9 -21 -12 32 -4 33 -7 28 -6 -18 -25 -20 -24 34 43 36 41 -38 -39 40 42 -35 -37 44 -8 -43 -36 48 -45 -46 52 -52 -48 54 -41 56 -14 -58 59 -26 -61 -49
right_child=6 2 24 -5 27 26 25 10 9 18 11 16 55 14 -16 -17 29 -19 31 21 -22 -23 23 30 58 -27 -28 -29 -30 -31 -32 -33 -34 35 46 39 37 38 -40 53 -42 45 -44 47 49 -47 50 61 -50 -51 51 -53 -54 -55 -56 -57 57 -59 -60 60 -62 -63
leaf_value=0.0030359969643195778 0.00039846306915981567 -0.00099206359309821361 -0.00026804795693596839 0.015341558349966656 -0.0012650770268757168 0.00013135089012202838 0.0079153267203007967 -0.0097753455090601668 -0.010042560640748533 0.007540271624677403 -0.0018271482347802072 0.0073464321867141198 0.019934695449273461 0.0088721038793218576 0.0011388824131737252 -0.010086090501902218 -0.011045412886655837 -0.0097807887855297648 -0.0092505077776688927 0.0092674536425651887 0.0013107941731498986 -0.0023067738452109856 -6.1649798199370226e-05 -0.00040742663437307595 -0.008156975831657377 0.014828520672621926 0.011949658299725035 -0.0054459500218005247 0.0029106056759155064 0.0067116128933089603 0.0019189188423945347 -0.0018084096660330451 -0.010852477764683089 0.006460264655660331 0.001757508421354248 0.00066976168590251464 -0.0061283317443366018 -0.0013593015938898724 0.0012749486214821749 0.0009323089884614639 -0.00049084722409888375 0.0062741529366201589 -0.0081184455028162471 -0.0032971151350773445 -0.014779684040309849 0.020671893966052363 -0.01645786782789831 -0.0020682833031384186 -0.0085149386770616287 -0.002957872540987283 -0.00032476596637669999 0.012433854393168532 -0.0016016459120841153 9.788921700336837e-05 -0.0023209580762089065 0.0048530600530959592 0.0023749701548296254 -0.0059065649641966422 -0.00027528205422183705 0.002174181698552441 -0.0066957250226417969 0.0026171652947560853
leaf_weight=68 456 106 136 43 88 144 44 178 77 74 165 697 102 42 47 272 58 124 62 128 285 55 147 112 186 160 160 112 94 44 189 190 44 572 851 129 511 1145 1216 112 4854 231 432 259 132 146 49 237 66 133 352 58 151 19980 382 574 93 186 51 46 158 152
leaf_count=68 456 106 136 43 88 144 44 178 77 74 165 697 102 42 47 272 58 124 62 128 285 55 147 112 186 160 160 112 94 44 189 190 44 572 851 129 511 1145 1216 112 4854 231 432 259 132 146 49 237 66 133 352 58 151 19980 382 574 93 186 51 46 158 152
internal_value=-9.17503e-06 -0.00370899 -0.00522851 0.0128099 0.000420168 0.00463415 0.000131919 0.00193834 -0.00367573 -0.00956416 0.00355893 0.00638736 0.00147808 -0.00250737 -0.00955679 -0.0127389 0.0121755 0.000508475 -0.00582822 0.00139319 -0.00200846 0.00958549 -0.000824588 0.00203252 -0.0120102 -0.000114325 0.0089172 -0.00544218 0 -0.00196078 0.00659164 -0.00992063 -0.00522388 -0.000161521 -0.00232558 2.01884e-05 0.00207518 -0.00121443 0.000822438 -0.000283795 -0.0022212 0.0119395 -0.008669 -0.00769603 -0.013754 0.0177003 0.00146159 -0.00518207 -0.01 -0.0175472 -0.00225806 0.00097561 -0.009 0.000229447 -0.0047619 0.00564767 0.0011509 -0.0032872 -0.0149667 -0.0171795 -0.0107843 -0.000877193
internal_weight=38147 1392 1281 111 704 410 36755 4401 983 403 3418 1456 1962 1007 361 314 799 580 326 646 463 183 657 492 577 32354 304 294 182 102 301 252 191 32194 2484 29710 3821 2872 2361 25889 5415 949 561 1023 309 377 1461 714 325 265 610 410 200 20474 494 955 381 279 441 390 204 389
internal_count=38147 1392 1281 111 704 410 36755 4401 983 403 3418 1456 1962 1007 361 314 799 580 326 646 463 183 657 492 577 32354 304 294 182 102 301 252 191 32194 2484 29710 3821 2872 2361 25889 5415 949 561 1023 309 377 1461 714 325 265 610 410 200 20474 494 955 381 279 441 390 204 389
cat_boundaries=0 7 13 15 21 27 33 39 45 51 57 63 69 75 81 88 95 101 107 113 120 126 127 133 139 144 146 153 158
cat_threshold=547422464 353108256 268443781 2115074 1082146820 571473920 20 8272 0 16384 2097168 1 1048576 1779433977 24315266 0 16384 272629760 33554432 0 67112960 282361858 5275664 2147484289 9961636 2147688832 16978 528392 131072 2147483648 67108992 9218 344195072 272924672 4194304 641 524320 65920 16386 8683520 5242896 129 8912896 2147484032 512 269484034 32768 2147484160 32 204800 16466 0 0 134217728 135208 0 65536 0 0 0 32 0 65536 524288 0 2147745792 536870912 0 33554432 8388608 0 0 2 8404992 33554432 201120 133376 100663296 268566546 136626688 17303561 143360 2097152 134217728 1140981952 4202496 67436560 160 278040 10241 2155889154 2147491972 2392066 2349072532 32 67111492 537403556 135414800 67437568 1887440928 33629440 16 2350907904 262400 570441728 2053 4 67652164 1611145380 135283728 69632 1892159520 9472 131104 1040 671088640 67108928 1088 32768 1 68 8192 134365184 67372032 268439552 33629440 69271556 135296 256 0 18 295424 526336 4256 256 100663296 0 262656 526336 285212672 3178496 83886080 143656960 536871424 1310768 65536 8192 0 0 4152 0 0 128 0 1048576 0 8388608 256
is_linear=0
shrinkage=0.05


Tree=132
num_leaves=63
num_cat=30
split_feature=1 4 4 2 4 1 5 11 2 3 4 3 1 1 9 7 4 11 5 2 3 1 4 3 11 4 1 1 9 9 11 2 11 11 0 0 0 0 7 1 4 1 11 2 7 3 7 11 0 0 11 0 11 1 4 7 7 1 7 9 9 11
split_gain=6.68303 19.1652 9.5038 13.421 7.72615 11.526 7.70952 7.346 17.7788 10.0981 6.25495 5.72078 11.9997 8.25629 5.7275 6.86167 6.12354 5.71385 5.62843 14.4256 6.70827 5.94361 16.4825 11.3283 10.2197 8.09561 35.413 17.7873 5.12767 4.76712 5.63049 4.54428 4.52665 4.15108 3.92243 3.80398 3.7712 4.66306 4.04288 6.05214 3.54439 4.36075 4.43569 4.34238 4.51936 3.52562 3.98812 3.33335 3.23225 3.11238 3.068 3.05517 3.66983 3.02884 3.56266 3.10548 2.99529 2.99363 3.50608 3.13162 2.96703 2.95887
threshold=0 1 2 3 4 5 3.5000000000000004 1.5000000000000002 6 7 8 9 10 11 4.5000000000000009 3.5000000000000004 12 16.500000000000004 3.5000000000000004 13 14 15 16 17 9.5000000000000018 18 19 20 10.500000000000002 8.5000000000000018 1.0000000180025095e-35 21 18.500000000000004 11.500000000000002 1.827403222628935 1.8115004993143324 1.9106913358725726 2.0886413411299105 5.5000000000000009 22 23 24 8.5000000000000018 25 3.5000000000000004 26 4.5000000000000009 18.500000000000004 1.7784882159872304 1.6944642783253936 11.500000000000002 1.9824135133014853 15.500000000000002 27 28 4.5000000000000009 1.0000000180025095e-35 29 4.5000000000000009 5.5000000000000009 6.5000000000000009 13.500000000000002
decision_type=9 9 9 9 9 9 2 2 9 9 9 9 9 9 2 2 9 2 2 9 9 9 9 9 2 9 9 9 2 2 2 9 2 2 2 2 2 2 2 9 9 9 2 9 2 9 2 2 2 2 2 2 2 9 9 2 2 9 2 2 2 2
left_child=1 -1 3 -2 5 17 11 8 -6 60 51 13 32 45 15 -15 56 33 21 -20 34 22 24 -24 -9 26 -23 -27 -18 49 -31 -7 53 -4 -21 -34 38 -38 39 -33 41 61 -43 44 -42 46 -3 -22 -12 -11 -45 52 -5 54 -13 -55 -16 59 -59 -47 -10 -14
right_child=2 6 4 10 7 31 -8 18 9 29 48 12 40 14 16 -17 28 -19 19 20 47 25 23 -25 -26 27 -28 -29 -30 30 -32 36 35 -35 -36 -37 37 -39 -40 -41 43 42 -44 50 -46 57 -48 -49 -50 -51 -52 -53 -54 55 -56 -57 -58 58 -60 -61 -62 -63
leaf_value=-0.0028446466655724536 -0.00069073703997315496 -0.012009486220832559 0.001230580493005895 0.00085750839906898477 -0.0091593614688249125 -0.0061047474847189089 0.0057714254248582564 0.010107101262889585 -0.015130513222046206 0.010371938634866308 0.017367156668739402 -0.0024646125322940193 0.0056767554045052404 -0.00147177489951576 0.016123209799117012 0.00074203989415692624 -0.0054770223467753955 0.011366016598120266 0.014518245443730477 -0.0095453562289453189 -0.0043916268086611537 0.0036585390175805756 0.00092579007578770804 -0.0015923091660926981 0.0012452544644923958 -0.0012560199622401848 -0.00028237224642171379 1.6900761436394741e-05 -0.00031121006166903167 -0.0024461367090609087 0.027809059671277336 -0.0027673147305875782 0.014556383988061828 -0.0030484998967916332 -0.025550034162235915 0.014808257774114965 -0.0093609276501673885 -0.0011625562893102293 -0.0018691266002428986 0.00010230326912890053 5.7225000590133138e-06 -0.023190089813299009 -0.0020071992063579458 -0.0051756454228094996 0.0083031792356511591 -0.0017925183272097162 0.003393767563344119 0.0023334689966870328 0.020372734047200265 0.013919787821120223 5.7875290765219137e-05 -0.0013162131841986781 0.0040294118976516918 0.0081285223668842669 0.0066687891358196728 -0.0034609096266610797 -0.00036837546367886055 0.016620128452772543 -0.013893415080195837 0.00050843578672642446 0.00051797210846113992 -0.0048296632837787961
leaf_weight=316 229 164 89 86 102 118 72 154 40 103 82 153 49 258 69 168 551 58 109 58 232 1887 3126 1591 591 3603 5888 13661 336 81 52 108 70 86 43 46 60 46 49 325 141 52 369 52 83 250 51 66 76 136 86 41 45 152 177 40 451 201 55 595 65 54
leaf_count=316 229 164 89 86 102 118 72 154 40 103 82 153 49 258 69 168 551 58 109 58 232 1887 3126 1591 591 3603 5888 13661 336 81 52 108 70 86 43 46 60 46 49 325 141 52 369 52 83 250 51 66 76 136 86 41 45 152 177 40 451 201 55 595 65 54
internal_value=-7.4711e-05 -0.00176494 0.000184312 0.00659051 7.22255e-05 -0.00437302 -0.000956887 0.000205709 0.00578584 0.00975359 0.0129412 -0.00120907 0.00130378 -0.00242165 -0.00458492 0.000469484 -0.00614783 0.00514403 0.000101583 -0.00511811 -0.0094132 0.000188518 0.00168129 0.000581764 0.00854305 -0.00013773 0.00120103 -0.000740998 -0.00863991 0.0136126 0.00639098 -0.0075419 0.00648148 0.000857143 -0.0202703 0.0155172 -0.00551839 -0.0141509 -0.00373444 -0.002194 -0.00245536 -0.00505618 -0.00730858 0.00134409 0.00555556 0.000603318 -0.00511111 -0.00519481 0.0202381 0.0182008 -0.00540541 0.00549451 0.00954198 0.0045977 0.00147059 0.00940594 -0.00169811 0.00175518 0.00639098 0.000292398 -0.00391304 0.0039823
internal_weight=38147 5061 33086 559 32527 939 4745 31588 579 477 330 4673 1524 3149 1833 426 1407 233 31009 508 399 30501 5462 4717 745 25039 7775 17264 887 372 133 706 638 175 101 116 588 106 482 433 886 524 421 362 224 1316 215 298 158 239 138 172 131 522 330 192 520 1101 256 845 105 103
internal_count=38147 5061 33086 559 32527 939 4745 31588 579 477 330 4673 1524 3149 1833 426 1407 233 31009 508 399 30501 5462 4717 745 25039 7775 17264 887 372 133 706 638 175 101 116 588 106 482 433 886 524 421 362 224 1316 215 298 158 239 138 172 131 522 330 192 520 1101 256 845 105 103
cat_boundaries=0 6 13 20 22 29 35 37 39 45 48 54 60 67 69 71 77 84 87 94 100 106 108 114 121 125 127 129 135 141 147
cat_threshold=9568672 158464 2315289608 1476788224 538984960 8924160 659456 67108896 134217732 67108864 279616 0 4 67373584 16820229 524288 0 1073758208 136446080 4 4026802176 18880768 815792385 277610760 335552512 25602 547880965 2181039104 16 16785424 64 286752 2097153 1 33554432 393216 2182 8388608 3221241856 2560 16779264 0 0 16384 2097280 28029060 2684919882 2 1180032 0 1024 262144 0 8922112 32 25344 134250496 1208352768 538968064 2048 0 0 536871424 135184 0 0 32 270533296 2048 2883584 8388608 268436497 2151186436 8388992 2155876648 2147680400 37966336 12 1024 150995456 1074790592 1090 536870928 33 2175996233 1075839040 8 17314816 73531424 2692743300 209715336 270880 335823104 128 2105412 1073742848 2133 84410388 223091724 2359426 2216697932 1073741952 2113621 17301526 223087628 262152 9576464 18432 1 0 2097152 64 0 67112960 0 16 0 8192 536870912 276889600 128 0 512 8 1342177280 268435456 6292616 2174976 2684354560 131328 0 0 262144 0 8912896 0 0 0 1073741824 0 327680 0 24576 134217728 1074003968 536870912 2048
is_linear=0
shrinkage=0.05


Tree=133
num_leaves=63
num_cat=35
split_feature=4 2 1 1 3 2 3 2 8 3 6 11 1 0 1 6 1 8 6 11 0 6 6 1 4 4 1 2 4 6 6 1 1 3 4 4 4 11 4 4 1 4 6 1 2 11 6 3 1 0 3 6 6 11 2 11 11 0 0 4 6 11
split_gain=7.72376 14.0151 11.5854 5.82294 13.0988 7.7862 5.90953 15.668 6.49952 5.51063 5.1311 11.6947 18.608 8.5114 8.42989 8.16251 7.50863 7.08194 6.75787 11.1148 6.8767 5.57174 5.43956 5.093 20.833 10.881 25.4533 7.96989 14.464 7.1408 6.97179 35.522 22.0918 16.828 16.4762 14.9736 14.9725 6.91974 7.97024 6.37445 7.29499 5.82929 6.78546 5.68316 5.58751 5.00825 4.53336 3.96705 3.72013 6.4681 3.69774 3.61679 3.59147 3.37786 3.32822 3.93757 3.16792 3.12654 4.05374 3.01092 5.08899 3.79742
threshold=0 1 2 3 4 5 6 7 1.0000000180025095e-35 8 87.500000000000014 13.500000000000002 9 1.5852400175224981 10 47.500000000000007 11 1.0000000180025095e-35 373.50000000000006 14.500000000000002 1.4756593404066074 174.50000000000003 55.500000000000007 12 13 14 15 16 17 42.500000000000007 71.500000000000014 18 19 20 21 22 23 18.500000000000004 24 25 26 27 8.5000000000000018 28 29 17.500000000000004 190.50000000000003 30 31 1.6105181612163741 32 9.5000000000000018 124.50000000000001 11.500000000000002 33 14.500000000000002 16.500000000000004 1.8633864395019748 1.5970205960089017 34 301.50000000000006 13.500000000000002
decision_type=9 9 9 9 9 9 9 9 2 9 2 2 9 2 9 2 9 2 2 2 2 2 2 9 9 9 9 9 9 2 2 9 9 9 9 9 9 2 9 9 9 9 2 9 9 2 2 9 9 2 9 2 2 2 9 2 2 2 2 9 2 2
left_child=1 59 47 4 5 45 7 56 -9 52 11 12 51 18 -15 16 -13 -14 20 -20 -12 -16 -17 24 41 26 37 50 -29 48 31 36 35 -33 -34 -32 -27 38 -25 -31 -41 42 -8 -44 -43 -2 57 -3 49 -26 -28 -11 -6 -46 55 -48 -5 58 -4 60 -1 -61
right_child=3 2 46 6 9 -7 23 8 -10 10 13 15 17 14 21 22 -18 -19 19 -21 -22 -23 -24 25 29 30 27 28 -30 39 32 33 34 -35 -36 -37 -38 -39 -40 40 -42 44 43 -45 53 -47 54 -49 -50 -51 -52 -53 -54 -55 -56 -57 -58 -59 -60 61 -62 -63
leaf_value=0.023904139923113382 0.0012643066328246898 -0.0010740577852884404 -0.0050865210646192432 -0.00086127572716733773 0.00011321984657939322 -0.0071269423853476902 0.012934618118934971 0.0099532646093501778 -0.0021599780064200046 -0.0015534017674233515 -0.0028121284404215574 0.0097823176317585869 -0.0048837423476209762 0.0044394273846776354 -0.0044357530842736581 -0.013422497623382035 0.00049204773725570756 -0.010534217205065267 0.0027299386204317046 -0.00069469219452712174 -0.015551918384675401 0.00014375612622996581 0.0038645454692150861 -0.00092609237955000871 0.0094098870195407983 0.0073916135737061798 0.0043785618654892059 0.0002745110996273281 -0.012297421617497382 0.0074507854896488038 -0.0018414544292972624 -5.9763166750759214e-05 0.0030486929504415341 -0.003049128242798699 0.00021510434632259769 0.00065976533815736429 0.00080718567099605796 0.0045351628756491544 0.0015666693979352914 0.0061212033905821087 -6.9260978244189983e-05 -0.010053760040953142 -0.00052265121220377295 0.00086057415573422837 0.00045962013149594141 -0.0090657450021561694 0.0023418990818798225 0.002943984042080522 0.013453713785568056 -0.0012452476157151782 -0.0020049999163978096 0.0060864995013897643 0.0065849160482100658 -0.0043485303791776508 -0.005364781588363449 -0.0017626379277456252 -0.0075351595631589332 -0.005196888299609779 -0.0036033948343758742 0.0011893356473172468 0.0001263417221432528 -0.0011394910957503001
leaf_weight=62 158 116 53 74 123 331 46 207 45 46 325 369 418 122 452 75 310 192 83 66 161 899 221 223 41 531 131 114 342 120 3078 3678 2993 3440 8668 1958 2324 96 400 335 477 112 1162 743 178 44 63 100 203 68 346 201 105 273 310 45 43 42 40 67 49 50
leaf_count=62 158 116 53 74 123 331 46 207 45 46 325 369 418 122 452 75 310 192 83 66 161 899 221 223 41 531 131 114 342 120 3078 3678 2993 3440 8668 1958 2324 96 400 335 477 112 1162 743 178 44 63 100 203 68 346 201 105 273 310 45 43 42 40 67 49 50
internal_value=-9.83039e-05 -0.00441907 -0.007638 1.88375e-05 -0.00162386 -0.00893186 0.000257248 0.00646438 0.0133588 -0.000670177 -0.00111392 0.000818777 -0.00344224 -0.00279886 -0.000712831 0.0045641 0.00758468 -0.00806452 -0.0076378 0.00167785 -0.0104938 -0.00187362 -0.00236486 0.000183858 0.00191083 -4.58845e-05 -0.00397112 -0.00938494 -0.0141631 0.00717703 0.000198651 -0.000847288 0.000823501 -0.00273569 0.00201782 -0.00194213 0.00385689 0.00308642 0.00120385 0.00504292 0.00328467 -0.000713154 0.000586435 0.000131234 -0.00514834 -0.000943396 -0.0114565 0.00221239 0.0137821 0.00462185 -0.00462012 0.00797665 0.00672269 -0.00249458 -0.00909091 -0.000847458 -0.00826772 -0.0196296 -0.0145161 0.00630252 0.0119835 0.000393701
internal_weight=38147 997 769 37150 4701 533 32449 369 252 4168 3940 1832 857 2108 1473 975 679 610 635 149 486 1351 296 32080 3758 28322 1652 933 456 1244 26670 9973 16697 7118 11661 5036 2855 719 623 932 812 2514 1951 1905 563 202 553 216 312 109 477 247 228 451 418 108 117 135 93 228 111 117
internal_count=38147 997 769 37150 4701 533 32449 369 252 4168 3940 1832 857 2108 1473 975 679 610 635 149 486 1351 296 32080 3758 28322 1652 933 456 1244 26670 9973 16697 7118 11661 5036 2855 719 623 932 812 2514 1951 1905 563 202 553 216 312 109 477 247 228 451 418 108 117 135 93 228 111 117
cat_boundaries=0 7 9 15 21 24 26 28 30 33 39 41 46 52 59 66 72 74 79 85 91 94 101 108 115 121 128 134 141 147 149 151 155 156 158 163
cat_threshold=2701197572 269224224 524292 2684372480 8388612 2316304384 4 1450265 21038336 1 0 5373952 536870928 17 1052672 4592032 134357668 2181079040 402653200 549470720 25177089 5308904 3221225564 1 2483027969 4473096 20971520 36880 1108344852 4098 1476395009 8194 8 128 0 0 134217744 12583424 3072 135168 8352 393216 134225952 2147491840 268435456 536870912 268452872 4194321 1098925517 1083703714 131200 37440 552968 1179664 2281701376 67113008 9218 277200912 128 270664224 28311561 352329730 1212153920 5013505 538969088 16 553713729 2718974016 275777568 2216706049 335544384 67649536 2215257104 3201288 0 3145736 0 134217728 4194304 1176513041 3239052288 856080 33620992 529412 33816978 120072209 3239051264 69994512 66564 525324 100925840 3221880932 3162120 8 16 172032 2147484161 9441432 536871488 268697616 1 24592 139264 2147484160 1054888 64 8749056 33 12296 0 2147483648 67112960 1024 262144 32 268435456 2097160 268435456 134217728 4456449 536870912 131072 73400320 512 0 0 536870912 32 0 4194321 16777541 524448 0 32768 8192 16 2281701376 4144 8194 268501008 128 8 17 16794953 1074266144 0 36864 2097728 16777224 2 1 0 4194305 8389708 8388608 67371040 2097152 2627588 2147549188 32 4 0 4
is_linear=0
shrinkage=0.05


Tree=134
num_leaves=63
num_cat=35
split_feature=4 2 1 3 1 3 4 1 1 1 4 6 1 1 0 6 3 2 3 6 1 5 6 1 4 1 5 1 4 1 0 5 6 10 6 2 4 0 2 4 4 9 6 8 2 6 4 9 9 2 6 4 3 0 0 2 6 0 6 6 6 1
split_gain=10.038 14.2564 6.4479 13.2784 10.1677 6.84245 6.35252 37.8189 14.4053 7.7468 11.9251 9.62512 13.4466 13.3209 9.58311 9.12057 7.14079 10.2623 5.91669 11.3788 6.34732 6.40708 5.8806 5.73751 10.2888 9.08348 8.34909 6.61661 5.62645 5.41886 7.57751 6.1712 5.60178 5.99283 5.22814 5.16189 5.09591 7.43434 5.07589 8.71459 6.53897 5.36382 4.50706 4.47768 5.76716 4.45881 6.75945 5.0182 4.44595 4.43479 4.3847 4.24674 4.09055 6.70225 4.37294 4.15698 6.08493 4.14851 3.80291 14.2829 4.54046 3.74725
threshold=0 1 2 3 4 5 6 7 8 9 10 93.500000000000014 11 12 1.9007656833601256 359.50000000000006 13 14 15 57.500000000000007 16 2.5000000000000004 42.500000000000007 17 18 19 4.5000000000000009 20 21 22 1.4859124666409558 2.5000000000000004 233.50000000000003 1.0000000180025095e-35 282.50000000000006 23 24 1.7641375693203727 25 26 27 8.5000000000000018 452.50000000000006 1.0000000180025095e-35 28 68.500000000000014 29 3.5000000000000004 10.500000000000002 30 168.50000000000003 31 32 1.9513196178497425 1.5143348212778227 33 95.500000000000014 1.651731054732499 327.50000000000006 265.50000000000006 482.50000000000006 34
decision_type=9 9 9 9 9 9 9 9 9 9 9 2 9 9 2 2 9 9 9 2 9 2 2 9 9 9 2 9 9 9 2 2 2 2 2 9 9 2 9 9 9 2 2 2 9 2 9 2 2 9 2 9 9 2 2 9 2 2 2 2 2 9
left_child=1 45 3 4 28 -5 7 52 -9 10 11 13 15 -8 -14 -13 17 -11 19 -12 21 -20 -22 24 25 -18 51 -26 -2 31 32 58 -31 -34 -30 -15 37 -6 40 50 41 -10 -41 44 -19 -1 -47 -48 -21 -3 -40 -25 55 54 -54 56 -4 -56 59 -7 -60 -42
right_child=2 49 6 5 36 29 9 8 38 16 18 12 14 35 -16 -17 23 43 20 48 22 -23 -24 26 27 -27 -28 -29 34 30 -32 -33 33 -35 -36 -37 -38 -39 39 42 61 -43 -44 -45 -46 46 47 -49 -50 -51 -52 -53 53 -55 57 -57 -58 -59 60 -61 -62 -63
leaf_value=-0.0014947934064892478 -0.0047777497197866118 -0.0092148813424808521 -0.0036111843118370015 0.0026256792736029989 -0.010513607533084446 0.00030520160277959231 0.011497817472349703 -0.0022346538342669225 -0.0024794684216350449 0.0084198168344481461 0.0026146497282882653 0.010206315122361432 0.0014599663106524942 -0.010666113875045969 -0.0050140489726399175 -0.0024634280166494606 -0.0016075579358646231 0.0076859892996975487 -0.0017888350633537332 -0.0038315037691257882 -0.00286991383340994 -0.014724407029332132 0.00018363105676593718 -0.00013395172603591771 0.00013094649030076511 0.00051400383295400196 -0.01004565541412763 0.0028309338071127845 -0.00010425252515681161 -0.0013699522424117873 -0.00026123344055495323 0.016110861925817455 -0.0020305155818695908 -0.002477319449359622 0.0095078639301261481 -0.0021159358677593806 -0.010671485570390306 0.0076327064832428576 -0.0086674555762426327 0.00029035013429927757 7.3515126486212173e-05 0.0013315277883612642 0.014191517678272115 -0.005481505908538924 -0.0038741711995305128 0.0070458746303383281 0.0028429030375983545 -0.0012271398771290577 -0.0162058981514723 -0.00098490330588195114 0.00052593852413284074 0.00026211154054986419 0.010960988510902348 0.0060639545918786735 -0.00060612645174082944 0.0074541233499859699 0.0018901886971922134 0.009930363052721658 0.02143894087899445 -0.013248316673865813 4.9768843029052161e-05 0.0093309023580804892
leaf_weight=63 230 104 57 254 59 878 107 710 183 100 94 535 547 101 219 138 567 119 1236 257 718 111 1866 7206 701 549 45 1210 237 345 2372 81 57 49 99 996 520 54 211 235 106 84 41 156 354 232 69 133 55 646 120 10680 186 126 87 154 53 150 76 58 91 270
leaf_count=63 230 104 57 254 59 878 107 710 183 100 94 535 547 101 219 138 567 119 1236 257 718 111 1866 7206 701 549 45 1210 237 345 2372 81 57 49 99 996 520 54 211 235 106 84 41 156 354 232 69 133 55 646 120 10680 186 126 87 154 53 150 76 58 91 270
internal_value=-0.000100925 -0.00449483 4.87673e-05 -0.00153565 -0.00616212 -0.00022243 0.000324324 0.0026051 -0.00116751 0.00010287 -0.00134478 0.00130041 0.00406532 -0.00199336 -0.000515464 0.00915081 0.000569203 -0.00426252 -0.00295606 -0.00865385 -0.00234712 -0.00512159 -0.000886662 0.000739222 0.00274942 -0.00106572 0.000398529 0.00497137 -0.00121528 -0.000734379 -0.00192376 0.0020938 -0.0078714 -0.0179245 0.00289017 -0.00365854 -0.0104977 -0.000406504 0.00206349 -0.00121556 0.00513017 -0.000902527 0.00524476 -0.00665102 -0.00433404 0.00207101 0.00391705 -0.00283019 -0.0134615 -0.00881579 -0.00659824 0.000452868 0.0116039 0.0142218 0.0114657 0.00583942 -0.00166667 0.00696203 0.00113327 -0.000106838 0.00808383 0.00932642
internal_weight=38147 1247 36900 5460 1199 4261 31440 2773 1960 28667 6980 2643 1439 1204 766 673 21687 729 4337 406 3931 1347 2584 20958 3027 1116 17931 1911 566 4007 2823 1184 451 106 336 1097 633 113 1250 607 643 267 276 629 473 497 434 202 312 750 331 17886 813 549 423 264 110 237 1103 936 167 376
internal_count=38147 1247 36900 5460 1199 4261 31440 2773 1960 28667 6980 2643 1439 1204 766 673 21687 729 4337 406 3931 1347 2584 20958 3027 1116 17931 1911 566 4007 2823 1184 451 106 336 1097 633 113 1250 607 643 267 276 629 473 497 434 202 312 750 331 17886 813 549 423 264 110 237 1103 936 167 376
cat_boundaries=0 7 9 15 18 24 27 34 40 46 52 59 65 71 73 75 78 84 90 96 102 108 114 120 122 129 131 138 144 146 152 154 161 164 166 171
cat_threshold=2703556868 269222176 8921092 2684371968 1084243972 2316305408 4 1914052889 21209090 136794528 134367268 2181048320 402653328 1616921088 8390656 274213312 2685943881 2 2424832 16420 2147483648 268435600 543162368 8388608 1224998913 1073750018 1 75508336 138245 268452353 3155968 4202592 2146436 32 1073774608 41943040 11682344 2166622209 134480160 17854464 595599425 32768 327680 100679680 285216773 73957504 1409286144 42467328 72482864 3775531009 2281996544 18116624 20480 8216 0 1207963730 515 268500992 1 0 0 4325376 2684485633 134217984 1073152 1073741824 0 67108864 0 0 270352 1075052673 17301506 134260800 16777216 67108873 2147483649 8 0 0 72351744 2148007936 134217728 290832 2189428746 554704896 134218177 9437454 318963844 2130688 524288 67108880 0 67112976 1024 8454400 8390656 537919488 134217729 6 65668 33024 33554442 16785408 128 0 318963712 512 131072 131088 0 128 64 335544320 134238208 2080 2048 134217728 1073741824 2048 1056 540672 131072 4194320 0 128 0 0 32 34604226 20287624 8224 131072 0 0 8192 2129920 32 8192 3072 512 0 64 2113668 1073872948 65536 2164326400 32 4 0 1073758208 1024 2147486402 4 268570624 2105368 537001984 1073877018 263168 343932944 17 192 64 2 2129920 21504 1048576 16 1024 0 8912904
is_linear=0
shrinkage=0.05


Tree=135
num_leaves=63
num_cat=38
split_feature=4 1 2 1 3 1 4 4 2 1 3 4 1 4 2 0 1 4 4 1 4 1 1 4 1 1 1 1 1 1 11 0 4 8 9 11 10 3 1 3 8 11 2 9 11 3 0 9 11 9 11 9 0 5 3 2 3 9 9 11 9 8
split_gain=11.7788 16.8732 11.0732 7.92483 14.3225 11.7837 7.81479 7.46668 28.7177 10.1517 7.00344 6.76331 7.28192 6.69585 7.11675 6.39913 12.4818 15.3701 13.142 12.4619 13.3977 11.077 10.0475 9.58915 33.9494 20.2302 20.1062 9.84213 9.15655 8.63304 8.59019 8.51967 8.17273 7.90791 7.05658 6.77782 6.64642 7.51725 6.11569 6.02305 5.82596 5.78779 5.38811 5.36621 4.9413 4.86707 4.76374 4.7345 4.51155 4.19885 4.14544 4.08941 3.95604 3.80891 3.74634 4.50395 3.57692 3.53639 3.55054 3.53109 3.35317 3.21988
threshold=0 1 2 3 4 5 6 7 8 9 10 11 12 13 14 1.9616292594659366 15 16 17 18 19 20 21 22 23 24 25 26 27 28 16.500000000000004 2.5934420768609527 29 1.0000000180025095e-35 7.5000000000000009 17.500000000000004 1.0000000180025095e-35 30 31 32 1.0000000180025095e-35 9.5000000000000018 33 2.5000000000000004 8.5000000000000018 34 1.4406872685812384 6.5000000000000009 17.500000000000004 8.5000000000000018 9.5000000000000018 5.5000000000000009 1.8632910689066542 3.5000000000000004 35 36 37 5.5000000000000009 2.5000000000000004 12.500000000000002 5.5000000000000009 1.0000000180025095e-35
decision_type=9 9 9 9 9 9 9 9 9 9 9 9 9 9 9 2 9 9 9 9 9 9 9 9 9 9 9 9 9 9 2 2 9 2 2 2 2 9 9 9 2 2 9 2 2 9 2 2 2 2 2 2 2 2 9 9 9 2 2 2 2 2
left_child=1 -1 43 4 5 10 48 8 45 41 -2 12 -6 57 -15 19 18 21 29 20 42 -18 31 25 32 33 -26 -27 34 30 -17 -20 -25 -21 -19 -24 37 -22 -38 -30 -23 -10 47 -3 -31 -5 -8 -9 50 60 -7 -14 -48 -13 -11 -56 -44 58 -4 -59 -47 -16
right_child=3 2 13 7 11 6 46 15 9 54 -12 53 51 14 61 16 17 28 22 23 36 40 35 24 26 27 -28 -29 39 44 -32 -33 -34 -35 -36 -37 38 -39 -40 -41 -42 -43 56 -45 -46 49 52 -49 -50 -51 -52 -53 -54 -55 55 -57 -58 59 -60 -61 -62 -63
leaf_value=-0.0049705367967205379 0.0031917676863218673 -0.0090091821997016382 -0.00021044248920603083 -0.0065531056579357649 -0.00057786345912688166 -0.003454654700470228 -0.0094243371093993781 0.000983699883386724 -0.0081582233607191742 0.016382691863990606 -0.00098025105309017257 -0.00034447719759049815 0.012126057047298355 -0.00013199762336049136 0.0094690463486043382 0.0068396310642991568 0.014210424940156187 -0.0013826231329025164 -0.00027997309442456266 0.0058855547580030643 0.001296241320796543 0.005581683779998326 -0.0043718659983418007 -0.00035976798813956994 0.010586429906019601 -0.0015625098312421815 0.00015193040189714349 0.00017618312156154615 0.0076484111255253895 0.013190270839065644 0.029128740326182668 -0.016025724338033006 -0.0038031050305375653 0.00012383696295199532 0.0018732465659349442 -0.012889038804380248 -0.0012222843679334462 -0.0033754714767794281 -0.0074348491489740825 0.00049406673445544507 -0.0014753135852469514 0.00036914005753329042 0.00075433927789024253 -0.00165502867651246 -0.00069308732642854316 -0.0082691553681617357 -0.0069911293715419019 -0.004502565058023422 -0.010014881786310116 -0.01089403146524881 0.00088735621428637224 0.0025769753484068182 -0.019873936045933838 0.002959189615362812 -0.00019628318093091736 0.0052562388865396992 0.021645991113202968 -0.00034652218963777682 -0.0060050775366955605 0.0011912258588078429 0.0021763827041734519 -2.2072558358876562e-05
leaf_weight=344 167 44 49 109 117 56 42 147 41 212 312 3351 110 251 250 160 217 1565 1682 2142 337 723 328 1389 372 1953 4164 6831 668 67 85 42 2088 751 1140 121 317 556 610 1095 199 173 238 190 353 60 117 153 81 65 147 141 65 55 119 405 130 116 50 129 84 72
leaf_count=344 167 44 49 109 117 56 42 147 41 212 312 3351 110 251 250 160 217 1565 1682 2142 337 723 328 1389 372 1953 4164 6831 668 67 85 42 2088 751 1140 121 317 556 610 1095 199 173 238 190 353 60 117 153 81 65 147 141 65 55 119 405 130 116 50 129 84 72
internal_value=-0.000216269 -0.0045515 -0.00159345 -3.81867e-05 -0.0019388 -0.00727182 -0.0125483 0.000246074 0.00399061 0.00833333 -0.00153374 -0.000528541 0.00582011 0.000916936 0.0042024 8.97725e-05 0.0012611 0.00262596 -0.00143961 -0.000356209 -0.00368295 0.00778938 -0.00332112 6.59898e-05 -0.00126511 0.000979721 0.00158381 -0.000216056 0.00129522 0.00466667 0.0119608 -0.00155709 -0.00497562 0.00459869 -0.00053407 -0.00991285 -0.00590164 -0.00285554 -0.00889968 0.00408911 0.00525751 -0.00133929 0.00235988 -0.0110656 0.000232558 -0.00884146 -0.0196581 -0.00258065 -0.00646259 -0.00388128 -0.00270936 0.0105364 -0.017033 -0.00122951 0.011126 0.00842697 0.00634921 -0.00451977 -0.0126263 -0.00142857 0.000694444 0.00903614
internal_weight=38147 1495 1151 36652 4761 987 508 31891 1268 950 479 3774 368 917 573 30623 8445 5607 2838 22178 2488 1139 2173 19690 8013 11677 4536 8784 4468 665 245 1724 3477 2893 2705 449 1820 893 927 1763 922 214 668 234 420 318 224 300 284 209 203 251 182 3406 736 524 368 344 99 245 144 322
internal_count=38147 1495 1151 36652 4761 987 508 31891 1268 950 479 3774 368 917 573 30623 8445 5607 2838 22178 2488 1139 2173 19690 8013 11677 4536 8784 4468 665 245 1724 3477 2893 2705 449 1820 893 927 1763 922 214 668 234 420 318 224 300 284 209 203 251 182 3406 736 524 368 344 99 245 144 322
cat_boundaries=0 7 13 15 21 24 30 36 43 45 51 53 59 65 71 73 79 86 92 98 105 111 117 124 130 136 142 148 154 160 166 169 175 177 179 181 183 185 187
cat_threshold=2709520645 269222176 277348357 2281718786 12599812 2315256832 4 34734080 80 276832288 2718171137 0 67698690 67373066 529032 12845472 33701892 2148139544 402653200 677431808 25176064 201859341 2281725960 2 4456448 16388 2147483656 268435472 671121920 25165824 524288 0 134217728 67108992 0 276824064 67506768 67149825 16777218 15738880 1076396032 1048720 32 3221293632 31872 4 0 0 33570816 336068608 104337408 0 16392 24576 4325376 0 1073741888 1058 311296 8651008 0 8 16 0 8390656 545259777 786688 1 0 8404996 2181039104 8454656 2173952 17825873 163578369 1077952640 2222981126 268963842 105124225 0 2229248 2147483648 67113096 66 8388608 1 8 4194304 134218240 131152 66 268697600 671263234 539531328 10493952 51708032 1074012168 2113542 524296 1049600 671089152 1073872960 64 75497472 1 134218240 0 136314880 18874433 67108864 1048576 17825808 12582913 4210688 2222981120 2 266368 27688 6424600 2214724096 536871092 270337 268763396 128 338165761 68157728 273682720 1075971141 67178656 34702336 1442841601 16777984 38801664 9044038 200866 37815616 16777216 2151679121 128 2147487744 0 131072 16859204 2151687296 67142789 2684358664 2147483972 917504 1744871944 539492352 135266308 50333761 67117064 1572870 65 12582912 16384 0 528384 37748736 524288 1048576 536887296 131072 1026 603996160 1208680448 1073758208 8 134227968 536875072 0 128 1074012160 2 2155937920 547356680 532530 5126 150995209 2147483648 150994945 24576 8913024 6291456 10747904 536887296
is_linear=0
shrinkage=0.05


Tree=136
num_leaves=63
num_cat=29
split_feature=4 1 6 1 4 1 4 1 4 6 5 3 1 9 7 9 1 6 0 0 1 3 3 4 1 1 1 4 1 4 1 3 7 4 7 9 1 4 6 6 6 7 0 3 6 4 9 7 7 6 1 10 7 7 0 7 0 0 0 6 0 6
split_gain=11.1111 15.6027 7.41541 6.99612 10.7237 7.8056 7.2569 4.77148 5.11641 4.62781 4.44457 4.53158 7.28351 7.00111 13.8276 8.59818 6.97782 6.35229 5.23252 4.69537 4.21863 11.9969 7.90985 6.02614 35.9294 12.3381 6.00935 10.9094 18.646 10.2582 12.5235 9.82101 9.13552 4.98918 6.11488 4.44985 14.1031 9.42038 4.27309 4.21838 5.17367 4.11613 4.05754 5.03497 4.19913 3.96541 3.5822 3.55887 6.32967 3.54274 3.51471 3.59303 5.15264 3.49645 4.86034 3.38467 3.38029 3.28825 3.09598 5.94993 3.01175 2.70903
threshold=0 1 433.50000000000006 2 3 4 5 6 7 299.50000000000006 3.5000000000000004 8 9 11.500000000000002 2.5000000000000004 3.5000000000000004 10 17.500000000000004 2.2435177929584471 2.1074379829171264 11 12 13 14 15 16 17 18 19 20 21 22 3.5000000000000004 23 1.5000000000000002 3.5000000000000004 24 25 111.50000000000001 347.50000000000006 245.50000000000003 5.5000000000000009 1.7503179844562966 26 18.500000000000004 27 6.5000000000000009 2.5000000000000004 4.5000000000000009 132.50000000000003 28 1.0000000180025095e-35 2.5000000000000004 2.5000000000000004 1.7438729929818004 2.5000000000000004 1.8399282195995996 1.675692386474688 1.838853171684937 79.500000000000014 1.4219461736709513 180.50000000000003
decision_type=9 9 2 9 9 9 9 9 9 2 2 9 9 2 2 2 9 2 2 2 9 9 9 9 9 9 9 9 9 9 9 9 2 9 2 2 9 9 2 2 2 2 2 9 2 9 2 2 2 2 9 2 2 2 2 2 2 2 2 2 2 2
left_child=1 2 50 4 5 58 -5 9 60 -3 11 12 13 15 -15 -6 17 -13 19 -18 21 38 47 24 33 41 29 28 -28 30 -25 -31 -29 61 -35 36 -24 -37 -8 40 -40 -26 43 -14 -44 -27 -10 -23 -49 -48 55 52 -52 54 -7 -1 57 -51 59 -2 -9 -22
right_child=3 7 -4 6 10 53 20 8 46 -11 -12 16 42 14 -16 -17 18 -19 -20 -21 23 22 35 26 25 45 27 32 -30 31 -32 -33 -34 34 -36 37 -38 -39 39 -41 -42 -43 44 -45 -46 -47 49 48 -50 56 51 -53 -54 -55 -56 -57 -58 -59 -60 -61 -62 -63
leaf_value=0.0018321605244435851 0.00073801250600731008 -0.0069475990321227537 0.016269572517825716 0.0033903809115591824 -0.0052780260175226777 7.8129532092963139e-05 0.00036250590064437207 0.01010179171417931 -0.0051064530709359571 -0.0040942092231104898 0.004709838884228346 0.015273699700307942 3.8488837681241451e-05 0.0016730987088077187 -0.015296267887924153 0.0027414272529602103 -0.0010746072759317161 0.0014536768669376476 -0.0034087255052807244 0.0074669458613683577 0.0049191176704122879 -0.0078393167523201253 -0.0050643924863718387 -0.00029469924793100178 -0.0062914728691970852 -0.0021308268388960049 0.0039327382431093077 -0.00031449194947988092 -6.2815072456853808e-06 -0.00058141809736022014 0.005701373638232532 -0.0032765633102025851 0.00042002957785270968 -0.0020119904871400696 0.0031220383495077831 -0.00091038240524908835 0.00080107070721038571 0.0011158513217267129 0.014856149493828864 0.022006652829367247 0.05316938213241415 -0.01043246780082671 -0.009762041529440324 -0.0035368736586486207 -0.0041599981993499574 -5.1892214221416216e-06 -0.0013890927412288367 0.0029629462170442352 -0.0077817732519217531 -0.00019579946904862424 0.0092735894797376546 -0.0017104447926517886 0.00068910354279569938 -0.010857820750806874 -0.0079092238585548487 -0.0011900811349084273 0.005624636677396328 -0.0056266827636484613 0.00090697178554701721 -0.0076829865040691009 -0.00049013868171978174 0.026088447897367154
leaf_weight=46 58 61 53 224 122 53 73 41 173 53 61 70 396 66 82 676 673 688 60 108 184 113 484 896 528 620 876 9808 1158 3875 816 794 5858 79 151 1007 688 3349 53 48 41 71 43 468 327 596 94 78 48 88 54 53 59 119 54 63 72 45 79 74 284 115
leaf_count=46 58 61 53 224 122 53 73 41 173 53 61 70 396 66 82 676 673 688 60 108 184 113 484 896 528 620 876 9808 1158 3875 816 794 5858 79 151 1007 688 3349 53 48 41 71 43 468 327 596 94 78 48 88 54 53 59 119 54 63 72 45 79 74 284 115
internal_value=-0.000205783 -0.00484388 0.00443787 -4.87567e-05 -0.00194775 -0.00928412 0.000200668 -0.00819761 -0.00662949 -0.0177419 -0.00109091 -0.00130987 -0.00278539 0.000523013 -0.00945946 0.00238095 0.00071473 0.00416667 -0.00240893 -0.00134443 0.000137274 0.00133511 0.000891466 -0.000134292 -0.00254885 -0.00589041 0.000101698 0.000575946 0.00401174 -0.00121264 0.00209059 -0.00242573 0.000127584 0.00881262 0.00291667 0.00128205 -0.00145051 0.0020202 0.0126667 0.0183099 0.0244681 -0.0117406 -0.00530547 -0.00347222 -0.00972973 -0.00293638 -0.00995851 -0.00783133 -0.00238095 -0.00685619 0.00127273 0.00568182 0.0110619 -0.015678 -0.00981308 -0.00546218 -0.00317073 -0.00789474 -0.0020362 -0.00681818 -0.00164179 0.0131068
internal_weight=38147 1239 328 36908 4277 437 32631 911 797 114 3840 3779 2180 946 148 798 1599 758 841 781 32407 5982 5767 26425 2344 1815 24081 17700 2034 6381 1712 4669 15666 529 230 5528 1172 4356 215 142 94 599 1234 864 370 1216 472 239 126 299 275 166 113 226 107 109 205 133 211 132 325 299
internal_count=38147 1239 328 36908 4277 437 32631 911 797 114 3840 3779 2180 946 148 798 1599 758 841 781 32407 5982 5767 26425 2344 1815 24081 17700 2034 6381 1712 4669 15666 529 230 5528 1172 4356 215 142 94 599 1234 864 370 1216 472 239 126 299 275 166 113 226 107 109 205 133 211 132 325 299
cat_boundaries=0 6 12 18 25 31 38 44 50 52 58 64 70 72 74 81 87 93 99 106 112 118 124 127 133 139 146 148 154 160
cat_threshold=2709586240 269222184 277348356 2283815936 10502660 2282750976 2621456 1 3555840 2099216 49 101713920 12845992 150660 2214592512 1476395024 557894144 29362177 135168 71303168 2147483648 67109008 4202560 16 32 8388608 16388 2147483648 134217744 536870912 2049 67373568 4096 16777217 4194304 0 131200 4 1048576 4194304 8192 2717908992 0 524290 553648128 296 268435456 134217728 0 2281702400 2227343556 1612185601 8388736 16384 0 1207959568 21004288 16777216 4457216 1156 67108864 268435456 0 12582912 268476480 4206592 1350566276 42471744 67309701 49738 286261504 1613888 1140850920 16779296 0 2228225 67117056 1610615366 1077969920 606126352 16 1073809412 2315780112 3277833 17039393 268435552 4224 135938048 67141889 328288 2214610944 26 1048576 35717122 2324169248 3843097 33 1478754368 5248 140316 79702016 131072 76554240 537657409 301989892 32 218103829 605028368 138428448 604111872 8912946 33824768 20496 16 2147484160 143504 8224 262144 33619970 167772672 132104 1 1075838976 5248 163976 1210073090 9 0 131072 0 1073741888 4195328 67108864 0 0 0 33558592 67108997 32770 28 5243904 671089152 131154 64 276824064 1 8392708 536870912 0 2228224 0 1073741888 1024 539001088 16 0 131072 2097152 17 100663296
is_linear=0
shrinkage=0.05


end of trees

feature_importances:
subdistrict=2028
sub_category=1228
main_type=905
month=876
district=803
comment_len=798
hour=594
day_of_week=565
te_dist_dept=532
is_rainy_season=84
severity=50
is_weekend=25

parameters:
[boosting: gbdt]
[objective: regression_l1]
[metric: l1]
[tree_learner: serial]
[device_type: cpu]
[data_sample_strategy: bagging]
[data: ]
[valid: ]
[num_iterations: 800]
[learning_rate: 0.05]
[num_leaves: 63]
[num_threads: -1]
[seed: 42]
[deterministic: 0]
[force_col_wise: 0]
[force_row_wise: 0]
[histogram_pool_size: -1]
[max_depth: 8]
[min_data_in_leaf: 40]
[min_sum_hessian_in_leaf: 0.001]
[bagging_fraction: 0.8]
[pos_bagging_fraction: 1]
[neg_bagging_fraction: 1]
[bagging_freq: 0]
[bagging_seed: 400]
[bagging_by_query: 0]
[feature_fraction: 0.8]
[feature_fraction_bynode: 1]
[feature_fraction_seed: 30056]
[extra_trees: 0]
[extra_seed: 12879]
[early_stopping_round: 0]
[early_stopping_min_delta: 0]
[first_metric_only: 0]
[max_delta_step: 0]
[lambda_l1: 0]
[lambda_l2: 0]
[linear_lambda: 0]
[min_gain_to_split: 0]
[drop_rate: 0.1]
[max_drop: 50]
[skip_drop: 0.5]
[xgboost_dart_mode: 0]
[uniform_drop: 0]
[drop_seed: 17869]
[top_rate: 0.2]
[other_rate: 0.1]
[min_data_per_group: 100]
[max_cat_threshold: 32]
[cat_l2: 10]
[cat_smooth: 10]
[max_cat_to_onehot: 4]
[top_k: 20]
[monotone_constraints: ]
[monotone_constraints_method: basic]
[monotone_penalty: 0]
[feature_contri: ]
[forcedsplits_filename: ]
[refit_decay_rate: 0.9]
[cegb_tradeoff: 1]
[cegb_penalty_split: 0]
[cegb_penalty_feature_lazy: ]
[cegb_penalty_feature_coupled: ]
[path_smooth: 0]
[interaction_constraints: ]
[verbosity: -1]
[saved_feature_importance_type: 0]
[use_quantized_grad: 0]
[num_grad_quant_bins: 4]
[quant_train_renew_leaf: 0]
[stochastic_rounding: 1]
[linear_tree: 0]
[max_bin: 255]
[max_bin_by_feature: ]
[min_data_in_bin: 3]
[bin_construct_sample_cnt: 200000]
[data_random_seed: 175]
[is_enable_sparse: 1]
[enable_bundle: 1]
[use_missing: 1]
[zero_as_missing: 0]
[feature_pre_filter: 1]
[pre_partition: 0]
[two_round: 0]
[header: 0]
[label_column: ]
[weight_column: ]
[group_column: ]
[ignore_column: ]
[categorical_feature: 1,2,3,4]
[forcedbins_filename: ]
[precise_float_parser: 0]
[parser_config_file: ]
[objective_seed: 16083]
[num_class: 1]
[is_unbalance: 0]
[scale_pos_weight: 1]
[sigmoid: 1]
[boost_from_average: 1]
[reg_sqrt: 0]
[alpha: 0.9]
[fair_c: 1]
[poisson_max_delta_step: 0.7]
[tweedie_variance_power: 1.5]
[lambdarank_truncation_level: 30]
[lambdarank_norm: 1]
[label_gain: ]
[lambdarank_position_bias_regularization: 0]
[eval_at: ]
[multi_error_top_k: 1]
[auc_mu_weights: ]
[num_machines: 1]
[local_listen_port: 12400]
[time_out: 120]
[machine_list_filename: ]
[machines: ]
[gpu_platform_id: -1]
[gpu_device_id: -1]
[gpu_device_id_list: ]
[gpu_use_dp: 0]
[num_gpu: 1]

end of parameters

pandas_categorical:[["\u0e01\u0e23\u0e30\u0e17\u0e38\u0e48\u0e21\u0e23\u0e32\u0e22", "\u0e02\u0e38\u0e21\u0e17\u0e2d\u0e07", "\u0e04\u0e25\u0e2d\u0e07\u0e01\u0e38\u0e48\u0e21", "\u0e04\u0e25\u0e2d\u0e07\u0e02\u0e27\u0e32\u0e07", "\u0e04\u0e25\u0e2d\u0e07\u0e08\u0e31\u0e48\u0e19", "\u0e04\u0e25\u0e2d\u0e07\u0e0a\u0e31\u0e01\u0e1e\u0e23\u0e30", "\u0e04\u0e25\u0e2d\u0e07\u0e15\u0e31\u0e19", "\u0e04\u0e25\u0e2d\u0e07\u0e15\u0e31\u0e19\u0e40\u0e2b\u0e19\u0e37\u0e2d", "\u0e04\u0e25\u0e2d\u0e07\u0e15\u0e49\u0e19\u0e44\u0e17\u0e23", "\u0e04\u0e25\u0e2d\u0e07\u0e16\u0e19\u0e19", "\u0e04\u0e25\u0e2d\u0e07\u0e1a\u0e32\u0e07\u0e1a\u0e2d\u0e19", "\u0e04\u0e25\u0e2d\u0e07\u0e1a\u0e32\u0e07\u0e1e\u0e23\u0e32\u0e19", "\u0e04\u0e25\u0e2d\u0e07\u0e21\u0e2b\u0e32\u0e19\u0e32\u0e04", "\u0e04\u0e25\u0e2d\u0e07\u0e2a\u0e2d\u0e07\u0e15\u0e49\u0e19\u0e19\u0e38\u0e48\u0e19", "\u0e04\u0e25\u0e2d\u0e07\u0e2a\u0e32\u0e19", "\u0e04\u0e25\u0e2d\u0e07\u0e2a\u0e32\u0e21\u0e1b\u0e23\u0e30\u0e40\u0e27\u0e28", "\u0e04\u0e25\u0e2d\u0e07\u0e2a\u0e34\u0e1a", "\u0e04\u0e25\u0e2d\u0e07\u0e2a\u0e34\u0e1a\u0e2a\u0e2d\u0e07", "\u0e04\u0e25\u0e2d\u0e07\u0e40\u0e08\u0e49\u0e32\u0e04\u0e38\u0e13\u0e2a\u0e34\u0e07\u0e2b\u0e4c", "\u0e04\u0e25\u0e2d\u0e07\u0e40\u0e15\u0e22", "\u0e04\u0e25\u0e2d\u0e07\u0e40\u0e15\u0e22\u0e40\u0e2b\u0e19\u0e37\u0e2d", "\u0e04\u0e31\u0e19\u0e19\u0e32\u0e22\u0e32\u0e27", "\u0e04\u0e39\u0e2b\u0e32\u0e2a\u0e27\u0e23\u0e23\u0e04\u0e4c", "\u0e04\u0e39\u0e49\u0e1d\u0e31\u0e48\u0e07\u0e40\u0e2b\u0e19\u0e37\u0e2d", "\u0e08\u0e15\u0e38\u0e08\u0e31\u0e01\u0e23", "\u0e08\u0e23\u0e40\u0e02\u0e49\u0e1a\u0e31\u0e27", "\u0e08\u0e2d\u0e21\u0e17\u0e2d\u0e07", "\u0e08\u0e2d\u0e21\u0e1e\u0e25", "\u0e08\u0e31\u0e01\u0e23\u0e27\u0e23\u0e23\u0e14\u0e34", "\u0e08\u0e31\u0e19\u0e17\u0e23\u0e40\u0e01\u0e29\u0e21", "\u0e09\u0e34\u0e21\u0e1e\u0e25\u0e35", "\u0e0a\u0e19\u0e30\u0e2a\u0e07\u0e04\u0e23\u0e32\u0e21", "\u0e0a\u0e48\u0e2d\u0e07\u0e19\u0e19\u0e17\u0e23\u0e35", "\u0e0a\u0e49\u0e32\u0e07\u0e21\u0e48\u0e2d\u0e22", "\u0e14\u0e2d\u0e01\u0e44\u0e21\u0e49", "\u0e14\u0e2d\u0e19\u0e09\u0e34\u0e21\u0e1e\u0e25\u0e35", "\u0e14\u0e2d\u0e19\u0e40\u0e21\u0e37\u0e2d\u0e07", "\u0e14\u0e32\u0e27\u0e04\u0e30\u0e19\u0e2d\u0e07", "\u0e14\u0e34\u0e19\u0e41\u0e14\u0e07", "\u0e14\u0e38\u0e2a\u0e34\u0e15", "\u0e15\u0e25\u0e32\u0e14\u0e19\u0e49\u0e2d\u0e22", "\u0e15\u0e25\u0e32\u0e14\u0e1a\u0e32\u0e07\u0e40\u0e02\u0e19", "\u0e15\u0e25\u0e32\u0e14\u0e1e\u0e25\u0e39", "\u0e15\u0e25\u0e32\u0e14\u0e22\u0e2d\u0e14", "\u0e15\u0e25\u0e34\u0e48\u0e07\u0e0a\u0e31\u0e19", "\u0e16\u0e19\u0e19\u0e19\u0e04\u0e23\u0e44\u0e0a\u0e22\u0e28\u0e23\u0e35", "\u0e16\u0e19\u0e19\u0e1e\u0e0d\u0e32\u0e44\u0e17", "\u0e16\u0e19\u0e19\u0e40\u0e1e\u0e0a\u0e23\u0e1a\u0e38\u0e23\u0e35", "\u0e17\u0e23\u0e07\u0e04\u0e19\u0e2d\u0e07", "\u0e17\u0e23\u0e32\u0e22\u0e01\u0e2d\u0e07\u0e14\u0e34\u0e19", "\u0e17\u0e23\u0e32\u0e22\u0e01\u0e2d\u0e07\u0e14\u0e34\u0e19\u0e43\u0e15\u0e49", "\u0e17\u0e27\u0e35\u0e27\u0e31\u0e12\u0e19\u0e32", "\u0e17\u0e31\u0e1a\u0e0a\u0e49\u0e32\u0e07", "\u0e17\u0e31\u0e1a\u0e22\u0e32\u0e27", "\u0e17\u0e38\u0e48\u0e07\u0e04\u0e23\u0e38", "\u0e17\u0e38\u0e48\u0e07\u0e1e\u0e0d\u0e32\u0e44\u0e17", "\u0e17\u0e38\u0e48\u0e07\u0e21\u0e2b\u0e32\u0e40\u0e21\u0e06", "\u0e17\u0e38\u0e48\u0e07\u0e27\u0e31\u0e14\u0e14\u0e2d\u0e19", "\u0e17\u0e38\u0e48\u0e07\u0e2a\u0e2d\u0e07\u0e2b\u0e49\u0e2d\u0e07", "\u0e17\u0e48\u0e32\u0e02\u0e49\u0e32\u0e21", "\u0e17\u0e48\u0e32\u0e21\u0e48\u0e27\u0e07", "\u0e17\u0e48\u0e32\u0e41\u0e23\u0e49\u0e07", "\u0e19\u0e27\u0e21\u0e34\u0e19\u0e17\u0e23\u0e4c", "\u0e19\u0e27\u0e25\u0e08\u0e31\u0e19\u0e17\u0e23\u0e4c", "\u0e1a\u0e27\u0e23\u0e19\u0e34\u0e40\u0e27\u0e28", "\u0e1a\u0e32\u0e07\u0e01\u0e23\u0e27\u0e22", "\u0e1a\u0e32\u0e07\u0e01\u0e30\u0e1b\u0e34", "\u0e1a\u0e32\u0e07\u0e02\u0e38\u0e19\u0e19\u0e19\u0e17\u0e4c", "\u0e1a\u0e32\u0e07\u0e02\u0e38\u0e19\u0e1e\u0e23\u0e2b\u0e21", "\u0e1a\u0e32\u0e07\u0e02\u0e38\u0e19\u0e28\u0e23\u0e35", "\u0e1a\u0e32\u0e07\u0e02\u0e38\u0e19\u0e40\u0e17\u0e35\u0e22\u0e19", "\u0e1a\u0e32\u0e07\u0e04\u0e2d\u0e41\u0e2b\u0e25\u0e21", "\u0e1a\u0e32\u0e07\u0e04\u0e49\u0e2d", "\u0e1a\u0e32\u0e07\u0e08\u0e32\u0e01", "\u0e1a\u0e32\u0e07\u0e0a\u0e31\u0e19", "\u0e1a\u0e32\u0e07\u0e0b\u0e37\u0e48\u0e2d", "\u0e1a\u0e32\u0e07\u0e14\u0e49\u0e27\u0e19", "\u0e1a\u0e32\u0e07\u0e19\u0e32\u0e40\u0e2b\u0e19\u0e37\u0e2d", "\u0e1a\u0e32\u0e07\u0e19\u0e32\u0e43\u0e15\u0e49", "\u0e1a\u0e32\u0e07\u0e1a\u0e2d\u0e19\u0e40\u0e2b\u0e19\u0e37\u0e2d", "\u0e1a\u0e32\u0e07\u0e1a\u0e2d\u0e19\u0e43\u0e15\u0e49", "\u0e1a\u0e32\u0e07\u0e1a\u0e33\u0e2b\u0e23\u0e38", "\u0e1a\u0e32\u0e07\u0e1b\u0e30\u0e01\u0e2d\u0e01", "\u0e1a\u0e32\u0e07\u0e1e\u0e23\u0e21", "\u0e1a\u0e32\u0e07\u0e1e\u0e25\u0e31\u0e14", "\u0e1a\u0e32\u0e07\u0e21\u0e14", "\u0e1a\u0e32\u0e07\u0e22\u0e35\u0e48\u0e02\u0e31\u0e19", "\u0e1a\u0e32\u0e07\u0e22\u0e35\u0e48\u0e40\u0e23\u0e37\u0e2d", "\u0e1a\u0e32\u0e07\u0e23\u0e30\u0e21\u0e32\u0e14", "\u0e1a\u0e32\u0e07\u0e23\u0e31\u0e01", "\u0e1a\u0e32\u0e07\u0e25\u0e33\u0e20\u0e39\u0e25\u0e48\u0e32\u0e07", "\u0e1a\u0e32\u0e07\u0e2b\u0e27\u0e49\u0e32", "\u0e1a\u0e32\u0e07\u0e2d\u0e49\u0e2d", "\u0e1a\u0e32\u0e07\u0e40\u0e02\u0e19", "\u0e1a\u0e32\u0e07\u0e40\u0e0a\u0e37\u0e2d\u0e01\u0e2b\u0e19\u0e31\u0e07", "\u0e1a\u0e32\u0e07\u0e41\u0e04", "\u0e1a\u0e32\u0e07\u0e41\u0e04\u0e40\u0e2b\u0e19\u0e37\u0e2d", "\u0e1a\u0e32\u0e07\u0e41\u0e27\u0e01", "\u0e1a\u0e32\u0e07\u0e42\u0e04\u0e25\u0e48", "\u0e1a\u0e32\u0e07\u0e42\u0e1e\u0e07\u0e1e\u0e32\u0e07", "\u0e1a\u0e32\u0e07\u0e44\u0e1c\u0e48", "\u0e1a\u0e38\u0e04\u0e04\u0e42\u0e25", "\u0e1a\u0e49\u0e32\u0e19\u0e0a\u0e48\u0e32\u0e07\u0e2b\u0e25\u0e48\u0e2d", "\u0e1a\u0e49\u0e32\u0e19\u0e1a\u0e32\u0e15\u0e23", "\u0e1a\u0e49\u0e32\u0e19\u0e1e\u0e32\u0e19\u0e16\u0e21", "\u0e1a\u0e49\u0e32\u0e19\u0e43\u0e2b\u0e21\u0e48", "\u0e1b\u0e17\u0e38\u0e21\u0e27\u0e31\u0e19", "\u0e1b\u0e23\u0e30\u0e40\u0e27\u0e28", "\u0e1b\u0e32\u0e01\u0e04\u0e25\u0e2d\u0e07\u0e20\u0e32\u0e29\u0e35\u0e40\u0e08\u0e23\u0e34\u0e0d", "\u0e1b\u0e32\u0e01\u0e19\u0e49\u0e33", "\u0e1b\u0e49\u0e2d\u0e21\u0e1b\u0e23\u0e32\u0e1a", "\u0e1e\u0e07\u0e2a\u0e27\u0e32\u0e22", "\u0e1e\u0e0d\u0e32\u0e44\u0e17", "\u0e1e\u0e23\u0e30\u0e1a\u0e23\u0e21\u0e21\u0e2b\u0e32\u0e23\u0e32\u0e0a\u0e27\u0e31\u0e07", "\u0e1e\u0e23\u0e30\u0e42\u0e02\u0e19\u0e07", "\u0e1e\u0e23\u0e30\u0e42\u0e02\u0e19\u0e07\u0e40\u0e2b\u0e19\u0e37\u0e2d", "\u0e1e\u0e23\u0e30\u0e42\u0e02\u0e19\u0e07\u0e43\u0e15\u0e49", "\u0e1e\u0e25\u0e31\u0e1a\u0e1e\u0e25\u0e32", "\u0e1e\u0e34\u0e21\u0e25\u0e23\u0e32\u0e0a", "\u0e21\u0e2b\u0e32\u0e1e\u0e24\u0e12\u0e32\u0e23\u0e32\u0e21", "\u0e21\u0e31\u0e01\u0e01\u0e30\u0e2a\u0e31\u0e19", "\u0e21\u0e35\u0e19\u0e1a\u0e38\u0e23\u0e35", "\u0e22\u0e32\u0e19\u0e19\u0e32\u0e27\u0e32", "\u0e23\u0e2d\u0e07\u0e40\u0e21\u0e37\u0e2d\u0e07", "\u0e23\u0e32\u0e21\u0e2d\u0e34\u0e19\u0e17\u0e23\u0e32", "\u0e23\u0e32\u0e29\u0e0e\u0e23\u0e4c\u0e1a\u0e39\u0e23\u0e13\u0e30", "\u0e23\u0e32\u0e29\u0e0e\u0e23\u0e4c\u0e1e\u0e31\u0e12\u0e19\u0e32", "\u0e25\u0e32\u0e14\u0e01\u0e23\u0e30\u0e1a\u0e31\u0e07", "\u0e25\u0e32\u0e14\u0e1e\u0e23\u0e49\u0e32\u0e27", "\u0e25\u0e32\u0e14\u0e22\u0e32\u0e27", "\u0e25\u0e33\u0e15\u0e49\u0e2d\u0e22\u0e15\u0e34\u0e48\u0e07", "\u0e25\u0e33\u0e1b\u0e25\u0e32\u0e17\u0e34\u0e27", "\u0e25\u0e33\u0e1c\u0e31\u0e01\u0e0a\u0e35", "\u0e25\u0e38\u0e21\u0e1e\u0e34\u0e19\u0e35", "\u0e27\u0e07\u0e28\u0e4c\u0e2a\u0e27\u0e48\u0e32\u0e07", "\u0e27\u0e0a\u0e34\u0e23\u0e1e\u0e22\u0e32\u0e1a\u0e32\u0e25", "\u0e27\u0e31\u0e07\u0e17\u0e2d\u0e07\u0e2b\u0e25\u0e32\u0e07", "\u0e27\u0e31\u0e07\u0e1a\u0e39\u0e23\u0e1e\u0e32\u0e20\u0e34\u0e23\u0e21\u0e22\u0e4c", "\u0e27\u0e31\u0e07\u0e43\u0e2b\u0e21\u0e48", "\u0e27\u0e31\u0e14\u0e01\u0e31\u0e25\u0e22\u0e32\u0e13\u0e4c", "\u0e27\u0e31\u0e14\u0e17\u0e48\u0e32\u0e1e\u0e23\u0e30", "\u0e27\u0e31\u0e14\u0e1e\u0e23\u0e30\u0e22\u0e32\u0e44\u0e01\u0e23", "\u0e27\u0e31\u0e14\u0e23\u0e32\u0e0a\u0e1a\u0e1e\u0e34\u0e18", "\u0e27\u0e31\u0e14\u0e2a\u0e32\u0e21\u0e1e\u0e23\u0e30\u0e22\u0e32", "\u0e27\u0e31\u0e14\u0e2d\u0e23\u0e38\u0e13", "\u0e27\u0e31\u0e14\u0e40\u0e17\u0e1e\u0e28\u0e34\u0e23\u0e34\u0e19\u0e17\u0e23\u0e4c", "\u0e27\u0e31\u0e14\u0e42\u0e2a\u0e21\u0e19\u0e31\u0e2a", "\u0e28\u0e32\u0e25\u0e32\u0e18\u0e23\u0e23\u0e21\u0e2a\u0e1e\u0e19\u0e4c", "\u0e28\u0e32\u0e25\u0e32\u0e22\u0e32", "\u0e28\u0e32\u0e25\u0e40\u0e08\u0e49\u0e32\u0e1e\u0e48\u0e2d\u0e40\u0e2a\u0e37\u0e2d", "\u0e28\u0e34\u0e23\u0e34\u0e23\u0e32\u0e0a", "\u0e2a\u0e19\u0e32\u0e21\u0e1a\u0e34\u0e19", "\u0e2a\u0e21\u0e40\u0e14\u0e47\u0e08\u0e40\u0e08\u0e49\u0e32\u0e1e\u0e23\u0e30\u0e22\u0e32", "\u0e2a\u0e27\u0e19\u0e08\u0e34\u0e15\u0e23\u0e25\u0e14\u0e32", "\u0e2a\u0e27\u0e19\u0e2b\u0e25\u0e27\u0e07", "\u0e2a\u0e30\u0e1e\u0e32\u0e19\u0e2a\u0e2d\u0e07", "\u0e2a\u0e30\u0e1e\u0e32\u0e19\u0e2a\u0e39\u0e07", "\u0e2a\u0e31\u0e21\u0e1e\u0e31\u0e19\u0e18\u0e27\u0e07\u0e28\u0e4c", "\u0e2a\u0e32\u0e21\u0e27\u0e32\u0e15\u0e30\u0e27\u0e31\u0e19\u0e15\u0e01", "\u0e2a\u0e32\u0e21\u0e27\u0e32\u0e15\u0e30\u0e27\u0e31\u0e19\u0e2d\u0e2d\u0e01", "\u0e2a\u0e32\u0e21\u0e40\u0e2a\u0e19\u0e19\u0e2d\u0e01", "\u0e2a\u0e32\u0e21\u0e40\u0e2a\u0e19\u0e43\u0e19", "\u0e2a\u0e32\u0e22\u0e44\u0e2b\u0e21", "\u0e2a\u0e33\u0e23\u0e32\u0e0d\u0e23\u0e32\u0e29\u0e0e\u0e23\u0e4c", "\u0e2a\u0e33\u0e40\u0e2b\u0e23\u0e48", "\u0e2a\u0e33\u0e42\u0e23\u0e07\u0e40\u0e2b\u0e19\u0e37\u0e2d", "\u0e2a\u0e35\u0e01\u0e31\u0e19", "\u0e2a\u0e35\u0e25\u0e21", "\u0e2a\u0e35\u0e48\u0e1e\u0e23\u0e30\u0e22\u0e32", "\u0e2a\u0e35\u0e48\u0e41\u0e22\u0e01\u0e21\u0e2b\u0e32\u0e19\u0e32\u0e04", "\u0e2a\u0e38\u0e23\u0e34\u0e22\u0e27\u0e07\u0e28\u0e4c", "\u0e2b\u0e19\u0e2d\u0e07\u0e04\u0e49\u0e32\u0e07\u0e1e\u0e25\u0e39", "\u0e2b\u0e19\u0e2d\u0e07\u0e08\u0e2d\u0e01", "\u0e2b\u0e19\u0e2d\u0e07\u0e1a\u0e2d\u0e19", "\u0e2b\u0e19\u0e2d\u0e07\u0e41\u0e02\u0e21", "\u0e2b\u0e25\u0e31\u0e01\u0e2a\u0e2d\u0e07", "\u0e2b\u0e31\u0e27\u0e2b\u0e21\u0e32\u0e01", "\u0e2b\u0e34\u0e23\u0e31\u0e0d\u0e23\u0e39\u0e08\u0e35", "\u0e2b\u0e49\u0e27\u0e22\u0e02\u0e27\u0e32\u0e07", "\u0e2d\u0e19\u0e38\u0e2a\u0e32\u0e27\u0e23\u0e35\u0e22\u0e4c", "\u0e2d\u0e23\u0e38\u0e13\u0e2d\u0e21\u0e23\u0e34\u0e19\u0e17\u0e23\u0e4c", "\u0e2d\u0e2d\u0e40\u0e07\u0e34\u0e19", "\u0e40\u0e2a\u0e19\u0e32\u0e19\u0e34\u0e04\u0e21", "\u0e40\u0e2a\u0e32\u0e0a\u0e34\u0e07\u0e0a\u0e49\u0e32", "\u0e41\u0e2a\u0e19\u0e41\u0e2a\u0e1a", "\u0e41\u0e2a\u0e21\u0e14\u0e33", "\u0e42\u0e04\u0e01\u0e41\u0e1d\u0e14"], ["\u0e04\u0e25\u0e2d\u0e07\u0e2a\u0e32\u0e19", "\u0e04\u0e25\u0e2d\u0e07\u0e2a\u0e32\u0e21\u0e27\u0e32", "\u0e04\u0e25\u0e2d\u0e07\u0e40\u0e15\u0e22", "\u0e04\u0e31\u0e19\u0e19\u0e32\u0e22\u0e32\u0e27", "\u0e08\u0e15\u0e38\u0e08\u0e31\u0e01\u0e23", "\u0e08\u0e2d\u0e21\u0e17\u0e2d\u0e07", "\u0e14\u0e2d\u0e19\u0e40\u0e21\u0e37\u0e2d\u0e07", "\u0e14\u0e34\u0e19\u0e41\u0e14\u0e07", "\u0e14\u0e38\u0e2a\u0e34\u0e15", "\u0e15\u0e25\u0e34\u0e48\u0e07\u0e0a\u0e31\u0e19", "\u0e17\u0e27\u0e35\u0e27\u0e31\u0e12\u0e19\u0e32", "\u0e17\u0e38\u0e48\u0e07\u0e04\u0e23\u0e38", "\u0e17\u0e48\u0e32\u0e21\u0e48\u0e27\u0e07", "\u0e18\u0e19\u0e1a\u0e38\u0e23\u0e35", "\u0e1a\u0e32\u0e07\u0e01\u0e23\u0e27\u0e22", "\u0e1a\u0e32\u0e07\u0e01\u0e2d\u0e01\u0e19\u0e49\u0e2d\u0e22", "\u0e1a\u0e32\u0e07\u0e01\u0e2d\u0e01\u0e43\u0e2b\u0e0d\u0e48", "\u0e1a\u0e32\u0e07\u0e01\u0e30\u0e1b\u0e34", "\u0e1a\u0e32\u0e07\u0e02\u0e38\u0e19\u0e40\u0e17\u0e35\u0e22\u0e19", "\u0e1a\u0e32\u0e07\u0e04\u0e2d\u0e41\u0e2b\u0e25\u0e21", "\u0e1a\u0e32\u0e07\u0e0b\u0e37\u0e48\u0e2d", "\u0e1a\u0e32\u0e07\u0e19\u0e32", "\u0e1a\u0e32\u0e07\u0e19\u0e49\u0e33\u0e40\u0e1b\u0e23\u0e35\u0e49\u0e22\u0e27", "\u0e1a\u0e32\u0e07\u0e1a\u0e2d\u0e19", "\u0e1a\u0e32\u0e07\u0e1a\u0e31\u0e27\u0e17\u0e2d\u0e07", "\u0e1a\u0e32\u0e07\u0e1e\u0e25\u0e31\u0e14", "\u0e1a\u0e32\u0e07\u0e23\u0e31\u0e01", "\u0e1a\u0e32\u0e07\u0e40\u0e02\u0e19", "\u0e1a\u0e32\u0e07\u0e41\u0e04", "\u0e1a\u0e36\u0e07\u0e01\u0e38\u0e48\u0e21", "\u0e1b\u0e17\u0e38\u0e21\u0e27\u0e31\u0e19", "\u0e1b\u0e23\u0e30\u0e40\u0e27\u0e28", "\u0e1b\u0e32\u0e01\u0e40\u0e01\u0e23\u0e47\u0e14", "\u0e1b\u0e49\u0e2d\u0e21\u0e1b\u0e23\u0e32\u0e1a\u0e28\u0e31\u0e15\u0e23\u0e39\u0e1e\u0e48\u0e32\u0e22", "\u0e1e\u0e0d\u0e32\u0e44\u0e17", "\u0e1e\u0e23\u0e30\u0e19\u0e04\u0e23", "\u0e1e\u0e23\u0e30\u0e1b\u0e23\u0e30\u0e41\u0e14\u0e07", "\u0e1e\u0e23\u0e30\u0e42\u0e02\u0e19\u0e07", "\u0e1e\u0e38\u0e17\u0e18\u0e21\u0e13\u0e11\u0e25", "\u0e20\u0e32\u0e29\u0e35\u0e40\u0e08\u0e23\u0e34\u0e0d", "\u0e21\u0e35\u0e19\u0e1a\u0e38\u0e23\u0e35", "\u0e22\u0e32\u0e19\u0e19\u0e32\u0e27\u0e32", "\u0e23\u0e32\u0e0a\u0e40\u0e17\u0e27\u0e35", "\u0e23\u0e32\u0e29\u0e0e\u0e23\u0e4c\u0e1a\u0e39\u0e23\u0e13\u0e30", "\u0e25\u0e32\u0e14\u0e01\u0e23\u0e30\u0e1a\u0e31\u0e07", "\u0e25\u0e32\u0e14\u0e1e\u0e23\u0e49\u0e32\u0e27", "\u0e27\u0e31\u0e07\u0e17\u0e2d\u0e07\u0e2b\u0e25\u0e32\u0e07", "\u0e27\u0e31\u0e12\u0e19\u0e32", "\u0e2a\u0e27\u0e19\u0e2b\u0e25\u0e27\u0e07", "\u0e2a\u0e30\u0e1e\u0e32\u0e19\u0e2a\u0e39\u0e07", "\u0e2a\u0e31\u0e21\u0e1e\u0e31\u0e19\u0e18\u0e27\u0e07\u0e28\u0e4c", "\u0e2a\u0e32\u0e17\u0e23", "\u0e2a\u0e32\u0e22\u0e44\u0e2b\u0e21", "\u0e2b\u0e19\u0e2d\u0e07\u0e08\u0e2d\u0e01", "\u0e2b\u0e19\u0e2d\u0e07\u0e41\u0e02\u0e21", "\u0e2b\u0e25\u0e31\u0e01\u0e2a\u0e35\u0e48", "\u0e2b\u0e49\u0e27\u0e22\u0e02\u0e27\u0e32\u0e07", "\u0e40\u0e21\u0e37\u0e2d\u0e07\u0e19\u0e19\u0e17\u0e1a\u0e38\u0e23\u0e35", "\u0e40\u0e21\u0e37\u0e2d\u0e07\u0e23\u0e32\u0e0a\u0e1a\u0e38\u0e23\u0e35", "\u0e40\u0e21\u0e37\u0e2d\u0e07\u0e2a\u0e21\u0e38\u0e17\u0e23\u0e1b\u0e23\u0e32\u0e01\u0e32\u0e23", "\u0e40\u0e21\u0e37\u0e2d\u0e07\u0e40\u0e0a\u0e35\u0e22\u0e07\u0e43\u0e2b\u0e21\u0e48"], ["BEST", "\u0e01\u0e23\u0e30\u0e17\u0e33\u0e1c\u0e34\u0e14\u0e43\u0e19\u0e17\u0e35\u0e48\u0e2a\u0e32\u0e18\u0e32\u0e23\u0e13\u0e30", "\u0e01\u0e23\u0e38\u0e07\u0e40\u0e17\u0e1e\u0e42\u0e1b\u0e23\u0e48\u0e07\u0e43\u0e2a", "\u0e01\u0e25\u0e49\u0e2d\u0e07\u0e42\u0e17\u0e23\u0e17\u0e31\u0e28\u0e19\u0e4c\u0e27\u0e07\u0e08\u0e23\u0e1b\u0e34\u0e14 (CCTV)", "\u0e01\u0e32\u0e23\u0e04\u0e38\u0e49\u0e21\u0e04\u0e23\u0e2d\u0e07\u0e1c\u0e39\u0e49\u0e1a\u0e23\u0e34\u0e42\u0e20\u0e04", "\u0e01\u0e32\u0e23\u0e1a\u0e23\u0e34\u0e2b\u0e32\u0e23\u0e07\u0e32\u0e19\u0e1a\u0e38\u0e04\u0e04\u0e25", "\u0e02\u0e22\u0e30", "\u0e02\u0e22\u0e30\u0e41\u0e25\u0e30\u0e2a\u0e34\u0e48\u0e07\u0e1b\u0e0f\u0e34\u0e01\u0e39\u0e25", "\u0e02\u0e2d\u0e04\u0e27\u0e32\u0e21\u0e0a\u0e48\u0e27\u0e22\u0e40\u0e2b\u0e25\u0e37\u0e2d", "\u0e02\u0e2d\u0e43\u0e0a\u0e49\u0e1a\u0e23\u0e34\u0e01\u0e32\u0e23", "\u0e02\u0e2d\u0e43\u0e2b\u0e49\u0e14\u0e33\u0e40\u0e19\u0e34\u0e19\u0e01\u0e32\u0e23\u0e01\u0e31\u0e1a\u0e2a\u0e31\u0e15\u0e27\u0e4c\u0e40\u0e25\u0e37\u0e49\u0e2d\u0e22\u0e04\u0e25\u0e32\u0e19 \u0e2a\u0e31\u0e15\u0e27\u0e4c\u0e21\u0e35\u0e1e\u0e34\u0e29", "\u0e02\u0e36\u0e49\u0e19\u0e17\u0e30\u0e40\u0e1a\u0e35\u0e22\u0e19&\u0e2a\u0e33\u0e23\u0e27\u0e08", "\u0e02\u0e49\u0e2d\u0e40\u0e2a\u0e19\u0e2d\u0e41\u0e19\u0e30", "\u0e04\u0e19\u0e40\u0e23\u0e48\u0e23\u0e48\u0e2d\u0e19", "\u0e04\u0e27\u0e31\u0e19\u0e14\u0e33", "\u0e04\u0e27\u0e32\u0e21\u0e1b\u0e25\u0e2d\u0e14\u0e20\u0e31\u0e22", "\u0e04\u0e27\u0e32\u0e21\u0e2a\u0e30\u0e2d\u0e32\u0e14", "\u0e08\u0e23\u0e32\u0e08\u0e23", "\u0e08\u0e38\u0e14\u0e40\u0e2a\u0e35\u0e48\u0e22\u0e07", "\u0e15\u0e49\u0e19\u0e44\u0e21\u0e49", "\u0e15\u0e49\u0e19\u0e44\u0e21\u0e49\u0e41\u0e25\u0e30\u0e2a\u0e27\u0e19\u0e2a\u0e32\u0e18\u0e32\u0e23\u0e13\u0e30", "\u0e16\u0e19\u0e19", "\u0e16\u0e31\u0e07\u0e14\u0e31\u0e1a\u0e40\u0e1e\u0e25\u0e34\u0e07/\u0e1b\u0e23\u0e30\u0e1b\u0e32\u0e2b\u0e31\u0e27\u0e41\u0e14\u0e07", "\u0e17\u0e32\u0e07\u0e40\u0e17\u0e49\u0e32", "\u0e17\u0e35\u0e48\u0e1e\u0e31\u0e01\u0e1c\u0e39\u0e49\u0e42\u0e14\u0e22\u0e2a\u0e32\u0e23", "\u0e17\u0e38\u0e08\u0e23\u0e34\u0e15", "\u0e17\u0e48\u0e2d\u0e23\u0e30\u0e1a\u0e32\u0e22\u0e19\u0e49\u0e33", "\u0e19\u0e49\u0e33\u0e17\u0e48\u0e27\u0e21", "\u0e1a\u0e23\u0e34\u0e01\u0e32\u0e23\u0e2a\u0e32\u0e18\u0e32\u0e23\u0e13\u0e30\u0e02\u0e2d\u0e07\u0e2b\u0e19\u0e48\u0e27\u0e22\u0e07\u0e32\u0e19\u0e43\u0e19\u0e2a\u0e31\u0e07\u0e01\u0e31\u0e14\u0e01\u0e23\u0e38\u0e07\u0e40\u0e17\u0e1e\u0e21\u0e2b\u0e32\u0e19\u0e04\u0e23", "\u0e1a\u0e32\u0e17\u0e27\u0e34\u0e16\u0e35", "\u0e1b\u0e23\u0e30\u0e1b\u0e32", "\u0e1b\u0e31\u0e0d\u0e2b\u0e32\u0e04\u0e27\u0e32\u0e21\u0e40\u0e14\u0e37\u0e2d\u0e14\u0e23\u0e49\u0e2d\u0e19\u0e08\u0e32\u0e01\u0e01\u0e32\u0e23\u0e14\u0e33\u0e40\u0e19\u0e34\u0e19\u0e01\u0e32\u0e23\u0e02\u0e2d\u0e07\u0e23\u0e31\u0e10", "\u0e1b\u0e31\u0e0d\u0e2b\u0e32\u0e17\u0e35\u0e48\u0e2a\u0e48\u0e07\u0e1c\u0e25\u0e01\u0e23\u0e30\u0e17\u0e1a\u0e01\u0e31\u0e1a\u0e01\u0e32\u0e23\u0e08\u0e23\u0e32\u0e08\u0e23", "\u0e1b\u0e31\u0e0d\u0e2b\u0e32\u0e2a\u0e31\u0e07\u0e04\u0e21", "\u0e1b\u0e49\u0e32\u0e22\u0e42\u0e06\u0e29\u0e13\u0e32", "\u0e1c\u0e34\u0e14\u0e01\u0e0e\u0e08\u0e23\u0e32\u0e08\u0e23", "\u0e1c\u0e34\u0e14\u0e01\u0e0f\u0e08\u0e23\u0e32\u0e08\u0e23", "\u0e1c\u0e39\u0e49\u0e1e\u0e34\u0e01\u0e32\u0e23+\u0e43\u0e0a\u0e49\u0e25\u0e49\u0e2d", "\u0e1d\u0e38\u0e48\u0e19\u0e04\u0e27\u0e31\u0e19&\u0e01\u0e25\u0e34\u0e48\u0e19&PM2.5", "\u0e20\u0e31\u0e22\u0e17\u0e32\u0e07\u0e16\u0e19\u0e19", "\u0e20\u0e31\u0e22\u0e2d\u0e2d\u0e19\u0e44\u0e25\u0e19\u0e4c", "\u0e20\u0e31\u0e22\u0e2d\u0e37\u0e48\u0e19\u0e46", "\u0e22\u0e32\u0e40\u0e2a\u0e1e\u0e15\u0e34\u0e14", "\u0e27\u0e34\u0e19\u0e21\u0e2d\u0e44\u0e0b\u0e04\u0e4c", "\u0e2a\u0e30\u0e1e\u0e32\u0e19", "\u0e2a\u0e31\u0e15\u0e27\u0e4c", "\u0e2a\u0e32\u0e18\u0e32\u0e23\u0e13\u0e39\u0e1b\u0e42\u0e20\u0e04", "\u0e2a\u0e32\u0e22\u0e2a\u0e37\u0e48\u0e2d\u0e2a\u0e32\u0e23", "\u0e2a\u0e38\u0e02\u0e20\u0e32\u0e1e & \u0e1a\u0e31\u0e15\u0e23\u0e17\u0e2d\u0e07", "\u0e2b\u0e32\u0e1a\u0e40\u0e23\u0e48\u0e41\u0e1c\u0e07\u0e25\u0e2d\u0e22", "\u0e2d\u0e31\u0e04\u0e04\u0e35\u0e20\u0e31\u0e22", "\u0e2d\u0e32\u0e04\u0e32\u0e23", "\u0e2d\u0e32\u0e04\u0e32\u0e23\u0e2a\u0e16\u0e32\u0e19\u0e17\u0e35\u0e48\u0e0a\u0e33\u0e23\u0e38\u0e14", "\u0e2d\u0e37\u0e48\u0e19\u0e46", "\u0e2d\u0e38\u0e1a\u0e31\u0e15\u0e34\u0e40\u0e2b\u0e15\u0e38", "\u0e2d\u0e38\u0e1b\u0e01\u0e23\u0e13\u0e4c\u0e0a\u0e33\u0e23\u0e38\u0e14", "\u0e40\u0e02\u0e37\u0e48\u0e2d\u0e19 \u0e04\u0e39\u0e04\u0e25\u0e2d\u0e07", "\u0e40\u0e1c\u0e32\u0e43\u0e19\u0e17\u0e35\u0e48\u0e42\u0e25\u0e48\u0e07", "\u0e40\u0e23\u0e37\u0e48\u0e2d\u0e07\u0e09\u0e38\u0e01\u0e40\u0e09\u0e34\u0e19", "\u0e40\u0e23\u0e37\u0e48\u0e2d\u0e07\u0e23\u0e49\u0e2d\u0e07\u0e17\u0e38\u0e01\u0e02\u0e4c\u0e1b\u0e23\u0e30\u0e40\u0e20\u0e17\u0e2d\u0e37\u0e48\u0e19 \u0e46 - \u0e40\u0e23\u0e37\u0e48\u0e2d\u0e07\u0e23\u0e49\u0e2d\u0e07\u0e40\u0e23\u0e35\u0e22\u0e19\u0e17\u0e35\u0e48\u0e44\u0e21\u0e48\u0e2a\u0e32\u0e21\u0e32\u0e23\u0e16\u0e08\u0e31\u0e14\u0e40\u0e02\u0e49\u0e32\u0e1b\u0e23\u0e30\u0e40\u0e20\u0e17\u0e43\u0e14", "\u0e40\u0e25\u0e37\u0e2d\u0e01\u0e15\u0e31\u0e49\u0e07", "\u0e40\u0e2a\u0e19\u0e2d\u0e41\u0e19\u0e30", "\u0e40\u0e2a\u0e35\u0e22\u0e07", "\u0e40\u0e2b\u0e15\u0e38\u0e40\u0e14\u0e37\u0e2d\u0e14\u0e23\u0e49\u0e2d\u0e19\u0e23\u0e33\u0e04\u0e32\u0e0d", "\u0e41\u0e17\u0e47\u0e01\u0e0b\u0e35\u0e48/\u0e23\u0e16\u0e40\u0e21\u0e25\u0e4c", "\u0e42\u0e23\u0e07\u0e40\u0e23\u0e35\u0e22\u0e19", "\u0e44\u0e1f\u0e1b\u0e48\u0e32", "\u0e44\u0e1f\u0e1f\u0e49\u0e32"], ["BEST", "Bus Line / \u0e08\u0e2d\u0e41\u0e2a\u0e14\u0e07\u0e1c\u0e25 LED \u0e02\u0e2d\u0e07\u0e17\u0e35\u0e48\u0e1e\u0e31\u0e01\u0e1c\u0e39\u0e49\u0e42\u0e14\u0e22\u0e2a\u0e32\u0e23", "\u0e01\u0e23\u0e30\u0e17\u0e33\u0e1c\u0e34\u0e14\u0e43\u0e19\u0e17\u0e35\u0e48\u0e2a\u0e32\u0e18\u0e32\u0e23\u0e13\u0e30", "\u0e01\u0e23\u0e38\u0e07\u0e40\u0e17\u0e1e\u0e42\u0e1b\u0e23\u0e48\u0e07\u0e43\u0e2a", "\u0e01\u0e25\u0e34\u0e48\u0e19", "\u0e01\u0e25\u0e48\u0e32\u0e27\u0e42\u0e17\u0e29\u0e40\u0e08\u0e49\u0e32\u0e2b\u0e19\u0e49\u0e32\u0e17\u0e35\u0e48", "\u0e01\u0e25\u0e49\u0e2d\u0e07\u0e42\u0e17\u0e23\u0e17\u0e31\u0e28\u0e19\u0e4c\u0e27\u0e07\u0e08\u0e23\u0e1b\u0e34\u0e14 (CCTV)", "\u0e01\u0e32\u0e23\u0e04\u0e38\u0e49\u0e21\u0e04\u0e23\u0e2d\u0e07\u0e1c\u0e39\u0e49\u0e1a\u0e23\u0e34\u0e42\u0e20\u0e04", "\u0e01\u0e32\u0e23\u0e08\u0e31\u0e14\u0e23\u0e30\u0e40\u0e1a\u0e35\u0e22\u0e1a\u0e2a\u0e32\u0e22\u0e2a\u0e37\u0e48\u0e2d\u0e2a\u0e32\u0e23", "\u0e01\u0e32\u0e23\u0e1a\u0e23\u0e34\u0e2b\u0e32\u0e23\u0e07\u0e32\u0e19\u0e1a\u0e38\u0e04\u0e04\u0e25", "\u0e01\u0e32\u0e23\u0e1a\u0e23\u0e34\u0e2b\u0e32\u0e23\u0e08\u0e31\u0e14\u0e01\u0e32\u0e23\u0e02\u0e2d\u0e07\u0e2b\u0e19\u0e48\u0e27\u0e22\u0e07\u0e32\u0e19", "\u0e01\u0e32\u0e23\u0e23\u0e30\u0e1a\u0e32\u0e22\u0e19\u0e49\u0e33\u0e17\u0e34\u0e49\u0e07\u0e25\u0e07\u0e43\u0e19\u0e16\u0e19\u0e19 \u0e2b\u0e23\u0e37\u0e2d\u0e1a\u0e49\u0e32\u0e19\u0e02\u0e2d\u0e07\u0e1c\u0e39\u0e49\u0e2d\u0e37\u0e48\u0e19", "\u0e01\u0e32\u0e23\u0e43\u0e2b\u0e49\u0e1a\u0e23\u0e34\u0e01\u0e32\u0e23\u0e02\u0e2d\u0e07\u0e40\u0e08\u0e49\u0e32\u0e2b\u0e19\u0e49\u0e32\u0e17\u0e35\u0e48", "\u0e02\u0e22\u0e30", "\u0e02\u0e22\u0e30\u0e15\u0e01\u0e04\u0e49\u0e32\u0e07", "\u0e02\u0e22\u0e30\u0e15\u0e01\u0e2b\u0e25\u0e48\u0e19", "\u0e02\u0e22\u0e30\u0e41\u0e25\u0e30\u0e2a\u0e34\u0e48\u0e07\u0e1b\u0e0f\u0e34\u0e01\u0e39\u0e25", "\u0e02\u0e2d\u0e04\u0e27\u0e32\u0e21\u0e0a\u0e48\u0e27\u0e22\u0e40\u0e2b\u0e25\u0e37\u0e2d", "\u0e02\u0e2d\u0e04\u0e27\u0e32\u0e21\u0e40\u0e1b\u0e47\u0e19\u0e18\u0e23\u0e23\u0e21", "\u0e02\u0e2d\u0e0b\u0e48\u0e2d\u0e21\u0e40\u0e1b\u0e25\u0e35\u0e48\u0e22\u0e19", "\u0e02\u0e2d\u0e17\u0e32\u0e19", "\u0e02\u0e2d\u0e19\u0e49\u0e33\u0e1b\u0e23\u0e30\u0e1b\u0e32", "\u0e02\u0e2d\u0e2a\u0e33\u0e40\u0e19\u0e32\u0e44\u0e1f\u0e25\u0e4c\u0e20\u0e32\u0e1e\u0e08\u0e32\u0e01\u0e01\u0e25\u0e49\u0e2d\u0e07\u0e42\u0e17\u0e23\u0e17\u0e31\u0e28\u0e19\u0e4c\u0e27\u0e07\u0e08\u0e23\u0e1b\u0e34\u0e14 (CCTV)", "\u0e02\u0e2d\u0e43\u0e0a\u0e49\u0e1a\u0e23\u0e34\u0e01\u0e32\u0e23", "\u0e02\u0e2d\u0e43\u0e2b\u0e49\u0e01\u0e33\u0e2b\u0e19\u0e14\u0e08\u0e38\u0e14\u0e2b\u0e22\u0e38\u0e14\u0e23\u0e16\u0e42\u0e14\u0e22\u0e2a\u0e32\u0e23\u0e1b\u0e23\u0e30\u0e08\u0e33\u0e17\u0e32\u0e07", "\u0e02\u0e2d\u0e43\u0e2b\u0e49\u0e01\u0e48\u0e2d\u0e2a\u0e23\u0e49\u0e32\u0e07 \u0e1b\u0e23\u0e31\u0e1a\u0e1b\u0e23\u0e38\u0e07 \u0e2b\u0e23\u0e37\u0e2d\u0e02\u0e22\u0e32\u0e22\u0e17\u0e48\u0e2d\u0e1b\u0e23\u0e30\u0e1b\u0e32", "\u0e02\u0e2d\u0e43\u0e2b\u0e49\u0e01\u0e48\u0e2d\u0e2a\u0e23\u0e49\u0e32\u0e07\u0e17\u0e35\u0e48\u0e1e\u0e31\u0e01\u0e1c\u0e39\u0e49\u0e42\u0e14\u0e22\u0e2a\u0e32\u0e23", "\u0e02\u0e2d\u0e43\u0e2b\u0e49\u0e02\u0e38\u0e14\u0e25\u0e2d\u0e01 \u0e04\u0e39\u0e04\u0e25\u0e2d\u0e07", "\u0e02\u0e2d\u0e43\u0e2b\u0e49\u0e02\u0e38\u0e14\u0e25\u0e2d\u0e01\u0e17\u0e48\u0e2d\u0e23\u0e30\u0e1a\u0e32\u0e22\u0e19\u0e49\u0e33", "\u0e02\u0e2d\u0e43\u0e2b\u0e49\u0e08\u0e31\u0e14\u0e23\u0e30\u0e40\u0e1a\u0e35\u0e22\u0e1a\u0e2b\u0e32\u0e1a\u0e40\u0e23\u0e48 \u0e41\u0e1c\u0e07\u0e25\u0e2d\u0e22", "\u0e02\u0e2d\u0e43\u0e2b\u0e49\u0e08\u0e31\u0e14\u0e40\u0e01\u0e47\u0e1a\u0e02\u0e22\u0e30\u0e0a\u0e34\u0e49\u0e19\u0e43\u0e2b\u0e0d\u0e48 / \u0e02\u0e22\u0e30\u0e2a\u0e48\u0e27\u0e19\u0e40\u0e01\u0e34\u0e19", "\u0e02\u0e2d\u0e43\u0e2b\u0e49\u0e0b\u0e48\u0e2d\u0e21\u0e41\u0e0b\u0e21 \u0e1a\u0e33\u0e23\u0e38\u0e07\u0e23\u0e31\u0e01\u0e29\u0e32 \u0e01\u0e25\u0e49\u0e2d\u0e07\u0e42\u0e17\u0e23\u0e17\u0e31\u0e28\u0e19\u0e4c\u0e27\u0e07\u0e08\u0e23\u0e1b\u0e34\u0e14 (CCTV)", "\u0e02\u0e2d\u0e43\u0e2b\u0e49\u0e14\u0e33\u0e40\u0e19\u0e34\u0e19\u0e01\u0e32\u0e23\u0e01\u0e31\u0e1a\u0e19\u0e01", "\u0e02\u0e2d\u0e43\u0e2b\u0e49\u0e14\u0e33\u0e40\u0e19\u0e34\u0e19\u0e01\u0e32\u0e23\u0e01\u0e31\u0e1a\u0e1c\u0e39\u0e49\u0e01\u0e48\u0e2d\u0e2a\u0e23\u0e49\u0e32\u0e07\u0e2b\u0e23\u0e37\u0e2d\u0e15\u0e48\u0e2d\u0e40\u0e15\u0e34\u0e21\u0e2d\u0e32\u0e04\u0e32\u0e23\u0e1c\u0e34\u0e14\u0e41\u0e1a\u0e1a\u0e17\u0e35\u0e48\u0e02\u0e2d\u0e2d\u0e19\u0e38\u0e0d\u0e32\u0e15", "\u0e02\u0e2d\u0e43\u0e2b\u0e49\u0e14\u0e33\u0e40\u0e19\u0e34\u0e19\u0e01\u0e32\u0e23\u0e01\u0e31\u0e1a\u0e1c\u0e39\u0e49\u0e01\u0e48\u0e2d\u0e2a\u0e23\u0e49\u0e32\u0e07\u0e2b\u0e23\u0e37\u0e2d\u0e15\u0e48\u0e2d\u0e40\u0e15\u0e34\u0e21\u0e2d\u0e32\u0e04\u0e32\u0e23\u0e42\u0e14\u0e22\u0e44\u0e21\u0e48\u0e44\u0e14\u0e49\u0e23\u0e31\u0e1a\u0e2d\u0e19\u0e38\u0e0d\u0e32\u0e15", "\u0e02\u0e2d\u0e43\u0e2b\u0e49\u0e14\u0e33\u0e40\u0e19\u0e34\u0e19\u0e01\u0e32\u0e23\u0e01\u0e31\u0e1a\u0e1c\u0e39\u0e49\u0e02\u0e31\u0e1a\u0e02\u0e35\u0e48\u0e23\u0e16 / \u0e08\u0e2d\u0e14\u0e23\u0e16\u0e1a\u0e19\u0e17\u0e32\u0e07\u0e40\u0e17\u0e49\u0e32", "\u0e02\u0e2d\u0e43\u0e2b\u0e49\u0e14\u0e33\u0e40\u0e19\u0e34\u0e19\u0e01\u0e32\u0e23\u0e01\u0e31\u0e1a\u0e1c\u0e39\u0e49\u0e08\u0e2d\u0e14\u0e23\u0e16\u0e01\u0e35\u0e14\u0e02\u0e27\u0e32\u0e07", "\u0e02\u0e2d\u0e43\u0e2b\u0e49\u0e14\u0e33\u0e40\u0e19\u0e34\u0e19\u0e01\u0e32\u0e23\u0e01\u0e31\u0e1a\u0e1c\u0e39\u0e49\u0e15\u0e31\u0e49\u0e07\u0e27\u0e32\u0e07\u0e2a\u0e34\u0e48\u0e07\u0e02\u0e2d\u0e07\u0e01\u0e35\u0e14\u0e02\u0e27\u0e32\u0e07", "\u0e02\u0e2d\u0e43\u0e2b\u0e49\u0e14\u0e33\u0e40\u0e19\u0e34\u0e19\u0e01\u0e32\u0e23\u0e01\u0e31\u0e1a\u0e1c\u0e39\u0e49\u0e40\u0e17\u0e19\u0e49\u0e33 \u0e19\u0e49\u0e33\u0e21\u0e31\u0e19 \u0e2b\u0e23\u0e37\u0e2d\u0e17\u0e34\u0e49\u0e07\u0e40\u0e28\u0e29\u0e2a\u0e34\u0e48\u0e07\u0e02\u0e2d\u0e07\u0e43\u0e19\u0e17\u0e48\u0e2d\u0e23\u0e30\u0e1a\u0e32\u0e22\u0e19\u0e49\u0e33", "\u0e02\u0e2d\u0e43\u0e2b\u0e49\u0e14\u0e33\u0e40\u0e19\u0e34\u0e19\u0e01\u0e32\u0e23\u0e01\u0e31\u0e1a\u0e22\u0e38\u0e07", "\u0e02\u0e2d\u0e43\u0e2b\u0e49\u0e14\u0e33\u0e40\u0e19\u0e34\u0e19\u0e01\u0e32\u0e23\u0e01\u0e31\u0e1a\u0e27\u0e31\u0e2a\u0e14\u0e38\u0e15\u0e01\u0e2b\u0e25\u0e48\u0e19\u0e1a\u0e19\u0e1c\u0e34\u0e27\u0e08\u0e23\u0e32\u0e08\u0e23", "\u0e02\u0e2d\u0e43\u0e2b\u0e49\u0e14\u0e33\u0e40\u0e19\u0e34\u0e19\u0e01\u0e32\u0e23\u0e01\u0e31\u0e1a\u0e2a\u0e31\u0e15\u0e27\u0e4c\u0e40\u0e25\u0e37\u0e49\u0e2d\u0e22\u0e04\u0e25\u0e32\u0e19 \u0e2a\u0e31\u0e15\u0e27\u0e4c\u0e21\u0e35\u0e1e\u0e34\u0e29", "\u0e02\u0e2d\u0e43\u0e2b\u0e49\u0e14\u0e33\u0e40\u0e19\u0e34\u0e19\u0e01\u0e32\u0e23\u0e01\u0e31\u0e1a\u0e2a\u0e38\u0e19\u0e31\u0e02", "\u0e02\u0e2d\u0e43\u0e2b\u0e49\u0e14\u0e33\u0e40\u0e19\u0e34\u0e19\u0e01\u0e32\u0e23\u0e01\u0e31\u0e1a\u0e41\u0e21\u0e27", "\u0e02\u0e2d\u0e43\u0e2b\u0e49\u0e14\u0e33\u0e40\u0e19\u0e34\u0e19\u0e01\u0e32\u0e23\u0e1c\u0e39\u0e49\u0e25\u0e31\u0e01\u0e25\u0e2d\u0e1a\u0e44\u0e1f\u0e1f\u0e49\u0e32", "\u0e02\u0e2d\u0e43\u0e2b\u0e49\u0e14\u0e33\u0e40\u0e19\u0e34\u0e19\u0e01\u0e32\u0e23\u0e23\u0e37\u0e49\u0e2d\u0e16\u0e2d\u0e19\u0e2a\u0e34\u0e48\u0e07\u0e01\u0e48\u0e2d\u0e2a\u0e23\u0e49\u0e32\u0e07\u0e23\u0e38\u0e01\u0e25\u0e49\u0e33\u0e17\u0e35\u0e48\u0e2a\u0e32\u0e18\u0e32\u0e23\u0e13\u0e30", "\u0e02\u0e2d\u0e43\u0e2b\u0e49\u0e14\u0e33\u0e40\u0e19\u0e34\u0e19\u0e01\u0e32\u0e23\u0e2a\u0e32\u0e22\u0e42\u0e17\u0e23\u0e28\u0e31\u0e1e\u0e17\u0e4c\u0e17\u0e35\u0e48\u0e44\u0e21\u0e48\u0e40\u0e1b\u0e47\u0e19\u0e23\u0e30\u0e40\u0e1a\u0e35\u0e22\u0e1a", "\u0e02\u0e2d\u0e43\u0e2b\u0e49\u0e14\u0e33\u0e40\u0e19\u0e34\u0e19\u0e01\u0e32\u0e23\u0e41\u0e01\u0e49\u0e44\u0e02\u0e2a\u0e32\u0e22\u0e44\u0e1f\u0e1f\u0e49\u0e32\u0e17\u0e35\u0e48\u0e44\u0e21\u0e48\u0e40\u0e1b\u0e47\u0e19\u0e23\u0e30\u0e40\u0e1a\u0e35\u0e22\u0e1a\u0e40\u0e23\u0e35\u0e22\u0e1a\u0e23\u0e49\u0e2d\u0e22 \u0e2b\u0e23\u0e37\u0e2d\u0e2d\u0e32\u0e08\u0e01\u0e48\u0e2d\u0e43\u0e2b\u0e49\u0e40\u0e01\u0e34\u0e14\u0e2d\u0e31\u0e19\u0e15\u0e23\u0e32\u0e22\u0e41\u0e01\u0e48\u0e1b\u0e23\u0e30\u0e0a\u0e32\u0e0a\u0e19", "\u0e02\u0e2d\u0e43\u0e2b\u0e49\u0e15\u0e23\u0e27\u0e08\u0e2a\u0e2d\u0e1a \u0e41\u0e01\u0e49\u0e44\u0e02\u0e1b\u0e31\u0e0d\u0e2b\u0e32\u0e2d\u0e32\u0e04\u0e32\u0e23\u0e0a\u0e33\u0e23\u0e38\u0e14\u0e21\u0e35\u0e23\u0e2d\u0e22\u0e41\u0e15\u0e01\u0e23\u0e49\u0e32\u0e27\u0e2b\u0e23\u0e37\u0e2d\u0e17\u0e23\u0e38\u0e14\u0e15\u0e31\u0e27", "\u0e02\u0e2d\u0e43\u0e2b\u0e49\u0e15\u0e31\u0e14\u0e41\u0e15\u0e48\u0e07\u0e15\u0e49\u0e19\u0e44\u0e21\u0e49 \u0e01\u0e34\u0e48\u0e07\u0e44\u0e21\u0e49", "\u0e02\u0e2d\u0e43\u0e2b\u0e49\u0e15\u0e34\u0e14\u0e15\u0e31\u0e49\u0e07 \u0e0b\u0e48\u0e2d\u0e21\u0e41\u0e0b\u0e21 \u0e40\u0e04\u0e25\u0e37\u0e48\u0e2d\u0e19\u0e22\u0e49\u0e32\u0e22 \u0e01\u0e23\u0e30\u0e08\u0e01\u0e42\u0e04\u0e49\u0e07", "\u0e02\u0e2d\u0e43\u0e2b\u0e49\u0e15\u0e34\u0e14\u0e15\u0e31\u0e49\u0e07 \u0e0b\u0e48\u0e2d\u0e21\u0e41\u0e0b\u0e21 \u0e40\u0e04\u0e25\u0e37\u0e48\u0e2d\u0e19\u0e22\u0e49\u0e32\u0e22 \u0e04\u0e31\u0e19\u0e0a\u0e30\u0e25\u0e2d\u0e04\u0e27\u0e32\u0e21\u0e40\u0e23\u0e47\u0e27", "\u0e02\u0e2d\u0e43\u0e2b\u0e49\u0e15\u0e34\u0e14\u0e15\u0e31\u0e49\u0e07 \u0e0b\u0e48\u0e2d\u0e21\u0e41\u0e0b\u0e21 \u0e40\u0e04\u0e25\u0e37\u0e48\u0e2d\u0e19\u0e22\u0e49\u0e32\u0e22 \u0e1b\u0e49\u0e32\u0e22\u0e08\u0e23\u0e32\u0e08\u0e23", "\u0e02\u0e2d\u0e43\u0e2b\u0e49\u0e15\u0e34\u0e14\u0e15\u0e31\u0e49\u0e07 \u0e0b\u0e48\u0e2d\u0e21\u0e41\u0e0b\u0e21 \u0e40\u0e04\u0e25\u0e37\u0e48\u0e2d\u0e19\u0e22\u0e49\u0e32\u0e22 \u0e2a\u0e31\u0e0d\u0e0d\u0e32\u0e13\u0e44\u0e1f\u0e08\u0e23\u0e32\u0e08\u0e23", "\u0e02\u0e2d\u0e43\u0e2b\u0e49\u0e15\u0e34\u0e14\u0e15\u0e31\u0e49\u0e07 \u0e0b\u0e48\u0e2d\u0e21\u0e41\u0e0b\u0e21 \u0e40\u0e04\u0e25\u0e37\u0e48\u0e2d\u0e19\u0e22\u0e49\u0e32\u0e22 \u0e40\u0e04\u0e23\u0e37\u0e48\u0e2d\u0e07\u0e2b\u0e21\u0e32\u0e22\u0e08\u0e23\u0e32\u0e08\u0e23", "\u0e02\u0e2d\u0e43\u0e2b\u0e49\u0e15\u0e34\u0e14\u0e15\u0e31\u0e49\u0e07 \u0e0b\u0e48\u0e2d\u0e21\u0e41\u0e0b\u0e21 \u0e40\u0e04\u0e25\u0e37\u0e48\u0e2d\u0e19\u0e22\u0e49\u0e32\u0e22\u0e2d\u0e38\u0e1b\u0e01\u0e23\u0e13\u0e4c\u0e04\u0e27\u0e32\u0e21\u0e1b\u0e25\u0e2d\u0e14\u0e20\u0e31\u0e22\u0e14\u0e49\u0e32\u0e19\u0e01\u0e32\u0e23\u0e08\u0e23\u0e32\u0e08\u0e23", "\u0e02\u0e2d\u0e43\u0e2b\u0e49\u0e15\u0e34\u0e14\u0e15\u0e31\u0e49\u0e07 \u0e0b\u0e48\u0e2d\u0e21\u0e41\u0e0b\u0e21 \u0e40\u0e1b\u0e34\u0e14 - \u0e1b\u0e34\u0e14 \u0e40\u0e04\u0e23\u0e37\u0e48\u0e2d\u0e07\u0e2a\u0e39\u0e1a\u0e19\u0e49\u0e33", "\u0e02\u0e2d\u0e43\u0e2b\u0e49\u0e15\u0e34\u0e14\u0e15\u0e31\u0e49\u0e07 \u0e41\u0e25\u0e30\u0e15\u0e23\u0e27\u0e08\u0e2a\u0e2d\u0e1a\u0e23\u0e30\u0e1a\u0e1a\u0e1b\u0e49\u0e2d\u0e07\u0e01\u0e31\u0e19\u0e2d\u0e31\u0e04\u0e04\u0e35\u0e20\u0e31\u0e22\u0e41\u0e25\u0e30\u0e1a\u0e31\u0e19\u0e44\u0e14\u0e2b\u0e19\u0e35\u0e44\u0e1f", "\u0e02\u0e2d\u0e43\u0e2b\u0e49\u0e15\u0e34\u0e14\u0e15\u0e31\u0e49\u0e07\u0e01\u0e25\u0e49\u0e2d\u0e07\u0e42\u0e17\u0e23\u0e17\u0e31\u0e28\u0e19\u0e4c\u0e27\u0e07\u0e08\u0e23\u0e1b\u0e34\u0e14 (CCTV)", "\u0e02\u0e2d\u0e43\u0e2b\u0e49\u0e15\u0e34\u0e14\u0e15\u0e31\u0e49\u0e07\u0e1b\u0e23\u0e30\u0e1b\u0e32\u0e2b\u0e31\u0e27\u0e41\u0e14\u0e07", "\u0e02\u0e2d\u0e43\u0e2b\u0e49\u0e15\u0e34\u0e14\u0e15\u0e31\u0e49\u0e07\u0e40\u0e04\u0e23\u0e37\u0e48\u0e2d\u0e07\u0e1b\u0e49\u0e2d\u0e07\u0e01\u0e31\u0e19\u0e1d\u0e38\u0e48\u0e19\u0e25\u0e30\u0e2d\u0e2d\u0e07\u0e41\u0e25\u0e30\u0e27\u0e31\u0e2a\u0e14\u0e38\u0e15\u0e01\u0e2b\u0e25\u0e48\u0e19 / \u0e40\u0e04\u0e23\u0e37\u0e48\u0e2d\u0e07\u0e1b\u0e49\u0e2d\u0e07\u0e01\u0e31\u0e19\u0e1d\u0e38\u0e48\u0e19\u0e25\u0e30\u0e2d\u0e2d\u0e07\u0e41\u0e25\u0e30\u0e27\u0e31\u0e2a\u0e14\u0e38\u0e15\u0e01\u0e2b\u0e25\u0e48\u0e19\u0e44\u0e21\u0e48\u0e44\u0e14\u0e49\u0e21\u0e32\u0e15\u0e23\u0e10\u0e32\u0e19", "\u0e02\u0e2d\u0e43\u0e2b\u0e49\u0e1a\u0e33\u0e23\u0e38\u0e07\u0e23\u0e31\u0e01\u0e29\u0e32\u0e15\u0e49\u0e19\u0e44\u0e21\u0e49", "\u0e02\u0e2d\u0e43\u0e2b\u0e49\u0e1b\u0e23\u0e31\u0e1a\u0e02\u0e19\u0e32\u0e14\u0e1d\u0e32\u0e17\u0e48\u0e2d\u0e23\u0e30\u0e1a\u0e32\u0e22\u0e19\u0e49\u0e33", "\u0e02\u0e2d\u0e43\u0e2b\u0e49\u0e1b\u0e23\u0e31\u0e1a\u0e02\u0e19\u0e32\u0e14\u0e40\u0e01\u0e32\u0e30\u0e01\u0e25\u0e32\u0e07\u0e16\u0e19\u0e19\u0e40\u0e1e\u0e37\u0e48\u0e2d\u0e02\u0e22\u0e32\u0e22\u0e1c\u0e34\u0e27\u0e01\u0e32\u0e23\u0e08\u0e23\u0e32\u0e08\u0e23", "\u0e02\u0e2d\u0e43\u0e2b\u0e49\u0e1b\u0e23\u0e31\u0e1a\u0e23\u0e30\u0e14\u0e31\u0e1a\u0e02\u0e2d\u0e1a\u0e1a\u0e48\u0e2d\u0e1e\u0e31\u0e01\u0e23\u0e30\u0e1a\u0e32\u0e22\u0e19\u0e49\u0e33\u0e01\u0e31\u0e1a\u0e1c\u0e34\u0e27\u0e16\u0e19\u0e19", "\u0e02\u0e2d\u0e43\u0e2b\u0e49\u0e1b\u0e34\u0e14 \u0e40\u0e1b\u0e34\u0e14\u0e01\u0e23\u0e30\u0e41\u0e2a\u0e44\u0e1f\u0e1f\u0e49\u0e32", "\u0e02\u0e2d\u0e43\u0e2b\u0e49\u0e1e\u0e34\u0e08\u0e32\u0e23\u0e13\u0e32\u0e14\u0e33\u0e40\u0e19\u0e34\u0e19\u0e01\u0e32\u0e23\u0e41\u0e01\u0e49\u0e44\u0e02\u0e1b\u0e31\u0e0d\u0e2b\u0e32\u0e08\u0e23\u0e32\u0e08\u0e23\u0e15\u0e34\u0e14\u0e02\u0e31\u0e14", "\u0e02\u0e2d\u0e43\u0e2b\u0e49\u0e21\u0e35\u0e01\u0e32\u0e23\u0e01\u0e48\u0e2d\u0e2a\u0e23\u0e49\u0e32\u0e07\u0e16\u0e19\u0e19", "\u0e02\u0e2d\u0e43\u0e2b\u0e49\u0e21\u0e35\u0e01\u0e32\u0e23\u0e01\u0e48\u0e2d\u0e2a\u0e23\u0e49\u0e32\u0e07\u0e1a\u0e32\u0e17\u0e27\u0e34\u0e16\u0e35", "\u0e02\u0e2d\u0e43\u0e2b\u0e49\u0e21\u0e35\u0e01\u0e32\u0e23\u0e01\u0e48\u0e2d\u0e2a\u0e23\u0e49\u0e32\u0e07\u0e2a\u0e30\u0e1e\u0e32\u0e19", "\u0e02\u0e2d\u0e43\u0e2b\u0e49\u0e21\u0e35\u0e01\u0e32\u0e23\u0e02\u0e22\u0e32\u0e22\u0e16\u0e19\u0e19", "\u0e02\u0e2d\u0e43\u0e2b\u0e49\u0e21\u0e35\u0e01\u0e32\u0e23\u0e0b\u0e48\u0e2d\u0e21\u0e41\u0e0b\u0e21\u0e1a\u0e32\u0e17\u0e27\u0e34\u0e16\u0e35", "\u0e02\u0e2d\u0e43\u0e2b\u0e49\u0e21\u0e35\u0e01\u0e32\u0e23\u0e0b\u0e48\u0e2d\u0e21\u0e41\u0e0b\u0e21\u0e2a\u0e30\u0e1e\u0e32\u0e19", "\u0e02\u0e2d\u0e43\u0e2b\u0e49\u0e21\u0e35\u0e01\u0e32\u0e23\u0e1b\u0e23\u0e31\u0e1a\u0e1b\u0e23\u0e38\u0e07\u0e0b\u0e48\u0e2d\u0e21\u0e41\u0e0b\u0e21\u0e16\u0e19\u0e19", "\u0e02\u0e2d\u0e43\u0e2b\u0e49\u0e21\u0e35\u0e44\u0e2b\u0e25\u0e48\u0e17\u0e32\u0e07", "\u0e02\u0e2d\u0e43\u0e2b\u0e49\u0e22\u0e49\u0e32\u0e22\u0e08\u0e38\u0e14\u0e17\u0e34\u0e49\u0e07\u0e02\u0e22\u0e30", "\u0e02\u0e2d\u0e43\u0e2b\u0e49\u0e27\u0e32\u0e07\u0e17\u0e48\u0e2d\u0e23\u0e30\u0e1a\u0e32\u0e22\u0e19\u0e49\u0e33", "\u0e02\u0e2d\u0e43\u0e2b\u0e49\u0e2a\u0e39\u0e1a\u0e19\u0e49\u0e33\u0e2d\u0e2d\u0e01", "\u0e02\u0e2d\u0e43\u0e2b\u0e49\u0e40\u0e01\u0e47\u0e1a\u0e02\u0e22\u0e30 \u0e27\u0e31\u0e0a\u0e1e\u0e37\u0e0a \u0e43\u0e19\u0e04\u0e39\u0e04\u0e25\u0e2d\u0e07", "\u0e02\u0e2d\u0e43\u0e2b\u0e49\u0e40\u0e01\u0e47\u0e1a\u0e0b\u0e32\u0e01\u0e23\u0e16\u0e40\u0e01\u0e48\u0e32", "\u0e02\u0e2d\u0e43\u0e2b\u0e49\u0e40\u0e04\u0e25\u0e37\u0e48\u0e2d\u0e19\u0e22\u0e49\u0e32\u0e22\u0e01\u0e25\u0e49\u0e2d\u0e07\u0e42\u0e17\u0e23\u0e17\u0e31\u0e28\u0e19\u0e4c\u0e27\u0e07\u0e08\u0e23\u0e1b\u0e34\u0e14 (CCTV)", "\u0e02\u0e2d\u0e43\u0e2b\u0e49\u0e40\u0e04\u0e25\u0e37\u0e48\u0e2d\u0e19\u0e22\u0e49\u0e32\u0e22\u0e17\u0e35\u0e48\u0e1e\u0e31\u0e01\u0e1c\u0e39\u0e49\u0e42\u0e14\u0e22\u0e2a\u0e32\u0e23/\u0e08\u0e38\u0e14\u0e2b\u0e22\u0e38\u0e14\u0e23\u0e16\u0e42\u0e14\u0e22\u0e2a\u0e32\u0e23\u0e1b\u0e23\u0e30\u0e08\u0e33\u0e17\u0e32\u0e07", "\u0e02\u0e2d\u0e43\u0e2b\u0e49\u0e40\u0e1b\u0e34\u0e14 \u2013 \u0e1b\u0e34\u0e14\u0e1b\u0e23\u0e30\u0e15\u0e39\u0e23\u0e30\u0e1a\u0e32\u0e22\u0e19\u0e49\u0e33", "\u0e02\u0e2d\u0e43\u0e2b\u0e49\u0e40\u0e1e\u0e34\u0e48\u0e21 / \u0e1b\u0e34\u0e14 - \u0e40\u0e1b\u0e34\u0e14 \u0e08\u0e38\u0e14\u0e01\u0e25\u0e31\u0e1a\u0e23\u0e16", "\u0e02\u0e2d\u0e43\u0e2b\u0e49\u0e40\u0e1e\u0e34\u0e48\u0e21\u0e1e\u0e37\u0e49\u0e19\u0e17\u0e35\u0e48\u0e2a\u0e35\u0e40\u0e02\u0e35\u0e22\u0e27", "\u0e02\u0e2d\u0e43\u0e2b\u0e49\u0e40\u0e23\u0e48\u0e07\u0e01\u0e48\u0e2d\u0e2a\u0e23\u0e49\u0e32\u0e07\u0e1a\u0e32\u0e17\u0e27\u0e34\u0e16\u0e35/\u0e0b\u0e48\u0e2d\u0e21\u0e41\u0e0b\u0e21\u0e1a\u0e32\u0e17\u0e27\u0e34\u0e16\u0e35", "\u0e02\u0e2d\u0e43\u0e2b\u0e49\u0e40\u0e23\u0e48\u0e07\u0e01\u0e48\u0e2d\u0e2a\u0e23\u0e49\u0e32\u0e07\u0e2b\u0e23\u0e37\u0e2d\u0e0b\u0e48\u0e2d\u0e21\u0e41\u0e0b\u0e21\u0e1a\u0e32\u0e17\u0e2a\u0e30\u0e1e\u0e32\u0e19", "\u0e02\u0e2d\u0e43\u0e2b\u0e49\u0e40\u0e23\u0e48\u0e07\u0e14\u0e33\u0e40\u0e19\u0e34\u0e19\u0e01\u0e32\u0e23\u0e01\u0e48\u0e2d\u0e2a\u0e23\u0e49\u0e32\u0e07\u0e16\u0e19\u0e19/\u0e0b\u0e48\u0e2d\u0e21\u0e41\u0e0b\u0e21\u0e16\u0e19\u0e19", "\u0e02\u0e2d\u0e43\u0e2b\u0e49\u0e41\u0e01\u0e49\u0e44\u0e02\u0e1b\u0e31\u0e0d\u0e2b\u0e32\u0e19\u0e49\u0e33\u0e17\u0e48\u0e27\u0e21", "\u0e02\u0e2d\u0e43\u0e2b\u0e49\u0e41\u0e01\u0e49\u0e44\u0e02\u0e1b\u0e31\u0e0d\u0e2b\u0e32\u0e19\u0e49\u0e33\u0e40\u0e19\u0e48\u0e32\u0e40\u0e2b\u0e21\u0e47\u0e19", "\u0e02\u0e2d\u0e43\u0e2b\u0e49\u0e41\u0e01\u0e49\u0e44\u0e02\u0e1b\u0e31\u0e0d\u0e2b\u0e32\u0e43\u0e19\u0e2a\u0e27\u0e19\u0e2a\u0e32\u0e18\u0e32\u0e23\u0e13\u0e30", "\u0e02\u0e2d\u0e44\u0e1f\u0e1f\u0e49\u0e32", "\u0e02\u0e36\u0e49\u0e19\u0e17\u0e30\u0e40\u0e1a\u0e35\u0e22\u0e19&\u0e2a\u0e33\u0e23\u0e27\u0e08", "\u0e02\u0e49\u0e2d\u0e40\u0e2a\u0e19\u0e2d\u0e41\u0e19\u0e30", "\u0e04\u0e19\u0e0a\u0e23\u0e32", "\u0e04\u0e19\u0e40\u0e23\u0e48\u0e23\u0e48\u0e2d\u0e19", "\u0e04\u0e19\u0e44\u0e23\u0e49\u0e17\u0e35\u0e48\u0e1e\u0e36\u0e48\u0e07", "\u0e04\u0e27\u0e31\u0e19", "\u0e04\u0e27\u0e31\u0e19\u0e14\u0e33", "\u0e04\u0e27\u0e32\u0e21\u0e1b\u0e25\u0e2d\u0e14\u0e20\u0e31\u0e22", "\u0e04\u0e27\u0e32\u0e21\u0e2a\u0e30\u0e2d\u0e32\u0e14", "\u0e08\u0e23\u0e32\u0e08\u0e23", "\u0e08\u0e38\u0e14\u0e40\u0e2a\u0e35\u0e48\u0e22\u0e07", "\u0e15\u0e49\u0e19\u0e44\u0e21\u0e49", "\u0e15\u0e49\u0e19\u0e44\u0e21\u0e49, \u0e01\u0e34\u0e48\u0e07\u0e44\u0e21\u0e49\u0e17\u0e35\u0e48\u0e40\u0e2d\u0e19\u0e25\u0e49\u0e33\u0e40\u0e02\u0e49\u0e32\u0e21\u0e32\u0e43\u0e19\u0e1c\u0e34\u0e27\u0e08\u0e23\u0e32\u0e08\u0e23", "\u0e15\u0e49\u0e19\u0e44\u0e21\u0e49\u0e25\u0e49\u0e21/\u0e01\u0e34\u0e48\u0e07\u0e44\u0e21\u0e49\u0e2b\u0e31\u0e01\u0e01\u0e35\u0e14\u0e02\u0e27\u0e32\u0e07\u0e17\u0e32\u0e07\u0e2a\u0e31\u0e0d\u0e08\u0e23", "\u0e15\u0e49\u0e19\u0e44\u0e21\u0e49\u0e25\u0e49\u0e21/\u0e01\u0e34\u0e48\u0e07\u0e44\u0e21\u0e49\u0e2b\u0e31\u0e01\u0e17\u0e31\u0e1a\u0e1a\u0e49\u0e32\u0e19\u0e40\u0e23\u0e37\u0e2d\u0e19\u0e1b\u0e23\u0e30\u0e0a\u0e32\u0e0a\u0e19", "\u0e15\u0e49\u0e19\u0e44\u0e21\u0e49\u0e41\u0e25\u0e30\u0e2a\u0e27\u0e19\u0e2a\u0e32\u0e18\u0e32\u0e23\u0e13\u0e30", "\u0e16\u0e19\u0e19", "\u0e16\u0e31\u0e07\u0e14\u0e31\u0e1a\u0e40\u0e1e\u0e25\u0e34\u0e07/\u0e1b\u0e23\u0e30\u0e1b\u0e32\u0e2b\u0e31\u0e27\u0e41\u0e14\u0e07", "\u0e16\u0e31\u0e07\u0e23\u0e2d\u0e07\u0e23\u0e31\u0e1a\u0e02\u0e22\u0e30\u0e44\u0e21\u0e48\u0e40\u0e1e\u0e35\u0e22\u0e07\u0e1e\u0e2d", "\u0e16\u0e39\u0e01\u0e40\u0e2d\u0e32\u0e23\u0e31\u0e14\u0e40\u0e2d\u0e32\u0e40\u0e1b\u0e23\u0e35\u0e22\u0e1a\u0e08\u0e32\u0e01\u0e1c\u0e39\u0e49\u0e04\u0e49\u0e32", "\u0e17\u0e2d\u0e14\u0e17\u0e34\u0e49\u0e07", "\u0e17\u0e32\u0e07\u0e40\u0e17\u0e49\u0e32", "\u0e17\u0e32\u0e07\u0e40\u0e17\u0e49\u0e32\u0e22\u0e38\u0e1a\u0e15\u0e31\u0e27\u0e40\u0e1b\u0e47\u0e19\u0e2b\u0e25\u0e38\u0e21", "\u0e17\u0e34\u0e49\u0e07\u0e02\u0e22\u0e30\u0e44\u0e21\u0e48\u0e15\u0e23\u0e07\u0e40\u0e27\u0e25\u0e32", "\u0e17\u0e34\u0e49\u0e07\u0e02\u0e22\u0e30\u0e44\u0e21\u0e48\u0e16\u0e39\u0e01\u0e17\u0e35\u0e48", "\u0e17\u0e35\u0e48\u0e1e\u0e31\u0e01\u0e1c\u0e39\u0e49\u0e42\u0e14\u0e22\u0e2a\u0e32\u0e23", "\u0e17\u0e38\u0e08\u0e23\u0e34\u0e15", "\u0e17\u0e48\u0e2d\u0e23\u0e30\u0e1a\u0e32\u0e22\u0e19\u0e49\u0e33", "\u0e17\u0e48\u0e2d\u0e23\u0e49\u0e2d\u0e22\u0e2a\u0e32\u0e22\u0e44\u0e1f\u0e1f\u0e49\u0e32\u0e22\u0e36\u0e14\u0e40\u0e01\u0e32\u0e30\u0e1a\u0e19\u0e2a\u0e30\u0e1e\u0e32\u0e19\u0e08\u0e30\u0e2b\u0e25\u0e38\u0e14\u0e2b\u0e25\u0e48\u0e19\u0e25\u0e07\u0e21\u0e32", "\u0e19\u0e49\u0e33\u0e02\u0e22\u0e30\u0e23\u0e31\u0e48\u0e27\u0e44\u0e2b\u0e25", "\u0e19\u0e49\u0e33\u0e17\u0e48\u0e27\u0e21", "\u0e19\u0e49\u0e33\u0e17\u0e48\u0e27\u0e21\u0e02\u0e31\u0e07", "\u0e19\u0e49\u0e33\u0e1b\u0e23\u0e30\u0e1b\u0e32\u0e44\u0e21\u0e48\u0e44\u0e2b\u0e25 \u0e2b\u0e23\u0e37\u0e2d\u0e44\u0e2b\u0e25\u0e2d\u0e48\u0e2d\u0e19", "\u0e19\u0e49\u0e33\u0e21\u0e31\u0e19\u0e2b\u0e01\u0e23\u0e32\u0e14\u0e25\u0e07\u0e1a\u0e19\u0e1c\u0e34\u0e27\u0e08\u0e23\u0e32\u0e08\u0e23", "\u0e1a\u0e23\u0e34\u0e01\u0e32\u0e23\u0e2a\u0e32\u0e18\u0e32\u0e23\u0e13\u0e30\u0e02\u0e2d\u0e07\u0e2b\u0e19\u0e48\u0e27\u0e22\u0e07\u0e32\u0e19\u0e43\u0e19\u0e2a\u0e31\u0e07\u0e01\u0e31\u0e14\u0e01\u0e23\u0e38\u0e07\u0e40\u0e17\u0e1e\u0e21\u0e2b\u0e32\u0e19\u0e04\u0e23", "\u0e1a\u0e32\u0e17\u0e27\u0e34\u0e16\u0e35", "\u0e1a\u0e48\u0e2d\u0e1e\u0e31\u0e01\u0e17\u0e48\u0e2d\u0e23\u0e30\u0e1a\u0e32\u0e22\u0e19\u0e49\u0e33\u0e2b\u0e23\u0e37\u0e2d\u0e1a\u0e48\u0e2d\u0e2a\u0e32\u0e18\u0e32\u0e23\u0e13\u0e39\u0e1b\u0e42\u0e20\u0e04\u0e17\u0e35\u0e48\u0e2d\u0e22\u0e39\u0e48\u0e43\u0e19\u0e1c\u0e34\u0e27\u0e08\u0e23\u0e32\u0e08\u0e23\u0e0a\u0e33\u0e23\u0e38\u0e14 \u0e21\u0e35\u0e23\u0e30\u0e14\u0e31\u0e1a\u0e15\u0e48\u0e33\u0e2b\u0e23\u0e37\u0e2d\u0e2a\u0e39\u0e07 \u0e1d\u0e32\u0e1a\u0e48\u0e2d\u0e22\u0e38\u0e1a\u0e15\u0e31\u0e27 \u0e2b\u0e23\u0e37\u0e2d\u0e1e\u0e31\u0e07\u0e2a\u0e39\u0e0d\u0e2b\u0e32\u0e22", "\u0e1b\u0e23\u0e30\u0e1b\u0e32", "\u0e1b\u0e23\u0e31\u0e1a\u0e1b\u0e23\u0e38\u0e07\u0e2a\u0e16\u0e32\u0e19\u0e17\u0e35\u0e48\u0e43\u0e2b\u0e49\u0e1a\u0e23\u0e34\u0e01\u0e32\u0e23\u0e02\u0e2d\u0e07\u0e01\u0e23\u0e38\u0e07\u0e40\u0e17\u0e1e\u0e21\u0e2b\u0e32\u0e19\u0e04\u0e23", "\u0e1b\u0e25\u0e48\u0e2d\u0e22\u0e2a\u0e34\u0e48\u0e07\u0e1b\u0e0f\u0e34\u0e01\u0e39\u0e25\u0e25\u0e07\u0e17\u0e48\u0e2d\u0e23\u0e30\u0e1a\u0e32\u0e22\u0e19\u0e49\u0e33 / \u0e41\u0e2b\u0e25\u0e48\u0e07\u0e19\u0e49\u0e33\u0e2a\u0e32\u0e18\u0e32\u0e23\u0e13\u0e30", "\u0e1b\u0e31\u0e0d\u0e2b\u0e32\u0e01\u0e32\u0e23\u0e1a\u0e31\u0e07\u0e04\u0e31\u0e1a\u0e43\u0e0a\u0e49\u0e01\u0e0e\u0e2b\u0e21\u0e32\u0e22", "\u0e1b\u0e31\u0e0d\u0e2b\u0e32\u0e04\u0e27\u0e32\u0e21\u0e40\u0e14\u0e37\u0e2d\u0e14\u0e23\u0e49\u0e2d\u0e19\u0e08\u0e32\u0e01\u0e01\u0e32\u0e23\u0e14\u0e33\u0e40\u0e19\u0e34\u0e19\u0e01\u0e32\u0e23\u0e02\u0e2d\u0e07\u0e23\u0e31\u0e10", "\u0e1b\u0e31\u0e0d\u0e2b\u0e32\u0e17\u0e35\u0e48\u0e2a\u0e48\u0e07\u0e1c\u0e25\u0e01\u0e23\u0e30\u0e17\u0e1a\u0e01\u0e31\u0e1a\u0e01\u0e32\u0e23\u0e08\u0e23\u0e32\u0e08\u0e23", "\u0e1b\u0e31\u0e0d\u0e2b\u0e32\u0e2a\u0e31\u0e07\u0e04\u0e21", "\u0e1b\u0e31\u0e0d\u0e2b\u0e32\u0e40\u0e01\u0e35\u0e48\u0e22\u0e27\u0e01\u0e31\u0e1a\u0e01\u0e32\u0e23\u0e17\u0e33\u0e23\u0e49\u0e32\u0e22\u0e23\u0e48\u0e32\u0e07\u0e01\u0e32\u0e22 / \u0e08\u0e34\u0e15\u0e43\u0e08", "\u0e1b\u0e31\u0e0d\u0e2b\u0e32\u0e40\u0e14\u0e37\u0e2d\u0e14\u0e23\u0e49\u0e2d\u0e19\u0e08\u0e32\u0e01\u0e01\u0e32\u0e23\u0e01\u0e48\u0e2d\u0e2a\u0e23\u0e49\u0e32\u0e07\u0e2d\u0e32\u0e04\u0e32\u0e23", "\u0e1b\u0e49\u0e32\u0e22\u0e42\u0e06\u0e29\u0e13\u0e32", "\u0e1b\u0e49\u0e32\u0e22\u0e42\u0e06\u0e29\u0e13\u0e32\u0e02\u0e19\u0e32\u0e14\u0e43\u0e2b\u0e0d\u0e48", "\u0e1b\u0e49\u0e32\u0e22\u0e42\u0e06\u0e29\u0e13\u0e32\u0e25\u0e49\u0e21/\u0e40\u0e2d\u0e35\u0e22\u0e07", "\u0e1c\u0e34\u0e14\u0e01\u0e0e\u0e08\u0e23\u0e32\u0e08\u0e23", "\u0e1c\u0e34\u0e14\u0e01\u0e0f\u0e08\u0e23\u0e32\u0e08\u0e23", "\u0e1c\u0e34\u0e27\u0e08\u0e23\u0e32\u0e08\u0e23\u0e17\u0e35\u0e48\u0e40\u0e1b\u0e47\u0e19\u0e2b\u0e25\u0e38\u0e21\u0e40\u0e1b\u0e47\u0e19\u0e1a\u0e48\u0e2d", "\u0e1c\u0e39\u0e49\u0e14\u0e49\u0e2d\u0e22\u0e42\u0e2d\u0e01\u0e32\u0e2a", "\u0e1c\u0e39\u0e49\u0e1b\u0e23\u0e30\u0e01\u0e2d\u0e1a\u0e2d\u0e32\u0e0a\u0e35\u0e1e\u0e1a\u0e23\u0e34\u0e40\u0e27\u0e13\u0e41\u0e22\u0e01\u0e44\u0e1f\u0e41\u0e14\u0e07", "\u0e1c\u0e39\u0e49\u0e1e\u0e34\u0e01\u0e32\u0e23+\u0e43\u0e0a\u0e49\u0e25\u0e49\u0e2d", "\u0e1d\u0e32\u0e17\u0e48\u0e2d\u0e23\u0e30\u0e1a\u0e32\u0e22\u0e19\u0e49\u0e33\u0e0a\u0e33\u0e23\u0e38\u0e14", "\u0e1d\u0e32\u0e17\u0e48\u0e2d\u0e23\u0e30\u0e1a\u0e32\u0e22\u0e19\u0e49\u0e33\u0e2b\u0e32\u0e22", "\u0e1d\u0e32\u0e1a\u0e48\u0e2d\u0e1e\u0e31\u0e01\u0e43\u0e19\u0e17\u0e32\u0e07\u0e40\u0e17\u0e49\u0e32\u0e0a\u0e33\u0e23\u0e38\u0e14\u0e22\u0e38\u0e1a\u0e2a\u0e39\u0e0d\u0e2b\u0e32\u0e22", "\u0e1d\u0e38\u0e48\u0e19\u0e04\u0e27\u0e31\u0e19&\u0e01\u0e25\u0e34\u0e48\u0e19&PM2.5", "\u0e1d\u0e38\u0e48\u0e19\u0e25\u0e30\u0e2d\u0e2d\u0e07", "\u0e20\u0e31\u0e22\u0e17\u0e32\u0e07\u0e16\u0e19\u0e19", "\u0e20\u0e31\u0e22\u0e2d\u0e2d\u0e19\u0e44\u0e25\u0e19\u0e4c", "\u0e20\u0e31\u0e22\u0e2d\u0e37\u0e48\u0e19\u0e46", "\u0e20\u0e32\u0e1e\u0e42\u0e06\u0e29\u0e13\u0e32\u0e17\u0e35\u0e48\u0e15\u0e31\u0e49\u0e07\u0e15\u0e31\u0e49\u0e07\u0e1a\u0e23\u0e34\u0e40\u0e27\u0e13\u0e17\u0e35\u0e48\u0e1e\u0e31\u0e01\u0e1c\u0e39\u0e49\u0e42\u0e14\u0e22\u0e2a\u0e32\u0e23", "\u0e21\u0e35\u0e41\u0e17\u0e48\u0e07\u0e1b\u0e39\u0e19, \u0e40\u0e2b\u0e25\u0e47\u0e01, \u0e15\u0e2d\u0e44\u0e21\u0e49 \u0e42\u0e1c\u0e25\u0e48\u0e01\u0e35\u0e14\u0e02\u0e27\u0e32\u0e07\u0e17\u0e32\u0e07\u0e40\u0e17\u0e49\u0e32", "\u0e22\u0e32\u0e40\u0e2a\u0e1e\u0e15\u0e34\u0e14", "\u0e23\u0e30\u0e1a\u0e1a\u0e44\u0e1f\u0e1f\u0e49\u0e32\u0e2a\u0e48\u0e2d\u0e07\u0e2a\u0e27\u0e48\u0e32\u0e07\u0e17\u0e35\u0e48\u0e1e\u0e31\u0e01\u0e1c\u0e39\u0e49\u0e42\u0e14\u0e22\u0e2a\u0e32\u0e23", "\u0e23\u0e31\u0e49\u0e27\u0e23\u0e32\u0e27\u0e2a\u0e30\u0e1e\u0e32\u0e19\u0e04\u0e14\u0e07\u0e2d \u0e22\u0e37\u0e48\u0e19\u0e25\u0e49\u0e33\u0e40\u0e02\u0e49\u0e32\u0e21\u0e32\u0e43\u0e19\u0e16\u0e19\u0e19", "\u0e23\u0e31\u0e49\u0e27\u0e23\u0e32\u0e27\u0e2a\u0e30\u0e1e\u0e32\u0e19\u0e2b\u0e25\u0e38\u0e14\u0e2b\u0e32\u0e22", "\u0e23\u0e31\u0e49\u0e27\u0e40\u0e2b\u0e25\u0e47\u0e01\u0e1a\u0e19\u0e40\u0e01\u0e32\u0e30\u0e01\u0e25\u0e32\u0e07\u0e41\u0e25\u0e30\u0e02\u0e2d\u0e1a\u0e17\u0e32\u0e07\u0e0a\u0e33\u0e23\u0e38\u0e14 \u0e2b\u0e23\u0e37\u0e2d\u0e22\u0e37\u0e48\u0e19\u0e25\u0e49\u0e33\u0e40\u0e02\u0e49\u0e32\u0e21\u0e32\u0e43\u0e19\u0e1c\u0e34\u0e27\u0e08\u0e23\u0e32\u0e08\u0e23", "\u0e27\u0e34\u0e19\u0e21\u0e2d\u0e44\u0e0b\u0e04\u0e4c", "\u0e2a\u0e30\u0e1e\u0e32\u0e19", "\u0e2a\u0e31\u0e15\u0e27\u0e4c", "\u0e2a\u0e31\u0e15\u0e27\u0e4c\u0e21\u0e35\u0e1e\u0e34\u0e29", "\u0e2a\u0e31\u0e15\u0e27\u0e4c\u0e40\u0e25\u0e37\u0e49\u0e2d\u0e22\u0e04\u0e25\u0e32\u0e19", "\u0e2a\u0e32\u0e18\u0e32\u0e23\u0e13\u0e39\u0e1b\u0e42\u0e20\u0e04", "\u0e2a\u0e32\u0e22\u0e2a\u0e37\u0e48\u0e2d\u0e2a\u0e32\u0e23", "\u0e2a\u0e34\u0e19\u0e04\u0e49\u0e32\u0e17\u0e35\u0e48\u0e2d\u0e32\u0e08\u0e40\u0e1b\u0e47\u0e19\u0e2d\u0e31\u0e19\u0e15\u0e23\u0e32\u0e22", "\u0e2a\u0e34\u0e48\u0e07\u0e2d\u0e33\u0e19\u0e27\u0e22\u0e04\u0e27\u0e32\u0e21\u0e2a\u0e30\u0e14\u0e27\u0e01\u0e43\u0e19\u0e2a\u0e16\u0e32\u0e19\u0e17\u0e35\u0e48\u0e23\u0e32\u0e0a\u0e01\u0e32\u0e23\u0e01\u0e23\u0e38\u0e07\u0e40\u0e17\u0e1e\u0e21\u0e2b\u0e32\u0e19\u0e04\u0e23", "\u0e2a\u0e38\u0e02\u0e20\u0e32\u0e1e & \u0e1a\u0e31\u0e15\u0e23\u0e17\u0e2d\u0e07", "\u0e2b\u0e32\u0e1a\u0e40\u0e23\u0e48\u0e41\u0e1c\u0e07\u0e25\u0e2d\u0e22", "\u0e2d\u0e31\u0e04\u0e04\u0e35\u0e20\u0e31\u0e22", "\u0e2d\u0e32\u0e04\u0e32\u0e23", "\u0e2d\u0e32\u0e04\u0e32\u0e23\u0e2a\u0e16\u0e32\u0e19\u0e17\u0e35\u0e48\u0e0a\u0e33\u0e23\u0e38\u0e14", "\u0e2d\u0e37\u0e48\u0e19\u0e46", "\u0e2d\u0e38\u0e1a\u0e31\u0e15\u0e34\u0e40\u0e2b\u0e15\u0e38", "\u0e2d\u0e38\u0e1b\u0e01\u0e23\u0e13\u0e4c\u0e0a\u0e33\u0e23\u0e38\u0e14", "\u0e40\u0e01\u0e49\u0e32\u0e2d\u0e35\u0e49\u0e19\u0e31\u0e48\u0e07\u0e20\u0e32\u0e22\u0e43\u0e19\u0e17\u0e35\u0e48\u0e1e\u0e31\u0e01\u0e1c\u0e39\u0e49\u0e42\u0e14\u0e22\u0e2a\u0e32\u0e23", "\u0e40\u0e02\u0e37\u0e48\u0e2d\u0e19 \u0e04\u0e39\u0e04\u0e25\u0e2d\u0e07", "\u0e40\u0e1c\u0e32\u0e43\u0e19\u0e17\u0e35\u0e48\u0e42\u0e25\u0e48\u0e07", "\u0e40\u0e23\u0e37\u0e48\u0e2d\u0e07\u0e09\u0e38\u0e01\u0e40\u0e09\u0e34\u0e19", "\u0e40\u0e23\u0e37\u0e48\u0e2d\u0e07\u0e23\u0e49\u0e2d\u0e07\u0e17\u0e38\u0e01\u0e02\u0e4c\u0e1b\u0e23\u0e30\u0e40\u0e20\u0e17\u0e2d\u0e37\u0e48\u0e19 \u0e46 - \u0e40\u0e23\u0e37\u0e48\u0e2d\u0e07\u0e23\u0e49\u0e2d\u0e07\u0e40\u0e23\u0e35\u0e22\u0e19\u0e17\u0e35\u0e48\u0e44\u0e21\u0e48\u0e2a\u0e32\u0e21\u0e32\u0e23\u0e16\u0e08\u0e31\u0e14\u0e40\u0e02\u0e49\u0e32\u0e1b\u0e23\u0e30\u0e40\u0e20\u0e17\u0e43\u0e14", "\u0e40\u0e25\u0e37\u0e2d\u0e01\u0e15\u0e31\u0e49\u0e07", "\u0e40\u0e28\u0e29\u0e27\u0e31\u0e2a\u0e14\u0e38\u0e15\u0e01\u0e2b\u0e25\u0e48\u0e19\u0e25\u0e07\u0e1a\u0e19\u0e1c\u0e34\u0e27\u0e08\u0e23\u0e32\u0e08\u0e23 \u0e40\u0e0a\u0e48\u0e19 \u0e17\u0e23\u0e32\u0e22 \u0e14\u0e34\u0e19 \u0e41\u0e25\u0e30\u0e2d\u0e37\u0e48\u0e19 \u0e46", "\u0e40\u0e2a\u0e19\u0e2d\u0e41\u0e19\u0e30", "\u0e40\u0e2a\u0e32\u0e44\u0e1f\u0e1f\u0e49\u0e32\u0e25\u0e49\u0e21/\u0e40\u0e2d\u0e35\u0e22\u0e07", "\u0e40\u0e2a\u0e35\u0e22\u0e07", "\u0e40\u0e2b\u0e15\u0e38\u0e40\u0e14\u0e37\u0e2d\u0e14\u0e23\u0e49\u0e2d\u0e19\u0e23\u0e33\u0e04\u0e32\u0e0d", "\u0e40\u0e2b\u0e15\u0e38\u0e40\u0e1e\u0e25\u0e34\u0e07\u0e44\u0e2b\u0e21\u0e49", "\u0e41\u0e08\u0e49\u0e07\u0e17\u0e48\u0e2d\u0e1b\u0e23\u0e30\u0e1b\u0e32\u0e41\u0e15\u0e01 / \u0e44\u0e21\u0e48\u0e44\u0e2b\u0e25", "\u0e41\u0e17\u0e47\u0e01\u0e0b\u0e35\u0e48/\u0e23\u0e16\u0e40\u0e21\u0e25\u0e4c", "\u0e41\u0e2a\u0e07", "\u0e42\u0e04\u0e23\u0e07\u0e01\u0e32\u0e23 / \u0e19\u0e42\u0e22\u0e1a\u0e32\u0e22\u0e02\u0e2d\u0e07\u0e23\u0e31\u0e10", "\u0e42\u0e04\u0e23\u0e07\u0e2a\u0e23\u0e49\u0e32\u0e07\u0e41\u0e25\u0e30\u0e2b\u0e25\u0e31\u0e07\u0e04\u0e32\u0e17\u0e35\u0e48\u0e1e\u0e31\u0e01\u0e1c\u0e39\u0e49\u0e42\u0e14\u0e22\u0e2a\u0e32\u0e23", "\u0e42\u0e17\u0e23\u0e28\u0e31\u0e1e\u0e17\u0e4c", "\u0e42\u0e23\u0e07\u0e40\u0e23\u0e35\u0e22\u0e19", "\u0e44\u0e1f\u0e1b\u0e48\u0e32", "\u0e44\u0e1f\u0e1f\u0e49\u0e32", "\u0e44\u0e21\u0e48\u0e21\u0e35\u0e16\u0e31\u0e07\u0e23\u0e2d\u0e07\u0e23\u0e31\u0e1a\u0e02\u0e22\u0e30"]]
