tree
version=v4
num_class=1
num_tree_per_iteration=1
label_index=0
max_feature_idx=11
objective=regression_l1
feature_names=te_dist_dept subdistrict district main_type sub_category severity comment_len day_of_week is_weekend month is_rainy_season hour
feature_infos=[1.1484075995335232:2.5276872503547598] -1:32:131:4:149:113:65:63:18:7:66:54:83:107:45:147:148:80:102:20:82:114:58:153:57:136:146:23:39:104:12:72:100:1:79:88:116:55:105:151:155:38:94:17:60:40:98:120:67:97:109:2:51:69:33:61:74:93:25:26:36:46:52:92:118:30:89:5:127:22:28:35:47:115:157:31:43:70:96:117:141:156:6:16:59:84:85:99:111:123:135:15:121:78:91:95:124:3:8:10:13:14:48:73:106:119:125:126:140:158:0:11:19:29:37:41:68:71:108:130:139:144:145:150 -1:15:40:7:19:41:26:13:35:24:18:4:37:21:49:28:5:30:39:8:44:25:2:27:32:47:12:9:29:20:31:14:6:34:0:17:46:48:22:36:16:33:10:43:38:1:3:11:45 -1:37:20:18:40:12:29:17:4:11:19:14:44:42:0:8:41:39:13:25:36:24:15:34:35:46:5:2:6:43:3:16:23:27:30:32:1:33 -1:77:54:57:48:68:53:7:47:37:41:50:82:40:27:15:84:80:36:43:81:79:35:49:14:2:56:58:60:76:69:51:88:64:39:63:29:1:10:23:61:66:71:75:86:11:30:85:22:32:73 [1:5] [0:6133] [0:6] [0:1] [1:12] [0:1] [0:23]
tree_sizes=2642 2881 2847 2837 2800 2851 2840 2868 2860 2824 2870 2874 2902 2857 2862 2861 2889 2841 2885 2834 2818 2858 2815 2918 2868 2839

Tree=0
num_leaves=31
num_cat=5
split_feature=4 2 6 4 6 7 9 6 2 6 0 6 0 0 0 7 7 7 11 3 0 6 9 7 0 0 6 6 9 6
split_gain=206.776 66.3165 24.5251 23.9813 19.454 18.76 18.1064 12.7535 8.05928 9.56274 11.3204 7.81118 7.32787 7.09151 6.94231 6.78083 14.0897 6.69622 6.01953 7.20108 14.5718 6.12073 5.94783 5.86502 11.9667 7.64657 6.92528 6.86284 5.07192 4.98532
threshold=0 1 92.500000000000014 2 247.50000000000003 1.5000000000000002 3.5000000000000004 427.50000000000006 3 39.500000000000007 1.5582745406808869 267.50000000000006 1.6817413423090068 1.8167994133940761 1.8167994133940761 2.5000000000000004 5.5000000000000009 5.5000000000000009 13.500000000000002 4 1.6672921821756519 120.50000000000001 3.5000000000000004 2.5000000000000004 1.8059832643079923 1.7601927672440765 345.50000000000006 88.500000000000014 9.5000000000000018 408.50000000000006
decision_type=9 9 2 9 2 2 2 2 9 2 2 2 2 2 2 2 2 2 2 9 2 2 2 2 2 2 2 2 2 2
left_child=2 4 -1 5 8 13 11 15 9 -2 -11 -5 17 -3 18 -4 28 -8 19 22 -21 -20 -7 26 25 -25 27 -14 -17 -6
right_child=1 3 7 6 29 14 12 -9 -10 10 -12 -13 23 -15 -16 16 -18 -19 21 20 -22 -23 -24 24 -26 -27 -28 -29 -30 -31
leaf_value=1.4860002964735031 1.5074927985668183 1.5030203074216844 1.4558172911405562 1.4811555683612823 1.5010698139667511 1.4875679790973664 1.5230152159929276 1.5096135020256043 1.4756915390491485 1.5057290256023408 1.4716630399227142 1.5051281452178955 1.4842959105968476 1.527082121372223 1.5490036249160766 1.4877811133861543 1.4634235948324203 1.491910320520401 1.5168944776058197 1.5528352618217469 1.507672119140625 1.5190743327140808 1.5129823744297028 1.5077868700027466 1.5209038317203523 1.4932113349437715 1.4757540941238403 1.5148684173822402 1.5035254657268524 1.5314744710922241
leaf_weight=210 44 188 137 104 49 20 146 20 137 41 42 35 51 41 130 100 49 30 144 57 50 85 95 65 90 29 25 66 33 27
leaf_count=210 44 188 137 104 49 20 146 20 137 41 42 35 51 41 130 100 49 30 144 57 50 85 95 65 90 29 25 66 33 27
internal_value=1.49967 1.50791 1.4731 1.51257 1.48824 1.51833 1.50512 1.48094 1.48149 1.49273 1.4822 1.48924 1.50963 1.50644 1.52333 1.47851 1.48483 1.51785 1.5204 1.51453 1.52317 1.52609 1.50407 1.50519 1.51108 1.4986 1.49755 1.50266 1.49328 1.51019
internal_weight=2340 1791 549 1451 340 810 641 339 264 127 83 139 502 229 581 319 182 176 451 222 107 229 115 326 184 94 142 117 133 76
internal_count=2340 1791 549 1451 340 810 641 339 264 127 83 139 502 229 581 319 182 176 451 222 107 229 115 326 184 94 142 117 133 76
cat_boundaries=0 3 5 8 10 12
cat_threshold=134217732 100663584 16 1614811680 163873 49152 6849024 8192 1610612736 131104 133120 32
is_linear=0
shrinkage=1


Tree=1
num_leaves=31
num_cat=5
split_feature=4 2 1 6 4 6 1 6 9 6 9 7 6 11 9 11 7 7 11 11 11 9 6 6 6 9 11 9 10 11
split_gain=199.582 63.9074 25.2955 24.5251 21.6824 18.8824 14.1216 12.7535 11.6025 10.2331 9.94597 9.26039 8.69228 8.36987 14.0829 6.9371 6.78083 14.0897 6.58061 5.94065 5.37102 6.58138 5.72775 5.3687 5.32308 5.07192 4.45006 4.18203 4.04656 3.83202
threshold=0 1 2 92.500000000000014 3 408.50000000000006 4 427.50000000000006 4.5000000000000009 67.500000000000014 4.5000000000000009 2.5000000000000004 39.500000000000007 10.500000000000002 7.5000000000000009 12.500000000000002 2.5000000000000004 5.5000000000000009 6.5000000000000009 8.5000000000000018 15.500000000000002 10.500000000000002 257.50000000000006 156.50000000000003 94.500000000000014 9.5000000000000018 18.500000000000004 9.5000000000000018 1.0000000180025095e-35 10.500000000000002
decision_type=9 9 9 2 9 2 9 2 2 2 2 2 2 2 2 2 2 2 2 2 2 2 2 2 2 2 2 2 2 2
left_child=3 5 8 27 18 6 12 16 9 -3 29 24 -2 -14 -15 -11 28 25 -4 -12 21 22 23 -10 -8 -18 -22 -1 -5 -6
right_child=1 2 4 7 10 -7 11 -9 20 15 19 -13 13 14 -16 -17 17 -19 -20 -21 26 -23 -24 -25 -26 -27 -28 -29 -30 -31
leaf_value=-0.012927773445844649 0.033743095099925992 -0.022931481450796133 -0.0013819110393524126 -0.020951995700597761 0.007696149051189427 0.031063705682754517 -0.031673302352428434 0.0094487911462783798 -0.0036516547203063968 -0.012421670258045192 -0.0025147874653339342 -0.0058783999085426312 -0.021790514141321184 -0.0083340150117874167 0.014350079447031018 0.014029082134366034 -0.011291978061199193 -0.034431620687246325 0.027273346930742265 0.016013268679380421 0.018818192780017853 0.02131805643439293 0.028241674154996878 -0.019940590858459475 -0.026439667046070099 0.0036651566624641418 0.001308562606573105 -0.017886763662099837 -0.045731205195188522 -0.0086159873753786087
leaf_weight=186 25 59 21 30 37 32 89 20 115 31 39 151 21 32 35 42 100 49 508 197 57 45 39 25 60 33 51 24 107 80
leaf_count=186 25 59 21 30 37 32 89 20 115 31 39 151 21 32 35 42 100 49 508 197 57 45 39 25 60 33 51 24 107 80
internal_value=-0.000470085 0.00763465 0.0130531 -0.0265653 0.0180493 -0.00868132 -0.0117433 -0.0187316 0.00337553 -0.00909091 0.00785124 -0.0170968 0.00365854 -0.00340909 0.00522388 0.00342466 -0.0211599 -0.0148352 0.0245826 0.0139831 0.00843373 0.00401786 -0.00027933 -0.005 -0.0265101 -0.00639098 0.0175926 -0.0404762 -0.029562 -0.00384615
internal_weight=2340 1791 1346 549 882 445 413 339 464 132 353 300 113 88 67 73 319 182 529 236 332 224 179 140 149 133 108 210 137 117
internal_count=2340 1791 1346 549 882 445 413 339 464 132 353 300 113 88 67 73 319 182 529 236 332 224 179 140 149 133 108 210 137 117
cat_boundaries=0 3 5 10 13 18
cat_threshold=134217732 100663584 16 1615860257 164387 34865152 2693267586 50332932 1311574 33816576 32896 6324224 1318912 0 4194304 8 0 134217736
is_linear=0
shrinkage=0.05


Tree=2
num_leaves=31
num_cat=5
split_feature=4 2 6 1 4 6 9 6 9 7 2 6 0 7 7 6 6 6 6 6 6 0 6 9 0 6 9 0 9 0
split_gain=193.01 59.8405 25.195 24.2127 20.7081 19.454 18.9695 12.56 11.5882 8.64373 8.05928 9.56274 11.3204 7.29624 14.7734 5.61593 6.47619 5.33037 5.15129 5.05296 5.00087 10.342 4.98532 4.92308 4.91537 4.85574 4.63312 4.57574 4.33522 4.32173
threshold=0 1 92.500000000000014 2 3 247.50000000000003 3.5000000000000004 427.50000000000006 3.5000000000000004 1.0000000180025095e-35 4 39.500000000000007 1.5582745406808869 2.5000000000000004 5.5000000000000009 57.500000000000007 143.50000000000003 247.50000000000003 46.500000000000007 112.50000000000001 255.50000000000003 1.7117684155009629 408.50000000000006 8.5000000000000018 1.6353904853915526 18.500000000000004 9.5000000000000018 1.8792062785352581 10.500000000000002 1.6083815842223455
decision_type=9 9 2 9 9 2 2 2 2 2 9 2 2 2 2 2 2 2 2 2 2 2 2 2 2 2 2 2 2 2
left_child=2 5 -1 6 19 10 29 13 20 23 11 -2 -13 -4 26 18 28 -18 27 -5 21 24 -7 -8 -6 -11 -15 -10 -17 -3
right_child=1 3 7 4 8 22 9 -9 15 25 -12 12 -14 14 -16 16 17 -19 -20 -21 -22 -23 -24 -25 -26 -27 -28 -29 -30 -31
leaf_value=-0.012337365455925465 0.0067621674686670248 -0.0053564035296440162 -0.040610009409487252 0.027158381991088387 -0.0044467653483152292 0.0016262074857950172 -0.027059779789298778 0.0089763515889644593 0.016022756151854989 -0.0096992629319429431 -0.022483153685927394 0.0068480642512440681 -0.026310227856040005 -0.01072737915813924 -0.032710039652884007 -0.003899265646934508 0.013671029210090635 0.012048520518466832 0.021777996622025966 0.053636935099959371 0.0084916127659380447 -0.019892572559416288 0.028663526475429538 0.00042601894959807266 0.012108198327943687 0.012132355019450182 0.0034818988293409351 0.049161782167851935 0.024759459592401979 -0.018041319157928223
leaf_weight=210 44 34 137 196 37 49 26 20 139 35 137 41 42 100 49 86 98 140 35 73 30 49 27 26 24 286 33 40 33 64
leaf_count=210 44 34 137 196 37 49 26 20 139 35 137 41 42 100 49 86 98 140 35 73 30 49 27 26 24 286 33 40 33 64
internal_value=-0.000726496 0.00724597 -0.0263864 0.0116701 0.0161616 -0.0114286 0.00218295 -0.0184366 0.0113037 0.00737265 -0.0181818 -0.00693431 -0.0174699 -0.0208464 -0.0142857 0.0146235 0.0107843 0.0155462 0.021028 0.0281362 -0.00142857 -0.00636364 0.0105263 -0.0115385 0.00737705 0.0104361 -0.0056391 0.0175978 0.0012605 -0.0173469
internal_weight=2340 1791 549 1451 980 340 471 339 711 373 264 127 83 319 182 571 357 238 214 269 140 110 76 52 61 321 133 179 119 98
internal_count=2340 1791 549 1451 980 340 471 339 711 373 264 127 83 319 182 571 357 238 214 269 140 110 76 52 61 321 133 179 119 98
cat_boundaries=0 3 5 10 13 15
cat_threshold=134217732 100663584 16 1614811680 163873 34865152 2693267586 50332932 1049364 33816584 0 6324224 32768 1610612736 131104
is_linear=0
shrinkage=0.05


Tree=3
num_leaves=31
num_cat=8
split_feature=4 1 4 2 4 4 2 7 9 0 2 7 9 9 7 9 0 7 7 0 5 5 10 9 7 0 0 7 7 9
split_gain=177.602 58.5582 23.6708 19.7269 14.5617 12.727 9.67894 10.3976 9.04273 7.10939 6.98206 7.47209 6.43882 6.04053 5.98578 7.34753 5.47301 5.34576 5.07986 3.78433 3.28208 3.02324 3.02223 2.97361 3.0303 2.86885 4.9711 2.8001 2.72376 6.41667
threshold=0 1 2 3 4 5 6 1.5000000000000002 3.5000000000000004 1.3175062568979874 7 5.5000000000000009 3.5000000000000004 10.500000000000002 1.5000000000000002 8.5000000000000018 1.6618181971938355 1.5000000000000002 2.5000000000000004 1.7364935208171668 2.5000000000000004 2.5000000000000004 1.0000000180025095e-35 5.5000000000000009 3.5000000000000004 1.5656950205580811 1.6672921821756519 3.5000000000000004 4.5000000000000009 2.5000000000000004
decision_type=9 9 9 9 9 9 9 2 2 2 9 2 2 2 2 2 2 2 2 2 2 2 2 2 2 2 2 2 2 2
left_child=5 4 3 9 13 10 21 12 -5 27 18 17 -8 14 -2 28 -6 20 -1 -19 -12 23 -9 -4 -25 -24 -27 -3 -16 -30
right_child=1 2 6 8 16 -7 7 22 -10 -11 11 -13 -14 -15 15 -17 -18 19 -20 -21 -22 -23 25 24 -26 26 -28 -29 29 -31
leaf_value=-0.045082247086986896 0.01601575844474137 -0.036997827080637223 -0.014016097326762967 -0.016449639514461163 0.010258943117037417 -0.009503886870667333 -0.016953693134337668 0.02943797826096416 0.0002098428506404182 -0.038084887889772656 -0.038710253217443827 -0.031964168285951014 0.0032834529034793448 0.045018734564259658 0.023829598804190756 0.0076013342339545488 0.0010297595635056556 -0.0021886742334812806 -0.015216354830935593 -0.02915426369830967 -0.010435765811428422 -0.019833400271553545 0.00035857908949256113 -0.00071952663958071983 0.0073887209741398674 0.04196016249321402 0.011549197656661271 -0.0056866877950727986 0.022183739713393155 0.010918030456500128
leaf_weight=51 111 29 27 90 74 157 34 101 265 51 66 36 93 101 187 53 192 123 54 37 25 28 42 44 22 36 71 28 24 88
leaf_count=51 111 29 27 90 74 157 34 101 265 51 66 36 93 101 187 53 192 123 54 37 25 28 42 44 22 36 71 28 24 88
internal_value=-0.00123932 0.0064131 -0.00200824 -0.0100423 0.0160714 -0.0258497 0.00551181 0.00943152 -0.0039726 -0.0279661 -0.0196517 -0.0143098 -0.0019685 0.0207317 0.0186825 0.021875 0.0057971 -0.011753 -0.0317391 -0.00625 -0.0214286 -0.00648855 0.0156 -0.00268817 0.0030303 0.0110738 0.0154206 -0.0184211 0.0249164 0.01875
internal_weight=2340 1791 961 463 830 549 498 377 355 108 392 287 127 564 463 352 266 251 105 160 91 121 250 93 66 149 107 57 299 112
internal_count=2340 1791 961 463 830 549 498 377 355 108 392 287 127 564 463 352 266 251 105 160 91 121 250 93 66 149 107 57 299 112
cat_boundaries=0 3 8 11 13 16 18 19 21
cat_threshold=134217732 100663584 16 8523920 38822209 1074593802 17178706 36700160 16512 327688 1187840 536875552 33 128 6389760 1056768 4 33554720 1075851552 603979792 512
is_linear=0
shrinkage=0.05


Tree=4
num_leaves=31
num_cat=3
split_feature=4 0 6 9 3 7 6 0 6 7 3 0 11 7 7 11 0 11 0 9 9 11 0 0 11 6 10 7 7 6
split_gain=165.145 30.4071 22.7906 18.7854 21.1242 13.5507 11.1497 10.0449 9.79233 11.5281 9.71138 9.58307 8.63107 7.43903 15.8028 7.34231 7.29761 6.4 6.10937 5.28991 5.17271 4.9438 4.89332 4.82143 4.27598 4.14869 3.8592 3.81279 3.78671 3.67845
threshold=0 1.519712859335469 92.500000000000014 3.5000000000000004 1 1.5000000000000002 346.50000000000006 1.8167994133940761 412.00000000000006 2.5000000000000004 2 1.9513195739837166 8.5000000000000018 2.5000000000000004 5.5000000000000009 10.500000000000002 1.7245400947369931 8.5000000000000018 1.7097425630320116 7.5000000000000009 9.5000000000000018 20.500000000000004 1.6947822182708931 1.8598820451077753 14.500000000000002 53.500000000000007 1.0000000180025095e-35 2.5000000000000004 3.5000000000000004 21.500000000000004
decision_type=9 2 2 2 9 2 2 2 2 2 9 2 2 2 2 2 2 2 2 2 2 2 2 2 2 2 2 2 2 2
left_child=2 8 -1 4 -3 11 13 10 9 -2 16 29 -9 26 20 17 -7 -11 -6 -17 -15 22 -12 24 -20 -18 -4 -14 -29 -5
right_child=1 3 6 5 18 7 -8 12 -10 15 21 -13 27 14 -16 19 25 -19 23 -21 -22 -23 -24 -25 -26 -27 -28 28 -30 -31
leaf_value=-0.011189322157222771 -0.024026860650312155 0.018973067217450592 -0.016551055474523454 -0.0057772201065532883 -0.0036733261566795463 0.029158101529758423 0.006751209100317207 -0.003042962096165858 0.025125167566225862 -0.00049065087802708802 0.013118820892507205 0.063369117655735469 0.019504798953365543 -0.011798032596353447 -0.029399343896750352 -0.0053377410677727388 0.011668870643656704 -0.036367290175892429 -0.017498195823449636 0.0090965151793137144 0.0034459193546138691 0.008131846169885255 -0.0031188262719008988 0.0019813614195666796 -0.0049892102427780529 -0.0043439030873693996 -0.039956431280039242 0.055998631128054123 0.014522191795073459 0.0021188228543847945
leaf_weight=210 132 109 24 34 145 194 36 27 20 20 204 21 36 89 46 49 27 20 41 60 30 32 134 20 23 38 99 66 79 275
leaf_count=210 132 109 24 34 145 194 36 27 20 20 204 21 36 89 46 49 27 20 41 60 30 32 134 20 23 38 99 66 79 275
internal_value=-0.0015812 0.00567181 -0.0257353 0.00860465 -0.00177515 0.011611 -0.0179012 0.014994 -0.00880399 -0.01121 0.0118442 0.0030303 0.0245192 -0.0211806 -0.0142424 -0.00167785 0.019145 -0.02 -0.010251 0.00504587 -0.00462185 0.00605263 0.00443787 -0.0214286 -0.028125 0.00538462 -0.0304878 0.028453 0.032069 0.000809061
internal_weight=2340 1806 534 1505 338 1167 324 837 301 281 629 330 208 288 165 149 259 40 229 109 119 370 338 84 64 65 123 181 145 309
internal_count=2340 1806 534 1505 338 1167 324 837 301 281 629 330 208 288 165 149 259 40 229 109 119 370 338 84 64 65 123 181 145 309
cat_boundaries=0 3 4 6
cat_threshold=134217728 100663584 16 917504 268288 4352
is_linear=0
shrinkage=0.05


Tree=5
num_leaves=31
num_cat=7
split_feature=4 1 6 4 1 7 4 6 0 10 0 6 2 6 9 6 6 9 7 0 6 9 5 7 6 7 6 9 9 3
split_gain=157.803 52.0512 22.5303 20.1081 13.4164 14.2216 13.1212 11.116 9.32041 7.78678 8.34193 7.18985 7.10826 6.81603 6.79311 6.45918 6.08971 6.15841 6.07902 5.6641 5.13986 5.02703 7.26882 5.50538 4.85901 4.65235 4.57201 4.51319 4.42489 4.33755
threshold=0 1 92.500000000000014 2 3 1.5000000000000002 4 39.500000000000007 1.571604252410957 1.0000000180025095e-35 1.6972343273506032 388.50000000000006 5 120.50000000000001 3.5000000000000004 167.50000000000003 323.50000000000006 9.5000000000000018 2.5000000000000004 1.5774617142454146 179.50000000000003 8.5000000000000018 2.5000000000000004 1.5000000000000002 57.500000000000007 2.5000000000000004 226.50000000000003 6.5000000000000009 6.5000000000000009 6
decision_type=9 9 2 9 9 2 9 2 2 2 2 2 9 2 2 2 2 2 2 2 2 2 2 2 2 2 2 2 2 9
left_child=2 6 -1 8 7 14 13 -5 -3 -10 -11 15 28 24 -6 18 17 21 -4 -16 -17 22 23 -8 -2 -15 29 -21 -7 -14
right_child=1 3 11 4 5 12 16 -9 9 10 -12 -13 26 25 19 20 -18 -19 -20 27 -22 -23 -24 -25 -26 -27 -28 -29 -30 -31
leaf_value=-0.010629856049361631 0.0225830664959671 -0.021211990582998615 -0.031902094190811726 -0.01607726517278003 -0.018688856418373988 -0.0097231844658348665 0.036745371844203213 -0.0086400989498011671 -0.016623286032277151 0.012411160407718736 -0.0059284874501081665 0.00426808060499001 0.033707530865141187 0.041520378472784336 -0.021517477467224929 -0.042572051267160092 0.021646131374097956 0.017277887174138806 -0.00075192328136322042 -0.019486517621735113 -0.019938650313839779 -0.011076645475873455 -0.0059781576111530904 -0.00034293474391078885 0.0066372161853313523 0.014893962639656855 0.025316984734863979 0.02123441232553358 0.0009720767781585427 0.0099187455803658731
leaf_weight=210 283 92 53 23 45 29 31 85 87 40 42 33 103 60 60 20 69 43 65 26 156 24 31 62 103 77 71 70 72 175
leaf_count=210 283 92 53 23 45 29 31 85 87 40 42 33 103 60 60 20 69 43 65 26 156 24 31 62 103 77 71 70 72 175
internal_value=-0.00179487 0.00532267 -0.0253199 -0.00213592 0.0020156 0.00476551 0.0149433 -0.0135593 -0.0138376 -0.00739645 0.00365854 -0.0175841 0.00977778 0.019606 -0.00621891 -0.020068 0.00518519 0.00078534 -0.0110169 -0.00128205 -0.0261364 -0.00405405 0 0.00698925 0.0165803 0.029562 0.0129526 0.00625 -0.00225225 0.0104317
internal_weight=2340 1803 537 1020 759 651 783 108 261 169 82 327 450 523 201 294 260 191 118 156 176 148 124 93 386 137 349 96 101 278
internal_count=2340 1803 537 1020 759 651 783 108 261 169 82 327 450 523 201 294 260 191 118 156 176 148 124 93 386 137 349 96 101 278
cat_boundaries=0 3 8 11 16 19 20 21
cat_threshold=134217732 100665376 16 8523920 38822209 1108148234 17178626 3145728 16512 327960 131072 0 268959874 16810240 0 524288 128 6389760 1056768 1210585120 264192
is_linear=0
shrinkage=0.05


Tree=6
num_leaves=31
num_cat=6
split_feature=3 1 6 3 9 11 2 2 7 7 7 7 6 9 6 2 6 10 9 9 6 7 6 5 7 10 6 6 11 9
split_gain=131.244 61.3233 29.3116 24.0379 13.1365 14.7768 10.2664 9.37628 9.89696 18.485 8.89401 6.96165 7.59021 6.64731 6.25 5.89984 5.45033 5.33032 5.09221 4.82943 10.3168 4.78913 4.28754 4.04382 4.04253 9.31406 3.78304 3.42634 4.36327 4.05188
threshold=0 1 92.500000000000014 2 3.5000000000000004 17.500000000000004 3 4 2.5000000000000004 4.5000000000000009 1.5000000000000002 1.0000000180025095e-35 323.50000000000006 3.5000000000000004 172.50000000000003 5 167.50000000000003 1.0000000180025095e-35 7.5000000000000009 6.5000000000000009 67.500000000000014 2.5000000000000004 82.500000000000014 2.5000000000000004 1.5000000000000002 1.0000000180025095e-35 20.500000000000004 21.500000000000004 18.500000000000004 10.500000000000002
decision_type=9 9 2 9 2 2 9 9 2 2 2 2 2 2 2 9 2 2 2 2 2 2 2 2 2 2 2 2 2 2
left_child=2 10 17 4 -3 6 18 -4 11 16 -2 -9 -13 23 -11 19 -10 -1 -6 20 -5 -7 -21 -12 -17 -26 -8 -15 29 -29
right_child=1 3 7 15 5 21 26 8 9 14 13 12 -14 27 -16 24 -18 -19 -20 22 -22 -23 -24 -25 25 -27 -28 28 -30 -31
leaf_value=-0.0044288584032412979 0.01313716383683341 -0.01696013517396058 -0.029216107590535691 -0.021928187691390422 -0.023375655754644887 -0.038503951276013651 -0.024051368471751974 0.0024379737568632656 0.009206256639829791 0.0022886409114608042 0.0020395842076400108 -0.039728612266736525 0.0040747227437800682 0.032056553101351179 -0.012622657249535414 0.001951618499309471 0.0049951216416554423 -0.010139064278578426 -0.0032256231756359333 0.012187959692720596 0.0031874341425222833 -0.0035562901974629194 -0.014951082047200149 0.0082656002991669652 0.035843169698679192 0.0089822440036857586 0.0064112283521388204 0.015559046450370768 0.020689671481352624 0.040675453060083182
leaf_weight=29 197 135 107 28 37 45 24 30 21 24 73 76 21 70 48 101 53 207 72 23 41 53 25 45 88 129 193 234 55 56
leaf_count=29 197 135 107 28 37 45 24 30 21 24 73 76 21 70 48 101 53 207 72 23 41 53 25 45 88 129 193 234 55 56
internal_value=-0.00179487 0.00530565 -0.0214058 -0.00278884 -0.00957821 -0.00542453 -0.000306748 -0.0131579 -0.00724382 0.00136986 0.0162162 -0.0177165 -0.0242268 0.0197936 -0.0166667 0.00595506 0.0189189 -0.0355932 -0.0121849 -0.00354331 -0.0123188 -0.022449 0.00833333 0.00932203 0.00945122 0.0135945 0.00594714 0.0227711 0.0207246 0.0182759
internal_weight=2340 1724 616 994 559 424 326 380 273 146 730 127 97 533 72 435 74 236 109 117 69 98 48 118 318 217 217 415 345 290
internal_count=2340 1724 616 994 559 424 326 380 273 146 730 127 97 533 72 435 74 236 109 117 69 98 48 118 318 217 217 415 345 290
cat_boundaries=0 2 7 9 11 13 15
cat_threshold=537936129 516 135312 38805569 1074593802 16916562 36700160 4112 4384 1074266144 33536 84443152 256 2105632 137
is_linear=0
shrinkage=0.05


Tree=7
num_leaves=31
num_cat=7
split_feature=4 1 6 4 4 6 2 7 9 7 7 9 6 7 11 9 1 9 7 9 6 11 11 1 11 6 6 11 9 6
split_gain=142.799 41.8307 26.8302 19.7361 19.2474 12.2019 12.0512 11.9478 8.63317 7.74711 13.4242 7.3252 7.05738 5.98363 5.78756 5.53893 4.66214 8.30494 4.71955 4.08935 13.3834 4.0789 4.07398 4.06562 4.06293 3.98765 4.46805 3.67891 3.43203 3.42662
threshold=0 1 92.500000000000014 2 3 427.50000000000006 4 2.5000000000000004 8.5000000000000018 2.5000000000000004 5.5000000000000009 10.500000000000002 236.50000000000003 5.5000000000000009 14.500000000000002 6.5000000000000009 5 7.5000000000000009 4.5000000000000009 6.5000000000000009 118.50000000000001 19.500000000000004 18.500000000000004 6 10.500000000000002 275.50000000000006 12.500000000000002 10.500000000000002 3.5000000000000004 122.50000000000001
decision_type=9 9 2 9 9 2 9 2 2 2 2 2 2 2 2 2 9 2 2 2 2 2 2 9 2 2 2 2 2 2
left_child=2 4 -1 7 11 9 19 8 27 22 12 16 21 -9 -10 -15 17 -2 -18 20 -5 -11 -4 29 -13 26 -8 -3 -20 -6
right_child=1 3 5 6 23 -7 25 13 14 10 -12 24 -14 15 -16 -17 18 -19 28 -21 -22 -23 -24 -25 -26 -27 -28 -29 -30 -31
leaf_value=-0.0095914100329646326 0.040881648674777032 -0.035276547518423587 -0.024374873224737244 -0.021943467579364551 0.0028961668419214825 0.010599642854046 0.045018361452591388 0.00065157721900456218 0.025916584077608464 0.0028222249638939268 -0.026553869011715692 0.058414650256308667 -0.012066261274143626 -0.026565203555453967 -0.026511637214621565 -0.003001259494835107 0.01623168080705506 0.011343532500398623 -0.0027098576500148466 0.00025853825583908033 0.00171498135655086 -0.035932558304213526 -0.038839721182244984 0.006040280306933943 0.040321356559967471 0.021586664869702867 0.0069237988712738899 -0.020958724590384684 0.010815005916101118 -0.004283078124973483
leaf_weight=210 81 42 90 45 62 21 30 183 35 71 49 25 48 22 22 30 186 24 30 122 55 20 55 231 53 53 228 98 61 58
leaf_count=210 81 42 90 45 62 21 30 183 35 71 49 25 48 22 22 30 186 24 30 122 55 20 55 231 53 53 228 98 61 58
internal_value=-0.00183761 0.00515118 -0.0235192 -0.00189744 0.0134592 -0.0155367 0.00451197 -0.00972851 -0.0190355 -0.0178679 -0.0111702 0.0202128 -0.00323741 -0.00234043 -0.00263158 -0.0173077 0.017801 0.0273913 0.0127178 -0.00431034 -0.012 0.00494505 -0.0265517 0.00429363 0.0346154 0.0107477 0.00852713 -0.0257143 0.00384615 -0.00307692
internal_weight=2340 1776 564 965 811 354 533 432 197 333 188 460 139 235 57 52 382 105 277 222 100 91 145 351 78 311 258 140 91 120
internal_count=2340 1776 564 965 811 354 533 432 197 333 188 460 139 235 57 52 382 105 277 222 100 91 145 351 78 311 258 140 91 120
cat_boundaries=0 3 8 11 14 16 21 26
cat_threshold=134217732 117440800 16 8523920 584065345 1108148234 17178640 36700160 128 65552 1187840 128 6324224 1056768 2363440 33417 128 1048576 262144 8192 3145728 128 1 2 0 2097152
is_linear=0
shrinkage=0.05


Tree=8
num_leaves=31
num_cat=9
split_feature=3 1 2 3 2 9 11 3 7 11 11 1 11 2 0 7 7 7 11 9 9 2 11 10 9 5 7 7 7 9
split_gain=118.516 52.5351 28.1356 22.711 11.5528 9.67262 12.3218 9.41427 7.61041 6.89085 7.10149 5.86841 5.39338 11.4142 7.96237 5.3917 7.34955 7.31639 6.07093 5.29518 5.0979 4.5953 5.22537 6.62743 5.08098 7.37226 4.27499 5.11867 4.90719 4.27253
threshold=0 1 2 3 4 7.5000000000000009 17.500000000000004 5 1.0000000180025095e-35 10.500000000000002 13.500000000000002 6 9.5000000000000018 7 1.7000897311592915 2.5000000000000004 1.0000000180025095e-35 5.5000000000000009 19.500000000000004 9.5000000000000018 10.500000000000002 8 11.500000000000002 1.0000000180025095e-35 10.500000000000002 2.5000000000000004 1.0000000180025095e-35 4.5000000000000009 2.5000000000000004 7.5000000000000009
decision_type=9 9 9 9 9 2 2 9 2 2 2 9 2 9 2 2 2 2 2 2 2 9 2 2 2 2 2 2 2 2
left_child=2 7 -1 4 5 -3 9 12 -5 -7 -11 -9 14 29 -2 16 -4 18 19 -17 -15 22 -10 -24 25 -23 -6 28 -28 -14
right_child=1 3 15 8 26 6 -8 11 21 10 -12 -13 13 20 -16 17 -18 -19 -20 -21 -22 24 23 -25 -26 -27 27 -29 -30 -31
leaf_value=-0.010252131059925052 0.032503468276091518 -0.022830932608763146 -0.00022099163374831866 -0.0050966369039312509 -0.013212805749602242 -0.025039181110911003 -0.034423019653529188 0.0085974048028845118 -0.018917909579815574 0.0098741534497472031 -0.00049784247319217823 0.0011273091574522387 -0.0012429018312567043 0.028838614381605905 -0.0035394082602415947 -0.0022995369588902806 -0.030827427302815513 -0.020657117968678858 -0.023913329696378272 0.0087038951278707814 0.064780519692256164 0.024134994840585712 -0.017802531751920449 0.011134227308857115 0.03396680802196745 -0.0049928118177601684 -0.0083061993176190615 -0.0066277823690006898 0.0095598892635924259 0.01999057358552472
leaf_weight=224 52 106 38 67 49 25 23 145 42 22 37 173 65 198 47 99 121 50 37 38 36 157 26 41 32 60 106 99 85 40
leaf_count=224 52 106 38 67 49 25 23 145 42 22 37 173 65 198 47 99 121 50 37 38 36 157 26 41 32 60 106 99 85 40
internal_value=-0.00200855 0.00467585 -0.0208266 -0.00298886 -0.00960854 -0.0186099 -0.0088785 0.0144909 0.00563218 0 0.00932203 0.00731707 0.0194196 0.0228614 0.00959596 -0.0118321 -0.0191824 -0.00714286 -0.00229885 0.00255474 0.0286885 0.00865922 -0.000420168 0.00820896 0.0121622 0.00990783 -0.00358166 -0.00137931 0.00340314 0.00652174
internal_weight=2340 1733 607 977 552 213 107 756 425 84 59 318 438 339 99 383 159 224 174 137 234 358 109 67 249 217 339 290 191 105
internal_count=2340 1733 607 977 552 213 107 756 425 84 59 318 438 339 99 383 159 224 174 137 234 358 109 67 249 217 339 290 191 105
cat_boundaries=0 2 7 9 11 13 15 19 21 23
cat_threshold=537919745 1540 1052816 38805825 1074593826 17178704 36700160 604012560 131336 4112 4384 68162080 801 403472 32 16 4194561 65536 64 2129920 131080 794912 129
is_linear=0
shrinkage=0.05


Tree=9
num_leaves=31
num_cat=5
split_feature=3 1 6 3 7 0 6 6 9 1 7 9 5 7 7 11 11 6 0 0 9 9 9 3 0 7 9 6 0 0
split_gain=115.566 45.5067 31.8887 18.6182 11.0257 10.75 12.2426 9.26663 10.8478 8.17472 7.83255 7.37829 7.1574 6.89072 11.9061 6.01667 5.64884 5.64809 7.55936 4.60425 4.12523 4.45873 4.10728 4.83194 5.09847 4.60807 4.00204 3.96825 3.92 4.89259
threshold=0 1 92.500000000000014 2 1.5000000000000002 1.571604252410957 23.500000000000004 408.50000000000006 10.500000000000002 3 2.5000000000000004 9.5000000000000018 2.5000000000000004 2.5000000000000004 5.5000000000000009 14.500000000000002 19.500000000000004 87.500000000000014 1.6539141797971133 1.248310156763405 7.5000000000000009 10.500000000000002 3.5000000000000004 4 1.7488292747306031 2.5000000000000004 7.5000000000000009 48.500000000000007 1.9355166520671692 1.8554140259461231
decision_type=9 9 2 9 2 2 2 2 2 9 2 2 2 2 2 2 2 2 2 2 2 2 2 9 2 2 2 2 2 2
left_child=2 4 -1 5 28 10 -7 8 13 22 -3 -8 -5 26 16 -13 -15 20 -19 -12 -11 -22 -6 -24 25 -25 -4 -26 29 -2
right_child=1 3 7 12 9 6 11 -9 -10 17 19 15 -14 14 -16 -17 -18 18 -20 -21 21 -23 23 24 27 -27 -28 -29 -30 -31
leaf_value=-0.0086704933113813665 0.0088243430905889375 -0.026768163824572477 -0.012543097242696878 0.0068964722613006962 0.00079023338675203176 -0.018383356922171381 -0.0028736034635090339 0.0086801738646334944 0.0069337455121453234 0.036511739670152268 0.0087295645291840303 0.02462156329698445 -0.0036448938733561311 0.00039385711419914207 -0.028396742873310822 -0.0010310998755824808 -0.043597542907703582 0.016820897082792885 0.0076368024425766297 -0.010110980888064613 0.010250220636736557 0.062352804297014112 0.015478588703638435 0.021468358404510959 -0.0046115630972614289 0.0044286730814513398 -0.03480113314222346 0.010778554751341353 0.052866528089052713 -0.00774319251555895
leaf_weight=207 174 105 29 354 88 53 183 20 28 88 21 40 138 80 36 24 26 28 97 97 24 21 100 21 30 55 80 42 25 26
leaf_count=207 174 105 29 354 88 53 183 20 28 88 21 40 138 80 36 24 26 28 97 97 24 21 100 21 30 55 80 42 25 26
internal_value=-0.00196581 0.00390456 -0.0228682 -0.00317073 0.0126055 -0.00966229 -0.00366667 -0.0128763 -0.015233 0.01633 -0.0181614 0.00101215 0.00378486 -0.0185259 -0.0112676 0.015625 -0.00283019 0.0231343 0.0164 -0.00932203 0.031203 0.0188889 0.0101156 0.0137097 0.00632911 0.0157895 -0.0279817 -0.00277778 0.00333333 0.001
internal_weight=2340 1834 506 1015 819 523 300 299 279 594 223 247 492 251 142 64 106 258 125 118 133 45 336 248 148 76 109 72 225 200
internal_count=2340 1834 506 1015 819 523 300 299 279 594 223 247 492 251 142 64 106 258 125 118 133 45 336 248 148 76 109 72 225 200
cat_boundaries=0 1 6 8 13 15
cat_threshold=537919489 1183920 575693249 1074593826 16916562 34865152 4112 800 131088 4202753 2 131154 262144 393232 256
is_linear=0
shrinkage=0.05


Tree=10
num_leaves=31
num_cat=7
split_feature=4 2 6 1 4 6 6 11 11 3 11 11 11 11 2 0 0 6 6 0 11 2 6 11 11 11 11 6 0 0
split_gain=130.668 33.5317 25.7301 17.1546 14.6201 14.6077 11.8194 10.5067 10.2622 8.63212 8.28823 7.97598 6.53042 6.43349 8.00889 7.00065 10.0833 6.09055 5.80742 9.07092 4.97049 4.74772 5.1442 4.74491 4.85068 4.68655 4.59186 4.57952 5.93461 4.36735
threshold=0 1 92.500000000000014 2 3 392.50000000000006 31.500000000000004 16.500000000000004 13.500000000000002 4 19.500000000000004 17.500000000000004 11.500000000000002 9.5000000000000018 5 1.6852045982800572 1.6323087098381659 25.500000000000004 172.50000000000003 1.6777250852144274 14.500000000000002 6 65.500000000000014 20.500000000000004 18.500000000000004 10.500000000000002 17.500000000000004 188.50000000000003 1.8167994133940761 1.4739256291787226
decision_type=9 9 2 9 9 2 2 2 2 9 2 2 2 2 9 2 2 2 2 2 2 9 2 2 2 2 2 2 2 2
left_child=2 5 -1 6 12 9 7 -3 -4 25 18 21 -5 15 17 16 -6 -15 -8 -20 -19 22 -11 24 -16 29 -14 28 -17 -2
right_child=1 3 8 4 13 -7 10 -9 -10 11 -12 -13 26 14 23 27 -18 20 19 -21 -22 -23 -24 -25 -26 -27 -28 -29 -30 -31
leaf_value=-0.0082732803750547815 -0.025389889541871505 -0.014734880086591906 -0.0010856922876997022 0.037675180705344154 -0.0071209444621789858 0.022159124475570748 0.015266146120027569 0.0053964612160091021 -0.02237675566342805 0.0041356910956468155 -0.014534271794056287 -0.021109183183004011 0.010883316475167465 0.035604887453321486 0.0034743032811077714 -0.01815763650246981 0.027373535951875749 0.0093586381905761962 0.017623372287916689 -0.004720123121931874 0.0080210756640971444 -0.013726136868356886 -0.0053559046441327696 0.019895316787201557 -0.0093480937476891745 0.0094968235513358933 0.041577780678342009 0.0050341728089647658 -0.0044427063169245329 0.0045665407610134823
leaf_weight=210 25 57 110 106 24 37 176 36 211 38 35 69 106 38 221 22 24 98 48 86 87 121 65 33 32 90 38 21 54 22
leaf_count=210 25 57 110 106 24 37 176 36 211 38 35 69 106 38 221 22 24 98 48 86 87 121 65 33 32 90 38 21 54 22
internal_value=-0.00200855 0.00442551 -0.0235675 0.00843195 0.0123632 -0.00702306 0.000223214 -0.0155914 -0.015109 -0.00976744 0.00449275 -0.0143564 0.0226923 0.00813253 0.0109037 -0.00103448 0.0145833 0.0178112 0.00709677 -0.000746269 0.0148649 -0.0102679 -0.00132743 0.00472973 0.00256917 0.00102041 0.0166667 -0.00876289 -0.0144737 -0.0117021
internal_weight=2340 1809 531 1342 904 467 438 93 321 430 345 293 250 654 509 145 48 223 310 134 185 224 103 286 253 137 144 97 76 47
internal_count=2340 1809 531 1342 904 467 438 93 321 430 345 293 250 654 509 145 48 223 310 134 185 224 103 286 253 137 144 97 76 47
cat_boundaries=0 3 5 10 13 15 17 19
cat_threshold=134217732 100663336 16 1078989344 168483 33816576 2684878978 1090520356 5243462 2359552 0 6324224 1048576 395520 256 320897296 8 1074790400 131616
is_linear=0
shrinkage=0.05


Tree=11
num_leaves=31
num_cat=6
split_feature=4 1 6 1 9 6 6 4 4 11 6 11 1 6 9 6 10 7 6 7 6 11 6 6 6 11 6 11 7 5
split_gain=125.11 35.4236 22.8986 15.7816 14.0041 13.2595 11.7221 11.7034 11.3519 10.3485 9.22846 7.50621 8.24508 12.012 9.7963 9 7.22051 7.0073 6.15609 10.1508 6.00224 5.90807 5.86118 4.87703 4.80783 4.75274 4.60063 5.05263 4.3163 4.24894
threshold=0 1 92.500000000000014 2 2.5000000000000004 412.00000000000006 29.500000000000004 3 4 13.500000000000002 32.500000000000007 9.5000000000000018 5 22.500000000000004 9.5000000000000018 32.500000000000007 1.0000000180025095e-35 1.0000000180025095e-35 50.500000000000007 2.5000000000000004 106.50000000000001 12.500000000000002 255.50000000000003 84.500000000000014 236.50000000000003 7.5000000000000009 167.50000000000003 20.500000000000004 4.5000000000000009 2.5000000000000004
decision_type=9 9 2 9 2 2 2 9 9 2 2 2 9 2 2 2 2 2 2 2 2 2 2 2 2 2 2 2 2 2
left_child=2 7 -1 6 21 9 -3 -2 10 24 -6 16 14 -14 15 -13 -9 20 -12 -20 -10 23 -8 -5 25 -4 -11 -28 -27 -19
right_child=1 3 5 4 8 -7 22 11 17 26 18 12 13 -15 -16 -17 -18 29 19 -21 -22 -23 -24 -25 -26 28 27 -29 -30 -31
leaf_value=-0.008002450526454874 0.024825594461230949 0.0016166706659881958 -0.0070786139208029904 -0.021035484007192504 -0.013591666315589902 0.0137541723715713 -0.031190242415283589 0.0051487157512760456 -0.016318460161753451 -0.016557472190214084 0.022108034190108563 -0.013380673723286302 0.03385948199552663 0.0078231406736441467 0.012610746133516582 -0.00030596858742106274 -0.018208249125010824 0.015608087700344237 -0.021243276091928134 0.0053167886087948646 0.0026319401041958405 -0.0060250915496350256 -0.015918787063543976 -0.014543710699038176 -0.0086857634938659611 0.0092426330879486537 -0.023938531670878383 -0.019187574176821588 -0.009303642359464237 0.0012263101499109974
leaf_weight=232 252 26 24 26 56 20 57 55 30 82 28 24 45 288 36 48 65 258 84 106 41 78 22 36 34 32 95 25 23 112
leaf_count=232 252 26 24 26 56 20 57 55 30 82 28 24 45 288 36 48 65 258 84 106 41 78 22 36 34 32 95 25 23 112
internal_value=-0.00222222 0.00434661 -0.0224437 -0.00216495 0.00017341 -0.0144776 -0.0195652 0.0119684 0.00300699 -0.0169841 -0.00492958 0.00761821 0.010771 0.0144315 -0.00169492 -0.0125 -0.00333333 0.0078714 -0.000458716 -0.00368421 -0.00633803 -0.0142857 -0.0310127 -0.0258065 -0.00486726 0.00189873 -0.0237624 -0.03 0.01 0.0108108
internal_weight=2340 1773 567 960 855 335 105 813 715 315 274 561 441 333 108 72 120 441 218 190 71 140 79 62 113 79 202 120 55 370
internal_count=2340 1773 567 960 855 335 105 813 715 315 274 561 441 333 108 72 120 441 218 190 71 140 79 62 113 79 202 120 55 370
cat_boundaries=0 3 8 13 16 19 23
cat_threshold=134217732 117440544 262160 8523920 47210817 1108148238 17178640 168820736 67108864 335544322 32768 0 8388608 32896 6291456 1048576 128 272 1122304 128 1 8 131072
is_linear=0
shrinkage=0.05


Tree=12
num_leaves=31
num_cat=6
split_feature=4 1 6 4 1 11 6 2 6 1 6 6 6 11 7 7 7 6 6 11 6 6 6 11 10 10 7 6 11 7
split_gain=115.446 31.195 24.0961 18.7974 12.9999 9.62227 8.5339 10.0731 13.4444 8.3207 7.30749 5.3597 7.24125 4.54247 4.32436 4.25606 4.56333 3.87311 4.15442 3.56745 6.31568 3.40554 6.16159 5.51568 4.19527 3.0752 3.04465 4.38066 3.96502 3.0437
threshold=0 1 92.500000000000014 2 3 13.500000000000002 252.50000000000003 4 28.500000000000004 5 30.500000000000004 29.500000000000004 112.50000000000001 18.500000000000004 2.5000000000000004 1.5000000000000002 4.5000000000000009 18.500000000000004 12.500000000000002 15.500000000000002 143.50000000000003 354.50000000000006 141.50000000000003 13.500000000000002 1.0000000180025095e-35 1.0000000180025095e-35 2.5000000000000004 156.50000000000003 18.500000000000004 5.5000000000000009
decision_type=9 9 2 9 9 2 2 9 2 9 2 2 2 2 2 2 2 2 2 2 2 2 2 2 2 2 2 2 2 2
left_child=2 13 25 9 10 -4 7 8 -6 15 -5 -9 -13 19 -15 -3 -17 18 -11 21 -21 22 23 24 -2 -1 28 -28 -7 -29
right_child=1 3 5 4 6 26 -8 11 -10 17 -12 12 -14 14 -16 16 -18 -19 -20 20 -22 -23 -24 -25 -26 -27 27 29 -30 -31
leaf_value=-0.013216820325390699 -0.0072916885146992573 -0.006823427391180914 -0.00060944734357604169 0.031212934214202251 0.018241881708850594 -0.022151839817062025 0.0082518797734658367 -0.0085643015455399204 -0.027006576101161174 0.038101458001908249 0.0051011708141776527 0.010074299409371656 -0.0016578971932280752 -0.027220063849597027 -0.00062645912352171651 0.010294296111762864 -0.0030183078451648695 0.025498337174723863 -0.0051934298430608931 -0.010346749935663613 0.015681386849291667 0.0060730147322001051 -0.016596472726092888 -0.012070236289305071 0.0058767241315940133 -0.0074231821007368142 0.0014413482734743077 -0.012943917016792129 -0.032370224427191396 -0.020473911567460215
leaf_weight=21 54 30 115 52 27 50 182 121 81 34 154 173 159 28 43 50 30 283 29 43 26 28 60 37 64 211 31 47 55 22
leaf_count=21 54 30 115 52 27 50 182 121 81 34 154 173 159 28 43 50 30 283 29 43 26 28 60 37 64 211 31 47 55 22
internal_value=-0.00247863 0.00372636 -0.022242 0.00717314 0.00307612 -0.01375 -6.64011e-05 -0.00311943 -0.0161017 0.0154506 0.0138889 0.000323974 0.00361446 -0.00877863 -0.0204225 0.0025 0.00875 0.019382 0.00873016 -0.00641026 0.00362319 -0.00925926 -0.0113953 -0.00612903 -0.000847458 -0.0349138 -0.0202439 -0.014 -0.0261905 -0.0210145
internal_weight=2340 1788 552 1405 949 320 743 561 108 456 206 453 332 383 71 110 80 346 63 312 69 243 215 155 118 232 205 100 105 69
internal_count=2340 1788 552 1405 949 320 743 561 108 456 206 453 332 383 71 110 80 346 63 312 69 243 215 155 118 232 205 100 105 69
cat_boundaries=0 3 8 10 15 17 22
cat_threshold=134217732 100663328 262160 100663296 337117314 536904960 5243648 9175048 32768 6849024 0 37748736 851972 8272 1048576 1075318788 32 16 2147491840 16777216 64 2097152
is_linear=0
shrinkage=0.05


Tree=13
num_leaves=31
num_cat=5
split_feature=4 1 6 7 1 4 11 11 9 6 0 0 6 11 4 6 11 9 9 9 6 9 9 6 6 0 7 11 11 9
split_gain=110.356 29.7292 25.5403 12.7709 12.3253 10.9797 10.0331 7.17847 11.2607 11.2773 10.2148 6.64234 6.4994 6.28918 6.13958 6.40125 6.0458 7.27993 5.82175 5.55667 5.30676 5.05865 4.8155 4.62874 5.09277 4.8 4.39848 4.82773 4.37516 4.37095
threshold=0 1 92.500000000000014 1.5000000000000002 2 3 13.500000000000002 9.5000000000000018 5.5000000000000009 262.50000000000006 1.7034487178391688 1.5211877292856439 141.50000000000003 11.500000000000002 4 252.50000000000003 12.500000000000002 10.500000000000002 10.500000000000002 10.500000000000002 25.500000000000004 6.5000000000000009 6.5000000000000009 313.50000000000006 247.50000000000003 1.7117684155009629 1.5000000000000002 17.500000000000004 12.500000000000002 10.500000000000002
decision_type=9 9 2 2 9 9 2 2 2 2 2 2 2 2 9 2 2 2 2 2 2 2 2 2 2 2 2 2 2 2
left_child=2 5 -1 11 -5 13 -4 22 9 10 -9 -3 16 -2 21 -16 20 -18 -8 26 -10 -6 -7 24 -14 -25 -15 -28 -23 -24
right_child=1 3 6 4 14 7 18 8 12 -11 -12 -13 23 19 15 -17 17 -19 -20 -21 -22 28 29 25 -26 -27 27 -29 -30 -31
leaf_value=-0.0072311688950952857 0.036089504200231097 -0.02034951221513745 -0.00057897497639723965 -0.011623471398844466 0.0011901910986718556 0.0055100192378039203 -0.019690660681621133 0.00092517235006462923 0.040170230408918164 0.0091915332298573519 -0.023960408867413293 -0.0059713804867751021 0.0073741302459997054 0.016754807182691091 -0.00087290613850388729 0.012571457260564895 0.0025528315127439586 0.03404279761943152 0.0010227262376222123 0.056589290259332875 0.029001485193592382 0.0097246751814539303 -0.018858483379470395 0.028879655318940212 -0.016260346452252796 0.0028935322638543428 -0.0016088671704647672 0.032418961739669731 0.023561197267403185 0.0021262016294060662
leaf_weight=232 103 90 115 105 109 52 183 45 26 46 42 221 46 29 244 84 80 38 22 22 46 54 53 30 22 24 63 25 68 21
leaf_count=232 103 90 115 105 109 52 183 45 26 46 42 221 46 29 244 84 80 38 22 22 46 54 53 30 22 24 63 25 68 21
internal_value=-0.0025641 0.00350389 -0.0218861 -0.00238579 0.00150602 0.0105103 -0.013125 0.00645439 0.00955056 -0.00263158 -0.0132184 -0.0107717 0.0147436 0.0194444 0.00448155 0 0.0205263 0.0135593 -0.0197561 0.0133094 0.0319444 0.0105809 -0.00396825 0.0057377 -0.00294118 0.0166667 0.00897436 0.00340909 0.0180328 -0.0121622
internal_weight=2340 1788 552 975 664 813 320 571 445 133 87 311 312 242 559 328 190 118 205 139 72 231 126 122 68 54 117 88 122 74
internal_count=2340 1788 552 975 664 813 320 571 445 133 87 311 312 242 559 328 190 118 205 139 72 231 126 122 68 54 117 88 122 74
cat_boundaries=0 3 8 13 16 18
cat_threshold=134217732 100663328 262160 8523920 46145857 1108148238 17178644 168820736 0 335544320 16809984 256 786432 32768 6324224 1048576 0 6390272
is_linear=0
shrinkage=0.05


Tree=14
num_leaves=31
num_cat=7
split_feature=4 2 6 1 4 7 6 11 11 1 11 2 6 6 11 11 11 2 6 6 11 7 0 6 6 0 6 6 6 6
split_gain=110.198 31.5247 27.1324 15.6297 13.0461 10.1794 9.87964 9.53987 8.61689 7.73616 6.0209 5.68634 7.07843 5.65934 5.56725 5.56239 5.3603 5.29255 5.1511 4.67426 4.54335 4.46377 4.44845 4.32613 4.26341 4.22573 4.27988 4.09978 3.84203 4.58491
threshold=0 1 92.500000000000014 2 3 1.5000000000000002 354.50000000000006 9.5000000000000018 14.500000000000002 4 17.500000000000004 5 82.500000000000014 143.50000000000003 9.5000000000000018 13.500000000000002 10.500000000000002 6 23.500000000000004 220.50000000000003 12.500000000000002 2.5000000000000004 1.4062803266606447 39.500000000000007 253.50000000000003 1.7046056822386506 100.50000000000001 293.50000000000006 316.50000000000006 236.50000000000003
decision_type=9 9 2 9 9 2 2 2 2 9 2 9 2 2 2 2 2 9 2 2 2 2 2 2 2 2 2 2 2 2
left_child=2 5 -1 7 14 6 22 21 28 24 11 12 -7 -9 -5 -14 25 18 -16 -13 -20 -3 -2 -12 -6 26 -11 -15 29 -4
right_child=1 3 8 4 9 10 -8 13 -10 16 23 19 15 27 17 -17 -18 -19 20 -21 -22 -23 -24 -25 -26 -27 -28 -29 -30 -31
leaf_value=-0.0067267762801876962 -0.0081564817400049238 -0.018346908771702242 -0.00079551215839671063 0.020989226313235 -0.0057729156534450992 0.015111083337285482 0.017189937253924554 0.038071000193717008 -0.019468748796688654 0.031532702240517553 0.010147317123010931 -0.010981015048094102 -0.0063382096343806045 -0.0018725199886519717 -0.0055332349532871807 0.016213295229205112 0.0042287773101026662 0.015917066823556536 -0.0018380420270194099 0.018483431824841922 0.012946365759653512 0.013243264061294169 -0.024918951420461796 -0.012720623730746639 0.0061118871114423934 -0.0077680977385256814 -0.0032401971364293181 0.021410485755118849 0.0013204482502688797 -0.010795531250812963
leaf_weight=210 38 23 76 83 199 34 20 110 197 30 20 96 44 20 21 24 400 139 28 37 63 21 104 54 47 82 38 34 23 25
leaf_count=210 38 23 76 83 199 34 20 110 197 30 20 96 44 20 21 24 400 139 28 37 63 21 104 54 47 82 38 34 23 25
internal_value=-0.00247863 0.00343595 -0.0222736 0.00734421 0.00491228 -0.00758836 -0.0179012 0.0197248 -0.0135514 0.00136476 -0.00242718 0.00148936 0.00982143 0.0262195 0.0130814 0.00147059 0.00464286 0.00976096 0.000819672 -0.00524476 0.00604396 0 -0.0225352 -0.0148649 -0.00585938 -0.00333333 0.00588235 0.012963 -0.00322581 -0.00742574
internal_weight=2340 1809 531 1338 1130 471 162 208 321 796 309 235 102 164 334 68 550 251 112 133 91 44 142 74 246 150 68 54 124 101
internal_count=2340 1809 531 1338 1130 471 162 208 321 796 309 235 102 164 334 68 550 251 112 133 91 44 142 74 246 150 68 54 124 101
cat_boundaries=0 3 5 10 13 18 20 22
cat_threshold=134217732 100663336 16 1078989344 164515 4096 33554496 851968 16785408 1048576 0 6423040 32 393344 2148008194 6 772 2097152 1073741824 131712 2662400 8
is_linear=0
shrinkage=0.05


Tree=15
num_leaves=31
num_cat=10
split_feature=4 1 6 7 2 3 9 0 2 3 4 2 5 9 9 0 10 2 10 0 3 0 10 7 7 0 6 7 9 10
split_gain=104.992 28.8863 24.5398 12.7178 13.0066 11.7598 8.33699 9.75535 8.48101 7.40351 7.23497 6.97643 6.80116 6.2862 5.96646 6.32597 5.7619 5.2145 5.01062 4.98173 4.9652 4.87619 4.70821 4.68053 7.21207 6.66732 6.63758 4.58234 4.56605 4.18407
threshold=0 1 92.500000000000014 1.5000000000000002 2 3 3.5000000000000004 1.7087565804815479 4 5 6 7 2.5000000000000004 3.5000000000000004 11.500000000000002 1.5516360956457442 1.0000000180025095e-35 8 1.0000000180025095e-35 1.5211877292856439 9 1.8224159534867193 1.0000000180025095e-35 2.5000000000000004 5.5000000000000009 1.5885139797508807 116.50000000000001 2.5000000000000004 2.5000000000000004 1.0000000180025095e-35
decision_type=9 9 2 2 9 9 2 2 9 9 9 9 2 2 2 2 2 9 2 2 9 2 2 2 2 2 2 2 2 2
left_child=2 5 22 17 -5 27 7 28 12 29 23 13 -8 -11 15 -10 -14 -3 -12 -19 -17 -9 -1 26 25 -25 -4 -2 -7 -6
right_child=1 3 10 4 9 6 8 21 14 11 18 -13 16 -15 -16 20 -18 19 -20 -21 -22 -23 -24 24 -26 -27 -28 -29 -30 -31
leaf_value=-0.011595239570266293 0.0084131122915623198 -0.019812320599156566 -0.028063151118402681 -0.0060783292493962419 0.038067239842826277 0.010763348807046602 0.029000374272421255 -0.017807296183693429 0.027219998922223154 -0.026391552216008474 -0.006370374563068249 0.0062959617256962202 0.029579598976810041 -0.00020839086521082795 0.026873662091497594 -0.0032265869579524153 -0.0036465280964174951 -0.014869785528829827 -0.026775727345873936 -0.0014059747972544612 0.01070520921286945 -0.00045296284188537929 -0.0063541257369358235 0.0083162912666428068 -0.016554080607047061 -0.0036178499969972246 -0.0051294261469268972 -0.0080989681402294685 -0.0023915814302253591 0.014499383123114197
leaf_weight=21 57 105 20 225 46 61 158 28 35 22 44 223 27 94 34 103 36 57 93 162 145 32 211 40 23 45 55 53 30 55
leaf_count=21 57 105 20 225 46 61 158 28 35 22 44 223 27 94 34 103 36 57 93 162 145 32 211 40 23 45 55 53 30 55
internal_value=-0.00286325 0.00305895 -0.0217082 -0.00265265 0.0012782 0.0100742 0.0125179 0.00231788 0.0156134 0.00622222 -0.013125 0.00243553 0.0231602 -0.00714286 0.00932722 0.00724382 0.0103175 -0.0108025 -0.0214286 -0.00545852 0.00443548 -0.0133333 -0.0344828 -0.00544041 0.000925926 0.00764706 -0.0153333 -0.005 0.0126374 0.0175676
internal_weight=2340 1788 552 989 665 799 689 151 538 440 320 339 221 116 317 283 63 324 137 219 248 60 232 183 108 85 75 110 91 101
internal_count=2340 1788 552 989 665 799 689 151 538 440 320 339 221 116 317 283 63 324 137 219 248 60 232 183 108 85 75 110 91 101
cat_boundaries=0 3 8 10 11 13 14 17 19 21 23
cat_threshold=134217732 100663328 262160 8523920 583033153 1107623950 17178642 168820736 1210069280 36865 1589505 287334416 136 786432 0 33554432 262144 100696080 544 83886592 297 6144 32
is_linear=0
shrinkage=0.05


Tree=16
num_leaves=31
num_cat=7
split_feature=4 6 1 4 11 2 4 2 11 8 2 5 0 9 9 11 6 9 6 6 11 9 6 10 11 9 6 0 6 11
split_gain=94.8023 33.2854 27.7509 14.3466 14.2235 9.81574 9.22585 10.1706 9.48875 8.78839 8.52053 7.92929 7.56347 8.09896 6.33011 6.24347 6.05252 6.04954 8.72322 5.93952 5.87007 4.85648 4.84391 5.25455 4.83676 5.32426 6.17143 4.80471 6.12937 4.44202
threshold=0 92.500000000000014 1 2 12.500000000000002 3 4 5 8.5000000000000018 1.0000000180025095e-35 6 2.5000000000000004 1.8554140259461231 3.5000000000000004 9.5000000000000018 11.500000000000002 20.500000000000004 10.500000000000002 346.50000000000006 24.500000000000004 13.500000000000002 9.5000000000000018 44.500000000000007 1.0000000180025095e-35 19.500000000000004 9.5000000000000018 79.500000000000014 1.7000897311592915 94.500000000000014 10.500000000000002
decision_type=9 2 9 9 2 9 9 9 2 2 9 2 2 2 2 2 2 2 2 2 2 2 2 2 2 2 2 2 2 2
left_child=1 14 6 5 21 19 7 9 -9 -2 -5 -12 13 -8 -1 -10 -7 18 -6 -4 -21 -3 -17 -24 25 29 -27 28 -13 -18
right_child=2 4 3 10 17 16 12 8 15 -11 11 27 -14 -15 -16 22 24 -19 -20 20 -22 -23 23 -25 -26 26 -28 -29 -30 -31
leaf_value=-0.0060322685662257515 0.0083056184401420381 -0.0037046905034405333 -0.0053102072748683173 -0.0050082021114504442 -0.019222510311737651 -0.014249649595362124 -0.0047414658740677412 -0.0023201875957712115 0.033802167485793934 -0.0075459340057160706 0.0092694763044707373 -0.0082563545275553662 -0.0033014313714206712 0.0093692886495302281 -0.009711756415362616 0.0097791125166959321 -0.013164488065862984 0.0021980722568446577 0.0059528332277589968 -0.026333914278464623 -0.026167660259374448 0.016538227709263394 0.041812412239757187 0.022955725841097913 -0.0024913306355745513 0.058134939943554925 0.0065972422992189418 -0.023084537373924765 0.0032313862400301652 0.00070250463559925482
leaf_weight=186 89 75 25 117 175 51 73 34 86 39 278 23 101 232 24 69 64 28 20 37 47 26 36 44 48 21 35 38 68 151
leaf_count=186 89 75 25 117 175 51 73 34 86 39 278 23 101 232 24 69 64 28 20 37 47 26 36 44 48 21 35 38 68 151
internal_value=-0.00247863 -0.0207721 0.00302863 -0.00251728 -0.0111111 -0.00869121 0.0099016 0.0153563 0.0209677 0.00289855 0.00318352 0.00659472 0.00432692 0.00836066 -0.0366667 0.0253191 -0.00447368 -0.0181614 -0.0212821 -0.0214286 -0.0297619 0.00445545 0.0191275 0.0275 -0.00203762 0.000553506 0.0142857 -0.00348837 0.00274725 -0.00302326
internal_weight=2340 534 1806 1003 324 479 803 397 269 128 524 407 406 305 210 235 370 223 195 109 84 101 149 80 319 271 56 129 91 215
internal_count=2340 534 1806 1003 324 479 803 397 269 128 524 407 406 305 210 235 370 223 195 109 84 101 149 80 319 271 56 129 91 215
cat_boundaries=0 3 8 11 13 16 18 20
cat_threshold=134217728 100663584 16 8523920 583032897 1645019178 17178644 1310720 49280 327680 1187840 4640 32801 32768 6324224 1056768 1343616 135176 1073754112 129
is_linear=0
shrinkage=0.05


Tree=17
num_leaves=31
num_cat=6
split_feature=3 2 1 2 6 3 9 7 5 6 0 6 7 6 0 9 2 7 7 10 9 7 9 7 6 6 7 6 9 7
split_gain=91.686 34.2272 32.2125 18.3724 14.5572 11.7916 9.29679 7.58023 7.05028 6.77049 7.08337 6.72109 6.49616 6.18455 5.95916 5.67107 5.59991 5.57319 5.38274 5.20435 8.50366 8.75463 4.84076 4.22112 3.9656 4.84848 3.77447 4.33139 3.55497 3.38477
threshold=0 1 2 3 92.500000000000014 4 3.5000000000000004 2.5000000000000004 2.5000000000000004 346.50000000000006 1.5968763245591096 167.50000000000003 1.5000000000000002 316.50000000000006 1.6777250852144274 8.5000000000000018 5 1.5000000000000002 1.0000000180025095e-35 1.0000000180025095e-35 8.5000000000000018 4.5000000000000009 7.5000000000000009 1.0000000180025095e-35 32.500000000000007 87.500000000000014 5.5000000000000009 300.50000000000006 9.5000000000000018 5.5000000000000009
decision_type=9 9 9 9 2 9 2 2 2 2 2 2 2 2 2 2 9 2 2 2 2 2 2 2 2 2 2 2 2 2
left_child=1 -1 6 9 -3 15 -2 13 -7 17 -11 -9 -8 18 22 23 -14 -4 -6 -18 21 -21 -10 -5 -17 -26 27 -13 29 -19
right_child=2 4 3 5 7 8 12 11 14 10 -12 26 16 -15 -16 24 19 28 -20 20 -22 -23 -24 -25 25 -27 -28 -29 -30 -31
leaf_value=-0.0069205510226169834 0.00048887189045232482 -0.018440048352437316 -0.016948170727061784 -0.025271903127396536 0.0080301967993615109 0.015937088313421589 0.013182239142922859 0.0048209442986106854 -0.0044197887355510836 -0.0052163331552653848 0.026737782698867393 -0.0039054219296238758 0.0069010524404278691 0.0050326456762546882 -0.016343581128467767 -0.011964110163189779 0.033583651557959525 -0.0043014736558402268 -0.025698868046895668 0.02308359720922535 0.0012511973955672273 0.0019437764256865497 0.0062673801842579981 -0.00080309786002326084 0.037520660339789409 0.0055722424679740647 -0.012854920653508684 0.0059144850771193696 0.00015199500308538116 -0.018023201824703773
leaf_weight=221 199 86 140 21 21 151 173 50 22 27 20 57 125 26 37 21 99 165 72 114 65 51 23 132 22 33 27 23 77 40
leaf_count=221 199 86 140 21 21 151 173 50 22 27 20 57 125 26 37 21 99 165 72 114 65 51 23 132 22 33 27 23 77 40
internal_value=-0.00282051 -0.0198145 0.00291454 -0.00345377 -0.00967742 0.00360169 0.0100478 -0.00434783 0.0113169 -0.010334 0.00744681 0.00286624 0.0131579 -0.0138655 0 -0.00439331 0.0162996 -0.0125592 -0.0198925 0.0196165 0.016087 0.0221212 0.0122222 -0.0101307 0.00657895 0.0136364 -0.00420561 0.00125 -0.00851064 -0.0119512
internal_weight=2340 583 1757 931 362 462 826 276 233 469 47 157 627 119 82 229 454 422 93 329 230 165 45 153 76 55 107 80 282 205
internal_count=2340 583 1757 931 362 462 826 276 233 469 47 157 627 119 82 229 454 422 93 329 230 165 45 153 76 55 107 80 282 205
cat_boundaries=0 2 4 9 11 13 15
cat_threshold=537919745 1028 604012560 131336 9572496 37756993 1611464738 17180754 36700416 74462048 164513 6160 4256 335577092 256
is_linear=0
shrinkage=0.05


Tree=18
num_leaves=31
num_cat=6
split_feature=4 6 1 9 7 7 4 9 6 9 9 1 6 5 7 6 6 6 7 11 11 7 11 11 11 3 11 6 3 7
split_gain=83.2897 33.6539 23.7711 14.1263 11.4322 9.05631 8.48769 8.41106 7.87811 6.48051 5.83266 5.12827 5.30526 4.9092 4.44921 4.4391 4.29182 5.44473 5.19004 4.2865 6.87201 4.17327 4.02555 3.81498 5.71196 3.47216 5.77691 3.32099 3.31994 10.181
threshold=0 92.500000000000014 1 3.5000000000000004 2.5000000000000004 5.5000000000000009 2 9.5000000000000018 341.00000000000006 4.5000000000000009 9.5000000000000018 3 341.00000000000006 2.5000000000000004 5.5000000000000009 359.50000000000006 48.500000000000007 71.500000000000014 2.5000000000000004 12.500000000000002 8.5000000000000018 1.0000000180025095e-35 18.500000000000004 17.500000000000004 10.500000000000002 4 11.500000000000002 175.50000000000003 5 2.5000000000000004
decision_type=9 2 9 2 2 2 9 2 2 2 2 9 2 2 2 2 2 2 2 2 2 2 2 2 2 9 2 2 9 2
left_child=1 7 28 21 8 10 9 -1 22 -5 19 12 -8 16 23 -15 18 -18 -13 20 -6 -4 -3 24 -11 -23 -27 -16 29 -2
right_child=2 4 3 6 5 -7 11 -9 -10 14 -12 13 -14 15 27 -17 17 -19 -20 -21 -22 25 -24 -25 -26 26 -28 -29 -30 -31
leaf_value=-0.0051901738438981937 0.0068683028924543645 -0.021319633606073463 -0.011511824387274862 0.013877683324286339 -0.0096196193754053971 -0.015350849753493646 0.0080034604836117795 -0.0085921536102181294 0.014329537180344843 -0.01805680503998694 0.0061827775835184623 -0.01136590465503029 0.038614844317568557 -0.00090543133319290767 0.030801123266295295 -0.018331627487691737 0.019311735458562681 0.0054445774342384741 0.0055572431026487462 -0.012151196481796279 0.0050940949077628809 -0.00022712296588413007 -0.025340814196921069 -0.0083473156414775717 0.00010280307285682745 -0.011082493775314273 -0.0035987595792220219 -0.00083812539377470241 0.0043577574048486228 0.033738012703526436
leaf_weight=186 70 69 43 38 20 48 197 24 21 84 33 67 28 151 29 21 30 179 91 60 21 106 52 80 160 57 111 21 156 87
leaf_count=186 70 69 43 38 20 48 197 24 21 84 33 67 28 151 29 21 30 179 91 60 21 106 52 80 160 57 111 21 156 87
internal_value=-0.00307692 -0.0202206 0.00209251 -0.000565536 -0.0104938 -0.0021978 0.00195578 -0.0361905 -0.0211268 -0.00379147 0.00447761 0.00503876 0.0112766 0.00227687 -0.00588235 -0.00465116 0.00558583 0.0102871 -0.000632911 -0.00148515 0.0109756 -0.00993691 -0.0260331 -0.00802469 -0.00491803 -0.00766423 -0.0117978 0.008 0.0143963 0.0200599
internal_weight=2340 534 1806 1493 324 182 1176 210 142 412 134 764 225 539 374 172 367 209 158 101 41 317 121 324 244 274 168 50 313 157
internal_count=2340 534 1806 1493 324 182 1176 210 142 412 134 764 225 539 374 172 367 209 158 101 41 317 121 324 244 274 168 50 313 157
cat_boundaries=0 3 8 11 16 18 20
cat_threshold=134217728 100663584 16 135296 536870976 570753024 17178624 1048576 49156 2072 1187840 16 37756929 2 2052 786432 919552 256 393216 32
is_linear=0
shrinkage=0.05


Tree=19
num_leaves=31
num_cat=7
split_feature=4 2 2 10 4 9 11 2 7 2 9 2 7 7 7 11 9 11 0 0 9 5 9 7 0 0 5 9 7 11
split_gain=79.7675 26.8338 23.5215 12.929 10.9123 9.93643 9.39122 9.03033 8.88775 8.00787 6.95192 6.53731 6.43193 6.27616 8.6827 6.96377 6.24255 7.50682 5.6944 6.42857 5.52462 5.23853 6.28413 4.76667 4.71051 12.331 4.54377 4.42976 4.3971 4.05657
threshold=0 1 2 1.0000000180025095e-35 3 3.5000000000000004 18.500000000000004 4 1.5000000000000002 5 10.500000000000002 6 5.5000000000000009 2.5000000000000004 3.5000000000000004 10.500000000000002 8.5000000000000018 19.500000000000004 1.7165368505828431 1.8598820451077753 9.5000000000000018 2.5000000000000004 5.5000000000000009 3.5000000000000004 1.8554140259461231 1.9513195739837166 2.5000000000000004 7.5000000000000009 2.5000000000000004 10.500000000000002
decision_type=9 9 9 2 9 2 2 9 2 9 2 9 2 2 2 2 2 2 2 2 2 2 2 2 2 2 2 2 2 2
left_child=1 3 8 -1 7 18 10 21 -2 16 12 23 26 24 15 -15 -7 -18 -6 -20 -16 22 -4 -10 -11 -26 -3 -25 -8 -9
right_child=2 6 4 -5 5 9 28 29 11 13 -12 -13 -14 14 20 -17 17 -19 19 -21 -22 -23 -24 27 25 -27 -28 -29 -30 -31
leaf_value=0.00050936068883236651 -0.016255573255437805 -0.003041644793709497 -0.0073193399514384751 -0.0061983009739994266 4.8137875801990138e-05 -0.0046916106324314316 -0.023403934777650771 0.027382059361188704 -0.024139938337444617 0.0058225783953734234 0.0034509285162768522 0.0014724932977025096 -0.01646721339634789 0.012873764006724887 0.00029417107037524315 0.031823942026427313 0.014849216350281746 -0.0055827998291445137 -0.009835671304386874 0.005361968777225801 0.010441434625966773 -0.013986336814895606 0.015274740048457648 -0.016119191642862581 -0.014808789372610993 0.026114289916296426 0.0023025409695894505 0.00325165647310976 -0.01791193157976495 0.019365447625824386
leaf_weight=28 140 181 29 216 123 123 55 75 44 147 31 160 38 27 122 69 118 21 60 21 56 23 62 28 40 26 41 32 52 152
leaf_count=28 140 181 29 216 123 123 55 75 44 147 31 160 38 27 122 69 118 21 60 21 56 23 62 28 40 26 41 32 52 152
internal_value=-0.00277778 -0.017638 0.0029274 -0.0307087 0.00621166 0.00337487 -0.00906863 0.0138177 -0.00748792 0.00607477 -0.00463918 -0.00227273 -0.00730769 0.00975855 0.0149635 0.0270833 -0.00110294 0.00611511 -0.00637255 -0.0166667 0.00842697 0.0016129 0.00714286 -0.0114035 0.00352113 -0.00757576 -0.00405405 -0.00333333 -0.0219626 0.0196203
internal_weight=2340 642 1698 244 1294 953 398 341 404 749 291 264 260 487 274 96 262 139 204 81 178 114 91 104 213 66 222 60 107 227
internal_count=2340 642 1698 244 1294 953 398 341 404 749 291 264 260 487 274 96 262 139 204 81 178 114 91 104 213 66 222 60 107 227
cat_boundaries=0 3 5 7 9 11 13 15
cat_threshold=134217728 117442864 262160 606109712 131336 542118432 164513 0 6946816 2138112 8 1277952256 4352 537923616 32768
is_linear=0
shrinkage=0.05


Tree=20
num_leaves=31
num_cat=5
split_feature=4 6 2 10 2 11 7 6 6 6 6 3 6 2 9 5 7 11 11 11 6 6 11 9 7 6 6 6 9 7
split_gain=79.0502 34.4574 21.2456 11.1757 10.0471 10.99 9.65717 9.27639 12.3952 9.07184 8.29826 6.81162 7.24192 6.53916 5.86535 9.83803 5.64014 5.5793 14.3468 6.36357 5.12615 5.73201 5.0831 4.91387 4.56333 4.55973 5.43209 4.44473 4.38368 6.02723
threshold=0 92.500000000000014 1 1.0000000180025095e-35 2 9.5000000000000018 1.5000000000000002 346.50000000000006 167.50000000000003 119.50000000000001 188.50000000000003 3 32.500000000000007 4 9.5000000000000018 2.5000000000000004 3.5000000000000004 10.500000000000002 12.500000000000002 14.500000000000002 92.500000000000014 24.500000000000004 11.500000000000002 7.5000000000000009 3.5000000000000004 267.50000000000006 198.50000000000003 388.50000000000006 7.5000000000000009 3.5000000000000004
decision_type=9 2 9 2 9 2 2 2 2 2 2 9 2 9 2 2 2 2 2 2 2 2 2 2 2 2 2 2 2 2
left_child=1 3 6 -1 5 16 20 8 9 -3 -10 17 -13 28 25 -16 -4 -6 -19 -20 21 -2 -7 -22 -11 26 -14 -27 -8 -30
right_child=2 7 4 -5 11 22 13 -9 10 24 -12 12 14 -15 15 -17 -18 18 19 -21 23 -23 -24 -25 -26 27 -28 -29 29 -31
leaf_value=-0.011786638595397837 -0.0054765418753526919 -0.012439177734937341 -0.0103816683278131 -0.0048040750790638524 0.020638308024048313 0.032068861680043713 -0.022114369584296974 0.004312661864313283 -0.022233738038768231 0.0012750182519943309 -0.013631197089343738 -0.0039326104053571511 0.00025547869647112308 0.0019938117285322188 0.018707393947908137 -0.00058100847317114066 0.017430503345825261 -0.016907752504636119 0.039031423658794195 0.0041918630623124066 -0.025548582754087824 -0.021914628288908802 0.019068902729840676 0.0014982355818589088 0.003087593414771661 0.014918639238651677 -0.0039882021950380158 -6.2924914112605376e-05 -0.019231317193801792 0.0037568233635235596
leaf_weight=31 22 62 47 208 69 60 50 61 31 48 183 157 282 180 87 63 20 26 34 73 49 53 141 29 27 59 65 58 27 38
leaf_count=31 22 62 47 208 69 60 50 61 31 48 183 157 282 180 87 63 20 26 34 73 49 53 141 29 27 59 65 58 27 38
internal_value=-0.00282051 -0.0174735 0.00291348 -0.0328452 0.00627498 0.0147482 -0.00633188 -0.00898058 -0.0121083 -0.000364964 -0.0196262 0.00381485 0.00160051 -0.00118644 0.00407166 0.0126667 -0.00223881 0.0117925 0.00639098 0.014486 -0.0166667 -0.026 0.0211443 -0.00769231 0.0113333 0.0012931 -0.00158501 0.00982906 -0.01 -0.00230769
internal_weight=2340 651 1689 239 1241 268 448 412 351 137 214 973 771 295 614 150 67 202 133 107 153 75 201 78 75 464 347 117 115 65
internal_count=2340 651 1689 239 1241 268 448 412 351 137 214 973 771 295 614 150 67 202 133 107 153 75 201 78 75 464 347 117 115 65
cat_boundaries=0 3 5 7 8 10
cat_threshold=134217728 117705008 16 1615860257 164513 2432712724 65552 270336 1074794528 32768
is_linear=0
shrinkage=0.05


Tree=21
num_leaves=31
num_cat=8
split_feature=3 2 1 4 6 2 11 3 6 2 6 11 9 6 11 11 6 6 8 4 5 11 11 6 11 9 9 11 6 9
split_gain=72.7997 40.1175 31.5684 18.5628 16.7222 11.0786 9.4607 7.43248 7.78061 6.56506 6.39675 5.83335 7.03925 5.31779 6.88754 5.13232 4.67833 5.87866 4.52994 4.48662 4.5694 4.13112 6.76698 4.03789 4.27055 3.8451 3.64712 5.96968 3.27866 3.16615
threshold=0 1 2 3 92.500000000000014 4 18.500000000000004 5 56.500000000000007 6 40.500000000000007 8.5000000000000018 8.5000000000000018 92.500000000000014 12.500000000000002 12.500000000000002 74.500000000000014 20.500000000000004 1.0000000180025095e-35 7 2.5000000000000004 15.500000000000002 10.500000000000002 118.50000000000001 10.500000000000002 8.5000000000000018 3.5000000000000004 18.500000000000004 20.500000000000004 5.5000000000000009
decision_type=9 9 9 9 2 9 2 9 2 9 2 2 2 2 2 2 2 2 2 9 2 2 2 2 2 2 2 2 2 2
left_child=1 -1 7 5 25 26 -6 8 10 13 15 -10 21 -5 -15 -2 17 -9 -18 20 23 22 -13 -11 -25 -3 -4 -28 -7 -19
right_child=2 4 3 9 6 28 -8 16 11 19 -12 12 -14 14 -16 -17 18 29 -20 -21 -22 -23 -24 24 -26 -27 27 -29 -30 -31
leaf_value=-0.006481208787485199 0.018750091122388235 -0.015291811639287401 -0.016818969277738138 -0.010999243683868976 0.0022879796726747114 -0.011707155690012733 -0.017283486238674529 0.0020172009893020594 -0.010029139670283361 -0.0081082443695350455 0.036156487120626767 0.017501848971232525 0.03102477553719318 0.016724867737568119 -0.0043406090566035288 0.0086257446799012771 0.024655950294816865 -0.011117453755089685 -0.0033290370840949827 0.007287065205311272 -0.013309397060538408 0.0042456370438866851 -0.0047716284233060187 -0.0079575149794248734 0.016774390700070991 -0.029649256283261705 -0.0059121179440220556 -0.01551232162629787 -0.00050824323907185391 -0.00091519314736607802
leaf_weight=230 69 27 54 57 141 42 77 33 29 25 36 25 62 23 25 82 103 28 36 360 25 55 45 21 32 41 147 32 328 50
leaf_count=230 69 27 54 57 141 42 77 33 29 25 36 25 62 23 25 82 103 28 36 360 25 55 45 21 32 41 147 32 328 50
internal_value=-0.00282051 -0.0192015 0.0019084 -0.00300593 -0.00608108 -0.00905383 0.000458716 0.0106335 0.014891 0.00346021 0.0227273 0.0087963 0.0120321 -0.0073913 0.00416667 0.0182119 0.00346154 -0.00405405 0.00971223 0.00602537 -0.00309735 0.0052 -0.00285714 0.0025641 0.0103774 -0.0279412 -0.0174897 -0.0148045 -0.00342105 -0.0115385
internal_weight=2340 516 1824 1171 286 603 218 653 403 568 187 216 187 105 48 151 250 111 139 463 103 125 70 78 53 68 233 179 370 78
internal_count=2340 516 1824 1171 286 603 218 653 403 568 187 216 187 105 48 151 250 111 139 463 103 125 70 78 53 68 233 179 370 78
cat_boundaries=0 2 4 9 12 14 16 18 21
cat_threshold=537919489 4 606109712 131336 1183920 575684800 1610940458 16916546 36700160 16516 16842800 1187840 67121696 37673 33818640 288 266240 129 32768 264192 327680
is_linear=0
shrinkage=0.05


Tree=22
num_leaves=31
num_cat=7
split_feature=3 2 2 6 4 2 11 6 2 0 9 9 2 0 9 9 6 6 6 0 11 6 0 0 6 6 5 9 0 9
split_gain=64.7364 42.2994 20.0369 15.5518 11.9697 8.44433 8.36669 7.47292 5.451 6.91056 6.51175 5.98415 4.95234 4.72123 4.65572 4.34859 4.2 4.0862 6.17665 4.04155 6.15884 4.57646 6.85775 4.25296 3.97647 3.79798 5.97657 3.73663 3.66973 5.84769
threshold=0 1 2 92.500000000000014 3 4 18.500000000000004 337.00000000000006 5 1.6196885556241616 11.500000000000002 4.5000000000000009 6 1.6972343273506032 8.5000000000000018 2.5000000000000004 32.500000000000007 33.500000000000007 92.500000000000014 2.0282783368086039 16.500000000000004 24.500000000000004 1.683624323538667 1.7326888637086053 47.500000000000007 268.50000000000006 2.5000000000000004 8.5000000000000018 1.6214250372664905 4.5000000000000009
decision_type=9 9 9 2 9 9 2 2 9 2 2 2 9 2 2 2 2 2 2 2 2 2 2 2 2 2 2 2 2 2
left_child=1 -1 8 14 5 24 -5 12 11 15 17 25 16 -8 -3 -10 -6 27 -19 20 21 -13 -23 -22 -4 26 -2 -11 -14 -30
right_child=2 3 4 6 7 -7 13 -9 9 10 -12 19 28 -15 -16 -17 -18 18 -20 -21 23 22 -24 -25 -26 -27 -28 -29 29 -31
leaf_value=-0.0061571483481109362 0.0042911109998481582 -0.014527221057323026 0.0058535931627652308 0.0021735806890409771 0.022159142714626753 -0.0071163589568012109 -0.0057750457742236474 0.007141282680465222 0.032205017297371179 -0.0012930655910346812 0.02408149385417967 0.017670271398585537 0.0007242575631915771 -0.020993983297981984 -0.028166793469098617 0.0072184590765885575 0.0024237079360137693 0.0080777421467183811 -0.00047928349032128618 0.045175281877150322 0.012753636418973958 0.043609206972952341 0.015066044376478561 -0.0085165236149170043 -0.0013904077853325592 0.030769282816911794 -0.008405027629245965 -0.018757139250906243 -0.016215461412089596 -0.00086454540318168247
leaf_weight=230 50 27 40 141 28 356 46 72 33 84 29 46 127 31 41 87 80 104 154 32 23 20 143 37 85 22 22 20 27 103
leaf_count=230 50 27 40 141 28 356 46 72 33 84 29 46 127 31 41 87 80 104 154 32 23 20 143 37 85 22 22 20 27 103
internal_value=-0.00337607 -0.0188213 0.00109051 -0.00540541 -0.00409483 -0.00947047 0.000917431 0.00190157 0.00633188 0.00278311 -0.000383632 0.0107407 -0.000958904 -0.0123377 -0.0264706 0.0133333 0.00762712 -0.00220994 0.00116279 0.0144518 0.0124535 0.0165072 0.0125767 -0.00166667 0.00185185 0 -0.00555556 -0.0105769 -0.00468165 -0.0107692
internal_weight=2340 516 1824 286 918 481 218 437 906 511 391 395 365 77 68 120 108 362 258 301 269 209 163 60 125 94 72 104 257 130
internal_count=2340 516 1824 286 918 481 218 437 906 511 391 395 365 77 68 120 108 362 258 301 269 209 163 60 125 94 72 104 257 130
cat_boundaries=0 2 4 6 9 11 13 15
cat_threshold=537919489 4 606109712 131336 3072508052 16668 128 327728 1449984 270336 131200 285261844 16404 1207959808 4609
is_linear=0
shrinkage=0.05


Tree=23
num_leaves=31
num_cat=10
split_feature=4 2 1 10 11 2 4 9 5 1 0 9 11 5 0 7 11 1 7 2 0 2 0 4 11 11 7 7 0 9
split_gain=61.7581 28.6588 20.0207 13.605 11.9223 9.27924 8.15052 8.26874 7.20928 6.32013 7.90968 9.73056 7.50801 6.07545 5.43254 8.69928 5.02564 4.91546 4.90248 5.85732 10.0528 4.808 4.5875 4.56085 4.56252 4.50231 6.26635 6.05702 4.25449 4.20231
threshold=0 1 2 1.0000000180025095e-35 18.500000000000004 3 4 4.5000000000000009 2.5000000000000004 5 1.6029806876120534 11.500000000000002 9.5000000000000018 2.5000000000000004 1.690085911853201 2.5000000000000004 12.500000000000002 6 2.5000000000000004 7 1.5516360956457442 8 1.7097425630320116 9 15.500000000000002 8.5000000000000018 4.5000000000000009 3.5000000000000004 1.586190292524621 5.5000000000000009
decision_type=9 9 9 2 2 9 9 2 2 9 2 2 2 2 2 2 2 9 2 9 2 9 2 9 2 2 2 2 2 2
left_child=1 3 9 -1 22 18 -7 -8 -9 12 -11 17 -2 29 15 -6 -14 -12 21 -20 -21 -4 25 -19 -25 -3 27 -27 -22 -5
right_child=2 4 5 13 14 6 7 8 -10 10 11 -13 16 -15 -16 -17 -18 23 19 20 28 -23 -24 24 -26 26 -28 -29 -30 -31
leaf_value=-0.0065970440807251677 -0.0033056559424132883 -0.005599325180711396 -0.0015285259777987005 -0.021732389783207552 -0.018416675682452709 -0.0015219610020880125 -0.00073663974627886106 0.024107865950480967 1.2546525993040181e-05 0.018101696911880561 -0.0029407951109499788 0.030033572140063081 0.030303262541970657 -0.008330557693384727 -0.021780375839206931 0.018753723399003077 0.024516494764632031 0.0096003863145161412 -0.0079372358728359692 0.022017259375679887 -0.012009560427866784 -0.015721179499208378 -0.007017254038102278 0.0018645970626087638 -0.010444561643385038 0.0038739507530118344 -0.0072067488630487399 0.0054582901296123757 0.00034183302047081644 -0.0048995505092746527
leaf_weight=62 25 38 103 25 23 172 106 129 71 111 107 31 52 40 36 25 26 144 101 43 20 130 86 123 54 67 53 21 87 229
leaf_count=62 25 38 103 25 23 172 106 129 71 111 107 31 52 40 36 25 26 144 101 43 20 130 86 123 54 67 53 21 87 229
internal_value=-0.00320513 -0.0154545 0.00215805 -0.0254098 -0.00487465 -0.00246914 0.00245902 0.00727848 0.0135 0.00871157 0.00637931 0.00359477 0.0199115 -0.0306122 -0.0214286 -0.0104167 0.0294872 0.00163551 -0.00728745 -0.00258964 0.00375 -0.0126609 0.000188679 0.00468278 -0.000802139 0.0047486 0.00886525 0.0170455 -0.00420561 -0.0334646
internal_weight=2340 705 1635 356 349 962 478 306 200 673 570 459 103 294 84 48 78 428 484 251 150 233 265 321 177 179 141 88 107 254
internal_count=2340 705 1635 356 349 962 478 306 200 673 570 459 103 294 84 48 78 428 484 251 150 233 265 321 177 179 141 88 107 254
cat_boundaries=0 3 5 10 12 15 20 25 27 29 32
cat_threshold=134217732 117704992 393232 640189072 131336 1183888 37756993 1108148266 17178640 34603008 1145844512 168097 32896 0 73728 4096 0 262144 17039360 1048576 128 37756928 65568 0 33554432 67113248 4096 67641600 36896 128 4194816 8192
is_linear=0
shrinkage=0.05


Tree=24
num_leaves=31
num_cat=7
split_feature=4 6 2 2 6 6 6 7 10 1 11 7 0 7 0 11 7 4 2 6 6 3 11 11 11 0 0 6 11 6
split_gain=55.0643 24.6252 17.0669 12.4763 10.9001 8.76022 11.2514 9.9364 7.52777 7.37031 9.40688 7.20163 7.16069 7.04963 7.40741 6.02353 5.0316 4.97716 6.68379 4.74407 4.41589 4.37516 6.81504 4.34474 4.62005 3.82796 4.351 3.608 6.31579 3.55556
threshold=0 92.500000000000014 1 2 239.50000000000003 167.50000000000003 403.50000000000006 2.5000000000000004 1.0000000180025095e-35 3 9.5000000000000018 1.5000000000000002 1.690085911853201 5.5000000000000009 1.5774617142454146 12.500000000000002 1.5000000000000002 4 5 29.500000000000004 18.500000000000004 6 10.500000000000002 18.500000000000004 8.5000000000000018 1.7117684155009629 1.6618181971938355 110.50000000000001 12.500000000000002 22.500000000000004
decision_type=9 2 9 9 2 2 2 2 2 9 2 2 2 2 2 2 2 9 9 2 2 9 2 2 2 2 2 2 2 2
left_child=1 8 4 -3 11 7 23 -5 -1 10 -4 -2 16 19 -15 -12 -11 -14 27 29 -18 22 -20 24 -7 26 -21 28 -19 -13
right_child=2 3 9 5 -6 6 -8 -9 -10 12 15 13 17 14 -16 -17 20 18 21 25 -22 -23 -24 -25 -26 -27 -28 -29 -30 -31
leaf_value=-0.011411349880989408 -0.01334244760554036 -0.021509210752035903 -0.0048568629638756026 -0.0068900394805931466 0.0062049711185426463 -0.028292050077588306 0.015342784912994734 0.005130907631585674 -0.0035674294253412678 2.3034099152097201e-05 0.02822524564902551 0.0031312066379642679 -0.0023930790141521111 -0.0029639735372260058 -0.019009440407596591 0.018927936007613194 -0.0021378432470177456 -0.010532073316048352 -0.0169023414567952 -0.0020964110566222939 0.012265503287048136 0.0078892108455997038 0.0095040977236915854 -0.019327999257263018 -0.00091045425985888386 0.012257602789498341 -0.013347606726624862 -0.021029786542621793 0.0065220823214575232 0.017655617290238356
leaf_weight=31 152 105 22 43 121 23 39 54 208 107 51 72 174 27 27 30 38 27 26 131 242 193 76 64 119 20 20 44 30 24
leaf_count=31 152 105 22 43 121 23 39 54 208 107 51 72 174 27 27 30 38 27 26 131 242 193 76 64 119 20 20 44 30 24
internal_value=-0.00286325 -0.0146552 0.00210337 -0.00794183 -0.00463576 -0.00284091 -0.00795918 0.00979381 -0.0278243 0.00588785 0.0181416 -0.00813953 0.00439504 -0.00389408 -0.0203704 0.0277778 0.00968992 0.000877193 0.00394089 -0.000561798 0.0132143 0.00770492 -0.000892857 -0.0126214 -0.00774648 -0.00555556 -0.00827815 -0.00675676 0.000877193 0.00833333
internal_weight=2340 686 1654 447 594 342 245 97 239 1060 103 473 957 321 54 81 387 570 396 267 280 295 102 206 142 171 151 101 57 96
internal_count=2340 686 1654 447 594 342 245 97 239 1060 103 473 957 321 54 81 387 570 396 267 280 295 102 206 142 171 151 101 57 96
cat_boundaries=0 3 5 7 12 15 17 19
cat_threshold=134234112 117705000 131088 1616384801 168611 69238832 256 4096 0 1074003968 16777216 1048576 0 2195472 98304 2105344 264 524288 32
is_linear=0
shrinkage=0.05


Tree=25
num_leaves=31
num_cat=8
split_feature=4 2 2 6 3 2 6 11 9 6 9 5 6 6 11 6 3 7 9 7 11 2 9 3 11 6 9 6 6 5
split_gain=37.358 19.4566 18.4061 10.0855 9.59368 13.6081 9.47169 8.23451 9.40999 8.12684 8.03143 7.77689 7.09416 7.1654 6.92519 6.79835 6.72776 6.02856 5.95304 6.48031 5.76923 5.74372 5.48956 5.38233 5.4607 5.18205 5.04854 5.40336 4.92821 4.84394
threshold=0 1 2 82.500000000000014 3 4 337.00000000000006 7.5000000000000009 10.500000000000002 92.500000000000014 9.5000000000000018 3.5000000000000004 204.50000000000003 126.50000000000001 7.5000000000000009 14.500000000000002 5 3.5000000000000004 4.5000000000000009 1.5000000000000002 19.500000000000004 6 5.5000000000000009 7 11.500000000000002 161.50000000000003 9.5000000000000018 92.500000000000014 75.500000000000014 2.5000000000000004
decision_type=9 9 9 2 9 9 2 2 2 2 2 2 2 2 2 2 9 2 2 2 2 9 2 9 2 2 2 2 2 2
left_child=2 11 3 -1 10 12 7 -4 9 28 21 14 13 18 -2 -7 20 -12 -6 -20 -11 -3 -18 -16 -25 -10 -17 -28 -9 -5
right_child=1 4 6 29 5 15 -8 8 25 16 17 -13 -14 -15 23 26 22 -19 19 -21 -22 -23 -24 24 -26 -27 27 -29 -30 -31
leaf_value=-0.01058610222787148 -0.0023611258180185005 -0.0010002920346635859 6.8210656726352958e-05 -0.017354937967720783 -0.019024676837764029 -0.00994684168549167 0.012416969860826334 -0.0050595322702206846 0.0068291979604586722 0.0013441030282198619 0.0038759246916455106 -0.015486808471095681 0.00052905660778860273 -0.013415115149926039 0.0054598624208114181 -0.0004984320710581247 -0.00059080374128332453 0.02755771053692745 -0.015108143455155138 0.00085507240385416248 -0.018059593874986329 0.0099131690350998392 -0.018997869713121653 0.023521357185351921 0.0093967688365347302 -0.00055806026520270895 0.032467710682817515 0.00020716680205481455 -0.020822423380980185 -0.00024679234171850475
leaf_weight=92 46 115 74 102 54 35 59 80 22 100 42 20 41 41 112 344 39 43 38 65 30 186 74 108 185 25 46 57 24 41
leaf_count=92 46 115 74 102 54 35 59 80 22 100 42 20 41 41 112 344 39 43 38 65 30 186 74 108 185 25 46 57 24 41
internal_value=-0.00252137 0.00188917 -0.0115285 -0.0230612 -0.00174575 -0.00512996 -0.00605214 -0.00854701 -0.0114213 -0.0142651 0.00454545 0.0102911 -0.0146586 -0.0191919 0.0118625 -0.000203252 -0.00925926 0.0182353 -0.0143312 -0.00728155 -0.000714286 0.000830565 -0.0174797 0.0139506 0.0173267 0.00957447 0.00145414 0.011165 -0.0259615 -0.0157343
internal_weight=2340 1578 762 235 1107 721 527 468 394 347 386 471 239 198 451 482 243 85 157 103 130 301 113 405 293 47 447 103 104 143
internal_count=2340 1578 762 235 1107 721 527 468 394 347 386 471 239 198 451 482 243 85 157 103 130 301 113 405 293 47 447 103 104 143
cat_boundaries=0 3 5 7 9 11 13 15 17
cat_threshold=134234116 117705008 393264 2432974996 528 606110352 8 50604032 272 34603808 37153 1048576 1024 2129920 131208 4112 384
is_linear=0
shrinkage=0.05


end of trees

feature_importances:
comment_len=180
hour=108
month=104
day_of_week=102
te_dist_dept=72
district=61
sub_category=48
subdistrict=35
main_type=28
severity=20
is_rainy_season=20
is_weekend=2

parameters:
[boosting: gbdt]
[objective: regression_l1]
[metric: l1]
[tree_learner: serial]
[device_type: cpu]
[data_sample_strategy: bagging]
[data: ]
[valid: ]
[num_iterations: 800]
[learning_rate: 0.05]
[num_leaves: 31]
[num_threads: -1]
[seed: 42]
[deterministic: 0]
[force_col_wise: 0]
[force_row_wise: 0]
[histogram_pool_size: -1]
[max_depth: 8]
[min_data_in_leaf: 20]
[min_sum_hessian_in_leaf: 0.001]
[bagging_fraction: 0.8]
[pos_bagging_fraction: 1]
[neg_bagging_fraction: 1]
[bagging_freq: 0]
[bagging_seed: 400]
[bagging_by_query: 0]
[feature_fraction: 0.8]
[feature_fraction_bynode: 1]
[feature_fraction_seed: 30056]
[extra_trees: 0]
[extra_seed: 12879]
[early_stopping_round: 0]
[early_stopping_min_delta: 0]
[first_metric_only: 0]
[max_delta_step: 0]
[lambda_l1: 0]
[lambda_l2: 0]
[linear_lambda: 0]
[min_gain_to_split: 0]
[drop_rate: 0.1]
[max_drop: 50]
[skip_drop: 0.5]
[xgboost_dart_mode: 0]
[uniform_drop: 0]
[drop_seed: 17869]
[top_rate: 0.2]
[other_rate: 0.1]
[min_data_per_group: 100]
[max_cat_threshold: 32]
[cat_l2: 10]
[cat_smooth: 10]
[max_cat_to_onehot: 4]
[top_k: 20]
[monotone_constraints: ]
[monotone_constraints_method: basic]
[monotone_penalty: 0]
[feature_contri: ]
[forcedsplits_filename: ]
[refit_decay_rate: 0.9]
[cegb_tradeoff: 1]
[cegb_penalty_split: 0]
[cegb_penalty_feature_lazy: ]
[cegb_penalty_feature_coupled: ]
[path_smooth: 0]
[interaction_constraints: ]
[verbosity: -1]
[saved_feature_importance_type: 0]
[use_quantized_grad: 0]
[num_grad_quant_bins: 4]
[quant_train_renew_leaf: 0]
[stochastic_rounding: 1]
[linear_tree: 0]
[max_bin: 255]
[max_bin_by_feature: ]
[min_data_in_bin: 3]
[bin_construct_sample_cnt: 200000]
[data_random_seed: 175]
[is_enable_sparse: 1]
[enable_bundle: 1]
[use_missing: 1]
[zero_as_missing: 0]
[feature_pre_filter: 1]
[pre_partition: 0]
[two_round: 0]
[header: 0]
[label_column: ]
[weight_column: ]
[group_column: ]
[ignore_column: ]
[categorical_feature: 1,2,3,4]
[forcedbins_filename: ]
[precise_float_parser: 0]
[parser_config_file: ]
[objective_seed: 16083]
[num_class: 1]
[is_unbalance: 0]
[scale_pos_weight: 1]
[sigmoid: 1]
[boost_from_average: 1]
[reg_sqrt: 0]
[alpha: 0.9]
[fair_c: 1]
[poisson_max_delta_step: 0.7]
[tweedie_variance_power: 1.5]
[lambdarank_truncation_level: 30]
[lambdarank_norm: 1]
[label_gain: ]
[lambdarank_position_bias_regularization: 0]
[eval_at: ]
[multi_error_top_k: 1]
[auc_mu_weights: ]
[num_machines: 1]
[local_listen_port: 12400]
[time_out: 120]
[machine_list_filename: ]
[machines: ]
[gpu_platform_id: -1]
[gpu_device_id: -1]
[gpu_device_id_list: ]
[gpu_use_dp: 0]
[num_gpu: 1]

end of parameters

pandas_categorical:[["\u0e01\u0e23\u0e30\u0e17\u0e38\u0e48\u0e21\u0e23\u0e32\u0e22", "\u0e02\u0e38\u0e21\u0e17\u0e2d\u0e07", "\u0e04\u0e25\u0e2d\u0e07\u0e01\u0e38\u0e48\u0e21", "\u0e04\u0e25\u0e2d\u0e07\u0e02\u0e27\u0e32\u0e07", "\u0e04\u0e25\u0e2d\u0e07\u0e08\u0e31\u0e48\u0e19", "\u0e04\u0e25\u0e2d\u0e07\u0e0a\u0e31\u0e01\u0e1e\u0e23\u0e30", "\u0e04\u0e25\u0e2d\u0e07\u0e15\u0e31\u0e19", "\u0e04\u0e25\u0e2d\u0e07\u0e15\u0e31\u0e19\u0e40\u0e2b\u0e19\u0e37\u0e2d", "\u0e04\u0e25\u0e2d\u0e07\u0e15\u0e49\u0e19\u0e44\u0e17\u0e23", "\u0e04\u0e25\u0e2d\u0e07\u0e16\u0e19\u0e19", "\u0e04\u0e25\u0e2d\u0e07\u0e1a\u0e32\u0e07\u0e1a\u0e2d\u0e19", "\u0e04\u0e25\u0e2d\u0e07\u0e1a\u0e32\u0e07\u0e1e\u0e23\u0e32\u0e19", "\u0e04\u0e25\u0e2d\u0e07\u0e21\u0e2b\u0e32\u0e19\u0e32\u0e04", "\u0e04\u0e25\u0e2d\u0e07\u0e2a\u0e2d\u0e07\u0e15\u0e49\u0e19\u0e19\u0e38\u0e48\u0e19", "\u0e04\u0e25\u0e2d\u0e07\u0e2a\u0e32\u0e19", "\u0e04\u0e25\u0e2d\u0e07\u0e2a\u0e32\u0e21\u0e1b\u0e23\u0e30\u0e40\u0e27\u0e28", "\u0e04\u0e25\u0e2d\u0e07\u0e40\u0e08\u0e49\u0e32\u0e04\u0e38\u0e13\u0e2a\u0e34\u0e07\u0e2b\u0e4c", "\u0e04\u0e25\u0e2d\u0e07\u0e40\u0e15\u0e22", "\u0e04\u0e25\u0e2d\u0e07\u0e40\u0e15\u0e22\u0e40\u0e2b\u0e19\u0e37\u0e2d", "\u0e04\u0e31\u0e19\u0e19\u0e32\u0e22\u0e32\u0e27", "\u0e08\u0e15\u0e38\u0e08\u0e31\u0e01\u0e23", "\u0e08\u0e23\u0e40\u0e02\u0e49\u0e1a\u0e31\u0e27", "\u0e08\u0e2d\u0e21\u0e17\u0e2d\u0e07", "\u0e08\u0e2d\u0e21\u0e1e\u0e25", "\u0e08\u0e31\u0e01\u0e23\u0e27\u0e23\u0e23\u0e14\u0e34", "\u0e08\u0e31\u0e19\u0e17\u0e23\u0e40\u0e01\u0e29\u0e21", "\u0e09\u0e34\u0e21\u0e1e\u0e25\u0e35", "\u0e0a\u0e19\u0e30\u0e2a\u0e07\u0e04\u0e23\u0e32\u0e21", "\u0e0a\u0e48\u0e2d\u0e07\u0e19\u0e19\u0e17\u0e23\u0e35", "\u0e14\u0e2d\u0e01\u0e44\u0e21\u0e49", "\u0e14\u0e2d\u0e19\u0e40\u0e21\u0e37\u0e2d\u0e07", "\u0e14\u0e32\u0e27\u0e04\u0e30\u0e19\u0e2d\u0e07", "\u0e14\u0e34\u0e19\u0e41\u0e14\u0e07", "\u0e14\u0e38\u0e2a\u0e34\u0e15", "\u0e15\u0e25\u0e32\u0e14\u0e19\u0e49\u0e2d\u0e22", "\u0e15\u0e25\u0e32\u0e14\u0e1a\u0e32\u0e07\u0e40\u0e02\u0e19", "\u0e15\u0e25\u0e32\u0e14\u0e1e\u0e25\u0e39", "\u0e15\u0e25\u0e34\u0e48\u0e07\u0e0a\u0e31\u0e19", "\u0e16\u0e19\u0e19\u0e19\u0e04\u0e23\u0e44\u0e0a\u0e22\u0e28\u0e23\u0e35", "\u0e16\u0e19\u0e19\u0e1e\u0e0d\u0e32\u0e44\u0e17", "\u0e16\u0e19\u0e19\u0e40\u0e1e\u0e0a\u0e23\u0e1a\u0e38\u0e23\u0e35", "\u0e17\u0e27\u0e35\u0e27\u0e31\u0e12\u0e19\u0e32", "\u0e17\u0e31\u0e1a\u0e0a\u0e49\u0e32\u0e07", "\u0e17\u0e31\u0e1a\u0e22\u0e32\u0e27", "\u0e17\u0e38\u0e48\u0e07\u0e04\u0e23\u0e38", "\u0e17\u0e38\u0e48\u0e07\u0e1e\u0e0d\u0e32\u0e44\u0e17", "\u0e17\u0e38\u0e48\u0e07\u0e21\u0e2b\u0e32\u0e40\u0e21\u0e06", "\u0e17\u0e38\u0e48\u0e07\u0e27\u0e31\u0e14\u0e14\u0e2d\u0e19", "\u0e17\u0e38\u0e48\u0e07\u0e2a\u0e2d\u0e07\u0e2b\u0e49\u0e2d\u0e07", "\u0e17\u0e48\u0e32\u0e02\u0e49\u0e32\u0e21", "\u0e17\u0e48\u0e32\u0e41\u0e23\u0e49\u0e07", "\u0e19\u0e27\u0e21\u0e34\u0e19\u0e17\u0e23\u0e4c", "\u0e19\u0e27\u0e25\u0e08\u0e31\u0e19\u0e17\u0e23\u0e4c", "\u0e1a\u0e27\u0e23\u0e19\u0e34\u0e40\u0e27\u0e28", "\u0e1a\u0e32\u0e07\u0e01\u0e30\u0e1b\u0e34", "\u0e1a\u0e32\u0e07\u0e02\u0e38\u0e19\u0e19\u0e19\u0e17\u0e4c", "\u0e1a\u0e32\u0e07\u0e02\u0e38\u0e19\u0e1e\u0e23\u0e2b\u0e21", "\u0e1a\u0e32\u0e07\u0e02\u0e38\u0e19\u0e28\u0e23\u0e35", "\u0e1a\u0e32\u0e07\u0e02\u0e38\u0e19\u0e40\u0e17\u0e35\u0e22\u0e19", "\u0e1a\u0e32\u0e07\u0e04\u0e2d\u0e41\u0e2b\u0e25\u0e21", "\u0e1a\u0e32\u0e07\u0e04\u0e49\u0e2d", "\u0e1a\u0e32\u0e07\u0e08\u0e32\u0e01", "\u0e1a\u0e32\u0e07\u0e0a\u0e31\u0e19", "\u0e1a\u0e32\u0e07\u0e0b\u0e37\u0e48\u0e2d", "\u0e1a\u0e32\u0e07\u0e14\u0e49\u0e27\u0e19", "\u0e1a\u0e32\u0e07\u0e19\u0e32\u0e40\u0e2b\u0e19\u0e37\u0e2d", "\u0e1a\u0e32\u0e07\u0e19\u0e32\u0e43\u0e15\u0e49", "\u0e1a\u0e32\u0e07\u0e1a\u0e2d\u0e19\u0e40\u0e2b\u0e19\u0e37\u0e2d", "\u0e1a\u0e32\u0e07\u0e1a\u0e2d\u0e19\u0e43\u0e15\u0e49", "\u0e1a\u0e32\u0e07\u0e1a\u0e33\u0e2b\u0e23\u0e38", "\u0e1a\u0e32\u0e07\u0e1b\u0e30\u0e01\u0e2d\u0e01", "\u0e1a\u0e32\u0e07\u0e1e\u0e23\u0e21", "\u0e1a\u0e32\u0e07\u0e1e\u0e25\u0e31\u0e14", "\u0e1a\u0e32\u0e07\u0e21\u0e14", "\u0e1a\u0e32\u0e07\u0e22\u0e35\u0e48\u0e02\u0e31\u0e19", "\u0e1a\u0e32\u0e07\u0e22\u0e35\u0e48\u0e40\u0e23\u0e37\u0e2d", "\u0e1a\u0e32\u0e07\u0e23\u0e30\u0e21\u0e32\u0e14", "\u0e1a\u0e32\u0e07\u0e23\u0e31\u0e01", "\u0e1a\u0e32\u0e07\u0e25\u0e33\u0e20\u0e39\u0e25\u0e48\u0e32\u0e07", "\u0e1a\u0e32\u0e07\u0e2b\u0e27\u0e49\u0e32", "\u0e1a\u0e32\u0e07\u0e2d\u0e49\u0e2d", "\u0e1a\u0e32\u0e07\u0e40\u0e0a\u0e37\u0e2d\u0e01\u0e2b\u0e19\u0e31\u0e07", "\u0e1a\u0e32\u0e07\u0e41\u0e04", "\u0e1a\u0e32\u0e07\u0e41\u0e04\u0e40\u0e2b\u0e19\u0e37\u0e2d", "\u0e1a\u0e32\u0e07\u0e42\u0e04\u0e25\u0e48", "\u0e1a\u0e32\u0e07\u0e42\u0e1e\u0e07\u0e1e\u0e32\u0e07", "\u0e1a\u0e32\u0e07\u0e44\u0e1c\u0e48", "\u0e1a\u0e38\u0e04\u0e04\u0e42\u0e25", "\u0e1a\u0e49\u0e32\u0e19\u0e0a\u0e48\u0e32\u0e07\u0e2b\u0e25\u0e48\u0e2d", "\u0e1a\u0e49\u0e32\u0e19\u0e1a\u0e32\u0e15\u0e23", "\u0e1a\u0e49\u0e32\u0e19\u0e1e\u0e32\u0e19\u0e16\u0e21", "\u0e1b\u0e17\u0e38\u0e21\u0e27\u0e31\u0e19", "\u0e1b\u0e23\u0e30\u0e40\u0e27\u0e28", "\u0e1b\u0e32\u0e01\u0e04\u0e25\u0e2d\u0e07\u0e20\u0e32\u0e29\u0e35\u0e40\u0e08\u0e23\u0e34\u0e0d", "\u0e1b\u0e49\u0e2d\u0e21\u0e1b\u0e23\u0e32\u0e1a", "\u0e1e\u0e0d\u0e32\u0e44\u0e17", "\u0e1e\u0e23\u0e30\u0e1a\u0e23\u0e21\u0e21\u0e2b\u0e32\u0e23\u0e32\u0e0a\u0e27\u0e31\u0e07", "\u0e1e\u0e23\u0e30\u0e42\u0e02\u0e19\u0e07", "\u0e1e\u0e23\u0e30\u0e42\u0e02\u0e19\u0e07\u0e40\u0e2b\u0e19\u0e37\u0e2d", "\u0e1e\u0e23\u0e30\u0e42\u0e02\u0e19\u0e07\u0e43\u0e15\u0e49", "\u0e1e\u0e25\u0e31\u0e1a\u0e1e\u0e25\u0e32", "\u0e21\u0e2b\u0e32\u0e1e\u0e24\u0e12\u0e32\u0e23\u0e32\u0e21", "\u0e21\u0e31\u0e01\u0e01\u0e30\u0e2a\u0e31\u0e19", "\u0e21\u0e35\u0e19\u0e1a\u0e38\u0e23\u0e35", "\u0e22\u0e32\u0e19\u0e19\u0e32\u0e27\u0e32", "\u0e23\u0e2d\u0e07\u0e40\u0e21\u0e37\u0e2d\u0e07", "\u0e23\u0e32\u0e29\u0e0e\u0e23\u0e4c\u0e1a\u0e39\u0e23\u0e13\u0e30", "\u0e25\u0e32\u0e14\u0e01\u0e23\u0e30\u0e1a\u0e31\u0e07", "\u0e25\u0e32\u0e14\u0e1e\u0e23\u0e49\u0e32\u0e27", "\u0e25\u0e32\u0e14\u0e22\u0e32\u0e27", "\u0e25\u0e33\u0e15\u0e49\u0e2d\u0e22\u0e15\u0e34\u0e48\u0e07", "\u0e25\u0e33\u0e1b\u0e25\u0e32\u0e17\u0e34\u0e27", "\u0e25\u0e33\u0e1c\u0e31\u0e01\u0e0a\u0e35", "\u0e25\u0e38\u0e21\u0e1e\u0e34\u0e19\u0e35", "\u0e27\u0e07\u0e28\u0e4c\u0e2a\u0e27\u0e48\u0e32\u0e07", "\u0e27\u0e0a\u0e34\u0e23\u0e1e\u0e22\u0e32\u0e1a\u0e32\u0e25", "\u0e27\u0e31\u0e07\u0e17\u0e2d\u0e07\u0e2b\u0e25\u0e32\u0e07", "\u0e27\u0e31\u0e07\u0e1a\u0e39\u0e23\u0e1e\u0e32\u0e20\u0e34\u0e23\u0e21\u0e22\u0e4c", "\u0e27\u0e31\u0e07\u0e43\u0e2b\u0e21\u0e48", "\u0e27\u0e31\u0e14\u0e01\u0e31\u0e25\u0e22\u0e32\u0e13\u0e4c", "\u0e27\u0e31\u0e14\u0e17\u0e48\u0e32\u0e1e\u0e23\u0e30", "\u0e27\u0e31\u0e14\u0e23\u0e32\u0e0a\u0e1a\u0e1e\u0e34\u0e18", "\u0e27\u0e31\u0e14\u0e2d\u0e23\u0e38\u0e13", "\u0e27\u0e31\u0e14\u0e40\u0e17\u0e1e\u0e28\u0e34\u0e23\u0e34\u0e19\u0e17\u0e23\u0e4c", "\u0e27\u0e31\u0e14\u0e42\u0e2a\u0e21\u0e19\u0e31\u0e2a", "\u0e28\u0e32\u0e25\u0e32\u0e18\u0e23\u0e23\u0e21\u0e2a\u0e1e\u0e19\u0e4c", "\u0e28\u0e32\u0e25\u0e40\u0e08\u0e49\u0e32\u0e1e\u0e48\u0e2d\u0e40\u0e2a\u0e37\u0e2d", "\u0e28\u0e34\u0e23\u0e34\u0e23\u0e32\u0e0a", "\u0e2a\u0e19\u0e32\u0e21\u0e1a\u0e34\u0e19", "\u0e2a\u0e21\u0e40\u0e14\u0e47\u0e08\u0e40\u0e08\u0e49\u0e32\u0e1e\u0e23\u0e30\u0e22\u0e32", "\u0e2a\u0e27\u0e19\u0e08\u0e34\u0e15\u0e23\u0e25\u0e14\u0e32", "\u0e2a\u0e27\u0e19\u0e2b\u0e25\u0e27\u0e07", "\u0e2a\u0e30\u0e1e\u0e32\u0e19\u0e2a\u0e2d\u0e07", "\u0e2a\u0e31\u0e21\u0e1e\u0e31\u0e19\u0e18\u0e27\u0e07\u0e28\u0e4c", "\u0e2a\u0e32\u0e21\u0e27\u0e32\u0e15\u0e30\u0e27\u0e31\u0e19\u0e2d\u0e2d\u0e01", "\u0e2a\u0e32\u0e21\u0e40\u0e2a\u0e19\u0e19\u0e2d\u0e01", "\u0e2a\u0e32\u0e21\u0e40\u0e2a\u0e19\u0e43\u0e19", "\u0e2a\u0e32\u0e22\u0e44\u0e2b\u0e21", "\u0e2a\u0e33\u0e23\u0e32\u0e0d\u0e23\u0e32\u0e29\u0e0e\u0e23\u0e4c", "\u0e2a\u0e33\u0e40\u0e2b\u0e23\u0e48", "\u0e2a\u0e35\u0e01\u0e31\u0e19", "\u0e2a\u0e35\u0e25\u0e21", "\u0e2a\u0e35\u0e48\u0e1e\u0e23\u0e30\u0e22\u0e32", "\u0e2a\u0e35\u0e48\u0e41\u0e22\u0e01\u0e21\u0e2b\u0e32\u0e19\u0e32\u0e04", "\u0e2b\u0e19\u0e2d\u0e07\u0e04\u0e49\u0e32\u0e07\u0e1e\u0e25\u0e39", "\u0e2b\u0e19\u0e2d\u0e07\u0e08\u0e2d\u0e01", "\u0e2b\u0e19\u0e2d\u0e07\u0e1a\u0e2d\u0e19", "\u0e2b\u0e19\u0e2d\u0e07\u0e41\u0e02\u0e21", "\u0e2b\u0e25\u0e31\u0e01\u0e2a\u0e2d\u0e07", "\u0e2b\u0e31\u0e27\u0e2b\u0e21\u0e32\u0e01", "\u0e2b\u0e34\u0e23\u0e31\u0e0d\u0e23\u0e39\u0e08\u0e35", "\u0e2b\u0e49\u0e27\u0e22\u0e02\u0e27\u0e32\u0e07", "\u0e2d\u0e19\u0e38\u0e2a\u0e32\u0e27\u0e23\u0e35\u0e22\u0e4c", "\u0e2d\u0e23\u0e38\u0e13\u0e2d\u0e21\u0e23\u0e34\u0e19\u0e17\u0e23\u0e4c", "\u0e40\u0e2a\u0e19\u0e32\u0e19\u0e34\u0e04\u0e21", "\u0e40\u0e2a\u0e32\u0e0a\u0e34\u0e07\u0e0a\u0e49\u0e32", "\u0e41\u0e2a\u0e19\u0e41\u0e2a\u0e1a", "\u0e41\u0e2a\u0e21\u0e14\u0e33", "\u0e42\u0e04\u0e01\u0e41\u0e1d\u0e14"], ["\u0e04\u0e25\u0e2d\u0e07\u0e2a\u0e32\u0e19", "\u0e04\u0e25\u0e2d\u0e07\u0e2a\u0e32\u0e21\u0e27\u0e32", "\u0e04\u0e25\u0e2d\u0e07\u0e40\u0e15\u0e22", "\u0e04\u0e31\u0e19\u0e19\u0e32\u0e22\u0e32\u0e27", "\u0e08\u0e15\u0e38\u0e08\u0e31\u0e01\u0e23", "\u0e08\u0e2d\u0e21\u0e17\u0e2d\u0e07", "\u0e14\u0e2d\u0e19\u0e40\u0e21\u0e37\u0e2d\u0e07", "\u0e14\u0e34\u0e19\u0e41\u0e14\u0e07", "\u0e14\u0e38\u0e2a\u0e34\u0e15", "\u0e15\u0e25\u0e34\u0e48\u0e07\u0e0a\u0e31\u0e19", "\u0e17\u0e27\u0e35\u0e27\u0e31\u0e12\u0e19\u0e32", "\u0e17\u0e38\u0e48\u0e07\u0e04\u0e23\u0e38", "\u0e18\u0e19\u0e1a\u0e38\u0e23\u0e35", "\u0e1a\u0e32\u0e07\u0e01\u0e2d\u0e01\u0e19\u0e49\u0e2d\u0e22", "\u0e1a\u0e32\u0e07\u0e01\u0e2d\u0e01\u0e43\u0e2b\u0e0d\u0e48", "\u0e1a\u0e32\u0e07\u0e01\u0e30\u0e1b\u0e34", "\u0e1a\u0e32\u0e07\u0e02\u0e38\u0e19\u0e40\u0e17\u0e35\u0e22\u0e19", "\u0e1a\u0e32\u0e07\u0e04\u0e2d\u0e41\u0e2b\u0e25\u0e21", "\u0e1a\u0e32\u0e07\u0e0b\u0e37\u0e48\u0e2d", "\u0e1a\u0e32\u0e07\u0e19\u0e32", "\u0e1a\u0e32\u0e07\u0e1a\u0e2d\u0e19", "\u0e1a\u0e32\u0e07\u0e1e\u0e25\u0e31\u0e14", "\u0e1a\u0e32\u0e07\u0e23\u0e31\u0e01", "\u0e1a\u0e32\u0e07\u0e40\u0e02\u0e19", "\u0e1a\u0e32\u0e07\u0e41\u0e04", "\u0e1a\u0e36\u0e07\u0e01\u0e38\u0e48\u0e21", "\u0e1b\u0e17\u0e38\u0e21\u0e27\u0e31\u0e19", "\u0e1b\u0e23\u0e30\u0e40\u0e27\u0e28", "\u0e1b\u0e49\u0e2d\u0e21\u0e1b\u0e23\u0e32\u0e1a\u0e28\u0e31\u0e15\u0e23\u0e39\u0e1e\u0e48\u0e32\u0e22", "\u0e1e\u0e0d\u0e32\u0e44\u0e17", "\u0e1e\u0e23\u0e30\u0e19\u0e04\u0e23", "\u0e1e\u0e23\u0e30\u0e42\u0e02\u0e19\u0e07", "\u0e20\u0e32\u0e29\u0e35\u0e40\u0e08\u0e23\u0e34\u0e0d", "\u0e21\u0e35\u0e19\u0e1a\u0e38\u0e23\u0e35", "\u0e22\u0e32\u0e19\u0e19\u0e32\u0e27\u0e32", "\u0e23\u0e32\u0e0a\u0e40\u0e17\u0e27\u0e35", "\u0e23\u0e32\u0e29\u0e0e\u0e23\u0e4c\u0e1a\u0e39\u0e23\u0e13\u0e30", "\u0e25\u0e32\u0e14\u0e01\u0e23\u0e30\u0e1a\u0e31\u0e07", "\u0e25\u0e32\u0e14\u0e1e\u0e23\u0e49\u0e32\u0e27", "\u0e27\u0e31\u0e07\u0e17\u0e2d\u0e07\u0e2b\u0e25\u0e32\u0e07", "\u0e27\u0e31\u0e12\u0e19\u0e32", "\u0e2a\u0e27\u0e19\u0e2b\u0e25\u0e27\u0e07", "\u0e2a\u0e30\u0e1e\u0e32\u0e19\u0e2a\u0e39\u0e07", "\u0e2a\u0e31\u0e21\u0e1e\u0e31\u0e19\u0e18\u0e27\u0e07\u0e28\u0e4c", "\u0e2a\u0e32\u0e17\u0e23", "\u0e2a\u0e32\u0e22\u0e44\u0e2b\u0e21", "\u0e2b\u0e19\u0e2d\u0e07\u0e08\u0e2d\u0e01", "\u0e2b\u0e19\u0e2d\u0e07\u0e41\u0e02\u0e21", "\u0e2b\u0e25\u0e31\u0e01\u0e2a\u0e35\u0e48", "\u0e2b\u0e49\u0e27\u0e22\u0e02\u0e27\u0e32\u0e07"], ["BEST", "\u0e01\u0e23\u0e30\u0e17\u0e33\u0e1c\u0e34\u0e14\u0e43\u0e19\u0e17\u0e35\u0e48\u0e2a\u0e32\u0e18\u0e32\u0e23\u0e13\u0e30", "\u0e01\u0e23\u0e38\u0e07\u0e40\u0e17\u0e1e\u0e42\u0e1b\u0e23\u0e48\u0e07\u0e43\u0e2a", "\u0e01\u0e32\u0e23\u0e1a\u0e23\u0e34\u0e2b\u0e32\u0e23\u0e07\u0e32\u0e19\u0e1a\u0e38\u0e04\u0e04\u0e25", "\u0e02\u0e22\u0e30", "\u0e02\u0e22\u0e30\u0e41\u0e25\u0e30\u0e2a\u0e34\u0e48\u0e07\u0e1b\u0e0f\u0e34\u0e01\u0e39\u0e25", "\u0e02\u0e2d\u0e04\u0e27\u0e32\u0e21\u0e0a\u0e48\u0e27\u0e22\u0e40\u0e2b\u0e25\u0e37\u0e2d", "\u0e02\u0e2d\u0e43\u0e0a\u0e49\u0e1a\u0e23\u0e34\u0e01\u0e32\u0e23", "\u0e02\u0e49\u0e2d\u0e40\u0e2a\u0e19\u0e2d\u0e41\u0e19\u0e30", "\u0e04\u0e19\u0e40\u0e23\u0e48\u0e23\u0e48\u0e2d\u0e19", "\u0e04\u0e27\u0e31\u0e19\u0e14\u0e33", "\u0e04\u0e27\u0e32\u0e21\u0e1b\u0e25\u0e2d\u0e14\u0e20\u0e31\u0e22", "\u0e04\u0e27\u0e32\u0e21\u0e2a\u0e30\u0e2d\u0e32\u0e14", "\u0e08\u0e23\u0e32\u0e08\u0e23", "\u0e08\u0e38\u0e14\u0e40\u0e2a\u0e35\u0e48\u0e22\u0e07", "\u0e15\u0e49\u0e19\u0e44\u0e21\u0e49", "\u0e15\u0e49\u0e19\u0e44\u0e21\u0e49\u0e41\u0e25\u0e30\u0e2a\u0e27\u0e19\u0e2a\u0e32\u0e18\u0e32\u0e23\u0e13\u0e30", "\u0e16\u0e19\u0e19", "\u0e17\u0e32\u0e07\u0e40\u0e17\u0e49\u0e32", "\u0e17\u0e48\u0e2d\u0e23\u0e30\u0e1a\u0e32\u0e22\u0e19\u0e49\u0e33", "\u0e19\u0e49\u0e33\u0e17\u0e48\u0e27\u0e21", "\u0e1a\u0e23\u0e34\u0e01\u0e32\u0e23\u0e2a\u0e32\u0e18\u0e32\u0e23\u0e13\u0e30\u0e02\u0e2d\u0e07\u0e2b\u0e19\u0e48\u0e27\u0e22\u0e07\u0e32\u0e19\u0e43\u0e19\u0e2a\u0e31\u0e07\u0e01\u0e31\u0e14\u0e01\u0e23\u0e38\u0e07\u0e40\u0e17\u0e1e\u0e21\u0e2b\u0e32\u0e19\u0e04\u0e23", "\u0e1a\u0e32\u0e17\u0e27\u0e34\u0e16\u0e35", "\u0e1b\u0e23\u0e30\u0e1b\u0e32", "\u0e1b\u0e31\u0e0d\u0e2b\u0e32\u0e04\u0e27\u0e32\u0e21\u0e40\u0e14\u0e37\u0e2d\u0e14\u0e23\u0e49\u0e2d\u0e19\u0e08\u0e32\u0e01\u0e01\u0e32\u0e23\u0e14\u0e33\u0e40\u0e19\u0e34\u0e19\u0e01\u0e32\u0e23\u0e02\u0e2d\u0e07\u0e23\u0e31\u0e10", "\u0e1b\u0e31\u0e0d\u0e2b\u0e32\u0e17\u0e35\u0e48\u0e2a\u0e48\u0e07\u0e1c\u0e25\u0e01\u0e23\u0e30\u0e17\u0e1a\u0e01\u0e31\u0e1a\u0e01\u0e32\u0e23\u0e08\u0e23\u0e32\u0e08\u0e23", "\u0e1b\u0e31\u0e0d\u0e2b\u0e32\u0e2a\u0e31\u0e07\u0e04\u0e21", "\u0e1b\u0e49\u0e32\u0e22\u0e42\u0e06\u0e29\u0e13\u0e32", "\u0e1c\u0e34\u0e14\u0e01\u0e0e\u0e08\u0e23\u0e32\u0e08\u0e23", "\u0e1c\u0e39\u0e49\u0e1e\u0e34\u0e01\u0e32\u0e23+\u0e43\u0e0a\u0e49\u0e25\u0e49\u0e2d", "\u0e1d\u0e38\u0e48\u0e19\u0e04\u0e27\u0e31\u0e19&\u0e01\u0e25\u0e34\u0e48\u0e19&PM2.5", "\u0e22\u0e32\u0e40\u0e2a\u0e1e\u0e15\u0e34\u0e14", "\u0e2a\u0e30\u0e1e\u0e32\u0e19", "\u0e2a\u0e31\u0e15\u0e27\u0e4c", "\u0e2a\u0e32\u0e18\u0e32\u0e23\u0e13\u0e39\u0e1b\u0e42\u0e20\u0e04", "\u0e2d\u0e32\u0e04\u0e32\u0e23", "\u0e2d\u0e32\u0e04\u0e32\u0e23\u0e2a\u0e16\u0e32\u0e19\u0e17\u0e35\u0e48\u0e0a\u0e33\u0e23\u0e38\u0e14", "\u0e2d\u0e37\u0e48\u0e19\u0e46", "\u0e2d\u0e38\u0e1a\u0e31\u0e15\u0e34\u0e40\u0e2b\u0e15\u0e38", "\u0e2d\u0e38\u0e1b\u0e01\u0e23\u0e13\u0e4c\u0e0a\u0e33\u0e23\u0e38\u0e14", "\u0e40\u0e02\u0e37\u0e48\u0e2d\u0e19 \u0e04\u0e39\u0e04\u0e25\u0e2d\u0e07", "\u0e40\u0e23\u0e37\u0e48\u0e2d\u0e07\u0e23\u0e49\u0e2d\u0e07\u0e17\u0e38\u0e01\u0e02\u0e4c\u0e1b\u0e23\u0e30\u0e40\u0e20\u0e17\u0e2d\u0e37\u0e48\u0e19 \u0e46 - \u0e40\u0e23\u0e37\u0e48\u0e2d\u0e07\u0e23\u0e49\u0e2d\u0e07\u0e40\u0e23\u0e35\u0e22\u0e19\u0e17\u0e35\u0e48\u0e44\u0e21\u0e48\u0e2a\u0e32\u0e21\u0e32\u0e23\u0e16\u0e08\u0e31\u0e14\u0e40\u0e02\u0e49\u0e32\u0e1b\u0e23\u0e30\u0e40\u0e20\u0e17\u0e43\u0e14", "\u0e40\u0e2a\u0e19\u0e2d\u0e41\u0e19\u0e30", "\u0e40\u0e2a\u0e35\u0e22\u0e07", "\u0e40\u0e2b\u0e15\u0e38\u0e40\u0e14\u0e37\u0e2d\u0e14\u0e23\u0e49\u0e2d\u0e19\u0e23\u0e33\u0e04\u0e32\u0e0d", "\u0e42\u0e23\u0e07\u0e40\u0e23\u0e35\u0e22\u0e19", "\u0e44\u0e1f\u0e1f\u0e49\u0e32"], ["\u0e01\u0e23\u0e30\u0e17\u0e33\u0e1c\u0e34\u0e14\u0e43\u0e19\u0e17\u0e35\u0e48\u0e2a\u0e32\u0e18\u0e32\u0e23\u0e13\u0e30", "\u0e01\u0e23\u0e38\u0e07\u0e40\u0e17\u0e1e\u0e42\u0e1b\u0e23\u0e48\u0e07\u0e43\u0e2a", "\u0e01\u0e25\u0e34\u0e48\u0e19", "\u0e01\u0e25\u0e48\u0e32\u0e27\u0e42\u0e17\u0e29\u0e40\u0e08\u0e49\u0e32\u0e2b\u0e19\u0e49\u0e32\u0e17\u0e35\u0e48", "\u0e01\u0e32\u0e23\u0e1a\u0e23\u0e34\u0e2b\u0e32\u0e23\u0e07\u0e32\u0e19\u0e1a\u0e38\u0e04\u0e04\u0e25", "\u0e01\u0e32\u0e23\u0e1a\u0e23\u0e34\u0e2b\u0e32\u0e23\u0e08\u0e31\u0e14\u0e01\u0e32\u0e23\u0e02\u0e2d\u0e07\u0e2b\u0e19\u0e48\u0e27\u0e22\u0e07\u0e32\u0e19", "\u0e01\u0e32\u0e23\u0e43\u0e2b\u0e49\u0e1a\u0e23\u0e34\u0e01\u0e32\u0e23\u0e02\u0e2d\u0e07\u0e40\u0e08\u0e49\u0e32\u0e2b\u0e19\u0e49\u0e32\u0e17\u0e35\u0e48", "\u0e02\u0e22\u0e30", "\u0e02\u0e22\u0e30\u0e15\u0e01\u0e2b\u0e25\u0e48\u0e19", "\u0e02\u0e2d\u0e01\u0e23\u0e30\u0e2a\u0e2d\u0e1a\u0e17\u0e23\u0e32\u0e22\u0e40\u0e1e\u0e37\u0e48\u0e2d\u0e01\u0e48\u0e2d\u0e2a\u0e23\u0e49\u0e32\u0e07\u0e41\u0e19\u0e27\u0e1b\u0e49\u0e2d\u0e07\u0e01\u0e31\u0e19\u0e19\u0e49\u0e33\u0e17\u0e48\u0e27\u0e21", "\u0e02\u0e2d\u0e04\u0e27\u0e32\u0e21\u0e0a\u0e48\u0e27\u0e22\u0e40\u0e2b\u0e25\u0e37\u0e2d", "\u0e02\u0e2d\u0e0b\u0e48\u0e2d\u0e21\u0e40\u0e1b\u0e25\u0e35\u0e48\u0e22\u0e19", "\u0e02\u0e2d\u0e19\u0e49\u0e33\u0e1b\u0e23\u0e30\u0e1b\u0e32", "\u0e02\u0e2d\u0e43\u0e0a\u0e49\u0e1a\u0e23\u0e34\u0e01\u0e32\u0e23", "\u0e02\u0e2d\u0e43\u0e2b\u0e49\u0e02\u0e38\u0e14\u0e25\u0e2d\u0e01 \u0e04\u0e39\u0e04\u0e25\u0e2d\u0e07", "\u0e02\u0e2d\u0e43\u0e2b\u0e49\u0e02\u0e38\u0e14\u0e25\u0e2d\u0e01\u0e17\u0e48\u0e2d\u0e23\u0e30\u0e1a\u0e32\u0e22\u0e19\u0e49\u0e33", "\u0e02\u0e2d\u0e43\u0e2b\u0e49\u0e08\u0e31\u0e14\u0e40\u0e01\u0e47\u0e1a\u0e02\u0e22\u0e30\u0e0a\u0e34\u0e49\u0e19\u0e43\u0e2b\u0e0d\u0e48 / \u0e02\u0e22\u0e30\u0e2a\u0e48\u0e27\u0e19\u0e40\u0e01\u0e34\u0e19", "\u0e02\u0e2d\u0e43\u0e2b\u0e49\u0e14\u0e33\u0e40\u0e19\u0e34\u0e19\u0e01\u0e32\u0e23\u0e01\u0e31\u0e1a\u0e1c\u0e39\u0e49\u0e08\u0e2d\u0e14\u0e23\u0e16\u0e01\u0e35\u0e14\u0e02\u0e27\u0e32\u0e07", "\u0e02\u0e2d\u0e43\u0e2b\u0e49\u0e14\u0e33\u0e40\u0e19\u0e34\u0e19\u0e01\u0e32\u0e23\u0e01\u0e31\u0e1a\u0e1c\u0e39\u0e49\u0e15\u0e31\u0e49\u0e07\u0e27\u0e32\u0e07\u0e2a\u0e34\u0e48\u0e07\u0e02\u0e2d\u0e07\u0e01\u0e35\u0e14\u0e02\u0e27\u0e32\u0e07", "\u0e02\u0e2d\u0e43\u0e2b\u0e49\u0e14\u0e33\u0e40\u0e19\u0e34\u0e19\u0e01\u0e32\u0e23\u0e01\u0e31\u0e1a\u0e1c\u0e39\u0e49\u0e40\u0e17\u0e19\u0e49\u0e33 \u0e19\u0e49\u0e33\u0e21\u0e31\u0e19 \u0e2b\u0e23\u0e37\u0e2d\u0e17\u0e34\u0e49\u0e07\u0e40\u0e28\u0e29\u0e2a\u0e34\u0e48\u0e07\u0e02\u0e2d\u0e07\u0e43\u0e19\u0e17\u0e48\u0e2d\u0e23\u0e30\u0e1a\u0e32\u0e22\u0e19\u0e49\u0e33", "\u0e02\u0e2d\u0e43\u0e2b\u0e49\u0e14\u0e33\u0e40\u0e19\u0e34\u0e19\u0e01\u0e32\u0e23\u0e01\u0e31\u0e1a\u0e27\u0e31\u0e2a\u0e14\u0e38\u0e15\u0e01\u0e2b\u0e25\u0e48\u0e19\u0e1a\u0e19\u0e1c\u0e34\u0e27\u0e08\u0e23\u0e32\u0e08\u0e23", "\u0e02\u0e2d\u0e43\u0e2b\u0e49\u0e14\u0e33\u0e40\u0e19\u0e34\u0e19\u0e01\u0e32\u0e23\u0e41\u0e01\u0e49\u0e44\u0e02\u0e2a\u0e32\u0e22\u0e44\u0e1f\u0e1f\u0e49\u0e32\u0e17\u0e35\u0e48\u0e44\u0e21\u0e48\u0e40\u0e1b\u0e47\u0e19\u0e23\u0e30\u0e40\u0e1a\u0e35\u0e22\u0e1a\u0e40\u0e23\u0e35\u0e22\u0e1a\u0e23\u0e49\u0e2d\u0e22 \u0e2b\u0e23\u0e37\u0e2d\u0e2d\u0e32\u0e08\u0e01\u0e48\u0e2d\u0e43\u0e2b\u0e49\u0e40\u0e01\u0e34\u0e14\u0e2d\u0e31\u0e19\u0e15\u0e23\u0e32\u0e22\u0e41\u0e01\u0e48\u0e1b\u0e23\u0e30\u0e0a\u0e32\u0e0a\u0e19", "\u0e02\u0e2d\u0e43\u0e2b\u0e49\u0e15\u0e23\u0e27\u0e08\u0e2a\u0e2d\u0e1a \u0e41\u0e01\u0e49\u0e44\u0e02\u0e1b\u0e31\u0e0d\u0e2b\u0e32\u0e2d\u0e32\u0e04\u0e32\u0e23\u0e0a\u0e33\u0e23\u0e38\u0e14\u0e21\u0e35\u0e23\u0e2d\u0e22\u0e41\u0e15\u0e01\u0e23\u0e49\u0e32\u0e27\u0e2b\u0e23\u0e37\u0e2d\u0e17\u0e23\u0e38\u0e14\u0e15\u0e31\u0e27", "\u0e02\u0e2d\u0e43\u0e2b\u0e49\u0e15\u0e31\u0e14\u0e41\u0e15\u0e48\u0e07\u0e15\u0e49\u0e19\u0e44\u0e21\u0e49 \u0e01\u0e34\u0e48\u0e07\u0e44\u0e21\u0e49", "\u0e02\u0e2d\u0e43\u0e2b\u0e49\u0e15\u0e34\u0e14\u0e15\u0e31\u0e49\u0e07 \u0e0b\u0e48\u0e2d\u0e21\u0e41\u0e0b\u0e21 \u0e40\u0e04\u0e25\u0e37\u0e48\u0e2d\u0e19\u0e22\u0e49\u0e32\u0e22 \u0e1b\u0e49\u0e32\u0e22\u0e08\u0e23\u0e32\u0e08\u0e23", "\u0e02\u0e2d\u0e43\u0e2b\u0e49\u0e15\u0e34\u0e14\u0e15\u0e31\u0e49\u0e07 \u0e0b\u0e48\u0e2d\u0e21\u0e41\u0e0b\u0e21 \u0e40\u0e04\u0e25\u0e37\u0e48\u0e2d\u0e19\u0e22\u0e49\u0e32\u0e22 \u0e40\u0e04\u0e23\u0e37\u0e48\u0e2d\u0e07\u0e2b\u0e21\u0e32\u0e22\u0e08\u0e23\u0e32\u0e08\u0e23", "\u0e02\u0e2d\u0e43\u0e2b\u0e49\u0e15\u0e34\u0e14\u0e15\u0e31\u0e49\u0e07 \u0e0b\u0e48\u0e2d\u0e21\u0e41\u0e0b\u0e21 \u0e40\u0e04\u0e25\u0e37\u0e48\u0e2d\u0e19\u0e22\u0e49\u0e32\u0e22\u0e2d\u0e38\u0e1b\u0e01\u0e23\u0e13\u0e4c\u0e04\u0e27\u0e32\u0e21\u0e1b\u0e25\u0e2d\u0e14\u0e20\u0e31\u0e22\u0e14\u0e49\u0e32\u0e19\u0e01\u0e32\u0e23\u0e08\u0e23\u0e32\u0e08\u0e23", "\u0e02\u0e2d\u0e43\u0e2b\u0e49\u0e15\u0e34\u0e14\u0e15\u0e31\u0e49\u0e07 \u0e0b\u0e48\u0e2d\u0e21\u0e41\u0e0b\u0e21 \u0e40\u0e1b\u0e34\u0e14 - \u0e1b\u0e34\u0e14 \u0e40\u0e04\u0e23\u0e37\u0e48\u0e2d\u0e07\u0e2a\u0e39\u0e1a\u0e19\u0e49\u0e33", "\u0e02\u0e2d\u0e43\u0e2b\u0e49\u0e1b\u0e23\u0e31\u0e1a\u0e02\u0e19\u0e32\u0e14\u0e1d\u0e32\u0e17\u0e48\u0e2d\u0e23\u0e30\u0e1a\u0e32\u0e22\u0e19\u0e49\u0e33", "\u0e02\u0e2d\u0e43\u0e2b\u0e49\u0e1b\u0e23\u0e31\u0e1a\u0e23\u0e30\u0e14\u0e31\u0e1a\u0e02\u0e2d\u0e1a\u0e1a\u0e48\u0e2d\u0e1e\u0e31\u0e01\u0e23\u0e30\u0e1a\u0e32\u0e22\u0e19\u0e49\u0e33\u0e01\u0e31\u0e1a\u0e1c\u0e34\u0e27\u0e16\u0e19\u0e19", "\u0e02\u0e2d\u0e43\u0e2b\u0e49\u0e1e\u0e34\u0e08\u0e32\u0e23\u0e13\u0e32\u0e14\u0e33\u0e40\u0e19\u0e34\u0e19\u0e01\u0e32\u0e23\u0e41\u0e01\u0e49\u0e44\u0e02\u0e1b\u0e31\u0e0d\u0e2b\u0e32\u0e08\u0e23\u0e32\u0e08\u0e23\u0e15\u0e34\u0e14\u0e02\u0e31\u0e14", "\u0e02\u0e2d\u0e43\u0e2b\u0e49\u0e21\u0e35\u0e01\u0e32\u0e23\u0e0b\u0e48\u0e2d\u0e21\u0e41\u0e0b\u0e21\u0e1a\u0e32\u0e17\u0e27\u0e34\u0e16\u0e35", "\u0e02\u0e2d\u0e43\u0e2b\u0e49\u0e21\u0e35\u0e01\u0e32\u0e23\u0e0b\u0e48\u0e2d\u0e21\u0e41\u0e0b\u0e21\u0e2a\u0e30\u0e1e\u0e32\u0e19", "\u0e02\u0e2d\u0e43\u0e2b\u0e49\u0e21\u0e35\u0e01\u0e32\u0e23\u0e1b\u0e23\u0e31\u0e1a\u0e1b\u0e23\u0e38\u0e07\u0e0b\u0e48\u0e2d\u0e21\u0e41\u0e0b\u0e21\u0e16\u0e19\u0e19", "\u0e02\u0e2d\u0e43\u0e2b\u0e49\u0e27\u0e32\u0e07\u0e17\u0e48\u0e2d\u0e23\u0e30\u0e1a\u0e32\u0e22\u0e19\u0e49\u0e33", "\u0e02\u0e2d\u0e43\u0e2b\u0e49\u0e2a\u0e39\u0e1a\u0e19\u0e49\u0e33\u0e2d\u0e2d\u0e01", "\u0e02\u0e2d\u0e43\u0e2b\u0e49\u0e40\u0e01\u0e47\u0e1a\u0e02\u0e22\u0e30 \u0e27\u0e31\u0e0a\u0e1e\u0e37\u0e0a \u0e43\u0e19\u0e04\u0e39\u0e04\u0e25\u0e2d\u0e07", "\u0e02\u0e2d\u0e43\u0e2b\u0e49\u0e40\u0e1b\u0e34\u0e14 \u2013 \u0e1b\u0e34\u0e14\u0e1b\u0e23\u0e30\u0e15\u0e39\u0e23\u0e30\u0e1a\u0e32\u0e22\u0e19\u0e49\u0e33", "\u0e02\u0e2d\u0e43\u0e2b\u0e49\u0e40\u0e23\u0e48\u0e07\u0e01\u0e48\u0e2d\u0e2a\u0e23\u0e49\u0e32\u0e07\u0e2b\u0e23\u0e37\u0e2d\u0e0b\u0e48\u0e2d\u0e21\u0e41\u0e0b\u0e21\u0e1a\u0e32\u0e17\u0e2a\u0e30\u0e1e\u0e32\u0e19", "\u0e02\u0e2d\u0e43\u0e2b\u0e49\u0e41\u0e01\u0e49\u0e44\u0e02\u0e1b\u0e31\u0e0d\u0e2b\u0e32 \u0e40\u0e02\u0e37\u0e48\u0e2d\u0e19\u0e1e\u0e31\u0e07 \u0e0a\u0e33\u0e23\u0e38\u0e14", "\u0e02\u0e2d\u0e43\u0e2b\u0e49\u0e41\u0e01\u0e49\u0e44\u0e02\u0e1b\u0e31\u0e0d\u0e2b\u0e32\u0e19\u0e49\u0e33\u0e17\u0e48\u0e27\u0e21", "\u0e02\u0e2d\u0e43\u0e2b\u0e49\u0e41\u0e01\u0e49\u0e44\u0e02\u0e1b\u0e31\u0e0d\u0e2b\u0e32\u0e19\u0e49\u0e33\u0e40\u0e19\u0e48\u0e32\u0e40\u0e2b\u0e21\u0e47\u0e19", "\u0e02\u0e2d\u0e44\u0e1f\u0e1f\u0e49\u0e32", "\u0e02\u0e49\u0e2d\u0e40\u0e2a\u0e19\u0e2d\u0e41\u0e19\u0e30", "\u0e04\u0e19\u0e40\u0e23\u0e48\u0e23\u0e48\u0e2d\u0e19", "\u0e04\u0e27\u0e31\u0e19", "\u0e04\u0e27\u0e31\u0e19\u0e14\u0e33", "\u0e04\u0e27\u0e32\u0e21\u0e1b\u0e25\u0e2d\u0e14\u0e20\u0e31\u0e22", "\u0e04\u0e27\u0e32\u0e21\u0e2a\u0e30\u0e2d\u0e32\u0e14", "\u0e08\u0e23\u0e32\u0e08\u0e23", "\u0e08\u0e38\u0e14\u0e40\u0e2a\u0e35\u0e48\u0e22\u0e07", "\u0e15\u0e49\u0e19\u0e44\u0e21\u0e49", "\u0e15\u0e49\u0e19\u0e44\u0e21\u0e49\u0e25\u0e49\u0e21/\u0e01\u0e34\u0e48\u0e07\u0e44\u0e21\u0e49\u0e2b\u0e31\u0e01\u0e01\u0e35\u0e14\u0e02\u0e27\u0e32\u0e07\u0e17\u0e32\u0e07\u0e2a\u0e31\u0e0d\u0e08\u0e23", "\u0e16\u0e19\u0e19", "\u0e17\u0e32\u0e07\u0e40\u0e17\u0e49\u0e32", "\u0e17\u0e34\u0e49\u0e07\u0e02\u0e22\u0e30\u0e44\u0e21\u0e48\u0e16\u0e39\u0e01\u0e17\u0e35\u0e48", "\u0e17\u0e48\u0e2d\u0e23\u0e30\u0e1a\u0e32\u0e22\u0e19\u0e49\u0e33", "\u0e19\u0e49\u0e33\u0e17\u0e48\u0e27\u0e21", "\u0e19\u0e49\u0e33\u0e17\u0e48\u0e27\u0e21\u0e02\u0e31\u0e07", "\u0e1a\u0e23\u0e34\u0e01\u0e32\u0e23\u0e2a\u0e32\u0e18\u0e32\u0e23\u0e13\u0e30\u0e02\u0e2d\u0e07\u0e2b\u0e19\u0e48\u0e27\u0e22\u0e07\u0e32\u0e19\u0e43\u0e19\u0e2a\u0e31\u0e07\u0e01\u0e31\u0e14\u0e01\u0e23\u0e38\u0e07\u0e40\u0e17\u0e1e\u0e21\u0e2b\u0e32\u0e19\u0e04\u0e23", "\u0e1a\u0e48\u0e2d\u0e1e\u0e31\u0e01\u0e17\u0e48\u0e2d\u0e23\u0e30\u0e1a\u0e32\u0e22\u0e19\u0e49\u0e33\u0e2b\u0e23\u0e37\u0e2d\u0e1a\u0e48\u0e2d\u0e2a\u0e32\u0e18\u0e32\u0e23\u0e13\u0e39\u0e1b\u0e42\u0e20\u0e04\u0e17\u0e35\u0e48\u0e2d\u0e22\u0e39\u0e48\u0e43\u0e19\u0e1c\u0e34\u0e27\u0e08\u0e23\u0e32\u0e08\u0e23\u0e0a\u0e33\u0e23\u0e38\u0e14 \u0e21\u0e35\u0e23\u0e30\u0e14\u0e31\u0e1a\u0e15\u0e48\u0e33\u0e2b\u0e23\u0e37\u0e2d\u0e2a\u0e39\u0e07 \u0e1d\u0e32\u0e1a\u0e48\u0e2d\u0e22\u0e38\u0e1a\u0e15\u0e31\u0e27 \u0e2b\u0e23\u0e37\u0e2d\u0e1e\u0e31\u0e07\u0e2a\u0e39\u0e0d\u0e2b\u0e32\u0e22", "\u0e1b\u0e23\u0e30\u0e1b\u0e32", "\u0e1b\u0e25\u0e48\u0e2d\u0e22\u0e2a\u0e34\u0e48\u0e07\u0e1b\u0e0f\u0e34\u0e01\u0e39\u0e25\u0e25\u0e07\u0e17\u0e48\u0e2d\u0e23\u0e30\u0e1a\u0e32\u0e22\u0e19\u0e49\u0e33 / \u0e41\u0e2b\u0e25\u0e48\u0e07\u0e19\u0e49\u0e33\u0e2a\u0e32\u0e18\u0e32\u0e23\u0e13\u0e30", "\u0e1b\u0e31\u0e0d\u0e2b\u0e32\u0e04\u0e27\u0e32\u0e21\u0e40\u0e14\u0e37\u0e2d\u0e14\u0e23\u0e49\u0e2d\u0e19\u0e08\u0e32\u0e01\u0e01\u0e32\u0e23\u0e14\u0e33\u0e40\u0e19\u0e34\u0e19\u0e01\u0e32\u0e23\u0e02\u0e2d\u0e07\u0e23\u0e31\u0e10", "\u0e1b\u0e31\u0e0d\u0e2b\u0e32\u0e17\u0e35\u0e48\u0e2a\u0e48\u0e07\u0e1c\u0e25\u0e01\u0e23\u0e30\u0e17\u0e1a\u0e01\u0e31\u0e1a\u0e01\u0e32\u0e23\u0e08\u0e23\u0e32\u0e08\u0e23", "\u0e1b\u0e31\u0e0d\u0e2b\u0e32\u0e40\u0e14\u0e37\u0e2d\u0e14\u0e23\u0e49\u0e2d\u0e19\u0e08\u0e32\u0e01\u0e01\u0e32\u0e23\u0e01\u0e48\u0e2d\u0e2a\u0e23\u0e49\u0e32\u0e07\u0e2d\u0e32\u0e04\u0e32\u0e23", "\u0e1b\u0e49\u0e32\u0e22\u0e42\u0e06\u0e29\u0e13\u0e32", "\u0e1c\u0e34\u0e14\u0e01\u0e0e\u0e08\u0e23\u0e32\u0e08\u0e23", "\u0e1c\u0e39\u0e49\u0e1e\u0e34\u0e01\u0e32\u0e23+\u0e43\u0e0a\u0e49\u0e25\u0e49\u0e2d", "\u0e1d\u0e32\u0e17\u0e48\u0e2d\u0e23\u0e30\u0e1a\u0e32\u0e22\u0e19\u0e49\u0e33\u0e0a\u0e33\u0e23\u0e38\u0e14", "\u0e1d\u0e32\u0e1a\u0e48\u0e2d\u0e1e\u0e31\u0e01\u0e43\u0e19\u0e17\u0e32\u0e07\u0e40\u0e17\u0e49\u0e32\u0e0a\u0e33\u0e23\u0e38\u0e14\u0e22\u0e38\u0e1a\u0e2a\u0e39\u0e0d\u0e2b\u0e32\u0e22", "\u0e1d\u0e38\u0e48\u0e19\u0e04\u0e27\u0e31\u0e19&\u0e01\u0e25\u0e34\u0e48\u0e19&PM2.5", "\u0e22\u0e32\u0e40\u0e2a\u0e1e\u0e15\u0e34\u0e14", "\u0e2a\u0e31\u0e15\u0e27\u0e4c", "\u0e2a\u0e32\u0e18\u0e32\u0e23\u0e13\u0e39\u0e1b\u0e42\u0e20\u0e04", "\u0e2d\u0e32\u0e04\u0e32\u0e23", "\u0e2d\u0e32\u0e04\u0e32\u0e23\u0e2a\u0e16\u0e32\u0e19\u0e17\u0e35\u0e48\u0e0a\u0e33\u0e23\u0e38\u0e14", "\u0e2d\u0e37\u0e48\u0e19\u0e46", "\u0e2d\u0e38\u0e1a\u0e31\u0e15\u0e34\u0e40\u0e2b\u0e15\u0e38", "\u0e2d\u0e38\u0e1b\u0e01\u0e23\u0e13\u0e4c\u0e0a\u0e33\u0e23\u0e38\u0e14", "\u0e40\u0e02\u0e37\u0e48\u0e2d\u0e19 \u0e04\u0e39\u0e04\u0e25\u0e2d\u0e07", "\u0e40\u0e23\u0e37\u0e48\u0e2d\u0e07\u0e23\u0e49\u0e2d\u0e07\u0e17\u0e38\u0e01\u0e02\u0e4c\u0e1b\u0e23\u0e30\u0e40\u0e20\u0e17\u0e2d\u0e37\u0e48\u0e19 \u0e46 - \u0e40\u0e23\u0e37\u0e48\u0e2d\u0e07\u0e23\u0e49\u0e2d\u0e07\u0e40\u0e23\u0e35\u0e22\u0e19\u0e17\u0e35\u0e48\u0e44\u0e21\u0e48\u0e2a\u0e32\u0e21\u0e32\u0e23\u0e16\u0e08\u0e31\u0e14\u0e40\u0e02\u0e49\u0e32\u0e1b\u0e23\u0e30\u0e40\u0e20\u0e17\u0e43\u0e14", "\u0e40\u0e2a\u0e19\u0e2d\u0e41\u0e19\u0e30", "\u0e40\u0e2a\u0e32\u0e44\u0e1f\u0e1f\u0e49\u0e32\u0e25\u0e49\u0e21/\u0e40\u0e2d\u0e35\u0e22\u0e07", "\u0e40\u0e2a\u0e35\u0e22\u0e07", "\u0e40\u0e2b\u0e15\u0e38\u0e40\u0e14\u0e37\u0e2d\u0e14\u0e23\u0e49\u0e2d\u0e19\u0e23\u0e33\u0e04\u0e32\u0e0d", "\u0e42\u0e04\u0e23\u0e07\u0e01\u0e32\u0e23 / \u0e19\u0e42\u0e22\u0e1a\u0e32\u0e22\u0e02\u0e2d\u0e07\u0e23\u0e31\u0e10", "\u0e42\u0e23\u0e07\u0e40\u0e23\u0e35\u0e22\u0e19", "\u0e44\u0e1f\u0e1f\u0e49\u0e32", "\u0e44\u0e21\u0e48\u0e21\u0e35\u0e16\u0e31\u0e07\u0e23\u0e2d\u0e07\u0e23\u0e31\u0e1a\u0e02\u0e22\u0e30"]]
