tree
version=v4
num_class=1
num_tree_per_iteration=1
label_index=0
max_feature_idx=9
objective=regression_l1
feature_names=district main_type sub_category severity comment_len day_of_week is_weekend month is_rainy_season hour
feature_infos=-1:4:24:44:16:28:12:26:17:1:41:18:36:2:9:19:25:40:52:43:7:34:46:49:23:45:35:3:31:11:53:21:10:51:20:5:37:48:32:6:38:8:0:27:15:30:14:22:47:50:39 -1:23:21:51:15:27:46:26:61:65:17:0:49:18:54:16:38:60:32:2:6:1:59:50:55:29:58:19:47:37:8:44:12:34:31:30:5:9:11:7:63:20:35:13:45:28:43:24:14:3:25:33:40:56:62:22:42:4:36:10:39 -1:105:155:102:92:111:177:167:95:19:86:67:96:25:158:131:93:134:112:117:2:12:123:135:165:154:163:83:109:97:58:129:149:39:153:65:130:30:80:54:168:72:17:122:73:24:133:51:46:29:3:114:33:88:124:118:66:10:45:60:47:1:7:56:0:164:121:116:70:50:21:36:87:49:76:84:175:41:42:32:106:148:160:89:99:38:127:132:90:61:171:4:146:34:44:63:172:40:144:11:31:57:79:145:59:78:115:48:15:119:126:20:62:91:120:169:64:107:108:137:152:161:170:8:35:53:75:103:140:141:166:9:13:18:27:52:98:100:101:113:128:6:37:69:85:125:136:143:147 [1:5] [0:4812] [0:6] [0:1] [1:12] [0:1] [0:23]
tree_sizes=5850 5840 6149 6178 6120 5745 6209 5973 6118 6155 5816 5860 6142 5782 6042 6099 6076 6092 6147 6108 6165 6031 6029 6160 5821 6131 5752 6007 6214 6103 5822 5840 5858 6012 5995 5810 6117 6121 6119 6196 6152 6101 6168 6141 5869 6111 6220 6089 5851 5939 5904 6118

Tree=0
num_leaves=63
num_cat=42
split_feature=0 2 2 2 0 0 2 0 0 2 2 0 2 0 4 0 2 4 7 0 4 0 0 7 0 0 2 2 0 4 4 7 2 2 0 2 0 7 7 0 0 2 7 0 0 1 0 1 1 0 7 7 8 5 5 7 4 7 0 0 2 7
split_gain=1999.43 868.565 403.589 383.316 266.934 216.94 205.86 163.442 162.402 84.071 83.4354 76.5757 63.9457 63.7547 61.8719 65.4907 55.1252 54.9808 53.8956 53.3099 53.0713 52.9446 44.3256 41.8945 36.848 29.4758 30.597 27.2223 26.2599 26.208 26.1807 25.8247 25.1752 24.7462 23.3465 22.5517 22.2278 21.9154 21.3052 21.9045 19.7661 18.0509 17.6048 22.2586 19.2832 34.7186 17.3138 16.7465 16.489 16.4794 28.2457 19.8103 19.7616 16.4582 16.3667 15.4755 14.9561 15.1727 17.0804 14.5294 14.3371 15.7868
threshold=0 1 2 3 4 5 6 7 8 9 10 11 12 13 75.500000000000014 14 15 57.500000000000007 7.5000000000000009 16 62.500000000000007 17 18 7.5000000000000009 19 20 21 22 23 106.50000000000001 69.500000000000014 1.5000000000000002 24 25 26 27 28 4.5000000000000009 7.5000000000000009 29 30 31 3.5000000000000004 32 33 34 35 36 37 38 11.500000000000002 8.5000000000000018 1.0000000180025095e-35 4.5000000000000009 4.5000000000000009 8.5000000000000018 37.500000000000007 8.5000000000000018 39 40 41 8.5000000000000018
decision_type=9 9 9 9 9 9 9 9 9 9 9 9 9 9 2 9 9 2 2 9 2 9 9 2 9 9 9 9 9 2 2 2 9 9 9 9 9 2 2 9 9 9 2 9 9 9 9 9 9 9 2 2 2 2 2 2 2 2 9 9 9 2
left_child=2 5 10 8 20 12 13 29 16 22 28 27 34 -4 15 38 23 31 19 42 36 60 -7 -3 -25 35 -27 -10 -1 55 -24 -9 49 -11 -2 -19 -5 48 -6 -40 -12 -22 43 -14 45 53 -35 -13 -15 50 51 54 59 -44 -16 -8 57 58 -17 -51 -20 -62
right_child=1 3 6 4 14 9 7 17 11 33 40 47 18 37 32 56 -18 25 21 -21 41 -23 30 24 -26 26 -28 -29 -30 -31 -32 -33 -34 46 -36 -37 -38 -39 39 -41 -42 -43 44 -45 -46 -47 -48 -49 -50 52 -52 -53 -54 -55 -56 -57 -58 -59 -60 -61 61 -63
leaf_value=1.9592388927936555 1.9695660889148712 1.9921063899993896 1.9686798661947251 1.9636240184307099 1.9897356450557708 1.994149136543274 1.9429784059524535 1.9876590132713319 2.0405155301094053 1.9253459662199019 1.9015675812959671 2.0005066275596617 1.9363271713256835 1.9799775123596191 2.0022588193416597 2.02238153219223 2.0169756650924682 1.9961582720279694 1.9682637929916382 2.010405147075653 1.9937854886054993 1.9869754195213318 1.9553370714187621 1.9935460209846496 1.9571615576744079 1.9693406224250793 1.9532879650592805 2.0127287745475768 1.9338641494512558 1.9492258369922637 1.9696695446968078 1.9520754843950272 1.9950307130813598 1.9350690752267838 1.9330591917037965 1.97293661236763 1.9763756036758422 1.9920654296875 1.9563412576913835 1.9826204061508179 1.9162455812096595 1.9801988363265992 1.9891290783882141 1.9846212983131408 2.0045690655708315 2.0020560979843141 1.956526017189026 2.0108492791652681 2.0307737588882446 2.0105681777000428 2.0206328153610231 1.9749918758869172 2.0020001351833345 1.9328140437602996 1.9809850335121155 1.927634060382843 1.9919115066528321 1.9890312075614929 2.0010931968688963 1.9949260056018829 1.983663946390152 1.9461352676153183
leaf_weight=401 207 417 800 1779 1024 357 901 184 1026 466 746 662 118 103 592 309 400 300 761 885 744 1042 1098 179 255 1627 623 338 2468 1361 1304 2004 702 314 241 1090 1670 571 460 401 794 3686 58 228 290 251 2203 2816 299 635 144 403 2400 119 145 958 853 389 385 778 56 196
leaf_count=401 207 417 800 1779 1024 357 901 184 1026 466 746 662 118 103 592 309 400 300 761 885 744 1042 1098 179 255 1627 623 338 2468 1361 1304 2004 702 314 241 1090 1670 571 460 401 794 3686 58 228 290 251 2203 2816 299 635 144 403 2400 119 145 958 853 389 385 778 56 196
internal_value=1.97485 1.98163 1.95982 1.9869 1.98313 1.96944 1.96503 1.96198 1.9977 1.96302 1.94706 2.00187 1.97772 1.9806 1.98872 1.98379 1.98147 1.96701 1.97974 1.9857 1.9763 1.9741 1.96936 1.97421 1.96333 1.97076 1.96724 2.01219 1.95234 1.95293 1.96691 1.96073 1.99198 1.95719 1.96001 1.9765 1.97165 1.98915 1.9771 1.97131 1.93743 1.97992 1.97802 1.96878 1.98251 1.97554 1.95932 1.99773 1.99824 1.99321 1.98791 1.98538 1.99495 1.95908 1.99025 1.94901 1.99022 1.9942 1.99863 1.99032 1.96601 1.95577
internal_weight=49016 33786 15230 23592 17499 10194 10821 9048 6093 5742 4409 4842 4452 1773 9620 3821 1251 5828 4004 1949 7879 2055 2759 851 434 3640 2250 1364 2869 3220 2402 2188 5799 2983 448 1390 3449 973 1885 861 1540 4430 1064 346 718 428 2517 3478 402 5097 1284 1140 3813 177 737 1859 1936 1083 694 1413 1013 252
internal_count=49016 33786 15230 23592 17499 10194 10821 9048 6093 5742 4409 4842 4452 1773 9620 3821 1251 5828 4004 1949 7879 2055 2759 851 434 3640 2250 1364 2869 3220 2402 2188 5799 2983 448 1390 3449 973 1885 861 1540 4430 1064 346 718 428 2517 3478 402 5097 1284 1140 3813 177 737 1859 1936 1083 694 1413 1013 252
cat_boundaries=0 2 8 14 20 22 24 30 32 34 38 43 45 51 53 55 61 63 65 67 69 71 77 83 85 91 97 99 105 107 109 111 117 119 121 122 124 126 128 130 132 134 139
cat_threshold=10755877 624744 33685641 84443664 67637504 275096640 1075839034 16 33558656 84419072 805835008 2465800 1075839082 16 537398276 541082752 12583426 2316304384 67108868 133248 2601156752 2105473 1075396682 1188753 1610613766 273040528 55574534 369098754 67108868 163872 10751488 32768 2348810240 3154561 33685512 32784 0 268443712 33558528 83894784 805310464 8192 1073741920 0 413968 129 67633152 0 270860288 2097184 16 8657408 557056 67125248 1315348 524288 4194304 0 1048576 67108868 131200 1654792 8704 524298 1180176 268435456 16384 2281701376 2105344 257 2120 655360 0 2147483648 134218305 134217728 8 524292 0 4194816 134217728 67108864 131072 0 65608 1092616192 1 2432761864 513 167772160 296 0 524288 256 2424832 0 16 1114186 8192 17301504 0 0 0 167772288 256 50364432 2105344 67108864 1049104 2097701 96 1073745922 262146 536936448 0 34603200 40 1048576 8192 1114112 512 134217728 2214592512 2097152 536870914 545259521 2 134610945 1077952514 262660 2 147712 65608 20480 33685504 0 0 64 1073741824
is_linear=0
shrinkage=1


Tree=1
num_leaves=63
num_cat=41
split_feature=0 1 1 0 1 0 0 0 1 1 0 1 1 7 1 0 7 0 0 1 7 0 0 8 7 1 9 0 7 7 7 1 7 7 5 0 0 1 8 0 0 9 7 0 0 7 0 1 1 0 9 0 0 1 0 7 0 7 5 1 0 7
split_gain=1853.26 763.288 359.377 253.047 244.157 204.919 183.738 162.245 139.781 127.476 78.5859 64.5811 52.1311 46.8199 50.1263 44.3809 43.2971 66.1198 40.2254 40.2165 39.7434 85.6194 33.8218 36.5246 52.5508 30.4463 28.024 25.4595 24.8186 21.9291 26.7326 24.2407 21.6972 21.3565 21.3251 20.1017 19.812 25.7092 19.7351 30.6105 23.8933 32.0041 19.6563 19.2377 18.3709 18.018 17.9322 17.5043 17.398 16.4396 15.7582 15.6914 15.4848 15.2863 22.4703 24.2298 15.9032 27.2695 19.6114 14.2373 14.1917 14.0829
threshold=0 1 2 3 4 5 6 7 8 9 10 11 12 7.5000000000000009 13 14 7.5000000000000009 15 16 17 7.5000000000000009 18 19 1.0000000180025095e-35 5.5000000000000009 20 5.5000000000000009 21 4.5000000000000009 6.5000000000000009 11.500000000000002 22 3.5000000000000004 9.5000000000000018 3.5000000000000004 23 24 25 1.0000000180025095e-35 26 27 16.500000000000004 7.5000000000000009 28 29 5.5000000000000009 30 31 32 33 12.500000000000002 34 35 36 37 3.5000000000000004 38 6.5000000000000009 4.5000000000000009 39 40 1.5000000000000002
decision_type=9 9 9 9 9 9 9 9 9 9 9 9 9 2 9 9 2 9 9 9 2 9 9 2 2 9 2 9 2 2 2 9 2 2 2 9 9 9 2 9 9 2 2 9 9 2 9 9 9 9 2 9 9 9 9 2 9 2 2 9 9 2
left_child=2 3 11 12 7 25 19 13 20 28 47 44 52 -3 -15 -10 17 53 48 33 21 32 23 36 -25 35 -23 -13 60 46 34 -32 -5 -4 51 -6 61 -38 40 45 -7 -42 -24 -16 -1 -40 -17 -9 -18 -22 -50 -31 -2 56 -55 -56 57 -14 -58 -26 -8 -11
right_child=1 4 6 8 5 38 9 10 15 22 -12 27 16 14 43 29 18 -19 -20 -21 49 26 42 24 59 -27 -28 -29 -30 30 31 -33 -34 -35 -36 -37 37 -39 39 -41 41 -43 -44 -45 -46 -47 -48 -49 50 -51 -52 -53 -54 54 55 -57 58 -59 -60 -61 -62 -63
leaf_value=-0.071795684248209007 -0.042684419974684723 0.024061521142721171 -0.028651114404201507 -0.018091486394405366 0.005589758157730107 0.014337371289730073 0.00095021322369575061 0.040412952303886418 0.009466198682785032 -0.00090607583522797077 0.033273796141147609 -0.014515298791229725 -0.016921789050102245 0.031912800073623661 -0.0044942504167556742 -0.0069457522034645121 -0.023917847126722337 0.038308437466621409 0.014788575172424313 -0.0076708059012889906 -0.037136029005050662 -0.03760683417320252 -0.015030673816800117 0.032673212885856631 0.0037763759493827822 0.013092932999134055 -0.026924667879939079 -0.039643778055906298 0.0064918462932109849 -0.022655661106109615 -0.0087054055929183926 0.019058955907821654 0.016301376819610591 -0.042523005455732343 -0.017863960713148119 -0.0032872705161571536 0.014688889682292939 -0.016792750507593157 0.030013892948627465 0.020490161478519432 0.017035069167613982 0.039816067814826966 -0.026523020863533021 -0.025113039910793306 -0.05808285631239414 0.02388858586549758 0.0099341738224029592 0.062568188309669509 -0.0091171415150165577 -0.015513809323310857 0.0042735940217971894 -0.0017491686344146774 -0.012078605741262433 0.031326348781585689 -0.032231885194778438 0.017218079715967172 0.0055462244153022758 0.028435277342796317 -0.038619427978992461 -0.010419802963733672 0.036814373731613163 -0.027428469210863116
leaf_weight=632 124 564 1812 106 2625 1053 105 240 1533 93 3396 426 75 143 129 1094 171 1153 1555 626 869 79 1320 309 623 1063 1008 2639 816 589 206 189 432 1034 966 2210 225 765 351 1942 1138 602 1373 216 688 1714 671 976 460 786 527 1025 240 826 132 160 232 58 158 895 397 452
leaf_count=632 124 564 1812 106 2625 1053 105 240 1533 93 3396 426 75 143 129 1094 171 1153 1555 626 869 79 1320 309 623 1063 1008 2639 816 589 206 189 432 1034 966 2210 225 765 351 1942 1138 602 1373 216 688 1714 671 976 460 786 527 1025 240 826 132 160 232 58 158 895 397 452
internal_value=0.000150971 0.00667831 -0.0143241 -0.00152261 0.0135641 0.00969468 -0.00941962 0.0222066 -0.00654083 -0.00493702 0.0262657 -0.026405 0.00664003 0.00433145 -0.00696721 -0.00215661 0.00785753 0.0122405 0.00337265 -0.0188972 -0.0148936 -0.00938462 -0.00800495 -0.00462633 0.000136836 0.00286053 -0.0173655 -0.0221951 0.00911145 -0.00454737 -0.00717647 0.00493671 0.00693431 -0.0214636 -0.00903101 0.00116615 -0.0103257 -0.0059 0.0156094 0.0178812 0.012406 0.016 -0.0121902 -0.0170423 -0.0359398 0.0221928 -0.000141643 0.0374388 -0.00368151 -0.0203927 -0.00105316 -0.00551425 -0.0114973 0.00566323 0.0089539 -0.00298013 -0.00140713 0.0129371 -0.0065 -0.00368906 0.0179283 -0.0179279
internal_weight=49016 33786 15230 15424 18362 12698 10845 5664 9553 7373 4612 4385 5871 1052 488 6273 5507 2794 2713 3472 3280 1625 6055 3362 1827 5898 1087 3065 1318 4740 2975 395 538 2846 2580 4835 1535 990 6800 4007 2793 1740 2693 345 1320 2065 1765 1216 1158 1655 987 1614 364 1641 1118 292 523 133 390 1518 502 545
internal_count=49016 33786 15230 15424 18362 12698 10845 5664 9553 7373 4612 4385 5871 1052 488 6273 5507 2794 2713 3472 3280 1625 6055 3362 1827 5898 1087 3065 1318 4740 2975 395 538 2846 2580 4835 1535 990 6800 4007 2793 1740 2693 345 1320 2065 1765 1216 1158 1655 987 1614 364 1641 1118 292 523 133 390 1518 502 545
cat_boundaries=0 2 4 6 8 11 13 15 17 19 22 24 25 26 28 30 32 34 36 38 40 42 44 45 47 48 50 52 54 56 58 60 62 63 65 67 69 70 72 74 76 78
cat_threshold=10755877 624744 1278116289 2151710724 201424961 4227136 1074872394 156560 2684356646 268845088 2 453689488 2105489 10750464 32768 2348810240 3146369 201326593 32768 2684882948 134631460 2 0 282896 134217729 1 2684354566 131072 268435456 1052673 1074872320 8720 1073741834 147968 548274176 872960001 134742160 1048576 4353 2120 8454656 143138816 0 65608 2359296 134889616 144 4096 2 336068608 1146093568 1196288 2219835392 1196032 2281701376 2097152 2097669 524320 184680464 4 536870916 268566560 134217728 17301648 3145733 2281734160 2097152 0 16912 201326656 1073807360 528 0 8192 8650752 612368385 4096 2048
is_linear=0
shrinkage=0.05


Tree=2
num_leaves=63
num_cat=37
split_feature=0 2 2 2 0 0 2 0 0 2 2 4 0 2 4 0 0 2 4 7 0 0 0 2 7 7 4 0 2 0 0 7 0 0 8 7 0 4 4 2 0 7 7 0 7 4 4 4 4 8 0 0 1 6 4 7 0 8 0 7 0 0
split_gain=1695.46 749.572 379.533 373.281 221.782 179.848 174.373 142.327 132.583 79.387 70.6445 61.6626 60.0795 58.2531 57.3612 63.4598 48.689 49.7611 44.6879 44.6316 53.9922 43.4665 39.0995 36.1422 32.5004 32.4361 30.2202 29.1631 29.0088 28.7217 26.3189 24.1144 26.3199 24.1081 34.1553 25.6217 23.7978 23.7326 21.9315 20.015 18.8698 30.5303 19.3161 18.6336 17.7708 17.5509 17.441 16.9243 16.7617 15.9686 20.2322 14.9271 17.8467 15.1888 14.8327 17.222 14.8291 14.648 14.2869 13.7953 13.7267 13.7019
threshold=0 1 2 3 4 5 6 7 8 9 10 228.50000000000003 11 12 75.500000000000014 13 14 15 44.500000000000007 7.5000000000000009 16 17 18 19 7.5000000000000009 3.5000000000000004 106.50000000000001 20 21 22 23 7.5000000000000009 24 25 1.0000000180025095e-35 5.5000000000000009 26 460.50000000000006 49.500000000000007 27 28 11.500000000000002 8.5000000000000018 29 1.5000000000000002 69.500000000000014 65.500000000000014 7.5000000000000009 17.500000000000004 1.0000000180025095e-35 30 31 32 1.0000000180025095e-35 37.500000000000007 8.5000000000000018 33 1.0000000180025095e-35 34 8.5000000000000018 35 36
decision_type=9 9 9 9 9 9 9 9 9 9 9 2 9 9 2 9 9 9 2 2 9 9 9 9 2 2 2 9 9 9 9 2 9 9 2 2 9 2 2 9 9 2 2 9 2 2 2 2 2 2 9 9 9 2 2 2 9 2 9 2 9 9
left_child=2 5 9 7 11 13 12 29 26 30 22 38 47 43 15 31 17 24 44 20 -15 -21 -7 40 -9 -14 -8 -11 -13 -3 -1 56 -33 57 36 -36 -35 39 58 -12 41 42 -16 -2 48 61 -32 -4 -10 50 -42 52 -41 -53 55 -17 -6 -20 -5 -23 -27 -24
right_child=1 3 6 4 14 10 8 16 18 27 37 28 25 19 23 54 -18 -19 33 21 -22 59 45 -25 -26 60 -28 -29 -30 -31 46 32 -34 34 35 -37 -38 -39 -40 51 49 -43 -44 -45 -46 -47 -48 -49 -50 -51 -52 53 -54 -55 -56 -57 -58 -59 -60 -61 -62 -63
leaf_value=-0.037451488740742216 -0.011495511446148155 0.057012039989233036 0.027572266884148114 -0.011617483150213959 0.0058682740256190361 0.018350889503955848 -0.038637565098702913 0.013238368816673752 0.026458451159298416 -0.053201980587095021 -0.044829556886106729 0.00086854996532201301 0.044361742213368409 0.0081075969338417105 0.021411914736032479 0.035897836893796935 0.03040211687982082 0.028708201229572294 -0.0059052440524101305 -0.0089931238070130367 0.033026974409818659 -0.0061677542924881042 -0.0021148986220359766 0.017009677287191143 -0.019120977237820625 -0.0067590708881616673 -0.022959071721881625 -0.063507805310189722 0.023258213482797142 0.036168717250227925 -0.035823237290605901 -0.01502569828927517 0.0082236503288149795 0.0010113382041454289 0.031170467883348475 0.0026160144358873373 -0.016858411125838756 0.0082171832770109084 0.0040028561577200809 -0.023456744611263281 0.015191097036004075 0.042058973804116252 0.0041762674897909196 -0.039368700582534083 -0.023685868874192242 -0.0051236962676048277 -0.022512347467243676 -0.0085332555808126983 -0.020697507768869406 0.025146819904446595 0.031826052159070965 -0.020813061431050307 -0.0071513128876686156 -0.028041697129607204 0.017911084275692695 0.011945581171661624 0.023343756601214405 -0.019042035622522241 0.00059640064090490388 0.018081888794898981 0.019232359208166596 -0.021580924034118643
leaf_weight=802 222 1067 57 1500 594 353 1858 154 80 719 496 538 404 1091 879 549 1483 421 524 953 805 146 299 1238 231 100 1362 930 1220 1532 781 569 578 548 235 1281 747 89 3499 192 747 153 451 204 1665 1303 1117 614 73 2422 758 1236 565 462 696 324 784 758 1265 896 575 822
leaf_count=802 222 1067 57 1500 594 353 1858 154 80 719 496 538 404 1091 879 549 1483 421 524 953 805 146 299 1238 231 100 1362 930 1220 1532 781 569 578 548 235 1281 747 89 3499 192 747 153 451 204 1665 1303 1117 614 73 2422 758 1236 565 462 696 324 784 758 1265 896 575 822
internal_value=0.000301942 0.00654515 -0.0135433 0.0114192 0.00820283 -0.00483044 -0.00853457 0.023724 -0.0113062 -0.0260266 -0.0105629 0.00190488 0.00590909 0.00290039 0.0128999 0.00825598 0.0144628 0.00441176 -0.00683162 0.00483209 0.0103376 -0.00037594 -0.00475422 0.0157792 -0.00848101 0.0131772 -0.0194737 -0.0348704 0.010182 0.0317938 -0.0205166 0.00329389 -0.00204882 -0.00394576 -0.00132932 0.00375989 -0.0072973 -0.0158361 -0.00041507 -0.0166554 0.0175461 0.0124246 0.0100752 -0.0144495 -0.0133663 -0.00702547 -0.0170335 -0.00580029 0.00294118 0.0194437 0.0154485 -0.0145842 -0.00840939 -0.0172717 0.0161178 0.0205613 0.00776488 -0.00959752 -0.00374322 0.00665399 0.00659259 -0.0116414
internal_weight=49016 33786 15230 23652 18764 10134 10881 4888 9131 4349 5817 8022 1750 4317 10742 4094 2289 806 5911 3891 1896 1995 2777 6648 385 1079 3220 1649 1758 2599 2700 2525 1147 4093 2811 1516 1295 3040 6264 2951 5410 1483 1330 426 1818 2424 1898 671 153 3927 1505 2455 757 1698 1569 873 1378 1282 2765 1042 675 1121
internal_count=49016 33786 15230 23652 18764 10134 10881 4888 9131 4349 5817 8022 1750 4317 10742 4094 2289 806 5911 3891 1896 1995 2777 6648 385 1079 3220 1649 1758 2599 2700 2525 1147 4093 2811 1516 1295 3040 6264 2951 5410 1483 1330 426 1818 2424 1898 671 153 3927 1505 2455 757 1698 1569 873 1378 1282 2765 1042 675 1121
cat_boundaries=0 2 8 14 20 22 24 30 32 34 39 43 45 51 53 55 61 63 65 67 73 75 81 83 84 86 88 90 96 98 100 102 104 105 107 109 111 113
cat_threshold=10755877 624744 33685633 84419072 67637504 275096640 1075839034 32784 33558656 17342976 805835008 2465800 1075839082 16 537398276 541066368 12583426 168820736 67108868 133120 453673104 2105473 1075396674 1188753 1610613766 273024144 54525958 301989890 100663300 163872 1343946832 413972 10751488 32768 33558528 16818688 805310464 0 1073741888 33685504 8192 0 268443712 8657408 32768 1 67633152 0 270860288 2097184 16 2214674432 1315348 2214592512 3146241 524288 0 0 0 0 131072 1654784 8705 524290 1180176 268435456 16384 1092616192 1 2432696320 513 167772160 424 8396032 100360 16781312 268435456 2147483660 67109377 0 256 0 20752 2362368 2214592512 1049104 36 589824 257 2112 128 524288 256 2424832 0 16 3225436162 262660 1638466 8192 68157440 1048848 134348944 262144 67108865 67108864 4112 50364432 2105344 2097152 524288 71303176 266244
is_linear=0
shrinkage=0.05


Tree=3
num_leaves=63
num_cat=39
split_feature=0 2 2 2 0 0 0 2 0 2 2 2 0 2 0 2 0 0 0 2 2 0 7 7 1 0 7 7 7 7 9 9 0 9 9 9 1 7 0 0 0 7 7 2 2 0 7 0 0 0 1 5 9 0 9 0 0 7 7 7 9 7
split_gain=1550.42 761.017 360.878 330.756 224.613 193.757 158.581 139.922 110.318 76.1276 70.0907 66.0388 61.8813 54.8576 52.6046 48.0057 47.7301 39.0739 35.401 34.8726 31.5373 29.2154 28.6569 25.5378 22.53 21.8846 21.5433 21.3497 20.1893 22.1442 19.5931 25.8311 20.0377 19.4537 17.7036 21.2237 24.0517 20.6336 17.0402 16.7948 16.0416 15.8872 15.6883 15.5762 15.5183 14.3223 18.9823 13.9112 13.8057 13.3567 12.9276 12.8677 12.7629 12.6803 12.6369 12.527 11.9628 16.2649 11.9014 11.4248 11.3684 11.1861
threshold=0 1 2 3 4 5 6 7 8 9 10 11 12 13 14 15 16 17 18 19 20 21 10.500000000000002 7.5000000000000009 22 23 8.5000000000000018 7.5000000000000009 7.5000000000000009 3.5000000000000004 17.500000000000004 7.5000000000000009 24 17.500000000000004 5.5000000000000009 13.500000000000002 25 10.500000000000002 26 27 28 1.5000000000000002 3.5000000000000004 29 30 31 11.500000000000002 32 33 34 35 4.5000000000000009 17.500000000000004 36 19.500000000000004 37 38 7.5000000000000009 11.500000000000002 11.500000000000002 17.500000000000004 7.5000000000000009
decision_type=9 9 9 9 9 9 9 9 9 9 9 9 9 9 9 9 9 9 9 9 9 9 2 2 9 9 2 2 2 2 2 2 9 2 2 2 9 2 9 9 9 2 2 9 9 9 2 9 9 9 9 2 2 9 2 9 9 2 2 2 2 2
left_child=3 5 6 11 10 15 20 14 43 16 48 33 13 23 -5 17 28 27 22 56 -3 44 42 -8 26 -13 54 -2 29 -7 31 51 -33 -1 55 36 37 -36 -35 -37 -17 60 -6 -9 -11 46 -24 -38 -4 50 -21 -23 -19 -30 -10 -12 57 -20 -58 -41 -16 -18
right_child=1 2 4 7 18 9 12 8 24 21 34 25 -14 -15 41 40 61 52 19 49 -22 30 45 -25 -26 -27 -28 -29 53 -31 -32 32 -34 38 35 39 47 -39 -40 59 -42 -43 -44 -45 -46 -47 -48 -49 -50 -51 -52 -53 -54 -55 -56 -57 58 -59 -60 -61 -62 -63
leaf_value=-0.034281029124185451 0.04126363094598056 0.058103880485519767 0.0097765144947916278 -0.0036923831338994298 0.019032140572369106 -0.0062725453346967608 0.0058891072552651027 -0.0014070993952918776 -0.027466014078445733 -0.0081305039644241402 0.00070153192095458454 -0.06145606094636024 0.028301182398945079 0.036037135025858903 0.028994552899152051 -0.038084896424226466 -0.0089068456776440156 0.0016000896289944722 0.026779480118118228 -0.0032850421367213059 0.028365514437109218 -0.039926155783981093 -0.044857373607903733 -0.018601806580275295 -0.012588690786436197 -0.051356851395405828 -0.039533122113719579 0.014493326324224466 0.01288575079739095 0.030727161696553242 -0.046323597610741868 -0.05449820981565863 -0.015240474969893704 -0.028840001244470483 -0.0065738559613004351 -0.0027576459165662651 0.0084571969647891775 -0.019082878954336049 -0.010025728585571048 0.0044699681814759917 -0.011829637539200483 0.01964040234051645 0.029668878930062051 -0.013673290630429985 -0.024571149438526479 0.019019454042613515 0.086839624416083089 -0.0055153692565858342 0.020964328737556933 0.0026982322039082575 0.024673433942068369 -0.034908105852827435 0.016090016873553391 -0.011462294099852444 -0.0094067027855664464 0.039064816939085728 0.017417114096134889 0.00081496563777327946 0.039812383880466221 0.016933274592831737 0.078321161177009338 -0.01673583262339234
leaf_weight=2001 284 1246 454 800 497 202 112 1186 1573 918 126 802 2798 259 57 126 1202 2375 574 116 349 102 61 179 653 710 1565 313 207 326 507 118 765 227 1717 1423 824 425 314 2420 300 574 2104 3008 440 393 55 670 998 1129 1060 98 698 319 231 131 3536 522 278 220 57 1282
leaf_count=2001 284 1246 454 800 497 202 112 1186 1573 918 126 802 2798 259 57 126 1202 2375 574 116 349 102 61 179 653 710 1565 313 207 326 507 118 765 227 1717 1423 824 425 314 2420 300 574 2104 3008 440 393 55 670 998 1129 1060 98 698 319 231 131 3536 522 278 220 57 1282
internal_value=0.000240738 0.00579562 0.0106052 -0.013989 0.00756977 -0.00541918 0.0226832 -0.00895615 -0.0115123 -0.0107913 0.00197494 -0.0259843 0.0163788 0.000892857 0.00514019 0.00309303 -0.00580609 0.00494565 0.0126609 0.010692 0.0357321 -0.0167343 0.0171795 -0.0137874 -0.0174355 -0.0344941 -0.0191329 0.0165568 0.0031015 0.0100379 -0.0214375 -0.0177747 -0.0140997 -0.0208072 0.000125534 -0.000305234 -0.00308031 -0.00645911 -0.0124769 0.00217819 -0.0126147 0.0151862 0.0193579 -0.005804 -0.0111111 0.00638507 -0.00873016 0.00179521 0.0120383 0.00555076 0.00927487 -0.034 0.00264353 -0.00380228 -0.0154656 0.013035 0.0130894 0.00822785 0.0144613 0.0045283 0.0324561 -0.009583
internal_weight=49016 35258 24676 13758 19733 10582 4943 9704 8216 6486 9408 4054 3348 550 1488 4096 3538 3670 10325 7215 1595 2948 3110 291 4022 1512 3369 597 1054 528 1590 1083 883 2542 7956 7699 3636 2142 541 4063 426 688 2601 4194 1358 509 116 1494 1452 2305 1176 200 3073 526 1804 257 4910 1096 3814 2640 114 2484
internal_count=49016 35258 24676 13758 19733 10582 4943 9704 8216 6486 9408 4054 3348 550 1488 4096 3538 3670 10325 7215 1595 2948 3110 291 4022 1512 3369 597 1054 528 1590 1083 883 2542 7956 7699 3636 2142 541 4063 426 688 2601 4194 1358 509 116 1494 1452 2305 1176 200 3073 526 1804 257 4910 1096 3814 2640 114 2484
cat_boundaries=0 2 8 14 20 22 24 26 32 34 39 45 50 52 58 60 65 67 69 71 77 83 85 87 89 91 93 95 97 99 105 110 112 114 116 118 120 122 124 126
cat_threshold=10755877 624672 33685641 84411136 67637504 275096648 1075839034 32784 537398292 541066372 12583424 167772160 67174404 133120 33558656 17310272 805835008 2465792 1075839210 16 2601156752 2105545 1075396682 140177 65552 413972 1610613766 273039504 54525956 100663298 67108868 163872 4385 591904 33685512 16777216 4096 272638016 1073741824 1073741826 268845074 16842822 1048576 34603200 136 33558528 16785984 805310464 0 1073742016 67108864 1049089 524288 4194304 0 0 0 131072 10754560 557056 33685512 16777216 524288 6332480 1073741832 268435584 1069056 64 384 1048584 1196288 1090519042 16384 2 68157953 167772160 392 525312 0 4194816 0 67108864 131072 436371600 262144 614727681 604504065 2097701 524320 2147483648 64 8815105 536870912 10750464 524288 33554448 2105352 0 529 524289 0 2 407896576 33554432 264 0 67108864 256 98304 2097152 0 1048576 2583822480 2097152 150994944 2105353 1073823808 528 64 16449 0 20480 50856080 1 16384 528
is_linear=0
shrinkage=0.05


Tree=4
num_leaves=63
num_cat=47
split_feature=0 2 2 2 0 0 0 0 2 2 2 0 0 2 2 0 2 7 0 2 2 0 7 7 0 0 1 0 0 0 0 7 0 8 8 0 2 7 0 7 1 0 0 7 0 2 7 0 8 7 0 1 0 0 7 0 0 0 7 0 7 0
split_gain=1423.87 641.03 328.302 326.799 186.704 160.96 158.43 145.624 109.871 99.2608 76.3907 75.3613 56.7826 52.8258 41.2352 38.3711 35.6563 35.2551 34.66 36.0528 33.6269 31.5243 30.6668 28.6614 25.1202 23.7761 23.1216 22.0562 22.0258 19.9606 19.7007 19.6739 18.9592 18.6479 18.2094 35.4538 40.252 33.9818 32.7576 17.6064 16.4497 16.3569 15.5514 18.0308 14.4415 14.2828 14.2807 20.0571 14.1014 42.9056 24.5239 23.41 22.9735 17.9065 13.9957 13.8818 13.4542 13.3978 13.3195 13.3059 12.8948 12.635
threshold=0 1 2 3 4 5 6 7 8 9 10 11 12 13 14 15 16 7.5000000000000009 17 18 19 20 7.5000000000000009 4.5000000000000009 21 22 23 24 25 26 27 9.5000000000000018 28 1.0000000180025095e-35 1.0000000180025095e-35 29 30 7.5000000000000009 31 6.5000000000000009 32 33 34 9.5000000000000018 35 36 2.5000000000000004 37 1.0000000180025095e-35 5.5000000000000009 38 39 40 41 1.5000000000000002 42 43 44 9.5000000000000018 45 7.5000000000000009 46
decision_type=9 9 9 9 9 9 9 9 9 9 9 9 9 9 9 9 9 2 9 9 9 9 2 2 9 9 9 9 9 9 9 2 9 2 2 9 9 2 9 2 9 9 9 2 9 9 2 9 2 2 9 9 9 9 2 9 9 9 2 9 2 9
left_child=3 6 5 10 13 26 21 16 23 15 27 22 14 41 29 17 31 25 33 -20 -17 60 59 55 -12 -8 -3 39 -10 -7 -21 -5 -19 -6 38 36 -36 61 -23 -1 42 -4 46 -44 -13 -40 47 -15 50 52 -30 -52 -50 -51 -29 -9 -24 -45 -39 -11 -2 -37
right_child=1 2 4 7 18 12 9 8 28 11 24 44 -14 40 -16 20 -18 32 19 30 -22 34 56 -25 -26 -27 -28 54 48 -31 -32 -33 -34 -35 35 37 -38 58 45 -41 -42 -43 43 57 -46 -47 -48 -49 49 53 51 -53 -54 -55 -56 -57 -58 -59 -60 -61 -62 -63
leaf_value=0.0014115536006167552 0.035911791580133155 0.056813131353724768 0.020471859252750881 -0.024643725662552747 0.020480179220959561 -0.025254108112649984 0.0058923468299582728 0.0080555514167644955 -0.02089033805517946 0.011574064625166365 -0.060168193172272316 -0.0070235789331328019 0.027547668525837343 -0.032066389073636382 0.031295632258784026 -0.056336882138028732 -0.0073666966961184579 -0.0090183991836011446 0.017705297752916828 0.020477533862900455 -0.028633535473756501 -0.027784230870977047 0.023219035169696436 0.0057271227886900311 -0.049358377724504091 -0.025031535835547836 0.029453465057052666 -0.06571948834078388 -0.019542193878329131 0.00039072927009314862 0.0015095122006628771 -0.037045263178888711 -0.039749426391310988 0.028285826788730907 0.039928172938432538 -0.00018223356136121138 0.0065039322833809927 -0.013057937808427967 -0.032401053247824323 -0.021288137364555149 0.0046306420300668005 0.0073618512782454466 -0.0025375402977503847 -0.025229188880017031 -0.016676715421490369 0.010370737073970959 0.0037113271034136422 0.0013906159544177178 -0.0062357373376563221 -0.019700659930965626 0.010111820337269456 -0.015401821686362383 0.034036062740795313 -0.0045741076348535638 -0.032113057083897292 0.046803753067124636 -0.0071618617063760716 -0.010927567623350771 0.0033748932977765824 0.035009374270122511 0.013634101032316681 0.031430816478058711
leaf_weight=215 321 1146 829 1698 954 134 330 144 1886 430 774 1526 2431 111 356 241 765 462 5418 1204 1227 254 110 677 733 288 390 126 792 224 1270 1015 237 1547 218 230 246 439 103 269 3214 511 1445 169 1532 514 2008 275 107 368 330 653 220 1345 1973 297 571 520 236 276 330 352
leaf_count=215 321 1146 829 1698 954 134 330 144 1886 430 774 1526 2431 111 356 241 765 462 5418 1204 1227 254 110 677 733 288 390 126 792 224 1270 1015 237 1547 218 230 246 439 103 269 3214 511 1445 169 1532 514 2008 275 107 368 330 653 220 1345 1973 297 571 520 236 276 330 352
internal_value=0.000195854 0.00568867 0.0101672 -0.0130201 0.00730049 0.0220529 -0.00464085 -0.00825167 -0.00399034 -0.00875691 -0.0249756 -0.00409652 0.0154517 0.00205675 0.00290055 -0.0161538 -0.0165711 -0.00975885 0.0118764 0.0102126 -0.0217862 0.00453428 0.0055476 0.0102837 -0.0341134 -0.00113269 0.0353816 -0.0195334 -0.00680266 -0.00896739 0.00515298 -0.0192986 -0.017525 0.0170649 0.00203689 0.00502615 0.0166667 0.000591949 -0.00384615 -0.00931174 0.000464396 0.0111852 -0.00147642 -0.0045709 -0.00847458 0.00247209 0.00128952 -0.00751295 -0.00458824 -0.00176471 -0.00785915 -0.00246727 0.0148318 -0.00493287 -0.021835 0.0202948 -0.00198238 -0.0112482 -0.00703704 0.0128895 0.0142965 0.00945017
internal_weight=49016 34629 24156 14387 19475 4681 10473 10297 6819 7230 4090 4445 3145 9082 714 2785 3478 1317 10393 7892 1468 3243 1387 1118 1507 618 1536 2583 5701 358 2474 2713 699 2501 2592 1721 464 1257 871 484 7742 1340 4528 2134 3058 617 2394 386 3815 2040 1775 983 327 1713 2099 441 681 689 675 706 651 582
internal_count=49016 34629 24156 14387 19475 4681 10473 10297 6819 7230 4090 4445 3145 9082 714 2785 3478 1317 10393 7892 1468 3243 1387 1118 1507 618 1536 2583 5701 358 2474 2713 699 2501 2592 1721 464 1257 871 484 7742 1340 4528 2134 3058 617 2394 386 3815 2040 1775 983 327 1713 2099 441 681 689 675 706 651 582
cat_boundaries=0 2 8 14 20 22 24 26 28 34 40 45 47 49 55 61 63 69 71 77 83 85 87 89 92 94 96 98 100 102 104 108 110 112 113 114 116 120 121 123 125 127 129 131 133 135 137 138
cat_threshold=10755877 624736 33685641 84455936 67637504 275096640 1075839034 16 537398292 4195456 12583424 168820736 65540 133120 33558656 17310208 805835008 2465800 1075839082 16 2601156752 2105481 65552 413972 1075396682 139648 10750464 32768 537395206 16512 4194310 440401922 100663300 131104 129 67633664 524544 2458624 2097154 16 33558528 16785408 805310464 8192 1073741888 268435456 1065493 2214592512 1049097 1073741824 537149458 6 0 101712064 136 524288 4194304 0 0 0 131072 436371600 1310720 524288 0 2147484170 134218307 134217856 136 1048584 147712 1092616192 16384 2 67109376 234881088 168 0 524288 256 327680 0 16 64 384 2097669 524384 134217872 1048576 0 16384 2 288 98368 1060 524288 0 512 1073823808 528 302120960 262144 1048576 8192 0 0 0 98304 1048576 8192 8815105 536887296 2449637520 2567569536 21135488 266240 33554432 0 0 32768 268566528 4096 32 131072 604635136 1 65632 256 65536 4353 65536 0 16385 32768 8 268435456 21 81920
is_linear=0
shrinkage=0.05


Tree=5
num_leaves=63
num_cat=20
split_feature=0 0 0 7 0 0 4 0 5 7 7 9 4 0 9 7 4 0 7 0 0 4 4 4 7 5 0 4 7 7 4 0 7 7 0 9 4 7 7 0 0 7 0 8 0 9 7 4 0 9 4 4 7 7 0 7 7 0 7 5 3 4
split_gain=1275.81 304.151 176.106 93.3744 55.4618 52.6094 58.8236 48.9397 51.0236 46.7753 40.8496 37.8284 40.5259 33.6976 29.7706 28.9711 33.0239 32.9794 28.8747 28.327 27.972 27.1913 28.0386 24.6038 24.2368 23.4414 22.9046 22.7218 19.7519 21.5644 18.5343 18.3303 17.9627 17.6149 19.0974 23.1575 17.2007 16.566 22.2063 16.3097 15.9465 15.6967 23.9238 14.272 18.9514 14.1752 14.16 14.0306 14.0221 13.7287 13.777 13.5419 13.5388 13.3873 13.3629 13.3389 13.1804 17.3608 25.1267 15.7481 13.1218 12.6029
threshold=0 1 2 7.5000000000000009 3 4 65.500000000000014 5 4.5000000000000009 6.5000000000000009 3.5000000000000004 18.500000000000004 110.50000000000001 6 17.500000000000004 1.5000000000000002 17.500000000000004 7 11.500000000000002 8 9 56.500000000000007 1.0000000180025095e-35 21.500000000000004 7.5000000000000009 4.5000000000000009 10 122.50000000000001 8.5000000000000018 11.500000000000002 524.50000000000011 11 11.500000000000002 7.5000000000000009 12 21.500000000000004 1.0000000180025095e-35 8.5000000000000018 4.5000000000000009 13 14 3.5000000000000004 15 1.0000000180025095e-35 16 11.500000000000002 3.5000000000000004 12.500000000000002 17 8.5000000000000018 305.50000000000006 248.50000000000003 1.5000000000000002 7.5000000000000009 18 8.5000000000000018 11.500000000000002 19 10.500000000000002 1.0000000180025095e-35 4.5000000000000009 71.500000000000014
decision_type=9 9 9 2 9 9 2 9 2 2 2 2 2 9 2 2 2 9 2 9 9 2 2 2 2 2 9 2 2 2 2 9 2 2 9 2 2 2 2 9 9 2 9 2 9 2 2 2 9 2 2 2 2 2 9 2 2 9 2 2 2 2
left_child=2 4 25 7 37 18 13 10 41 27 20 12 19 -7 21 16 -16 -17 51 36 -3 22 -4 -22 39 28 61 46 -1 -30 54 -24 40 48 -35 -36 -6 38 -2 47 49 42 52 44 -42 -29 -10 -21 -13 50 -14 -5 -9 -45 -23 -55 57 58 -8 -60 -56 -11
right_child=1 3 14 5 11 6 56 8 9 26 -12 33 32 -15 15 17 -18 -19 -20 24 23 30 31 -25 -26 -27 -28 45 29 -31 -32 -33 -34 34 35 -37 -38 -39 -40 -41 43 -43 -44 53 -46 -47 -48 -49 -50 -51 -52 -53 -54 55 60 -57 -58 -59 59 -61 -62 -63
leaf_value=-0.023671759159226671 0.030130419923539289 -0.023329930936124177 0.024648739372009287 -0.019455545473552778 0.040030644767401917 -0.0013143318936750471 0.013252618620736067 0.049899388391237351 -0.022261001015630555 -0.022176976643713195 0.0074089501087865831 0.028240766980132094 -0.014333142784838548 -0.017562324469670654 0.072064915464802634 -0.033470764079504646 0.0054765726720508506 -0.003948077933127514 0.00537363535794615 0.029765350454448725 -0.016346845113375221 -0.022632702676395656 -0.039349473140301183 0.0023114218472875757 0.005732043021924333 -0.032093532922683292 -0.032413141510265663 0.0021300405332525308 -0.038580560195676045 -0.017970819670378224 0.004062482541459622 -0.014106170191214419 0.036951180422805256 0.02837632056978159 -0.0022492467421189157 0.032116223853979733 0.00050345403983700909 0.025629310016974795 0.046543637277540309 0.030494852476317471 0.03108726027909994 0.022578896531172111 0.003693364931616594 0.032854891851741834 0.0065012980000805189 0.02047823777295742 0.0097549786911020012 0.0031821684243213523 0.03284599047203738 0.012529152839490682 0.021096791992984733 -0.0022423474074378725 0.0089832306234706172 0.0023350220510791942 -0.011723783018811175 0.024296219395749288 0.01591413964847661 0.00072910343984697876 -0.038893587235458174 0.0033476828392569381 -0.048575725079794192 0.03627713276948593
leaf_weight=2122 520 453 85 1710 50 1325 596 152 215 32 3605 555 203 1131 61 507 167 1627 441 50 274 1245 819 1402 1164 1267 271 120 1465 299 313 1192 433 624 404 160 2270 765 738 727 290 2246 942 858 656 300 253 324 765 1546 63 566 319 240 3158 739 732 3137 57 123 60 83
leaf_count=2122 520 453 85 1710 50 1325 596 152 215 32 3605 555 203 1131 61 507 167 1627 441 50 274 1245 819 1402 1164 1267 271 120 1465 299 313 1192 433 624 404 160 2270 765 738 727 290 2246 942 858 656 300 253 324 765 1546 63 566 319 240 3158 739 732 3137 57 123 60 83
internal_value=0.000177493 0.00537689 -0.0123324 0.00148085 0.0110146 -0.00203707 0.000232035 0.00472016 0.00836537 -0.000235479 0.00156685 0.00971478 0.00829606 -0.00602606 -0.00817828 -0.00334462 0.0135965 -0.00515464 -0.00793913 0.0048964 -0.00392203 -0.00985157 -0.0145992 -0.00088968 0.00885714 -0.0197463 -0.0147668 0.00608108 -0.017859 -0.0217687 -0.00776801 -0.0157882 0.0113962 0.0151914 0.0107744 0.00383275 0.000987124 0.0187162 0.022337 0.0142144 0.0104788 0.0113829 0.00725407 0.0128715 0.00792812 0.0145238 -0.00149573 0.00520833 0.0191667 0.00669594 -0.0037594 -0.0102373 0.0163202 0.0154872 -0.00859287 0.0114913 0.00354144 0.00238947 0.00903308 -0.00722222 -0.00681537 0.0044
internal_weight=49016 34629 14387 20485 14144 9818 7101 10667 4933 1274 5734 12121 9613 2456 9234 2362 228 2134 2717 4585 2129 6872 2096 1676 2265 5153 386 888 3886 1764 4776 2011 5028 2508 1188 564 2320 2023 1258 1101 4595 3659 1413 2783 946 420 468 374 1320 1812 266 2276 471 1837 4463 979 4645 3913 776 180 3218 115
internal_count=49016 34629 14387 20485 14144 9818 7101 10667 4933 1274 5734 12121 9613 2456 9234 2362 228 2134 2717 4585 2129 6872 2096 1676 2265 5153 386 888 3886 1764 4776 2011 5028 2508 1188 564 2320 2023 1258 1101 4595 3659 1413 2783 946 420 468 374 1320 1812 266 2276 471 1837 4463 979 4645 3913 776 180 3218 115
cat_boundaries=0 2 4 6 8 10 12 14 16 18 20 22 24 26 28 30 32 34 36 38 40
cat_threshold=10755877 624736 1079066698 1462672 10750464 32768 0 16640 128 2097677 2332164112 8197 420085760 8192 4 524288 65536 1052688 131072 8192 67108992 8 1028 2080 1065032 4112 1074790408 128 4194314 266368 32896 512 16384 131088 1077952512 397328 1028 524288 67141632 8192
is_linear=0
shrinkage=0.05


Tree=6
num_leaves=63
num_cat=38
split_feature=0 2 2 2 0 0 0 2 0 2 4 0 0 0 2 4 2 2 0 0 7 2 0 2 0 4 2 2 4 7 9 7 4 0 2 4 9 0 7 0 9 0 1 0 4 0 4 5 0 4 0 9 4 7 0 2 0 7 0 7 7 7
split_gain=1141.82 613.326 313.323 298 158.332 153.212 150.663 140.311 105.224 75.4296 64.3714 53.5669 44.7638 43.4006 40.3045 38.8189 37.3908 34.4304 33.8114 33.2959 33.5403 32.3773 36.3359 29.7303 26.8799 25.3271 23.3664 23.0929 22.919 22.4471 21.5591 20.9997 20.7069 22.7975 20.6019 19.8067 19.4937 18.9587 18.5209 17.683 16.591 16.4637 16.2962 16.065 15.7479 19.7863 15.7084 15.4829 25.4179 30.9318 14.7661 14.3753 14.3497 14.1148 13.8357 14.5209 13.6776 13.1763 13.1341 13.0929 12.9162 13.1217
threshold=0 1 2 3 4 5 6 7 8 9 49.500000000000007 10 11 12 13 57.500000000000007 14 15 16 17 7.5000000000000009 18 19 20 21 69.500000000000014 22 23 110.50000000000001 7.5000000000000009 17.500000000000004 7.5000000000000009 72.500000000000014 24 25 492.50000000000006 19.500000000000004 26 1.5000000000000002 27 19.500000000000004 28 29 30 148.50000000000003 31 176.50000000000003 3.5000000000000004 32 256.50000000000006 33 18.500000000000004 14.500000000000002 10.500000000000002 34 35 36 8.5000000000000018 37 7.5000000000000009 7.5000000000000009 3.5000000000000004
decision_type=9 9 9 9 9 9 9 9 9 9 2 9 9 9 9 2 9 9 9 9 2 9 9 9 9 2 9 9 2 2 2 2 2 9 9 2 2 9 2 9 2 9 9 9 2 9 2 2 9 2 9 2 2 2 9 9 9 2 9 2 2 2
left_child=3 6 5 14 21 17 18 13 28 12 54 16 46 -5 -1 30 31 -3 60 27 37 32 -23 35 -16 -14 58 -11 -9 42 -10 -7 33 -4 -20 -17 -36 -21 -15 -22 -30 -33 -24 -31 -29 51 -8 48 49 53 -32 -46 -45 -34 55 -6 -49 -51 -12 -52 61 -2
right_child=1 2 4 7 10 11 9 8 15 19 26 -13 25 38 24 23 -18 -19 34 20 39 22 29 -25 -26 -27 -28 44 40 43 50 41 47 -35 36 -37 -38 -39 -40 -41 -42 -43 -44 52 45 -47 -48 56 -50 57 59 -53 -54 -55 -56 -57 -58 -59 -60 -61 -62 -63
leaf_value=-0.031755811190235621 0.0073900273134118516 0.050309940262936052 0.025329923569866367 -0.0044775406943684424 0.018724558433142781 0.012335356320988235 -0.0010054335532134861 -0.031797564050615922 -0.023549941743302574 -0.055952357091482365 0.023465268945613085 0.025544048788937138 -0.017895088223370516 0.066794065871345953 -0.059413880598219775 -0.003308989498769488 0.028267690175189344 0.026022839762379891 -0.022671746988427458 0.0033340657429151155 -0.010029144196194873 0.025167662095773615 -0.016491661235081233 -0.014972719281791565 -0.045273032936021196 -0.0061004286777527339 0.0046545365663584809 -0.033276375104211366 -0.021154822971537996 0.012405988914640165 0.0016572906156391511 0.011890727432664283 0.017037017320312178 0.0085023381916287111 -3.6087283519675716e-05 0.023968959315578769 0.029083562361874395 -0.019800545670560762 0.014776518966627039 -0.034600434022319083 0.0042958195737242688 -0.017348276710380056 0.016343188209520722 -0.027163077182795203 0.014801086939496166 -0.028743600941962016 0.014003532373032913 0.015275381067655525 0.025677033668874128 0.0022958248973559358 -0.0068801803176151647 -0.041690314684638408 -0.007100611452024114 -0.0018178031389985971 0.00028793352226010873 -0.011978895192499756 0.022860890329781891 -0.0031125665333574639 0.0092049367907593889 -0.040101294439772797 0.011965258012135584 0.036336683025530524
leaf_weight=1144 84 1275 814 827 108 242 1011 2203 1619 218 424 2522 1111 138 527 2156 352 460 109 413 498 1119 135 1430 915 1188 5298 584 1132 294 143 112 676 1425 2584 178 359 340 694 336 151 216 931 63 138 540 433 232 1408 114 294 37 512 128 1443 1938 1395 132 944 207 328 235
leaf_count=1144 84 1275 814 827 108 242 1011 2203 1619 218 424 2522 1111 138 527 2156 352 460 109 413 498 1119 135 1430 915 1188 5298 584 1132 294 143 112 676 1425 2584 178 359 340 694 336 151 216 931 63 138 540 433 232 1408 114 294 37 512 128 1443 1938 1395 132 944 207 328 235
internal_value=6.7325e-05 0.00483441 0.00914166 -0.0121441 0.00623497 0.0200713 -0.00525767 -0.00858523 -0.0109262 -0.00964708 0.00190359 0.013868 -0.00483613 0.00482325 -0.0274268 -0.00689912 0.00343348 0.032235 0.00287139 -0.0154143 -0.0101753 0.0109182 0.00662533 -0.00379915 -0.0332645 -0.00915981 0.00478548 -0.0207924 -0.017849 0.00244216 -0.0120857 -0.00448276 0.0129776 0.00913354 0.000653168 -0.000298635 0.00147308 -0.00258964 0.0128266 -0.0171463 -0.0125877 -0.0128049 0.00731707 -0.00350978 -0.0179144 -0.0130769 0.00206327 0.0151163 0.0126119 0.00650943 -0.00434783 0.00189189 -0.0082906 0.0113184 -0.00359702 -0.00622568 0.0188998 -0.00894309 0.0105951 -0.00831703 0.0131659 0.0205329
internal_weight=49016 35258 24712 13758 19533 5179 10546 11172 9513 6847 10155 3444 3743 1659 2586 6027 922 1735 3699 3104 1587 9378 3054 3764 1442 2299 6666 1517 3486 1935 2263 570 6324 2239 3052 2334 2943 753 832 834 1283 328 1066 869 1299 715 1444 4085 2458 1050 644 175 575 804 3489 2046 1627 246 1368 501 647 319
internal_count=49016 35258 24712 13758 19533 5179 10546 11172 9513 6847 10155 3444 3743 1659 2586 6027 922 1735 3699 3104 1587 9378 3054 3764 1442 2299 6666 1517 3486 1935 2263 570 6324 2239 3052 2334 2943 753 832 834 1283 328 1066 869 1299 715 1444 4085 2458 1050 644 175 575 804 3489 2046 1627 246 1368 501 647 319
cat_boundaries=0 2 8 14 20 22 24 26 32 34 39 41 43 45 50 56 62 64 66 72 74 80 81 87 93 95 100 102 104 106 108 110 112 114 116 118 124 126 128
cat_threshold=10755877 624672 33554569 84443920 67637504 275096648 1075839034 16 537396244 4326533 12583426 2282749952 100663300 133120 33554560 17310208 537395456 2465792 1075839082 16 1146175562 1200900 65552 414036 1075396674 140161 1610613766 273039504 55574534 104857602 100663300 163872 10750464 32768 33554440 32768 0 272638016 1073741840 2214592512 3146249 268435592 1069076 8657408 557056 33554432 16785408 536870912 8192 1073741888 524288 4194304 2 134217728 67108864 131072 525312 0 4194816 0 67108864 131072 64 384 2235564032 2117724 1092616192 0 0 33554944 134217792 424 1114112 147712 524288 32768 2147483648 403702336 134217728 264 2097668 1073872898 537149442 536936452 0 1048768 136 0 524288 256 327688 0 16 5242882 147716 1 67633152 0 268697600 32 152 1048576 302120960 262144 2147483648 2097160 524352 536891392 1073758208 4100 0 16388 67125250 768 1 65568 50364432 2105432 0 0 0 33554433 0 160 1077952576 131072 2147647616 72
is_linear=0
shrinkage=0.05


Tree=7
num_leaves=63
num_cat=17
split_feature=2 1 2 2 7 7 9 2 9 7 7 7 8 7 9 9 7 7 2 1 7 7 2 9 9 1 1 7 5 2 9 1 7 7 7 9 3 7 9 3 2 5 5 8 1 9 5 7 5 5 2 5 9 2 9 9 7 7 2 5 7 3
split_gain=788.178 515.999 103.204 75.3554 47.2809 52.6672 40.7014 36.7421 34.2819 30.901 28.2043 26.6955 24.3323 49.6065 24.1974 23.4964 22.5266 19.3612 28.9576 18.1872 18.3927 15.6967 15.3722 14.8997 13.7245 13.4942 13.4181 13.3216 13.0233 12.6946 12.4096 12.0903 13.0847 11.4168 17.7352 11.9261 10.7518 10.6802 10.5968 10.4166 10.4055 9.96054 16.1568 9.91355 12.7233 9.47673 9.08425 8.93214 9.93049 8.43186 11.3496 12.449 8.1178 7.8495 7.84217 7.94317 7.69004 7.59156 7.92358 14.2203 7.41938 7.40609
threshold=0 1 2 3 7.5000000000000009 3.5000000000000004 19.500000000000004 4 5.5000000000000009 1.5000000000000002 7.5000000000000009 11.500000000000002 1.0000000180025095e-35 5.5000000000000009 17.500000000000004 13.500000000000002 1.5000000000000002 3.5000000000000004 5 6 7.5000000000000009 10.500000000000002 7 10.500000000000002 3.5000000000000004 8 9 7.5000000000000009 5.5000000000000009 10 18.500000000000004 11 1.5000000000000002 11.500000000000002 9.5000000000000018 19.500000000000004 2.5000000000000004 11.500000000000002 12.500000000000002 4.5000000000000009 12 4.5000000000000009 2.5000000000000004 1.0000000180025095e-35 13 20.500000000000004 3.5000000000000004 8.5000000000000018 2.5000000000000004 4.5000000000000009 14 2.5000000000000004 19.500000000000004 15 6.5000000000000009 8.5000000000000018 3.5000000000000004 1.5000000000000002 16 5.5000000000000009 3.5000000000000004 2.5000000000000004
decision_type=9 9 9 9 2 2 2 9 2 2 2 2 2 2 2 2 2 2 9 9 2 2 9 2 2 9 9 2 2 9 2 9 2 2 2 2 2 2 2 2 9 2 2 2 9 2 2 2 2 2 9 2 2 9 2 2 2 2 9 2 2 2
left_child=7 3 4 40 5 14 8 27 28 -9 17 21 15 -14 31 25 45 29 -19 20 61 22 -6 -23 36 -10 -13 -1 60 -5 -26 32 -3 34 56 -36 -7 -17 -31 57 52 42 -12 -18 -45 -8 47 -24 -49 50 51 -20 -2 -44 -33 -56 -11 58 -27 -60 -4 -15
right_child=1 2 6 10 11 24 16 9 12 33 41 26 13 19 -16 37 43 18 49 -21 -22 23 46 -25 30 39 -28 -29 -30 38 -32 54 -34 -35 35 -37 -38 -39 -40 -41 -42 -43 53 44 -46 -47 -48 48 -50 -51 -52 -53 -54 -55 55 -57 -58 -59 59 -61 -62 -63
leaf_value=0.020575458185478224 -0.040741673150231139 -0.059933139323276187 0.0040618162283494576 -0.013724385327417505 0.0057256970993773033 0.019239671211474352 0.058123719272494073 0.045435732760525198 0.013252020885209104 0.017123904632059907 -0.033359888231226702 -0.0061992249958063963 0.017734307174562904 0.0094447675534276576 0.0042247023457465784 0.0014757471745518614 0.0025592142501061456 0.0049926985477469765 -0.012798917338218052 0.01245179188314436 -0.0016037953746429246 -0.027844061590603455 -0.014219007453628519 -0.011750077040054553 0.002245065780177058 -0.0071986113163455823 0.0057160700769431699 0.004385753328316244 -0.011191243681927233 -0.035978285838130751 0.013899601859485817 0.0055648716230077173 -0.017230899594399853 0.036564811934756046 0.013118955857920379 -0.0028088391898676238 0.061686865098936255 0.017649678934673754 -0.021010700379107267 -0.03896798348218479 -0.05768548779951839 -0.024879485018109396 -0.0054946130451394631 -0.00073427403455450513 0.015090244331074022 0.030709890236747972 -0.012480510825079633 -0.013409451238991866 0.0032732984214995488 -0.025478686513727856 -0.019639461427024708 0.022349931781422153 -0.028934649470542896 -0.012185259038440878 -0.022009850392687814 -0.010371621698967949 0.030814807206738348 -0.0073187100636423648 0.018622939075026646 -0.028404526484804061 0.022104045531034535 -0.00052413785939886548
leaf_weight=996 403 133 124 404 391 67 95 485 268 829 1691 597 1205 2194 622 2718 1134 537 549 773 4711 413 757 887 3267 177 603 762 87 363 702 81 204 505 844 150 42 579 340 49 328 822 717 329 1317 172 1478 1097 374 765 551 187 115 384 227 1111 2516 3037 345 68 539 799
leaf_count=996 403 133 124 404 391 67 95 485 268 829 1691 597 1205 2194 622 2718 1134 537 549 773 4711 413 757 887 3267 177 603 762 87 363 702 81 204 505 844 150 42 579 340 49 328 822 717 329 1317 172 1478 1097 374 765 551 187 115 384 227 1111 2516 3037 345 68 539 799
internal_value=1.22409e-05 -0.00259544 0.000131723 -0.0138746 -0.00334915 -0.000309789 0.00232513 0.015422 0.0014061 0.017522 -0.0121995 -0.00632863 0.000942504 0.00258211 -0.00622372 -0.00124983 0.00766328 -0.00914502 -0.00677868 0.00123275 0.000492611 -0.00782842 -0.00630949 -0.0126154 0.00313879 -0.00385396 0.000416667 0.00899321 0.0118667 -0.0146793 0.0026581 -0.00922551 -0.0177233 0.0163501 0.015522 0.00965795 0.0206422 0.00186533 -0.0187237 -0.00463918 -0.0280374 -0.0153569 -0.0139327 0.00633094 0.00880923 0.0215356 -0.00729279 -0.00529623 -0.00302515 -0.00945684 -0.00703186 -0.00281501 -0.0221591 -0.00921889 -0.00703289 -0.00799701 0.0172646 -0.00434243 0.000847458 0.00460993 0.0142534 0.0035583
internal_weight=49016 41929 33773 8156 13053 6456 20720 7087 17673 5329 7310 6597 16923 9682 2378 7241 3047 3696 2589 8477 7704 5397 4097 1300 4078 3944 1200 1758 750 1107 3969 1756 337 4844 4339 994 109 3297 703 3676 846 3614 2792 2780 1646 267 3706 2228 1471 2052 1287 736 518 1101 1419 1338 3345 3627 590 413 663 2993
internal_count=49016 41929 33773 8156 13053 6456 20720 7087 17673 5329 7310 6597 16923 9682 2378 7241 3047 3696 2589 8477 7704 5397 4097 1300 4078 3944 1200 1758 750 1107 3969 1756 337 4844 4339 994 109 3297 703 3676 846 3614 2792 2780 1646 267 3706 2228 1471 2052 1287 736 518 1101 1419 1338 3345 3627 590 413 663 2993
cat_boundaries=0 6 8 14 20 26 31 33 38 40 42 47 49 53 55 60 65 71
cat_threshold=1611140116 2856469636 54542342 167772160 101711876 137216 469762049 4247552 135176 45056 872484864 272629825 64 1 128 524800 256 327688 0 16 1073743872 4210816 50331650 134217728 101711872 2048 33554432 0 64 0 1073741824 11141632 545783808 0 0 65536 1 64 0 469762056 2359296 1 0 83886144 524352 0 1073741832 65600 64 0 512 256 65536 2228224 671088641 0 0 524288 32768 2 33554432 0 524288 40960 2097152 0 0 0 2 134217728 128
is_linear=0
shrinkage=0.05


Tree=8
num_leaves=63
num_cat=36
split_feature=0 2 2 2 0 0 0 0 2 0 4 2 2 0 7 8 2 2 2 4 2 0 2 5 0 2 8 0 2 2 0 0 0 7 9 1 4 1 0 4 4 4 7 4 0 4 0 4 7 7 0 2 4 4 4 7 4 0 0 5 9 9
split_gain=1062.2 510.117 273.267 245.229 164.155 152.809 151.129 112.15 73.7872 58.2307 56.9961 48.7159 46.1659 46.4271 72.2603 51.6674 42.3687 42.1881 37.7637 37.312 36.6943 36.2327 35.1755 31.9006 30.8345 37.7566 30.5495 25.0326 23.9045 23.2076 26.1154 23.0689 23.0352 22.7057 21.844 21.2467 19.9415 18.6384 18.5227 18.1811 17.8636 17.614 17.4405 17.3164 25.8395 17.254 16.7969 16.4876 16.4061 16.3919 27.5313 16.1195 16.0669 15.7508 15.6216 15.5593 15.5505 15.0397 15.0202 14.8779 14.8392 14.3193
threshold=0 1 2 3 4 5 6 7 8 9 66.500000000000014 10 11 12 6.5000000000000009 1.0000000180025095e-35 13 14 15 56.500000000000007 16 17 18 4.5000000000000009 19 20 1.0000000180025095e-35 21 22 23 24 25 26 4.5000000000000009 13.500000000000002 27 64.500000000000014 28 29 7.5000000000000009 318.50000000000006 19.500000000000004 7.5000000000000009 236.50000000000003 30 110.50000000000001 31 34.500000000000007 9.5000000000000018 7.5000000000000009 32 33 315.50000000000006 148.50000000000003 547.50000000000011 7.5000000000000009 28.500000000000004 34 35 3.5000000000000004 19.500000000000004 18.500000000000004
decision_type=9 9 9 9 9 9 9 9 9 9 2 9 9 9 2 2 9 9 9 2 9 9 9 2 9 9 2 9 9 9 9 9 9 2 2 9 2 9 9 2 2 2 2 2 9 2 9 2 2 2 9 9 2 2 2 2 2 9 9 2 2 2
left_child=3 5 4 22 -3 11 24 18 33 17 -8 -2 -7 15 31 21 -16 42 45 35 -17 -14 46 49 26 -26 34 -24 -21 30 -13 -15 -31 47 41 56 -32 -27 -28 -19 -25 -4 -6 44 59 -5 52 -9 -41 -18 -51 58 -1 -34 -30 -22 -10 -53 -45 -12 -47 -39
right_child=1 2 6 7 9 12 10 8 19 -11 43 29 13 14 16 20 23 39 -20 28 55 -23 27 40 25 37 38 -29 54 32 36 -33 53 -35 -36 -37 -38 61 -40 48 -42 -43 -44 51 -46 60 -48 -49 -50 50 -52 57 -54 -55 -56 -57 -58 -59 -60 -61 -62 -63
leaf_value=-0.018158532026375847 -0.045776075748235924 0.043670170672087463 -0.016535717684756503 -0.030882194593198416 0.0065957750944279029 -0.023013011760775005 -0.0039236406670497661 0.05707824057121387 -0.036954524338073891 0.02369207484420699 0.014253167637445214 0.0035361563970398194 -0.027477371242759854 0.0343483871591014 -0.00077049438640569567 0.033385685555092463 0.0022603074504414125 0.062622528239486816 -0.0078338786515792288 -0.017023010470353456 0.030255634847158843 0.026501449862817852 -0.055199212317403316 -0.03498489264337501 0.016809860783629404 -0.0094353470994011489 0.015505329892413001 -0.042067358636393187 -0.0047000896258439845 -0.0081815946470050142 -0.017501999401868789 0.0094956028586119737 -0.031444609735839062 0.0019835998031076832 0.024900347549430359 -0.013491612520961911 -0.0064983741650274712 0.0051061647859246056 0.030773064427627308 0.014205086693143344 0.031300498796662461 0.0083310957648303884 -0.022734372612777588 -0.0039525283099902664 -0.0013964406162017664 -0.020627921008921662 -0.033992817757309335 0.024090540150031894 -0.011076128673042453 -0.054144794124629275 -0.0018332145572519277 -0.0013441754344470482 0.0096731694958797527 -0.020732089818547541 0.019335167585014159 0.0010781954813850359 -0.02026545003990653 0.02034726500877429 0.016363782465823064 0.0046265827440568289 0.0038415899453476121 0.015657839448719457
leaf_weight=412 411 1414 97 2096 54 235 4513 85 443 3361 1050 548 234 226 1667 354 144 43 883 730 264 216 527 365 2142 379 989 872 2876 766 1040 1020 511 395 935 1376 1186 2043 1554 286 33 644 128 447 2157 936 605 279 86 122 337 132 93 583 188 314 330 1164 334 633 137 592
leaf_count=412 411 1414 97 2096 54 235 4513 85 443 3361 1050 548 234 226 1667 354 144 43 883 730 264 216 527 365 2142 379 989 872 2876 766 1040 1020 511 395 935 1376 1186 2043 1554 286 33 644 128 447 2157 936 605 279 86 122 337 132 93 583 188 314 330 1164 334 633 137 592
internal_value=6.12045e-06 0.00448928 0.00835947 -0.0120734 0.0183575 -0.00472322 0.00563967 -0.00876997 -0.00478248 0.0130544 0.00149425 -0.0110089 0.00101967 0.00199774 -0.00079001 0.00984195 -0.00543478 -0.00140033 -0.0153373 -0.00666051 0.0166309 -0.004 -0.0261413 -0.0135015 0.0102451 0.00760743 0.0134429 -0.0316891 -0.00369004 -0.00949612 -0.00653736 0.00914928 -0.0138503 0.00981795 0.00823389 -0.0119358 -0.00894454 0.00396825 0.0169288 0.00741176 -0.0246231 0.00182186 -0.0208333 0.00472368 0.00273438 -0.0179144 -0.0189286 0.018956 0.00403226 -0.00638474 -0.0110022 0.00840154 -0.0115534 -0.0185688 -0.00172414 0.00833333 -0.0185824 0.0117917 0.00259166 0.00735381 -0.0128145 0.00546314
internal_weight=49016 35753 25177 13263 5372 10576 19805 10754 6702 3958 10430 5045 5531 5296 3914 1382 2668 597 4052 5943 932 450 2509 1001 9375 5156 4219 1399 3794 4634 2774 1246 1860 759 1676 2149 2226 3014 2543 415 398 741 182 5917 3840 3169 1110 364 372 603 459 2077 505 1094 3064 578 773 1296 781 1683 1073 2635
internal_count=49016 35753 25177 13263 5372 10576 19805 10754 6702 3958 10430 5045 5531 5296 3914 1382 2668 597 4052 5943 932 450 2509 1001 9375 5156 4219 1399 3794 4634 2774 1246 1860 759 1676 2149 2226 3014 2543 415 398 741 182 5917 3840 3169 1110 364 372 603 459 2077 505 1094 3064 578 773 1296 781 1683 1073 2635
cat_boundaries=0 2 8 14 20 22 24 26 28 34 36 42 48 50 55 56 62 66 68 73 75 81 82 88 93 95 97 99 100 102 103 105 107 109 115 117 119
cat_threshold=10755876 624672 33554561 84411136 67637504 275096648 1075839034 32784 537396244 2151679111 12582914 135266304 100663300 133128 33554560 17334784 537395456 2457600 1075839210 16 16 282896 2399305745 2117708 1146175562 1200900 10750464 32768 4 268451968 4194306 105906178 4 131104 67108864 1049089 0 524288 256 2424840 0 16 1 67633152 0 268698624 32 16 1074790464 8576 33554432 0 0 4202560 1075838984 524288 528384 0 268435978 134226499 134217728 136 0 0 0 98304 1048576 8192 33554432 16809984 536870912 0 1073742016 1114120 1196288 1073741824 0 0 33554944 64 128 2097668 16777224 67117058 65544 8192 0 128 33554432 67108864 0 272629824 1073741856 0 20484 0 1049088 167936016 16384 2392128 655680 20480 65544 2550693888 2367568 8651520 591872 524416 1048577 4098 268480512 2164261388 67109377 0 256 0 270352 302514192 2359305
is_linear=0
shrinkage=0.05


Tree=9
num_leaves=63
num_cat=38
split_feature=0 2 2 2 0 0 0 2 0 4 2 0 8 7 0 0 0 4 0 2 2 0 0 7 2 0 2 5 7 2 4 7 0 0 4 0 7 4 2 0 7 4 7 0 2 5 0 7 7 4 0 7 0 2 0 4 7 4 2 2 4 0
split_gain=963.651 459.536 262.989 238.372 190.138 152.909 149.577 81.6884 75.9771 66.3974 62.1352 61.6805 50.3153 49.5751 46.901 39.3148 35.8261 42.5567 35.0856 35.0054 34.8616 31.2843 27.4865 36.5373 27.2204 26.8323 26.6625 28.2505 28.5475 26.4067 24.8151 24.7813 27.1555 20.7029 19.8864 19.5763 19.5133 19.4226 23.3967 18.8236 18.3181 18.0624 17.7744 23.2828 17.3846 17.1109 32.7907 24.5805 16.9424 16.8157 16.0158 15.4335 14.9577 14.8096 21.5613 14.4731 14.7182 14.0739 14.0253 13.9824 13.89 32.0644
threshold=0 1 2 3 4 5 6 7 8 65.500000000000014 9 10 1.0000000180025095e-35 7.5000000000000009 11 12 13 82.500000000000014 14 15 16 17 18 8.5000000000000018 19 20 21 3.5000000000000004 10.500000000000002 22 248.50000000000003 6.5000000000000009 23 24 48.500000000000007 25 8.5000000000000018 56.500000000000007 26 27 1.5000000000000002 424.50000000000006 4.5000000000000009 28 29 4.5000000000000009 30 7.5000000000000009 7.5000000000000009 535.50000000000011 31 5.5000000000000009 32 33 34 20.500000000000004 1.5000000000000002 6.5000000000000009 35 36 158.50000000000003 37
decision_type=9 9 9 9 9 9 9 9 9 2 9 9 2 2 9 9 9 2 9 9 9 9 9 2 9 9 9 2 2 9 2 2 9 9 2 9 2 2 9 9 2 2 2 9 9 2 9 2 2 2 9 2 9 9 9 2 2 2 9 9 2 9
left_child=3 6 5 10 13 12 44 18 37 21 55 20 50 15 31 -4 -15 39 -5 -16 48 -6 29 -24 -23 -12 27 28 36 -14 35 32 -7 -28 40 -11 -19 -9 49 -18 -10 45 43 -17 -2 47 -47 -33 -8 -39 -3 -20 -50 -13 -55 -1 -57 -22 -36 -32 -21 -62
right_child=1 2 4 7 9 14 11 8 34 30 25 53 22 16 19 42 17 26 51 60 57 24 23 -25 -26 -27 33 -29 -30 -31 59 41 -34 -35 58 -37 -38 38 -40 -41 -42 -43 -44 -45 -46 46 -48 -49 52 -51 -52 -53 -54 54 -56 56 -58 -59 -60 -61 61 -63
leaf_value=-0.032505376457122807 0.046079181242839967 -0.029886154433334783 0.025883762701889659 -0.0035995622019050601 -0.00029100444172557862 0.029222679367498783 0.0069721157126569457 -0.01583080334158651 0.0024907757771206462 0.0080621843853686433 -0.052439251701533157 0.016885858486891558 0.034048492880925797 0.015357517952436207 -0.049824224780726727 -0.003640780320687187 -0.025391973414809879 -0.0010369967137327629 0.036840409249495498 -0.023814980897778084 0.051974154799440057 -0.019418357999285908 0.031985195301093429 -0.022550212155783889 -0.0057358615829691262 -0.040261003200446357 0.016832043370750005 0.01981132139630706 -0.0014884379819233074 0.019849004259450187 0.00071101956664708648 0.0022973520191562958 -0.0044140993072846251 -0.011142843568218198 0.0056008805078202554 -0.0018280708730509688 0.01593163671224258 0.0016949692752884717 -0.012219655950590914 -0.0019430235511319061 -0.030378034418761558 0.022590074508375649 0.015407503425091973 0.019322862995498326 0.026418856570469385 -0.032682284449576014 -0.013791907788768277 -0.011849753239336304 -0.014167916603085485 0.026340955954886516 0.0023912055879259488 0.0090573672964737503 0.00076015651441890819 0.041080268689433978 0.022508141202731993 -0.053654327357775304 -0.022249940665214379 0.016490179613879285 -0.01995858187527021 0.016425929184538678 0.0022557309113522442 -0.024553456830020717
leaf_weight=255 910 134 2781 827 2288 146 405 1205 115 1676 527 1346 320 2297 264 774 314 145 287 974 81 1234 224 123 2061 831 218 495 343 183 472 218 640 346 110 2791 363 1322 845 1146 1451 91 1790 653 500 263 309 891 261 98 184 316 210 447 2351 146 1928 375 2319 1199 340 858
leaf_count=255 910 134 2781 827 2288 146 405 1205 115 1676 527 1346 320 2297 264 774 314 145 287 974 81 1234 224 123 2061 831 218 495 343 183 472 218 640 346 110 2791 363 1322 845 1146 1451 91 1790 653 500 263 309 891 261 98 184 316 210 447 2351 146 1928 375 2319 1199 340 858
internal_value=-6.7325e-05 0.00405279 0.00133974 -0.0119917 0.00376133 -0.00784187 0.0156758 -0.00754071 -0.0096388 -0.000737363 -0.0226806 0.0118848 0.00840407 0.00827837 -0.0116507 0.0114538 0.00493206 0.00162722 0.00340278 -0.0166394 0.00245902 -0.00468386 0.0148235 0.0035014 -0.00779123 -0.0313596 0.0065445 0.0103245 0.00487662 0.0221248 0.00285109 -0.00685358 0.000508906 -0.00261324 -0.0143446 0.000906649 0.0124016 -0.0041954 -0.00147903 -0.00479452 -0.0187739 -0.010158 0.00760769 0.00346882 0.0302113 -0.0113325 -0.0183566 -0.00770965 -0.003386 0.00244755 -0.00849057 0.0124796 -0.00987261 0.0149013 0.0170584 -0.0175075 -0.0162006 0.0135193 -0.011548 0.00804907 -0.0143905 -0.0108514
internal_weight=49016 36434 29548 12582 23386 6162 6886 8895 7465 11721 3687 5476 1168 11665 4994 5998 5667 3370 1430 2436 1332 5583 850 347 3295 1358 1910 1346 851 503 6138 2558 786 564 3995 4467 508 3470 2265 1460 1566 1772 3217 1427 1410 1681 572 1109 876 1420 318 603 471 4144 2798 2329 2074 456 2429 1671 2172 1198
internal_count=49016 36434 29548 12582 23386 6162 6886 8895 7465 11721 3687 5476 1168 11665 4994 5998 5667 3370 1430 2436 1332 5583 850 347 3295 1358 1910 1346 851 503 6138 2558 786 564 3995 4467 508 3470 2265 1460 1566 1772 3217 1427 1410 1681 572 1109 876 1420 318 603 471 4144 2798 2329 2074 456 2429 1671 2172 1198
cat_boundaries=0 2 8 14 20 22 24 26 32 34 39 41 43 45 47 49 55 61 63 65 69 70 76 80 82 84 86 92 94 96 102 104 106 108 114 116 119 123 125
cat_threshold=10755876 559136 1611140116 2856338563 12583426 2282749952 100728836 137344 33685633 84411216 67637504 2466824 1075839034 16 33554560 84443648 805896448 2465792 1075839210 16 1146175562 1201044 1075331138 139520 0 413968 1610744838 273039488 55574532 37748738 100663300 163872 4384 526368 33554432 83918848 805371904 8192 1073742016 201326592 3211913 402882712 1376768 65544 1196800 1074855944 20864 10754560 524288 0 524800 256 327688 0 16 524288 2 0 134217728 67108864 131200 2550792320 262145 1048640 8192 0 0 268435456 64 2097668 2097152 0 268435464 512 134217792 40 0 0 0 98304 0 1049088 71319552 20 2550693888 2367552 524288 0 2 67109441 134217728 264 67108864 1048576 1078984706 4112 524288 0 4194304 0 0 131072 268435464 1049088 1048576 8192 67108864 1049089 16 16513 512 2282749952 33554436 128 65552 8256 0 0 2147483648 16781314 268447744 2164260868 67109377 0 16397
is_linear=0
shrinkage=0.05


Tree=10
num_leaves=63
num_cat=39
split_feature=0 1 1 1 0 0 0 0 1 1 1 0 0 1 0 1 0 7 0 7 0 0 1 8 7 9 1 9 7 0 5 7 0 7 7 1 1 7 7 5 1 0 1 0 0 1 0 7 0 9 0 0 7 1 5 7 5 5 0 5 8 0
split_gain=872.112 371.25 265.825 176.711 135.354 131.452 109.005 100.95 62.3824 60.1175 50.4053 47.1782 32.3768 32.0325 31.6247 32.2579 27.8173 27.0942 24.528 23.5617 22.3856 21.7406 28.466 21.6974 21.2678 20.5881 20.0997 18.8098 18.5913 17.1355 16.9797 16.3647 32.7367 17.5714 16.2987 16.1157 15.4496 24.0228 15.4366 15.2094 20.5773 27.595 13.8088 13.4985 13.4893 13.4299 13.3706 13.1266 13.8545 13.1224 12.5882 12.5797 18.2193 14.9225 15.5212 12.5343 12.2838 12.1106 12.0666 12.0504 11.9593 41.5494
threshold=0 1 2 3 4 5 6 7 8 9 10 11 12 13 14 15 16 9.5000000000000018 17 1.5000000000000002 18 19 20 1.0000000180025095e-35 7.5000000000000009 13.500000000000002 21 18.500000000000004 7.5000000000000009 22 1.0000000180025095e-35 3.5000000000000004 23 7.5000000000000009 3.5000000000000004 24 25 7.5000000000000009 5.5000000000000009 4.5000000000000009 26 27 28 29 30 31 32 9.5000000000000018 33 5.5000000000000009 34 35 1.5000000000000002 36 4.5000000000000009 1.5000000000000002 1.0000000180025095e-35 1.0000000180025095e-35 37 5.5000000000000009 1.0000000180025095e-35 38
decision_type=9 9 9 9 9 9 9 9 9 9 9 9 9 9 9 9 9 2 9 2 9 9 9 2 2 2 9 2 2 9 2 2 9 2 2 9 9 2 2 2 9 9 9 9 9 9 9 2 9 2 9 9 2 9 2 2 2 2 9 2 2 9
left_child=2 7 11 5 9 13 31 18 12 51 55 -1 -9 -3 15 24 28 -14 36 45 59 23 -23 25 -7 -8 -26 57 34 38 -22 32 35 -33 -10 -5 37 -2 -11 40 41 -32 44 -25 -35 -12 -47 -44 -49 -16 -30 53 -53 54 -4 -6 -52 -24 -41 -21 -20 -62
right_child=1 3 4 6 10 14 21 8 16 29 19 -13 17 -15 49 -17 -18 -19 60 20 30 22 27 43 26 -27 -28 -29 50 -31 39 33 -34 42 -36 -37 -38 -39 -40 58 -42 -43 47 -45 -46 46 -48 48 -50 -51 56 52 -54 -55 -56 -57 -58 -59 -60 -61 61 -63
leaf_value=-0.047939545566019516 0.032549283670833498 0.042896721679109656 -0.0095566835476568034 -0.025890671365597112 0.041251130691809856 0.0065980211903927779 0.0018005200065046357 -0.030332933183537161 -0.0021250550164225502 0.050693734188784645 0.019469006091752894 -0.028990924928030754 -0.0050601688367340305 0.021229598625697555 -0.0042175619424143608 0.029089454282945529 -0.0080141452660917548 -0.024274225141359681 -0.0043400226444435972 -0.015853883844626649 -0.0184841394395573 0.015044935800735737 -0.0065509367282932558 0.014163843078285422 -0.020989165464361238 0.023468935487630873 0.00074299276232949742 0.014786968273120427 0.00051513627222936071 -0.0077492203252451045 -0.0025896178914561309 0.01016222443810242 0.0037231247017304129 0.0040921944777789097 0.023095973449642978 0.0055805393300361944 -0.0040162578940043606 0.009893350257314415 -0.00011648842612592692 -0.014864795520939601 -0.0042780497742744509 0.017641658729409881 -0.0019036036975544901 0.028025982904570035 -0.015714556747163513 -0.023116924424812998 0.015442497569263436 -0.0013253421837788326 0.013287376209331415 0.021439725303877513 -0.038953879187268337 -0.052943806112796511 -0.028150997255605104 -0.026892491827872036 -0.022230861789351908 0.010250276101762469 -0.0073469725835315974 0.0038412083759869157 -0.0042761603810739348 -0.040000357174188352 0.026433474215293407 0.00040886492395791896
leaf_weight=896 288 1224 832 426 113 356 633 861 346 65 385 1664 1022 813 75 274 3019 394 1143 1272 967 2495 319 924 141 839 133 661 490 1040 498 2181 796 243 488 124 109 334 126 718 2849 423 983 1438 558 100 117 568 944 2402 56 106 1360 1060 257 697 278 1814 953 171 475 1680
leaf_count=896 288 1224 832 426 113 356 633 861 346 65 385 1664 1022 813 75 274 3019 394 1143 1272 967 2495 319 924 141 839 133 661 490 1040 498 2181 796 243 488 124 109 334 126 718 2849 423 983 1438 558 100 117 568 944 2402 56 106 1360 1060 257 697 278 1814 953 171 475 1680
internal_value=-3.26424e-05 0.00475477 -0.0093201 0.00859455 -0.00661874 0.0163965 0.00593507 -0.00271536 -0.00636129 -0.0133855 -0.00306805 -0.0241245 -0.0131395 0.0264533 0.0102772 0.00218818 -0.00304032 -0.00834502 0.00357762 -0.00421245 -0.00494841 0.00950947 0.00738819 0.0124089 -0.0040625 0.00767663 -0.0145985 0.0038873 0.00215827 -0.00374698 -0.00366158 0.00114884 -0.003789 0.00236443 0.00743405 -0.0130357 0.0118084 0.0148734 0.00970149 -0.00258225 -0.000822281 0.0056391 6.06796e-05 0.0154107 -0.00561036 0.00531561 -0.00462555 0.00189621 0.00482804 0.0132087 -0.00315534 -0.0166483 -0.0204607 -0.0139648 -0.00959964 0.00878049 -0.0104651 0.00161744 -0.00655296 -0.0105643 0.0017231 0.00392111
internal_weight=49016 32347 16669 21364 14109 5418 15946 10983 6954 4846 9263 2560 2277 2037 3381 904 4677 1416 4029 8453 7851 9123 5289 3834 630 1472 274 2794 1658 1231 6408 6823 1346 5477 834 550 731 622 191 5441 3770 921 3296 2362 801 602 217 2495 1512 2477 824 3615 1466 2149 1089 810 334 2133 1671 1443 3298 2155
internal_count=49016 32347 16669 21364 14109 5418 15946 10983 6954 4846 9263 2560 2277 2037 3381 904 4677 1416 4029 8453 7851 9123 5289 3834 630 1472 274 2794 1658 1231 6408 6823 1346 5477 834 550 731 622 191 5441 3770 921 3296 2362 801 602 217 2495 1512 2477 824 3615 1466 2149 1089 810 334 2133 1671 1443 3298 2155
cat_boundaries=0 2 4 6 9 11 13 15 17 18 20 23 25 27 30 32 35 37 39 41 43 45 47 48 50 52 53 55 57 58 59 60 62 64 65 67 68 70 71 73
cat_threshold=10755877 2721897 1277428097 4227076 201326593 4227072 2684356646 268845096 2 10751488 32768 1146896 413968 2600632464 8336 1074872394 140176 134217729 547979328 738721856 537399332 134484004 2 2101764 32 2164260864 20484 0 16384 2 2348810368 1049216 0 268713984 2 272662656 1069056 64 384 4 524288 1114120 1196288 8388608 612368448 0 16384 1024 285343744 8192 8552448 524288 203423744 393474 537018433 4128 41 8389120 65544 2567045120 10485760 540672 4357 1 301989904 272629760 20480 10488320 545259520 134742080 4385 1048576 8192
is_linear=0
shrinkage=0.05


Tree=11
num_leaves=63
num_cat=39
split_feature=0 1 1 1 0 0 0 0 1 0 1 0 1 1 0 7 1 0 7 1 7 7 0 7 7 5 0 1 9 1 0 9 5 0 0 0 1 5 1 7 1 0 5 8 9 0 7 0 7 1 9 9 0 7 7 0 0 0 5 1 0 9
split_gain=802.441 360.347 216.536 151.326 139.185 135.801 108.146 105.576 67.4723 45.481 44.7674 40.2017 39.4734 34.1508 31.927 32.3557 29.2783 27.8104 41.7616 22.3726 20.9053 20.4826 19.6277 19.2067 19.0416 16.0094 26.9877 22.2244 16.1226 15.8871 15.6436 15.3102 15.0927 14.3862 14.382 14.2507 15.2502 16.9836 14.0904 13.9606 13.2164 52.6946 58.5247 46.8947 14.0427 14.0576 14.7835 13.1442 15.8344 12.9713 12.8945 15.7326 14.0446 12.8514 29.4785 29.4232 23.2679 21.9732 13.8969 12.54 12.1219 11.7052
threshold=0 1 2 3 4 5 6 7 8 9 10 11 12 13 14 7.5000000000000009 15 16 7.5000000000000009 17 3.5000000000000004 5.5000000000000009 18 7.5000000000000009 1.5000000000000002 1.0000000180025095e-35 19 20 19.500000000000004 21 22 20.500000000000004 5.5000000000000009 23 24 25 26 4.5000000000000009 27 3.5000000000000004 28 29 4.5000000000000009 1.0000000180025095e-35 4.5000000000000009 30 9.5000000000000018 31 10.500000000000002 32 3.5000000000000004 17.500000000000004 33 7.5000000000000009 3.5000000000000004 34 35 36 4.5000000000000009 37 38 8.5000000000000018
decision_type=9 9 9 9 9 9 9 9 9 9 9 9 9 9 9 2 9 9 2 9 2 2 9 2 2 2 9 9 2 9 9 2 2 9 9 9 9 2 9 2 9 9 2 2 2 9 2 9 2 9 2 2 9 2 2 9 9 9 2 9 9 2
left_child=2 4 9 5 8 16 38 13 17 -1 21 19 22 -4 15 39 -3 18 20 23 -2 -9 -6 -7 -12 26 27 -8 33 30 -26 40 -31 -27 49 -15 -37 -38 53 -14 41 43 -43 -16 -42 46 -46 -33 -49 -10 -19 52 -52 54 55 -5 -56 58 -55 -17 -20 -48
right_child=1 3 7 6 12 11 25 10 34 -11 24 -13 14 35 31 59 -18 50 60 -21 -22 -23 -24 -25 29 28 -28 -29 -30 32 -32 47 -34 -35 -36 36 37 -39 -40 -41 44 42 -44 -45 45 -47 61 48 -50 -51 51 -53 -54 57 56 -57 -58 -59 -60 -61 -62 -63
leaf_value=-0.021882066537918257 -0.024695389031939758 0.040719261121371766 -0.0019084709473204953 -0.026689859071646338 -0.034678036861610466 0.003544526481010868 0.013441550214336496 0.021597366866594105 -0.0087351685804818221 -0.042136192249332044 0.0073281140306941661 0.019700993244204403 0.0087781151229941127 -0.028100507145355988 -0.034121133792166948 0.026058567897331655 0.021010571248116984 -0.023814727159473404 -0.0087358570967767391 0.020337647011623661 0.0051529555952555262 -0.00081283538841214753 -0.0046146268252068579 -0.012465209099939728 -0.02298588087569119 0.038334390949360732 0.015517552128886038 -0.01190894941883599 0.019762040018173544 -0.001303612078414418 -0.010918646571377623 0.02849960888828559 -0.023918315526653296 0.012981489077376729 -0.00032815501825240735 -0.026218985537425701 -0.0092777645931823756 -0.019175100788879719 0.0064930879785265912 0.033850050276234687 0.028331207643880897 -0.00048301808800259587 -0.031459661075750732 0.031836138233433169 0.017680176992434304 -0.00054017491901752206 -0.021728702203370975 0.0095073747482024747 -0.034134800603662467 0.0041501408286297786 -0.0086067931708508471 -0.032712865383814342 -0.024310392457153742 0.0050147408235420299 -0.0033754296830604495 0.0022724943488265591 0.018603688488621151 -0.0084743829785638609 -0.0099391932950018917 0.00025536766966800518 -0.027926615220183956 0.0017620644682805554
leaf_weight=878 158 1185 535 303 213 349 188 502 1945 1581 417 2827 299 1196 56 153 731 70 336 363 473 639 311 264 1141 212 674 310 1115 1824 2645 251 234 5375 2395 1017 1090 323 1845 700 110 641 306 193 888 2218 59 164 45 307 367 423 653 764 483 566 877 1070 279 873 318 289
leaf_count=878 158 1185 535 303 213 349 188 502 1945 1581 417 2827 299 1196 56 153 731 70 336 363 473 639 311 264 1141 212 674 310 1115 1824 2645 251 234 5375 2395 1017 1090 323 1845 700 110 641 306 193 888 2218 59 164 45 307 367 423 653 764 483 566 877 1070 279 873 318 289
internal_value=-0.000110168 0.00393955 -0.0102124 0.00838807 -0.00184577 0.015247 0.00558951 -0.00733172 -0.00672703 -0.0236736 -0.00373718 0.00971676 0.00283455 -0.0137018 0.00379738 0.00911548 0.0261163 -0.0128561 -0.0072973 0.000912779 0.0018225 0.00534318 -0.0102996 -0.00489567 -0.00539786 0.00947489 0.00409556 -0.00472441 0.0104297 -0.00614305 -0.00806112 0.00172084 -0.00256286 0.00933417 -0.00301696 -0.0154565 -0.0130738 -0.00952214 0.000637405 0.0155656 0.000882353 -0.00364842 -0.00903866 0.0164093 0.00240627 0.00185292 0.00609952 0.0104348 0.000684932 -0.00587975 -0.0174984 -0.0165974 -0.0132353 -0.000919118 0.00172723 -0.00546605 0.00632353 -0.0037151 0.00147198 0.00292398 -0.016208 -0.00258621
internal_weight=49016 34994 14022 19780 15214 5719 14061 11563 7445 2459 7402 3803 7769 4161 7245 2025 1916 2798 1285 976 631 1141 524 613 6261 7874 1172 498 6702 5844 3786 5220 2058 5587 4647 3626 2430 1413 6187 999 4760 1196 947 249 3564 3454 1236 460 209 2252 1513 1443 1020 4342 2229 869 1360 2113 1043 1026 654 348
internal_count=49016 34994 14022 19780 15214 5719 14061 11563 7445 2459 7402 3803 7769 4161 7245 2025 1916 2798 1285 976 631 1141 524 613 6261 7874 1172 498 6702 5844 3786 5220 2058 5587 4647 3626 2430 1413 6187 999 4760 1196 947 249 3564 3454 1236 460 209 2252 1513 1443 1020 4342 2229 869 1360 2113 1043 1026 654 348
cat_boundaries=0 2 4 6 9 11 13 15 17 19 21 24 26 28 31 33 36 38 41 43 45 46 48 50 52 54 56 58 60 61 63 65 67 69 71 73 75 76 77 78
cat_threshold=10755876 2721824 1278050753 2151718916 201326593 4227136 536872998 268845088 2 2269249681 1052748 1081360 413972 453148817 8409 10750464 32768 201326913 2147483648 8653056 2719744 3758620678 402673696 2 2348810240 1049225 1 32768 2147488006 8785920 2 64 147856 0 16384 2 33685648 1048576 0 268451840 2 134217792 17169 2214608906 262148 8388608 10846272 545259520 1028 524288 0 16384 67239953 72 262144 32768 2719744 603979776 2155872768 524288 134479872 1048576 8192 1342193664 513 1638402 512 1075871744 4227072 67108864 12 285343744 8192 50331649 65 419561488 32768 33685504
is_linear=0
shrinkage=0.05


Tree=12
num_leaves=63
num_cat=40
split_feature=0 2 2 2 0 0 0 0 2 2 4 2 0 7 7 2 0 4 2 5 1 4 0 2 2 7 0 7 0 1 0 0 4 4 0 0 0 2 5 0 1 0 7 0 7 7 0 7 0 7 4 0 4 7 2 0 0 7 0 4 0 7
split_gain=734.886 368.103 219.462 219.281 141.339 123.155 116.338 80.0614 50.0543 48.2381 45.5713 44.0256 38.2773 59.9394 42.1885 37.0152 36.4874 36.0824 35.8407 39.224 35.1905 34.4131 32.6925 28.9145 24.5458 23.2648 22.9199 22.6503 21.8319 18.1625 31.4148 22.0445 23.9145 18.8471 18.0344 17.9415 17.5522 20.3794 21.6824 16.5784 16.2127 16.0969 20.825 15.9347 25.8743 15.5336 17.2031 15.1989 24.2542 14.9563 18.6798 19.9423 14.6543 14.4656 21.2313 17.3285 15.3049 14.753 14.2445 13.9107 13.6422 13.3303
threshold=0 1 2 3 4 5 6 7 8 9 176.50000000000003 10 11 6.5000000000000009 3.5000000000000004 12 13 72.500000000000014 14 4.5000000000000009 15 56.500000000000007 16 17 18 10.500000000000002 19 4.5000000000000009 20 21 22 23 43.500000000000007 148.50000000000003 24 25 26 27 1.0000000180025095e-35 28 29 30 1.5000000000000002 31 3.5000000000000004 7.5000000000000009 32 7.5000000000000009 33 7.5000000000000009 18.500000000000004 34 321.50000000000006 7.5000000000000009 35 36 37 4.5000000000000009 38 492.50000000000006 39 8.5000000000000018
decision_type=9 9 9 9 9 9 9 9 9 9 2 9 9 2 2 9 9 2 9 2 9 2 9 9 9 2 9 2 9 9 9 9 2 2 9 9 9 9 2 9 9 9 2 9 2 2 9 2 9 2 2 9 2 2 9 9 9 2 9 2 9 2
left_child=2 4 26 6 23 9 17 20 27 -5 43 -7 14 34 28 -16 25 22 19 47 -4 40 61 -2 59 -6 52 60 -13 30 -11 -31 -33 -32 -14 -12 -19 -38 -39 -17 41 -10 -43 44 -8 -20 -47 -15 -49 -24 -51 -52 -1 55 58 57 -56 -45 -55 -23 -9 -3
right_child=1 3 7 5 16 11 10 8 21 29 35 12 13 18 15 39 -18 36 45 -21 -22 24 49 -25 -26 -27 -28 -29 -30 31 33 32 -34 -35 -36 -37 37 38 -40 -41 -42 42 -44 53 -46 46 -48 48 -50 50 51 -53 -54 54 56 -57 -58 -59 -60 -61 -62 -63
leaf_value=-0.026470520014593175 0.018537617612980162 0.019948996293468236 -0.022848285490750089 -0.038717802481200041 0.0080669957734832327 -0.022115921286428961 -0.011290843136132512 0.0054013807827254182 0.00052282996584390729 -0.0039624552894302004 0.00033519889141480079 -0.031328672407897502 0.029878030238057331 0.0021166199016086963 0.026897450475034348 0.024620927189437959 0.018715943581994177 0.019133866295713998 0.012914331375928867 -0.029610512613595465 -0.0051215215620824261 -0.00060572495297048787 0.005857420791215962 0.037281135567300998 -0.013174530544333696 -0.02560276995181884 -0.040029382636865445 0.00094438898771742608 0.0083755210893036846 0.0082994336172292904 -0.023919681450971883 -0.016977985198629222 -0.0040386891047349055 -0.019279862753157007 0.0092742957988505015 0.01524836394026511 0.015602723345876292 -0.002626436715784386 0.012046685757583775 1.7924883697340022e-05 -0.028941643922958855 0.024738944816476351 -0.02160393851626052 -0.016673458854322611 0.0077335978488540132 0.0050434301840522004 -0.0078480770409196099 -0.048025058080388587 -0.0003531676746649226 -0.013137891327824126 -0.022298031513554029 0.0064583605440840797 0.0038513906485719454 -0.011246093156615556 -0.0042035976796148677 0.0036623213104726494 -0.014655391982306433 0.00032214839881119508 0.013005363274911154 0.023515714749430584 0.047080769828001051 0.0058165154250723553
leaf_weight=526 249 1132 3229 445 584 240 511 128 389 767 901 132 244 121 386 414 3049 2722 316 370 968 1894 1089 1409 1466 137 1457 469 111 547 574 821 1420 933 1090 1748 1696 272 1512 489 800 75 748 439 1581 450 1111 114 282 258 143 532 88 109 978 1583 1139 454 208 146 199 622
leaf_count=526 249 1132 3229 445 584 240 511 128 389 767 901 132 244 121 386 414 3049 2722 316 370 968 1894 1089 1409 1466 137 1457 469 111 547 574 821 1420 933 1090 1748 1696 272 1512 489 800 75 748 439 1581 450 1111 114 282 258 143 532 88 109 978 1583 1139 454 208 146 199 622
internal_value=-7.75257e-05 0.00352047 -0.0104908 0.0014154 0.0155204 -0.00410556 0.00461582 -0.00754206 -0.00396901 -0.00947073 0.000698685 0.000935374 0.00184397 -0.000681597 0.00856031 0.0122188 0.0101058 0.00840008 -0.00488423 -0.0130992 -0.0128952 -0.00566208 0.00455508 0.0276978 -0.00268112 -6.83995e-05 -0.0253484 0.00769231 -0.0104938 -0.00804416 -0.0113835 -0.00528949 -0.00748556 -0.01559 0.00802099 0.00628539 0.0107546 0.00830946 0.00451505 0.00640745 -0.0108847 -0.00703764 -0.0109844 -0.00141388 0.00223597 -0.000927398 -0.00297886 -0.00435203 -0.00909091 0.00019685 -0.00444802 -7.40741e-05 -0.0163462 -0.00296748 -0.00571076 -0.000282714 -0.00749882 -0.00581395 0.00626911 0.000878049 0.0178899 0.00952381
internal_weight=49016 36434 12582 31006 5428 11377 19629 10511 6314 5507 9651 5870 5630 4098 1532 1289 3770 9978 2764 887 4197 5518 3776 1658 3506 721 2071 796 243 5062 2274 2788 2241 1507 1334 2649 6202 3480 1784 903 2012 1212 823 7002 2092 1877 1561 517 396 2022 933 675 614 4910 2434 2476 2117 893 317 2040 327 1754
internal_count=49016 36434 12582 31006 5428 11377 19629 10511 6314 5507 9651 5870 5630 4098 1532 1289 3770 9978 2764 887 4197 5518 3776 1658 3506 721 2071 796 243 5062 2274 2788 2241 1507 1334 2649 6202 3480 1784 903 2012 1212 823 7002 2092 1877 1561 517 396 2022 933 675 614 4910 2434 2476 2117 893 317 2040 327 1754
cat_boundaries=0 2 8 14 20 22 24 26 28 34 40 46 48 52 54 59 61 63 68 74 76 78 80 82 84 86 88 90 96 98 100 102 103 105 107 109 115 117 119 121 123
cat_threshold=10755876 559136 1627917332 2722120839 46137858 2148532224 100728836 133120 33554560 557568 524544 2457600 1075839082 16 2101250 134610944 2970681420 167772675 135528640 33193 65552 414032 2399272977 2445388 1146175562 1463060 10750464 32768 524292 16512 4194304 71303170 100663300 131112 128 524288 256 2424840 0 16 129 67633152 0 268697600 32 16 1074806848 8576 0 0 0 98304 71303296 2097665 8 0 524544 98304 2 615088193 1007157248 5324866 147712 1610612736 4210818 2 0 4 131072 272629760 2684354560 134218304 134217728 256 8653056 557056 1048576 8192 201326849 16384 134348816 344064 67108865 20480 0 1049088 402784256 73737 1114120 1200128 0 0 268435464 134218240 0 8 1073758208 384 2156003328 268959744 256 524320 2550792192 4259848 513 524418 1048577 0 1049088 4096 0 2147483648 0 64 160 50331649 8192 16777232 8192 33587201 2097160 4352 524288
is_linear=0
shrinkage=0.05


Tree=13
num_leaves=63
num_cat=23
split_feature=0 0 0 4 7 7 0 0 0 9 5 5 7 4 0 4 4 4 4 4 7 0 0 7 7 7 7 0 7 0 5 7 7 5 7 7 0 7 0 0 7 7 3 0 4 4 0 0 5 0 0 4 0 0 0 4 0 7 5 5 4 4
split_gain=666.892 161.402 141.954 70.2347 38.7715 44.951 47.5672 36.5211 34.684 30.2526 25.8378 39.4557 30.2303 25.1583 24.9955 24.0157 23.331 22.916 22.2617 21.5884 21.1887 49.7891 40.1751 22.5409 21.1667 20.4676 20.0853 25.0156 19.3933 19.3796 30.7955 19.3759 18.1615 17.598 16.9966 15.7511 24.7528 17.0259 18.8392 17.7026 15.2239 15.1288 13.1746 12.5013 12.4446 15.2922 13.6114 12.4221 12.3664 14.0347 12.3472 11.7576 11.4386 11.3329 11.3329 13.3049 11.0954 10.5353 13.9156 11.4907 17.9684 10.18
threshold=0 1 2 134.50000000000003 7.5000000000000009 3.5000000000000004 3 4 5 19.500000000000004 4.5000000000000009 2.5000000000000004 8.5000000000000018 1.0000000180025095e-35 6 492.50000000000006 40.500000000000007 35.500000000000007 78.500000000000014 14.500000000000002 6.5000000000000009 7 8 3.5000000000000004 1.5000000000000002 1.5000000000000002 6.5000000000000009 9 8.5000000000000018 10 4.5000000000000009 3.5000000000000004 11.500000000000002 1.0000000180025095e-35 4.5000000000000009 11.500000000000002 11 10.500000000000002 12 13 7.5000000000000009 11.500000000000002 3.5000000000000004 14 22.500000000000004 1.0000000180025095e-35 15 16 4.5000000000000009 17 18 6.5000000000000009 19 20 21 276.50000000000006 22 7.5000000000000009 4.5000000000000009 3.5000000000000004 390.50000000000006 21.500000000000004
decision_type=9 9 9 2 2 2 9 9 9 2 2 2 2 2 9 2 2 2 2 2 2 9 9 2 2 2 2 9 2 9 2 2 2 2 2 2 9 2 9 9 2 2 2 9 2 2 9 9 2 9 9 2 9 9 9 2 9 2 2 2 2 2
left_child=2 7 10 4 5 6 -3 28 32 18 11 41 19 -10 -7 24 -15 -14 47 25 21 23 57 -5 -4 -13 27 -16 31 -28 -31 61 -6 -26 56 37 -37 38 -24 -39 -40 42 52 -17 45 -35 -47 -9 -46 -50 -11 -29 -1 -34 55 -21 -23 58 -22 60 -59 -2
right_child=1 3 15 20 8 14 -8 9 13 50 -12 12 17 16 26 43 -18 -19 -20 54 22 34 35 -25 33 -27 29 51 -30 30 -32 -33 53 44 -36 36 -38 39 40 -41 -42 -43 -44 -45 48 46 -48 -49 49 -51 -52 -53 -54 -55 -56 -57 -58 59 -60 -61 -62 -63
leaf_value=-0.030036071100125395 0.03924595409951092 0.010899811986938146 0.0069355668308672576 0.013648497243900182 -0.0019405740294212493 0.021474113465904089 -0.013019507387794227 0.010054206789547722 0.04596829481563991 0.0070983296459068874 -0.023479875447058957 0.053408983147460412 -0.036161925746081118 -0.018657425472751673 0.022911252175561937 -0.00832201145660867 -0.0087840270984570479 -0.01200602811507805 0.013522581532244438 -0.0050610330185703939 -0.0047260239728720514 -0.012867910773571951 0.010427529140026415 0.028625973238924865 -0.019405135727589923 0.00051526254734078907 0.0062181435069093684 0.030769712442455945 0.017815522738049937 0.00047136104808785943 -0.027014402407693774 0.036780277169459877 0.013295498702876447 0.019097307517792639 0.01170475599802321 -0.001197312577691756 0.027807043014968502 0.0065456081004332872 0.018576101767143895 -0.0094694982982140418 -0.00076723059618535319 -0.010124112206440501 -0.037305271775620673 0.010895393672142534 -0.0034441479691467384 -0.0037062134697724404 -0.021477338307206606 0.0010034217605137342 -0.014111066733795509 -0.0037989460069524916 0.021296466928719185 0.0027682987835836227 -0.024067337390831861 0.033107690749839748 0.0012976466533748399 -0.027871689314883031 0.0040284583625758708 -0.0086264925886119625 -0.026534648971712628 0.0084891552546375489 0.024099865644805887 0.013679743707577786
leaf_weight=1036 46 549 637 566 2317 335 1522 1054 63 279 1742 58 234 1132 789 135 1538 669 4873 398 117 254 1526 672 1282 91 525 39 765 326 237 824 254 102 1057 235 447 324 478 465 1497 244 150 376 4197 338 591 2024 940 914 1126 1417 1860 119 529 146 1333 422 75 263 75 388
leaf_count=1036 46 549 637 566 2317 335 1522 1054 63 279 1742 58 234 1132 789 135 1538 669 4873 398 117 254 1526 672 1282 91 525 39 765 326 237 824 254 102 1057 235 447 324 478 465 1497 244 150 376 4197 338 591 2024 940 914 1126 1417 1860 119 529 146 1333 422 75 263 75 388
internal_value=-7.14053e-05 0.00411503 -0.00819294 0.00151111 -0.0012005 0.00166405 -0.00422501 0.00890772 -0.00423197 0.00756993 -0.0135133 -0.0118283 -0.00651765 -0.00818447 0.00498909 -0.00417979 -0.00895131 -0.0134551 0.00638284 -0.00139116 0.00459922 0.00747038 0.00271776 0.0157051 -0.0047828 0.016443 0.00363446 0.00634744 0.0150271 -0.00193015 -0.0082897 0.0189189 -0.000185185 -0.00545194 0.00354182 0.00451626 0.0115836 0.00340326 0.0048986 -0.00323194 0.00163728 -0.0152584 -0.016218 0.00636008 -0.00447614 -0.00955383 -0.0115716 0.00305393 -0.00361097 -0.00701187 0.0143416 0.00238745 -0.0154696 0.0100536 -0.00386766 -0.00884477 0.000283554 -0.00665281 -0.0171875 -0.00407895 -0.00855131 0.0103687
internal_weight=49016 32347 16669 20968 11162 5739 2071 11379 5423 9356 7157 5415 2125 2733 3668 9512 2670 903 7951 1222 9806 3882 5924 1238 9001 149 3333 2245 2023 1088 563 1258 2690 8364 2644 4972 682 4290 3501 789 1975 3290 3046 511 7082 1031 929 3078 6051 1854 1405 1456 2896 373 1073 544 1587 952 192 760 497 434
internal_count=49016 32347 16669 20968 11162 5739 2071 11379 5423 9356 7157 5415 2125 2733 3668 9512 2670 903 7951 1222 9806 3882 5924 1238 9001 149 3333 2245 2023 1088 563 1258 2690 8364 2644 4972 682 4290 3501 789 1975 3290 3046 511 7082 1031 929 3078 6051 1854 1405 1456 2896 373 1073 544 1587 952 192 760 497 434
cat_boundaries=0 2 4 6 8 10 12 14 16 18 20 21 23 25 26 28 30 32 34 36 37 39 40 42
cat_threshold=10755877 2721897 1074872392 414096 10751492 32768 71336066 1049088 0 16640 424280066 8192 2 8192 268992512 1049092 2281701376 516 268959744 1049092 155320464 369655808 8192 71335952 1056768 285376640 32 589856 257 589856 1048648 393344 4128 2621441 1073758208 393216 262656 285736960 8192 2360832 4325376 8192
is_linear=0
shrinkage=0.05


Tree=14
num_leaves=63
num_cat=42
split_feature=0 2 2 1 0 0 0 2 4 0 8 2 0 4 0 0 2 1 4 0 0 2 0 7 2 0 4 0 2 8 2 0 7 7 1 0 2 0 0 7 0 4 5 0 4 2 7 7 1 0 1 4 5 0 7 0 7 4 2 0 1 0
split_gain=605.459 351.423 215.295 204.564 133.535 132.879 122.596 72.7823 62.0622 50.142 47.206 44.1626 33.1032 31.7681 39.087 30.3451 32.9483 30.162 29.4845 29.3699 29.2309 28.7505 28.5628 37.4862 26.1705 25.4442 30.6992 24.2231 24.2071 22.7493 22.4932 20.3156 19.129 20.3295 19.0062 19.4563 19.7452 18.761 18.7532 18.3801 24.9125 22.1199 18.3366 17.6055 17.1545 16.8629 16.4567 16.2976 15.8743 15.3581 14.2058 13.88 13.6126 17.6398 19.3463 13.3925 13.2311 13.2271 13.0922 12.628 12.5557 12.4511
threshold=0 1 2 3 4 5 6 7 80.500000000000014 8 1.0000000180025095e-35 9 10 78.500000000000014 11 12 13 14 13.500000000000002 15 16 17 18 8.5000000000000018 19 20 228.50000000000003 21 22 1.0000000180025095e-35 23 24 1.5000000000000002 7.5000000000000009 25 26 27 28 29 5.5000000000000009 30 547.50000000000011 1.0000000180025095e-35 31 59.500000000000007 32 7.5000000000000009 4.5000000000000009 33 34 35 429.50000000000006 4.5000000000000009 36 6.5000000000000009 37 8.5000000000000018 46.500000000000007 38 39 40 41
decision_type=9 9 9 9 9 9 9 9 2 9 2 9 9 2 9 9 9 9 2 9 9 9 9 2 9 9 2 9 9 2 9 9 2 2 9 9 9 9 9 2 9 2 2 9 2 9 2 2 9 9 9 2 2 9 2 9 2 2 9 9 9 9
left_child=2 5 27 4 10 17 13 19 15 18 38 20 28 14 32 -8 57 61 -9 -4 46 -20 24 -24 -12 -13 52 -1 31 -23 -21 -7 -5 47 35 36 -15 50 -3 40 -31 -41 -37 -28 56 -29 -6 -34 -46 -30 -10 -39 -27 -54 -55 -50 -11 59 -16 -17 -40 -2
right_child=1 3 7 6 11 12 8 9 37 44 22 25 -14 34 58 16 -18 -19 21 30 -22 29 23 -25 -26 26 43 45 49 39 -32 -33 33 -35 -36 42 -38 51 60 41 -42 -43 -44 -45 48 -47 -48 -49 55 -51 -52 -53 53 54 -56 -57 -58 -59 -60 -61 -62 -63
leaf_value=-0.039252971022024935 0.019477704061218116 -0.031058488682309496 -0.0036435159761463443 -0.013486294860002924 0.0031558891652561541 0.015675009597807332 0.0013118599358333816 -0.029733680287378907 0.0078450592206880561 -0.017533105975604108 0.027788801973471545 -0.01893046485650525 0.017523155327201358 0.018818142517701166 0.0059712551577105755 -0.0095130621006173262 -0.0027291543816737266 0.018114086201859426 -0.027309345023620004 -0.00554060375282468 -0.041741529954006124 -0.012240790662492635 0.026121152331978006 -0.020170690286013062 0.012426011027715945 -0.0079235598219238156 0.017505209298556767 0.00059613782871105199 0.035175029250898215 0.035004204938404594 0.029643191555849616 -0.012733940291718083 0.013201224442036131 0.010919141895460328 0.017140759388139925 -0.0025120212186423799 -0.00023006995586489777 0.0010896554200250043 0.025832941061540306 -0.0039729560227290961 -0.00061206561927370509 0.039894852076648668 0.0089994433711064314 -0.0028282390524901782 0.0028612165621534737 -0.034482794238159135 -0.03638892213641895 0.039935688268393332 -0.010463983100580488 -0.00093786328334943825 0.017278077684690009 0.016946813530109472 -0.0078675804601958006 0.0070127173484783537 -0.028727936798855203 -0.021372689698875069 -0.026837331416376776 -0.005711754152561011 -0.0028391495831673443 -0.020926704195180293 -0.017691938163686229 0.042657496502775949
leaf_weight=960 459 109 676 73 107 216 2782 311 845 1104 320 1453 2874 1466 1692 414 3018 568 329 239 295 1782 230 125 171 1394 284 109 207 153 524 246 143 460 2319 254 319 4550 103 1846 215 71 1261 797 264 582 94 299 1143 212 1384 542 235 64 309 1255 1019 564 1468 756 100 853
leaf_count=960 459 109 676 73 107 216 2782 311 845 1104 320 1453 2874 1466 1692 414 3018 568 329 239 295 1782 230 125 171 1394 284 109 207 153 524 246 143 460 2319 254 319 4550 103 1846 215 71 1261 797 264 582 94 299 1143 212 1384 542 235 64 309 1255 1019 564 1468 756 100 853
internal_value=-9.38469e-05 0.00317199 -0.00954574 0.00106949 -0.00704839 0.0146413 0.00311345 -0.00698748 0.00025227 -0.00857714 0.00821918 -0.0105712 0.00915007 0.0074662 0.00414752 -0.00293337 -0.00535489 0.0255026 -0.00488658 0.00348516 -0.0247036 -0.0038444 0.0144208 0.00315068 0.0220559 -0.00897492 -0.00635306 -0.0263396 0.000617284 -0.00266127 0.0101552 -0.00720339 0.0128426 0.0149667 0.00992169 0.00740181 0.0109471 0.00353094 -0.00833333 0.000634573 0.0108696 -0.0013302 0.00318033 0.000416281 -0.0121898 -0.018331 -0.00876777 0.0226244 -0.0095417 0.00920746 0.00734703 0.00184241 -0.01004 -0.0162829 -0.022846 -0.0107973 -0.0155676 -0.0108372 0.00141956 -0.0139316 0.00117371 0.029879
internal_weight=49016 36434 12582 30799 6190 5635 24609 10931 14855 9492 1158 5032 3755 9754 4135 7534 4752 1880 4707 1439 496 4396 846 355 491 4536 3083 1651 881 4067 763 462 975 902 5619 3300 1785 7321 312 2285 368 1917 1515 1081 4785 691 201 442 2662 419 2229 5092 2002 608 373 2398 2123 1734 3160 1170 203 1312
internal_count=49016 36434 12582 30799 6190 5635 24609 10931 14855 9492 1158 5032 3755 9754 4135 7534 4752 1880 4707 1439 496 4396 846 355 491 4536 3083 1651 881 4067 763 462 975 902 5619 3300 1785 7321 312 2285 368 1917 1515 1081 4785 691 201 442 2662 419 2229 5092 2002 608 373 2398 2123 1734 3160 1170 203 1312
cat_boundaries=0 2 8 14 16 18 20 22 28 30 36 38 40 42 46 49 51 53 58 60 64 66 68 74 80 82 84 86 92 94 95 96 98 103 105 107 109 111 112 118 120 122 124
cat_threshold=10755876 559136 1627917332 2722120835 46137346 168820736 101777412 133120 128 557568 524544 2457600 2097258 16 201326593 4243460 1075331138 139520 1114128 282964 1141981192 1201028 1610744846 268845184 54525956 37748738 100663300 164128 5408 526368 128 524288 256 327688 0 16 71303296 3146241 0 147840 2420768834 262145 4096 0 268435456 64 4 278528 2 268800 524288 318832784 3145728 50331648 83886082 0 8192 1073741824 1048640 8192 0 0 0 98304 2235564033 2101336 2098724 32 524288 0 2 0 67108864 131072 1610743818 16384 0 4194304 67108868 32 71303296 2097152 2621698 604508161 65544 1069312 0 0 0 67108928 134217728 392 2550169728 2097232 1572864 4096 0 1065476 0 0 0 0 66 131074 281018369 0 1049088 8912960 201854976 33685648 16384 8390660 0 0 0 4194817 134217792 128 184582145 16 67108864 4194304 1114112 4100
is_linear=0
shrinkage=0.05


Tree=15
num_leaves=63
num_cat=39
split_feature=0 2 2 1 0 0 0 2 4 0 2 0 0 2 4 0 2 4 0 2 0 2 0 2 7 0 4 7 0 7 2 2 9 7 7 4 7 0 1 0 7 7 0 2 9 6 0 4 2 1 1 7 7 0 4 7 2 2 0 7 7 0
split_gain=556.514 323.082 210.92 184.086 133.597 129.738 119.227 63.8489 53.4971 44.4919 38.3919 33.4581 30.9762 33.4134 30.7987 37.8122 30.0391 28.5328 27.4812 25.6654 25.4955 25.3898 23.8356 23.5384 24.5561 23.5215 21.5524 20.4277 24.3129 26.0186 21.4111 19.1092 18.8904 17.1377 27.9305 16.825 19.2816 16.2571 15.8409 20.8329 20.6539 15.3942 27.9257 15.2481 15.2025 15.1582 19.7782 19.5759 14.5371 14.5165 14.3499 13.6651 26.5604 21.9953 15.7238 13.6404 13.271 12.8714 15.1215 16.6109 12.1898 13.6129
threshold=0 1 2 3 4 5 6 7 80.500000000000014 8 9 10 11 12 78.500000000000014 13 14 14.500000000000002 15 16 17 18 19 20 8.5000000000000018 21 414.50000000000006 3.5000000000000004 22 8.5000000000000018 23 24 13.500000000000002 7.5000000000000009 3.5000000000000004 79.500000000000014 8.5000000000000018 25 26 27 7.5000000000000009 6.5000000000000009 28 29 19.500000000000004 1.0000000180025095e-35 30 166.50000000000003 31 32 33 4.5000000000000009 5.5000000000000009 34 561.50000000000011 7.5000000000000009 35 36 37 11.500000000000002 1.5000000000000002 38
decision_type=9 9 9 9 9 9 9 9 2 9 9 9 9 9 2 9 9 2 9 9 9 9 9 9 2 9 2 2 9 2 9 9 2 2 2 2 2 9 9 9 2 2 9 9 2 2 9 2 9 9 9 2 2 9 2 2 9 9 9 2 2 9
left_child=2 4 20 5 21 16 14 25 12 17 22 23 -8 -14 15 33 -3 -9 56 -19 -1 -2 -7 -6 -25 -4 41 32 30 -30 -29 -22 -18 34 -5 36 -11 -10 -16 43 -41 42 -20 -40 48 -43 47 -47 -17 -27 -37 60 53 -53 -54 -24 -12 -39 -59 -60 -21 -62
right_child=1 3 7 6 11 10 8 9 37 35 18 -13 13 -15 38 44 27 19 26 51 31 -23 55 24 -26 49 -28 28 29 -31 -32 -33 -34 -35 -36 50 -38 57 39 40 -42 45 -44 -45 -46 46 -48 -49 -50 -51 -52 52 54 -55 -56 -57 -58 58 59 -61 61 -63
leaf_value=-0.03897069978811004 0.015368605604618125 -0.022675611741686665 -0.0028138015296433616 0.0048397009312432073 0.035088569464522039 -0.036697629821459903 0.0025252033231519034 -0.028027072566043455 0.013838603753555369 -0.01524777505870023 -0.010554881644793186 0.016880853843742206 -0.012719654170078322 -0.0021757681306874832 0.015779293135847861 0.0039973913035833203 -0.027383004408170389 -0.022216974396939915 0.016275853105773487 0.002508510451035101 -0.016458166762398387 0.033156294449786308 0.00096250806264877033 0.0089254093850659969 -0.016870551590351945 0.00066098398880540818 0.017073050808889323 0.025176452474728595 0.02995973521262546 -0.01411038134245542 0.013227931425617956 -0.03451924140864359 0.013061485770976567 0.0071803536776261397 0.034866588845712643 -0.0046600337475817492 -0.025750560446889816 -0.0017419135891485694 0.022626066032851711 0.012768167366986549 -0.00066413195685720576 -0.0065191623415811646 -0.0090292532641776946 0.0075627320075283173 0.023046371122385903 -0.028141532791833668 -0.0093151119699113934 -0.010445711052020995 -0.0070694716351781157 0.030402373062800359 -0.015484884471125317 0.033253994691484358 -0.0052319458284167293 0.00075540082069281984 0.026474982065825173 -0.042911849709245477 -0.021877806550219672 -0.00014295767117935564 0.0057155847782598525 0.03248362646328478 -0.023100979883803708 -0.0095346963228395767
leaf_weight=812 261 107 650 220 107 228 2490 350 1984 1299 410 2957 1863 3352 1700 1293 93 458 274 232 449 1400 110 451 270 239 205 343 256 192 199 390 73 590 470 922 1269 1638 1246 1096 958 1421 651 542 335 240 276 118 1026 428 1372 147 2457 205 103 105 967 1677 2001 239 317 483
leaf_count=812 261 107 650 220 107 228 2490 350 1984 1299 410 2957 1863 3352 1700 1293 93 458 274 232 449 1400 110 451 270 239 205 343 256 192 199 390 73 590 470 922 1269 1638 1246 1096 958 1421 651 542 335 240 276 118 1026 428 1372 147 2457 205 103 105 967 1677 2001 239 317 483
internal_value=-5.50841e-05 0.00307595 -0.0091169 0.00110007 0.0142962 -0.00654667 0.00304084 -0.00658532 0.00030156 -0.00800083 -0.0101595 0.00905138 -0.00262816 -0.0048134 0.00744255 0.00406711 0.00773763 -0.00453591 -0.00874891 -0.00345298 -0.0257375 0.0261221 -0.0241722 0.000119332 -0.00321477 0.00373022 -0.00615023 0.0101201 0.0129293 0.00393013 0.0199275 -0.0189046 -0.0060241 0.0110853 0.0165217 -0.0113711 -0.0141745 0.00329619 0.00985204 0.00799585 0.00450581 -0.00724832 -0.00189189 0.0119577 0.000638138 -0.00965937 -0.0160883 -0.0236413 -0.000797758 0.0102659 -0.00828248 -0.00212443 -0.000377747 0.0125 -0.00214844 -0.0108889 -0.014672 0.00189578 0.00345047 0.00613333 -0.00707364 -0.01
internal_weight=49016 36434 12582 30988 5446 6268 24720 10931 15244 9614 5005 3785 7705 5215 9476 3934 1263 4752 4562 4402 1651 1661 443 828 721 1317 3185 1156 990 448 542 839 166 1280 690 4862 2568 7539 5542 3842 2054 2980 925 1788 2654 2055 634 358 2319 667 2294 3944 2912 352 2560 215 1377 5555 3917 2240 1032 800
internal_count=49016 36434 12582 30988 5446 6268 24720 10931 15244 9614 5005 3785 7705 5215 9476 3934 1263 4752 4562 4402 1651 1661 443 828 721 1317 3185 1156 990 448 542 839 166 1280 690 4862 2568 7539 5542 3842 2054 2980 925 1788 2654 2055 634 358 2319 667 2294 3944 2912 352 2560 215 1377 5555 3917 2240 1032 800
cat_boundaries=0 2 8 14 16 18 20 22 28 30 36 38 40 44 46 51 53 58 59 64 66 71 73 75 79 84 86 88 90 92 98 100 106 108 110 111 116 121 123 124
cat_threshold=10755876 559136 1627917332 2722120838 46137858 34603008 101711876 133120 128 557568 524544 2457600 2097258 16 1275068673 2151727104 65552 414032 1079558210 401664 1141964808 1201028 1610743822 268845184 54525956 37748738 67108868 163872 5408 526368 0 524288 256 327680 0 16 67108992 3146241 2420654146 262145 0 0 268435456 64 0 148352 0 67633152 0 262144 34 2231369729 2101320 50331648 83886082 8 8192 1073741824 2098692 1610612736 4210818 2 33554432 4 67239936 21012 4 4210688 0 0 33554432 268800 557056 1048640 8192 0 0 0 98304 0 0 0 32768 66 402686080 2097232 8786496 402784256 65536 1069312 134217856 1131008 0 0 268435456 64 134217792 256 268501000 1049092 0 0 536870912 513 134217792 128 258 671481888 8519682 281673729 4096 33554432 0 0 4194304 1075838978 10 268443648 2147487744 335544385 128 21102593 65545 4096
is_linear=0
shrinkage=0.05


Tree=16
num_leaves=63
num_cat=15
split_feature=2 2 4 2 7 7 3 9 8 2 7 2 2 7 5 7 4 9 9 9 4 2 7 7 7 4 7 4 9 4 9 4 5 5 2 9 4 9 9 7 4 7 4 2 7 2 2 4 2 2 2 2 9 5 9 7 4 9 5 4 4 9
split_gain=424.779 297.257 133.465 74.8382 50.1254 33.2264 31.0489 28.8682 26.0082 28.5873 26.9273 24.8013 21.9407 21.3817 17.7085 15.983 16.1029 14.8838 18.8849 14.1115 13.5547 12.9428 14.2597 16.7358 16.4437 14.6096 13.5906 12.3946 12.0447 12.0446 11.9313 12.291 11.7037 27.6794 16.1774 13.6586 10.9273 10.9271 10.5539 10.4181 10.0543 9.38341 13.967 11.928 10.0127 12.4942 9.3816 9.32385 9.28342 9.25422 9.08779 8.56916 8.30492 7.97254 7.95151 7.78444 7.76952 7.63467 7.62056 7.93194 12.8111 7.56238
threshold=0 1 65.500000000000014 2 7.5000000000000009 4.5000000000000009 3.5000000000000004 16.500000000000004 1.0000000180025095e-35 3 5.5000000000000009 4 5 1.5000000000000002 1.5000000000000002 1.5000000000000002 14.500000000000002 19.500000000000004 7.5000000000000009 5.5000000000000009 429.50000000000006 6 11.500000000000002 9.5000000000000018 3.5000000000000004 214.50000000000003 7.5000000000000009 23.500000000000004 14.500000000000002 20.500000000000004 17.500000000000004 576.50000000000011 2.5000000000000004 4.5000000000000009 7 7.5000000000000009 80.500000000000014 9.5000000000000018 15.500000000000002 11.500000000000002 32.500000000000007 7.5000000000000009 136.50000000000003 8 3.5000000000000004 9 10 92.500000000000014 11 12 13 14 17.500000000000004 1.0000000180025095e-35 6.5000000000000009 2.5000000000000004 576.50000000000011 19.500000000000004 2.5000000000000004 104.50000000000001 96.500000000000014 10.500000000000002
decision_type=9 9 2 9 2 2 2 2 2 9 2 9 9 2 2 2 2 2 2 2 2 9 2 2 2 2 2 2 2 2 2 2 2 2 9 2 2 2 2 2 2 2 2 9 2 9 9 2 9 9 9 9 2 2 2 2 2 2 2 2 2 2
left_child=13 3 4 50 5 7 8 46 9 14 51 29 58 47 28 16 -9 18 -14 27 -20 26 23 24 -23 -25 -15 -13 -4 -6 31 -16 35 34 -34 -5 -32 -11 49 -40 -28 43 -43 44 45 -37 54 52 -26 -21 -2 -10 -1 -51 -3 -38 -53 -52 -12 60 -60 -8
right_child=1 2 6 32 11 -7 61 15 10 37 12 19 17 21 30 -17 -18 -19 20 38 -22 22 -24 25 48 -27 40 -29 -30 -31 36 -33 33 -35 -36 41 55 -39 39 -41 -42 42 -44 -45 -46 -47 -48 -49 -50 53 57 56 -54 -55 -56 -57 -58 -59 59 -61 -62 -63
leaf_value=0.042972131413073593 -0.048391325469312067 0.010322023701406335 -0.013849299553625072 -0.039820734486478819 -0.019412665008500418 0.0034603595578479142 -0.010355521663235801 0.046375214299356718 0.026845268691381919 -0.0124838359487925 0.0069009680665211241 -0.014958489090023465 0.015217206215796497 0.015498420874502329 0.0039360987316048538 -0.0028111477581791444 0.0070754024998967661 0.010073361074428556 -0.00039882547021603544 -0.011245404444313345 0.014892108320758568 0.0080371189324760506 0.027871111878739575 0.0027020237672921166 0.0082328395647810592 0.014504499776498536 -0.037951054105773978 0.024183908821857281 0.0045874274234090516 -0.011580440589498553 -0.0099671356846668061 0.018287922760899779 0.00024119120871001767 -0.016218497453184651 -0.0081873475660322326 -0.030212564640002566 0.031207596609198914 -0.0014478390037639844 -0.0040700568097041595 0.012072786672135917 0.00091306305026208625 -0.030828273382202977 -0.018769440330045795 -0.027955129243988453 -0.0026018271562759602 0.0024075354888894677 -0.016436839094293415 0.023333535364339575 0.022533849993039024 -0.029032166064264755 -0.03084759312445931 0.015981793630765295 0.053275688252538395 0.0018357363479913015 -0.0073672666823340676 0.011759989274521416 -0.0071080982050273356 -0.020064402135535699 0.012623131811391986 0.015056661596907439 -0.018827453155784393 -0.0017523135849409233
leaf_weight=96 265 97 718 185 1065 3809 508 130 552 626 1076 39 622 511 2374 863 283 983 4952 2027 470 869 524 711 278 336 32 93 693 2104 94 140 1242 1632 487 234 282 2425 1299 263 406 503 913 296 807 139 1288 433 2395 60 476 827 63 368 1000 648 43 118 234 869 40 1101
leaf_count=96 265 97 718 185 1065 3809 508 130 552 626 1076 39 622 511 2374 863 283 983 4952 2027 470 869 524 711 278 336 32 93 693 2104 94 140 1242 1632 487 234 282 2425 1299 263 406 503 913 296 807 139 1288 433 2395 60 476 827 63 368 1000 648 43 118 234 869 40 1101
internal_value=-4.48833e-05 -0.0018904 2.13828e-05 -0.0110647 -0.00359075 -0.000709505 0.00265572 -0.0041109 0.00323013 0.001075 0.00484627 -0.00653184 0.00386113 0.0116897 0.00341803 0.00195925 0.0100484 0.00247975 0.00155526 -0.00395528 0.000608632 0.0108215 0.0118192 0.0109501 0.0125918 0.00539637 0.0052659 0.0121212 -0.00131113 -0.00986159 0.00531374 0.00346062 -0.00918114 -0.00715561 -0.00274725 -0.0114235 0.00986328 -0.00272787 -0.0044934 -0.00128041 -0.00114155 -0.0105809 -0.0134887 -0.00779133 -0.00537815 -0.0121984 -0.00735849 0.020777 0.0145342 -0.00653768 -0.0249137 0.0112518 0.0311321 0.000228311 -0.00383921 0.0115054 0.00784091 -0.0203642 0.00818753 0.0110674 0.00364964 -0.0040087
internal_weight=49016 42362 35065 7297 14788 7470 20277 3661 18668 8000 10668 7318 9246 6654 4949 1276 413 7027 6044 4149 5422 6062 5113 4589 3542 1047 949 132 1411 3169 3538 2514 6438 3361 1729 3077 1024 3051 4017 1562 438 2892 1416 1476 1180 373 2385 592 2673 2455 859 1422 159 428 1097 930 870 594 2219 1143 274 1609
internal_count=49016 42362 35065 7297 14788 7470 20277 3661 18668 8000 10668 7318 9246 6654 4949 1276 413 7027 6044 4149 5422 6062 5113 4589 3542 1047 949 132 1411 3169 3538 2514 6438 3361 1729 3077 1024 3051 4017 1562 438 2892 1416 1476 1180 373 2385 592 2673 2455 859 1422 159 428 1097 930 870 594 2219 1143 274 1609
cat_boundaries=0 6 12 18 24 29 35 40 45 50 54 60 66 71 77 83
cat_threshold=1611140116 2852275332 62930950 33554432 101711876 169984 33554561 84443968 557312 2990088 2097210 17 128 525056 256 327688 0 16 2228224 4194306 2484076544 513 134217728 424 2097152 0 805306368 65 1073741824 2 4202496 512 202375680 64 40 0 16516 33554438 0 100663296 33554432 32768 524288 40960 2097154 33554432 83886080 524288 32768 10 33554432 0 0 32768 0 0 2147483648 513 0 160 536870912 537001984 16777216 0 1048580 32768 131072 0 0 268435968 134217728 0 524288 0 262152 0 16 16781312 0 536936448 576 0 128
is_linear=0
shrinkage=0.05


Tree=17
num_leaves=63
num_cat=38
split_feature=0 2 2 2 0 0 0 2 2 0 0 0 0 1 4 7 0 0 4 0 7 2 2 2 2 2 1 0 0 7 7 4 2 4 4 4 0 7 1 6 0 0 7 7 7 0 0 0 7 1 4 4 7 6 0 0 2 7 7 0 7 7
split_gain=514.532 272.945 208.872 141.374 113.574 84.2711 81.1499 68.7911 63.1904 47.0084 38.226 35.9214 35.888 35.5893 33.4898 30.8089 47.2179 27.8182 26.316 23.2817 21.8576 21.479 20.012 19.2815 19.1153 19.002 18.8684 18.1987 18.1619 22.0654 17.0416 17.026 16.9384 19.596 16.5367 15.8799 14.8179 14.5357 14.5033 13.5824 19.4724 16.4784 18.8844 13.0981 21.087 29.7868 19.388 17.442 17.2914 13.7258 13.6957 13.094 12.7852 12.6975 12.3043 12.2851 12.9177 11.907 11.7287 11.6092 11.501 26.6949
threshold=0 1 2 3 4 5 6 7 8 9 10 11 12 13 42.500000000000007 7.5000000000000009 14 15 11.500000000000002 16 8.5000000000000018 17 18 19 20 21 22 23 24 1.5000000000000002 7.5000000000000009 37.500000000000007 25 54.500000000000007 561.50000000000011 134.50000000000003 26 7.5000000000000009 27 1.0000000180025095e-35 28 29 6.5000000000000009 7.5000000000000009 3.5000000000000004 30 31 32 11.500000000000002 33 65.500000000000014 168.50000000000003 1.5000000000000002 1.0000000180025095e-35 34 35 36 3.5000000000000004 6.5000000000000009 37 8.5000000000000018 7.5000000000000009
decision_type=9 9 9 9 9 9 9 9 9 9 9 9 9 9 2 2 9 9 2 9 2 9 9 9 9 9 9 9 9 2 2 2 9 2 2 2 9 2 9 2 9 9 2 2 2 9 9 9 2 9 2 2 2 2 9 9 9 2 2 9 2 2
left_child=2 4 10 6 13 22 43 12 19 20 -1 21 -4 27 -8 16 39 -17 -11 30 38 -6 -5 28 -20 -14 51 -2 -12 -30 -7 -22 35 -34 -26 -19 37 -24 -9 40 -10 42 -41 44 45 -3 50 -46 49 -48 54 -18 -27 -40 -45 56 -16 -42 -59 -58 61 -38
right_child=1 3 7 5 11 8 14 9 15 18 23 -13 25 -15 55 17 26 32 24 -21 31 -23 36 -25 34 52 -28 -29 29 -31 -32 -33 33 -35 -36 -37 60 -39 53 41 57 -43 -44 46 47 -47 48 -49 -50 -51 -52 -53 -54 -55 -56 -57 59 58 -60 -61 -62 -63
leaf_value=-0.035573936702185588 0.016914958066383046 0.023249035333851788 -0.0045592629211477168 -0.014863044544918115 -0.020392268624779275 0.0025277196480374634 -0.0033747247949678983 -0.017483720230860506 -0.00056818457848043511 -0.026288202284789959 -0.0016817468481794052 0.015132977049000962 -0.0021538469928209735 0.016790513822567854 0.011489391910125591 -0.0031088637858271819 -0.020764376678799552 -0.025747623824466916 -0.016993314853271092 -0.037681578840791478 -0.026897116945482327 0.0050706374734309223 0.021391370994419335 -0.035810116982442811 -0.0058828972518014224 0.04540171173425054 -0.0019702800609081362 0.038182361247350194 -0.0409594198184286 -0.021391645293397855 -0.027559588566391343 -0.018881492835508641 -0.017008623784285699 -0.002959892061523162 0.015725739912687553 -0.015589757799832371 0.0068711939768619223 0.0085415703953990122 -0.0028487793456619115 0.013834937985472884 0.0036729448187340142 0.0057266186692493063 -0.024364650880382133 0.0011762122899502182 0.0095136785051892492 -0.0023232860549518785 0.0068959974425459982 0.027197619651608853 0.027762078196000673 0.023676212790029051 0.0071053621280452121 -0.0099997615116335821 0.015009716158361375 -0.014400735136818766 -0.022334118968706098 0.0015414963664870164 -0.0011125328496213616 0.032595326115570721 0.0027506135575396497 0.011448912414813784 0.011427463484535228 -0.021479430919059739
leaf_weight=774 424 605 778 241 143 110 3165 1086 479 338 258 3001 333 588 2117 2026 432 237 611 221 663 440 326 244 4839 124 1195 851 90 610 140 1437 574 839 201 427 1044 334 1135 36 300 397 67 245 867 568 1342 1322 307 223 852 524 641 355 169 4360 928 295 186 517 877 158
leaf_count=774 424 605 778 241 143 110 3165 1086 479 338 258 3001 333 588 2117 2026 432 237 611 221 663 440 326 244 4839 124 1195 851 90 610 140 1437 574 839 201 427 1044 334 1135 36 300 397 67 245 867 568 1342 1322 307 223 852 524 641 355 169 4360 928 295 186 517 877 158
internal_value=-8.77265e-05 0.00323539 -0.00798169 0.00130755 0.0134964 -0.00301089 0.00412286 -0.0055892 -0.00555032 -0.00714286 -0.0230614 0.00823595 0.00323436 0.0235184 0.00151843 -0.00448654 -0.0013168 -0.00751889 -0.00419237 -0.0231809 -0.0109048 -0.00311973 0.00421405 -0.0170792 -0.00338878 0.00902527 -0.00627025 0.0283658 -0.0135331 -0.0177465 -0.0115385 -0.0147143 -0.0115716 -0.00832748 -0.00235644 -0.0182493 0.00543834 0.0119403 -0.00784161 0.00474576 0.00753968 -0.0022 -0.0190265 0.00855607 0.0107377 0.00532822 0.00624602 0.0136364 0.00945802 0.00738019 0.00141066 -0.0114907 0.0133548 -0.00453333 -0.00603865 0.00325675 0.00543113 0.0123262 0.0173597 0.00175258 0.00332695 0.000166389
internal_weight=49016 34499 14517 29052 5447 11465 17587 12541 8485 10665 1976 3584 1876 1863 11087 8014 3911 4103 5989 471 4676 583 2980 1202 5651 1098 2151 1275 958 700 250 2100 2077 1413 5040 664 2739 660 2576 1760 1260 500 103 6500 3362 1173 3138 2189 1872 1565 1266 956 765 1490 414 7922 3562 781 481 1445 2079 1202
internal_count=49016 34499 14517 29052 5447 11465 17587 12541 8485 10665 1976 3584 1876 1863 11087 8014 3911 4103 5989 471 4676 583 2980 1202 5651 1098 2151 1275 958 700 250 2100 2077 1413 5040 664 2739 660 2576 1760 1260 500 103 6500 3362 1173 3138 2189 1872 1565 1266 956 765 1490 414 7922 3562 781 481 1445 2079 1202
cat_boundaries=0 2 8 14 20 22 24 26 32 38 40 42 44 46 49 51 53 55 56 62 67 73 79 81 83 85 90 92 94 96 98 100 102 104 106 108 110 115 117
cat_threshold=10755877 2721824 1630014484 2181170306 47186434 2182086656 100663364 133376 128 17334784 524544 2465792 2097258 16 4098 541089797 2969567308 201327106 135594112 168 65552 414036 1074872392 139649 1114122 1200900 1611138062 273039504 54525956 373293058 67108864 163872 128 524800 256 327688 0 16 10750468 32768 2097668 2048 67108992 513 268800 524288 0 8667136 2 134774930 1065488 373948416 283152 319291536 1048580 524288 0 67665920 256 2367488 2097184 16 0 32768 256 40960 2097226 50331648 67117058 65544 0 1073741824 256 1610612746 16384 0 373293056 67108864 32 201326593 16384 65536 4100 2304 589824 33554432 0 524288 270565376 10 64 384 539328513 545275904 134217744 16 0 512 1114120 131584 65536 1180160 10 4100 11173888 524289 65536 131072 1409859712 262224 0 24576 2415919112 134218242 128 1140867072 80
is_linear=0
shrinkage=0.05


Tree=18
num_leaves=63
num_cat=41
split_feature=0 2 2 0 0 1 2 4 0 2 0 0 0 1 0 8 2 0 2 0 4 2 2 1 0 0 2 1 9 2 4 3 2 1 0 0 0 4 0 5 0 4 9 2 2 0 5 1 3 0 5 0 0 4 5 4 1 4 9 9 4 4
split_gain=466.261 241.56 216.599 113.828 111.393 88.1501 71.0761 54.0583 51.8532 48.2312 42.6483 41.1017 34.4029 33.1306 35.4003 28.7139 28.7032 27.3956 33.191 26.8396 26.0854 25.0251 24.7471 22.8713 22.0381 20.7194 20.6742 20.5726 19.9337 18.6006 16.8109 19.1114 16.5763 15.7407 14.9242 14.3703 13.8744 13.8557 13.0239 14.3684 12.8043 12.7381 12.8071 12.9651 12.5767 12.4535 12.4301 14.328 12.1715 12.0526 13.9047 13.1663 12.4553 11.9698 11.4925 18.4894 11.4673 11.0665 10.7983 10.5142 11.4321 10.38
threshold=0 1 2 3 4 5 6 65.500000000000014 7 8 9 10 11 12 13 1.0000000180025095e-35 14 15 16 17 21.500000000000004 18 19 20 21 22 23 24 20.500000000000004 25 188.50000000000003 2.5000000000000004 26 27 28 29 30 79.500000000000014 31 4.5000000000000009 32 429.50000000000006 13.500000000000002 33 34 35 2.5000000000000004 36 2.5000000000000004 37 4.5000000000000009 38 39 84.500000000000014 1.5000000000000002 188.50000000000003 40 148.50000000000003 19.500000000000004 17.500000000000004 54.500000000000007 16.500000000000004
decision_type=9 9 9 9 9 9 9 2 9 9 9 9 9 9 9 2 9 9 9 9 2 9 9 9 9 9 9 9 2 9 2 2 9 9 9 9 9 2 9 2 9 2 2 9 9 9 2 9 2 9 2 9 9 2 2 2 9 2 2 2 2 2
left_child=2 4 11 9 13 10 12 19 32 -3 15 -1 -4 14 -2 -5 30 18 -6 23 -18 36 58 -7 -24 27 34 54 -26 40 31 -10 -8 -22 53 -32 -12 38 39 46 -14 42 43 -27 -19 -20 -34 61 -17 59 52 -52 -51 -13 55 57 -39 -9 -11 -23 -61 -48
right_child=1 3 6 5 17 7 8 25 16 22 21 26 29 -15 -16 48 20 44 45 -21 33 49 24 -25 28 41 -28 -29 -30 -31 35 -33 37 -35 -36 -37 -38 56 -40 -41 -42 -43 -44 -45 -46 -47 47 -49 -50 50 51 -53 -54 -55 -56 -57 -58 -59 -60 60 -62 -63
leaf_value=-0.03563723407321745 0.016398071540733361 -0.02279912607757896 -0.003546092029815884 -0.01779272156084628 -0.0094373639628359159 -0.01576633452185866 -0.022764708030742976 -0.0024656087162771125 -0.00029147270036870013 0.01147544127058453 -0.012531954361687426 -0.030376799905268384 -0.010726578268474285 0.016143881856660269 0.0365927733006019 0.018403783963802624 -0.026150090588026066 0.0028984756237164346 0.028898745215749769 0.00053580666086463504 -0.0060775121702846937 -0.011230916215880238 0.013118293158926521 -0.0037890677160128065 0.00041022121384488576 0.0040806084271577617 -0.034556728551599213 0.012517637244408852 0.025110493139802799 0.02358676016752306 0.018527634878191267 -0.016392438906343343 -0.017765298902907324 -0.021464292388229916 -0.027814571487840258 0.0028674700418286347 -0.025926583462805266 0.0090449619661167723 -0.02091191606459793 -0.022682085025130107 0.013973014022859132 0.019211606067332073 0.0039686128059825913 -0.0061908728632606887 0.014320942538045679 -0.0037430446819004537 0.043121535081177532 -0.007727628135494536 -0.0089940420287563435 -0.0056454993857972483 -0.021961951637663426 -0.0085765263919841961 0.0025698753061871916 -0.0011186032511808553 0.0080195015093901933 -0.0041612478810889812 -0.010743049014734496 0.042322801567651162 0.017902018979117095 0.011421021677806743 -0.024123642265799484 0.0052172560407457661
leaf_weight=597 654 340 691 127 542 1137 1400 144 1975 3547 109 82 142 1179 858 227 391 631 240 3573 2177 1034 1103 1959 2567 538 265 2700 186 668 264 480 481 558 410 541 237 118 1090 272 191 304 1876 1253 2422 140 84 211 69 907 195 329 548 304 874 195 1665 46 696 36 348 89
leaf_count=597 654 340 691 127 542 1137 1400 144 1975 3547 109 82 142 1179 858 227 391 631 240 3573 2177 1034 1103 1959 2567 538 265 2700 186 668 264 480 481 558 410 541 237 118 1090 272 191 304 1876 1253 2422 140 84 211 69 907 195 329 548 304 874 195 1665 46 696 36 348 89
internal_value=-4.0803e-05 0.00322019 -0.00733043 0.0011281 0.0117436 -0.00104128 -0.005223 0.000790609 -0.00659834 0.00594745 -0.00744732 -0.0243405 0.00434783 0.0196039 0.0246386 0.00750577 -0.00353346 0.00638645 -0.00118026 -0.00252662 -0.00695153 -0.00915268 0.00672709 -0.00592402 0.00380238 0.00358134 -0.0179739 0.00613505 0.00139341 0.0102374 -0.000244648 -0.00230143 -0.010203 -0.0052468 -0.0135236 0.00602484 -0.0219101 -0.00850746 -0.0111585 -0.00719268 0.000437318 0.00101733 0.000204527 -0.00281965 0.00866797 0.01 -0.00410405 0.00260417 0.0162162 -0.00779278 -0.00520362 -0.0122137 -0.00271478 -0.00606061 0.000827423 -0.00636364 -0.00524397 0.00473684 0.00936986 -0.0113445 -0.0184896 0.0128415
internal_weight=49016 33870 15146 27204 6666 18765 13488 14599 11796 8439 4166 1658 1692 2691 1512 423 6386 3975 922 6669 3126 3743 8099 3096 3856 7930 1061 3959 2753 1001 3260 2455 5410 2735 796 805 346 4010 2227 1137 333 3971 3667 1791 3053 380 865 384 296 3397 1979 524 1455 386 1259 385 1783 190 4243 1418 384 173
internal_count=49016 33870 15146 27204 6666 18765 13488 14599 11796 8439 4166 1658 1692 2691 1512 423 6386 3975 922 6669 3126 3743 8099 3096 3856 7930 1061 3959 2753 1001 3260 2455 5410 2735 796 805 346 4010 2227 1137 333 3971 3667 1791 3053 380 865 384 296 3397 1979 524 1455 386 1259 385 1783 190 4243 1418 384 173
cat_boundaries=0 2 8 14 16 18 20 26 28 34 36 38 40 43 45 51 53 59 61 67 73 74 76 78 83 85 91 97 99 101 103 104 105 107 113 119 121 122 124 126 127 129
cat_threshold=10755877 2721888 1627917316 2688681090 63963650 168820736 100663300 133512 128 17302016 524544 2465800 2097192 16 1074872394 1196416 1605712 413972 1275068929 12599296 1611138054 268846224 20971524 301989888 67108864 163872 10751492 32768 0 67633168 65792 268771328 2097184 16 524288 8192 2097668 64 268800 524288 536870912 75513856 2 1605696 4100 131073 4194304 2147483650 206569985 167772352 8 201326592 1049217 524288 0 0 0 67108864 131464 117473296 8216 128 524288 4352 327680 0 16 2101248 0 2147483656 67109378 1207959616 32 2129920 64 16768 2617278592 12816 0 0 256 106496 2097160 524608 671617024 1610612738 16512 0 301989888 67108864 32 1 32768 536870922 64 194 8 2195522 805306400 7424 622592 256 2099264 301990032 2098692 10486784 2129952 4096 16384 536936448 2 134217920 32 0 0 16777728 134217728 0 136 134217728 1049088 8912896 2235564032 4124 268435456 512 167903376 131072 268435456
is_linear=0
shrinkage=0.05


Tree=19
num_leaves=63
num_cat=42
split_feature=0 2 2 0 1 0 0 2 0 0 0 4 2 8 2 0 2 4 0 2 0 1 0 0 4 0 0 4 2 4 2 0 2 1 5 0 4 3 2 0 0 0 0 4 4 2 1 4 1 0 4 5 3 0 4 4 4 4 0 1 5 1
split_gain=429.14 224.85 200.776 107.01 104.476 103.535 78.2335 60.5954 45.4613 44.6866 43.985 39.5088 37.7576 37.6344 28.7883 28.2549 26.1579 24.016 22.7958 25.3817 21.7225 23.9192 21.0076 20.7062 17.999 24.9445 24.5707 17.6058 17.0045 16.9821 16.4967 16.0619 15.9622 15.3052 15.2411 21.8973 15.1496 16.2268 14.6817 14.0551 13.8201 13.807 13.6221 13.0872 12.9664 12.7502 12.5758 12.2105 16.6464 12.1844 12.1009 11.8057 11.558 11.5149 11.5068 11.3103 11.2814 10.563 10.2318 13.8335 9.80796 13.0292
threshold=0 1 2 3 4 5 6 7 8 9 10 80.500000000000014 11 1.0000000180025095e-35 12 13 14 21.500000000000004 15 16 17 18 19 20 134.50000000000003 21 22 9.5000000000000018 23 65.500000000000014 24 25 26 27 4.5000000000000009 28 188.50000000000003 2.5000000000000004 29 30 31 32 33 216.50000000000003 106.50000000000001 34 35 18.500000000000004 36 37 38.500000000000007 2.5000000000000004 3.5000000000000004 38 6.5000000000000009 351.50000000000006 11.500000000000002 81.500000000000014 39 40 4.5000000000000009 41
decision_type=9 9 9 9 9 9 9 9 9 9 9 2 9 2 9 9 9 2 9 9 9 9 9 9 2 9 9 2 9 2 9 9 9 9 2 9 2 2 9 9 9 9 9 2 2 9 9 2 9 9 2 2 2 9 2 2 2 2 9 9 2 9
left_child=2 3 9 33 5 13 39 15 30 -1 14 20 23 40 -5 50 36 -18 19 -15 21 29 32 -7 25 -14 55 -22 53 -8 -9 -12 -13 -2 41 -36 37 -10 -28 56 -3 -27 -38 49 58 57 -19 -29 -49 60 -4 -51 -53 -17 -16 -26 -6 -11 -41 -60 61 -32
right_child=1 4 7 10 6 12 11 8 16 45 31 22 24 18 54 28 17 46 -20 -21 27 -23 -24 -25 26 34 38 47 -30 -31 43 -33 -34 -35 35 -37 42 -39 -40 44 -42 -43 -44 -45 -46 -47 -48 48 -50 51 -52 52 -54 -55 -56 -57 -58 -59 59 -61 -62 -63
leaf_value=-0.033854919996493212 0.036713841925057548 -0.02887672244821975 0.009883394774581479 -0.0089654957646941157 0.025157809628485218 -0.031490319374469347 -0.015537862647051804 -0.022612967159304016 -0.00031397968832778126 -0.025755915412033259 0.017244651629852847 0.0036073338677456547 -0.026633259007074528 0.024988566718316764 0.046103029596276747 -0.010190249355050574 -0.024870712774779376 -0.0057736365617704569 0.0062166687464728313 0.010688527346005873 0.01759216650029969 -0.002069413281468624 0.0010472513027160568 -0.016679525666447859 -0.00053389708597840764 -0.010667571685238421 -0.0038102857149689032 -0.0075879581169973733 0.022249752447951757 0.0050940434360602143 -0.023100572957968558 0.012199984026600297 0.01273073711165258 0.024661056568582695 -0.022929585078733883 -0.0028297700608276299 0.017773787625655912 -0.015505669384692267 -0.016172178370678747 -0.0035294202376113027 0.0035063361075825753 0.0017548022954652022 0.002548707864066968 -0.0044891922442437454 0.013042415756023462 -0.0293070373099132 -0.01944914272041004 0.0052463735940240898 -0.0045712121597818013 -0.022503950241004392 -0.0062439457601757738 -0.0099351768303302286 -0.037540983014874366 0.013274363321716165 0.0085647062683934187 0.023295201416789615 0.012625152864220925 -0.01167347376128694 0.017931803648784949 0.0040735329994707635 -0.018089877773247144 -0.0021129394305585305
leaf_weight=622 642 113 150 542 124 236 1127 1226 1974 175 1853 1203 387 320 63 142 390 2177 340 181 273 2140 4317 225 920 414 776 957 677 134 321 2722 2073 306 216 251 261 477 605 547 207 488 536 889 1919 501 503 2120 1189 713 542 865 57 191 280 191 1792 462 514 1163 401 894
leaf_count=622 642 113 150 542 124 236 1127 1226 1974 175 1853 1203 387 320 63 142 390 2177 340 181 273 2140 4317 225 920 414 776 957 677 134 321 2722 2073 306 216 251 261 477 605 547 207 488 536 889 1919 501 503 2120 1189 713 542 865 57 191 280 191 1792 462 514 1163 401 894
internal_value=6.12045e-06 0.00313459 -0.00698733 0.0115612 0.00116482 -0.0047449 0.00277289 -0.00488952 -0.00617411 -0.0228249 0.00882998 0.000891076 -0.00804196 0.00858241 -0.00139665 0.00391355 -0.00328698 -0.00659091 0.0142093 0.0208415 -0.00157431 -0.0045881 0.0034703 -0.0215499 -0.00652889 -0.0104214 -0.0038122 0.00069246 0.00921569 -0.0100315 -0.00956101 0.010807 0.00648205 0.0270355 -0.00707034 -0.014454 -0.000153468 -0.00210118 -0.00823149 0.00758774 -0.0059375 -0.00332594 0.00583438 -0.008 0.00591139 -0.0165505 -0.00492537 -9.37647e-05 0.00134482 -0.00948939 -0.00384615 -0.0125532 -0.00889371 -0.000145773 0.00977337 0.00173952 0.011163 -0.0113601 0.00332734 0.005246 -0.00627306 -0.00407407
internal_weight=49016 33870 15146 6408 27462 5870 21592 13386 11684 1760 5460 15533 4709 1161 885 1702 6318 3070 841 501 7940 3401 7593 461 4248 1756 2492 4539 1010 1261 5366 4575 3276 948 1369 467 3248 2451 1381 6059 320 902 797 4140 4143 1138 2680 4266 3309 3251 692 1635 922 333 343 1111 1916 637 2224 1677 1616 1215
internal_count=49016 33870 15146 6408 27462 5870 21592 13386 11684 1760 5460 15533 4709 1161 885 1702 6318 3070 841 501 7940 3401 7593 461 4248 1756 2492 4539 1010 1261 5366 4575 3276 948 1369 467 3248 2451 1381 6059 320 902 797 4140 4143 1138 2680 4266 3309 3251 692 1635 922 333 343 1111 1916 637 2224 1677 1616 1215
cat_boundaries=0 2 8 14 16 18 20 22 28 30 32 34 40 46 48 54 56 60 62 63 65 67 69 71 77 83 85 91 94 96 101 103 104 106 108 113 115 117 118 120 122 123 125
cat_threshold=10755877 2721888 1627916292 2688681090 63963650 2182086656 100663300 133512 128 17334784 524544 3514376 2097194 16 0 409872 1275068673 4243456 1079525442 401408 1074855944 1196928 1611138054 268846224 54525956 301989888 67108864 163872 10751492 32768 2097668 64 201326592 1049217 128 524288 256 327680 0 16 524288 0 0 0 67108864 131464 268800 524288 131073 4194304 2147483650 205521409 167772352 8 1048640 8192 0 0 0 98304 251691152 8192 2129920 469811328 12308 131072 21013 2214592512 16397 268533768 1065741 1610612738 16512 0 301989888 67108864 32 1 0 536870914 64 192 8 1671248 4100 5128 32768 65548 67108864 134217728 32 0 16384 2 268500992 1049088 33554432 67108864 524352 32768 1075838976 8 16768 1572864 50462864 256 256 2099264 0 32768 256 1146880 2097154 2195522 805306400 8945728 524352 2098692 10486784 2129952 1073741824 1048576 9044032 2392064 12582912
is_linear=0
shrinkage=0.05


Tree=20
num_leaves=63
num_cat=38
split_feature=0 2 2 0 2 0 0 2 2 0 0 2 0 0 7 0 0 4 7 2 0 2 4 0 0 2 4 0 2 2 7 8 5 0 4 0 7 0 2 4 3 0 2 3 8 0 0 5 0 7 4 0 7 7 4 7 0 5 4 2 2 4
split_gain=394.236 206.478 186.254 101.398 95.242 68.1823 60.094 56.9343 47.264 44.9311 36.2368 33.3942 32.3395 29.9014 28.8507 46.1108 28.077 26.0902 24.2158 29.0521 28.4211 23.9185 24.2301 23.1251 20.509 21.9306 19.6715 21.4051 22.7315 18.243 17.6368 16.6717 16.4978 16.3637 15.444 15.0581 14.7312 14.6763 14.6388 17.0237 14.5085 13.7995 16.4821 12.7296 12.5978 17.3116 16.7837 19.7205 12.4634 12.0764 11.7769 14.8497 11.6763 12.1035 16.6682 11.6751 11.554 11.4139 11.3531 11.3361 11.2532 11.2458
threshold=0 1 2 3 4 5 6 7 8 9 10 11 12 13 6.5000000000000009 14 15 44.500000000000007 3.5000000000000004 16 17 18 21.500000000000004 19 20 21 424.50000000000006 22 23 24 1.5000000000000002 1.0000000180025095e-35 1.0000000180025095e-35 25 226.50000000000003 26 2.5000000000000004 27 28 9.5000000000000018 2.5000000000000004 29 30 2.5000000000000004 1.0000000180025095e-35 31 32 3.5000000000000004 33 3.5000000000000004 80.500000000000014 34 7.5000000000000009 8.5000000000000018 59.500000000000007 8.5000000000000018 35 5.5000000000000009 44.500000000000007 36 37 58.500000000000007
decision_type=9 9 9 9 9 9 9 9 9 9 9 9 9 9 2 9 9 2 2 9 9 9 2 9 9 9 2 9 9 9 2 2 2 9 2 9 2 9 9 2 2 9 9 2 2 9 9 2 9 2 2 9 2 2 2 2 9 2 2 9 9 2
left_child=2 3 10 11 6 18 44 13 16 38 -1 12 -2 -4 15 -10 -7 -8 23 20 31 34 -23 -6 25 -5 27 28 -16 -15 -31 -20 -30 -27 40 -17 37 -37 -9 49 -11 -19 -43 -33 46 52 -3 -48 -21 -40 51 58 -46 -54 -55 -47 -57 -49 -29 -35 -26 -41
right_child=1 4 7 24 5 8 17 9 14 21 -12 -13 -14 29 26 35 -18 41 19 48 -22 22 -24 -25 60 33 -28 50 32 30 -32 43 -34 59 -36 36 -38 -39 39 61 -42 42 -44 -45 45 55 47 57 -50 -51 -52 -53 53 54 -56 56 -58 -59 -60 -61 -62 -63
leaf_value=-0.02211542731333125 0.032839098870320986 -0.0063431194284471748 -0.0026769491596593032 -0.018631501294993615 -0.025319925969696778 -0.030440230697129977 -0.0024788760748930549 -0.017721711917338689 0.022249488773702475 0.00027149134058472856 -0.029778608422603693 0.015200569730547731 0.015893515148356376 -0.0040864550438739931 -0.021591709891785205 -0.0088107005848372614 -0.013697337455455583 0.00074817601692441784 -0.0079836446126775769 0.016939236288502725 -0.0067136577970643265 -0.023627177136040407 -0.0078962672504532816 0.0074040949741946971 0.0021435526412005856 0.014916165725675001 0.010759261658124332 0.012864913412199724 -0.037704205215237853 0.046494876412062118 0.012634752723510501 0.026994700968684095 -0.0032314652272229238 0.017816481539832129 0.0094745012796838123 -0.015591795623760098 0.0075251162695418039 0.0053200332348458668 0.039887679719814599 -0.019330180805978637 -0.013910561813065537 0.011416989062824534 0.0022012160399750625 0.010658000050394767 0.028117006568264848 0.0096266009763050341 0.0041746153886359494 0.023313111775092921 -0.0010691896841943161 -0.0007977846887873175 -0.0023919971372525443 -0.010718525917867129 0.00061637632173348065 0.0051267886975807642 0.021379283567516751 -0.013485489972631926 0.0074366404196027471 0.0020143521403816369 -0.0091669845429850679 -0.011276045993902551 0.012890937561017335 -0.0059756167387873043
leaf_weight=669 840 422 851 143 148 239 3607 3252 642 2054 1091 1079 684 259 413 1119 430 3692 42 428 128 390 2670 190 661 242 239 244 71 99 666 284 530 102 608 252 826 170 38 772 518 2180 1746 79 662 1151 899 467 670 47 2506 1205 232 178 349 157 417 187 251 235 2432 1162
leaf_count=669 840 422 851 143 148 239 3607 3252 642 2054 1091 1079 684 259 413 1119 430 3692 42 428 128 390 2670 190 661 242 239 244 71 99 666 284 530 102 608 252 826 170 38 772 518 2180 1746 79 662 1151 899 467 670 47 2506 1205 232 178 349 157 417 187 251 235 2432 1162
internal_value=-2.04015e-05 0.00297816 -0.00672341 0.0110454 0.00108878 -0.00248291 0.00351553 -0.0047029 -0.00430196 -0.00601944 -0.0219774 0.0186567 0.0235332 0.0033687 -0.00327908 0.000648056 -0.0170103 0.00146417 0.00593734 0.00849172 0.0179558 -0.003136 -0.00628664 -0.00621302 0.00581699 -0.00177596 -0.00544972 -0.00609195 -0.0125977 0.00909091 0.0129677 0.0244578 -0.00613748 0.00263158 -9.40439e-05 -0.00258729 0.00119237 -0.0063981 -0.00942056 -0.00598817 -0.00178849 0.00312418 0.00518293 0.0285124 0.00800039 0.00998093 0.00488608 0.00726168 0.00370036 0.0158824 -0.00448292 -0.00770588 0.0140811 0.0099473 0.0141366 0.00648415 0.000696864 0.0139144 -0.00029703 -0.00446686 0.00758943 -0.00698035
internal_weight=49016 33870 15146 6418 27452 11106 16346 13386 9137 11511 1760 2603 1524 1875 8468 3009 669 11225 1969 1631 533 6240 3060 338 3815 722 5459 5220 1014 1024 765 405 601 579 3180 2367 1248 422 5271 2019 2572 7618 3926 363 5121 3146 1975 1553 1098 85 4206 1700 1421 759 527 1725 574 654 495 337 3093 1934
internal_count=49016 33870 15146 6418 27452 11106 16346 13386 9137 11511 1760 2603 1524 1875 8468 3009 669 11225 1969 1631 533 6240 3060 338 3815 722 5459 5220 1014 1024 765 405 601 579 3180 2367 1248 422 5271 2019 2572 7618 3926 363 5121 3146 1975 1553 1098 85 4206 1700 1421 759 527 1725 574 654 495 337 3093 1934
cat_boundaries=0 2 8 14 16 22 24 26 32 38 40 42 48 50 52 54 56 61 63 69 71 73 74 76 81 87 89 91 93 99 101 106 108 110 112 114 116 122 128
cat_threshold=10755877 2721888 1613237252 2684503171 63963650 168820736 33554436 133512 128 17334784 524544 3514376 2097194 16 1605712 413972 16781314 21241856 2952855628 2214593026 202703056 32800 1074806856 8577 1074855946 1458436 1611138062 268846224 54525956 306184192 100663296 164128 0 524288 256 2424832 0 16 10751492 32768 8396033 622592 524292 0 4194304 0 0 131336 16 278800 268800 589824 134774784 1196544 16908288 152080 33554432 0 0 98304 8 1048640 8192 131073 0 2147483650 201327105 134217920 8 1048576 8192 201326592 641 524288 2281701376 1049100 33554432 67108864 524288 32768 2097154 1610612738 16384 0 37748736 67108864 32 0 512 2265055232 266248 268435474 4 4097 67108864 805306378 65 134217920 8 2202140752 8329 2 4194304 2415919104 67109378 67108992 1048576 1196288 1048576 1179648 1073758208 384 65538 135168 2 262144 4 128 2 0 0 131072 0 0 16777728 134217728 0 136
is_linear=0
shrinkage=0.05


Tree=21
num_leaves=63
num_cat=17
split_feature=2 1 4 2 7 7 2 1 9 2 9 5 4 7 7 4 4 3 9 7 7 7 4 2 2 7 7 7 4 1 7 2 4 5 5 9 4 4 9 2 4 7 7 1 4 1 2 4 2 9 9 2 2 5 7 7 5 4 9 7 9 9
split_gain=291.419 210.101 108.527 57.4977 45.5384 26.2304 25.9384 25.1317 27.2998 24.0247 23.8157 17.0867 19.8488 15.3942 15.3723 16.1029 15.2266 15.0619 14.214 13.8238 25.0974 18.4873 17.5002 16.9101 16.6354 15.277 13.6749 17.3735 13.301 12.7853 12.338 12.0688 11.8243 11.2401 21.4518 13.6264 11.1491 10.5741 10.3717 10.3517 10.3446 12.5153 13.0259 9.99195 9.54523 9.52947 9.42182 9.19149 9.04607 9.04593 8.85796 8.8527 8.72523 9.72626 12.1494 8.70235 8.68903 8.7944 8.59626 8.39021 8.4145 7.84041
threshold=0 1 65.500000000000014 2 7.5000000000000009 4.5000000000000009 3 4 19.500000000000004 5 16.500000000000004 1.0000000180025095e-35 124.50000000000001 1.5000000000000002 1.5000000000000002 14.500000000000002 14.500000000000002 2.5000000000000004 5.5000000000000009 3.5000000000000004 7.5000000000000009 8.5000000000000018 357.50000000000006 6 7 1.5000000000000002 3.5000000000000004 7.5000000000000009 118.50000000000001 8 11.500000000000002 9 419.50000000000006 5.5000000000000009 2.5000000000000004 7.5000000000000009 68.500000000000014 23.500000000000004 15.500000000000002 10 138.50000000000003 7.5000000000000009 4.5000000000000009 11 318.50000000000006 12 13 90.500000000000014 14 6.5000000000000009 7.5000000000000009 15 16 4.5000000000000009 6.5000000000000009 5.5000000000000009 1.0000000180025095e-35 96.500000000000014 15.500000000000002 5.5000000000000009 13.500000000000002 6.5000000000000009
decision_type=9 9 2 9 2 2 9 9 2 9 2 2 2 2 2 2 2 2 2 2 2 2 2 9 9 2 2 2 2 9 2 9 2 2 2 2 2 2 2 9 2 2 2 9 2 9 9 2 9 2 2 9 9 2 2 2 2 2 2 2 2 2
left_child=13 3 4 33 5 10 16 19 11 -5 43 45 17 36 15 -12 -6 28 37 24 23 -22 31 49 25 -4 -15 46 29 -13 39 -23 -11 34 35 -2 -1 -8 -35 50 41 42 -37 -3 -32 -9 -28 -40 -26 -21 -29 -33 -36 -54 -55 -7 -10 -58 -20 -30 -61 -19
right_child=1 2 7 9 6 55 18 8 56 32 14 12 -14 26 -16 -17 -18 61 58 20 21 22 -24 -25 48 -27 27 30 59 -31 44 51 -34 38 52 40 -38 -39 47 -41 -42 -43 -44 -45 -46 -47 -48 -49 -50 -51 -52 -53 53 54 -56 -57 57 -59 -60 60 -62 -63
leaf_value=0.043921698443168289 -0.033954453788838011 -0.014569963079877424 -0.035692893237091496 -0.039851196446347985 -0.017157719705517771 0.010780516601094459 -0.015396983717773694 0.0022231988847857486 0.0018041069147305966 -0.020896559907109702 0.037757331578626735 0.00066096768902717542 0.0076051385987572773 0.0046564095125833206 -0.0026670193395215815 0.0062091829990690963 -0.010545111586697166 0.0051549347000112494 -0.0082645839696589129 0.029665409522275712 -0.0093729768275684581 0.0078088076918773177 0.011133051481854207 -0.00083919963916535562 0.013515862309163174 -0.0075750754907330633 0.011857916256788937 -0.012938780423725461 -0.032207936101154459 0.013005130965477474 0.023631231839467848 -0.027280863269236667 0.0093504529667053256 -0.010316727914730289 -0.0062641395157756021 -0.03026640289813691 0.018405807039230292 0.022687801036124333 -0.03342910978337775 0.010840740503866055 -0.0096263934545378193 -0.024716114912453152 2.2906134230316068e-05 -0.0054714475202177985 -0.00020993128942297103 -0.005533324068978801 0.021036036788492685 -0.025222085295387272 -0.003605742626378439 0.011917173947031246 0.0043819608596357583 -0.0024453020362769085 0.0013588734356261289 0.0057235708822387932 -0.011481070330966171 0.0010586508885112923 0.0025667056243953213 0.013085382668499668 -0.00090786574204670956 0.018223975690097961 -0.016092043445383886 -0.012294025781916197
leaf_weight=117 169 908 112 265 639 1063 39 736 280 1315 130 1314 5741 946 867 283 2622 67 2431 111 737 529 504 764 213 154 245 82 48 904 476 103 66 324 417 140 409 93 94 1222 1621 504 290 1501 87 914 1617 188 1342 1536 842 2021 1191 144 633 2771 334 1378 1558 45 52 768
leaf_count=117 169 908 112 265 639 1063 39 736 280 1315 130 1314 5741 946 867 283 2622 67 2431 111 737 529 504 764 213 154 245 82 48 904 476 103 66 324 417 140 409 93 94 1222 1621 504 290 1501 87 914 1617 188 1342 1536 842 2021 1191 144 633 2771 334 1378 1558 45 52 768
internal_value=-2.04015e-05 -0.00146686 0.000123519 -0.00915073 -0.00312982 -0.000392131 -0.0059198 0.00246535 0.00386387 -0.0173913 -0.00340201 0.00285674 0.00371966 0.0102511 0.00210938 0.0100484 -0.00924794 0.000562852 -0.00325587 0.000294985 0.00140365 -0.00107858 0.000585999 0.00541269 -0.00354201 -0.0148551 0.00948885 0.0106213 0.00260262 0.00356177 0.00806571 -0.00103656 -0.014486 -0.00675109 -0.00599922 -0.00903084 0.0184411 0.0128788 -0.0132013 0.00633737 -0.00812133 -0.0123126 -0.00604651 -0.00633043 0.0146536 -0.00181818 0.0143394 -0.0202128 -0.0015016 0.00823778 0.00224839 -0.0027179 -0.00253669 -0.00111223 -0.00546976 0.00250391 0.00923695 0.0105724 -0.00379794 -0.012069 -0.00360825 -0.00520958
internal_weight=49016 42973 35612 7361 14905 7523 7382 20707 12581 1646 3689 10589 8939 6043 1280 413 3261 3198 4121 8126 6305 3894 3157 2411 1821 266 5517 4571 2363 2218 2709 2653 1381 5715 5109 2724 526 132 606 2146 2555 934 430 2409 563 1650 1862 282 1555 1647 924 2124 2385 1968 777 3834 1992 1712 3989 145 97 835
internal_count=49016 42973 35612 7361 14905 7523 7382 20707 12581 1646 3689 10589 8939 6043 1280 413 3261 3198 4121 8126 6305 3894 3157 2411 1821 266 5517 4571 2363 2218 2709 2653 1381 5715 5109 2724 526 132 606 2146 2555 934 430 2409 563 1650 1862 282 1555 1647 924 2124 2385 1968 777 3834 1992 1712 3989 145 97 835
cat_boundaries=0 6 8 13 18 20 26 32 37 39 45 51 53 55 61 65 69 74
cat_threshold=3758623764 2852324484 62930948 33554432 1048580 170240 469762049 53248 33554432 83886080 32832 41984 2228282 2228224 0 805306368 2147483713 1140850688 1077674176 549462085 0 524288 0 262152 0 16 16777224 286720 512 67108930 1073741824 128 4096 262144 65536 67108864 64 163840 524288 4096 268435456 0 4194304 192 128 536870912 128 16777220 33554432 4 131328 2719808 4194368 8421376 268697600 536871936 131200 4 0 1048580 32768 0 49152 0 1 8 40960 4096 2 0 83886080 0 0 40
is_linear=0
shrinkage=0.05


Tree=22
num_leaves=63
num_cat=17
split_feature=2 1 4 2 7 7 4 7 2 9 2 1 9 1 7 2 4 7 4 2 9 7 7 7 7 4 9 9 7 8 7 4 2 9 4 2 7 4 1 9 4 9 3 4 4 4 4 1 4 7 9 4 3 2 2 3 4 7 1 2 9 4
split_gain=260.931 191.129 100.916 56.6458 39.5288 44.6509 33.0842 24.1488 23.8098 24.9572 19.3639 18.9049 17.37 16.698 15.7776 14.1728 12.7587 13.4147 11.9927 11.5688 12.1549 11.5239 11.3897 13.546 11.731 11.0409 10.8855 11.2961 12.5409 10.7098 15.2963 14.0652 10.5468 10.3127 14.3385 10.2983 10.2001 16.889 10.1402 10.1257 9.64204 9.59516 9.96843 9.40929 11.8031 9.19873 11.1708 9.05523 8.85321 8.74195 8.64782 8.67567 8.24459 12.7913 8.14788 8.11609 7.82236 7.74853 11.8225 8.76369 8.19819 7.69984
threshold=0 1 132.50000000000003 2 7.5000000000000009 3.5000000000000004 19.500000000000004 11.500000000000002 3 19.500000000000004 4 5 19.500000000000004 6 1.5000000000000002 7 14.500000000000002 1.5000000000000002 68.500000000000014 8 5.5000000000000009 3.5000000000000004 3.5000000000000004 7.5000000000000009 11.500000000000002 178.50000000000003 6.5000000000000009 11.500000000000002 10.500000000000002 1.0000000180025095e-35 6.5000000000000009 77.500000000000014 9 7.5000000000000009 236.50000000000003 10 10.500000000000002 278.50000000000006 11 20.500000000000004 318.50000000000006 5.5000000000000009 2.5000000000000004 593.50000000000011 288.50000000000006 208.50000000000003 184.50000000000003 12 112.50000000000001 10.500000000000002 16.500000000000004 142.50000000000003 2.5000000000000004 13 14 3.5000000000000004 42.500000000000007 9.5000000000000018 15 16 19.500000000000004 108.50000000000001
decision_type=9 9 2 9 2 2 2 2 9 2 9 9 2 9 2 9 2 2 2 9 2 2 2 2 2 2 2 2 2 2 2 2 9 2 2 9 2 2 9 2 2 2 2 2 2 2 2 9 2 2 2 2 2 9 9 2 2 2 9 9 2 2
left_child=14 3 4 25 5 11 15 13 21 26 29 -3 55 -8 18 -6 17 -14 -1 49 -21 -4 -16 32 33 -2 -10 28 52 -5 50 -32 -24 34 56 -23 47 -38 -9 -22 -26 -7 -43 44 45 46 -30 -11 -40 -15 51 -31 54 -54 -28 -13 -25 59 60 -35 -59 -52
right_child=1 2 8 10 6 41 7 38 9 36 -12 12 16 19 22 -17 -18 -19 -20 20 39 35 23 24 40 -27 27 -29 43 30 31 -33 -34 57 -36 -37 37 -39 48 -41 -42 42 -44 -45 -46 -47 -48 -49 -50 -51 61 -53 53 -55 -56 -57 -58 58 -60 -61 -62 -63
leaf_value=0.041725613521009876 -0.040425135885393156 -0.012393516202338695 -0.0048115660522181306 -0.012850312805344617 -0.0070479793185370017 0.020373471705472192 0.013603257675396919 -0.0043681490012217215 0.01950417686854139 -0.0038044506973914484 -0.016472832498534939 -0.0023196916933910352 0.037202015439290935 -0.006835210877407261 0.0044878089532446102 -0.015878743154014784 0.0069912691229057911 0.0033892634876044993 0.01751328349068132 0.013668777573418911 -0.0060196564707315995 0.0044146910234971861 -0.0008259259535724373 0.0049818275929782501 0.023171066421269607 -0.030525641309419399 0.009688825774286992 0.0073166730147921303 -0.0025813186795684839 0.015021346707579286 -0.01729124104773766 -0.0064881701483777482 0.019904215217912039 -0.0033650069604224788 0.011353317465030261 -0.0086259545997558595 -0.030583215780130076 0.019367691513598229 0.0068737701596557959 0.0028887048415036642 -0.00023624289465459249 0.0044259245099761372 -0.002640458134157675 0.020971432016285332 -0.012355233580958892 0.0080238172563628311 -0.027498463702521292 0.014000568112463375 0.037715639997567517 -0.015051575898304127 -0.028213241577453797 0.0029714741940568556 -0.0085153206763331057 0.0053442089112721303 -0.0001201280365639379 -0.022402840300196614 -0.01556902292977096 0.0032655503220800244 0.012068593156403984 0.014655423475063246 -0.015852977592665084 0.00021414387282994165
leaf_weight=117 98 1941 973 1542 1111 237 249 407 370 110 1733 1761 62 2421 950 1143 266 39 410 144 3398 2551 136 33 477 318 807 4999 160 132 585 2291 1738 110 30 377 112 85 882 374 88 5512 1289 35 139 117 47 1177 90 775 115 345 398 390 512 121 75 747 158 860 145 202
leaf_count=117 98 1941 973 1542 1111 237 249 407 370 110 1733 1761 62 2421 950 1143 266 39 410 144 3398 2551 136 33 477 318 807 4999 160 132 585 2291 1738 110 30 377 112 85 882 374 88 5512 1289 35 139 117 47 1177 90 775 115 345 398 390 512 121 75 747 158 860 145 202
internal_value=-4.28432e-05 -0.00141553 0.000102554 -0.00874373 -0.00196202 0.000124688 -0.00409314 -0.00270023 0.00353694 0.00489016 -0.00764198 -0.00396181 -0.000818946 -0.00383779 0.00964826 -0.00949423 0.00912807 0.0242574 0.0179317 -0.0042825 -0.00244524 0.000242905 0.00887867 0.00990864 0.007657 -0.0265258 0.00378731 0.0033798 0.000710173 -0.00608962 -0.00463215 -0.00632823 0.0131804 0.00597776 -0.00724638 0.00181011 0.0108491 0.000253807 0.00337201 -0.00299576 0.0140708 0.00255754 0.00221291 -0.0064257 -0.00831533 -0.00308642 -0.00942029 0.0124709 0.00610998 -0.00651903 0.00151134 0.0057652 0.00239677 -0.00164975 0.00481425 -0.00276302 -0.0157407 0.00688119 0.00390476 0.0101031 0.00155211 -0.00488959
internal_weight=49016 42942 35581 7361 22222 11228 10994 8740 13359 9458 6945 4190 2249 7361 6074 2254 367 101 527 7112 3916 3901 5547 4597 2723 416 7974 7604 2605 5212 3670 2876 1874 2158 138 2928 1484 197 1379 3772 565 7038 6801 498 463 324 207 1287 972 3196 794 477 2107 788 1319 1882 108 2020 1050 970 892 317
internal_count=49016 42942 35581 7361 22222 11228 10994 8740 13359 9458 6945 4190 2249 7361 6074 2254 367 101 527 7112 3916 3901 5547 4597 2723 416 7974 7604 2605 5212 3670 2876 1874 2158 138 2928 1484 197 1379 3772 565 7038 6801 498 463 324 207 1287 972 3196 794 477 2107 788 1319 1882 108 2020 1050 970 892 317
cat_boundaries=0 6 8 14 20 25 27 29 35 40 46 52 54 56 62 68 71 76
cat_threshold=3758623764 2852324484 63979524 33554432 1048580 170240 469762049 53248 0 524800 256 262152 0 16 16912394 45073 67178504 339738626 192 129 33554432 16777216 32832 41984 131098 539164736 273154112 256 268435520 4096 0 536870912 512 134217728 160 2097152 0 805306376 268435521 1073741824 0 131072 1048576 0 1048580 32768 16777218 8192 65544 335544320 192 128 2555904 72 196608 134217729 0 4194304 805306368 576 0 8 0 0 2952790018 576 33554432 40 2147483654 16384 2 1073741824 128 16777220 0 4
is_linear=0
shrinkage=0.05


Tree=23
num_leaves=63
num_cat=40
split_feature=0 2 2 0 0 2 2 2 0 0 4 0 0 2 0 7 7 0 7 7 4 2 0 0 2 2 0 2 2 7 4 9 2 7 0 0 7 0 0 7 4 9 2 2 4 5 0 2 4 4 0 4 0 0 9 2 2 7 0 2 9 0
split_gain=369.898 168.559 126.627 95.1785 90.0141 62.5533 44.7962 38.1904 38.2274 36.983 36.666 36.3985 33.9515 32.1851 31.3805 29.2285 32.9917 27.9516 23.622 23.0512 22.508 20.9472 36.3426 20.8746 24.6124 18.8716 18.6112 19.2189 17.8343 20.3138 19.7929 17.7404 17.5268 17.4476 25.6603 17.4238 16.8407 27.1584 21.9646 16.7018 16.6507 16.5854 15.1833 15.1725 15.0588 14.8337 14.6911 14.6038 14.5461 14.4018 13.9103 13.3956 12.8723 12.8405 12.8117 12.6763 12.4906 12.4832 14.5506 12.3676 11.5966 11.5571
threshold=0 1 2 3 4 5 6 7 8 9 65.500000000000014 10 11 12 13 2.5000000000000004 7.5000000000000009 14 3.5000000000000004 7.5000000000000009 21.500000000000004 15 16 17 18 19 20 21 22 1.5000000000000002 84.500000000000014 20.500000000000004 23 3.5000000000000004 24 25 2.5000000000000004 26 27 7.5000000000000009 176.50000000000003 11.500000000000002 28 29 16.500000000000004 4.5000000000000009 30 31 17.500000000000004 16.500000000000004 32 440.50000000000006 33 34 20.500000000000004 35 36 1.5000000000000002 37 38 20.500000000000004 39
decision_type=9 9 9 9 9 9 9 9 9 9 2 9 9 9 9 2 2 9 2 2 2 9 9 9 9 9 9 9 9 2 2 2 9 2 9 9 2 9 9 2 2 2 9 9 2 2 9 9 2 2 9 2 9 9 2 9 9 2 9 9 2 9
left_child=2 3 12 43 6 9 52 8 45 15 26 13 -1 39 57 -6 53 -18 36 33 59 -21 44 51 40 54 27 -7 29 -14 -31 48 -11 41 -35 47 38 -38 -13 -5 -25 -8 -36 -2 -23 -4 -42 61 -24 -43 -26 56 -3 -17 -22 -19 -12 58 -9 -16 -57 -20
right_child=1 4 7 11 5 10 19 14 -10 32 23 18 28 -15 20 16 17 55 35 21 25 22 31 24 50 -27 -28 -29 -30 30 -32 -33 -34 34 42 -37 37 -39 -40 -41 46 49 -44 -45 -46 -47 -48 -49 -50 -51 -52 -53 -54 -55 -56 60 -58 -59 -60 -61 -62 -63
leaf_value=-0.030391056129841627 0.031498687225476656 0.00750932588016201 -0.0023729953124958071 -3.7589471126453505e-05 -0.025752484305673607 -0.014130256265405251 -0.003612804162601191 0.028956237996128432 0.010640106487638397 -0.017287257626026599 0.0017586169715718136 -0.0069536218405111374 -0.03371005215529356 0.017019664458219608 -0.0075590420081235073 0.015598619685442051 -0.01408074404560008 -0.019881408509270733 0.015143805732322902 0.0096937431252515083 -0.0033915703948378842 0.0017784898787338189 -0.016074841156996266 0.0051772198454718872 -0.0017419860626721963 -0.010585395236579443 4.555404310180311e-05 -0.0025711447603176119 -0.024368382959619041 -0.02381400962246337 -0.0020066698981417554 0.032279086858420736 -0.011323514949935937 0.022669599440064227 0.01010927458958244 0.0097834346619830263 -0.026626441301631588 0.0028373116468090268 0.015427267041281213 -0.014097602932467968 0.025567901816339656 0.022118142933012286 -0.0021618719326841119 0.021922624512813883 -0.011319765815952882 -0.014574257761826977 0.0090257468064324775 0.015109120950780009 0.0087077080164764242 0.0087762371066126606 0.0090127277245249608 0.015395746906886266 -0.0330939022242321 -0.0010059130580715059 0.0048587984137665411 0.0021554918162317027 -0.0043558784592799054 -0.015561496250695623 -0.012738449145290709 -0.021345310667417041 0.033007085269454686 0.030132351333313045
leaf_weight=524 642 105 821 268 190 1166 481 116 1176 322 1862 239 88 290 417 519 369 110 329 2019 3411 86 85 1756 1290 1136 4095 1543 621 218 478 97 2068 1486 955 1746 106 271 474 296 607 91 394 298 888 268 708 1310 1070 815 720 318 224 285 371 391 1363 3810 132 435 45 202
leaf_count=524 642 105 821 268 190 1166 481 116 1176 322 1862 239 88 290 417 519 369 110 329 2019 3411 86 85 1756 1290 1136 4095 1543 621 218 478 97 2068 1486 955 1746 106 271 474 296 607 91 394 298 888 268 708 1310 1070 815 720 318 224 285 371 391 1363 3810 132 435 45 202
internal_value=3.87629e-05 0.00278825 -0.00682013 0.0100679 0.00113377 -0.000742261 0.00533727 -0.00491201 0.000945055 -0.00606869 0.000744915 0.00753474 -0.0186952 -0.00196759 -0.00626144 -0.000859823 0.00119255 -0.00530055 0.00927032 0.00604577 -0.00387543 0.00345112 8.94454e-05 0.00291048 0.00495973 -0.00258235 -0.00199882 -0.00520412 -0.0143816 -0.00906801 -0.00632184 0.00570523 -0.0102083 0.00866888 0.0109171 0.011249 0.00284404 -0.00570292 0.00736325 -0.00888502 0.00777345 0.00407354 0.00577631 0.0247368 -0.00711382 -0.00577798 0.0120532 0.0146677 0.00402597 0.0080574 0.000643564 -4.22178e-05 -0.0125369 0.00858209 -0.000870253 0.00197842 -0.00100775 -0.00963618 0.00120968 -0.011385 0.0058296 0.0219039
internal_weight=49016 34994 14022 6471 28523 19727 8796 12093 2265 4299 15428 5531 1929 854 9828 1909 1719 915 4677 8467 5770 4245 2226 8624 5081 4918 6804 2709 1405 784 696 1252 2390 4222 2835 3587 1090 377 713 564 3071 1387 1349 940 974 1089 1315 1841 1155 906 2010 3543 329 804 3782 546 3225 4058 248 852 436 531
internal_count=49016 34994 14022 6471 28523 19727 8796 12093 2265 4299 15428 5531 1929 854 9828 1909 1719 915 4677 8467 5770 4245 2226 8624 5081 4918 6804 2709 1405 784 696 1252 2390 4222 2835 3587 1090 377 713 564 3071 1387 1349 940 974 1089 1315 1841 1155 906 2010 3543 329 804 3782 546 3225 4058 248 852 436 531
cat_boundaries=0 2 8 14 16 18 24 30 36 38 40 42 43 49 51 52 57 59 61 66 72 74 78 83 89 91 93 94 95 101 107 109 115 117 119 121 126 131 132 137 139
cat_threshold=10755876 2721824 1613235220 2718041222 47186434 2182086656 100663300 133512 128 17334848 524544 2465792 2097258 16 0 409872 1079066698 1196416 33558657 84410881 528640 6661128 1073741834 16 0 540688 256 402980864 2097184 16 1611269126 273039488 2202009604 104857602 0 163872 268800 524288 269123728 270336 201326592 1049217 516 524288 2 512 0 67108864 131464 10748420 32768 524432 0 0 8 67117568 1207959752 1077936138 1179648 2181693457 262153 2 24576 2432761928 134218304 1048768 1 0 268435970 403702337 234881024 128 117473296 8256 0 0 2415919104 64 0 0 256 98304 64 0 524800 256 335880 0 16 66 1196288 2164818000 4172 2197815296 1074397267 0 0 2684354560 2097728 134217920 32 524288 0 4194304 0 0 131072 32896 4688 525312 0 4194304 0 0 8 83886080 592 1048578 1048576 524432 8192 0 0 524288 2097152 1073741826 16908298 16384 822083588 402653250 134217792 8388612 0 0 0 512 134217728 16810048 4096
is_linear=0
shrinkage=0.05


Tree=24
num_leaves=63
num_cat=34
split_feature=0 1 1 0 0 1 4 4 0 0 1 0 0 0 1 7 0 0 1 1 1 0 5 9 7 0 0 1 0 7 5 0 8 0 7 0 1 9 0 7 4 8 5 4 7 1 0 5 1 4 0 1 5 7 7 7 0 5 5 7 4 4
split_gain=333.642 134.881 115.012 93.4282 86.023 44.6237 40.7425 39.0782 36.9556 35.6041 34.612 46.8763 34.1754 34.0393 32.3293 28.8272 28.0879 26.3433 27.6607 24.3268 20.8423 20.2727 19.861 19.3079 19.1383 27.4583 18.9792 18.2129 18.0203 19.5289 17.3461 17.844 17.2849 18.4156 16.7721 26.9743 18.1778 16.4406 25.2953 16.3707 16.2209 16.0222 15.7829 15.451 14.9389 14.799 14.3266 13.5982 13.502 13.1015 12.6882 12.6258 12.4022 12.2515 11.6489 19.6958 12.6618 14.9315 11.5369 12.7081 11.4474 11.3554
threshold=0 1 2 3 4 5 134.50000000000003 66.500000000000014 6 7 8 9 10 11 12 7.5000000000000009 13 14 15 16 17 18 1.5000000000000002 18.500000000000004 6.5000000000000009 19 20 21 22 3.5000000000000004 4.5000000000000009 23 1.0000000180025095e-35 24 9.5000000000000018 25 26 16.500000000000004 27 3.5000000000000004 298.50000000000006 1.0000000180025095e-35 1.0000000180025095e-35 9.5000000000000018 8.5000000000000018 28 29 2.5000000000000004 30 46.500000000000007 31 32 1.5000000000000002 1.5000000000000002 7.5000000000000009 2.5000000000000004 33 3.5000000000000004 5.5000000000000009 6.5000000000000009 12.500000000000002 561.50000000000011
decision_type=9 9 9 9 9 9 2 2 9 9 9 9 9 9 9 2 9 9 9 9 9 9 2 2 2 9 9 9 9 2 2 9 2 9 2 9 9 2 9 2 2 2 2 2 2 9 9 2 9 2 9 9 2 2 2 2 9 2 2 2 2 2
left_child=2 3 13 19 10 12 28 14 20 -5 11 30 41 -1 43 21 -8 18 52 -2 -9 39 37 60 25 53 -17 -10 29 46 31 -3 -13 44 36 -36 49 38 -14 -12 -32 -6 -37 -4 -34 -31 -7 -46 -43 -30 -24 -28 -16 -19 55 -52 57 -56 -57 -60 -23 -11
right_child=1 4 7 9 5 6 16 8 27 61 15 32 22 -15 17 26 -18 24 -20 -21 -22 23 50 -25 -26 -27 51 -29 34 45 40 -33 33 -35 35 42 -38 -39 -40 -41 -42 48 -44 -45 47 -47 -48 -49 -50 -51 54 -53 -54 -55 56 58 -58 -59 59 -61 -62 -63
leaf_value=-0.028920862493698653 0.028025529497245863 0.0042029396056827871 0.029719331823319369 0.0021303438895297288 -0.0076815828894599598 0.013052764482566438 0.015235991839881858 0.0020822634375354809 -0.0057775558176418555 0.012617215350959044 0.0096489718666605828 -0.02221316120662924 0.010389053162907447 -0.018256411040006259 -0.011903104589130865 -0.0040855809506940453 0.0029339662838982154 0.038704989453081477 -0.01478373156306443 0.013818088105154613 -0.012470668044148647 0.020279885389960908 -0.010395094662148986 0.013721669459299424 -0.022259819234396783 -0.017971647211692348 0.010529769232875564 0.0039422128772159393 -0.014337956948101483 0.0099781603346489004 -0.020230161065710024 -0.035918469678626379 0.0084408982842800861 0.00012936763463757827 0.0058067464597787556 -0.027514166646986887 0.001308227140760776 -0.026007533314945888 -0.017919847038081044 0.029184894018735742 0.026671966535380766 -0.0070867753000970375 -0.0092418870306937573 -0.0091521132801506422 0.023957241652610851 0.00050510179094002126 -0.012587604796977315 0.033794584570642015 0.013396803615881026 -0.0014350084479779702 -0.016667505903040208 0.0019680177142340051 0.0035545816096380746 -0.0017212148326907874 0.0048167391530163813 0.0067594044056005116 -0.010417565239752548 -0.0081358180222862349 0.0017525088851922611 -0.038083744576282601 0.005633243535466393 -0.002354218793060392
leaf_weight=567 786 256 154 2393 155 170 918 419 1603 3141 538 136 233 1591 307 884 4585 84 953 253 1775 137 879 582 1692 538 1300 2550 747 1276 234 123 124 226 403 218 2447 462 524 970 35 114 1056 86 56 2506 865 117 253 605 134 1499 767 255 187 539 443 203 66 49 1697 151
leaf_count=567 786 256 154 2393 155 170 918 419 1603 3141 538 136 233 1591 307 884 4585 84 953 253 1775 137 879 582 1692 538 1300 2550 747 1276 234 123 124 226 403 218 2447 462 524 970 35 114 1056 86 56 2506 865 117 253 605 134 1499 767 255 187 539 443 203 66 49 1697 151
internal_value=-2.04015e-06 0.00252067 -0.00674481 0.00889516 0.0010376 -0.000780665 0.00044287 -0.0046949 -0.00211911 0.00634767 0.00512102 -0.0023918 -0.00532816 -0.017297 -0.00808519 0.00641329 0.00391605 -0.00900999 -0.00468827 0.0226406 -0.00735027 0.00940367 -0.0070126 0.00647156 -0.0123885 -0.00644242 0.00324464 0.000660581 -0.00141358 0.000818314 -0.0118541 -0.00514512 0.00695067 0.0111855 -0.00337222 -0.00754323 -0.00153988 -0.0122642 -0.00772787 0.0139657 -0.0217472 0.00657895 -0.0110592 0.0096 0.0190554 0.00248546 -0.0052657 0.0291908 0.0123978 -0.0061674 -0.00448 0.00525098 0.000830258 0.00472779 -0.00180871 0.00253807 -0.00594238 0.00075 0.00611621 -0.00826087 0.00398037 0.00972138
internal_weight=49016 35675 13341 6724 28951 20037 15796 11183 6347 5685 8914 1307 4241 2158 4836 7607 5503 4596 2027 1039 2194 3924 3719 2416 2569 877 3683 4153 10293 4817 648 379 659 523 5476 1677 3799 1219 757 1508 269 522 1274 240 297 3782 1035 173 367 1352 2500 2799 1074 339 1621 788 833 390 654 115 1834 3292
internal_count=49016 35675 13341 6724 28951 20037 15796 11183 6347 5685 8914 1307 4241 2158 4836 7607 5503 4596 2027 1039 2194 3924 3719 2416 2569 877 3683 4153 10293 4817 648 379 659 523 5476 1677 3799 1219 757 1508 269 522 1274 240 297 3782 1035 173 367 1352 2500 2799 1074 339 1621 788 833 390 654 115 1834 3292
cat_boundaries=0 2 5 7 9 11 13 15 17 19 21 23 24 26 28 30 33 36 39 41 43 45 47 49 51 52 54 55 57 59 61 63 65 67 68
cat_threshold=10755876 2656288 2684360742 344344672 2 201326593 32832 0 409936 1079066698 148352 1275068417 2151677960 2361856 557056 3460432011 66177 134217985 32773 4259840 16896 524288 335872 516 2148007972 268435456 32896 1052672 2102048 524320 8388608 134742016 2 2 277102592 2 537268288 273022976 2 0 148224 1028 2097152 64 131584 539754560 549584900 2550792193 266261 65536 512 1048640 16777216 8192 2129984 268435456 1052677 33024 524288 134217728 262145 1 4194304 2214592513 4181 8650752 528384 436371456
is_linear=0
shrinkage=0.05


Tree=25
num_leaves=63
num_cat=46
split_feature=0 2 2 0 0 2 0 2 2 0 2 5 2 2 0 2 0 7 7 0 8 0 2 1 1 0 9 1 5 0 5 0 1 2 0 8 1 0 9 7 7 0 2 0 7 1 1 5 0 9 0 0 0 2 5 0 0 0 0 1 7 0
split_gain=308.212 162.119 140.444 91.3811 66.8095 50.2446 41.4019 42.0161 40.7671 35.6718 27.7795 22.276 22.1856 20.8289 18.2246 20.6919 18.1075 20.7929 33.2265 32.0699 18.1476 17.807 28.8069 15.8171 15.2965 15.1644 14.4851 14.2081 14.095 33.3533 26.0779 18.6706 15.7371 13.9087 13.5782 13.2118 13.9283 22.8111 13.1406 13.103 31.2541 25.4907 22.2132 21.0656 17.6133 14.0009 12.6591 13.2719 12.4158 12.3658 13.3677 12.2252 12.1302 11.9142 12.6912 14.98 13.3091 11.8948 11.878 22.4774 16.0803 11.5557
threshold=0 1 2 3 4 5 6 7 8 9 10 1.0000000180025095e-35 11 12 13 14 15 6.5000000000000009 3.5000000000000004 16 1.0000000180025095e-35 17 18 19 20 21 6.5000000000000009 22 4.5000000000000009 23 1.5000000000000002 24 25 26 27 1.0000000180025095e-35 28 29 5.5000000000000009 3.5000000000000004 7.5000000000000009 30 31 32 2.5000000000000004 33 34 4.5000000000000009 35 8.5000000000000018 36 37 38 39 1.5000000000000002 40 41 42 43 44 1.5000000000000002 45
decision_type=9 9 9 9 9 9 9 9 9 9 9 2 9 9 9 9 9 2 2 9 2 9 9 9 9 9 2 9 2 9 2 9 9 9 9 2 9 9 2 2 2 9 9 9 2 9 9 2 9 2 9 9 9 9 2 9 9 9 9 9 2 9
left_child=1 9 3 13 8 12 7 58 25 23 11 -8 57 -2 15 -7 20 18 34 -20 -14 22 -5 -1 -10 -4 -12 -22 30 -30 31 -19 -31 -13 -18 53 37 -37 -23 44 43 42 -42 -41 -40 -43 47 -17 -9 -32 -51 -35 -38 -16 55 -55 -56 -6 59 -3 -61 -26
right_child=2 6 4 21 5 14 10 48 24 -11 26 33 16 -15 35 46 17 28 19 -21 27 38 -24 -25 61 -27 -28 -29 29 32 49 -33 -34 51 -36 36 52 -39 39 40 41 45 -44 -45 -46 -47 -48 -49 -50 50 -52 -53 -54 54 56 -57 -58 -59 -60 60 -62 -63
leaf_value=-0.0094889228395755986 0.030944575946971656 -0.0039280322094102597 0.00016941193972873082 -0.024065590384268046 -0.016757121435282869 0.015743406691673824 -0.013502178268105925 0.0099097894779122241 0.0093058922876669836 -0.025116780049382306 0.0090826521156563474 0.0011511861641392118 -0.010393681628197916 0.021267454881206672 0.010298533382706998 -7.3917216416363732e-06 0.0053422015083519963 -0.019251170147060362 0.01971653752129492 -0.0020047001837069536 0.012185090625799323 -0.011634437447373398 0.0083234077352029034 -0.032321467501356609 0.011085866130738677 -0.034835005946449574 -0.0083034257961960567 0.0047698183245602713 -0.0022277168089792467 -0.011501027850880741 -0.0086173594280170018 -0.0056734811551414858 -0.018513126244913126 0.021551062941484636 -0.013272368717105255 0.011640268789205543 0.010416081926522392 -0.0024838668605793313 0.0086636969448346986 0.024106500188567283 0.029460221517348506 0.030270799053818756 -0.0026226381044481386 0.01050778239391803 -0.0084864836790413678 0.00018235823737120516 0.0056946379667501381 -0.026755800413812172 -0.0041488270607154768 -0.0048260342781983878 0.0028934402270621943 0.0059913100589646107 0.0038516724348698129 -0.02555614519094155 0.0062725622396452964 -0.0062635004842470643 -0.0035543228086086288 -0.0052580295961347952 -0.011423939447477882 -0.031989897764456592 -0.019315939190173784 0.00074027057837893211
leaf_weight=573 304 497 122 100 394 629 635 559 4569 1141 246 2670 245 990 400 323 253 501 562 664 116 90 281 201 1535 148 3682 276 588 231 277 672 275 271 714 875 525 2058 448 487 108 454 702 484 240 185 2833 100 713 383 982 560 1308 261 1065 711 1264 303 3270 107 1019 1837
leaf_count=573 304 497 122 100 394 629 635 559 4569 1141 246 2670 245 990 400 323 253 501 562 664 116 90 281 201 1535 148 3682 276 588 231 277 672 275 271 714 875 525 2058 448 487 108 454 702 484 240 185 2833 100 713 383 982 560 1308 261 1065 711 1264 303 3270 107 1019 1837
internal_value=3.46826e-05 -0.0056209 0.00281309 0.010639 0.00144775 -0.000126275 -0.00377484 -0.0068583 0.00523659 -0.0192468 -0.00141194 0.00144718 -0.00337094 0.0220092 0.00182818 0.00465982 -0.00248185 -0.00332134 0.000569995 0.00603589 0.00548686 0.00647813 -0.00370844 -0.0105867 0.00589234 -0.0135714 -0.00441849 0.0122449 -0.00551292 -0.0103291 -0.00364121 -0.00933504 -0.0195736 0.00301342 -0.00635988 0.00052495 0.00226605 0.000118926 0.0076995 0.00826898 0.01 0.00534852 -0.000609756 0.0169413 0.00218023 0.0127119 0.00303123 -0.00496536 0.00124805 0.000426309 0.00238095 0.00862069 0.0056701 -0.00171575 -0.00270311 -0.00751029 -0.000708459 -0.0118105 -0.0089639 -0.012523 -0.0164613 0.00331165
internal_weight=49016 16144 32872 4873 27999 19788 14229 6165 8211 1915 8064 4136 7436 1294 12352 3885 6739 6102 2193 1226 637 3579 381 774 7941 270 3928 392 3909 1094 2815 1173 506 3501 967 8467 4766 2933 3198 3108 2420 1449 810 971 688 639 3256 423 1272 1642 1365 831 1833 3701 3301 972 2329 697 4893 1623 1126 3372
internal_count=49016 16144 32872 4873 27999 19788 14229 6165 8211 1915 8064 4136 7436 1294 12352 3885 6739 6102 2193 1226 637 3579 381 774 7941 270 3928 392 3909 1094 2815 1173 506 3501 967 8467 4766 2933 3198 3108 2420 1449 810 971 688 639 3256 423 1272 1642 1365 831 1833 3701 3301 972 2329 697 4893 1623 1126 3372
cat_boundaries=0 2 8 14 16 18 24 26 32 38 40 46 52 53 55 61 63 65 67 68 70 72 73 74 76 78 80 86 88 90 92 94 97 99 102 104 106 108 110 112 118 120 122 124 126 128 130
cat_threshold=2158239524 2721889 128 17334849 524544 3514376 2097194 17 1630012420 2684372102 63963650 34603008 4 133384 65616 278800 1079066698 147840 33558537 84414977 528640 73769025 1073741834 16 10751492 32768 50991105 67108864 805306378 138412609 134217920 168 0 67633168 256 402980864 2097152 16 8396064 622593 537526277 147584 20971530 71304705 234881216 131112 1 524800 4096 6619136 2 16 524288 524416 1315332 128 0 65536 134217728 69206112 160 0 8208 268959760 1049092 4194432 512 524288 738197504 32768 613056576 273285120 1114120 134217728 151650448 4104 67141777 1048588 69206016 4194304 524289 0 8 67109377 201326592 8 167805056 1049088 688129 671797248 268468225 8216 236077058 1060864 2098180 2 512 101318658 1060864 0 147488 2 2752769 16384 8389636 32768 17301505 4 2147483680 2112 100663296 8 131072 4194304 2147483652 2 33554560 32 167772160 8208 251658240 16 151126032 4628 263168 32768 67403840 268582912 1048648 16768
is_linear=0
shrinkage=0.05


Tree=26
num_leaves=63
num_cat=23
split_feature=0 0 0 5 4 9 0 4 4 0 5 5 7 0 7 3 0 7 0 0 5 0 7 5 0 7 0 4 0 0 7 7 7 0 0 5 0 0 5 5 7 0 0 7 5 7 0 9 4 3 0 7 7 4 7 5 5 4 7 4 4 0
split_gain=287.178 75.9773 65.6856 29.8635 28.4283 21.6145 22.288 20.7603 20.8609 19.3884 17.3126 26.96 21.5076 18.2592 18.2334 15.164 14.3676 15.9578 14.908 13.9903 13.6214 13.2053 13.1374 13.5634 13.6928 13.3636 13.1048 13.0344 14.5347 12.7607 12.6959 21.9975 25.2325 24.232 19.9287 18.8616 17.2032 15.8937 16.1101 14.0559 13.8805 12.4727 12.363 18.7226 12.7526 12.5911 16.1978 12.107 12.042 12.0085 11.7873 11.7696 18.4601 11.3286 11.1663 11.0483 11.021 10.9008 10.894 16.6144 10.8519 10.7967
threshold=0 1 2 1.0000000180025095e-35 134.50000000000003 19.500000000000004 3 7.5000000000000009 19.500000000000004 4 5.5000000000000009 2.5000000000000004 6.5000000000000009 5 1.5000000000000002 3.5000000000000004 6 6.5000000000000009 7 8 1.0000000180025095e-35 9 3.5000000000000004 4.5000000000000009 10 6.5000000000000009 11 492.50000000000006 12 13 7.5000000000000009 11.500000000000002 10.500000000000002 14 15 4.5000000000000009 16 17 4.5000000000000009 3.5000000000000004 3.5000000000000004 18 19 1.5000000000000002 5.5000000000000009 4.5000000000000009 20 16.500000000000004 385.50000000000006 2.5000000000000004 21 3.5000000000000004 2.5000000000000004 307.50000000000006 9.5000000000000018 5.5000000000000009 2.5000000000000004 318.50000000000006 6.5000000000000009 324.50000000000006 327.50000000000006 22
decision_type=9 9 9 2 2 2 9 2 2 9 2 2 2 9 2 2 9 2 9 9 2 9 2 2 9 2 9 2 9 9 2 2 2 9 9 2 9 9 2 2 2 9 9 2 2 2 9 2 2 2 9 2 2 2 2 2 2 2 2 2 2 9
left_child=1 10 5 53 7 6 -2 41 9 -9 11 26 13 14 -13 27 22 21 -19 -14 54 51 -10 56 25 -25 -1 42 -29 -17 37 32 36 35 -33 -34 -32 38 40 -39 50 -4 43 -5 45 46 47 -45 -28 -37 -6 52 -18 -3 -20 60 -24 -44 -40 -60 -7 -38
right_child=2 3 4 15 30 55 -8 8 16 -11 -12 12 19 -15 -16 29 17 18 20 -21 -22 -23 23 24 -26 -27 48 28 -30 -31 31 34 33 -35 -36 49 61 39 58 -41 -42 -43 57 44 -46 -47 -48 -49 -50 -51 -52 -53 -54 -55 -56 -57 -58 -59 59 -61 -62 -63
leaf_value=-0.020425864191305234 0.016306387170639414 -0.01372693117550567 0.00046024110687845624 0.014370606246475449 0.035833007742844883 0.017760229287936281 0.0069531321547551261 0.013667594362548685 -0.0059518452754650846 -0.0096967642447696404 -0.019568837467920677 0.032830646728810621 -0.01578589113019142 -0.0032439100924208045 0.0053575047197596875 0.0015924120302045154 -0.0011428381191042948 0.0023785952385386999 -0.011194312339637968 -0.0040056790971595814 -0.0046139523710733597 0.0067720125546172349 0.0061422271200280328 0.018595074227542165 0.007310760195856348 -0.02320607088531005 -0.015654029819973127 -0.0062626592672607841 0.013888011114314432 -0.01642274681622562 -0.0033554486836160804 0.032092726039346299 -0.013273792831307741 0.0034763561268463306 0.0060374205034290198 0.0082432551354349459 0.02897094028496542 -0.00018709980216387035 0.0057823626858699356 0.0082582094301103474 0.016035692896436138 0.032954011815270821 -0.00025836699110136087 -0.023413706835810733 -0.017216913679529124 -0.0017401021582199362 -0.00077580423073798097 -0.0034796786803358072 0.0046785803038996597 -0.027966131209103864 0.0015151629949865298 0.0023121555375523297 -0.025948038848289681 0.0018402317802127977 -0.029044037966524602 0.00073480843707356418 0.013063135871806852 0.013883576196059589 -0.01005402304354004 0.020561115034080913 -0.005851758573844768 0.0041806723310843013
leaf_weight=1174 1729 1806 150 313 173 1069 6033 173 647 1601 842 81 715 782 277 216 177 934 144 1170 1693 1205 1194 71 404 222 1947 108 442 525 886 235 377 352 438 58 172 1477 327 896 977 210 5164 289 701 2956 404 143 169 30 451 369 112 365 162 157 758 505 161 43 90 1565
leaf_count=1174 1729 1806 150 313 173 1069 6033 173 647 1601 842 81 715 782 277 216 177 934 144 1170 1693 1205 1194 71 404 222 1947 108 442 525 886 235 377 352 438 58 172 1477 327 896 977 210 5164 289 701 2956 404 143 169 30 451 369 112 365 162 157 758 505 161 43 90 1565
internal_value=1.42811e-05 -0.00438779 0.00334025 -0.00223346 0.00165482 0.00683319 0.00583612 -0.000127127 -0.00055747 -0.00546787 -0.00857402 -0.00768804 -0.00428099 0.00114035 0.0103261 -0.00124086 0.000519031 -0.00122763 -0.00352881 -0.00755968 -0.00594823 0.00238862 0.00305505 0.00462439 -0.00136298 -0.00940594 -0.0108207 -0.00077551 0.00672727 -0.00816464 0.00377118 0.0017627 0.000145349 -0.00752754 0.0100297 -0.0148421 0.00253526 0.00560488 0.00873016 0.00274864 0.0112742 0.0116667 -0.00116945 -0.00303156 -0.00386156 -0.00271624 -0.00813397 -0.0147059 -0.00832549 0.00568182 0.00544872 -0.00329341 -0.0108997 -0.00762322 -0.0156863 0.012766 0.0067623 0.000413805 0.00122411 -0.00784314 0.0144521 0.00540927
internal_weight=49016 21094 27922 13937 18844 9078 7762 10226 9866 1774 7157 6315 3025 1140 358 11766 8092 4796 2933 1885 1999 1863 3296 2649 697 293 3290 11025 550 741 8618 4113 3440 817 673 465 2623 4505 2132 2373 1601 360 10475 4806 4493 3792 836 432 2116 88 624 658 289 2171 306 1316 1952 5669 531 204 1159 1737
internal_count=49016 21094 27922 13937 18844 9078 7762 10226 9866 1774 7157 6315 3025 1140 358 11766 8092 4796 2933 1885 1999 1863 3296 2649 697 293 3290 11025 550 741 8618 4113 3440 817 673 465 2623 4505 2132 2373 1601 360 10475 4806 4493 3792 836 432 2116 88 624 658 289 2171 306 1316 1952 5669 531 204 1159 1737
cat_boundaries=0 2 4 6 8 10 11 13 14 15 16 17 18 20 22 24 26 28 30 31 33 35 37 39
cat_threshold=2191925029 2721901 10751492 32768 1074856008 410000 0 16640 2 512 8388612 406863874 12288 17301504 2098180 17301504 272646144 262656 131072 65568 4128 524321 67633170 1049088 130 1052672 134217858 4608 268992640 1053184 16810130 4128 2623521 4096 2048 32768 512 4243456 8192
is_linear=0
shrinkage=0.05


Tree=27
num_leaves=63
num_cat=40
split_feature=0 2 2 0 1 0 0 2 4 8 0 2 0 0 0 0 2 4 2 1 0 5 0 1 2 2 0 1 0 4 0 5 4 9 4 4 0 0 1 1 9 9 1 0 8 4 5 0 4 5 0 0 4 8 0 4 0 0 1 9 0 4
split_gain=257.348 134.347 127.994 93.8748 66.1499 77.1687 56.2432 39.7469 34.6056 32.2726 31.7582 29.6332 31.5932 26.8838 25.0045 24.3617 27.8658 23.8744 23.7298 21.9138 23.5351 21.3874 20.8178 20.3224 19.1526 15.2335 15.0687 15.0963 14.8385 15.2567 14.694 14.5175 14.0831 13.6223 13.5955 13.1158 22.5048 21.0866 14.2096 12.9159 12.8456 14.9714 14.3572 11.6137 11.455 16.5169 11.3197 25.1157 11.0617 10.7163 17.4901 12.7344 12.7394 11.4722 10.5651 11.6816 13.1012 10.442 11.4779 10.2968 13.0333 10.0586
threshold=0 1 2 3 4 5 6 7 58.500000000000007 1.0000000180025095e-35 8 9 10 11 12 13 14 80.500000000000014 15 16 17 2.5000000000000004 18 19 20 21 22 23 24 286.50000000000006 25 1.5000000000000002 11.500000000000002 22.500000000000004 9.5000000000000018 134.50000000000003 26 27 28 29 5.5000000000000009 13.500000000000002 30 31 1.0000000180025095e-35 96.500000000000014 4.5000000000000009 32 351.50000000000006 4.5000000000000009 33 34 156.50000000000003 1.0000000180025095e-35 35 78.500000000000014 36 37 38 16.500000000000004 39 9.5000000000000018
decision_type=9 9 9 9 9 9 9 9 2 2 9 9 9 9 9 9 9 2 9 9 9 2 9 9 9 9 9 9 9 2 9 2 2 2 2 2 9 9 9 9 2 2 9 9 2 2 2 9 2 2 9 9 2 2 9 2 9 9 9 2 9 2
left_child=1 13 3 24 5 9 40 10 19 30 -3 12 -7 -1 39 25 49 26 28 32 31 -11 -19 -22 -2 -10 -8 -28 44 -30 -4 -21 -9 57 -25 37 48 -13 -38 -5 -6 42 -42 -26 -15 -46 -39 -48 -37 51 -51 -17 -53 -52 -43 56 -56 58 -18 60 -33 -62
right_child=2 7 4 14 6 11 17 8 15 21 -12 35 -14 18 -16 16 33 22 -20 20 23 -23 -24 34 43 -27 27 -29 29 -31 -32 59 -34 -35 -36 36 38 46 -40 -41 41 54 -44 -45 45 -47 47 -49 -50 50 53 52 -54 -55 55 -57 -58 -59 -60 -61 61 -63
leaf_value=-0.026260843922681715 0.030414772751172683 -0.0024584455943137077 -0.026125140602032283 -0.0078453618871119953 0.01868942149171662 -0.0044567317247751759 0.00080597942655692429 -0.02503926464597029 -0.014089525363665312 0.011928684831384284 0.016317873670284467 -0.021873318380962778 -0.026118384812568375 -0.02921242712411757 0.010034750059933418 -0.0021662680677983549 0.0068691367355739885 0.01146900578904635 -0.024051089943913691 -0.012439299381460257 -0.018201080517339752 0.016769567922392592 0.0012938977775630357 0.029990334657043951 0.029832435525426915 0.00062037526201262909 -0.0096532118187798062 -0.0017596410639575512 -0.006422701580903834 0.016693858174119992 0.0032120242418109679 0.010266851258049759 -0.014485501798237056 0.035575187712620797 -0.00072979393351531037 0.00035299158215335025 -0.012394321434507395 -0.002227399214575754 0.00056147613217270018 0.0074678532811902404 -9.1187029424155691e-05 0.027166743530252037 0.0089991760131744817 0.01870880721236148 -0.032106564700358067 0.003222073892819366 -0.017223632291060911 -0.00083844136569602998 0.021598989536752773 0.012403395046070853 -0.014782286509973125 0.0031101117479247933 0.01219663634258903 -0.0035717128144295953 -0.00029820262453048588 0.01141828938008671 0.011162394903798657 -0.013318825582227752 -0.011168234764982472 0.0084378138200326257 0.022899966218464719 -0.0083846979431935597
leaf_weight=527 273 853 113 486 246 223 3581 284 902 334 576 380 304 173 3511 860 341 1933 524 384 1144 481 6747 36 168 309 1586 2839 444 72 196 114 1490 43 74 925 971 923 467 250 1796 235 1299 511 76 136 210 263 194 249 264 858 631 317 752 1957 892 1126 442 229 38 454
leaf_count=527 273 853 113 486 246 223 3581 284 902 334 576 380 304 173 3511 860 341 1933 524 384 1144 481 6747 36 168 309 1586 2839 444 72 196 114 1490 43 74 925 971 923 467 250 1796 235 1299 511 76 136 210 263 194 249 264 858 631 317 752 1957 892 1126 442 229 38 454
internal_value=-6.52848e-05 -0.00580114 0.00222216 0.00945479 0.000959574 -0.00373707 0.0021384 -0.0038161 -0.0048731 0.00802469 0.00399583 -0.00646817 -0.0175978 -0.0179409 0.00623679 -0.00253863 -0.0010212 0.000545041 -0.0141115 -0.00837061 -0.00525574 0.0133129 0.00236175 -0.0100475 0.0235967 -0.00888616 -0.00142393 -0.00337091 -0.00894621 -0.00323194 -0.00566343 -0.000284784 -0.0126121 -0.00570846 0.01 -0.00507714 -0.00279625 -0.00838964 -0.00690608 -0.00214477 0.00583693 0.00544654 0.00285945 0.0183599 -0.0163291 -0.00896226 -0.00540541 -0.0117336 0.00252436 0.00186579 -0.00301205 0.00359728 0.00637091 -0.00769882 0.00753389 0.00679867 0.00371046 -0.00636459 -0.0018285 0.00341317 0 -0.00358566
internal_weight=49016 13970 35046 5199 29847 5984 23863 12018 10589 1124 1429 4860 527 1952 4247 6342 5131 16686 1425 4247 2473 815 8680 1254 952 1211 8006 4425 901 516 309 1219 1774 1952 110 4333 2557 1776 1438 736 7177 6931 3095 679 385 212 1396 473 1119 3179 830 2349 1489 581 3836 3601 1644 1909 783 835 606 492
internal_count=49016 13970 35046 5199 29847 5984 23863 12018 10589 1124 1429 4860 527 1952 4247 6342 5131 16686 1425 4247 2473 815 8680 1254 952 1211 8006 4425 901 516 309 1219 1774 1952 110 4333 2557 1776 1438 736 7177 6931 3095 679 385 212 1396 473 1119 3179 830 2349 1489 581 3836 3601 1644 1909 783 835 606 492
cat_boundaries=0 2 8 14 16 18 20 22 28 30 36 38 39 41 43 49 54 56 58 60 62 63 69 71 73 75 76 78 80 82 85 87 89 91 93 95 97 99 101 103 105
cat_threshold=10755876 2656352 128 17334784 524544 3514376 2097258 16 1630012420 2684486786 63963202 2182086656 34603012 133384 80 278544 1275068673 4243456 1079525442 139264 1079050248 152448 524294 268583040 22020100 301989888 100663296 164096 269056 2621440 131200 524288 256 327680 0 16 385941648 1048576 516 1145045120 66049 2359296 557056 1073872896 0 2952790016 576 134217732 32 0 0 524544 1146880 2097216 2326784 4194336 2101792 2621536 134267008 1048596 8650816 524288 524288 1107296256 0 805306368 134218304 134217728 160 2416590915 262157 2129920 262144 10486784 32 1572864 268501000 1131277 2214592512 16397 67108865 16384 0 612384768 2 2654272 9044033 0 16384 268500992 1049088 512 2144 804 64 0 16384 1078984712 4096 1312 2099264 262144 872546304 0 524288
is_linear=0
shrinkage=0.05


Tree=28
num_leaves=63
num_cat=37
split_feature=0 2 2 0 2 0 2 0 0 0 7 2 0 2 2 2 2 7 2 0 7 2 0 0 2 0 5 2 7 9 5 0 8 0 7 0 5 0 9 5 0 9 7 0 0 2 7 3 5 9 0 5 0 5 0 7 5 2 5 9 5 0
split_gain=237.465 138.758 112.206 76.1452 54.7327 45.8072 44.8274 40.5802 39.4066 34.1761 25.8433 23.2761 21.6872 20.9023 19.4949 19.3704 18.9673 18.7629 22.2382 26.5728 18.1794 18.0499 19.2907 17.7383 16.6754 16.5765 16.5201 16.4202 16.288 15.9393 14.3584 13.9596 13.4437 18.5356 20.0717 16.8674 16.3684 13.9403 13.3087 12.7278 12.6972 12.3019 12.2901 34.7103 16.9444 19.3472 16.9394 13.4754 12.0912 12.477 12.6216 12.0717 17.5306 12.0687 14.0772 11.6538 11.5367 11.1247 10.3385 14.2889 10.1474 9.69297
threshold=0 1 2 3 4 5 6 7 8 9 1.5000000000000002 10 11 12 13 14 15 7.5000000000000009 16 17 6.5000000000000009 18 19 20 21 22 1.5000000000000002 23 11.500000000000002 20.500000000000004 5.5000000000000009 24 1.0000000180025095e-35 25 6.5000000000000009 26 2.5000000000000004 27 18.500000000000004 2.5000000000000004 28 18.500000000000004 3.5000000000000004 29 30 31 2.5000000000000004 2.5000000000000004 4.5000000000000009 22.500000000000004 32 1.0000000180025095e-35 33 1.0000000180025095e-35 34 6.5000000000000009 3.5000000000000004 35 4.5000000000000009 16.500000000000004 3.5000000000000004 36
decision_type=9 9 9 9 9 9 9 9 9 9 2 9 9 9 9 9 9 2 9 9 2 9 9 9 9 9 2 9 2 2 2 9 2 9 2 9 2 9 2 2 9 2 2 9 9 9 2 2 2 2 9 2 9 2 9 2 2 9 2 2 2 9
left_child=1 7 3 11 9 17 10 -1 27 -4 -3 -2 15 32 30 38 -9 18 20 -20 -6 23 29 39 40 -12 -16 -8 -26 -23 53 -22 36 58 35 -35 -7 57 -5 -19 -14 -21 43 46 45 55 56 -47 49 50 -28 52 -46 54 -10 -44 -15 -36 59 -34 -48 -50
right_child=2 6 4 12 5 13 8 16 14 -11 25 -13 24 42 26 -17 -18 21 19 41 31 22 -24 -25 28 -27 48 -29 -30 -31 -32 -33 33 34 37 -37 -38 -39 -40 -41 -42 -43 44 -45 51 47 60 -49 61 -51 -52 -53 -54 -55 -56 -57 -58 -59 -60 -61 -62 -63
leaf_value=-0.021372392867999281 0.014688099615402206 0.038221901672778814 -0.021378725343734487 0.0048976731791593123 0.0098504836286587467 -0.019551503558964081 -0.013170930851560271 -0.0056376231599410964 0.0084539781714333961 -0.0049144099102362178 -0.0031546745057580319 0.027792192791010931 -0.011653571141215058 0.036345932979456097 -0.0090756532425141923 0.016637249315919235 -0.023018711602081538 0.0068623913251735008 0.021599694727203134 0.0049115286536248748 -0.017185861327517683 0.0037172717634123224 -0.0064304976498598121 0.00072174133096702953 0.0058450692072443472 0.0099336523551784017 0.0056856786429455358 -0.0021586241503975647 0.026187336672911399 0.033876903398415127 -0.01857705515319653 0.0058464055438060443 -0.0094589331505225971 0.018113005098056523 -0.016092352337014865 -0.00098578682740370067 -0.0015009723171502732 -0.0021438401090355884 0.011317975696240358 0.013830231693998087 0.0014540827290831283 0.010964168010166198 0.026565442721456962 -0.013132643668944489 0.0016001340990467738 0.0034324415253259577 -0.009786989567812333 -0.011632501410740327 -0.0073974645547452925 0.026049569344211265 -0.00058847512731829976 0.0015380820595889634 -0.011811443079104667 -0.0034972377871970331 -0.026302137258219196 0.0096557728060279631 0.0049310362228459081 0.001789625622100366 0.0094834815347151213 0.036146136202563219 0.010107046263198072 0.0012059463788750115
leaf_weight=1183 232 163 353 1532 446 919 3839 675 111 623 682 667 233 241 2114 926 531 468 1363 1687 163 903 1064 975 1381 917 1336 1036 155 58 344 124 87 364 322 421 1034 2133 508 618 500 544 456 1186 390 1092 132 318 754 72 1576 3702 322 1898 306 1351 134 129 70 38 70 1045
leaf_count=1183 232 163 353 1532 446 919 3839 675 111 623 682 667 233 241 2114 926 531 468 1363 1687 163 903 1064 975 1381 917 1336 1036 155 58 344 124 87 364 322 421 1034 2133 508 618 500 544 456 1186 390 1092 132 318 754 72 1576 3702 322 1898 306 1351 134 129 70 38 70 1045
internal_value=-9.79272e-05 -0.00455034 0.00262121 0.00865885 0.0010942 0.00158138 -0.00288527 -0.0157774 -0.00380514 -0.0104462 0.00462754 0.0220572 0.00632031 -8.37745e-05 -0.00193393 0.00913978 -0.00912829 0.00452927 0.00682921 0.00843507 -0.00114401 0.00210475 -0.00125307 0.00538387 0.00261079 0.00272045 -0.000528449 -0.00746162 0.00556274 0.003862 -0.00556388 -0.0109756 -0.00252397 -0.000701459 -0.00158331 0.00541401 -0.00586278 -0.00371517 0.00634146 0.00976277 -0.00356662 0.00502008 0.00135049 -0.00241066 0.0022212 0.00497366 0.00758092 0.00056338 0.00109764 0.0030496 0.00254121 0.000203436 -0.00575843 -0.00416847 -0.0118705 0.00839296 0.014 -0.0116052 0.0139024 0.006 -0.0039604 -0.00214008
internal_weight=49016 18582 30434 6134 24300 23324 16193 2389 14431 976 1762 899 5235 14911 9556 2966 1206 8413 4327 3594 733 4086 2025 2061 2269 1599 6897 4875 1536 961 2659 287 5517 3564 3369 785 1953 2584 2040 1086 733 2231 9394 1763 7631 3217 577 1410 4783 2984 2912 4414 712 2315 417 1807 375 451 195 125 202 1799
internal_count=49016 18582 30434 6134 24300 23324 16193 2389 14431 976 1762 899 5235 14911 9556 2966 1206 8413 4327 3594 733 4086 2025 2061 2269 1599 6897 4875 1536 961 2659 287 5517 3564 3369 785 1953 2584 2040 1086 733 2231 9394 1763 7631 3217 577 1410 4783 2984 2912 4414 712 2315 417 1807 375 451 195 125 202 1799
cat_boundaries=0 2 8 14 16 22 24 30 32 34 36 42 44 49 55 61 66 71 73 78 80 82 88 90 96 98 100 102 104 106 108 110 115 117 119 121 125 127
cat_threshold=2191793957 2721897 4224 17334849 524544 2465800 2097194 17 1076369412 2684355714 63963650 2316304386 34603012 133544 0 409620 1 67895824 256 6620160 0 16 1079066698 148352 1610613782 268846224 20971524 306185216 67108868 163840 2149843460 2099296 10749444 32768 16908352 152336 4 0 2 33554432 4 168 286818384 12544 536870920 131073 4172 67149889 1073741866 33685512 71311362 2962297344 2 1073741824 256 2101248 128 4194816 2 33554432 131488 0 16777216 256 32768 2097160 16908288 4194304 524288 67149825 2097376 0 148224 0 0 0 67150336 1207959560 1074872320 16768 1074790474 256 524288 0 512 134217730 33554436 8 2365440 2686977 655360 67108864 268435466 134218305 167772224 8 65536 16896 0 8192 336068736 1048596 134250496 1048580 65536 1049088 201359488 262148 269090816 1060868 50332674 16777216 268435456 268435456 134217920 2147490049 524289 16777232 16 288 2686976 0 0 0 32832 6433 8
is_linear=0
shrinkage=0.05


Tree=29
num_leaves=63
num_cat=40
split_feature=0 2 2 0 0 1 2 1 4 0 4 1 0 0 2 0 7 4 1 0 7 7 7 0 0 1 1 2 1 2 0 0 0 0 4 1 2 7 4 6 2 2 0 1 7 7 7 0 2 7 0 4 4 2 3 6 0 0 7 4 0 7
split_gain=222.649 128.906 112.819 80.1057 52.6848 51.1779 35.4668 31.9572 36.2878 30.7092 27.948 25.1673 23.0148 22.2879 29.757 21.5747 26.8993 20.0431 19.9969 19.8983 20.48 18.6013 22.3515 35.9478 24.9928 31.9275 19.8845 19.5393 19.2896 18.5409 18.4159 18.2001 17.9211 17.4964 17.589 16.1817 15.8149 16.3493 15.6691 15.6401 15.4604 14.9234 14.6639 14.75 13.8724 13.79 16.6936 14.2055 14.1915 13.4147 13.2605 12.8135 12.8126 12.6836 12.5117 12.4934 14.866 12.3758 16.512 20.9415 12.2687 12.8914
threshold=0 1 2 3 4 5 6 7 58.500000000000007 8 132.50000000000003 9 10 11 12 13 1.5000000000000002 16.500000000000004 14 15 1.5000000000000002 7.5000000000000009 3.5000000000000004 16 17 18 19 20 21 22 23 24 25 26 404.50000000000006 27 28 2.5000000000000004 81.500000000000014 1.0000000180025095e-35 29 30 31 32 7.5000000000000009 1.5000000000000002 3.5000000000000004 33 34 2.5000000000000004 35 345.50000000000006 21.500000000000004 36 2.5000000000000004 1.0000000180025095e-35 37 38 9.5000000000000018 385.50000000000006 39 7.5000000000000009
decision_type=9 9 9 9 9 9 9 9 2 9 2 9 9 9 9 9 2 2 9 9 2 2 2 9 9 9 9 9 9 9 9 9 9 9 2 9 9 2 2 2 9 9 9 9 2 2 2 9 9 2 9 2 2 9 2 2 9 9 2 2 9 2
left_child=1 9 3 11 6 53 32 19 15 -1 52 -2 -12 29 55 18 17 -17 -9 -3 -21 22 23 27 25 39 30 -8 -26 -10 -23 -25 -4 34 41 -27 37 -11 -39 -24 -34 54 43 44 -5 -44 47 49 57 -47 -46 -16 -7 -6 -28 -15 -57 -48 -59 -60 -55 -62
right_child=2 7 4 42 5 10 21 8 13 36 12 -13 -14 14 51 16 -18 -19 -20 20 -22 26 24 31 28 35 33 -29 -30 -31 -32 -33 40 -35 -36 -37 -38 38 -40 -41 -42 -43 45 -45 50 46 48 -49 -50 -51 -52 -53 -54 60 -56 56 -58 58 59 -61 61 -63
leaf_value=-0.02402231220676293 0.0064179748074683299 -0.0023400400552366254 0.00059473684182086985 0.0088747830422801766 -0.018167325743292075 -0.0066127013194204332 -0.012660721050288105 0.00039507782353432886 0.0059813456388184694 -0.027167311290944563 0.015458751129147609 0.023586154039045872 0.0031186516503492138 0.004652628947378579 -0.013612097130308821 0.029780863408358574 -0.017018625489441063 -0.020997361487953527 -0.013460403618401146 0.037351316068831221 0.0083462658198788283 0.0058474668444012286 0.0025204172862858479 -0.02026704751469436 0.018796327680980364 0.017708024984453119 -0.015026160460152921 0.021679682522413125 0.01346083266091176 -0.01105615744748596 -0.0074220199127104092 -0.0014556229527868947 -0.030468446628066755 0.01034752476152432 0.022863618045383907 0.003594957749585881 -0.021999344576183123 -0.020166752657256534 -0.0043453269639764812 -0.016134664791625931 -0.010538482044880604 0.0038741600048830429 0.016946768558294845 0.015147566872692609 0.0011637680219962032 0.0035772699828953702 0.021635081934427536 0.0061077256670268205 0.015308374955183092 -0.019823762225910292 -0.01192234692630938 0.0010040435388604441 1.9300875973266018e-05 -0.010469729818538455 0.0083943901952410593 0.016181024756070053 -0.0094614169250168256 0.010200388531366089 -0.00041748057209329837 -0.036709783787113717 0.0026677243461115442 -0.0045352260193676662
leaf_weight=523 153 980 218 520 335 2241 181 1164 225 166 664 835 4449 2701 908 89 2197 105 830 75 661 975 67 179 1007 557 262 597 753 1429 1211 905 100 1628 107 1094 409 227 647 119 113 996 236 422 219 118 442 250 571 152 221 331 6910 1723 66 277 706 626 450 44 823 827
leaf_count=523 153 980 218 520 335 2241 181 1164 225 166 664 835 4449 2701 908 89 2197 105 830 75 661 975 67 179 1007 557 262 597 753 1429 1211 905 100 1628 107 1094 409 227 647 119 113 996 236 422 219 118 442 250 571 152 221 331 6910 1723 66 277 706 626 450 44 823 827
internal_value=-7.95659e-05 -0.00523874 0.00212067 0.00885367 0.000901535 -0.000772995 0.00360251 -0.00338115 -0.00437477 -0.0171039 0.000588483 0.0216433 0.00354978 -0.0020298 -0.000334482 -0.00790194 -0.0110995 0.00670103 -0.00399202 0.00295481 0.00911528 0.00417211 0.00621909 0.00177229 0.00852099 0.00435842 0.00204957 0.00989848 0.0127684 -0.00703125 -0.00159381 -0.00411335 -0.0103175 0.00464321 0.000589868 0.00659241 -0.0131254 -0.00961905 -0.00697941 -0.0147959 -0.0204036 -0.000981873 0.00585144 0.00158046 -0.00185567 0.00788203 0.006879 -0.00115385 0.00883732 -0.00892857 -0.00840909 -0.0070056 -0.00106546 -0.00599785 -0.0100592 0.00192204 -0.00289929 0.0062341 0.00336283 -0.0034413 -0.00503991 -0.00192771
internal_weight=49016 14650 34366 5259 29107 17972 11135 12678 10962 1972 14264 988 5113 6577 4923 4385 2391 194 1994 1716 736 10704 5459 1862 3597 1837 5245 778 1760 1654 2186 1084 431 3059 1431 1651 1449 1040 874 186 213 1324 4271 1382 960 2889 2653 520 2133 270 440 1239 9151 3708 328 3684 983 1562 1120 494 3373 1650
internal_count=49016 14650 34366 5259 29107 17972 11135 12678 10962 1972 14264 988 5113 6577 4923 4385 2391 194 1994 1716 736 10704 5459 1862 3597 1837 5245 778 1760 1654 2186 1084 431 3059 1431 1651 1449 1040 874 186 213 1324 4271 1382 960 2889 2653 520 2133 270 440 1239 9151 3708 328 3684 983 1562 1120 494 3373 1650
cat_boundaries=0 2 8 14 16 18 20 26 29 30 32 34 36 42 44 46 48 50 52 53 55 60 62 67 69 71 73 75 77 82 86 91 93 96 98 104 105 111 113 115 117
cat_threshold=10755876 2656353 128 17334784 524544 2465800 2097226 16 1627917332 2684503174 47185926 168820736 1114116 133384 80 278544 1079066698 1467264 1275068929 12599296 2 67633168 256 268763136 2097186 16 2147487782 2550153221 2 516 536870914 131073 32896 4096 2359808 557056 536871936 0 2952790016 134218304 234881156 384 2102048 524321 8519680 524288 8657664 524289 65544 393728 1079066632 262656 134217728 2326528 671367169 33554432 0 536870920 64 192 203587584 12582912 1627394048 4194304 2148532226 1 1107296256 1074855936 24960 0 8192 1114112 1187840 65536 1196544 8454144 671350848 0 0 524544 106496 2097218 0 524288 256 327680 33554432 0 524288 2129921 1073741824 1275084938 1114624 0 67129376 2 2432696321 8 554172420 16384 6 167772160 0 131072 134217866 2097152 524288 4096 4523008 2097152 16 1024 2113 2165309440 139268 2264924161 4124
is_linear=0
shrinkage=0.05


Tree=30
num_leaves=63
num_cat=31
split_feature=0 1 1 0 0 0 1 1 0 1 4 0 1 1 0 0 7 0 1 8 7 7 9 0 1 0 5 4 0 1 0 4 5 7 0 5 5 4 9 1 1 5 5 0 4 7 9 1 7 4 5 0 5 7 4 9 0 7 7 0 7 4
split_gain=200.615 103.867 89.8747 68.227 42.8339 34.1692 32.8014 26.9279 23.2816 22.6291 22.2483 21.4488 19.3359 19.0654 17.9557 16.277 20.8803 16.0389 15.4012 15.2818 15.1315 14.2019 13.9892 18.8686 24.645 13.3242 13.0098 13.8439 17.8475 17.6366 14.808 12.0605 11.5689 13.5463 15.206 12.0932 10.8756 10.8466 10.8267 10.8216 10.5811 10.8831 10.5765 13.8043 10.54 10.5106 13.2052 10.4674 18.0557 11.0421 10.3089 15.8301 11.5176 15.2467 12.3787 10.8782 10.1219 14.8231 11.8742 13.4459 11.5641 10.1977
threshold=0 1 2 3 4 5 6 7 8 9 62.500000000000007 10 11 12 13 14 7.5000000000000009 15 16 1.0000000180025095e-35 4.5000000000000009 1.5000000000000002 13.500000000000002 17 18 19 1.0000000180025095e-35 114.50000000000001 20 21 22 324.50000000000006 5.5000000000000009 7.5000000000000009 23 3.5000000000000004 1.5000000000000002 15.500000000000002 9.5000000000000018 24 25 2.5000000000000004 1.5000000000000002 26 81.500000000000014 8.5000000000000018 11.500000000000002 27 1.5000000000000002 25.500000000000004 2.5000000000000004 28 4.5000000000000009 1.5000000000000002 16.500000000000004 11.500000000000002 29 10.500000000000002 3.5000000000000004 30 5.5000000000000009 10.500000000000002
decision_type=9 9 9 9 9 9 9 9 9 9 2 9 9 9 9 9 2 9 9 2 2 2 2 9 9 9 2 2 9 9 9 2 2 2 9 2 2 2 2 9 9 2 2 9 2 2 2 9 2 2 2 9 2 2 2 2 9 2 2 9 2 2
left_child=1 5 3 18 13 20 21 14 12 26 56 -5 -8 17 19 -11 31 -4 -2 -6 -1 -3 -15 24 -24 -12 -10 30 29 -29 38 -17 33 -21 -35 45 -32 -16 -28 44 41 -39 43 -27 -7 46 -36 48 -14 -50 51 55 53 54 -52 -49 57 -9 59 -58 -60 -61
right_child=2 6 4 11 7 39 8 10 9 15 25 -13 47 22 37 16 -18 -19 -20 32 -22 -23 23 -25 -26 42 27 28 -30 -31 36 -33 -34 34 35 -37 -38 40 -40 -41 -42 -43 -44 -45 -46 -47 -48 50 49 -51 52 -53 -54 -55 -56 -57 58 -59 60 61 -62 -63
leaf_value=-0.0072915500286928727 0.01522174328749637 0.032256509000785936 0.022051331573051391 0.0092847918375004168 -0.007290732357786012 -0.014139272773733414 2.0183277004709457e-05 -0.0025650723289144086 -0.011038282205864447 -0.016499674329941316 0.0096987951378304307 0.0028491662103505514 -0.026793248182098217 -0.00079308777387415708 -0.014157752495628478 -0.001266672400459601 -0.011473569047740956 0.0070330557672597443 0.024024150510754128 0.0088117238734603861 -0.02748957579263869 0.0022610599398086295 -0.030296157205099511 0.0084544575595606915 0.005294672799107631 0.0046490036755148399 -0.019831606985739804 0.0037868304040042712 -0.00058613087552790162 0.021137452663459025 -0.019872701505866321 0.015882352437818017 -0.015300016156951202 -0.014392781669790012 0.031540504694564375 -0.0082389518180588824 0.0015923462964043567 -0.02253739162308992 -0.0064434062018357777 -0.027089741315558816 -0.0028615987867902318 -0.0033735494639167973 0.004801252723163796 -0.0042728580205206312 -0.0038742423463145603 0.013615220455598416 -0.014080999154346276 -0.021385878357697952 -0.024810234942204624 -0.011959872534242978 0.056682211694437795 -0.018796239650396031 -0.010435626162013363 -0.0026564949258534032 0.0058565251728457945 0.0071319110337437876 -0.014048156407974299 -0.025352030701647724 0.012625019827954699 -0.029187681942344258 0.00023702300422253633 0.01089247848606878
leaf_weight=47 104 71 559 2993 599 150 810 931 1021 1082 1547 2161 98 2308 360 799 786 3246 643 571 479 1227 140 2055 388 486 286 482 1719 392 311 175 131 117 35 139 1471 227 1009 297 4819 250 2988 862 457 262 52 98 170 663 30 891 626 776 31 215 501 222 446 32 1966 207
leaf_count=47 104 71 559 2993 599 150 810 931 1021 1082 1547 2161 98 2308 360 799 786 3246 643 571 479 1227 140 2055 388 486 286 482 1719 392 311 175 131 117 35 139 1471 227 1009 297 4819 250 2988 862 457 262 52 98 170 663 30 891 626 776 31 215 501 222 446 32 1966 207
internal_value=-6.32447e-05 -0.00451766 0.0022329 0.00780748 0.000986544 -0.0173611 -0.00330186 -0.000422297 -0.00401047 -0.00261448 0.00125515 0.00573199 -0.00701675 0.00385941 -0.00268093 -0.00634642 -0.00333333 0.00651376 0.0218626 0.00151357 -0.0276119 0.00428135 0.00178535 0.00431669 -0.00408922 0.00325514 -0.00102224 -8.81834e-05 0.00260316 0.00837104 -0.00235619 0.00154004 0.00455241 0.00612245 0.000909091 0.00481928 0.000613839 -0.0040946 -0.00639847 -0.0111597 -0.00353097 -0.0105749 0.00181776 -0.0018546 -0.00705024 0.00988539 -0.00517241 -0.00859202 -0.0132306 -0.0109844 -0.0069294 -0.0103821 -0.00413534 -0.000298686 0.0237705 -0.000464396 -0.00147503 -0.00546002 0 -0.00554054 0.00169983 0.00421687
internal_weight=49016 16669 32347 5901 26446 1430 15239 17750 13941 9533 10188 5154 4408 8696 7562 2842 1760 3805 747 1906 526 1298 4891 2583 528 5883 6691 5670 2593 874 3077 974 1307 1176 605 488 1782 5656 1295 904 5296 477 4336 1348 607 349 87 3598 931 833 2667 1204 1463 837 61 313 4305 1153 3152 740 2412 239
internal_count=49016 16669 32347 5901 26446 1430 15239 17750 13941 9533 10188 5154 4408 8696 7562 2842 1760 3805 747 1906 526 1298 4891 2583 528 5883 6691 5670 2593 874 3077 974 1307 1176 605 488 1782 5656 1295 904 5296 477 4336 1348 607 349 87 3598 931 833 2667 1204 1463 837 61 313 4305 1153 3152 740 2412 239
cat_boundaries=0 2 3 6 8 10 12 15 17 19 21 23 25 27 29 31 33 35 37 38 40 42 44 46 48 49 50 51 53 54 56 58
cat_threshold=10755877 2721897 134217729 2684357126 344080488 2 64 278544 1074872394 148352 8389124 32 2147487780 2550403108 2 1277296641 4198404 2360836 32768 547488002 604635201 290553872 1192196 1074462784 12730369 76189760 675549184 268435456 1056784 6400 2049 0 147456 536870912 268566624 16384 147456 134217729 134250624 1314820 8390912 2112 538968064 537001985 8390944 2112 0 1048576 134217728 1 323485696 2097152 67141696 2098176 100696064 1056784 285736976 4100
is_linear=0
shrinkage=0.05


Tree=31
num_leaves=63
num_cat=35
split_feature=0 1 1 0 0 1 0 1 0 5 0 1 5 0 7 1 3 0 9 5 9 0 5 7 0 0 0 7 0 0 5 1 0 7 0 1 9 7 0 7 0 9 7 0 0 1 5 9 1 5 7 0 5 5 1 7 0 7 7 0 7 1
split_gain=193.568 96.4901 76.5269 71.5848 42.256 37.5607 32.984 30.0336 27.8284 20.7455 19.1862 22.2007 22.3236 29.8825 21.7431 19.4894 16.0482 15.9992 16.4075 15.7397 14.432 30.7405 19.343 14.302 20.3079 14.1858 14.0486 13.9025 20.2353 19.4368 22.6996 13.78 15.4856 23.3196 13.9761 22.9172 14.7311 14.4752 12.7812 12.7393 13.9068 12.5214 12.3445 21.8523 18.4948 12.1951 14.7431 11.6767 11.3712 12.4515 13.533 22.0376 11.083 10.8582 13.4696 10.4674 12.0372 11.3958 17.446 14.0552 10.1731 10.0908
threshold=0 1 2 3 4 5 6 7 8 1.5000000000000002 9 10 4.5000000000000009 11 1.5000000000000002 12 3.5000000000000004 13 6.5000000000000009 1.5000000000000002 8.5000000000000018 14 5.5000000000000009 7.5000000000000009 15 16 17 7.5000000000000009 18 19 1.0000000180025095e-35 20 21 9.5000000000000018 22 23 18.500000000000004 6.5000000000000009 24 11.500000000000002 25 19.500000000000004 3.5000000000000004 26 27 28 3.5000000000000004 5.5000000000000009 29 4.5000000000000009 3.5000000000000004 30 2.5000000000000004 2.5000000000000004 31 11.500000000000002 32 7.5000000000000009 4.5000000000000009 33 1.5000000000000002 34
decision_type=9 9 9 9 9 9 9 9 9 2 9 9 2 9 2 9 2 9 2 2 2 9 2 2 9 9 9 2 9 9 2 9 9 2 9 9 2 2 9 2 9 2 2 9 9 9 2 2 9 2 2 9 2 2 9 2 9 2 2 9 2 9
left_child=1 6 3 -2 31 9 -1 60 -5 23 15 12 14 -14 41 -9 27 18 -13 -16 21 -11 55 24 -6 -25 -18 28 -7 -29 38 32 33 -4 36 37 42 -36 -31 52 -41 -12 43 -33 45 46 -44 -23 49 -30 51 -51 -34 -17 -55 56 -22 58 -58 -59 -3 -8
right_child=2 7 4 8 5 16 61 10 -10 20 11 17 13 -15 19 53 26 -19 -20 -21 22 47 -24 25 -26 -27 -28 29 48 30 -32 34 39 -35 35 -37 -38 -39 -40 40 -42 -43 44 -45 -46 -47 -48 -49 -50 50 -52 -53 -54 54 -56 -57 57 59 -60 -61 -62 -63
leaf_value=-0.021193407491807401 0.022373851059143069 0.031976945384597957 0.024231922907830009 0.00027050860308226455 0.013938288185283221 -0.00020655294448131413 -0.0239595204546037 0.012687502313387245 0.0084231393250157275 -0.020570106967679982 0.018344617625648374 0.023138809770051762 -0.013555934994167813 0.0016199548555003607 -0.009030085057154991 -0.021297868762689999 0.0021443915955353331 -0.011694685979319398 -0.0064212843412746971 0.0022662178242917053 -0.0073550059414763946 0.024692795836261092 -0.012836174373188181 -0.010380278629517459 -0.020543188603054086 -0.026072836618607861 -0.012864310386193423 0.0061443053601328403 0.011347458699336156 -0.026361845097306283 -0.00052902234660435197 -0.022528911025182886 -0.00022106150751988185 -0.002261478961104413 0.0020816622839319844 0.0022174438481941672 0.0110685979482827 -0.014746265316661634 -0.0071930751061817901 -0.00021725656687900943 0.037258166828341953 0.028289928925347721 0.007551887755776066 0.0059443203787304388 -0.00037186695930091496 0.0092978665393218096 0.014568566153481167 -0.0028855998853285604 -0.0028297005474992479 0.011240237252084574 0.0085745143390602695 -0.029299868755754722 0.0070477645093699028 0.0013758086240232004 -0.014562352773182175 0.013186105215557964 -0.0047718162971466032 -0.012693108537139531 0.013124260315447845 0.0017069583749698136 0.0047441755773631302 -0.011440772548461309
leaf_weight=556 588 56 751 1949 263 3376 272 106 4237 262 223 156 680 562 1381 532 456 2171 2314 2150 440 74 364 407 349 304 593 1725 2371 278 4100 136 1379 234 145 1818 654 428 525 104 136 79 69 252 1097 709 130 140 429 118 461 167 1582 212 429 105 240 174 425 502 728 1363
leaf_count=556 588 56 751 1949 263 3376 272 106 4237 262 223 156 680 562 1381 532 456 2171 2314 2150 440 74 364 407 349 304 593 1725 2371 278 4100 136 1379 234 145 1818 654 428 525 104 136 79 69 252 1097 709 130 140 429 118 461 167 1582 212 429 105 240 174 425 502 728 1363
internal_value=-6.12045e-05 -0.00503577 0.00192264 0.00669222 0.00077788 -0.000610998 -0.0146524 -0.00323607 0.00508393 -0.00486573 -0.00391186 -0.00314621 -0.000855457 -0.00668277 0.00103052 -0.00965865 0.000571565 -0.00564395 -0.0028629 -7.08015e-05 -0.00238445 -0.0102941 -0.000711111 -0.0100151 -0.00441176 -0.0148383 -0.00538608 0.00103321 0.0026004 -0.0006035 -0.00220843 0.00346689 0.0056244 0.0111055 0.00179883 -0.00106206 0.00403991 -0.00969125 -0.00990037 0.00390844 0.015 0.0139073 0.00223569 -0.00592784 0.00381546 0.00904139 0.0198565 0.00401786 0.0052306 0.00628398 0.000670241 -0.00789474 0.00302263 -0.0115385 -0.00725429 0.00132556 0.000421112 0.00277572 0.00744361 -0.00177515 0.00617128 -0.0109119
internal_weight=49016 13970 35046 6774 28272 18648 2191 11779 6186 4049 10995 9716 5075 1242 3833 1279 14599 4641 2470 3531 2726 476 2250 1323 612 711 1049 13550 6922 6628 4903 9624 4186 985 5438 2391 3047 573 803 3201 240 302 2393 388 2005 908 199 214 3546 3117 746 285 2961 1173 641 1886 1781 1341 665 676 784 1635
internal_count=49016 13970 35046 6774 28272 18648 2191 11779 6186 4049 10995 9716 5075 1242 3833 1279 14599 4641 2470 3531 2726 476 2250 1323 612 711 1049 13550 6922 6628 4903 9624 4186 985 5438 2391 3047 573 803 3201 240 302 2393 388 2005 908 199 214 3546 3117 746 285 2961 1173 641 1886 1781 1341 665 676 784 1635
cat_boundaries=0 2 4 7 9 11 13 14 17 19 21 23 24 26 28 30 32 34 36 38 40 42 44 46 48 50 52 54 56 57 59 61 63 65 67 68
cat_threshold=10755876 2656352 201326593 64 2684881574 344344672 2 0 16400 1079066698 156544 1275068481 4194312 516 2147487780 2415923200 2 1279787147 66177 262144 32768 545915138 135020549 10493188 262144 12713985 8393760 2099264 318767104 1052684 655504 1114117 369229825 4100 17301632 266257 50987025 69632 151519233 4096 75661376 675287040 0 147968 1114184 8576 134283265 32772 67141760 5 1074855936 8192 1048576 8192 1048576 8576 134217728 10715136 524289 2348810240 1048577 229376 536870912 2214592513 4120 17301504 1048576 1
is_linear=0
shrinkage=0.05


Tree=32
num_leaves=63
num_cat=37
split_feature=0 1 1 0 0 0 4 0 0 1 4 0 0 1 7 0 1 0 1 4 1 8 0 0 7 1 0 1 7 7 3 1 1 7 0 0 0 0 4 0 7 7 1 7 0 3 9 0 9 1 4 7 0 7 0 7 6 9 4 9 1 1
split_gain=176.885 89.6331 76.5027 55.4445 46.5609 39.8845 25.6517 29.0655 25.7131 31.4498 22.9884 30.6066 24.1083 22.6438 20.5663 19.4647 18.4773 33.2462 16.2843 15.9499 15.3681 15.1227 33.701 28.295 29.6681 23.3598 19.5703 15.1305 23.6788 20.1367 14.8653 14.6932 14.3686 14.1355 25.4624 22.065 14.0662 14.0211 16.1596 13.811 13.3443 12.5809 12.3512 11.8504 21.7893 11.9629 11.7635 11.2361 11.1488 11.0413 10.9613 12.3634 10.5471 11.744 10.4198 12.3853 11.8723 10.3791 10.2531 10.0902 10.2536 10.0091
threshold=0 1 2 3 4 5 66.500000000000014 6 7 8 124.50000000000001 9 10 11 6.5000000000000009 12 13 14 15 434.50000000000006 16 1.0000000180025095e-35 17 18 6.5000000000000009 19 20 21 7.5000000000000009 9.5000000000000018 2.5000000000000004 22 23 6.5000000000000009 24 25 26 27 333.50000000000006 28 11.500000000000002 1.5000000000000002 29 3.5000000000000004 30 2.5000000000000004 18.500000000000004 31 15.500000000000002 32 14.500000000000002 8.5000000000000018 33 4.5000000000000009 34 1.5000000000000002 1.0000000180025095e-35 18.500000000000004 11.500000000000002 10.500000000000002 35 36
decision_type=9 9 9 9 9 9 2 9 9 9 2 9 9 9 2 9 9 9 9 2 9 2 9 9 2 9 9 9 2 2 2 9 9 2 9 9 9 9 2 9 2 2 9 2 9 2 2 9 2 9 2 2 9 2 9 2 2 2 2 2 9 9
left_child=1 4 5 -4 -1 21 8 32 18 -10 12 16 -5 43 15 20 17 -12 -3 33 -11 22 -2 25 26 -23 -25 28 -26 -29 31 39 -8 34 -7 -35 -18 38 -6 -13 50 -39 54 44 46 -45 -14 -15 -38 -21 51 -37 -20 -54 56 -56 -9 -27 -47 -36 -61 -19
right_child=2 6 3 10 37 19 7 42 9 14 11 30 13 47 -16 -17 36 61 52 49 -22 23 -24 24 27 57 -28 29 -30 -31 -32 -33 -34 35 59 40 48 41 -40 -41 -42 -43 -44 45 -46 58 -48 -49 -50 -51 -52 -53 53 -55 55 -57 -58 -59 -60 60 -62 -63
leaf_value=-0.019903051456893903 -0.014830938806163775 0.001669209272790434 0.022807960806923291 0.0079538567559434455 -0.008026934321184542 0.014730152564212473 0.0081653886316319212 0.0018691140222186098 0.02082174298098698 0.016694563115720092 0.020340088619079467 -0.0092914286540465418 -0.018870262239821946 -0.0019470277778829816 -0.017931568705518919 -0.013954653987175693 0.003825422441442794 0.0047054027074191936 -0.012227312197613749 -0.0094402569873450314 -0.011792578076102501 0.02285253931319027 0.002652988324722905 -0.0035234468327820291 0.021505576445736585 0.0031430189139889375 0.03049117499955141 -0.008685011002162896 -0.00055968386506501935 0.0083998543337775906 -0.001722892417827171 0.0068908150356722488 -0.0016576686325218528 -0.0027476117062562588 -0.008915346185058742 0.0015325110366077865 0.0069872601086045545 -0.023939608691143466 0.01031811695787861 0.0076026995455207302 0.001533665911496468 -0.014644046825427987 -0.00090556141887828681 0.0018037493093098324 0.0048366685518828169 -0.034089595046070578 0.010888960880754528 0.015311487314057759 0.01247078760360223 0.021128312449555056 -0.0097463556633939751 -0.014503691602970371 -0.013379135361612234 0.00076549141404177459 0.01402463505327738 -0.012148052927184495 -0.0083814895522302032 0.036932559064362623 -0.0041216370624764026 -0.0082236472718536686 0.0019375409571350756 0.021860140085711501
leaf_weight=567 487 1524 539 3035 903 358 1975 741 157 380 484 404 552 139 2118 573 1277 682 495 109 200 211 1712 211 419 284 587 840 1209 166 1321 1711 1118 2351 600 36 1268 116 168 239 198 1075 3088 3313 408 43 95 505 943 216 1722 91 244 658 81 1316 272 60 745 448 971 258
leaf_count=567 487 1524 539 3035 903 358 1975 741 157 380 484 404 552 139 2118 573 1277 682 495 109 200 211 1712 211 419 284 587 840 1209 166 1321 1711 1118 2351 600 36 1268 116 168 239 198 1075 3088 3313 408 43 95 505 943 216 1722 91 244 658 81 1316 272 60 745 448 971 258
internal_value=-0.000110168 -0.00409191 0.00215472 0.0042819 -0.0122402 -0.000722022 -0.00254181 -0.000762426 -0.00495354 -0.00788249 0.00378614 0.0056306 0.00199774 0.00010327 -0.00894544 -0.00359931 0.00820805 0.0130404 -0.00148414 -0.00327707 0.00288136 0.0022111 -0.00111414 0.00405066 0.00232423 0.0144248 0.0107769 -0.00022779 0.00274725 -0.00501969 0.00215739 0.00454545 0.00310989 -0.00380074 -0.000694152 -0.00547976 0.00620354 -0.00893486 -0.0046716 -0.00191424 -0.00926106 -0.0126978 -0.00294118 -0.00100658 -0.0057346 0.000207267 -0.0113394 0.0088685 0.00862224 0.00753846 -0.0106274 -0.0248031 -0.00536603 -0.00208333 -0.00561983 -0.00842217 -0.00171065 0.0059322 -0.00532995 -0.00288319 -0.000599013 0.00736842
internal_weight=49016 17769 31247 17961 2829 13286 14940 8591 6349 3428 17422 8587 8835 5800 3271 1153 4912 1424 2921 7100 580 6186 2199 3987 3432 555 798 2634 1628 1006 3675 2354 3093 6775 2377 4398 3488 2262 1071 643 2047 1191 5498 5156 1055 4101 647 644 2211 325 1849 127 1397 902 2410 1397 1013 344 788 2019 1419 940
internal_count=49016 17769 31247 17961 2829 13286 14940 8591 6349 3428 17422 8587 8835 5800 3271 1153 4912 1424 2921 7100 580 6186 2199 3987 3432 555 798 2634 1628 1006 3675 2354 3093 6775 2377 4398 3488 2262 1071 643 2047 1191 5498 5156 1055 4101 647 644 2211 325 1849 127 1397 902 2410 1397 1013 344 788 2019 1419 940
cat_boundaries=0 2 4 6 8 9 11 13 15 17 19 21 24 26 28 30 33 36 38 40 41 43 45 47 50 52 54 56 58 60 62 64 66 67 69 71 72 74
cat_threshold=44310309 2721897 201326593 32832 1277460737 4239365 0 16384 516 1343307842 156560 41944065 2099296 2101793 589897 2148007940 268435456 1092190360 1052948 2152939586 393476 8585792 786496 2 33557508 2097152 537531008 16448 16 276 8388644 134742048 2 8421376 524288 2 1048576 24576 1048576 8192 134217728 81920 16 69238784 4097 537530368 940048384 8552450 604782593 2 557056 1048576 21102608 266240 16777232 272 33818880 2686985 2218803202 139264 622594 608714756 1359478784 1060880 8 4112 67108864 2097664 524352 4356 98312 201326593 524288 16384
is_linear=0
shrinkage=0.05


Tree=33
num_leaves=63
num_cat=12
split_feature=2 2 4 2 7 7 2 7 2 5 5 5 4 9 7 3 9 9 2 4 9 2 4 4 4 4 8 3 2 9 4 7 3 4 4 9 2 5 5 4 7 7 4 2 3 5 4 9 7 5 2 7 5 5 9 4 8 5 5 2 9 4
split_gain=132.636 92.779 53.343 46.4031 26.3611 27.1429 24.0932 23.1415 18.718 17.3063 17.1138 29.8327 16.2334 15.4183 18.9208 14.5418 13.4852 13.3498 12.9589 12.7217 12.3989 12.2257 12.0918 11.4045 11.2502 10.9462 10.5739 10.5456 10.3857 10.5257 10.3252 10.3237 9.98515 11.6383 9.80501 9.78198 9.2921 9.60426 9.57776 9.2824 10.2779 11.5924 9.27994 9.0536 9.01655 8.73433 8.48305 8.46938 17.5671 12.994 15.0533 12.5938 8.2177 11.213 13.6245 9.54042 8.05672 7.88264 7.83757 7.72631 7.64351 7.42167
threshold=0 1 132.50000000000003 2 7.5000000000000009 3.5000000000000004 3 11.500000000000002 4 1.0000000180025095e-35 2.5000000000000004 5.5000000000000009 37.500000000000007 17.500000000000004 1.5000000000000002 2.5000000000000004 17.500000000000004 8.5000000000000018 5 180.50000000000003 12.500000000000002 6 11.500000000000002 19.500000000000004 363.50000000000006 13.500000000000002 1.0000000180025095e-35 3.5000000000000004 7 20.500000000000004 108.50000000000001 1.5000000000000002 3.5000000000000004 112.50000000000001 88.500000000000014 5.5000000000000009 8 5.5000000000000009 1.5000000000000002 98.500000000000014 7.5000000000000009 5.5000000000000009 68.500000000000014 9 2.5000000000000004 5.5000000000000009 250.50000000000003 16.500000000000004 1.5000000000000002 4.5000000000000009 10 7.5000000000000009 5.5000000000000009 1.0000000180025095e-35 2.5000000000000004 128.50000000000003 1.0000000180025095e-35 2.5000000000000004 3.5000000000000004 11 10.500000000000002 168.50000000000003
decision_type=9 9 2 9 2 2 9 2 9 2 2 2 2 2 2 2 2 2 9 2 2 9 2 2 2 2 2 2 9 2 2 2 2 2 2 2 9 2 2 2 2 2 2 9 2 2 2 2 2 2 9 2 2 2 2 2 2 2 2 9 2 2
left_child=31 3 4 19 5 13 9 8 34 -4 17 28 -9 32 25 23 21 26 39 -2 -13 27 -17 -10 45 -15 -5 -11 -12 47 -22 42 33 36 -6 -7 -3 38 -38 40 41 -19 -1 -32 -37 -8 -31 49 -49 -30 -51 -50 53 54 -25 -55 -45 59 -53 -46 -23 -58
right_child=1 2 6 10 7 35 24 12 15 16 11 20 -14 14 -16 22 -18 18 -20 -21 30 60 -24 52 -26 -27 -28 -29 29 46 43 -33 -34 -35 -36 44 37 -39 -40 -41 -42 -43 -44 56 57 -47 -48 48 51 50 -52 58 -54 55 -56 -57 61 -59 -60 -61 -62 -63
leaf_value=0.030262678410850376 -0.029104238070846375 -0.011035219090118615 -0.0020779672926757643 -0.02918281064498951 0.0022978294299106751 0.018122576711857064 -0.00057109932306281808 -0.0043204969945281118 -0.008749915162841437 0.0042896075169202358 -0.0054345456892050505 -0.0026895253594299232 0.0085730084001689692 0.02577201079252487 -0.0049474120554504177 -0.025273265876868057 0.0090575160607767775 -0.016628388719720968 -0.015746523706677618 -0.022029843127585814 -0.023718770232311472 0.0027916623959624576 -0.0096341939322149295 0.037229971346335301 0.0046050474883157612 0.0089059419450500995 -0.017882585019716592 -0.0069699072416249397 0.0060024212749404289 0.018665892523488915 -0.022133569867854176 0.0078333278746249187 -0.020918560983578107 -0.016217047785515967 0.020416541523729317 0.0034122162956167048 -0.0089868502358788401 -0.020057813242968993 0.0045135457152131186 -0.0029324014771457962 -0.01745826093785607 0.0038331361331074123 0.010244612002280974 -0.017063670701333467 -0.017799385048785622 -0.011059212781689516 -0.0027021204728017059 -0.022721441785600885 0.0060316664023277516 0.0054818022779337229 -0.0074781015957962943 -0.022580396684728291 -0.011203756676108335 -0.0012183088327392345 -0.0099327186522593161 0.018510400963122155 0.015182232054996038 0.0032591794145282239 0.00013434260866469484 0.0010182884281376703 0.013311218869517761 -0.012270527697182574
leaf_weight=117 105 1102 1224 157 184 235 3664 692 1661 3667 497 277 987 101 666 114 2096 179 701 324 191 320 1572 39 1557 363 260 391 893 135 101 5451 186 194 69 5438 443 204 854 1455 332 102 398 59 328 498 53 40 165 159 633 183 677 3961 816 61 59 685 133 239 481 88
leaf_count=117 105 1102 1224 157 184 235 3664 692 1661 3667 497 277 987 101 666 114 2096 179 701 324 191 320 1572 39 1557 363 260 391 893 135 101 5451 186 194 69 5438 443 204 854 1455 332 102 398 59 328 498 53 40 165 159 633 183 677 3961 816 61 59 685 133 239 481 88
internal_value=-6.93651e-05 -0.00103809 9.78227e-06 -0.00617885 -0.00152942 0.000190252 0.002432 -0.00328164 -0.00427136 0.00417023 -0.00515885 -0.00283688 0.00211435 -0.00302699 0.0019469 -0.00465155 0.00514019 -0.00784683 -0.00659083 -0.0219818 -0.0115484 0.00369418 -0.00883749 -0.00367983 -6.10927e-05 0.00969828 -0.0161871 0.00255654 -0.000501557 0.000873544 -0.0162651 0.00691098 -0.00491116 -0.00416518 0.00893536 0.00210108 -0.00328467 -0.000694904 0.000886662 -0.00452358 -0.00970636 -0.00266904 0.0136893 -0.0105863 0.00174888 -0.00141759 0.012234 -9.06618e-05 -0.00566219 0.00163205 -0.0030303 -0.00301455 -0.00259273 -0.00187615 -0.00707602 -0.000770761 -0.0037037 -0.00207668 -0.00886076 -0.00643739 0.00930949 0.00238095
internal_weight=49016 43050 35769 7281 21871 11038 13898 10833 9154 8179 6852 3666 1679 4113 1130 8901 6955 3186 2769 429 775 4859 1686 7215 5719 464 417 4058 2891 2394 498 5966 2983 2797 253 6925 2603 1501 1297 2068 613 281 515 307 6690 4162 188 2206 521 1685 792 481 5554 4877 855 4022 206 1252 316 567 801 147
internal_count=49016 43050 35769 7281 21871 11038 13898 10833 9154 8179 6852 3666 1679 4113 1130 8901 6955 3186 2769 429 775 4859 1686 7215 5719 464 417 4058 2891 2394 498 5966 2983 2797 253 6925 2603 1501 1297 2068 613 281 515 307 6690 4162 188 2206 521 1685 792 481 5554 4877 855 4022 206 1252 316 567 801 147
cat_boundaries=0 6 12 18 24 30 35 41 46 51 56 61 67
cat_threshold=1074266132 2852324484 63979588 34603008 4 170240 129 84448065 561408 2154668040 2097274 16 0 525056 256 262152 0 16 2686452736 268713984 2952790016 576 1308622848 8 135168 0 0 0 0 128 0 83918849 528384 32768 104 536871936 268435456 268435456 576 134217728 8 129 83886081 4096 0 40 33558528 0 536870912 66 1275068416 0 0 0 2162688 10 0 0 0 65536 64 0 0 2684354560 576 0 128
is_linear=0
shrinkage=0.05


Tree=34
num_leaves=63
num_cat=19
split_feature=2 2 4 2 7 7 7 2 5 9 7 4 4 2 1 7 4 1 4 4 1 9 5 5 4 7 7 5 9 7 2 7 7 7 2 1 7 2 4 5 9 9 1 5 1 1 7 9 4 7 5 2 4 2 7 2 9 7 2 4 9 4
split_gain=121.681 83.3248 52.0263 47.9683 20.8306 27.0108 20.195 19.7718 16.6734 15.5989 17.5215 15.1808 13.69 13.3842 12.6443 12.6313 13.1903 11.7607 11.6991 11.6255 11.4441 14.8955 10.9564 21.0941 10.402 13.6855 18.6399 10.7455 10.2153 10.0548 9.25866 9.17864 9.72176 22.4212 17.9396 9.62248 11.1353 9.33705 9.05333 8.27564 15.564 10.4239 11.1923 9.3245 10.3289 8.17472 8.01604 7.71814 7.63254 8.30352 7.59031 8.0042 7.72329 7.50414 8.96738 7.45575 8.08237 10.135 7.33138 7.24687 7.11855 10.3742
threshold=0 1 132.50000000000003 2 7.5000000000000009 3.5000000000000004 11.500000000000002 3 1.0000000180025095e-35 17.500000000000004 1.5000000000000002 37.500000000000007 409.50000000000006 4 5 5.5000000000000009 514.00000000000011 6 13.500000000000002 19.500000000000004 7 10.500000000000002 2.5000000000000004 5.5000000000000009 232.50000000000003 7.5000000000000009 4.5000000000000009 1.0000000180025095e-35 12.500000000000002 4.5000000000000009 8 3.5000000000000004 7.5000000000000009 8.5000000000000018 9 10 2.5000000000000004 11 170.50000000000003 1.0000000180025095e-35 5.5000000000000009 20.500000000000004 12 5.5000000000000009 13 14 1.5000000000000002 14.500000000000002 80.500000000000014 5.5000000000000009 4.5000000000000009 15 208.50000000000003 16 11.500000000000002 17 10.500000000000002 11.500000000000002 18 60.500000000000007 19.500000000000004 354.50000000000006
decision_type=9 9 2 9 2 2 2 9 2 2 2 2 2 9 9 2 2 9 2 2 9 2 2 2 2 2 2 2 2 2 9 2 2 2 9 9 2 9 2 2 2 2 9 2 9 9 2 2 2 2 2 9 2 9 2 9 2 2 9 2 2 2
left_child=46 3 4 12 5 9 13 8 -4 14 18 -8 38 -6 -3 29 20 -18 -11 45 21 -17 24 30 25 26 27 -5 -25 60 -24 35 37 -34 -35 -9 -37 -33 -2 40 -21 43 -43 44 -41 -15 -1 -29 -30 -50 53 -52 -53 54 -48 56 57 -36 -26 -32 -10 -62
right_child=1 2 7 22 6 -7 11 31 15 10 -12 -13 -14 19 -16 16 17 -19 -20 39 -22 -23 23 28 58 -27 -28 47 48 -31 59 32 33 34 55 36 -38 -39 -40 41 -42 42 -44 -45 -46 -47 50 -49 49 -51 51 52 -54 -55 -56 -57 -58 -59 -60 -61 61 -63
leaf_value=0.013243902016932041 -0.026829599719166333 -0.017769106664861589 -0.0022518114333180518 0.0026255111534007839 0.0064629040307274902 0.0022555260649864683 -0.0041561506349002018 -0.0093375849217023025 0.0059848956197601335 0.024483410252898619 -0.0040885526515681003 0.0081443579801605114 0.013090798293005296 -0.013287858822701327 -0.0062028230788893531 -0.01310335262224418 -0.0039763423007644905 0.01963585242136098 0.0078625766969064211 0.02756164837745825 0.0023894407631907867 0.034634750655932758 -0.0046384689688560082 -0.0025550490914584278 -0.014981011225965951 -0.016449448176649405 0.00048233074571353286 -0.026407992786411073 -0.026624193032134764 0.017541167870934914 -0.0087928136286174359 0.010054254003933111 -0.013581445198920017 -0.0097988612973768097 -0.02259441758930332 0.0094956677560692152 -0.0077552489094603553 -0.00073019886449756657 -0.022089893971138794 0.0092270959603375068 -0.010359942214995433 -0.0051098782115310999 0.0078316537600732049 -0.012466136694879483 -0.0037650722966278251 -0.0071697210598997141 0.0043092196349288625 -0.0024240822408848062 -0.015603603231611973 -0.012102670074383176 -0.0053424591074958455 0.0020379227001328993 0.01264235387538677 0.009079461306908421 0.022773522182382266 0.0018859340694847848 0.0177250681690331 0.016548346790291435 -0.0022237333080737721 0.001128429304549894 0.012593968866459094 -0.0033979362507064793
leaf_weight=506 88 227 1267 80 323 7034 695 832 1294 101 680 1011 31 476 2837 33 101 302 367 52 4469 93 522 235 234 987 499 167 98 574 163 1084 470 344 58 400 203 607 404 307 1046 196 368 733 4370 1403 1548 54 73 272 226 601 231 2681 135 1377 199 34 907 1943 313 51
leaf_count=506 88 227 1267 80 323 7034 695 832 1294 101 680 1011 31 476 2837 33 101 302 367 52 4469 93 522 235 234 987 499 167 98 574 163 1084 470 344 58 400 203 607 404 307 1046 196 368 733 4370 1403 1548 54 73 272 226 601 231 2681 135 1377 199 34 907 1943 313 51
internal_value=-9.18068e-05 -0.00101629 -6.7417e-05 -0.00611054 -0.00157473 -6.22444e-05 -0.00312386 0.00230769 0.00382626 -0.00322887 0.00174216 0.00187573 -0.0205441 -0.00404356 -0.00509138 0.00475795 0.00336134 0.0120347 0.00918803 -0.00440241 0.00260065 0.0169118 -0.00486867 -0.00290381 -0.00710383 -0.00948517 -0.004625 -0.0144518 -0.010767 0.0078853 -0.00087519 0 0.0011862 -0.000805802 0.00149105 -0.00344948 0.00138662 0.00410999 -0.0229675 -0.00347851 -0.00746812 -0.00274523 0.0037234 -0.00341959 -0.00259782 -0.00790314 0.00661839 -0.0201357 -0.015237 -0.0117391 0.00606787 0.00226843 0.00451306 0.006989 0.00428234 0.00363528 0.0107973 -0.00108696 -0.00337423 0.000614367 0.00591074 0.0120879
internal_weight=49016 43088 36331 6757 22226 11246 10980 14105 8497 4212 1148 1706 523 9274 3064 7230 4998 403 468 8951 4595 126 6234 3306 2928 1787 800 301 678 2232 2628 5608 4173 2482 2012 1435 603 1691 492 7072 1098 5974 564 5410 4677 1879 5928 221 443 345 5422 1058 832 4364 1683 1668 291 92 1141 2106 1658 364
internal_count=49016 43088 36331 6757 22226 11246 10980 14105 8497 4212 1148 1706 523 9274 3064 7230 4998 403 468 8951 4595 126 6234 3306 2928 1787 800 301 678 2232 2628 5608 4173 2482 2012 1435 603 1691 492 7072 1098 5974 564 5410 4677 1879 5928 221 443 345 5422 1058 832 4364 1683 1668 291 92 1141 2106 1658 364
cat_boundaries=0 6 12 18 24 30 32 34 36 41 45 47 53 55 56 58 63 69 74 79
cat_threshold=3221751828 2852324484 63979520 34603008 1441796 170240 129 84452161 626944 2150473736 2097210 16 128 525120 256 786440 0 16 538969088 268713984 2952790080 577 1308622848 8 4096 0 0 0 64 128 67174464 64 8388608 67239936 512 537133056 1 83886081 69632 0 40 33554440 16 2 4194306 67108993 545275968 50331658 0 518 201326594 0 128 2490368 4194304 655616 163840 4456448 0 128 4194304 0 4 2147485712 2147483652 17825792 34603008 0 166144 135168 0 0 268436480 192 0 32768 0 2105344 2097152
is_linear=0
shrinkage=0.05


Tree=35
num_leaves=63
num_cat=40
split_feature=0 1 0 1 0 7 0 1 0 0 0 8 0 1 7 0 8 7 0 0 1 7 1 0 7 7 1 0 7 1 0 1 7 1 3 0 1 4 1 4 0 0 1 0 4 9 1 4 7 1 0 6 7 0 4 4 0 1 0 4 0 1
split_gain=164.419 69.4532 58.1087 55.5364 72.0602 27.5426 37.9124 25.8142 30.4087 28.4159 24.5115 21.0706 31.4085 30.155 25.1628 17.9379 17.7146 35.2414 32.1877 23.5753 21.2759 16.5255 34.5534 15.9758 18.1158 32.5287 18.0654 16.558 27.6899 15.6246 15.4126 21.0843 14.52 23.9447 14.1657 14.0828 14.042 13.8447 13.4254 13.2758 11.6919 11.6571 11.2482 11.0227 11.5959 10.7668 12.838 12.2466 10.7549 10.6631 14.2515 10.6517 10.4477 22.3362 10.3775 10.2185 9.89464 9.74353 10.0942 10.5408 10.0858 9.71049
threshold=0 1 2 3 4 1.5000000000000002 5 6 7 8 9 1.0000000180025095e-35 10 11 6.5000000000000009 12 1.0000000180025095e-35 5.5000000000000009 13 14 15 8.5000000000000018 16 17 7.5000000000000009 11.500000000000002 18 19 5.5000000000000009 20 21 22 6.5000000000000009 23 3.5000000000000004 24 25 64.500000000000014 26 266.50000000000006 27 28 29 30 276.50000000000006 11.500000000000002 31 214.50000000000003 8.5000000000000018 32 33 1.0000000180025095e-35 1.5000000000000002 34 25.500000000000004 49.500000000000007 35 36 37 50.500000000000007 38 39
decision_type=9 9 9 9 9 2 9 9 9 9 9 2 9 9 2 9 2 2 9 9 9 2 9 9 2 2 9 9 2 9 9 9 2 9 2 9 9 2 9 2 9 9 9 9 2 2 9 2 2 9 9 2 2 9 2 2 9 9 9 2 9 9
left_child=1 2 52 4 -2 6 -3 8 21 55 34 15 13 -13 43 -10 19 18 -18 -12 41 -5 54 32 27 26 -26 28 61 -4 31 -31 57 56 42 48 -8 49 -21 -36 -11 -19 -7 -14 -45 -40 47 -47 -28 50 51 -22 -1 -54 -23 -9 -34 58 59 -6 -59 -25
right_child=3 5 29 7 23 10 36 9 11 40 16 12 14 -15 -16 -17 17 20 -20 38 37 22 -24 24 25 -27 35 -29 -30 30 -32 -33 33 -35 39 -37 -38 -39 45 -41 -42 -43 -44 44 -46 46 -48 -49 -50 -51 -52 -53 53 -55 -56 -57 -58 60 -60 -61 -62 -63
leaf_value=-0.022083932626577638 0.020204232383920585 -0.0076162768966160478 0.011493106364776141 -0.0012227580041882181 -0.013165380285844276 -0.0083761377530476144 0.026446555956641228 -0.0035484570520904813 -0.0099406627624130939 0.022096417658392032 -0.01040743671966734 0.017247005569143936 0.0023251864583819226 0.0057226218284682773 -0.00056576882497394454 0.0020198428935230164 0.025541234888942357 0.023990266771212323 -0.0012071383229613098 0.0075043909803831528 0.0092562283856871489 -0.010523938438791403 -0.015512003390556993 -0.0012664988834848901 0.0073415866334968884 0.023850059644680746 -0.0047612548941239124 -0.0016087802448675915 0.02739917531095162 0.00016501037770503269 -0.013356566034755241 -0.019239396783881965 0.028050359257308834 0.0023360022403373648 -0.023057912354318713 0.0002659786348641724 0.010088833035646561 1.6917973009067389e-05 -0.011240395861539437 0.014957932132687058 0.005516341855901153 0.0026682863603882225 0.00013660925299711636 0.017527680438562877 0.043771424580025864 -0.026786643513686276 0.0029146649675599991 -0.0003568248806557373 -0.016913399745259471 -0.004435320576442775 -0.017941571443558114 -0.011705329957289635 -0.0027774572772615749 -0.019431162686557854 0.0011983181651368914 0.0021388181430247902 0.0098596596895836452 0.023698800052065417 0.0098091453840402978 0.00049295722207496338 0.0068711567791620246 0.022941325160631233
leaf_weight=93 554 474 175 2400 114 3766 249 2217 642 357 1879 321 234 373 2344 1311 519 216 379 768 86 164 744 268 147 198 109 459 203 987 1284 160 475 361 222 178 433 2725 676 36 7615 242 878 347 80 98 1008 115 298 1094 582 41 176 759 808 4243 172 113 345 383 202 117
leaf_count=93 554 474 175 2400 114 3766 249 2217 642 357 1879 321 234 373 2344 1311 519 216 379 768 86 164 744 268 147 198 109 459 203 987 1284 160 475 361 222 178 433 2725 676 36 7615 242 878 347 80 98 1008 115 298 1094 582 41 176 759 808 4243 172 113 345 383 202 117
internal_value=-7.75257e-05 -0.00354694 -0.00979693 0.00233861 0.00730982 -0.00216416 0.00527682 0.00137133 -0.000613622 0.00271431 -0.00272668 0.00176616 0.00398756 0.0134943 0.00174129 -0.00243216 -0.00135083 0.000458872 0.00957684 -0.00369718 -0.00118331 -0.00387785 -0.00763403 0.00500963 0.00173629 -0.00333333 -0.00819672 0.00625597 0.0117057 -0.00577217 -0.00682098 -0.0025497 0.00797701 0.0124008 -0.00563925 -0.0120168 0.0127168 -0.00222565 -0.000654206 -0.0170543 0.0047106 0.00897436 -0.00501723 0.0103631 0.0149886 -0.00291033 -0.00012285 -0.0109865 -0.0171463 -0.00562951 -0.0103616 0.00474453 -0.0198459 -0.0184492 -0.00132383 0.000247295 0.0180365 0.00419188 0.00129108 -0.00325444 0.0115385 0.00402597
internal_weight=49016 20120 3634 28896 4696 16486 1156 24200 9768 14432 15330 5652 3699 694 3005 1953 10428 5884 898 4544 4986 4116 1716 4142 1977 930 732 1047 588 2606 2431 1147 2165 1008 4902 585 682 4528 2665 258 7972 458 4644 661 427 1897 1221 213 407 1803 709 127 1028 935 972 6460 647 1157 842 497 315 385
internal_count=49016 20120 3634 28896 4696 16486 1156 24200 9768 14432 15330 5652 3699 694 3005 1953 10428 5884 898 4544 4986 4116 1716 4142 1977 930 732 1047 588 2606 2431 1147 2165 1008 4902 585 682 4528 2665 258 7972 458 4644 661 427 1897 1221 213 407 1803 709 127 1028 935 972 6460 647 1157 842 497 315 385
cat_boundaries=0 2 4 5 8 10 12 14 16 18 20 22 23 25 27 29 31 33 35 37 39 41 43 45 48 50 53 55 57 59 61 63 65 66 68 69 71 74 75 76 78
cat_threshold=2191925029 2721897 201326593 4227144 5636 537397766 75644960 2 0 16400 269057 98400 1277493537 40961 151552016 1331204 486539472 8336 10748420 557056 1048640 8192 134217728 340787200 8192 2147622144 2056 7200 40 1074003972 201719809 69271808 32768 286343248 401668 4 67239936 201359362 1052672 0 64 33949984 98304 201326592 4194304 537395200 16384 2 130 1053184 524288 537542656 2 196608 814481409 0 16384 2181040129 2121 547651584 604651521 4276224 131088 262148 16384 2654272 33 9 1024 16777232 139524 536870912 67125248 2 286261264 286261248 524292 147456
is_linear=0
shrinkage=0.05


Tree=36
num_leaves=63
num_cat=36
split_feature=0 2 2 0 2 0 0 2 2 0 2 2 7 0 4 0 2 0 2 8 0 2 4 0 0 0 0 2 2 0 0 7 7 4 4 3 8 0 9 0 4 2 4 4 0 7 0 7 2 7 4 9 4 5 9 7 5 2 0 2 4 7
split_gain=152.968 88.9111 72.2299 70.5978 32.499 31.9106 28.3959 48.0122 25.3894 25.308 23.5466 22.2839 21.3681 34.2936 21.3699 24.6202 23.8878 21.7336 24.9417 21.095 20.6382 19.5475 16.924 16.8093 16.6711 15.3477 14.708 14.6768 13.9007 13.7863 13.7308 21.4017 25.6844 13.3802 12.7571 13.2735 13.2054 18.0075 12.5323 12.0638 11.4576 11.2947 13.0011 11.2219 11.1318 11.1137 17.193 10.9767 10.9022 10.8364 10.658 10.2661 10.3095 9.93244 9.68934 9.55901 9.40064 9.2641 9.18533 19.7861 15.7781 11.7175
threshold=0 1 2 3 4 5 6 7 8 9 10 11 1.5000000000000002 12 58.500000000000007 13 14 15 16 1.0000000180025095e-35 17 18 134.50000000000003 19 20 21 22 23 24 25 26 7.5000000000000009 11.500000000000002 321.50000000000006 547.50000000000011 3.5000000000000004 1.0000000180025095e-35 27 5.5000000000000009 28 242.50000000000003 29 363.50000000000006 122.50000000000001 30 1.5000000000000002 31 4.5000000000000009 32 5.5000000000000009 55.500000000000007 7.5000000000000009 186.50000000000003 5.5000000000000009 16.500000000000004 8.5000000000000018 2.5000000000000004 33 34 35 246.50000000000003 4.5000000000000009
decision_type=9 9 9 9 9 9 9 9 9 9 9 9 2 9 2 9 9 9 9 2 9 9 2 9 9 9 9 9 9 9 9 2 2 2 2 2 2 9 2 9 2 9 2 2 9 2 9 2 9 2 2 2 2 2 2 2 2 9 9 9 2 2
left_child=1 5 3 10 9 45 7 19 33 -4 -2 20 13 27 15 28 -17 21 34 -6 -8 -16 26 48 55 -20 -13 -3 -14 -9 31 58 57 -7 35 36 37 -19 -11 -37 -40 42 54 -28 -42 -1 -47 -48 51 -38 -31 -24 -53 -15 -25 -21 -57 -33 61 60 -60 -5
right_child=2 12 4 30 6 8 11 29 -10 38 -12 22 14 53 17 16 -18 18 25 24 -22 -23 23 41 -26 -27 43 -29 -30 50 -32 32 -34 -35 -36 39 49 -39 40 -41 44 -43 -44 -45 -46 46 47 -49 -50 -51 -52 52 -54 -55 -56 56 -58 -59 59 -61 -62 -63
leaf_value=-0.021106050158456763 0.022383984338383733 0.022032577397286125 0.0056750639324581577 0.012355389120188654 -0.0021078399834333129 -0.0086902778478855306 -0.023524168195522246 -0.0071514900012388033 -0.020166497303640618 0.018126543234890203 0.014125609077913959 -0.011099290144130509 -0.017910120210414642 -0.0037303761592179575 0.003156146418840189 -0.010379593661977599 0.00060075329518572979 -0.0090572383029729527 -0.012221433036505292 0.0055789423083993928 -0.007015884661037689 -0.009024487802391807 0.04330407571711388 -0.0043727848201168098 0.0014183701401727089 -0.00012337426569151156 -0.0023451815439237801 0.016079986595981168 -0.00081741950261609024 0.011595679150857498 0.0071440061919107569 0.0068698784076626444 0.017676311249253143 0.0072335897023430469 0.026870208177531385 -0.026600732367509528 0.022679715504392784 0.0089090694780891207 -0.00052952380611047682 0.0016405824980287643 -0.003618239080569974 -0.0086704793660990383 0.01641219092239643 -0.013913362389170614 0.010869955560659162 -0.005204701159980985 -0.0049669850390851094 -0.018304481653739893 0.0017109733803350681 0.0069540194556146134 -0.00062973857314507775 -0.0016137556943822242 0.020235701856899914 -0.031226908853733262 0.0058284659770623803 0.023817033868749494 0.027376307577951665 -0.011490245845059456 -0.013481789980415538 0.031557284950271346 0.020660382499702624 -0.015231609011815606
leaf_weight=73 257 111 6997 184 137 807 112 609 460 338 561 786 1506 390 489 1006 1862 538 725 194 490 2064 41 890 110 875 3908 377 348 240 2781 109 170 191 137 113 205 622 7970 141 449 937 230 238 1232 169 56 490 1103 1517 513 107 299 59 386 74 127 512 113 241 94 146
leaf_count=73 257 111 6997 184 137 807 112 609 460 338 561 786 1506 390 489 1006 1862 538 725 194 490 2064 41 890 110 875 3908 377 348 240 2781 109 170 191 137 113 205 622 7970 141 449 937 230 238 1232 169 56 490 1103 1517 513 107 299 59 386 74 127 512 113 241 94 146
internal_value=-7.54856e-05 -0.0042142 0.00180887 0.00724218 0.000822028 -0.0133865 -0.00122606 0.0041708 -0.00885559 0.00221229 0.0206522 -0.00236448 -0.00263078 0.00464248 -0.00319394 -0.0058238 -0.00288395 -0.00152168 0.000440303 0.0153374 -0.0116013 -0.00524776 -0.00172916 0.000688705 0.020297 -0.00465839 -0.00369019 0.0136546 -0.0103004 -0.00116618 0.0046789 0.000918303 -0.00486726 -0.00426587 0.00293938 0.00229592 0.00326162 -0.000862069 0.00059506 -0.00866142 0.000264221 -0.00189564 0.000791557 -0.00247834 0.00401547 -0.0215539 -0.0199301 -0.0241007 0.00474359 0.00603949 0.00334207 0.0112691 0.0091133 -0.00533769 -0.00117555 0.0248148 0.0330846 -0.00958132 0.00681234 0.0113537 -0.000230415 0.000294118
internal_weight=49016 15331 33685 5168 28517 2246 11531 2004 1458 16986 818 9527 13085 937 12148 4722 2868 7426 4873 642 602 2553 8925 3993 505 1600 4932 488 1854 1362 4350 1569 791 998 3273 3136 2882 1160 9989 254 9651 2443 1506 4146 1681 788 715 546 1550 1722 753 447 406 449 1276 395 201 621 778 448 207 330
internal_count=49016 15331 33685 5168 28517 2246 11531 2004 1458 16986 818 9527 13085 937 12148 4722 2868 7426 4873 642 602 2553 8925 3993 505 1600 4932 488 1854 1362 4350 1569 791 998 3273 3136 2882 1160 9989 254 9651 2443 1506 4146 1681 788 715 546 1550 1722 753 447 406 449 1276 395 201 621 778 448 207 330
cat_boundaries=0 2 8 14 16 22 23 25 30 36 38 39 45 47 49 54 56 62 64 69 71 73 75 77 83 88 90 92 94 96 101 103 104 109 115 117 123
cat_threshold=10755876 2721889 16777345 17343042 524544 2465800 2097226 24 1093142532 2684503174 47185924 2282749952 68222980 133384 16 16400 536871944 17080321 2969567818 369099266 168034384 160 1540 5259328 139648 33554432 0 590080 98304 1073741824 16777217 0 524544 32768 74 8 1074872330 1200900 524288 128 524304 69888 328704 0 16 8389668 2623553 8650756 2099200 0 0 805306368 66 1140850688 2359840 622592 524290 268566656 2969567232 335544896 201326724 131104 131072 16400 1644302336 4210688 2148532746 1 1107296256 1342275712 1064988 1048640 8192 8392708 32 1107296256 1048588 0 0 4194312 2 0 131072 0 0 2415919104 577 134217728 1048640 8192 201474186 1057280 7168 32 8388868 2097216 0 0 67633152 32833 1073741992 339738624 262152 1024 1 4194304 0 65 1073741824 4 128 0 134217728 0 8 134234248 512 4 0 4194304 0 67108868 8
is_linear=0
shrinkage=0.05


Tree=37
num_leaves=63
num_cat=38
split_feature=0 2 2 0 0 2 2 0 2 0 0 4 2 2 0 2 7 7 0 7 4 7 9 0 7 3 0 7 0 7 0 0 7 9 2 0 7 4 1 4 0 0 0 9 2 2 1 1 0 4 2 4 9 7 0 0 7 4 1 0 7 0
split_gain=141.289 83.935 67.288 57.2537 34.9665 28.7777 28.7772 25.7896 25.2946 27.6556 24.9466 21.2209 20.4186 20.3985 23.6477 19.6976 19.2981 19.0005 18.7068 19.6198 15.7311 18.5264 21.6017 18.2607 17.3129 15.4583 25.8177 14.6826 18.2493 15.6274 45.7104 21.2652 19.4227 14.6695 13.3571 29.4256 34.8067 12.9841 12.9315 12.787 18.7217 12.3444 12.3116 12.2357 11.8363 11.1727 11.0401 10.8888 10.8595 10.8302 10.351 10.5858 10.3249 10.1817 23.3554 14.6147 17.7986 10.1936 10.1796 10.1449 9.9603 17.351
threshold=0 1 2 3 4 5 6 7 8 9 10 360.50000000000006 11 12 13 14 7.5000000000000009 1.5000000000000002 15 1.5000000000000002 24.500000000000004 1.5000000000000002 19.500000000000004 16 6.5000000000000009 3.5000000000000004 17 11.500000000000002 18 7.5000000000000009 19 20 5.5000000000000009 5.5000000000000009 21 22 5.5000000000000009 282.50000000000006 23 132.50000000000003 24 25 26 18.500000000000004 27 28 29 30 31 192.50000000000003 32 236.50000000000003 9.5000000000000018 3.5000000000000004 33 34 6.5000000000000009 12.500000000000002 35 36 2.5000000000000004 37
decision_type=9 9 9 9 9 9 9 9 9 9 9 2 9 9 9 9 2 2 9 2 2 2 2 9 2 2 9 2 9 2 9 9 2 2 9 9 2 2 9 2 9 9 9 2 9 9 9 9 9 2 9 2 2 2 9 9 2 2 9 9 2 9
left_child=1 4 3 6 58 10 -2 12 9 -3 16 13 -7 14 -9 18 -4 -11 19 -6 21 22 -10 -23 -25 41 -27 29 -29 31 38 32 -5 -12 35 36 -14 -28 -31 53 -41 46 -36 -19 52 -13 -22 -42 -46 -21 -20 -52 -43 54 -35 56 -55 -58 -1 -47 61 -49
right_child=2 8 5 27 15 7 -8 11 20 17 33 45 34 -15 -16 -17 -18 43 50 49 25 23 -24 24 -26 26 37 28 -30 30 -32 -33 -34 39 42 -37 -38 -39 -40 40 47 44 -44 -45 48 59 -48 60 -50 -51 51 -53 -54 55 -56 -57 57 -59 -60 -61 -62 -63
leaf_value=-0.018808846405833385 0.020536037277921262 -0.0020292121260594986 0.013691009277718847 0.0071983739695102526 -0.019827390299744958 -0.014505544925314907 0.013424985104807453 -0.012429064189418616 -0.0031073666532810186 0.030554984118107999 0.016093441444420663 0.023081560513509604 -0.0068379883702994089 -0.0015846973305493008 -0.0031332061516721856 -0.01947644441213997 0.0030192413607341706 0.012084764526310876 -0.0090225330482936912 -0.021985686392062689 -0.010317908438705238 -0.0042719727749491341 0.020910778315629819 -0.0048279378655462285 -0.019155809283694383 0.0035630541624287696 -0.022707908652413934 0.036883761211149356 0.0062230096917925033 -0.010782800600043453 0.012802000083116827 0.0025005260232196292 0.023242554569388719 -0.014342009540054247 -0.0073052252959610988 0.00084480057558757873 0.017061199504476456 0.0088674033046768023 0.0004462794432605666 0.011547809649877717 -0.0096369060111964229 -0.0054485430254587741 0.0060552299164079232 -0.010114491113154433 0.0052414924075692374 0.020455407580921459 -0.0016440923255109264 0.042237750751564086 -0.0062638206261154796 -0.0036345599383156516 -0.0010334254885597473 0.014690825940308589 0.0024278187741128667 0.007783164700318479 0.0080462300894944116 0.0014112912958547221 -0.016079447141932057 -0.010260610976895547 -0.0073353704514488695 -0.0047539118692653927 0.00071775759744951984 0.0045710848972049583
leaf_weight=418 273 944 2307 610 86 226 692 791 165 101 440 219 95 4556 1529 411 2125 595 341 365 1463 1006 50 350 721 231 392 111 257 522 651 1392 352 897 512 526 368 69 237 1063 403 1148 1347 170 367 113 1313 103 1533 289 469 122 3676 234 479 4680 98 587 131 247 2824 224
leaf_count=418 273 944 2307 610 86 226 692 791 165 101 440 219 95 4556 1529 411 2125 595 341 365 1463 1006 50 350 721 231 392 111 257 522 651 1392 352 897 512 526 368 69 237 1063 403 1148 1347 170 367 113 1313 103 1533 289 469 122 3676 234 479 4680 98 587 131 247 2824 224
internal_value=-3.67227e-05 -0.0037317 0.00191277 0.00717642 -0.0119228 0.000916565 0.0181026 -0.0011244 -0.00221616 0.0032967 0.00222168 -0.00271266 0.00272374 -0.0034904 -0.00729614 -0.00886288 0.00542548 0.0097032 -0.00636147 -0.0122667 -0.00301745 -0.00676265 0.0072093 -0.00820896 -0.0127197 -0.00217818 -0.00939306 0.00458716 0.0141304 0.00366631 -0.000496454 0.00615973 0.0118313 0.00103803 0.00388383 0.00855856 0.0176533 -0.0160297 -0.00877763 0.000698758 0.00273987 -0.00165263 0.00136437 0.00712418 -0.00049005 0.00647668 -0.00445083 0.000982043 -0.00382199 -0.00948012 -0.00159236 0.00241265 0.000827472 -0.00065233 -0.00450581 0.000294695 -0.00543595 -0.00956204 -0.0231664 0.000810811 0.00197722 0.0102446
internal_weight=49016 16926 32090 5097 2632 26993 965 10529 14294 1810 16464 7455 3074 6876 2320 2083 4432 866 1672 740 12484 2292 215 2077 1071 10192 692 4132 368 3764 1410 2354 962 12032 2848 989 463 461 759 11592 4617 9500 1859 765 6724 579 2776 3554 1900 654 932 591 4824 6975 1376 5599 919 685 549 360 3151 327
internal_count=49016 16926 32090 5097 2632 26993 965 10529 14294 1810 16464 7455 3074 6876 2320 2083 4432 866 1672 740 12484 2292 215 2077 1071 10192 692 4132 368 3764 1410 2354 962 12032 2848 989 463 461 759 11592 4617 9500 1859 765 6724 579 2776 3554 1900 654 932 591 4824 6975 1376 5599 919 685 549 360 3151 327
cat_boundaries=0 2 8 14 16 17 23 24 26 32 34 36 42 48 50 56 58 60 62 64 66 68 73 75 78 80 82 84 90 95 97 99 101 107 109 111 112 114 115
cat_threshold=44310309 2721889 4225 17343042 525056 2465800 2097258 17 1613236228 2701149314 47186438 2148532224 34668628 133384 80 16400 516 50336776 135169 2969567304 167772674 201326592 160 524288 1074872392 139664 1030 273040528 54525956 33554432 67108996 164128 269056 2686977 1114114 148228 0 67665920 0 2367488 2097184 16 131072 4718608 528640 69567488 128 16 2147483648 20996 4097 8192 525056 106496 74 1 8393729 2081 2104065 589857 7200 33 402653192 1052672 201457802 1053184 68403202 1191944 0 4194304 524288 67207169 128 1048640 8192 536870912 20480 2 1073774720 1060864 2359300 557088 1048640 8192 1073741824 0 269484032 470811201 167772160 136 131072 0 524288 32833 1073741824 69730304 541720577 67108928 134348801 8388608 2162752 4096 8192 524288 8192 10 1 1359609872 12312 67141760 1048704 134217729 268435458 16908 67108872
is_linear=0
shrinkage=0.05


Tree=38
num_leaves=63
num_cat=38
split_feature=0 2 2 0 0 2 2 0 0 4 2 2 0 1 0 7 4 0 7 0 2 1 7 4 0 7 0 7 0 0 7 1 0 2 2 0 7 7 0 0 1 1 7 0 2 5 0 7 1 1 7 0 4 4 0 7 5 5 4 4 4 7
split_gain=135.343 77.5061 67.0361 63.5874 34.9776 28.1799 28.1482 34.8092 26.8574 22.7975 22.7689 21.2009 22.8954 19.9615 17.7867 17.7627 17.4406 18.4559 17.0198 16.8956 22.238 19.1914 18.3647 17.2913 15.5537 15.3169 16.175 16.0813 40.3795 18.0956 24.8389 15.8861 15.2871 16.6496 15.0003 14.5193 14.1457 12.2125 20.7452 16.2609 20.9968 13.2592 12.8527 12.644 12.1931 16.596 13.1145 12.0997 14.013 11.9104 11.8138 16.1923 11.7707 11.3864 11.358 14.9534 12.3173 12.245 11.093 10.9668 10.6384 11.4268
threshold=0 1 2 3 4 5 6 7 8 134.50000000000003 9 10 11 12 13 3.5000000000000004 66.500000000000014 14 1.5000000000000002 15 16 17 2.5000000000000004 354.50000000000006 18 11.500000000000002 19 7.5000000000000009 20 21 5.5000000000000009 22 23 24 25 26 11.500000000000002 6.5000000000000009 27 28 29 30 4.5000000000000009 31 32 1.5000000000000002 33 7.5000000000000009 34 35 6.5000000000000009 36 20.500000000000004 307.50000000000006 37 11.500000000000002 4.5000000000000009 3.5000000000000004 27.500000000000004 84.500000000000014 256.50000000000006 6.5000000000000009
decision_type=9 9 9 9 9 9 9 9 9 2 9 9 9 9 9 2 2 9 2 9 9 9 2 2 9 2 9 2 9 9 2 9 9 9 9 9 2 2 9 9 9 9 2 9 9 2 9 2 9 9 2 9 2 2 9 2 2 2 2 2 2 2
left_child=1 4 3 5 10 -2 7 -4 15 13 -1 12 -3 14 -10 52 17 -13 -14 20 -11 -21 23 35 -24 27 -27 29 31 30 -5 -29 33 -18 -6 -23 -22 38 41 40 -39 -19 -40 -44 45 46 60 -17 -49 -31 -46 -52 -8 -50 55 -15 -56 -57 -41 -20 61 -26
right_child=2 11 6 25 34 -7 8 -9 9 19 -12 16 18 54 -16 47 32 37 59 21 36 22 24 -25 44 26 -28 28 -30 49 -32 -33 -34 -35 -36 -37 -38 39 42 58 -42 -43 43 -45 50 -47 -48 48 53 -51 51 -53 -54 -55 56 57 -58 -59 -60 -61 -62 -63
leaf_value=-0.018985827731072102 0.02063762729562385 -0.0021298552124685123 -0.014629540126027947 0.0063970420829316151 -0.012624994261656778 0.013149698461453398 0.019595390718634944 0.00089586666938257795 0.0002310024126587873 0.0047819021561336106 -0.001684705387872898 0.0021496741387411976 0.029127840364886606 0.0025624396775714379 -0.0057915219971305387 0.01858758108160008 0.0096468372809115251 -0.003105315507939166 -0.0017019823464915263 0.00013497612635137159 -0.0074418138414015234 0.0055095591983515442 0.014071788970242428 -0.012630157397174791 -0.0061668874592895277 0.026069277092188359 0.0053368976759659683 -0.010187248976185238 0.012323937173672084 -0.00024637946977518199 0.022648196218927732 0.0023806678894933821 -0.0039597153719890532 -0.00086767893213928751 -0.017926676435050626 0.039903028518671918 0.012656961226641929 0.0039185431706874278 -0.013652499812242869 -0.017984253460009238 -0.012042118577142125 0.017851841218194674 0.011790449280606248 -0.013866735381864854 0.027510453167227888 0.0055448528515420707 0.0035778656598033144 0.009182990235838507 -0.0052568201558717224 0.01952327539154345 -0.0072958971567555382 0.013339500444735797 -0.0063627766813944223 0.023321681853088829 0.00088252500403925298 0.0078237139470657916 -0.0082253987922043196 0.018147807741581701 -0.0104963841889542 0.013610848864545845 -0.019295139090894378 0.00055992428759727992
leaf_weight=215 266 839 545 687 462 590 67 729 2450 1758 1019 818 87 3650 2838 825 754 463 247 1961 1277 127 740 55 132 139 199 513 576 1026 366 215 4438 1986 1078 231 159 647 625 719 519 276 172 218 239 1565 283 753 493 186 158 343 441 83 3566 150 1240 138 922 422 126 205
leaf_count=215 266 839 545 687 462 590 67 729 2450 1758 1019 818 87 3650 2838 825 754 463 247 1961 1277 127 740 55 132 139 199 513 576 1026 366 215 4438 1986 1078 231 159 647 625 719 519 276 172 218 239 1565 283 753 493 186 158 343 441 83 3566 150 1240 138 922 422 126 205
internal_value=-3.26424e-05 -0.00364903 0.00187539 0.00734339 -0.0112787 0.0196305 0.000919999 -0.00630841 0.00127575 0.000732875 -0.00490354 -0.00214659 0.00327103 -0.000541619 -0.00296338 0.00602545 -0.00283679 -0.00499163 0.00953003 0.00264451 -0.00031211 0.00417004 0.00607499 0.0161017 0.00499868 0.00460812 0.0147929 0.00365649 -0.000766871 0.00620309 0.0109595 -0.00853659 -0.00122597 0.00170909 -0.0163226 0.0201117 -0.0049101 -0.00622402 -0.00296465 -0.00828286 -0.00365646 0.00340454 -0.00756098 -0.000512821 0.00338125 0.0015726 -0.00455764 0.00803157 0.00507901 0.00196399 0.00893333 0.00469062 -0.0023622 -0.000853242 0.000925291 0.00291287 -0.00070598 0.0138889 -0.0114779 0.00695067 -0.00961945 -0.00519288
internal_weight=49016 16926 32090 4763 2774 856 27327 1274 26053 23391 1234 14152 1595 14032 5288 2662 12557 5379 756 9359 3194 6165 4204 413 3791 3907 338 3569 1304 2265 1053 728 7178 2740 1540 358 1436 4561 1754 2807 1166 739 1015 390 3051 2311 746 2154 1329 1212 740 501 508 576 8744 3938 4806 288 1641 669 463 337
internal_count=49016 16926 32090 4763 2774 856 27327 1274 26053 23391 1234 14152 1595 14032 5288 2662 12557 5379 756 9359 3194 6165 4204 413 3791 3907 338 3569 1304 2265 1053 728 7178 2740 1540 358 1436 4561 1754 2807 1166 739 1015 390 3051 2311 746 2154 1329 1212 740 501 508 576 8744 3938 4806 288 1641 669 463 337
cat_boundaries=0 2 8 14 16 18 19 25 27 29 35 41 43 45 47 49 51 57 59 61 63 65 67 70 72 77 83 85 87 89 91 93 95 101 103 105 108 110 112
cat_threshold=44310309 2721889 16781441 84451906 525056 2465800 2097258 17 1613236228 2701149314 47186498 2148532224 34668564 133384 16 147472 35916064 2687008 524288 131072 72090128 67113216 2434048 0 16 3305242816 151824 1048640 16768 128 16785410 0 270336 2097184 17 1030 268846224 20971524 33554432 67108868 164128 269056 2686977 203554817 2151940100 272842754 401936 1 589825 2286043154 401416 33555457 32768 805830668 32769 1275068512 128 202113089 536891392 1073774592 1052672 419430408 1052672 202588290 1053184 68386882 1061128 536870912 16384 2 41944320 2099296 0 0 2415984640 0 167772288 16781312 33282 524288 8192 2097194 16 16842752 4100 33557540 2097216 2102048 2080 8388608 524288 10878976 4194304 266240 32768 16777218 0 268435464 134218240 134217792 128 67108872 528 142966784 655424 0 67256320 2 524296 516 2286632970 397316
is_linear=0
shrinkage=0.05


Tree=39
num_leaves=63
num_cat=42
split_feature=0 2 2 0 0 2 2 2 0 0 2 0 7 8 0 2 0 7 7 2 0 5 5 0 9 0 0 2 2 2 2 2 1 1 2 0 0 2 7 0 7 2 0 7 7 0 5 7 5 7 5 1 7 0 7 0 7 0 0 5 1 0
split_gain=121.128 77.5686 64.2774 69.7103 36.1357 28.2611 26.883 24.8257 28.5876 22.6396 22.498 21.5572 22.6417 18.468 37.2408 27.2775 21.704 20.868 17.3946 17.2355 17.2184 16.3055 17.6761 16.3821 16.2291 18.1092 15.7848 17.7619 15.0619 14.5328 14.2135 14.0169 13.8905 13.2905 13.1967 19.9642 18.5639 13.1946 13.0169 14.4471 12.9453 20.3458 14.2893 15.6706 14.151 14.7828 12.4747 11.7771 13.1959 11.6255 11.3551 10.9618 10.9436 15.6714 10.9393 25.4544 15.7476 30.3492 25.3544 10.9304 15.4144 10.5005
threshold=0 1 2 3 4 5 6 7 8 9 10 11 1.5000000000000002 1.0000000180025095e-35 12 13 14 5.5000000000000009 11.500000000000002 15 16 1.5000000000000002 5.5000000000000009 17 17.500000000000004 18 19 20 21 22 23 24 25 26 27 28 29 30 1.5000000000000002 31 7.5000000000000009 32 33 3.5000000000000004 6.5000000000000009 34 2.5000000000000004 7.5000000000000009 4.5000000000000009 4.5000000000000009 2.5000000000000004 35 1.5000000000000002 36 3.5000000000000004 37 7.5000000000000009 38 39 5.5000000000000009 40 41
decision_type=9 9 9 9 9 9 9 9 9 9 9 9 2 2 9 9 9 2 2 9 9 2 2 9 2 9 9 9 9 9 9 9 9 9 9 9 9 9 2 9 2 9 9 2 2 9 2 2 2 2 2 9 2 9 2 9 2 9 9 2 9 9
left_child=1 4 3 6 28 -6 -2 8 -4 40 11 -3 -13 14 37 -16 19 20 38 -15 -18 29 24 -24 26 -26 27 -23 -1 -12 -28 -27 -19 -25 35 49 -36 -11 39 -17 41 44 43 -43 -9 -46 -22 -21 -49 -5 -29 -20 -30 -54 55 -37 58 -58 -56 60 -55 -42
right_child=2 10 7 34 5 -7 -8 9 -10 13 21 12 -14 16 15 18 17 32 51 47 46 22 23 33 25 31 30 50 52 -31 -32 -33 -34 -35 36 54 -38 -39 -40 -41 61 42 -44 -45 45 -47 -48 48 -50 -51 -52 -53 53 59 56 -57 57 -59 -60 -61 -62 -63
leaf_value=-0.0026775904248125038 0.018594622575098751 -0.0019163499815767595 0.0017211446726043689 0.0089858115096604473 -0.0014721033772864267 -0.015301335571219356 0.013371909300104658 0.0039816442229744457 -0.01389806311972655 -0.011264848206946865 -0.0122459403427429 0.035499142851636557 0.0088338115402362364 -0.0088510714557433982 -0.0064958593952774814 0.042590217562781946 0.00046335769432219735 0.0088380345481553994 0.0050887454110012838 0.0096232553275680047 0.012185373733942928 0.0047288103255158642 -0.012247400876678294 0.011915550299289292 -0.0074928420439454805 -0.0033205273647252845 -0.0053768976107045896 -0.0170574351148732 -0.018099887232190137 -0.0051384997869521783 0.0013590870566757231 0.0087043113873017108 -0.0018225043735627944 -0.010711721443865219 -0.0020575198348353751 -0.010614254596885109 0.019503962987381575 -0.0030316022123963561 0.00066861169120195911 0.0022995301133281964 -0.0012743060994607092 0.005405187153938229 0.0076980787001066364 0.023926446850142516 -0.013639365787535607 0.0014218860360458497 0.02238311635927951 0.0041297983936711023 -0.006899717182053961 -0.014134193113145411 -0.0060774936753930755 0.017399722800846673 -0.0033701413790993787 -0.0001635890856677258 0.018286649795512866 0.006106881697184075 0.021730063637161193 -0.0040870385871705885 0.0011972372910769248 -0.020046078176183799 -0.019919557327780807 0.0065792235558913559
leaf_weight=139 296 704 363 135 1054 637 852 362 479 1591 1565 98 613 253 966 138 553 270 142 1627 223 207 1025 378 386 270 633 426 82 2500 3519 1175 5801 228 231 278 479 1707 1813 267 2191 413 2295 731 160 115 208 1349 396 279 1195 328 157 108 430 425 422 613 384 124 516 1712
leaf_count=139 296 704 363 135 1054 637 852 362 479 1591 1565 98 613 253 966 138 553 270 142 1627 223 207 1025 378 386 270 633 426 82 2500 3519 1175 5801 228 231 278 479 1707 1813 267 2191 413 2295 731 160 115 208 1349 396 279 1195 328 157 108 430 425 422 613 384 124 516 1712
internal_value=-1.63212e-05 -0.00331568 0.0018554 0.00715763 -0.0109126 -0.00620223 0.0178756 0.000886143 -0.00751174 0.00116506 -0.00187517 0.00410526 0.0101942 0.00016438 -0.0018412 0.00163755 0.00147004 -0.00014862 0.00422535 0.00460798 0.00660569 -0.00250425 -0.00136624 -0.00610055 -0.000377673 0.00374113 -0.0016388 -0.0054951 -0.0178697 -0.00515375 7.20807e-05 0.00628866 -0.00124362 0.000487013 0.00377103 0.00228495 0.00986111 -0.00568319 0.00238954 0.0104938 0.00337339 0.00534838 0.00685706 0.0114385 -0.00285935 -0.0114545 0.0139456 0.00555884 0.00272206 -0.00778302 -0.00726548 0.0129787 -0.0201103 -0.0187293 0.00394223 -0.00135135 0.0059762 0.00188406 0.0111794 -0.0216359 -0.0192308 0.0013195
internal_weight=49016 17739 31277 4824 2817 1691 1148 26453 842 25611 14922 1415 711 17632 6952 3654 10680 7055 2688 3625 984 13507 9442 1631 7811 1831 5980 1828 1126 4065 4152 1445 6071 606 3676 2966 710 3298 2218 405 7979 4076 3439 1144 637 275 431 3372 1745 414 1621 470 987 905 2552 703 1849 1035 814 748 624 3903
internal_count=49016 17739 31277 4824 2817 1691 1148 26453 842 25611 14922 1415 711 17632 6952 3654 10680 7055 2688 3625 984 13507 9442 1631 7811 1831 5980 1828 1126 4065 4152 1445 6071 606 3676 2966 710 3298 2218 405 7979 4076 3439 1144 637 275 431 3372 1745 414 1621 470 987 905 2552 703 1849 1035 814 748 624 3903
cat_boundaries=0 2 8 14 16 18 23 24 30 32 34 40 42 44 49 51 56 58 60 62 64 70 75 81 87 93 95 97 103 105 107 112 113 118 120 122 124 125 127 129 131 133 135
cat_threshold=2191793957 2721889 4225 84451907 525056 3514376 2097256 17 1630011396 2701149314 63963648 2182086658 34668564 133384 65616 147472 8390149 65 4097 67633152 525056 1146880 64 524288 1 67895312 69888 4523008 0 16 269549584 1188360 1074872386 148352 1030 410640 54525952 104858624 67108864 163840 269060 2162689 273154064 1056792 33554440 0 2684354560 69238848 42 273154048 1056792 0 0 537395210 270532608 69206016 150994968 4096 8657444 559136 35651872 524352 2360836 32768 33554432 0 2147483648 0 1107296384 288 0 0 0 8192 2097192 33554432 0 536870922 134218242 1107296386 136 1090519040 272629760 805306368 2 0 256 33554432 0 0 64 1073741824 8 536936450 268697604 10551296 403177472 17301504 1024 20972032 33554434 34603008 131080 1073741952 1049088 67158026 12288 33554432 8192 2 136315393 1207959592 67109000 131072 0 524288 40961 192 0 17152 65536 16896 10747904 268435456 1024 84541440 4100 285736968 260 84017154 12296 64 65 65538 131584
is_linear=0
shrinkage=0.05


Tree=40
num_leaves=63
num_cat=41
split_feature=0 2 2 0 0 2 2 0 2 7 0 4 0 1 4 0 0 0 2 2 0 2 2 7 2 0 2 1 9 1 0 8 9 0 0 2 3 0 0 7 0 7 0 8 0 7 4 9 0 0 7 0 2 9 9 2 7 4 2 9 3 0
split_gain=110.898 74.3635 57.3187 70.7176 32.4171 26.127 23.1317 27.8454 22.7857 22.2194 33.4227 19.6956 24.9608 20.5362 19.3863 27.6896 19.4696 19.1146 27.0382 22.0624 18.5525 15.9888 15.4684 15.225 21.1931 18.1729 14.4369 14.4357 13.7848 13.3712 16.6273 23.0815 12.6284 12.347 11.7621 11.5447 11.7366 10.9832 10.8978 10.8634 17.9849 13.1561 21.3092 10.687 21.6523 10.4727 10.3724 10.892 10.09 9.82513 15.6902 17.7256 16.9236 13.8883 13.0973 11.7776 12.839 11.1669 15.918 10.6181 9.62446 15.946
threshold=0 1 2 3 4 5 6 7 8 1.5000000000000002 9 66.500000000000014 10 11 134.50000000000003 12 13 14 15 16 17 18 19 1.5000000000000002 20 21 22 23 17.500000000000004 24 25 1.0000000180025095e-35 5.5000000000000009 26 27 28 3.5000000000000004 29 30 11.500000000000002 31 9.5000000000000018 32 1.0000000180025095e-35 33 2.5000000000000004 453.50000000000006 7.5000000000000009 34 35 2.5000000000000004 36 37 5.5000000000000009 14.500000000000002 38 11.500000000000002 246.50000000000003 39 19.500000000000004 2.5000000000000004 40
decision_type=9 9 9 9 9 9 9 9 9 2 9 2 9 9 2 9 9 9 9 9 9 9 9 2 9 9 9 9 2 9 9 2 2 9 9 9 2 9 9 2 9 2 9 2 9 2 2 2 9 9 2 9 9 2 2 9 2 2 9 2 2 9
left_child=1 4 3 8 23 -6 7 -4 -2 10 22 12 13 -11 15 -8 21 19 33 -13 -15 -16 -3 -1 -25 -26 37 28 -14 30 31 -18 34 -19 -28 -20 43 45 -12 41 -41 -5 -43 44 -37 -17 47 -27 -30 53 51 59 -52 -31 -55 -56 57 58 -57 -51 -34 -62
right_child=2 9 6 39 5 -7 14 -9 -10 11 38 17 27 20 16 26 29 18 35 -21 -22 -23 -24 24 25 46 32 -29 48 49 -32 -33 60 -35 -36 36 -38 -39 -40 40 -42 42 -44 -45 -46 -47 -48 -49 -50 50 52 -53 -54 54 55 56 -58 -59 -60 -61 61 -63
leaf_value=-0.017330142394734443 0.017664891446343811 0.024536901165940917 -0.018173288133849139 0.0044624972574632384 -0.0026565750275704351 -0.016812776271433096 0.0051349277962413177 -0.0015764361943577444 0.013085489354894798 0.00256160478399613 -0.022178103233282388 0.0056329221827600869 -0.013729046258598054 0.011314074925706442 -0.00095796024321588298 -0.015490422680802241 -0.0047859710785693958 -6.2211089517361098e-05 0.0097064209676957953 -0.0070645512260679895 -0.0086311290728022239 0.013579411202270165 0.016288307152966898 -0.0023484821297915931 -0.00077944161787432415 -0.022934658546696018 0.033255901843824508 -0.00050867962407111222 0.003779173756516574 0.025818043464247299 -0.0048919185826119321 0.022612181841760639 0.0006439354187626257 -0.016064917864180663 0.0014642375706487077 0.011184996570284024 -0.013789189948701508 -0.0056181959027683361 2.311288319696292e-05 0.024219962153974595 0.0012721488213544242 0.021571544536942256 -0.0090861766229929485 0.0066157421944321622 -0.0058853394175570339 0.0015482873500032191 -0.0024120972985258258 -0.018954918722850055 -0.013747671446144289 0.027233813123191321 0.0012254132549388232 -0.0037677195380185213 0.013200823506402804 -0.0040274067595385881 -0.0034685983822467683 -0.015445941346582705 0.018912221467699386 0.022869013956144869 0.013816858636340069 0.038955322947106422 0.0057490015386415967 -0.0098936597850011031
leaf_weight=84 296 123 304 2609 1162 430 3035 831 799 1383 121 440 1906 169 413 144 331 360 767 2284 978 1480 432 258 114 57 120 694 259 69 1670 338 6406 498 195 588 215 2612 427 138 173 217 410 2013 1003 1176 50 528 396 184 2636 151 876 1157 404 110 88 193 188 67 481 976
leaf_count=84 296 123 304 2609 1162 430 3035 831 799 1383 121 440 1906 169 413 144 331 360 767 2284 978 1480 432 258 114 57 120 694 259 69 1670 338 6406 498 195 588 215 2612 427 138 173 217 410 2013 1003 1176 50 528 396 184 2636 151 876 1157 404 110 88 193 188 67 481 976
internal_value=-1.22409e-05 -0.00316919 0.00177869 0.00690026 -0.0108244 -0.00617978 0.000883843 -0.00606987 0.0179638 -0.00179875 0.00503173 -0.00234 -0.00457217 -0.000826772 0.00119561 5.61241e-05 0.00286335 -0.00075906 0.000953429 -0.00416971 -0.00574762 0.00743563 0.0135398 -0.0174841 -0.0159384 -0.0200922 -0.00101485 -0.00745789 -0.00919876 0.00182956 -0.00138357 0.00522828 0.000183195 -0.00714286 0.01 0.00248042 0.001345 -0.00350076 -0.00376344 0.00344391 0.0123794 0.0025958 -0.0039075 0.00202553 -0.00103708 0.000225564 -0.0234884 -0.0257265 -0.0029771 0.00305723 0.00456167 0.0139303 0.00350228 0.000383055 -0.000327103 0.00391658 0.00840407 0.00539715 -0.000671141 0.0216475 -0.000209844 -0.00387783
internal_weight=49016 17739 31277 4642 2683 1592 26635 1135 1095 15056 1103 13953 5785 2530 25500 15145 10355 8168 5444 2724 1147 1893 555 1091 1007 749 12110 3255 2561 8462 2339 669 8178 858 315 4586 3819 3932 548 3547 311 3236 627 3604 1591 1320 635 585 655 6123 3914 402 3512 2209 2140 983 579 491 298 251 7863 1457
internal_count=49016 17739 31277 4642 2683 1592 26635 1135 1095 15056 1103 13953 5785 2530 25500 15145 10355 8168 5444 2724 1147 1893 555 1091 1007 749 12110 3255 2561 8462 2339 669 8178 858 315 4586 3819 3932 548 3547 311 3236 627 3604 1591 1320 635 585 655 6123 3914 402 3512 2209 2140 983 579 491 298 251 7863 1457
cat_boundaries=0 2 8 14 16 18 24 30 32 33 35 37 40 42 44 46 51 56 58 64 70 75 76 82 84 86 88 90 92 98 100 101 103 105 107 109 111 113 119 124 128 130
cat_threshold=2191793957 2721889 4225 17343043 525056 2465800 2097256 17 1076363268 2684372098 47186432 2182086658 34668564 133384 65616 147472 8390149 65 4097 524288 525056 98304 72 16 1 67895312 4352 6620160 2 16 151126080 20496 524288 2189427748 2623489 2149583649 589889 2155937824 134742016 2 5242946 409984 1074823296 1064964 2359840 622593 587333632 71303168 10 1048577 1107296262 50462720 4210688 2164260874 1 33554432 1 1 16778248 0 269025280 67108865 67109032 32 0 0 4194312 2 0 131072 0 0 0 8192 2097256 1024 0 0 8 32832 1073741888 32768 10584064 135004192 67109313 671273025 268959810 139776 2181040384 2097216 268500992 4124 1024 268828800 268435456 67108864 67108864 131072 335691776 8704 264448 419430408 1052672 16809994 12 2147483908 2099264 5120 34848 139067458 401672 67174408 528 16777216 0 537460746 33280 134217728 128 16777216 0 2147483648 65 134217728 0 0 8 512 1074331784 4104
is_linear=0
shrinkage=0.05


Tree=41
num_leaves=63
num_cat=22
split_feature=2 2 2 9 9 7 7 2 5 5 7 7 2 2 2 9 5 5 5 7 2 8 2 5 2 7 1 2 2 7 3 1 5 5 9 5 5 1 7 9 9 9 9 1 7 7 7 2 9 3 7 5 1 5 7 1 7 2 9 9 2 1
split_gain=87.6634 59.8736 37.7169 24.0592 27.605 19.2399 33.8732 15.3225 14.8398 29.3953 13.7441 17.5616 12.5892 12.0413 11.5506 10.7838 10.3899 10.0809 10.4852 13.1311 9.85528 12.9232 9.62768 9.86566 9.17373 8.58937 14.6722 8.49644 8.18087 8.15874 13.1193 11.8941 8.12628 7.46701 7.09263 7.00501 9.27087 6.80122 6.76694 8.97231 6.75166 6.496 6.49256 9.04332 7.38914 8.24908 6.22511 6.13796 10.4889 6.12794 7.77645 6.02833 7.25872 5.92513 8.54388 6.6297 9.12269 5.89928 5.83699 5.82447 8.96733 5.74754
threshold=0 1 2 17.500000000000004 5.5000000000000009 7.5000000000000009 3.5000000000000004 3 2.5000000000000004 5.5000000000000009 11.500000000000002 10.500000000000002 4 5 6 10.500000000000002 1.5000000000000002 4.5000000000000009 2.5000000000000004 1.5000000000000002 7 1.0000000180025095e-35 8 1.5000000000000002 9 7.5000000000000009 10 11 12 8.5000000000000018 2.5000000000000004 13 4.5000000000000009 1.0000000180025095e-35 8.5000000000000018 5.5000000000000009 2.5000000000000004 14 11.500000000000002 17.500000000000004 21.500000000000004 6.5000000000000009 19.500000000000004 15 11.500000000000002 1.5000000000000002 6.5000000000000009 16 15.500000000000002 3.5000000000000004 1.5000000000000002 5.5000000000000009 17 1.5000000000000002 4.5000000000000009 18 8.5000000000000018 19 7.5000000000000009 16.500000000000004 20 21
decision_type=9 9 9 2 2 2 2 9 2 2 2 2 9 9 9 2 2 2 2 2 9 2 9 2 9 2 9 9 9 2 2 9 2 2 2 2 2 9 2 2 2 2 2 9 2 2 2 9 2 2 2 2 9 2 2 9 2 9 2 2 9 9
left_child=57 58 8 4 51 6 14 -8 20 13 11 12 -7 -10 -6 46 -13 18 59 -20 34 28 -5 42 32 26 -23 -18 -22 30 37 33 49 -31 -3 36 47 -14 40 -40 -15 -29 -24 44 45 -44 -11 48 -12 50 -25 52 -4 55 -55 -36 -57 -1 -2 60 -16 -38
right_child=1 2 3 22 5 10 7 -9 9 15 35 16 29 38 17 -17 27 -19 19 -21 21 25 23 24 -26 -27 -28 41 -30 31 -32 -33 -34 -35 53 -37 61 -39 39 -41 -42 -43 43 -45 -46 -47 -48 -49 -50 -51 -52 -53 -54 54 -56 56 -58 -59 -60 -61 -62 -63
leaf_value=0.023279940501775932 -0.023525776489219233 -0.02056372111208514 0.014267262529095093 0.015988556491483785 -0.0080565486882728573 -0.0058592707154295105 0.011873301382556734 0.0020483100578850832 -0.0072326546930411243 0.020227118509510911 -0.019751775069912061 -0.018881581897510293 0.0010067062888144962 0.00026600431663706961 0.015637763740525123 -0.011063636679517897 0.0071750830857047476 -0.010403799747591515 0.025433107543192602 0.00044514595980851281 -0.00047419971845165669 0.0014076770711870801 -0.0046252300992625454 0.022941876480611568 -0.0031967072859900303 -0.01000103644492541 -0.015779273364034476 -0.0091864749129559331 -0.017458779974173205 -0.0094921685513181808 -0.011150834299604874 -1.1064941697624953e-05 0.0017150270096824905 0.013466737105478001 -0.0097137514591329258 -0.007022228878072934 -0.0032360425037633368 -0.012315787423277925 0.0098879714183747643 -0.01289353820105732 0.014021902850186053 -0.0055590745016342764 0.017334391693186357 0.0077689560357076309 0.025517081706657521 -0.0047673729681404877 -0.0052211790519511971 0.0034074966657302308 0.037996998070270738 -0.0028717156458321182 0.0056384934149006144 -0.0038358811537533236 0.0066411233587157286 -0.013488501392124208 0.013388723342345095 -0.0021450241362771516 0.018668593493863107 0.0054525384232706926 -0.017594841157390732 0.010011915347848788 -0.0064546406144593282 0.010621135867967191
leaf_weight=115 55 139 363 102 1858 2745 605 6875 302 83 181 664 893 2917 105 775 134 632 282 565 112 692 1232 233 577 1174 103 38 640 43 405 3083 1853 234 437 279 198 146 168 33 115 1673 49 825 52 520 115 522 58 237 2943 142 658 109 240 143 82 6273 346 143 1023 678
leaf_count=115 55 139 363 102 1858 2745 605 6875 302 83 181 664 893 2917 105 775 134 632 282 565 112 692 1232 233 577 1174 103 38 640 43 405 3083 1853 234 437 279 198 146 168 33 115 1673 49 825 52 520 115 522 58 237 2943 142 658 109 240 143 82 6273 346 143 1023 678
internal_value=-1.83614e-05 -0.000837281 -0.000652272 9.15589e-05 -0.00068781 -0.00105145 0.000355725 0.00243316 -0.00365359 -0.00170807 -0.00247202 -0.00321137 -0.00200689 0.000410184 -0.00301649 -0.00940391 -0.00683539 -0.000942029 0.000708215 0.00501771 -0.0059287 -0.00756133 0.00237156 0.00217442 0.00332877 -0.00545962 -0.00144654 -0.00490515 -0.0131649 -0.000457 -0.00360111 0.000892857 0.00398029 0.0106272 -0.00198276 0.00140919 0.0026573 -0.000625602 0.00131051 0.010199 0.000725594 -0.00583963 -0.000336072 0.00193638 -0.0026149 -0.0043058 0.0010101 -0.00137976 -0.00783133 0.0054351 0.00601385 0.00683577 0.00817826 -0.000544016 0.00472779 -0.00332326 0.00361702 0.0054392 -0.0198297 -0.00216365 -0.00336879 0.00616438
internal_weight=49016 42628 42227 33848 25225 24062 12088 7480 8379 4508 11974 10058 7549 3535 4608 973 2509 2750 2118 847 3871 2721 8623 8521 5843 1969 795 1845 752 4804 1444 3360 5266 277 1150 1916 1637 1039 3233 201 3032 1711 2678 1446 621 569 198 761 239 3413 3176 1163 1021 1011 349 662 225 6388 401 1271 1128 876
internal_count=49016 42628 42227 33848 25225 24062 12088 7480 8379 4508 11974 10058 7549 3535 4608 973 2509 2750 2118 847 3871 2721 8623 8521 5843 1969 795 1845 752 4804 1444 3360 5266 277 1150 1916 1637 1039 3233 201 3032 1711 2678 1446 621 569 198 761 239 3413 3176 1163 1021 1011 349 662 225 6388 401 1271 1128 876
cat_boundaries=0 6 12 18 23 27 30 36 41 45 51 53 59 65 67 69 71 77 78 80 86 92 94
cat_threshold=1074267140 2852603014 30425152 33554432 1310724 170248 128 525120 0 786440 0 16 135169 83931137 67735808 2149688320 1075904634 1 33554442 268435456 536871424 2 67108864 587202568 0 268435462 272629826 131073 83886081 69888 33554448 4194304 805306880 67108930 128 128 135168 83886080 69632 1024 104 0 0 4 268435458 0 268435456 2415919104 4194881 134217728 128 134217729 4194304 0 0 8 0 0 128 0 32768 524544 0 2 1 65536 268566529 10878976 786432 98304 537395200 33554432 0 536870912 513 0 128 8552448 67108929 8388608 0 2181170176 16384 0 0 4096 0 0 2 134217728 100663296 32 294912 268566528
is_linear=0
shrinkage=0.05


Tree=42
num_leaves=63
num_cat=40
split_feature=0 2 2 0 0 2 2 4 2 0 5 2 1 0 0 0 2 0 9 4 0 4 2 0 0 2 4 0 2 2 4 1 2 4 0 5 9 0 2 2 1 0 0 1 9 0 4 4 0 5 1 4 4 9 4 9 5 5 0 5 2 0
split_gain=104.299 61.8492 54.7936 62.0908 31.8363 24.0588 23.6523 20.6435 20.1188 19.287 19.3447 21.1153 19.2446 18.1152 17.8385 17.0866 25.2034 16.4019 17.0717 14.5054 13.3245 14.892 12.8905 16.3007 16.0634 15.4677 12.6536 14.3009 21.9069 15.725 16.716 12.4341 12.3477 12.2739 12.2599 12.3014 11.8077 11.5367 15.2965 14.9798 11.1222 11.0281 10.6407 10.4377 10.6968 10.4025 10.5528 10.334 9.90179 10.5361 9.84739 14.0027 10.6564 9.47406 9.2422 8.97831 8.88354 8.77516 10.3128 8.73399 9.39885 8.57859
threshold=0 1 2 3 4 5 6 66.500000000000014 7 8 1.5000000000000002 9 10 11 12 13 14 15 16.500000000000004 226.50000000000003 16 15.500000000000002 17 18 19 20 24.500000000000004 21 22 23 318.50000000000006 24 25 67.500000000000014 26 3.5000000000000004 8.5000000000000018 27 28 29 30 31 32 33 13.500000000000002 34 7.5000000000000009 180.50000000000003 35 5.5000000000000009 36 250.50000000000003 180.50000000000003 2.5000000000000004 9.5000000000000018 15.500000000000002 1.5000000000000002 2.5000000000000004 37 5.5000000000000009 38 39
decision_type=9 9 9 9 9 9 9 2 9 9 2 9 9 9 9 9 9 9 2 2 9 2 9 9 9 9 2 9 9 9 2 9 9 2 9 2 2 9 9 9 9 9 9 9 2 9 2 2 9 2 9 2 2 2 2 2 2 2 9 2 9 9
left_child=1 4 3 6 19 47 -2 12 -6 32 11 -11 13 -3 33 16 -9 -14 43 36 21 -20 23 25 55 -5 45 28 53 30 41 48 34 42 -7 -36 -1 38 -34 -39 -37 -29 -13 44 -19 -12 -47 -4 49 -17 51 -35 -52 -28 -40 -24 -45 -32 -59 60 -38 -10
right_child=2 7 5 22 8 9 -8 15 61 10 26 14 17 -15 -16 31 -18 18 20 -21 -22 -23 24 -25 -26 -27 27 29 -30 -31 57 -33 37 50 35 40 59 39 54 -41 -42 -43 -44 56 -46 46 -48 -49 -50 -51 52 -53 -54 -55 -56 -57 -58 58 -60 -61 -62 -63
leaf_value=-0.019707657624372956 0.01650901995286308 -0.0039791276216702811 -0.02218855923136296 -0.015862683018702535 0.00012247152259840522 0.015089943836102793 0.011503227851349074 0.011641463005263454 0.0011461770075596566 -0.014371822515716871 0.0012010251622197599 -0.007723076192513334 0.0029293848296259141 -0.014921817226587364 0.0014731311181923725 0.0050267059072135137 -0.0011775946028159678 -0.0090399209700640967 0.016994963995628238 -0.0088782394492179974 -0.0056345757171388016 0.003271263992611251 0.024221104663594131 0.0040189764141702949 0.0031579126922486878 0.0010234733155575215 0.0050374728807629282 0.010880459796164378 -0.0050806293836189514 -0.00067462285460501148 0.019817633838224435 -0.0062380446206953379 0.017844441365411502 -0.00093851005176577302 0.00058085417223880948 0.011883391154146362 -0.0008375043697126717 -0.0084287227333094857 0.030966661973465249 0.0016518756539517345 -0.0012059375819792662 0.00030778140787757202 -0.020862987599286589 -0.017549335044220248 -0.014619232309561482 0.014605700198136458 -0.0079854915018872652 -0.0091540083418709447 -0.0039935650722713323 -0.013242683012176105 -0.0032424975453192008 -0.013797462896805814 0.0090760913973502392 0.0061076316985445248 0.0024810613427900365 0.030332633527879585 0.0062292048525890657 0.017007964915163522 -0.00044814508693296067 -0.017290761266806908 -0.018975308736732439 -0.013729014971673659
leaf_weight=120 296 1022 60 134 818 974 826 1134 117 614 689 551 920 1105 2898 1478 1719 1001 138 444 494 369 135 2894 334 179 61 516 488 5629 128 2418 289 319 1468 695 116 746 41 2690 296 2189 370 78 425 122 1261 177 1085 217 498 181 438 1824 1006 84 220 260 225 113 413 467
leaf_count=120 296 1022 60 134 818 974 826 1134 117 614 689 551 920 1105 2898 1478 1719 1001 138 444 494 369 135 2894 334 179 61 516 488 5629 128 2418 289 319 1468 695 116 746 41 2690 296 2189 370 78 425 122 1261 177 1085 217 498 181 438 1824 1006 84 220 260 225 113 413 467
internal_value=-1.63212e-05 -0.00326318 0.00162141 0.00650041 -0.0103132 0.000759571 0.0167845 -0.00192655 -0.00509915 0.000898966 3.37294e-05 -0.00235986 -0.00420998 -0.00797847 -0.00132004 -0.000291889 0.00281174 -0.00198358 -0.00393053 -0.0162829 0.00124875 0.00686654 0.00339523 0.0021604 0.0103908 -0.00851393 0.00108274 0.00174028 0.00518254 0.000820587 0.00354567 -0.00199693 0.00292757 -0.00454161 0.00521348 0.00330093 -0.0206037 0.00127562 0.00520059 -0.000261172 0.00761857 0.00186691 -0.00906623 -0.00696056 -0.00870474 -0.00250965 -0.00498923 -0.0147773 0.000286738 0.00266862 -0.00167131 -0.0072549 0.00137421 0.00762533 0.00231788 0.0207424 0.00162338 0.0110114 0.00793814 -0.0179128 -0.0152174 -0.0121212
internal_weight=49016 16431 32585 4882 2608 27703 1122 13823 1402 27466 19261 5869 5772 2127 5255 8051 2853 3645 2725 1206 1001 507 3760 3207 553 313 13392 11320 2373 8947 3318 5198 8205 2357 3433 2459 762 4772 1336 3436 991 2705 921 1724 1426 2072 1383 237 2780 1695 1436 500 936 1885 1047 219 298 613 485 642 529 584
internal_count=49016 16431 32585 4882 2608 27703 1122 13823 1402 27466 19261 5869 5772 2127 5255 8051 2853 3645 2725 1206 1001 507 3760 3207 553 313 13392 11320 2373 8947 3318 5198 8205 2357 3433 2459 762 4772 1336 3436 991 2705 921 1724 1426 2072 1383 237 2780 1695 1436 500 936 1885 1047 219 298 613 485 642 529 584
cat_boundaries=0 2 8 14 16 18 24 25 30 32 38 40 42 44 46 52 54 56 62 64 66 67 69 74 80 83 89 91 93 97 102 104 106 108 110 112 114 116 118 123 125
cat_threshold=44310308 2721889 16781449 17343040 34079488 2465800 2097258 17 1613234180 537019526 47186436 2148532226 34668564 133384 65616 147472 8394244 65 0 524288 256 263168 0 16 524288 4097 32768 525056 98304 64 1074872386 148352 8 67117056 524288 304160768 1073741866 32 2457856 4456448 42211360 65537 2348843025 8216 41944320 2099264 536871938 262272 272695296 0 234881152 131240 2097664 524353 4100 2162720 524288 16384 4194820 2147483650 34603012 131336 0 1049088 17956992 1049096 524288 201359360 8208 33558528 0 2415919112 98880 134217728 16778250 16818176 554172416 406847489 1277165792 160 547524864 411303937 2 33554440 0 2432696386 67109376 1140850698 160 0 147968 1048640 384 0 0 0 98304 0 71303184 537460736 134316032 2097152 8421376 4194304 2147483648 4100 67108880 24 9043968 524288 138543129 262152 6180 33 201326592 671745 2164391945 1048580 0 0 0 0 2097216 2097152 65568
is_linear=0
shrinkage=0.05


Tree=43
num_leaves=63
num_cat=38
split_feature=0 2 2 0 0 1 2 0 2 2 4 3 2 0 5 0 0 2 1 5 9 0 0 2 0 1 4 4 4 0 4 5 0 9 0 0 0 2 9 2 4 9 0 0 2 4 0 2 2 4 9 4 0 9 0 4 5 1 9 9 5 2
split_gain=94.4998 57.9322 49.0398 51.2192 32.6569 24.7195 23.2804 21.1645 20.8625 19.8647 16.9472 22.1156 16.4178 32.2203 15.7479 19.4993 15.4406 38.9712 21.3416 14.3615 14.2385 15.9449 13.9612 13.7215 13.114 11.9048 12.081 12.8801 11.4317 12.0532 14.1077 10.7338 14.1003 17.6445 12.2613 10.6269 10.2542 22.3241 10.1773 10.136 10.1076 9.91294 9.9343 9.74963 9.73153 8.97388 15.8848 8.9455 8.94049 8.7402 8.60812 8.51314 11.1226 8.22532 14.8523 8.34691 8.08421 8.06296 8.03565 7.9715 9.63601 7.96854
threshold=0 1 2 3 4 5 6 7 8 9 136.50000000000003 3.5000000000000004 10 11 1.5000000000000002 12 13 14 15 2.5000000000000004 16.500000000000004 16 17 18 19 20 15.500000000000002 12.500000000000002 19.500000000000004 21 6.5000000000000009 5.5000000000000009 22 2.5000000000000004 23 24 25 26 8.5000000000000018 27 12.500000000000002 18.500000000000004 28 29 30 18.500000000000004 31 32 33 24.500000000000004 16.500000000000004 282.50000000000006 34 8.5000000000000018 35 126.50000000000001 1.0000000180025095e-35 36 17.500000000000004 13.500000000000002 4.5000000000000009 37
decision_type=9 9 9 9 9 9 9 9 9 9 2 2 9 9 2 9 9 9 9 2 2 9 9 9 9 9 2 2 2 9 2 2 9 2 9 9 9 9 2 9 2 2 9 9 9 2 9 9 9 2 2 2 9 2 9 2 2 9 2 2 2 9
left_child=1 4 3 5 23 39 35 12 51 14 11 20 43 19 15 44 17 -12 22 58 28 -22 -18 -1 -13 26 27 -23 29 -3 -31 32 33 -16 57 -4 37 -5 -25 -2 -35 -27 -43 -8 -9 46 -11 -20 -17 -28 -40 -6 -53 54 -34 -56 -26 -33 -14 60 61 -42
right_child=2 10 6 36 8 -7 7 9 -10 45 16 24 13 -15 31 48 18 -19 47 -21 21 25 -24 38 56 41 49 -29 -30 30 -32 34 53 40 -36 -37 -38 -39 50 -41 59 42 -44 -45 -46 -47 -48 -49 -50 -51 -52 52 -54 -55 55 -57 -58 -59 -60 -61 -62 -63
leaf_value=0.0029022965111078522 0.013844041224936921 -0.012365005166752586 -0.018859566613362095 -0.01909296078333006 -0.0033507430565020316 0.0040950237969117568 0.017920676806437032 -0.0035911923952247574 -0.014199236832014218 -0.014824219103099601 -0.0058897121856662463 -0.0086199433053835203 -0.011702382972767357 -0.0059185146170868458 0.004930332180735731 0.001505113620833798 -0.00018693590003640017 0.011579833117567551 -0.010042811586308698 0.017405222188640757 -0.0064432349642766455 0.013690437002122547 0.016337565191561512 -0.018672912803861175 -0.033015049385062403 0.011079149681166512 -0.012479074732387364 0.037018747909249569 -0.003469826825088518 0.012572368213255847 -0.008545789040404551 -0.014500562170279285 -0.026993471961667362 -0.016026499859842482 -0.013859310411667897 -0.0077829686186967062 0.0042449184978392788 0.0094463116510061906 -0.01466285937589264 0.015793505628899539 0.010164861750953814 -0.025508818318406897 -0.0057046086647379981 0.0034407137965185909 -0.017608495035767498 0.0022969788493852118 0.0010769371407558738 -0.0040037219350574247 -0.010328564917994066 0.0052685217359103483 -0.011793625988844487 -0.0078726670906385798 0.016753294352917541 9.3441626252510626e-05 -0.0060414599918707131 0.0065720590164957682 -0.02061762296481089 0.002638510993673049 0.016362509753430853 0.011629222340596513 0.0030412830533135208 -0.0075980280876869928
leaf_weight=104 529 485 104 127 877 458 466 278 421 249 778 212 137 1489 39 997 669 1314 503 295 763 170 433 154 43 277 159 66 4137 105 753 108 108 37 334 132 3755 148 464 379 113 120 329 9064 814 6382 537 1851 296 804 444 126 118 3177 343 205 247 460 59 249 74 148
leaf_count=104 529 485 104 127 877 458 466 278 421 249 778 212 137 1489 39 997 669 1314 503 295 763 170 433 154 43 277 159 66 4137 105 753 108 108 37 334 132 3755 148 464 379 113 120 329 9064 814 6382 537 1851 296 804 444 126 118 3177 343 205 247 460 59 249 74 148
internal_value=-3.67227e-05 -0.00305857 0.00155763 0.00590085 -0.00974982 0.0142442 0.000677801 0.000819858 -0.00489691 -0.000421179 -0.00177818 -0.00316032 0.00243056 -0.00170854 -0.00216945 -0.00555556 0.000378515 0.00375833 -0.0016734 0.00928144 -0.00253428 0.000446429 0.00404676 -0.0160714 -0.0133466 0.00286822 0.00591398 0.0161017 -0.00399635 -0.00800447 -0.00426267 -0.000676552 0.000322724 0.00701493 -0.0056541 -0.0146341 0.00304455 -0.00614035 -0.0178172 0.0190632 0.00507246 -0.00217391 -0.00679287 0.0032914 -0.0104356 0.00147673 -0.00356234 -0.00435702 -0.00134305 0.00347871 -0.0159692 -0.00128205 0.00696721 -0.000845693 -0.00594512 -0.00232975 -0.02 -0.00103806 -0.00102041 0.00667808 0.00164179 -0.00287356
internal_weight=49016 16926 32090 5396 2708 1366 26694 26458 1542 14948 14218 8670 11510 1980 7780 2385 5548 2092 3456 491 8168 2688 1102 1166 502 1925 1199 236 5480 1343 858 5395 4493 660 902 236 4030 275 1062 908 621 726 449 9530 1092 7168 786 2354 1293 963 908 1121 244 3833 656 548 290 568 196 584 335 261
internal_count=49016 16926 32090 5396 2708 1366 26694 26458 1542 14948 14218 8670 11510 1980 7780 2385 5548 2092 3456 491 8168 2688 1102 1166 502 1925 1199 236 5480 1343 858 5395 4493 660 902 236 4030 275 1062 908 621 726 449 9530 1092 7168 786 2354 1293 963 908 1121 244 3833 656 548 290 568 196 584 335 261
cat_boundaries=0 2 8 14 16 18 21 27 29 34 40 46 47 49 51 57 60 62 64 69 71 74 76 78 80 82 84 90 96 98 100 105 107 113 119 121 123 125 130
cat_threshold=44310309 2721889 2101377 84419136 525056 3514376 2097258 17 1630015492 553796738 13632004 2148532226 34668628 133384 2147549264 147472 8390149 32833 0 612384768 2 0 524288 256 263168 0 16 1079066698 152464 4097 67633152 524544 1146880 72 33554560 71303168 2415923200 107061313 1140850826 32 33554432 4194304 2432696392 234881601 1275068554 32896 1074790472 2348843152 1048584 44041473 2099200 1124597762 16386 536870922 64 1073741824 8 539427074 268697601 2 2361632 34816 4612 557056 0 0 0 8192 2097186 7200 2621537 8945668 540672 2 2102304 2099200 32896 8192 2500329488 1048576 131136 1069072 0 512 524288 0 0 0 0 131072 16777216 0 4194816 0 0 131072 8388608 2621536 0 16384 33554432 71303168 2147483648 8193 67108994 285245440 1048576 8 4194304 4194304 2 0 131200 0 0 2415919104 32832 10 32 35655936 2048 0 1048580 67371009 4194304 33554432 0 2147483648 64 1073741824
is_linear=0
shrinkage=0.05


Tree=44
num_leaves=63
num_cat=33
split_feature=0 1 1 0 0 0 3 1 9 4 1 0 1 0 1 1 0 5 0 9 0 1 4 0 8 0 0 1 1 9 1 4 0 1 4 5 9 0 5 0 4 4 5 3 5 5 4 5 0 4 5 0 0 9 0 1 5 1 9 5 9 4
split_gain=89.3879 43.5953 35.8175 48.2147 29.0027 19.5495 17.6315 16.4884 15.647 14.0965 16.9953 16.3989 17.8478 15.1342 13.8665 13.5105 12.563 12.5098 12.8738 12.1268 12.046 12.0436 11.7207 11.6944 11.1516 33.7402 27.6379 26.8845 25.8542 22.9124 23.6072 18.6086 16.7679 14.1487 13.8092 12.325 11.7056 11.142 17.8529 11.0597 10.8243 14.5456 10.3577 9.92617 9.30361 9.25188 9.04791 9.00399 8.88724 8.54755 11.5831 16.0765 15.2615 11.1372 10.6458 9.87839 9.34141 8.63643 9.28379 8.45627 8.36081 8.2963
threshold=0 1 2 3 4 5 3.5000000000000004 6 5.5000000000000009 66.500000000000014 7 8 9 10 11 12 13 1.0000000180025095e-35 14 17.500000000000004 15 16 19.500000000000004 17 1.0000000180025095e-35 18 19 20 21 13.500000000000002 22 260.50000000000006 23 24 24.500000000000004 4.5000000000000009 17.500000000000004 25 4.5000000000000009 26 144.50000000000003 77.500000000000014 3.5000000000000004 3.5000000000000004 5.5000000000000009 3.5000000000000004 43.500000000000007 4.5000000000000009 27 312.50000000000006 1.5000000000000002 28 29 14.500000000000002 30 31 1.5000000000000002 32 8.5000000000000018 2.5000000000000004 20.500000000000004 305.50000000000006
decision_type=9 9 9 9 9 9 2 9 2 2 9 9 9 9 9 9 9 2 9 2 9 9 2 9 2 9 9 9 9 2 9 2 9 9 2 2 2 9 2 9 2 2 2 2 2 2 2 2 9 2 2 9 9 2 9 9 2 9 2 2 2 2
left_child=1 4 3 40 44 24 7 49 48 10 39 -12 19 15 -15 -11 -8 18 -10 -13 -5 -6 37 -21 25 33 28 45 31 46 35 -26 -29 34 -4 -31 -37 38 -19 47 41 -2 43 -34 -1 -28 -27 59 -9 50 52 57 53 -7 55 56 -51 -52 -59 -3 -47 -23
right_child=2 9 5 20 21 6 16 8 17 13 11 12 -14 14 -16 -17 -18 22 -20 23 -22 61 -24 -25 26 29 27 32 -30 30 -32 -33 42 -35 -36 36 -38 -39 -40 -41 -42 -43 -44 -45 -46 60 -48 -49 -50 54 51 -53 -54 -55 -56 -57 -58 58 -60 -61 -62 -63
leaf_value=-0.013649780213633236 0.013292216543951364 -0.0081509607670562367 -0.021658554154383038 0.0054902871243347031 0.014383860520138471 0.0087900786123872865 0.013091791537811905 0.0035675088754484109 0.0022386858705323088 -0.0036350310191833159 0.0031681133407701623 -0.010939302622152548 0.012014507516939266 0.0052957229294034354 -0.0052876838694764011 0.0037580759523668239 -0.0087634611985942575 0.0097956442476720539 -0.0091700111117917205 0.005925067885581648 0.00057192890661028617 -0.0081846982720435845 0.002813208086224317 -0.0041061850110598597 0.018326668933718759 -0.010761740970411271 0.00034349977826527713 0.015364264815936357 0.0073681929689227606 0.00017942617755085656 0.013118540161284144 -0.019453192847744789 0.0019435964997091106 -0.0046530837075836389 -0.013559312043999829 -0.042331327580031552 -0.0020546525942300334 -0.0085783921387803663 -0.013851530334400414 -0.012619183666416667 0.015956339871114066 -0.0087950074589322139 0.0066687479027533365 -0.016788271413960665 -0.015022664274692499 -0.007220540355768335 6.7114320338590447e-05 -0.0074685306871384418 0.031520823697737912 0.029803348407844876 -0.0021567025856894738 0.00021498226301703839 -0.01416831539769119 -0.0082755580247949219 0.0062104953831736091 -0.011321472279893685 -0.0010301910411043337 -0.030874524566374652 -0.0068467346270078555 0.01023904446137941 -0.032268484492579311 0.0016478384185113493
leaf_weight=901 127 354 87 2932 120 408 126 237 759 1034 1087 1232 236 496 2828 2780 1189 383 767 112 2137 1398 7443 450 306 291 1048 1084 460 174 1330 56 1086 327 283 44 33 695 190 1170 353 84 748 142 168 687 1081 286 180 55 265 3642 1047 448 419 191 125 45 214 263 62 311
leaf_count=901 127 354 87 2932 120 408 126 237 759 1034 1087 1232 236 496 2828 2780 1189 383 767 112 2137 1398 7443 450 306 291 1048 1084 460 174 1330 56 1086 327 283 44 33 695 190 1170 353 84 748 142 168 687 1081 286 180 55 265 3642 1047 448 419 191 125 45 214 263 62 311
internal_value=-1.02008e-05 -0.00318981 0.00142308 0.00505937 -0.00870014 0.000694075 -0.00023357 0.000185576 0.00141598 -0.00188847 -0.00387283 -0.00151903 -0.00416667 -0.000448305 -0.00290942 0.00169979 -0.00581749 0.00103058 -0.00314548 -0.00587583 0.00349478 -0.0048124 0.00176214 0.000177936 0.00256451 0.000410959 0.00395316 0.0024964 0.0123798 0.00275059 0.00686275 0.0223118 0.00534202 -0.00940594 -0.0160526 -0.00708812 -0.024026 -0.00268139 0.00248714 -0.00736918 0.0188153 0.0101896 0.00256798 -0.0002443 -0.0152456 -0.00235196 -0.00196793 -0.00312158 0.0109113 -0.00172514 -0.00236448 -0.000888142 -0.00559643 -0.000577367 0.00316456 -0.00301837 0.00526316 -0.00898876 -0.0154275 0.000243112 -0.00660881 -0.0059046
internal_weight=49016 15226 33790 5633 2898 28157 18828 17513 10654 12328 5190 3117 2030 7138 3324 3814 1315 10237 1526 1794 5069 1829 8711 562 9329 3650 5679 4857 822 2953 1581 362 3060 697 370 251 77 1268 573 2073 564 211 1976 1228 1069 1797 1372 903 417 6859 6069 4166 1903 856 790 371 180 524 259 617 749 1709
internal_count=49016 15226 33790 5633 2898 28157 18828 17513 10654 12328 5190 3117 2030 7138 3324 3814 1315 10237 1526 1794 5069 1829 8711 562 9329 3650 5679 4857 822 2953 1581 362 3060 697 370 251 77 1268 573 2073 564 211 1976 1228 1069 1797 1372 903 417 6859 6069 4166 1903 856 790 371 180 524 259 617 749 1709
cat_boundaries=0 2 4 7 9 10 12 14 16 18 21 23 26 28 30 32 34 36 38 40 42 44 46 48 50 52 54 56 58 60 62 64 65 66
cat_threshold=44310052 2656353 201326657 4227136 537397894 67258472 2 0 16400 5636 1079066634 156544 3424911361 2151677952 2588928 262176 2099744 524353 8388608 134742016 2 41948160 2099296 537002240 268828672 2 537788672 276971524 524288 262144 285736976 1052688 2433859664 1446148 0 64 0 2080 5242880 8192 1048576 8192 134615041 524288 134283265 524288 134545409 536870913 4194304 147968 136347649 524288 2416050513 65544 33822752 1 83886225 1052688 524288 262148 268566592 266260 2365751313 16 136314880 69206016
is_linear=0
shrinkage=0.05


Tree=45
num_leaves=63
num_cat=37
split_feature=0 2 2 0 2 2 0 2 0 2 0 2 4 2 4 7 0 0 4 5 0 0 7 7 0 2 7 7 2 7 0 0 2 7 3 2 0 4 7 8 0 0 7 5 2 5 2 0 0 5 0 7 0 2 7 4 0 0 7 2 3 8
split_gain=83.0902 57.884 42.4691 45.4763 37.2887 28.3237 26.2199 21.5612 18.799 18.0925 17.6731 16.5551 15.2965 17.2222 13.8967 13.7928 13.5158 13.064 12.1795 13.8547 19.3168 19.2865 13.9155 18.3892 14.8753 13.4173 13.1314 12.2294 11.6657 11.6281 18.2504 17.5341 15.9644 13.1022 12.0239 10.706 15.517 12.9806 10.4057 10.3218 15.9657 13.1938 12.4411 10.1692 12.0546 11.1605 10.1529 10.6292 10.4446 10.1291 10.097 9.98281 16.3196 16.5281 9.73574 9.71337 12.0779 10.2663 14.8361 9.49739 9.33647 9.28249
threshold=0 1 2 3 4 5 6 7 8 9 10 11 58.500000000000007 12 33.500000000000007 1.5000000000000002 13 14 312.50000000000006 1.5000000000000002 15 16 11.500000000000002 6.5000000000000009 17 18 7.5000000000000009 4.5000000000000009 19 5.5000000000000009 20 21 22 3.5000000000000004 3.5000000000000004 23 24 124.50000000000001 1.5000000000000002 1.0000000180025095e-35 25 26 5.5000000000000009 2.5000000000000004 27 3.5000000000000004 28 29 30 4.5000000000000009 31 1.5000000000000002 32 33 6.5000000000000009 24.500000000000004 34 35 4.5000000000000009 36 1.5000000000000002 1.0000000180025095e-35
decision_type=9 9 9 9 9 9 9 9 9 9 9 9 2 9 2 2 9 9 2 2 9 9 2 2 9 9 2 2 9 2 9 9 9 2 2 9 9 2 2 2 9 9 2 2 9 2 9 9 9 2 9 2 9 9 2 2 9 9 2 9 2 2
left_child=1 10 3 4 -2 -4 11 8 14 60 -1 50 -9 16 -3 -10 -14 28 19 20 26 22 23 24 27 -22 -11 -21 -5 31 34 38 -32 35 59 36 37 -33 -13 41 -41 -18 -42 -15 -45 -46 48 -48 -20 -25 -7 -12 61 -54 -55 56 -23 58 -57 -31 -8 -53
right_child=2 7 5 17 -6 6 9 12 15 18 51 29 13 43 -16 -17 39 -19 46 21 25 55 -24 49 -26 -27 -28 -29 -30 30 32 33 -34 -35 -36 -37 -38 -39 -40 40 42 -43 -44 44 45 -47 47 -49 -50 -51 -52 52 53 54 -56 57 -58 -59 -60 -61 -62 -63
leaf_value=-0.0046251980101021384 0.016593693210015938 0.010991105720392181 -0.025379809400467013 -0.0075308866392924667 0.0014051896751033355 -0.019887998567068049 -0.014562873411585731 -0.0066098654414900654 0.029983983238664559 -0.0097770505792188888 -0.014541108276135898 0.048167864406719524 -0.0058348696769004345 -0.011790162929307069 -0.0089530232141551546 0.012761089269065828 -0.0093385802174170366 0.0056858081203080002 0.00053406408979546078 -0.0012612481098934871 -0.0088611489251254096 -0.0082902528671249202 0.011484741902073249 -0.0041593971937806118 -0.0056627538412634907 -0.00055678737689407454 -0.022008774085584295 0.018938373041834235 0.0023710091933422774 0.014771927353711002 -0.003307803958457789 0.0017468350984663151 0.0032975437219232352 0.012838503606490926 -0.0052678678532092965 -0.0028413491154926974 -0.0035106041984405813 0.015528235744390906 0.010809707409424441 -0.0015251232810178262 0.028018789650308708 0.0052268528689115249 0.0085463685943142076 0.0034386334024631652 0.0020383198153898609 -0.0071342083535544222 0.0066037504416211592 -0.0046785368142083289 0.023256587894801097 -0.01141083547937944 0.00048961881484480549 -0.014594321272332856 0.0015197662378540644 -0.0077021334676901591 -0.015486382871558999 -0.0086199866126522202 0.0016864578946492515 0.00057805966222781449 0.0044679518036438107 0.0063852542728679131 0.00119072839326424 0.010797654334679952
leaf_weight=448 581 115 109 444 300 118 53 3692 58 554 96 117 707 938 239 328 628 3580 233 241 408 538 125 686 345 1679 563 181 435 705 2310 122 1441 912 325 988 284 197 581 721 171 791 894 335 198 508 341 520 245 438 108 60 102 261 580 99 351 3886 298 2343 9277 85
leaf_count=448 581 115 109 444 300 118 53 3692 58 554 96 117 707 938 239 328 628 3580 233 241 408 538 125 686 345 1679 563 181 435 705 2310 122 1441 912 325 988 284 197 581 721 171 791 894 335 198 508 341 520 245 438 108 60 102 261 580 99 351 3886 298 2343 9277 85
internal_value=-7.54856e-05 -0.00369829 0.00109385 0.00521495 0.0155443 0.000398664 0.000490165 -0.00230814 0.00586667 -0.000529163 -0.0124239 0.00252344 -0.00294486 -0.00136649 -0.00247253 0.0133838 0.000560938 0.00314388 -0.00183545 -0.00241532 -0.00514981 -0.00119644 -0.0053307 -0.00642517 -0.000456323 -0.00226514 -0.0104259 0.00578704 -0.00230596 0.00282051 0.00169848 0.00532646 -0.0007046 0.00332272 0.00436004 0.000597109 0.00579119 0.0132219 0.0122881 0.00194401 0.00447928 -0.00123326 0.00832558 -0.00515334 -0.00177714 -0.00544693 0.00265123 -0.000631458 0.00840164 -0.0104982 -0.0105932 -0.0156616 -0.0144301 -0.0167366 -0.0190952 0.000424547 -0.00433071 0.00141256 0.00896806 0.00534777 0.00111349 0.0016129
internal_weight=49016 11955 37061 5340 881 31721 31612 10323 740 21061 1632 10551 9583 5891 354 386 3912 4459 11731 10392 3204 7188 2016 1891 767 2087 1117 422 879 10325 7124 3201 3751 2503 3373 1591 603 319 698 3205 1786 1419 1065 1979 1041 706 1339 861 478 1124 226 1184 1088 943 841 5172 889 4283 397 3048 9330 145
internal_count=49016 11955 37061 5340 881 31721 31612 10323 740 21061 1632 10551 9583 5891 354 386 3912 4459 11731 10392 3204 7188 2016 1891 767 2087 1117 422 879 10325 7124 3201 3751 2503 3373 1591 603 319 698 3205 1786 1419 1065 1979 1041 706 1339 861 478 1124 226 1184 1088 943 841 5172 889 4283 397 3048 9330 145
cat_boundaries=0 2 8 14 16 22 28 30 36 37 43 45 50 56 58 60 62 64 66 71 77 79 81 86 91 93 94 96 102 107 109 111 113 114 119 121 123 128
cat_threshold=10755620 34912 129 88637952 8388866 2457608 104 16 1630012420 2281981058 8388678 1048578 34668612 133416 16 409616 525312 0 0 2 33554432 131336 0 256 0 262152 0 16 1074905162 148368 6 268566528 22020096 33554432 4 164096 268800 18 558010384 553713928 402653696 134480000 128 2361376 32 2 336068624 65792 0 2097184 1610748928 24704 2952790020 339739200 1275068544 1 2359296 32768 138575880 66048 2348810641 2097160 38273280 3932164 34078720 3145728 0 0 4718592 2170881 1073741826 17301504 0 0 2 33554496 8 1074790402 16784 32776 512 0 0 805831168 134250561 134217730 0 0 2151677952 1 1207959560 65536 131344 8389156 7168 32 34078720 0 8 0 2 8 0 0 268959744 98369 1140850688 34079105 2629644 318767105 536588 1048586 16400 1024 0 0 0 0 64 2231369744 77824 0 73728 0 0 268435464 201359360 67108864
is_linear=0
shrinkage=0.05


Tree=46
num_leaves=63
num_cat=42
split_feature=0 2 2 0 7 0 2 2 1 0 0 1 2 7 2 0 1 9 0 7 7 0 0 5 0 5 0 2 0 7 7 0 2 2 0 2 7 0 9 2 8 0 0 5 2 7 0 9 7 7 0 2 5 5 0 0 1 2 5 2 0 2
split_gain=75.5468 45.413 44.6716 45.9532 27.6382 27.1081 27.6445 24.8464 22.9399 22.5629 16.6725 18.2192 16.608 14.9587 20.5021 17.614 14.6541 13.5298 12.5984 12.2089 13.4554 18.0208 17.3956 11.8837 13.343 10.9057 11.2501 14.8402 10.8419 12.0743 10.7038 10.5856 15.3663 12.8061 19.2103 10.3539 16.4721 26.0531 11.2936 10.2916 9.96313 21.7097 13.0515 11.8345 11.0579 10.8001 14.5214 10.5894 10.976 9.87482 14.7774 14.1895 11.1685 15.0013 10.8076 9.77781 9.63833 9.63509 9.59584 9.50004 9.49221 11.0737
threshold=0 1 2 3 1.5000000000000002 4 5 6 7 8 9 10 11 7.5000000000000009 12 13 14 22.500000000000004 15 1.5000000000000002 11.500000000000002 16 17 2.5000000000000004 18 1.5000000000000002 19 20 21 5.5000000000000009 11.500000000000002 22 23 24 25 26 1.5000000000000002 27 7.5000000000000009 28 1.0000000180025095e-35 29 30 2.5000000000000004 31 5.5000000000000009 32 10.500000000000002 3.5000000000000004 6.5000000000000009 33 34 5.5000000000000009 3.5000000000000004 35 36 37 38 4.5000000000000009 39 40 41
decision_type=9 9 9 9 2 9 9 9 9 9 9 9 9 2 9 9 9 2 9 2 2 9 9 2 9 2 9 9 9 2 2 9 9 9 9 9 2 9 2 9 2 9 9 2 9 2 9 2 2 2 9 9 2 2 9 9 9 9 2 9 9 9
left_child=1 5 3 8 9 6 -1 -4 -2 -3 12 17 -9 14 28 39 -6 25 -11 -5 22 -22 56 -15 -25 60 57 -28 29 -14 58 32 -18 40 -35 55 -37 -38 -39 -16 41 -33 43 -42 47 46 -44 -43 -49 51 -51 -17 53 -53 -55 -7 -21 -27 -29 -20 -12 -62
right_child=2 4 7 19 16 35 -8 10 -10 18 11 -13 13 23 15 49 31 -19 59 20 21 -23 -24 24 -26 26 27 30 -30 -31 -32 33 -34 34 -36 36 37 38 -40 -41 42 44 45 -45 -46 -47 -48 48 -50 50 -52 52 -54 54 -56 -57 -58 -59 -60 -61 61 -63
leaf_value=0.00099799151529408338 0.002048338847553133 -0.017140534371296531 -0.016296267863860039 0.019248617676035609 0.0045450221968776688 -0.023462679853303404 -0.01314147196189823 -0.0061935368192612477 0.016504862764392513 0.021775161541780743 -0.011380551794675425 0.0015211673342687471 0.0011708251237278033 -0.0026991876933039061 0.013888434734683841 0.010575494693049081 -0.010495978259642526 0.012235816285325996 0.027593940604251715 0.017683363844811884 0.022864091977089874 0.00049767091961115954 0.0044728538664909447 -0.00091815827490613353 0.0070665981557165303 -0.011863373470592653 0.0066850920408939975 -0.0020005536323587148 0.0016458377256643787 -0.0099327755711608248 0.0058499939350854071 -0.0075652480028932882 -0.00013143883271617973 -0.010106120977626743 -0.00093699008070005088 -0.014232793440795989 -0.001819236141924402 -0.017909483078401397 -0.013617812651480252 0.022493413215856895 -0.013012789227730248 -0.012520838392397926 -0.0020732435066757038 0.0015320432128086538 0.004003429665766489 0.0024499326461815299 0.028256086693710093 -0.0093568684204171308 0.011298694956390371 0.028444762624958899 0.0077997976300818953 -0.0019486779839298031 -0.0137852646574953 -0.0069248048518028571 0.0233428249663588 -0.0026802254053366337 -0.0070257556849443016 0.00096086128758268166 -0.0092871487530294065 0.0024338781409404819 -0.0001793421400675177 -0.0090618285922558963
leaf_weight=1010 199 146 156 145 711 130 298 535 613 210 1054 8679 138 2072 465 923 1719 150 108 115 133 181 1777 1039 1495 105 264 1367 1197 146 132 1095 989 1455 2235 81 284 70 632 229 288 134 121 341 666 1934 186 142 208 284 277 814 183 120 249 427 487 4370 736 449 1668 450
leaf_count=1010 199 146 156 145 711 130 298 535 613 210 1054 8679 138 2072 465 923 1719 150 108 115 133 181 1777 1039 1495 105 264 1367 1197 146 132 1095 989 1455 2235 81 284 70 632 229 288 134 121 341 666 1934 186 142 208 284 277 814 183 120 249 427 487 4370 736 449 1668 450
internal_value=-0.000104048 -0.00291374 0.0012668 0.00647541 -0.00165437 -0.00853161 -0.00311077 0.000615894 0.01691 0.00673604 0.000725533 -0.000150119 0.00235849 0.00283684 0.00472637 0.00678109 -0.0022824 -0.0015719 0.010103 0.00344101 0.00269216 0.0124204 0.00140815 0.000781589 0.00307814 -0.00179381 -0.000688271 -0.00336788 -0.000234742 -0.00884354 -0.00469933 -0.00271197 -0.00544518 -0.00186614 -0.00410811 -0.0128519 -0.015831 -0.0141988 -0.0192416 0.0139205 -0.000243902 -0.00273942 0.00170732 -0.00461659 0.00206897 0.00348734 0.012215 -0.00364372 0.000857143 0.005 0.0109626 0.00356051 0.000290698 0.00207101 0.0104336 -0.00696649 -0.00588235 0.000813824 -0.00558726 0.00590829 -0.00422446 -0.00225564
internal_weight=49016 16069 32947 3650 13137 2932 1308 29297 812 913 29141 18975 10166 9631 5025 3544 12224 10296 767 2838 2693 314 2379 4606 2534 10146 6974 2499 1481 284 2235 11513 2708 8805 3690 1624 1067 986 702 694 5115 2245 2870 629 1150 2241 307 484 350 2850 561 2289 1366 1183 369 557 602 4475 2103 557 3172 2118
internal_count=49016 16069 32947 3650 13137 2932 1308 29297 812 913 29141 18975 10166 9631 5025 3544 12224 10296 767 2838 2693 314 2379 4606 2534 10146 6974 2499 1481 284 2235 11513 2708 8805 3690 1624 1067 986 702 694 5115 2245 2870 629 1150 2241 307 484 350 2850 561 2289 1366 1183 369 557 602 4475 2103 557 3172 2118
cat_boundaries=0 2 8 14 16 18 23 29 31 33 35 37 42 48 50 52 54 56 58 60 62 67 69 71 77 83 85 91 93 99 101 103 107 109 111 117 119 121 123 128 134 135 140
cat_threshold=44310052 2656361 1107300481 17334848 524546 136675336 1075839072 16 1613236228 16942210 26214464 2282749952 1048576 166144 272 409620 35915808 559168 33558529 524288 2 134316032 1073741888 0 524288 0 263168 0 16 6 131073 264704 32768 1074905154 148368 3425075457 12996609 132096 340000784 536936708 268435456 2097248 4097 0 524288 69304321 134217856 8 0 16896 2684360996 2415919137 1028 2621440 419430408 1052672 402653320 1049088 64 148224 2566914193 77824 50331649 67108864 0 2105344 67108872 1073758208 512 262180 32768 0 67108864 4194312 577 201326602 128 525322 67108992 2151743500 272630272 201326720 131080 2097664 526432 1107300352 32768 2 2097152 1075839008 16 5120 2097152 0 0 2420113408 64 8 128 33561600 9 8389120 1 524288 0 8 512 33554432 2621536 1073741824 131344 0 0 2151677952 66 1073741824 32 1048578 16 4096 2097152 4 537001984 131201 0 0 8192 2097152 0 0 4194312 0 134217728 131072 2348810641 33685504 0 2420113932 67141696 67108872
is_linear=0
shrinkage=0.05


Tree=47
num_leaves=63
num_cat=19
split_feature=2 2 1 9 9 9 2 1 5 5 2 2 2 7 7 7 7 3 2 9 5 2 2 5 2 9 5 5 1 7 7 9 7 5 7 7 2 7 9 1 5 7 7 5 9 9 9 2 9 3 7 7 2 7 3 9 9 2 8 7 2 7
split_gain=58.4704 52.1387 23.1971 23.8967 22.9132 11.6267 17.8137 13.2309 11.2616 24.0678 13.2505 10.2002 10.1943 9.87101 11.1267 9.72123 10.0666 9.17613 9.08563 14.4014 11.295 15.5809 9.14914 8.6268 18.6467 8.91173 8.29683 8.79095 9.09677 7.86475 7.75562 10.493 9.94887 8.67799 8.76278 8.61792 11.5335 8.4301 7.73806 6.93112 7.06116 6.85615 7.52879 6.84829 6.78979 6.57864 9.56687 6.56618 6.42899 6.31974 6.31967 6.19301 6.12719 10.2421 6.98741 6.11891 6.33967 6.06067 5.93958 8.90338 6.77475 5.93515
threshold=0 1 2 5.5000000000000009 17.500000000000004 9.5000000000000018 3 4 5.5000000000000009 3.5000000000000004 5 6 7 7.5000000000000009 4.5000000000000009 7.5000000000000009 11.500000000000002 3.5000000000000004 8 11.500000000000002 4.5000000000000009 9 10 2.5000000000000004 11 15.500000000000002 1.5000000000000002 4.5000000000000009 12 3.5000000000000004 4.5000000000000009 16.500000000000004 2.5000000000000004 5.5000000000000009 1.5000000000000002 7.5000000000000009 13 11.500000000000002 11.500000000000002 14 1.0000000180025095e-35 6.5000000000000009 3.5000000000000004 5.5000000000000009 10.500000000000002 11.500000000000002 13.500000000000002 15 20.500000000000004 3.5000000000000004 1.5000000000000002 4.5000000000000009 16 9.5000000000000018 3.5000000000000004 7.5000000000000009 9.5000000000000018 17 1.0000000180025095e-35 5.5000000000000009 18 11.500000000000002
decision_type=9 9 9 2 2 2 9 9 2 2 9 9 9 2 2 2 2 2 9 2 2 9 9 2 9 2 2 2 9 2 2 2 2 2 2 2 9 2 2 9 2 2 2 2 2 2 2 9 2 2 2 2 9 2 2 2 2 9 2 2 9 2
left_child=-1 55 8 -4 5 6 51 58 9 10 13 -6 15 14 -3 29 -17 26 19 -11 22 41 -20 24 44 -26 -13 28 50 -7 31 33 -33 34 -25 -32 37 45 -10 -19 -41 42 -22 -9 -14 -37 -47 48 -29 -40 -28 -5 53 -38 -54 -2 -57 -31 60 -60 -8 -62
right_child=1 2 3 4 11 12 7 43 38 18 -12 17 23 -15 -16 16 -18 39 20 -21 21 -23 -24 30 25 -27 27 47 -30 57 35 32 -34 -35 -36 36 52 -39 49 40 -42 -43 -44 -45 -46 46 -48 -49 -50 -51 -52 -53 54 -55 -56 56 -58 -59 59 -61 61 -63
leaf_value=0.0042940297502161223 -0.01954621486773131 -0.0061348800145464462 0.010091063560210722 -0.016346204447131075 0.012423505822482596 -0.0035204680231478158 -0.0047163397173153434 0.0063411404580292208 -0.0013465262866220297 0.0045221777530583427 -0.011718453171942148 -9.6094920275735518e-05 0.023632533702574302 -0.0054560027137882418 0.0021315449814371446 -0.0038551044791562297 0.0034188682808224402 0.0023049104005454456 -0.00077347583445578911 -0.014513468297395905 -0.0091811754801731909 0.0035032601513660722 0.0071531911827453117 0.018767373575583914 -0.006008706316732876 0.0017878360308445031 0.020585271358435617 -0.0021311356576241558 -0.002401977379571102 0.0031191368173347335 0.011152453737702173 -0.012158309340298469 0.0073750874043959809 -0.0088846798207921525 0.00013531967310389525 -0.0054933099023876109 0.0015205806400341972 0.011009473681818217 -0.0086650285589915995 -0.032089598353969351 -0.0076578243960644778 -0.0058456697568208373 0.023782374022857568 -0.014258092877201301 0.0069027994798019415 0.01988473518291084 0.00091919515366853952 0.0027613017858238334 -0.021988953500343397 -0.02701461861772041 0.0050664245711845692 -0.010062511678990544 0.00087903980235034542 -0.019868732955515611 -0.011925274958047627 0.0050400569101685727 -0.014307348199193094 -0.0095835402000906469 0.0093345573917120069 -0.0031557288342066447 -0.015478165808490336 -0.00021822737207165545
leaf_weight=6080 54 867 1177 142 102 1713 1396 764 246 49 848 2539 87 2120 1130 5098 897 269 240 71 44 425 623 199 2018 700 238 178 384 3339 940 106 66 223 521 127 43 115 586 39 268 635 65 89 518 115 161 1690 80 44 2992 242 1146 59 73 36 282 179 373 2472 558 136
leaf_count=6080 54 867 1177 142 102 1713 1396 764 246 49 848 2539 87 2120 1130 5098 897 269 240 71 44 425 623 199 2018 700 238 178 384 3339 940 106 66 223 521 127 43 115 586 39 268 635 65 89 518 115 161 1690 80 44 2992 242 1146 59 73 36 282 179 373 2472 558 136
internal_value=-6.93651e-05 -0.000719508 -0.000554329 7.2294e-06 -0.000239564 -0.00102173 -0.00290019 -0.00219041 -0.00298013 -0.00232542 -0.00423968 0.00195353 -0.000393103 -0.00304095 -0.000525789 -0.00133499 -0.00271059 0.0017555 0.00209108 -0.0107692 0.00288932 -0.000299401 0.00724218 0.00107237 -0.000797472 -0.00256598 0.00219109 0.0032722 0.0047316 0.00023896 0.00267078 -0.000852018 -0.0122093 0.00121951 0.00388889 0.0040842 0.00209353 0.00833333 -0.00833333 -0.00434028 -0.00930599 -0.00464191 0.00688073 0.00353418 0.00707317 0.00508685 0.00942029 0.000564682 -0.00671642 -0.0112698 0.00558642 -0.013198 -0.000413223 -0.0116071 0.000610252 -0.0191099 -0.0169811 0.00159181 -0.00318504 -0.00170475 -0.00521531 -0.00923295
internal_weight=49016 42936 42564 34571 33394 24615 6172 5788 7993 7117 4965 8779 18443 4117 1997 11226 5995 8677 2152 120 2032 1169 863 7217 3323 2718 8101 5562 3614 5231 3894 1115 172 943 720 2779 1839 518 876 576 307 744 109 853 605 403 276 1948 258 630 3230 384 1321 102 1219 372 318 3518 4935 2845 2090 694
internal_count=49016 42936 42564 34571 33394 24615 6172 5788 7993 7117 4965 8779 18443 4117 1997 11226 5995 8677 2152 120 2032 1169 863 7217 3323 2718 8101 5562 3614 5231 3894 1115 172 943 720 2779 1839 518 876 576 307 744 109 853 605 403 276 1948 258 630 3230 384 1321 102 1219 372 318 3518 4935 2845 2090 694
cat_boundaries=0 6 12 14 19 21 26 30 36 41 46 51 56 58 64 65 71 75 81 87
cat_threshold=1074268164 2852340870 63979584 1048576 34996224 170240 128 524608 0 786440 0 16 201326593 4212745 131072 4194304 65536 402653186 2097216 1084588096 537526272 33554432 352321536 524288 2214633472 1073741866 0 0 4 268435458 2097168 4096 2415919622 4194369 134217732 129 1 83886081 0 0 32 0 268435456 524544 40960 8 33554432 8192 0 67108864 1073741824 537001986 0 69632 167772162 192 10911744 537428000 5120 0 8 0 2097344 40 8421376 4096 0 2147483656 1 2097216 32 536870922 0 0 134217728 0 0 2415919106 64 134217728 128 0 0 268435464 512 134217728 128
is_linear=0
shrinkage=0.05


Tree=48
num_leaves=63
num_cat=32
split_feature=0 1 0 1 0 7 0 7 0 4 3 0 7 0 0 7 0 0 1 7 1 0 7 5 9 1 0 5 0 7 7 0 9 4 1 1 4 0 7 5 0 1 1 0 4 9 1 7 1 5 7 9 4 0 4 5 0 7 0 1 4 5
split_gain=70.6909 28.9413 40.9428 28.3995 35.8444 17.357 27.3386 15.3257 16.2116 14.3393 14.2255 20.6181 13.0398 31.8719 27.7932 20.6327 34.4407 22.4457 18.1871 17.1826 16.0986 20.7298 18.678 16.0611 15.189 12.8509 11.6192 14.8547 11.5664 12.8615 11.3279 12.6451 13.213 11.1228 10.8801 10.6522 12.5672 21.7516 11.6201 15.3333 10.8324 11.5576 10.3416 11.655 10.2032 9.91985 9.71269 16.0472 9.67751 9.66766 9.64001 9.39003 13.8422 9.37422 11.5721 9.31647 9.07699 9.72183 9.0486 9.82424 9.77816 13.9375
threshold=0 1 2 3 4 1.5000000000000002 5 11.500000000000002 6 312.50000000000006 3.5000000000000004 7 7.5000000000000009 8 9 3.5000000000000004 10 11 12 2.5000000000000004 13 14 10.500000000000002 4.5000000000000009 17.500000000000004 15 16 1.0000000180025095e-35 17 9.5000000000000018 3.5000000000000004 18 20.500000000000004 282.50000000000006 19 20 24.500000000000004 21 6.5000000000000009 2.5000000000000004 22 23 24 25 86.500000000000014 13.500000000000002 26 11.500000000000002 27 2.5000000000000004 8.5000000000000018 19.500000000000004 28.500000000000004 28 24.500000000000004 5.5000000000000009 29 6.5000000000000009 30 31 32.500000000000007 4.5000000000000009
decision_type=9 9 9 9 9 2 9 2 9 2 2 9 2 9 9 2 9 9 9 2 9 9 2 2 2 9 9 2 9 2 2 9 2 2 9 9 2 9 2 2 9 9 9 9 2 2 9 2 9 2 2 2 2 9 2 2 9 2 9 9 2 2
left_child=3 2 -2 4 -1 6 51 28 -9 46 35 -12 13 18 25 16 19 48 30 -15 21 22 50 53 -23 -14 -22 44 29 -4 31 32 -3 -13 -19 36 37 38 39 -7 41 -37 -18 -44 -28 -42 -6 -48 -17 -21 -16 -5 -53 -20 -55 -8 -25 -58 -38 -60 61 -61
right_child=1 12 7 5 9 10 55 8 -10 -11 11 33 14 15 20 17 42 34 23 49 26 24 -24 56 -26 -27 27 -29 -30 -31 -32 -33 -34 -35 -36 40 58 -39 -40 -41 45 -43 43 -45 -46 -47 47 -49 -50 -51 -52 52 -54 54 -56 -57 57 -59 59 60 -62 -63
leaf_value=-0.011118035936185995 0.012013989883898535 -0.0077474178489734596 -0.00044216206690383952 0.018527908578994213 -7.2595956923371399e-05 -0.017527595843142906 0.00058886856426770828 0.03005828482916395 0.005759844707395146 0.004231439236924925 0.0031212837491961577 -0.019115467483334914 -0.0011771022840736944 0.029455135889602704 -0.005014778170636708 0.025375564220573604 -0.015181405237005502 -0.00024032811880221329 0.01060796407520026 -0.022429445178023123 0.00083352881378726549 -0.0054047394573838448 -0.014530818428892367 0.017953237052720339 -0.01445975543477869 0.0067410381287801753 -0.021862197010473851 -0.0022292914288139175 0.0034783051540761556 -0.019135413087033589 0.015914581170328689 0.011790097345636935 0.035687652332190754 0.0091740798143003822 0.0087782503082281856 -0.012512134701720546 0.001417263830876897 -0.0010323511943151288 -0.015786864136219769 0.0072081448936858975 0.0088233239605607812 0.0015062783986578066 -0.009446301372278372 0.00012407516963351963 -0.012711557242097139 0.00049470206279029767 -0.011000446867143372 0.01176748455798325 -0.0020253109092338351 0.0036452525736771824 0.0067060714758625517 0.014338739356785257 0.014844760971324034 0.027000605028672034 -0.0017968297573581538 -0.01937660344317399 -0.001910149954858731 -0.0091134455836864199 -0.00027210957002191675 0.012514672508484632 -0.0053586992383323822 -0.014693073422993808
leaf_weight=1759 574 383 411 298 1005 109 514 115 288 322 244 499 1167 347 112 120 636 731 629 91 4212 963 187 126 348 2353 169 1849 3664 122 1601 494 37 80 2217 299 2810 1204 621 175 635 282 818 810 151 727 835 50 2335 93 409 48 44 67 591 83 232 257 3362 188 3064 50
leaf_count=1759 574 383 411 298 1005 109 514 115 288 322 244 499 1167 347 112 120 636 731 629 91 4212 963 187 126 348 2353 169 1849 3664 122 1601 494 37 80 2217 299 2810 1204 621 175 635 282 818 810 151 727 835 50 2335 93 409 48 44 67 591 83 232 257 3362 188 3064 50
internal_value=-0.000122409 0.00140819 0.00480324 -0.00247709 -0.00624215 -0.00149876 0.00491388 0.00321041 0.012531 -0.0019802 -0.0019409 -0.00832321 0.000690568 0.00181134 -0.000494966 -3.65497e-05 -0.00352415 0.00176754 0.00522927 0.00785582 -0.00205707 -0.00593889 0.00097493 0.00151674 -0.00965178 0.00322946 -0.000821468 -0.00378614 0.00232309 -0.00451197 0.0080198 0.0036105 -0.0027907 -0.0133277 0.00469912 -0.00155257 -0.00212628 -0.00561878 -0.0114208 -0.00316901 0.00186892 -0.00380711 -0.00620053 -0.0040293 -0.01375 0.00430029 -0.00365079 -0.00743017 -0.00176471 -0.00434783 0.00585413 0.015 0.0293478 0.00470085 0.000449102 -0.00189456 -0.00512195 -0.00811623 -0.00135107 -0.00235241 -0.00428744 0.00546218
internal_weight=49016 29709 5174 19307 3971 15336 987 4600 403 2212 14349 823 24535 12615 11920 8198 2795 5403 4417 531 8400 2019 708 1902 1311 3520 6381 2169 4197 533 2515 914 420 579 2948 13526 11583 2109 905 284 1943 581 2264 1628 320 1362 1890 885 2455 184 521 390 92 1287 658 597 615 489 9474 6664 3302 238
internal_count=49016 29709 5174 19307 3971 15336 987 4600 403 2212 14349 823 24535 12615 11920 8198 2795 5403 4417 531 8400 2019 708 1902 1311 3520 6381 2169 4197 533 2515 914 420 579 2948 13526 11583 2109 905 284 1943 581 2264 1628 320 1362 1890 885 2455 184 521 390 92 1287 658 597 615 489 9474 6664 3302 238
cat_boundaries=0 2 5 7 9 11 13 15 17 19 21 23 25 27 29 31 33 35 37 39 41 43 45 47 49 51 53 55 57 59 61 63 64
cat_threshold=44441381 2721897 537401990 75645032 2 0 16400 1275341377 4194376 8394245 2049 33555492 2623489 402653192 1052672 7200 524321 98498 1196800 3361226760 12672 205520904 262144 2369781768 266240 77758528 138674177 2349137921 138412033 335609920 262656 2228481 138674176 83951634 16404 1212153864 512 65536 1048832 2490432 134250496 11239426 537579524 8652324 2131968 10488832 624640 260 478150657 201326593 786432 1342701568 12292 134479936 64 327680 4227073 98304 1049088 128 131328 8391937 2099264 10584064
is_linear=0
shrinkage=0.05


Tree=49
num_leaves=63
num_cat=16
split_feature=2 2 4 1 1 3 4 4 9 7 7 9 4 7 2 9 7 2 1 4 1 7 9 7 1 7 4 4 4 8 4 4 2 9 9 4 4 4 7 4 9 9 2 9 1 2 4 9 1 2 7 7 4 4 2 9 7 6 7 4 9 4
split_gain=54.1436 49.7923 22.0987 26.8253 16.6266 16.8559 14.6929 10.7261 10.2599 10.1013 13.819 12.7295 11.4269 9.68439 9.3232 9.08416 9.01166 9.00741 8.90933 8.48417 8.45841 7.84015 10.123 8.74965 7.95809 7.74774 7.61724 7.51585 7.45031 7.2782 7.04035 9.77855 8.16541 13.59 7.00764 6.91861 6.91845 9.16904 6.88368 6.25259 6.23747 6.19484 6.0999 6.08357 8.39339 5.9913 11.4417 5.95324 6.89193 5.91434 5.82243 6.20862 5.78736 6.06703 5.71117 5.89964 5.6765 5.52323 6.77769 7.25868 12.2985 5.5127
threshold=0 1 134.50000000000003 2 3 2.5000000000000004 434.50000000000006 14.500000000000002 5.5000000000000009 7.5000000000000009 3.5000000000000004 10.500000000000002 43.500000000000007 11.500000000000002 4 1.0000000180025095e-35 11.500000000000002 5 6 100.50000000000001 7 2.5000000000000004 11.500000000000002 6.5000000000000009 8 10.500000000000002 9.5000000000000018 112.50000000000001 66.500000000000014 1.0000000180025095e-35 228.50000000000003 244.50000000000003 9 6.5000000000000009 5.5000000000000009 170.50000000000003 118.50000000000001 116.50000000000001 5.5000000000000009 73.500000000000014 7.5000000000000009 5.5000000000000009 10 19.500000000000004 11 12 27.500000000000004 17.500000000000004 13 14 8.5000000000000018 6.5000000000000009 65.500000000000014 61.500000000000007 15 20.500000000000004 6.5000000000000009 1.0000000180025095e-35 1.5000000000000002 13.500000000000002 19.500000000000004 168.50000000000003
decision_type=9 9 2 9 9 2 2 2 2 2 2 2 2 2 9 2 2 9 9 2 9 2 2 2 9 2 2 2 2 2 2 2 9 2 2 2 2 2 2 2 2 2 9 2 9 9 2 2 9 9 2 2 2 2 9 2 2 2 2 2 2 2
left_child=6 42 4 14 15 9 35 26 61 10 11 27 18 17 -4 -3 34 25 -11 28 57 22 39 -23 -25 -14 -7 45 -15 -28 32 -32 -16 -34 -9 -1 37 38 41 -17 -20 -12 -2 -36 50 46 -6 48 -10 -27 51 -45 53 -40 55 -37 -38 58 59 60 -13 -5
right_child=1 2 3 8 5 7 -8 16 47 12 36 20 13 19 30 21 -18 -19 40 -21 -22 23 -24 24 -26 49 29 -29 -30 -31 31 -33 33 -35 43 54 56 -39 52 -41 -42 -43 -44 44 -46 -47 -48 -49 -50 -51 -52 -53 -54 -55 -56 -57 -58 -59 -60 -61 -62 -63
leaf_value=-0.014813107232004144 0.026369670744280163 0.0027859484183436092 -9.6977900109934684e-05 -0.0020166723351100258 -0.023518629504538403 0.03165256288778303 0.016634285383326397 0.0095289658529875143 0.00068118058208887502 -0.0059660421329717998 0.032379928613674051 0.0020540259678873741 -0.00053552188792351798 0.015984029431134261 -0.0039059406315386513 -0.0055343947823369433 0.0073569369418730272 0.0032716451154591098 0.011236475264537027 0.033069317093421445 -0.0038802353888978793 0.00035639645003173739 -0.0042303422529199556 0.0058676345280300191 -0.00593239264539871 -0.0047460769225621926 -0.023473369354928577 -0.029508825944071539 -0.0023204951093385106 -0.0087616169306011793 0.0054217357717419095 -0.0022484227636834996 0.0076035744245666675 -0.014019339544900675 -0.0069611007936485232 -0.0040201164122777742 -0.0098503147620443657 0.033790691766677261 0.00034987733026459189 -0.016893186718409503 -0.001425632395679899 0.0060795545003123012 0.0035815882695582782 0.022027114159307384 -0.0022109892264866151 -0.0035714870423895987 -0.01190657004144356 0.005383028504395199 0.0048036492607432257 -0.019065293150868093 -0.00099038359377778828 0.035640053494733086 0.0064521116576604755 -0.020566811056503473 -0.014148361825189552 -0.022766910596362547 0.012254990169944569 -0.0040245425909077653 0.0018031997063604921 0.0072524638571608742 0.012286801863679942 0.018929454872610087
leaf_weight=91 109 57 4978 62 87 37 31 144 5578 2932 69 55 1875 233 519 54 291 1055 102 149 1057 699 186 154 1973 464 144 66 250 188 238 1608 52 382 2724 220 214 39 2199 110 1385 1999 6175 49 372 730 122 2670 1122 140 33 32 889 96 188 30 78 287 555 299 52 238
leaf_count=91 109 57 4978 62 87 37 31 144 5578 2932 69 55 1875 233 519 54 291 1055 102 149 1057 699 186 154 1973 464 144 66 250 188 238 1608 52 382 2724 220 214 39 2199 110 1385 1999 6175 49 372 730 122 2670 1122 140 33 32 889 96 188 30 78 287 555 299 52 238
internal_value=-0.000118329 6.18991e-05 -0.00055711 0.000805296 -0.00151871 -0.00101386 -0.0154386 -0.00393622 0.00256198 -0.000343289 0.000837738 -0.00172205 -0.00156669 0.00031205 -0.00138051 -0.00485661 -0.00311385 -0.000707414 -0.00333786 0.00601266 0.00032538 -0.0052267 -0.0122857 -0.00435244 -0.00594734 -0.00235034 -0.0120596 -0.00641791 0.00279503 -0.0144578 -0.00368459 -0.00189599 -0.00718783 -0.0121622 -0.00384615 -0.0176749 0.00235536 0.00276885 0.00258949 -0.0213415 -0.000167001 0.00483559 0.00421036 -0.00433022 0.000823045 -0.00527157 -0.0125571 0.00227321 0.00147761 -0.00728477 0.0120968 0.0203704 0.00113065 -0.000196078 -0.0150685 -0.00884615 -0.00513699 0.00310016 0.00494277 0.00985222 0.021028 0.0116667
internal_weight=49016 48456 42172 17447 24725 21492 560 4014 9670 17478 8893 3310 8585 4166 7777 3233 3645 3534 4419 632 2305 3176 350 2826 2127 2479 369 1005 483 332 2799 1846 953 434 3354 529 5583 5291 5252 164 1487 2068 6284 3210 486 939 209 9370 6700 604 114 81 3184 2295 438 250 292 1248 961 406 107 300
internal_count=49016 48456 42172 17447 24725 21492 560 4014 9670 17478 8893 3310 8585 4166 7777 3233 3645 3534 4419 632 2305 3176 350 2826 2127 2479 369 1005 483 332 2799 1846 953 434 3354 529 5583 5291 5252 164 1487 2068 6284 3210 486 939 209 9370 6700 604 114 81 3184 2295 438 250 292 1248 961 406 107 300
cat_boundaries=0 6 12 14 16 22 28 30 32 34 39 45 46 50 52 57 63
cat_threshold=128 525121 33024 786440 0 16 1076364292 2315732102 63979584 0 34603012 170240 1813512515 545411073 738197505 71303245 587206664 289447952 67109382 202407936 128 128 0 0 2952790024 66 134217728 32 2158330112 262144 9207808 134217728 0 64 131072 0 524288 2105344 10 0 167773184 16384 0 0 36864 32768 0 0 536870912 66 10780672 134742084 0 0 2147483648 64 134217728 0 524800 256 0 0 16
is_linear=0
shrinkage=0.05


Tree=50
num_leaves=63
num_cat=31
split_feature=0 1 0 1 0 5 5 1 0 4 4 0 3 0 0 4 1 4 0 1 0 9 9 1 5 1 0 1 0 0 1 9 4 0 4 1 9 4 0 0 5 4 5 1 4 4 4 0 5 4 1 8 5 5 3 3 8 5 0 0 1 4
split_gain=61.0584 24.9384 37.6726 24.4111 29.9498 13.1537 17.581 13.7104 19.273 15.1964 13.6753 13.4193 12.9219 15.1904 12.9711 18.1791 12.253 16.0672 13.0279 11.9723 13.1718 16.3367 15.0121 10.7349 10.9716 10.7086 10.6536 10.5484 10.1946 9.92512 11.2938 9.80999 9.46707 9.36064 9.15013 9.09417 8.99389 8.96048 11.165 10.4546 8.95167 11.8444 8.86702 8.77406 8.76808 8.62712 9.22103 12.3844 8.58904 9.39303 8.56354 8.46276 8.48194 8.42929 8.22078 8.19451 8.13373 19.7256 12.3873 10.0833 8.00543 8.88111
threshold=0 1 2 3 4 5.5000000000000009 1.5000000000000002 5 6 9.5000000000000018 12.500000000000002 7 3.5000000000000004 8 9 18.500000000000004 10 330.50000000000006 11 12 13 4.5000000000000009 3.5000000000000004 14 2.5000000000000004 15 16 17 18 19 20 22.500000000000004 81.500000000000014 21 547.50000000000011 22 13.500000000000002 134.50000000000003 23 24 1.0000000180025095e-35 32.500000000000007 4.5000000000000009 25 467.50000000000006 144.50000000000003 122.50000000000001 26 3.5000000000000004 70.500000000000014 27 1.0000000180025095e-35 2.5000000000000004 5.5000000000000009 3.5000000000000004 2.5000000000000004 1.0000000180025095e-35 2.5000000000000004 28 29 30 98.500000000000014
decision_type=9 9 9 9 9 2 2 9 9 2 2 9 2 9 9 2 9 2 9 9 9 2 2 9 2 9 9 9 9 9 9 2 2 9 2 9 2 2 9 9 2 2 2 9 2 2 2 9 2 2 9 2 2 2 2 2 2 2 9 9 9 2
left_child=3 2 45 4 -1 6 29 9 54 -8 -10 44 14 27 43 26 17 -7 -18 20 21 -17 -22 24 32 -23 -16 -14 -4 -5 -31 34 -6 -26 35 -12 48 39 53 -21 41 -41 -38 -3 51 46 47 -2 -27 -50 -15 52 -11 -39 60 -28 57 -24 -58 -59 -9 -62
right_child=1 12 28 5 23 16 7 8 10 11 31 -13 13 50 15 19 18 -19 -20 37 22 25 56 -25 33 36 55 -29 -30 30 -32 -33 -34 -35 -36 -37 42 38 -40 40 -42 -43 -44 -45 -46 -47 -48 -49 49 -51 -52 -53 -54 -55 -56 -57 58 59 -60 -61 61 -63
leaf_value=-0.010954467747529296 0.015643538515372458 0.0062475801508328878 -0.0050604317297531232 -0.00060855060940436803 -0.015751437727184792 -0.018260788188753829 0.011621118329486424 -0.0015365502870602955 -0.01217971531420118 -0.015555967626941315 0.0021357628256523432 0.0029253503323890652 0.022554107325150525 -0.00014168446888687125 0.00085787961129895067 0.0080200797640265116 0.0049596552094009708 0.014708994151978251 -0.0090505897138889405 0.0038094918838162185 -0.015654141885916351 -0.0064286739182020328 -0.01624658579405627 -0.0091637333871132497 -0.0049324594100579825 -0.0049096437858277778 -0.0066983121151732777 -0.000740890998501631 0.0030806296887905486 -0.010827413121978192 -0.0028962925763672213 0.013752626109806416 -2.5137750293113825e-05 0.0080782079130559178 0.015760225390933785 -0.002791778429078684 0.018303608303263493 0.013087826390219283 0.0026013425950332405 0.009813420827324594 -0.00024557223957433764 -0.014759536615173414 -0.00088384598293349552 0.0021133175383626357 -0.031717087135770095 0.012170523123474676 -0.01065358528439635 -0.0072516866721662691 0.030605270561100763 0.00087771250623498449 -0.010454903499948999 -0.006588759239056813 0.0071447333494055968 -0.0026196916038465192 -0.020391834614223076 -0.020996737923131826 0.0029778799747764598 0.0075504206579812168 -0.0047297633802043772 -0.0069535100897886951 -0.016623343137295105 -0.0022742325721605838
leaf_weight=987 153 2162 408 1515 84 241 222 1066 175 119 2165 1965 180 313 657 81 466 35 1034 2784 105 313 374 479 123 321 1212 627 4130 1722 1383 70 292 234 154 997 326 725 3799 121 3124 488 83 5335 44 536 40 112 30 159 781 436 335 104 114 121 892 145 780 221 324 493
leaf_count=987 153 2162 408 1515 84 241 222 1066 175 119 2165 1965 180 313 657 81 466 35 1034 2784 105 313 374 479 123 321 1212 627 4130 1722 1383 70 292 234 154 997 326 725 3799 121 3124 488 83 5335 44 536 40 112 30 159 781 436 335 104 114 121 892 145 780 221 324 493
internal_value=-0.000142811 0.00115898 0.00425868 -0.00253414 -0.00744681 -0.00181306 -0.00127453 5.18493e-05 -0.00143678 0.00269882 0.000770092 0.00174198 0.000525158 -0.00344555 0.000833947 6.77467e-05 -0.00585586 -0.0153846 -0.00397351 0.000664441 -0.00174479 0.00230537 -0.00385833 -0.00212766 0.00168237 0.000892857 -0.00442211 0.00177479 0.00244063 -0.00376623 -0.00537721 0.00147667 -0.00425532 0.00798319 0.00108565 0.000506009 0.00360603 0.0014926 0.00317632 0.000299217 -0.00142933 -0.00697865 0.0091687 0.00256427 -0.00317797 0.0139248 0.00737705 0.0107547 -0.000784314 0.00767196 -0.00724638 -0.00213483 0.00264317 0.00840286 -0.00535625 -0.00696203 -0.00306799 -0.00743243 -0.00113636 0.000819672 -0.00459373 -0.00828295
internal_weight=49016 31742 5379 17274 2199 15075 13299 8679 5558 3121 3561 2899 26363 1901 24462 16965 1776 276 1500 14975 3830 1313 2517 1212 733 1232 1990 807 4538 4620 3105 3386 376 357 3316 3162 919 11145 4628 6517 3733 609 409 7497 934 841 305 265 510 189 1094 890 454 829 1997 1333 2412 740 1672 366 1883 817
internal_count=49016 31742 5379 17274 2199 15075 13299 8679 5558 3121 3561 2899 26363 1901 24462 16965 1776 276 1500 14975 3830 1313 2517 1212 733 1232 1990 807 4538 4620 3105 3386 376 357 3316 3162 919 11145 4628 6517 3733 609 409 7497 934 841 305 265 510 189 1094 890 454 829 1997 1333 2412 740 1672 366 1883 817
cat_boundaries=0 2 5 7 9 11 14 16 18 20 22 24 26 28 30 32 34 36 38 40 42 44 46 48 50 52 54 56 58 60 62 64
cat_threshold=44310308 2721897 537924166 8536168 2 0 1064980 134217857 4194368 8394244 1 2693398564 872714276 2 10747908 2112 33556000 2195457 1096368264 271104 1074872386 148352 604635200 278528 35652640 2162753 1275330689 138416128 134348944 270336 134217728 64 1073741825 4198400 138543129 4 8388608 4194304 4194305 512 35652640 41 78446916 872431616 35651584 32800 69468416 540672 32896 1052672 2554331265 266260 1149894656 4456448 0 1064960 67403777 4194304 285736968 1048576 268468224 4100 98368 9043968
is_linear=0
shrinkage=0.05


Tree=51
num_leaves=63
num_cat=33
split_feature=0 2 2 0 2 2 1 0 0 2 2 5 5 7 7 4 4 2 2 0 7 0 7 0 0 4 2 0 2 2 0 0 0 0 1 0 7 3 0 7 4 1 4 4 7 7 3 5 0 4 7 7 4 4 5 5 5 0 0 1 5 4
split_gain=53.9985 36.0691 35.6823 41.9263 21.8197 14.8412 14.2287 13.4379 12.2949 28.2459 21.3718 13.814 12.4493 25.2967 12.3562 12.1466 13.0874 23.8402 16.5832 12.1293 11.8125 16.7807 18.6977 13.6655 11.7912 11.5406 16.1574 14.6256 18.2695 13.5643 24.2231 13.5116 11.4532 11.3625 11.2688 11.1973 10.7259 10.5849 10.4023 15.8747 10.3862 10.2818 12.7542 9.86324 9.78664 8.94634 8.93614 8.92493 8.86196 8.7332 8.54927 9.38941 12.2324 8.49914 8.41393 8.15228 8.0744 8.36683 8.04548 13.9686 7.95953 15.3931
threshold=0 1 2 3 4 5 6 7 8 9 10 2.5000000000000004 4.5000000000000009 1.5000000000000002 1.5000000000000002 8.5000000000000018 208.50000000000003 11 12 13 11.500000000000002 14 9.5000000000000018 15 16 134.50000000000003 17 18 19 20 21 22 23 24 25 26 2.5000000000000004 2.5000000000000004 27 1.5000000000000002 144.50000000000003 28 294.50000000000006 26.500000000000004 6.5000000000000009 1.5000000000000002 2.5000000000000004 1.0000000180025095e-35 29 547.50000000000011 5.5000000000000009 7.5000000000000009 144.50000000000003 150.50000000000003 3.5000000000000004 5.5000000000000009 1.0000000180025095e-35 30 31 32 1.0000000180025095e-35 284.50000000000006
decision_type=9 9 9 9 9 9 9 9 9 9 9 2 2 2 2 2 2 9 9 9 2 9 2 9 9 2 9 9 9 9 9 9 9 9 9 9 2 2 9 2 2 9 2 2 2 2 2 2 9 2 2 2 2 2 2 2 2 9 9 9 2 2
left_child=1 32 3 6 38 -4 -2 15 9 14 24 19 13 -13 -6 -7 18 -18 -17 -11 21 22 -5 -22 45 29 27 28 33 30 -9 -28 -1 36 -14 43 -27 48 39 -3 -41 -21 -43 -31 54 -10 -20 -48 -32 -42 -8 -52 -53 -29 -16 -56 57 -45 59 -33 61 -12
right_child=2 4 5 20 8 7 50 25 10 11 60 12 34 -15 44 16 17 -19 46 41 23 -23 -24 -25 -26 26 31 53 -30 35 37 58 -34 -35 -36 -37 -38 -39 -40 40 49 42 -44 56 -46 -47 47 -49 -50 -51 51 52 -54 -55 55 -57 -58 -59 -60 -61 -62 -63
leaf_value=-0.014903523288355681 0.00012027734221797814 0.024891179393055286 -0.010247403981868042 0.00052299950645491318 -0.011425251806680215 0.017204668966125138 0.0056395923941908845 0.0022109095332523143 -0.01362241058240652 0.0022497200872095614 -0.0084644119372418447 0.016738314601362405 0.0056689786435026651 0.0015419805182282477 -0.0070782413488379888 -0.017896040853504019 0.013206696706684218 0.0013024986670218343 0.0040114036703752243 -0.01044506861366561 0.01907740570735228 0.007175366867090905 -0.013053514100734964 0.00014934091756211299 -0.01213055639111742 -0.0047160952253189397 0.011217842557147301 0.01610765932440026 -0.00566245274915187 -0.0061650343458458995 -0.017503364648395692 0.011132079174021536 -0.011533179701976893 0.001667657498868902 -0.0067142235879598224 0.0015531989967183081 0.024541885043521727 0.0023046055017646784 -5.4147187489322904e-05 -0.002006764605505096 0.01561414749866713 -0.0044715738005628117 0.021370773066230711 0.0042883385117408529 -0.0093876629289326718 -0.00038483527356275305 -0.013365865382448973 -0.00082369910044317602 -0.0067987730995037578 -0.0016207392753535888 0.015497070188563944 0.0086343159977863241 0.013335758859938119 -0.0048310255829181253 0.015175298295853358 -0.0025824982026037588 0.0009449877043352429 -0.015248303047545542 0.0029840008096041482 -0.0097840344637285317 7.646134193421972e-05 0.011223084833775621
leaf_weight=108 110 106 348 427 136 119 90 277 82 390 1245 103 239 1141 274 135 597 801 2475 1123 137 1753 205 139 835 58 454 59 415 1685 273 177 324 501 659 4714 279 189 1082 306 394 193 43 230 1092 822 112 617 730 50 123 93 259 1793 110 58 3339 389 5278 359 8119 243
leaf_count=108 110 106 348 427 136 119 90 277 82 390 1245 103 239 1141 274 135 597 801 2475 1123 137 1753 205 139 835 58 454 59 415 1685 273 177 324 501 659 4714 279 189 1082 306 394 193 43 230 1092 822 112 617 730 50 123 93 259 1793 110 58 3339 389 5278 359 8119 243
internal_value=-0.000104048 -0.00216467 0.00123197 0.00609683 -0.00183241 0.000615227 0.0171533 0.000753885 -0.00240882 -0.00433495 -0.00146178 -0.00198667 0.00070028 0.00393891 -0.0097619 0.00312372 0.0027338 0.00679542 0.00103324 -0.00528874 0.00323849 0.0021174 -0.00482866 0.0130435 -0.0065466 0.000209817 0.00152032 -0.00142857 0.00273159 -0.000828683 -0.00530764 0.00297866 -0.0162896 0.00695755 -0.00378619 -0.000188097 0.0139769 -0.00840266 0.00318275 0.00727483 0.0048 -0.00748722 0.00203252 -0.00168937 -0.00853977 -0.00251641 0.00177349 -0.00308642 -0.0105184 0.00968468 0.0204348 0.0234737 0.0193182 -0.00424275 -0.00226244 0.00654762 -0.000328449 -0.00557351 0.00231799 -0.00347985 -0.00053551 -0.00389785
internal_weight=49016 19277 29739 3336 18845 26403 675 26055 16907 5561 11346 3891 2142 1244 1670 4856 4737 1398 3339 1749 2661 2385 632 276 1739 21199 9373 3105 1253 11826 1469 6268 432 838 898 10357 337 1192 1938 856 750 1359 236 5643 1534 904 3204 729 1003 444 565 475 352 1852 442 168 3958 619 5814 536 9607 1488
internal_count=49016 19277 29739 3336 18845 26403 675 26055 16907 5561 11346 3891 2142 1244 1670 4856 4737 1398 3339 1749 2661 2385 632 276 1739 21199 9373 3105 1253 11826 1469 6268 432 838 898 10357 337 1192 1938 856 750 1359 236 5643 1534 904 3204 729 1003 444 565 475 352 1852 442 168 3958 619 5814 536 9607 1488
cat_boundaries=0 2 8 14 16 22 28 30 32 34 40 46 50 54 55 57 59 61 67 69 75 81 83 85 87 89 91 93 95 97 99 101 103 105
cat_threshold=2191925029 2721889 129 17302081 0 2147811336 32 17 1076365324 16777346 1048640 1048578 34668564 133376 16 147472 536871942 410768 54525952 104858624 67108992 163872 2 786448 4352 4457472 0 16 67108870 32 1074806848 17280 10749444 32768 131072 0 524546 134250561 33554496 8 33558536 272637952 546308612 271589378 1075838990 256 570425344 0 2151677954 136413761 33689600 0 0 65537 2098176 134217736 1053184 419430408 1052672 133153 591872 537006208 872563201 21037062 136388609 2097290 160 4751496 135188 4224 0 4259840 136323072 136 160 33554432 0 4194312 302022656 1073741832 32768 134217744 8208 32768 1048576 268292 64 4751360 131076 98304 272629760 218661008 1056784 2183267361 34912 76120064 805847040 65544 12 17301504 16 4194304 393220 134250497 8388672
is_linear=0
shrinkage=0.05


end of trees

feature_importances:
district=949
month=529
sub_category=505
comment_len=388
main_type=303
day_of_week=221
hour=217
is_rainy_season=54
severity=49
is_weekend=9

parameters:
[boosting: gbdt]
[objective: regression_l1]
[metric: l1]
[tree_learner: serial]
[device_type: cpu]
[data_sample_strategy: bagging]
[data: ]
[valid: ]
[num_iterations: 800]
[learning_rate: 0.05]
[num_leaves: 63]
[num_threads: -1]
[seed: 42]
[deterministic: 0]
[force_col_wise: 0]
[force_row_wise: 0]
[histogram_pool_size: -1]
[max_depth: -1]
[min_data_in_leaf: 30]
[min_sum_hessian_in_leaf: 0.001]
[bagging_fraction: 0.8]
[pos_bagging_fraction: 1]
[neg_bagging_fraction: 1]
[bagging_freq: 0]
[bagging_seed: 400]
[bagging_by_query: 0]
[feature_fraction: 0.8]
[feature_fraction_bynode: 1]
[feature_fraction_seed: 30056]
[extra_trees: 0]
[extra_seed: 12879]
[early_stopping_round: 0]
[early_stopping_min_delta: 0]
[first_metric_only: 0]
[max_delta_step: 0]
[lambda_l1: 0]
[lambda_l2: 0]
[linear_lambda: 0]
[min_gain_to_split: 0]
[drop_rate: 0.1]
[max_drop: 50]
[skip_drop: 0.5]
[xgboost_dart_mode: 0]
[uniform_drop: 0]
[drop_seed: 17869]
[top_rate: 0.2]
[other_rate: 0.1]
[min_data_per_group: 100]
[max_cat_threshold: 32]
[cat_l2: 10]
[cat_smooth: 10]
[max_cat_to_onehot: 4]
[top_k: 20]
[monotone_constraints: ]
[monotone_constraints_method: basic]
[monotone_penalty: 0]
[feature_contri: ]
[forcedsplits_filename: ]
[refit_decay_rate: 0.9]
[cegb_tradeoff: 1]
[cegb_penalty_split: 0]
[cegb_penalty_feature_lazy: ]
[cegb_penalty_feature_coupled: ]
[path_smooth: 0]
[interaction_constraints: ]
[verbosity: -1]
[saved_feature_importance_type: 0]
[use_quantized_grad: 0]
[num_grad_quant_bins: 4]
[quant_train_renew_leaf: 0]
[stochastic_rounding: 1]
[linear_tree: 0]
[max_bin: 255]
[max_bin_by_feature: ]
[min_data_in_bin: 3]
[bin_construct_sample_cnt: 200000]
[data_random_seed: 175]
[is_enable_sparse: 1]
[enable_bundle: 1]
[use_missing: 1]
[zero_as_missing: 0]
[feature_pre_filter: 1]
[pre_partition: 0]
[two_round: 0]
[header: 0]
[label_column: ]
[weight_column: ]
[group_column: ]
[ignore_column: ]
[categorical_feature: 0,1,2]
[forcedbins_filename: ]
[precise_float_parser: 0]
[parser_config_file: ]
[objective_seed: 16083]
[num_class: 1]
[is_unbalance: 0]
[scale_pos_weight: 1]
[sigmoid: 1]
[boost_from_average: 1]
[reg_sqrt: 0]
[alpha: 0.9]
[fair_c: 1]
[poisson_max_delta_step: 0.7]
[tweedie_variance_power: 1.5]
[lambdarank_truncation_level: 30]
[lambdarank_norm: 1]
[label_gain: ]
[lambdarank_position_bias_regularization: 0]
[eval_at: ]
[multi_error_top_k: 1]
[auc_mu_weights: ]
[num_machines: 1]
[local_listen_port: 12400]
[time_out: 120]
[machine_list_filename: ]
[machines: ]
[gpu_platform_id: -1]
[gpu_device_id: -1]
[gpu_device_id_list: ]
[gpu_use_dp: 0]
[num_gpu: 1]

end of parameters

pandas_categorical:[["\u0e04\u0e25\u0e2d\u0e07\u0e2a\u0e32\u0e19", "\u0e04\u0e25\u0e2d\u0e07\u0e2a\u0e32\u0e21\u0e27\u0e32", "\u0e04\u0e25\u0e2d\u0e07\u0e40\u0e15\u0e22", "\u0e04\u0e31\u0e19\u0e19\u0e32\u0e22\u0e32\u0e27", "\u0e08\u0e15\u0e38\u0e08\u0e31\u0e01\u0e23", "\u0e08\u0e2d\u0e21\u0e17\u0e2d\u0e07", "\u0e14\u0e2d\u0e19\u0e40\u0e21\u0e37\u0e2d\u0e07", "\u0e14\u0e34\u0e19\u0e41\u0e14\u0e07", "\u0e14\u0e38\u0e2a\u0e34\u0e15", "\u0e15\u0e25\u0e34\u0e48\u0e07\u0e0a\u0e31\u0e19", "\u0e17\u0e27\u0e35\u0e27\u0e31\u0e12\u0e19\u0e32", "\u0e17\u0e38\u0e48\u0e07\u0e04\u0e23\u0e38", "\u0e18\u0e19\u0e1a\u0e38\u0e23\u0e35", "\u0e1a\u0e32\u0e07\u0e01\u0e23\u0e27\u0e22", "\u0e1a\u0e32\u0e07\u0e01\u0e2d\u0e01\u0e19\u0e49\u0e2d\u0e22", "\u0e1a\u0e32\u0e07\u0e01\u0e2d\u0e01\u0e43\u0e2b\u0e0d\u0e48", "\u0e1a\u0e32\u0e07\u0e01\u0e30\u0e1b\u0e34", "\u0e1a\u0e32\u0e07\u0e02\u0e38\u0e19\u0e40\u0e17\u0e35\u0e22\u0e19", "\u0e1a\u0e32\u0e07\u0e04\u0e2d\u0e41\u0e2b\u0e25\u0e21", "\u0e1a\u0e32\u0e07\u0e0b\u0e37\u0e48\u0e2d", "\u0e1a\u0e32\u0e07\u0e19\u0e32", "\u0e1a\u0e32\u0e07\u0e1a\u0e2d\u0e19", "\u0e1a\u0e32\u0e07\u0e1e\u0e25\u0e31\u0e14", "\u0e1a\u0e32\u0e07\u0e23\u0e31\u0e01", "\u0e1a\u0e32\u0e07\u0e40\u0e02\u0e19", "\u0e1a\u0e32\u0e07\u0e41\u0e04", "\u0e1a\u0e36\u0e07\u0e01\u0e38\u0e48\u0e21", "\u0e1b\u0e17\u0e38\u0e21\u0e27\u0e31\u0e19", "\u0e1b\u0e23\u0e30\u0e40\u0e27\u0e28", "\u0e1b\u0e32\u0e01\u0e40\u0e01\u0e23\u0e47\u0e14", "\u0e1b\u0e49\u0e2d\u0e21\u0e1b\u0e23\u0e32\u0e1a\u0e28\u0e31\u0e15\u0e23\u0e39\u0e1e\u0e48\u0e32\u0e22", "\u0e1e\u0e0d\u0e32\u0e44\u0e17", "\u0e1e\u0e23\u0e30\u0e19\u0e04\u0e23", "\u0e1e\u0e23\u0e30\u0e1b\u0e23\u0e30\u0e41\u0e14\u0e07", "\u0e1e\u0e23\u0e30\u0e42\u0e02\u0e19\u0e07", "\u0e20\u0e32\u0e29\u0e35\u0e40\u0e08\u0e23\u0e34\u0e0d", "\u0e21\u0e35\u0e19\u0e1a\u0e38\u0e23\u0e35", "\u0e22\u0e32\u0e19\u0e19\u0e32\u0e27\u0e32", "\u0e23\u0e32\u0e0a\u0e40\u0e17\u0e27\u0e35", "\u0e23\u0e32\u0e29\u0e0e\u0e23\u0e4c\u0e1a\u0e39\u0e23\u0e13\u0e30", "\u0e25\u0e32\u0e14\u0e01\u0e23\u0e30\u0e1a\u0e31\u0e07", "\u0e25\u0e32\u0e14\u0e1e\u0e23\u0e49\u0e32\u0e27", "\u0e25\u0e33\u0e25\u0e39\u0e01\u0e01\u0e32", "\u0e27\u0e31\u0e07\u0e17\u0e2d\u0e07\u0e2b\u0e25\u0e32\u0e07", "\u0e27\u0e31\u0e12\u0e19\u0e32", "\u0e2a\u0e27\u0e19\u0e2b\u0e25\u0e27\u0e07", "\u0e2a\u0e30\u0e1e\u0e32\u0e19\u0e2a\u0e39\u0e07", "\u0e2a\u0e31\u0e21\u0e1e\u0e31\u0e19\u0e18\u0e27\u0e07\u0e28\u0e4c", "\u0e2a\u0e32\u0e17\u0e23", "\u0e2a\u0e32\u0e22\u0e44\u0e2b\u0e21", "\u0e2b\u0e19\u0e2d\u0e07\u0e08\u0e2d\u0e01", "\u0e2b\u0e19\u0e2d\u0e07\u0e41\u0e02\u0e21", "\u0e2b\u0e25\u0e31\u0e01\u0e2a\u0e35\u0e48", "\u0e2b\u0e49\u0e27\u0e22\u0e02\u0e27\u0e32\u0e07", "\u0e40\u0e21\u0e37\u0e2d\u0e07\u0e2a\u0e21\u0e38\u0e17\u0e23\u0e2a\u0e32\u0e04\u0e23"], ["BEST", "\u0e01\u0e23\u0e30\u0e17\u0e33\u0e1c\u0e34\u0e14\u0e43\u0e19\u0e17\u0e35\u0e48\u0e2a\u0e32\u0e18\u0e32\u0e23\u0e13\u0e30", "\u0e01\u0e23\u0e38\u0e07\u0e40\u0e17\u0e1e\u0e42\u0e1b\u0e23\u0e48\u0e07\u0e43\u0e2a", "\u0e01\u0e25\u0e49\u0e2d\u0e07\u0e42\u0e17\u0e23\u0e17\u0e31\u0e28\u0e19\u0e4c\u0e27\u0e07\u0e08\u0e23\u0e1b\u0e34\u0e14 (CCTV)", "\u0e01\u0e32\u0e23\u0e04\u0e38\u0e49\u0e21\u0e04\u0e23\u0e2d\u0e07\u0e1c\u0e39\u0e49\u0e1a\u0e23\u0e34\u0e42\u0e20\u0e04", "\u0e01\u0e32\u0e23\u0e1a\u0e23\u0e34\u0e2b\u0e32\u0e23\u0e07\u0e32\u0e19\u0e1a\u0e38\u0e04\u0e04\u0e25", "\u0e02\u0e22\u0e30", "\u0e02\u0e22\u0e30\u0e41\u0e25\u0e30\u0e2a\u0e34\u0e48\u0e07\u0e1b\u0e0f\u0e34\u0e01\u0e39\u0e25", "\u0e02\u0e2d\u0e04\u0e27\u0e32\u0e21\u0e0a\u0e48\u0e27\u0e22\u0e40\u0e2b\u0e25\u0e37\u0e2d", "\u0e02\u0e2d\u0e43\u0e0a\u0e49\u0e1a\u0e23\u0e34\u0e01\u0e32\u0e23", "\u0e02\u0e2d\u0e43\u0e2b\u0e49\u0e14\u0e33\u0e40\u0e19\u0e34\u0e19\u0e01\u0e32\u0e23\u0e01\u0e31\u0e1a\u0e2a\u0e31\u0e15\u0e27\u0e4c\u0e40\u0e25\u0e37\u0e49\u0e2d\u0e22\u0e04\u0e25\u0e32\u0e19 \u0e2a\u0e31\u0e15\u0e27\u0e4c\u0e21\u0e35\u0e1e\u0e34\u0e29", "\u0e02\u0e36\u0e49\u0e19\u0e17\u0e30\u0e40\u0e1a\u0e35\u0e22\u0e19&\u0e2a\u0e33\u0e23\u0e27\u0e08", "\u0e02\u0e49\u0e2d\u0e40\u0e2a\u0e19\u0e2d\u0e41\u0e19\u0e30", "\u0e04\u0e19\u0e40\u0e23\u0e48\u0e23\u0e48\u0e2d\u0e19", "\u0e04\u0e27\u0e31\u0e19\u0e14\u0e33", "\u0e04\u0e27\u0e32\u0e21\u0e1b\u0e25\u0e2d\u0e14\u0e20\u0e31\u0e22", "\u0e04\u0e27\u0e32\u0e21\u0e2a\u0e30\u0e2d\u0e32\u0e14", "\u0e08\u0e23\u0e32\u0e08\u0e23", "\u0e08\u0e38\u0e14\u0e40\u0e2a\u0e35\u0e48\u0e22\u0e07", "\u0e15\u0e49\u0e19\u0e44\u0e21\u0e49", "\u0e15\u0e49\u0e19\u0e44\u0e21\u0e49\u0e41\u0e25\u0e30\u0e2a\u0e27\u0e19\u0e2a\u0e32\u0e18\u0e32\u0e23\u0e13\u0e30", "\u0e16\u0e19\u0e19", "\u0e16\u0e31\u0e07\u0e14\u0e31\u0e1a\u0e40\u0e1e\u0e25\u0e34\u0e07/\u0e1b\u0e23\u0e30\u0e1b\u0e32\u0e2b\u0e31\u0e27\u0e41\u0e14\u0e07", "\u0e17\u0e32\u0e07\u0e40\u0e17\u0e49\u0e32", "\u0e17\u0e35\u0e48\u0e1e\u0e31\u0e01\u0e1c\u0e39\u0e49\u0e42\u0e14\u0e22\u0e2a\u0e32\u0e23", "\u0e17\u0e38\u0e08\u0e23\u0e34\u0e15", "\u0e17\u0e48\u0e2d\u0e23\u0e30\u0e1a\u0e32\u0e22\u0e19\u0e49\u0e33", "\u0e19\u0e49\u0e33\u0e17\u0e48\u0e27\u0e21", "\u0e1a\u0e23\u0e34\u0e01\u0e32\u0e23\u0e2a\u0e32\u0e18\u0e32\u0e23\u0e13\u0e30\u0e02\u0e2d\u0e07\u0e2b\u0e19\u0e48\u0e27\u0e22\u0e07\u0e32\u0e19\u0e43\u0e19\u0e2a\u0e31\u0e07\u0e01\u0e31\u0e14\u0e01\u0e23\u0e38\u0e07\u0e40\u0e17\u0e1e\u0e21\u0e2b\u0e32\u0e19\u0e04\u0e23", "\u0e1a\u0e32\u0e17\u0e27\u0e34\u0e16\u0e35", "\u0e1b\u0e23\u0e30\u0e1b\u0e32", "\u0e1b\u0e31\u0e0d\u0e2b\u0e32\u0e04\u0e27\u0e32\u0e21\u0e40\u0e14\u0e37\u0e2d\u0e14\u0e23\u0e49\u0e2d\u0e19\u0e08\u0e32\u0e01\u0e01\u0e32\u0e23\u0e14\u0e33\u0e40\u0e19\u0e34\u0e19\u0e01\u0e32\u0e23\u0e02\u0e2d\u0e07\u0e23\u0e31\u0e10", "\u0e1b\u0e31\u0e0d\u0e2b\u0e32\u0e17\u0e35\u0e48\u0e2a\u0e48\u0e07\u0e1c\u0e25\u0e01\u0e23\u0e30\u0e17\u0e1a\u0e01\u0e31\u0e1a\u0e01\u0e32\u0e23\u0e08\u0e23\u0e32\u0e08\u0e23", "\u0e1b\u0e31\u0e0d\u0e2b\u0e32\u0e2a\u0e31\u0e07\u0e04\u0e21", "\u0e1b\u0e49\u0e32\u0e22\u0e42\u0e06\u0e29\u0e13\u0e32", "\u0e1c\u0e34\u0e14\u0e01\u0e0e\u0e08\u0e23\u0e32\u0e08\u0e23", "\u0e1c\u0e34\u0e14\u0e01\u0e0f\u0e08\u0e23\u0e32\u0e08\u0e23", "\u0e1c\u0e39\u0e49\u0e1e\u0e34\u0e01\u0e32\u0e23+\u0e43\u0e0a\u0e49\u0e25\u0e49\u0e2d", "\u0e1d\u0e38\u0e48\u0e19\u0e04\u0e27\u0e31\u0e19&\u0e01\u0e25\u0e34\u0e48\u0e19&PM2.5", "\u0e20\u0e31\u0e22\u0e17\u0e32\u0e07\u0e16\u0e19\u0e19", "\u0e20\u0e31\u0e22\u0e2d\u0e2d\u0e19\u0e44\u0e25\u0e19\u0e4c", "\u0e20\u0e31\u0e22\u0e2d\u0e37\u0e48\u0e19\u0e46", "\u0e22\u0e32\u0e40\u0e2a\u0e1e\u0e15\u0e34\u0e14", "\u0e27\u0e34\u0e19\u0e21\u0e2d\u0e44\u0e0b\u0e04\u0e4c", "\u0e2a\u0e30\u0e1e\u0e32\u0e19", "\u0e2a\u0e31\u0e15\u0e27\u0e4c", "\u0e2a\u0e32\u0e18\u0e32\u0e23\u0e13\u0e39\u0e1b\u0e42\u0e20\u0e04", "\u0e2a\u0e32\u0e22\u0e2a\u0e37\u0e48\u0e2d\u0e2a\u0e32\u0e23", "\u0e2a\u0e38\u0e02\u0e20\u0e32\u0e1e & \u0e1a\u0e31\u0e15\u0e23\u0e17\u0e2d\u0e07", "\u0e2d\u0e32\u0e04\u0e32\u0e23", "\u0e2d\u0e32\u0e04\u0e32\u0e23\u0e2a\u0e16\u0e32\u0e19\u0e17\u0e35\u0e48\u0e0a\u0e33\u0e23\u0e38\u0e14", "\u0e2d\u0e37\u0e48\u0e19\u0e46", "\u0e2d\u0e38\u0e17\u0e01\u0e20\u0e31\u0e22", "\u0e2d\u0e38\u0e1a\u0e31\u0e15\u0e34\u0e40\u0e2b\u0e15\u0e38", "\u0e2d\u0e38\u0e1b\u0e01\u0e23\u0e13\u0e4c\u0e0a\u0e33\u0e23\u0e38\u0e14", "\u0e40\u0e02\u0e37\u0e48\u0e2d\u0e19 \u0e04\u0e39\u0e04\u0e25\u0e2d\u0e07", "\u0e40\u0e1c\u0e32\u0e43\u0e19\u0e17\u0e35\u0e48\u0e42\u0e25\u0e48\u0e07", "\u0e40\u0e23\u0e37\u0e48\u0e2d\u0e07\u0e09\u0e38\u0e01\u0e40\u0e09\u0e34\u0e19", "\u0e40\u0e23\u0e37\u0e48\u0e2d\u0e07\u0e23\u0e49\u0e2d\u0e07\u0e17\u0e38\u0e01\u0e02\u0e4c\u0e1b\u0e23\u0e30\u0e40\u0e20\u0e17\u0e2d\u0e37\u0e48\u0e19 \u0e46 - \u0e40\u0e23\u0e37\u0e48\u0e2d\u0e07\u0e23\u0e49\u0e2d\u0e07\u0e40\u0e23\u0e35\u0e22\u0e19\u0e17\u0e35\u0e48\u0e44\u0e21\u0e48\u0e2a\u0e32\u0e21\u0e32\u0e23\u0e16\u0e08\u0e31\u0e14\u0e40\u0e02\u0e49\u0e32\u0e1b\u0e23\u0e30\u0e40\u0e20\u0e17\u0e43\u0e14", "\u0e40\u0e2a\u0e19\u0e2d\u0e41\u0e19\u0e30", "\u0e40\u0e2a\u0e35\u0e22\u0e07", "\u0e40\u0e2b\u0e15\u0e38\u0e40\u0e14\u0e37\u0e2d\u0e14\u0e23\u0e49\u0e2d\u0e19\u0e23\u0e33\u0e04\u0e32\u0e0d", "\u0e41\u0e17\u0e47\u0e01\u0e0b\u0e35\u0e48/\u0e23\u0e16\u0e40\u0e21\u0e25\u0e4c", "\u0e42\u0e23\u0e07\u0e40\u0e23\u0e35\u0e22\u0e19", "\u0e44\u0e1f\u0e1b\u0e48\u0e32", "\u0e44\u0e1f\u0e1f\u0e49\u0e32"], ["BEST", "\u0e01\u0e23\u0e30\u0e17\u0e33\u0e1c\u0e34\u0e14\u0e43\u0e19\u0e17\u0e35\u0e48\u0e2a\u0e32\u0e18\u0e32\u0e23\u0e13\u0e30", "\u0e01\u0e23\u0e38\u0e07\u0e40\u0e17\u0e1e\u0e42\u0e1b\u0e23\u0e48\u0e07\u0e43\u0e2a", "\u0e01\u0e25\u0e34\u0e48\u0e19", "\u0e01\u0e25\u0e48\u0e32\u0e27\u0e42\u0e17\u0e29\u0e40\u0e08\u0e49\u0e32\u0e2b\u0e19\u0e49\u0e32\u0e17\u0e35\u0e48", "\u0e01\u0e25\u0e49\u0e2d\u0e07\u0e42\u0e17\u0e23\u0e17\u0e31\u0e28\u0e19\u0e4c\u0e27\u0e07\u0e08\u0e23\u0e1b\u0e34\u0e14 (CCTV)", "\u0e01\u0e32\u0e23\u0e04\u0e38\u0e49\u0e21\u0e04\u0e23\u0e2d\u0e07\u0e1c\u0e39\u0e49\u0e1a\u0e23\u0e34\u0e42\u0e20\u0e04", "\u0e01\u0e32\u0e23\u0e08\u0e31\u0e14\u0e23\u0e30\u0e40\u0e1a\u0e35\u0e22\u0e1a\u0e2a\u0e32\u0e22\u0e2a\u0e37\u0e48\u0e2d\u0e2a\u0e32\u0e23", "\u0e01\u0e32\u0e23\u0e1a\u0e23\u0e34\u0e2b\u0e32\u0e23\u0e07\u0e32\u0e19\u0e1a\u0e38\u0e04\u0e04\u0e25", "\u0e01\u0e32\u0e23\u0e1a\u0e23\u0e34\u0e2b\u0e32\u0e23\u0e08\u0e31\u0e14\u0e01\u0e32\u0e23\u0e02\u0e2d\u0e07\u0e2b\u0e19\u0e48\u0e27\u0e22\u0e07\u0e32\u0e19", "\u0e01\u0e32\u0e23\u0e23\u0e30\u0e1a\u0e32\u0e22\u0e19\u0e49\u0e33\u0e17\u0e34\u0e49\u0e07\u0e25\u0e07\u0e43\u0e19\u0e16\u0e19\u0e19 \u0e2b\u0e23\u0e37\u0e2d\u0e1a\u0e49\u0e32\u0e19\u0e02\u0e2d\u0e07\u0e1c\u0e39\u0e49\u0e2d\u0e37\u0e48\u0e19", "\u0e01\u0e32\u0e23\u0e43\u0e2b\u0e49\u0e1a\u0e23\u0e34\u0e01\u0e32\u0e23\u0e02\u0e2d\u0e07\u0e40\u0e08\u0e49\u0e32\u0e2b\u0e19\u0e49\u0e32\u0e17\u0e35\u0e48", "\u0e02\u0e22\u0e30", "\u0e02\u0e22\u0e30\u0e15\u0e01\u0e04\u0e49\u0e32\u0e07", "\u0e02\u0e22\u0e30\u0e15\u0e01\u0e2b\u0e25\u0e48\u0e19", "\u0e02\u0e22\u0e30\u0e41\u0e25\u0e30\u0e2a\u0e34\u0e48\u0e07\u0e1b\u0e0f\u0e34\u0e01\u0e39\u0e25", "\u0e02\u0e2d\u0e01\u0e23\u0e30\u0e2a\u0e2d\u0e1a\u0e17\u0e23\u0e32\u0e22\u0e40\u0e1e\u0e37\u0e48\u0e2d\u0e01\u0e48\u0e2d\u0e2a\u0e23\u0e49\u0e32\u0e07\u0e41\u0e19\u0e27\u0e1b\u0e49\u0e2d\u0e07\u0e01\u0e31\u0e19\u0e19\u0e49\u0e33\u0e17\u0e48\u0e27\u0e21", "\u0e02\u0e2d\u0e04\u0e27\u0e32\u0e21\u0e0a\u0e48\u0e27\u0e22\u0e40\u0e2b\u0e25\u0e37\u0e2d", "\u0e02\u0e2d\u0e04\u0e27\u0e32\u0e21\u0e40\u0e1b\u0e47\u0e19\u0e18\u0e23\u0e23\u0e21", "\u0e02\u0e2d\u0e0b\u0e48\u0e2d\u0e21\u0e40\u0e1b\u0e25\u0e35\u0e48\u0e22\u0e19", "\u0e02\u0e2d\u0e19\u0e49\u0e33\u0e1b\u0e23\u0e30\u0e1b\u0e32", "\u0e02\u0e2d\u0e43\u0e0a\u0e49\u0e1a\u0e23\u0e34\u0e01\u0e32\u0e23", "\u0e02\u0e2d\u0e43\u0e2b\u0e49\u0e01\u0e33\u0e2b\u0e19\u0e14\u0e08\u0e38\u0e14\u0e2b\u0e22\u0e38\u0e14\u0e23\u0e16\u0e42\u0e14\u0e22\u0e2a\u0e32\u0e23\u0e1b\u0e23\u0e30\u0e08\u0e33\u0e17\u0e32\u0e07", "\u0e02\u0e2d\u0e43\u0e2b\u0e49\u0e01\u0e48\u0e2d\u0e2a\u0e23\u0e49\u0e32\u0e07 \u0e1b\u0e23\u0e31\u0e1a\u0e1b\u0e23\u0e38\u0e07 \u0e2b\u0e23\u0e37\u0e2d\u0e02\u0e22\u0e32\u0e22\u0e17\u0e48\u0e2d\u0e1b\u0e23\u0e30\u0e1b\u0e32", "\u0e02\u0e2d\u0e43\u0e2b\u0e49\u0e02\u0e38\u0e14\u0e25\u0e2d\u0e01 \u0e04\u0e39\u0e04\u0e25\u0e2d\u0e07", "\u0e02\u0e2d\u0e43\u0e2b\u0e49\u0e02\u0e38\u0e14\u0e25\u0e2d\u0e01\u0e17\u0e48\u0e2d\u0e23\u0e30\u0e1a\u0e32\u0e22\u0e19\u0e49\u0e33", "\u0e02\u0e2d\u0e43\u0e2b\u0e49\u0e08\u0e31\u0e14\u0e23\u0e30\u0e40\u0e1a\u0e35\u0e22\u0e1a\u0e2b\u0e32\u0e1a\u0e40\u0e23\u0e48 \u0e41\u0e1c\u0e07\u0e25\u0e2d\u0e22", "\u0e02\u0e2d\u0e43\u0e2b\u0e49\u0e08\u0e31\u0e14\u0e40\u0e01\u0e47\u0e1a\u0e02\u0e22\u0e30\u0e0a\u0e34\u0e49\u0e19\u0e43\u0e2b\u0e0d\u0e48 / \u0e02\u0e22\u0e30\u0e2a\u0e48\u0e27\u0e19\u0e40\u0e01\u0e34\u0e19", "\u0e02\u0e2d\u0e43\u0e2b\u0e49\u0e14\u0e33\u0e40\u0e19\u0e34\u0e19\u0e01\u0e32\u0e23\u0e01\u0e31\u0e1a\u0e19\u0e01", "\u0e02\u0e2d\u0e43\u0e2b\u0e49\u0e14\u0e33\u0e40\u0e19\u0e34\u0e19\u0e01\u0e32\u0e23\u0e01\u0e31\u0e1a\u0e1c\u0e39\u0e49\u0e01\u0e48\u0e2d\u0e2a\u0e23\u0e49\u0e32\u0e07\u0e2b\u0e23\u0e37\u0e2d\u0e15\u0e48\u0e2d\u0e40\u0e15\u0e34\u0e21\u0e2d\u0e32\u0e04\u0e32\u0e23\u0e1c\u0e34\u0e14\u0e41\u0e1a\u0e1a\u0e17\u0e35\u0e48\u0e02\u0e2d\u0e2d\u0e19\u0e38\u0e0d\u0e32\u0e15", "\u0e02\u0e2d\u0e43\u0e2b\u0e49\u0e14\u0e33\u0e40\u0e19\u0e34\u0e19\u0e01\u0e32\u0e23\u0e01\u0e31\u0e1a\u0e1c\u0e39\u0e49\u0e01\u0e48\u0e2d\u0e2a\u0e23\u0e49\u0e32\u0e07\u0e2b\u0e23\u0e37\u0e2d\u0e15\u0e48\u0e2d\u0e40\u0e15\u0e34\u0e21\u0e2d\u0e32\u0e04\u0e32\u0e23\u0e42\u0e14\u0e22\u0e44\u0e21\u0e48\u0e44\u0e14\u0e49\u0e23\u0e31\u0e1a\u0e2d\u0e19\u0e38\u0e0d\u0e32\u0e15", "\u0e02\u0e2d\u0e43\u0e2b\u0e49\u0e14\u0e33\u0e40\u0e19\u0e34\u0e19\u0e01\u0e32\u0e23\u0e01\u0e31\u0e1a\u0e1c\u0e39\u0e49\u0e02\u0e31\u0e1a\u0e02\u0e35\u0e48\u0e23\u0e16 / \u0e08\u0e2d\u0e14\u0e23\u0e16\u0e1a\u0e19\u0e17\u0e32\u0e07\u0e40\u0e17\u0e49\u0e32", "\u0e02\u0e2d\u0e43\u0e2b\u0e49\u0e14\u0e33\u0e40\u0e19\u0e34\u0e19\u0e01\u0e32\u0e23\u0e01\u0e31\u0e1a\u0e1c\u0e39\u0e49\u0e08\u0e2d\u0e14\u0e23\u0e16\u0e01\u0e35\u0e14\u0e02\u0e27\u0e32\u0e07", "\u0e02\u0e2d\u0e43\u0e2b\u0e49\u0e14\u0e33\u0e40\u0e19\u0e34\u0e19\u0e01\u0e32\u0e23\u0e01\u0e31\u0e1a\u0e1c\u0e39\u0e49\u0e15\u0e31\u0e49\u0e07\u0e27\u0e32\u0e07\u0e2a\u0e34\u0e48\u0e07\u0e02\u0e2d\u0e07\u0e01\u0e35\u0e14\u0e02\u0e27\u0e32\u0e07", "\u0e02\u0e2d\u0e43\u0e2b\u0e49\u0e14\u0e33\u0e40\u0e19\u0e34\u0e19\u0e01\u0e32\u0e23\u0e01\u0e31\u0e1a\u0e1c\u0e39\u0e49\u0e40\u0e17\u0e19\u0e49\u0e33 \u0e19\u0e49\u0e33\u0e21\u0e31\u0e19 \u0e2b\u0e23\u0e37\u0e2d\u0e17\u0e34\u0e49\u0e07\u0e40\u0e28\u0e29\u0e2a\u0e34\u0e48\u0e07\u0e02\u0e2d\u0e07\u0e43\u0e19\u0e17\u0e48\u0e2d\u0e23\u0e30\u0e1a\u0e32\u0e22\u0e19\u0e49\u0e33", "\u0e02\u0e2d\u0e43\u0e2b\u0e49\u0e14\u0e33\u0e40\u0e19\u0e34\u0e19\u0e01\u0e32\u0e23\u0e01\u0e31\u0e1a\u0e22\u0e38\u0e07", "\u0e02\u0e2d\u0e43\u0e2b\u0e49\u0e14\u0e33\u0e40\u0e19\u0e34\u0e19\u0e01\u0e32\u0e23\u0e01\u0e31\u0e1a\u0e27\u0e31\u0e2a\u0e14\u0e38\u0e15\u0e01\u0e2b\u0e25\u0e48\u0e19\u0e1a\u0e19\u0e1c\u0e34\u0e27\u0e08\u0e23\u0e32\u0e08\u0e23", "\u0e02\u0e2d\u0e43\u0e2b\u0e49\u0e14\u0e33\u0e40\u0e19\u0e34\u0e19\u0e01\u0e32\u0e23\u0e01\u0e31\u0e1a\u0e41\u0e21\u0e27", "\u0e02\u0e2d\u0e43\u0e2b\u0e49\u0e14\u0e33\u0e40\u0e19\u0e34\u0e19\u0e01\u0e32\u0e23\u0e1c\u0e39\u0e49\u0e25\u0e31\u0e01\u0e25\u0e2d\u0e1a\u0e44\u0e1f\u0e1f\u0e49\u0e32", "\u0e02\u0e2d\u0e43\u0e2b\u0e49\u0e14\u0e33\u0e40\u0e19\u0e34\u0e19\u0e01\u0e32\u0e23\u0e23\u0e37\u0e49\u0e2d\u0e16\u0e2d\u0e19\u0e2a\u0e34\u0e48\u0e07\u0e01\u0e48\u0e2d\u0e2a\u0e23\u0e49\u0e32\u0e07\u0e23\u0e38\u0e01\u0e25\u0e49\u0e33\u0e17\u0e35\u0e48\u0e2a\u0e32\u0e18\u0e32\u0e23\u0e13\u0e30", "\u0e02\u0e2d\u0e43\u0e2b\u0e49\u0e14\u0e33\u0e40\u0e19\u0e34\u0e19\u0e01\u0e32\u0e23\u0e2a\u0e32\u0e22\u0e42\u0e17\u0e23\u0e28\u0e31\u0e1e\u0e17\u0e4c\u0e17\u0e35\u0e48\u0e44\u0e21\u0e48\u0e40\u0e1b\u0e47\u0e19\u0e23\u0e30\u0e40\u0e1a\u0e35\u0e22\u0e1a", "\u0e02\u0e2d\u0e43\u0e2b\u0e49\u0e14\u0e33\u0e40\u0e19\u0e34\u0e19\u0e01\u0e32\u0e23\u0e41\u0e01\u0e49\u0e44\u0e02\u0e2a\u0e32\u0e22\u0e44\u0e1f\u0e1f\u0e49\u0e32\u0e17\u0e35\u0e48\u0e44\u0e21\u0e48\u0e40\u0e1b\u0e47\u0e19\u0e23\u0e30\u0e40\u0e1a\u0e35\u0e22\u0e1a\u0e40\u0e23\u0e35\u0e22\u0e1a\u0e23\u0e49\u0e2d\u0e22 \u0e2b\u0e23\u0e37\u0e2d\u0e2d\u0e32\u0e08\u0e01\u0e48\u0e2d\u0e43\u0e2b\u0e49\u0e40\u0e01\u0e34\u0e14\u0e2d\u0e31\u0e19\u0e15\u0e23\u0e32\u0e22\u0e41\u0e01\u0e48\u0e1b\u0e23\u0e30\u0e0a\u0e32\u0e0a\u0e19", "\u0e02\u0e2d\u0e43\u0e2b\u0e49\u0e15\u0e23\u0e27\u0e08\u0e2a\u0e2d\u0e1a \u0e41\u0e01\u0e49\u0e44\u0e02\u0e1b\u0e31\u0e0d\u0e2b\u0e32\u0e2d\u0e32\u0e04\u0e32\u0e23\u0e0a\u0e33\u0e23\u0e38\u0e14\u0e21\u0e35\u0e23\u0e2d\u0e22\u0e41\u0e15\u0e01\u0e23\u0e49\u0e32\u0e27\u0e2b\u0e23\u0e37\u0e2d\u0e17\u0e23\u0e38\u0e14\u0e15\u0e31\u0e27", "\u0e02\u0e2d\u0e43\u0e2b\u0e49\u0e15\u0e23\u0e27\u0e08\u0e2a\u0e2d\u0e1a\u0e01\u0e32\u0e23\u0e43\u0e0a\u0e49\u0e41\u0e25\u0e30\u0e40\u0e01\u0e47\u0e1a\u0e2a\u0e32\u0e23\u0e40\u0e04\u0e21\u0e35", "\u0e02\u0e2d\u0e43\u0e2b\u0e49\u0e15\u0e31\u0e14\u0e41\u0e15\u0e48\u0e07\u0e15\u0e49\u0e19\u0e44\u0e21\u0e49 \u0e01\u0e34\u0e48\u0e07\u0e44\u0e21\u0e49", "\u0e02\u0e2d\u0e43\u0e2b\u0e49\u0e15\u0e34\u0e14\u0e15\u0e31\u0e49\u0e07 \u0e0b\u0e48\u0e2d\u0e21\u0e41\u0e0b\u0e21 \u0e40\u0e04\u0e25\u0e37\u0e48\u0e2d\u0e19\u0e22\u0e49\u0e32\u0e22 \u0e01\u0e23\u0e30\u0e08\u0e01\u0e42\u0e04\u0e49\u0e07", "\u0e02\u0e2d\u0e43\u0e2b\u0e49\u0e15\u0e34\u0e14\u0e15\u0e31\u0e49\u0e07 \u0e0b\u0e48\u0e2d\u0e21\u0e41\u0e0b\u0e21 \u0e40\u0e04\u0e25\u0e37\u0e48\u0e2d\u0e19\u0e22\u0e49\u0e32\u0e22 \u0e04\u0e31\u0e19\u0e0a\u0e30\u0e25\u0e2d\u0e04\u0e27\u0e32\u0e21\u0e40\u0e23\u0e47\u0e27", "\u0e02\u0e2d\u0e43\u0e2b\u0e49\u0e15\u0e34\u0e14\u0e15\u0e31\u0e49\u0e07 \u0e0b\u0e48\u0e2d\u0e21\u0e41\u0e0b\u0e21 \u0e40\u0e04\u0e25\u0e37\u0e48\u0e2d\u0e19\u0e22\u0e49\u0e32\u0e22 \u0e1b\u0e49\u0e32\u0e22\u0e08\u0e23\u0e32\u0e08\u0e23", "\u0e02\u0e2d\u0e43\u0e2b\u0e49\u0e15\u0e34\u0e14\u0e15\u0e31\u0e49\u0e07 \u0e0b\u0e48\u0e2d\u0e21\u0e41\u0e0b\u0e21 \u0e40\u0e04\u0e25\u0e37\u0e48\u0e2d\u0e19\u0e22\u0e49\u0e32\u0e22 \u0e2a\u0e31\u0e0d\u0e0d\u0e32\u0e13\u0e44\u0e1f\u0e08\u0e23\u0e32\u0e08\u0e23", "\u0e02\u0e2d\u0e43\u0e2b\u0e49\u0e15\u0e34\u0e14\u0e15\u0e31\u0e49\u0e07 \u0e0b\u0e48\u0e2d\u0e21\u0e41\u0e0b\u0e21 \u0e40\u0e04\u0e25\u0e37\u0e48\u0e2d\u0e19\u0e22\u0e49\u0e32\u0e22 \u0e40\u0e04\u0e23\u0e37\u0e48\u0e2d\u0e07\u0e2b\u0e21\u0e32\u0e22\u0e08\u0e23\u0e32\u0e08\u0e23", "\u0e02\u0e2d\u0e43\u0e2b\u0e49\u0e15\u0e34\u0e14\u0e15\u0e31\u0e49\u0e07 \u0e0b\u0e48\u0e2d\u0e21\u0e41\u0e0b\u0e21 \u0e40\u0e04\u0e25\u0e37\u0e48\u0e2d\u0e19\u0e22\u0e49\u0e32\u0e22\u0e2d\u0e38\u0e1b\u0e01\u0e23\u0e13\u0e4c\u0e04\u0e27\u0e32\u0e21\u0e1b\u0e25\u0e2d\u0e14\u0e20\u0e31\u0e22\u0e14\u0e49\u0e32\u0e19\u0e01\u0e32\u0e23\u0e08\u0e23\u0e32\u0e08\u0e23", "\u0e02\u0e2d\u0e43\u0e2b\u0e49\u0e15\u0e34\u0e14\u0e15\u0e31\u0e49\u0e07 \u0e0b\u0e48\u0e2d\u0e21\u0e41\u0e0b\u0e21 \u0e40\u0e1b\u0e34\u0e14 - \u0e1b\u0e34\u0e14 \u0e40\u0e04\u0e23\u0e37\u0e48\u0e2d\u0e07\u0e2a\u0e39\u0e1a\u0e19\u0e49\u0e33", "\u0e02\u0e2d\u0e43\u0e2b\u0e49\u0e15\u0e34\u0e14\u0e15\u0e31\u0e49\u0e07 \u0e41\u0e25\u0e30\u0e15\u0e23\u0e27\u0e08\u0e2a\u0e2d\u0e1a\u0e23\u0e30\u0e1a\u0e1a\u0e1b\u0e49\u0e2d\u0e07\u0e01\u0e31\u0e19\u0e2d\u0e31\u0e04\u0e04\u0e35\u0e20\u0e31\u0e22\u0e41\u0e25\u0e30\u0e1a\u0e31\u0e19\u0e44\u0e14\u0e2b\u0e19\u0e35\u0e44\u0e1f", "\u0e02\u0e2d\u0e43\u0e2b\u0e49\u0e15\u0e34\u0e14\u0e15\u0e31\u0e49\u0e07\u0e01\u0e25\u0e49\u0e2d\u0e07\u0e42\u0e17\u0e23\u0e17\u0e31\u0e28\u0e19\u0e4c\u0e27\u0e07\u0e08\u0e23\u0e1b\u0e34\u0e14 (CCTV)", "\u0e02\u0e2d\u0e43\u0e2b\u0e49\u0e15\u0e34\u0e14\u0e15\u0e31\u0e49\u0e07\u0e40\u0e04\u0e23\u0e37\u0e48\u0e2d\u0e07\u0e1b\u0e49\u0e2d\u0e07\u0e01\u0e31\u0e19\u0e1d\u0e38\u0e48\u0e19\u0e25\u0e30\u0e2d\u0e2d\u0e07\u0e41\u0e25\u0e30\u0e27\u0e31\u0e2a\u0e14\u0e38\u0e15\u0e01\u0e2b\u0e25\u0e48\u0e19 / \u0e40\u0e04\u0e23\u0e37\u0e48\u0e2d\u0e07\u0e1b\u0e49\u0e2d\u0e07\u0e01\u0e31\u0e19\u0e1d\u0e38\u0e48\u0e19\u0e25\u0e30\u0e2d\u0e2d\u0e07\u0e41\u0e25\u0e30\u0e27\u0e31\u0e2a\u0e14\u0e38\u0e15\u0e01\u0e2b\u0e25\u0e48\u0e19\u0e44\u0e21\u0e48\u0e44\u0e14\u0e49\u0e21\u0e32\u0e15\u0e23\u0e10\u0e32\u0e19", "\u0e02\u0e2d\u0e43\u0e2b\u0e49\u0e17\u0e38\u0e1a\u0e23\u0e37\u0e49\u0e2d\u0e1a\u0e32\u0e17\u0e27\u0e34\u0e16\u0e35", "\u0e02\u0e2d\u0e43\u0e2b\u0e49\u0e1b\u0e23\u0e31\u0e1a\u0e02\u0e19\u0e32\u0e14\u0e1d\u0e32\u0e17\u0e48\u0e2d\u0e23\u0e30\u0e1a\u0e32\u0e22\u0e19\u0e49\u0e33", "\u0e02\u0e2d\u0e43\u0e2b\u0e49\u0e1b\u0e23\u0e31\u0e1a\u0e1b\u0e23\u0e38\u0e07\u0e1a\u0e32\u0e17\u0e27\u0e34\u0e16\u0e35\u0e43\u0e2b\u0e49\u0e21\u0e35\u0e23\u0e30\u0e14\u0e31\u0e1a\u0e2a\u0e39\u0e07\u0e02\u0e36\u0e49\u0e19 / \u0e15\u0e48\u0e33\u0e25\u0e07", "\u0e02\u0e2d\u0e43\u0e2b\u0e49\u0e1b\u0e23\u0e31\u0e1a\u0e23\u0e30\u0e14\u0e31\u0e1a\u0e02\u0e2d\u0e1a\u0e1a\u0e48\u0e2d\u0e1e\u0e31\u0e01\u0e23\u0e30\u0e1a\u0e32\u0e22\u0e19\u0e49\u0e33\u0e01\u0e31\u0e1a\u0e1c\u0e34\u0e27\u0e16\u0e19\u0e19", "\u0e02\u0e2d\u0e43\u0e2b\u0e49\u0e1b\u0e34\u0e14 \u0e40\u0e1b\u0e34\u0e14\u0e01\u0e23\u0e30\u0e41\u0e2a\u0e44\u0e1f\u0e1f\u0e49\u0e32", "\u0e02\u0e2d\u0e43\u0e2b\u0e49\u0e1e\u0e34\u0e08\u0e32\u0e23\u0e13\u0e32\u0e14\u0e33\u0e40\u0e19\u0e34\u0e19\u0e01\u0e32\u0e23\u0e41\u0e01\u0e49\u0e44\u0e02\u0e1b\u0e31\u0e0d\u0e2b\u0e32\u0e08\u0e23\u0e32\u0e08\u0e23\u0e15\u0e34\u0e14\u0e02\u0e31\u0e14", "\u0e02\u0e2d\u0e43\u0e2b\u0e49\u0e21\u0e35\u0e01\u0e32\u0e23\u0e01\u0e48\u0e2d\u0e2a\u0e23\u0e49\u0e32\u0e07\u0e16\u0e19\u0e19", "\u0e02\u0e2d\u0e43\u0e2b\u0e49\u0e21\u0e35\u0e01\u0e32\u0e23\u0e01\u0e48\u0e2d\u0e2a\u0e23\u0e49\u0e32\u0e07\u0e1a\u0e32\u0e17\u0e27\u0e34\u0e16\u0e35", "\u0e02\u0e2d\u0e43\u0e2b\u0e49\u0e21\u0e35\u0e01\u0e32\u0e23\u0e01\u0e48\u0e2d\u0e2a\u0e23\u0e49\u0e32\u0e07\u0e2a\u0e30\u0e1e\u0e32\u0e19", "\u0e02\u0e2d\u0e43\u0e2b\u0e49\u0e21\u0e35\u0e01\u0e32\u0e23\u0e02\u0e22\u0e32\u0e22\u0e16\u0e19\u0e19", "\u0e02\u0e2d\u0e43\u0e2b\u0e49\u0e21\u0e35\u0e01\u0e32\u0e23\u0e0b\u0e48\u0e2d\u0e21\u0e41\u0e0b\u0e21\u0e1a\u0e32\u0e17\u0e27\u0e34\u0e16\u0e35", "\u0e02\u0e2d\u0e43\u0e2b\u0e49\u0e21\u0e35\u0e01\u0e32\u0e23\u0e0b\u0e48\u0e2d\u0e21\u0e41\u0e0b\u0e21\u0e2a\u0e30\u0e1e\u0e32\u0e19", "\u0e02\u0e2d\u0e43\u0e2b\u0e49\u0e21\u0e35\u0e01\u0e32\u0e23\u0e1b\u0e23\u0e31\u0e1a\u0e1b\u0e23\u0e38\u0e07\u0e0b\u0e48\u0e2d\u0e21\u0e41\u0e0b\u0e21\u0e16\u0e19\u0e19", "\u0e02\u0e2d\u0e43\u0e2b\u0e49\u0e21\u0e35\u0e01\u0e32\u0e23\u0e22\u0e49\u0e32\u0e22\u0e2a\u0e30\u0e1e\u0e32\u0e19", "\u0e02\u0e2d\u0e43\u0e2b\u0e49\u0e21\u0e35\u0e44\u0e2b\u0e25\u0e48\u0e17\u0e32\u0e07", "\u0e02\u0e2d\u0e43\u0e2b\u0e49\u0e27\u0e32\u0e07\u0e17\u0e48\u0e2d\u0e23\u0e30\u0e1a\u0e32\u0e22\u0e19\u0e49\u0e33", "\u0e02\u0e2d\u0e43\u0e2b\u0e49\u0e2a\u0e23\u0e49\u0e32\u0e07\u0e2a\u0e30\u0e1e\u0e32\u0e19\u0e17\u0e32\u0e07\u0e40\u0e14\u0e34\u0e19\u0e0a\u0e31\u0e48\u0e27\u0e04\u0e23\u0e32\u0e27", "\u0e02\u0e2d\u0e43\u0e2b\u0e49\u0e2a\u0e39\u0e1a\u0e19\u0e49\u0e33\u0e2d\u0e2d\u0e01", "\u0e02\u0e2d\u0e43\u0e2b\u0e49\u0e40\u0e01\u0e47\u0e1a\u0e02\u0e22\u0e30 \u0e27\u0e31\u0e0a\u0e1e\u0e37\u0e0a \u0e43\u0e19\u0e04\u0e39\u0e04\u0e25\u0e2d\u0e07", "\u0e02\u0e2d\u0e43\u0e2b\u0e49\u0e40\u0e01\u0e47\u0e1a\u0e0b\u0e32\u0e01\u0e23\u0e16\u0e40\u0e01\u0e48\u0e32", "\u0e02\u0e2d\u0e43\u0e2b\u0e49\u0e40\u0e0a\u0e37\u0e48\u0e2d\u0e21\u0e16\u0e19\u0e19", "\u0e02\u0e2d\u0e43\u0e2b\u0e49\u0e40\u0e1b\u0e34\u0e14 \u2013 \u0e1b\u0e34\u0e14\u0e1b\u0e23\u0e30\u0e15\u0e39\u0e23\u0e30\u0e1a\u0e32\u0e22\u0e19\u0e49\u0e33", "\u0e02\u0e2d\u0e43\u0e2b\u0e49\u0e40\u0e1e\u0e34\u0e48\u0e21 / \u0e1b\u0e34\u0e14 - \u0e40\u0e1b\u0e34\u0e14 \u0e08\u0e38\u0e14\u0e01\u0e25\u0e31\u0e1a\u0e23\u0e16", "\u0e02\u0e2d\u0e43\u0e2b\u0e49\u0e40\u0e23\u0e48\u0e07\u0e01\u0e48\u0e2d\u0e2a\u0e23\u0e49\u0e32\u0e07\u0e1a\u0e32\u0e17\u0e27\u0e34\u0e16\u0e35/\u0e0b\u0e48\u0e2d\u0e21\u0e41\u0e0b\u0e21\u0e1a\u0e32\u0e17\u0e27\u0e34\u0e16\u0e35", "\u0e02\u0e2d\u0e43\u0e2b\u0e49\u0e40\u0e23\u0e48\u0e07\u0e01\u0e48\u0e2d\u0e2a\u0e23\u0e49\u0e32\u0e07\u0e2b\u0e23\u0e37\u0e2d\u0e0b\u0e48\u0e2d\u0e21\u0e41\u0e0b\u0e21\u0e1a\u0e32\u0e17\u0e2a\u0e30\u0e1e\u0e32\u0e19", "\u0e02\u0e2d\u0e43\u0e2b\u0e49\u0e40\u0e23\u0e48\u0e07\u0e14\u0e33\u0e40\u0e19\u0e34\u0e19\u0e01\u0e32\u0e23\u0e01\u0e48\u0e2d\u0e2a\u0e23\u0e49\u0e32\u0e07\u0e16\u0e19\u0e19/\u0e0b\u0e48\u0e2d\u0e21\u0e41\u0e0b\u0e21\u0e16\u0e19\u0e19", "\u0e02\u0e2d\u0e43\u0e2b\u0e49\u0e40\u0e23\u0e48\u0e07\u0e1b\u0e23\u0e31\u0e1a\u0e1b\u0e23\u0e38\u0e07\u0e17\u0e48\u0e2d\u0e23\u0e49\u0e2d\u0e22\u0e2a\u0e32\u0e22", "\u0e02\u0e2d\u0e43\u0e2b\u0e49\u0e41\u0e01\u0e49\u0e44\u0e02\u0e1b\u0e31\u0e0d\u0e2b\u0e32 \u0e40\u0e02\u0e37\u0e48\u0e2d\u0e19\u0e1e\u0e31\u0e07 \u0e0a\u0e33\u0e23\u0e38\u0e14", "\u0e02\u0e2d\u0e43\u0e2b\u0e49\u0e41\u0e01\u0e49\u0e44\u0e02\u0e1b\u0e31\u0e0d\u0e2b\u0e32\u0e19\u0e49\u0e33\u0e17\u0e48\u0e27\u0e21", "\u0e02\u0e2d\u0e43\u0e2b\u0e49\u0e41\u0e01\u0e49\u0e44\u0e02\u0e1b\u0e31\u0e0d\u0e2b\u0e32\u0e19\u0e49\u0e33\u0e40\u0e19\u0e48\u0e32\u0e40\u0e2b\u0e21\u0e47\u0e19", "\u0e02\u0e2d\u0e43\u0e2b\u0e49\u0e41\u0e01\u0e49\u0e44\u0e02\u0e1b\u0e31\u0e0d\u0e2b\u0e32\u0e43\u0e19\u0e2a\u0e27\u0e19\u0e2a\u0e32\u0e18\u0e32\u0e23\u0e13\u0e30", "\u0e02\u0e2d\u0e44\u0e1f\u0e1f\u0e49\u0e32", "\u0e02\u0e36\u0e49\u0e19\u0e17\u0e30\u0e40\u0e1a\u0e35\u0e22\u0e19&\u0e2a\u0e33\u0e23\u0e27\u0e08", "\u0e02\u0e49\u0e2d\u0e40\u0e2a\u0e19\u0e2d\u0e41\u0e19\u0e30", "\u0e04\u0e19\u0e40\u0e23\u0e48\u0e23\u0e48\u0e2d\u0e19", "\u0e04\u0e27\u0e31\u0e19", "\u0e04\u0e27\u0e31\u0e19\u0e14\u0e33", "\u0e04\u0e27\u0e32\u0e21\u0e1b\u0e25\u0e2d\u0e14\u0e20\u0e31\u0e22", "\u0e04\u0e27\u0e32\u0e21\u0e2a\u0e30\u0e2d\u0e32\u0e14", "\u0e04\u0e31\u0e19\u0e2b\u0e34\u0e19\u0e17\u0e32\u0e07\u0e40\u0e17\u0e49\u0e32\u0e41\u0e15\u0e01\u0e0a\u0e33\u0e23\u0e38\u0e14\u0e25\u0e49\u0e33\u0e2d\u0e2d\u0e01\u0e21\u0e32\u0e43\u0e19\u0e16\u0e19\u0e19", "\u0e08\u0e23\u0e32\u0e08\u0e23", "\u0e08\u0e38\u0e14\u0e40\u0e2a\u0e35\u0e48\u0e22\u0e07", "\u0e15\u0e49\u0e19\u0e44\u0e21\u0e49", "\u0e15\u0e49\u0e19\u0e44\u0e21\u0e49, \u0e01\u0e34\u0e48\u0e07\u0e44\u0e21\u0e49\u0e17\u0e35\u0e48\u0e40\u0e2d\u0e19\u0e25\u0e49\u0e33\u0e40\u0e02\u0e49\u0e32\u0e21\u0e32\u0e43\u0e19\u0e1c\u0e34\u0e27\u0e08\u0e23\u0e32\u0e08\u0e23", "\u0e15\u0e49\u0e19\u0e44\u0e21\u0e49\u0e25\u0e49\u0e21/\u0e01\u0e34\u0e48\u0e07\u0e44\u0e21\u0e49\u0e2b\u0e31\u0e01\u0e01\u0e35\u0e14\u0e02\u0e27\u0e32\u0e07\u0e17\u0e32\u0e07\u0e2a\u0e31\u0e0d\u0e08\u0e23", "\u0e15\u0e49\u0e19\u0e44\u0e21\u0e49\u0e25\u0e49\u0e21/\u0e01\u0e34\u0e48\u0e07\u0e44\u0e21\u0e49\u0e2b\u0e31\u0e01\u0e17\u0e31\u0e1a\u0e1a\u0e49\u0e32\u0e19\u0e40\u0e23\u0e37\u0e2d\u0e19\u0e1b\u0e23\u0e30\u0e0a\u0e32\u0e0a\u0e19", "\u0e15\u0e49\u0e19\u0e44\u0e21\u0e49\u0e41\u0e25\u0e30\u0e2a\u0e27\u0e19\u0e2a\u0e32\u0e18\u0e32\u0e23\u0e13\u0e30", "\u0e16\u0e19\u0e19", "\u0e16\u0e31\u0e07\u0e14\u0e31\u0e1a\u0e40\u0e1e\u0e25\u0e34\u0e07/\u0e1b\u0e23\u0e30\u0e1b\u0e32\u0e2b\u0e31\u0e27\u0e41\u0e14\u0e07", "\u0e16\u0e39\u0e01\u0e40\u0e2d\u0e32\u0e23\u0e31\u0e14\u0e40\u0e2d\u0e32\u0e40\u0e1b\u0e23\u0e35\u0e22\u0e1a\u0e08\u0e32\u0e01\u0e1c\u0e39\u0e49\u0e04\u0e49\u0e32", "\u0e17\u0e32\u0e07\u0e40\u0e17\u0e49\u0e32", "\u0e17\u0e32\u0e07\u0e40\u0e17\u0e49\u0e32\u0e22\u0e38\u0e1a\u0e15\u0e31\u0e27\u0e40\u0e1b\u0e47\u0e19\u0e2b\u0e25\u0e38\u0e21", "\u0e17\u0e34\u0e49\u0e07\u0e02\u0e22\u0e30\u0e44\u0e21\u0e48\u0e16\u0e39\u0e01\u0e17\u0e35\u0e48", "\u0e17\u0e38\u0e08\u0e23\u0e34\u0e15", "\u0e17\u0e48\u0e2d\u0e23\u0e30\u0e1a\u0e32\u0e22\u0e19\u0e49\u0e33", "\u0e17\u0e48\u0e2d\u0e23\u0e49\u0e2d\u0e22\u0e2a\u0e32\u0e22\u0e44\u0e1f\u0e1f\u0e49\u0e32\u0e22\u0e36\u0e14\u0e40\u0e01\u0e32\u0e30\u0e1a\u0e19\u0e2a\u0e30\u0e1e\u0e32\u0e19\u0e08\u0e30\u0e2b\u0e25\u0e38\u0e14\u0e2b\u0e25\u0e48\u0e19\u0e25\u0e07\u0e21\u0e32", "\u0e19\u0e49\u0e33\u0e17\u0e48\u0e27\u0e21", "\u0e19\u0e49\u0e33\u0e17\u0e48\u0e27\u0e21\u0e02\u0e31\u0e07", "\u0e19\u0e49\u0e33\u0e1b\u0e23\u0e30\u0e1b\u0e32\u0e44\u0e21\u0e48\u0e44\u0e2b\u0e25 \u0e2b\u0e23\u0e37\u0e2d\u0e44\u0e2b\u0e25\u0e2d\u0e48\u0e2d\u0e19", "\u0e19\u0e49\u0e33\u0e21\u0e31\u0e19\u0e2b\u0e01\u0e23\u0e32\u0e14\u0e25\u0e07\u0e1a\u0e19\u0e1c\u0e34\u0e27\u0e08\u0e23\u0e32\u0e08\u0e23", "\u0e1a\u0e23\u0e34\u0e01\u0e32\u0e23\u0e2a\u0e32\u0e18\u0e32\u0e23\u0e13\u0e30\u0e02\u0e2d\u0e07\u0e2b\u0e19\u0e48\u0e27\u0e22\u0e07\u0e32\u0e19\u0e43\u0e19\u0e2a\u0e31\u0e07\u0e01\u0e31\u0e14\u0e01\u0e23\u0e38\u0e07\u0e40\u0e17\u0e1e\u0e21\u0e2b\u0e32\u0e19\u0e04\u0e23", "\u0e1a\u0e32\u0e17\u0e27\u0e34\u0e16\u0e35", "\u0e1a\u0e48\u0e2d\u0e1e\u0e31\u0e01\u0e17\u0e48\u0e2d\u0e23\u0e30\u0e1a\u0e32\u0e22\u0e19\u0e49\u0e33\u0e2b\u0e23\u0e37\u0e2d\u0e1a\u0e48\u0e2d\u0e2a\u0e32\u0e18\u0e32\u0e23\u0e13\u0e39\u0e1b\u0e42\u0e20\u0e04\u0e17\u0e35\u0e48\u0e2d\u0e22\u0e39\u0e48\u0e43\u0e19\u0e1c\u0e34\u0e27\u0e08\u0e23\u0e32\u0e08\u0e23\u0e0a\u0e33\u0e23\u0e38\u0e14 \u0e21\u0e35\u0e23\u0e30\u0e14\u0e31\u0e1a\u0e15\u0e48\u0e33\u0e2b\u0e23\u0e37\u0e2d\u0e2a\u0e39\u0e07 \u0e1d\u0e32\u0e1a\u0e48\u0e2d\u0e22\u0e38\u0e1a\u0e15\u0e31\u0e27 \u0e2b\u0e23\u0e37\u0e2d\u0e1e\u0e31\u0e07\u0e2a\u0e39\u0e0d\u0e2b\u0e32\u0e22", "\u0e1b\u0e23\u0e30\u0e1b\u0e32", "\u0e1b\u0e25\u0e48\u0e2d\u0e22\u0e2a\u0e34\u0e48\u0e07\u0e1b\u0e0f\u0e34\u0e01\u0e39\u0e25\u0e25\u0e07\u0e17\u0e48\u0e2d\u0e23\u0e30\u0e1a\u0e32\u0e22\u0e19\u0e49\u0e33 / \u0e41\u0e2b\u0e25\u0e48\u0e07\u0e19\u0e49\u0e33\u0e2a\u0e32\u0e18\u0e32\u0e23\u0e13\u0e30", "\u0e1b\u0e31\u0e0d\u0e2b\u0e32\u0e01\u0e32\u0e23\u0e1a\u0e31\u0e07\u0e04\u0e31\u0e1a\u0e43\u0e0a\u0e49\u0e01\u0e0e\u0e2b\u0e21\u0e32\u0e22", "\u0e1b\u0e31\u0e0d\u0e2b\u0e32\u0e04\u0e27\u0e32\u0e21\u0e40\u0e14\u0e37\u0e2d\u0e14\u0e23\u0e49\u0e2d\u0e19\u0e08\u0e32\u0e01\u0e01\u0e32\u0e23\u0e14\u0e33\u0e40\u0e19\u0e34\u0e19\u0e01\u0e32\u0e23\u0e02\u0e2d\u0e07\u0e23\u0e31\u0e10", "\u0e1b\u0e31\u0e0d\u0e2b\u0e32\u0e17\u0e35\u0e48\u0e2a\u0e48\u0e07\u0e1c\u0e25\u0e01\u0e23\u0e30\u0e17\u0e1a\u0e01\u0e31\u0e1a\u0e01\u0e32\u0e23\u0e08\u0e23\u0e32\u0e08\u0e23", "\u0e1b\u0e31\u0e0d\u0e2b\u0e32\u0e40\u0e14\u0e37\u0e2d\u0e14\u0e23\u0e49\u0e2d\u0e19\u0e08\u0e32\u0e01\u0e01\u0e32\u0e23\u0e01\u0e48\u0e2d\u0e2a\u0e23\u0e49\u0e32\u0e07\u0e2d\u0e32\u0e04\u0e32\u0e23", "\u0e1b\u0e49\u0e32\u0e22\u0e42\u0e06\u0e29\u0e13\u0e32", "\u0e1b\u0e49\u0e32\u0e22\u0e42\u0e06\u0e29\u0e13\u0e32\u0e02\u0e19\u0e32\u0e14\u0e43\u0e2b\u0e0d\u0e48", "\u0e1b\u0e49\u0e32\u0e22\u0e42\u0e06\u0e29\u0e13\u0e32\u0e25\u0e49\u0e21/\u0e40\u0e2d\u0e35\u0e22\u0e07", "\u0e1c\u0e34\u0e14\u0e01\u0e0e\u0e08\u0e23\u0e32\u0e08\u0e23", "\u0e1c\u0e34\u0e14\u0e01\u0e0f\u0e08\u0e23\u0e32\u0e08\u0e23", "\u0e1c\u0e34\u0e27\u0e08\u0e23\u0e32\u0e08\u0e23\u0e17\u0e35\u0e48\u0e40\u0e1b\u0e47\u0e19\u0e2b\u0e25\u0e38\u0e21\u0e40\u0e1b\u0e47\u0e19\u0e1a\u0e48\u0e2d", "\u0e1c\u0e39\u0e49\u0e1e\u0e34\u0e01\u0e32\u0e23+\u0e43\u0e0a\u0e49\u0e25\u0e49\u0e2d", "\u0e1d\u0e32\u0e17\u0e48\u0e2d\u0e23\u0e30\u0e1a\u0e32\u0e22\u0e19\u0e49\u0e33\u0e0a\u0e33\u0e23\u0e38\u0e14", "\u0e1d\u0e32\u0e17\u0e48\u0e2d\u0e23\u0e30\u0e1a\u0e32\u0e22\u0e19\u0e49\u0e33\u0e2b\u0e32\u0e22", "\u0e1d\u0e32\u0e1a\u0e48\u0e2d\u0e1e\u0e31\u0e01\u0e43\u0e19\u0e17\u0e32\u0e07\u0e40\u0e17\u0e49\u0e32\u0e0a\u0e33\u0e23\u0e38\u0e14\u0e22\u0e38\u0e1a\u0e2a\u0e39\u0e0d\u0e2b\u0e32\u0e22", "\u0e1d\u0e38\u0e48\u0e19\u0e04\u0e27\u0e31\u0e19&\u0e01\u0e25\u0e34\u0e48\u0e19&PM2.5", "\u0e1d\u0e38\u0e48\u0e19\u0e25\u0e30\u0e2d\u0e2d\u0e07", "\u0e20\u0e31\u0e22\u0e17\u0e32\u0e07\u0e16\u0e19\u0e19", "\u0e20\u0e31\u0e22\u0e2d\u0e2d\u0e19\u0e44\u0e25\u0e19\u0e4c", "\u0e20\u0e31\u0e22\u0e2d\u0e37\u0e48\u0e19\u0e46", "\u0e21\u0e35\u0e41\u0e17\u0e48\u0e07\u0e1b\u0e39\u0e19, \u0e40\u0e2b\u0e25\u0e47\u0e01, \u0e15\u0e2d\u0e44\u0e21\u0e49 \u0e42\u0e1c\u0e25\u0e48\u0e01\u0e35\u0e14\u0e02\u0e27\u0e32\u0e07\u0e17\u0e32\u0e07\u0e40\u0e17\u0e49\u0e32", "\u0e22\u0e32\u0e40\u0e2a\u0e1e\u0e15\u0e34\u0e14", "\u0e23\u0e30\u0e1a\u0e1a\u0e44\u0e1f\u0e1f\u0e49\u0e32\u0e2a\u0e48\u0e2d\u0e07\u0e2a\u0e27\u0e48\u0e32\u0e07\u0e17\u0e35\u0e48\u0e1e\u0e31\u0e01\u0e1c\u0e39\u0e49\u0e42\u0e14\u0e22\u0e2a\u0e32\u0e23", "\u0e23\u0e31\u0e49\u0e27\u0e23\u0e32\u0e27\u0e2a\u0e30\u0e1e\u0e32\u0e19\u0e2b\u0e25\u0e38\u0e14\u0e2b\u0e32\u0e22", "\u0e23\u0e31\u0e49\u0e27\u0e40\u0e2b\u0e25\u0e47\u0e01\u0e1a\u0e19\u0e40\u0e01\u0e32\u0e30\u0e01\u0e25\u0e32\u0e07\u0e41\u0e25\u0e30\u0e02\u0e2d\u0e1a\u0e17\u0e32\u0e07\u0e0a\u0e33\u0e23\u0e38\u0e14 \u0e2b\u0e23\u0e37\u0e2d\u0e22\u0e37\u0e48\u0e19\u0e25\u0e49\u0e33\u0e40\u0e02\u0e49\u0e32\u0e21\u0e32\u0e43\u0e19\u0e1c\u0e34\u0e27\u0e08\u0e23\u0e32\u0e08\u0e23", "\u0e27\u0e34\u0e19\u0e21\u0e2d\u0e44\u0e0b\u0e04\u0e4c", "\u0e2a\u0e30\u0e1e\u0e32\u0e19", "\u0e2a\u0e31\u0e15\u0e27\u0e4c", "\u0e2a\u0e31\u0e15\u0e27\u0e4c\u0e40\u0e25\u0e37\u0e49\u0e2d\u0e22\u0e04\u0e25\u0e32\u0e19", "\u0e2a\u0e32\u0e18\u0e32\u0e23\u0e13\u0e39\u0e1b\u0e42\u0e20\u0e04", "\u0e2a\u0e32\u0e22\u0e2a\u0e37\u0e48\u0e2d\u0e2a\u0e32\u0e23", "\u0e2a\u0e34\u0e48\u0e07\u0e2d\u0e33\u0e19\u0e27\u0e22\u0e04\u0e27\u0e32\u0e21\u0e2a\u0e30\u0e14\u0e27\u0e01\u0e43\u0e19\u0e2a\u0e16\u0e32\u0e19\u0e17\u0e35\u0e48\u0e23\u0e32\u0e0a\u0e01\u0e32\u0e23\u0e01\u0e23\u0e38\u0e07\u0e40\u0e17\u0e1e\u0e21\u0e2b\u0e32\u0e19\u0e04\u0e23", "\u0e2a\u0e38\u0e02\u0e20\u0e32\u0e1e & \u0e1a\u0e31\u0e15\u0e23\u0e17\u0e2d\u0e07", "\u0e2a\u0e48\u0e27\u0e19\u0e1b\u0e23\u0e30\u0e01\u0e2d\u0e1a\u0e02\u0e2d\u0e07\u0e2a\u0e30\u0e1e\u0e32\u0e19\u0e08\u0e30\u0e2b\u0e25\u0e38\u0e14", "\u0e2d\u0e32\u0e04\u0e32\u0e23", "\u0e2d\u0e32\u0e04\u0e32\u0e23\u0e2a\u0e16\u0e32\u0e19\u0e17\u0e35\u0e48\u0e0a\u0e33\u0e23\u0e38\u0e14", "\u0e2d\u0e37\u0e48\u0e19\u0e46", "\u0e2d\u0e38\u0e17\u0e01\u0e20\u0e31\u0e22", "\u0e2d\u0e38\u0e1a\u0e31\u0e15\u0e34\u0e40\u0e2b\u0e15\u0e38", "\u0e2d\u0e38\u0e1b\u0e01\u0e23\u0e13\u0e4c\u0e0a\u0e33\u0e23\u0e38\u0e14", "\u0e40\u0e01\u0e49\u0e32\u0e2d\u0e35\u0e49\u0e19\u0e31\u0e48\u0e07\u0e20\u0e32\u0e22\u0e43\u0e19\u0e17\u0e35\u0e48\u0e1e\u0e31\u0e01\u0e1c\u0e39\u0e49\u0e42\u0e14\u0e22\u0e2a\u0e32\u0e23", "\u0e40\u0e02\u0e37\u0e48\u0e2d\u0e19 \u0e04\u0e39\u0e04\u0e25\u0e2d\u0e07", "\u0e40\u0e1c\u0e32\u0e43\u0e19\u0e17\u0e35\u0e48\u0e42\u0e25\u0e48\u0e07", "\u0e40\u0e23\u0e37\u0e48\u0e2d\u0e07\u0e09\u0e38\u0e01\u0e40\u0e09\u0e34\u0e19", "\u0e40\u0e23\u0e37\u0e48\u0e2d\u0e07\u0e23\u0e49\u0e2d\u0e07\u0e17\u0e38\u0e01\u0e02\u0e4c\u0e1b\u0e23\u0e30\u0e40\u0e20\u0e17\u0e2d\u0e37\u0e48\u0e19 \u0e46 - \u0e40\u0e23\u0e37\u0e48\u0e2d\u0e07\u0e23\u0e49\u0e2d\u0e07\u0e40\u0e23\u0e35\u0e22\u0e19\u0e17\u0e35\u0e48\u0e44\u0e21\u0e48\u0e2a\u0e32\u0e21\u0e32\u0e23\u0e16\u0e08\u0e31\u0e14\u0e40\u0e02\u0e49\u0e32\u0e1b\u0e23\u0e30\u0e40\u0e20\u0e17\u0e43\u0e14", "\u0e40\u0e28\u0e29\u0e27\u0e31\u0e2a\u0e14\u0e38\u0e15\u0e01\u0e2b\u0e25\u0e48\u0e19\u0e25\u0e07\u0e1a\u0e19\u0e1c\u0e34\u0e27\u0e08\u0e23\u0e32\u0e08\u0e23 \u0e40\u0e0a\u0e48\u0e19 \u0e17\u0e23\u0e32\u0e22 \u0e14\u0e34\u0e19 \u0e41\u0e25\u0e30\u0e2d\u0e37\u0e48\u0e19 \u0e46", "\u0e40\u0e2a\u0e19\u0e2d\u0e41\u0e19\u0e30", "\u0e40\u0e2a\u0e32\u0e44\u0e1f\u0e1f\u0e49\u0e32\u0e25\u0e49\u0e21/\u0e40\u0e2d\u0e35\u0e22\u0e07", "\u0e40\u0e2a\u0e35\u0e22\u0e07", "\u0e40\u0e2b\u0e15\u0e38\u0e40\u0e14\u0e37\u0e2d\u0e14\u0e23\u0e49\u0e2d\u0e19\u0e23\u0e33\u0e04\u0e32\u0e0d", "\u0e41\u0e08\u0e49\u0e07\u0e17\u0e48\u0e2d\u0e1b\u0e23\u0e30\u0e1b\u0e32\u0e41\u0e15\u0e01 / \u0e44\u0e21\u0e48\u0e44\u0e2b\u0e25", "\u0e41\u0e17\u0e47\u0e01\u0e0b\u0e35\u0e48/\u0e23\u0e16\u0e40\u0e21\u0e25\u0e4c", "\u0e41\u0e2a\u0e07", "\u0e42\u0e04\u0e23\u0e07\u0e01\u0e32\u0e23 / \u0e19\u0e42\u0e22\u0e1a\u0e32\u0e22\u0e02\u0e2d\u0e07\u0e23\u0e31\u0e10", "\u0e42\u0e04\u0e23\u0e07\u0e2a\u0e23\u0e49\u0e32\u0e07\u0e41\u0e25\u0e30\u0e2b\u0e25\u0e31\u0e07\u0e04\u0e32\u0e17\u0e35\u0e48\u0e1e\u0e31\u0e01\u0e1c\u0e39\u0e49\u0e42\u0e14\u0e22\u0e2a\u0e32\u0e23", "\u0e42\u0e17\u0e23\u0e28\u0e31\u0e1e\u0e17\u0e4c", "\u0e42\u0e23\u0e07\u0e40\u0e23\u0e35\u0e22\u0e19", "\u0e44\u0e1f\u0e1b\u0e48\u0e32", "\u0e44\u0e1f\u0e1f\u0e49\u0e32"]]
