tree
version=v4
num_class=1
num_tree_per_iteration=1
label_index=0
max_feature_idx=11
objective=regression_l1
feature_names=te_dist_dept subdistrict district main_type sub_category severity comment_len day_of_week is_weekend month is_rainy_season hour
feature_infos=[1.1664690115050353:2.8983520158688396] -1:100:173:143:36:118:39:2:27:55:21:33:19:24:159:80:68:111:4:7:32:92:150:70:164:119:56:161:13:90:29:117:151:108:9:65:69:166:57:34:73:167:51:25:145:162:59:72:169:121:130:114:123:49:124:40:105:89:61:126:147:131:6:54:137:163:58:20:67:48:86:18:149:26:35:64:155:170:93:168:94:110:11:15:43:44:52:66:106:38:113:148:112:172:96:75:154:53:10:171:8:82:102:78:95:116:30:50:45:74:83:104:28:60:144:146:85:127:141:152:1:91:140:41:62:122:134:139:101:153:158:42:156:31:99:14:128:160:88:98:135:5:12:71:79:0:37:125:77:129:109:47:97:103:115:136:142:76:174:107:133:46:81:84:87:132:3:23:165:16:22:138:157:17:120 -1:27:4:16:37:48:38:25:41:2:45:24:5:7:15:3:47:39:17:40:1:49:12:30:18:23:42:19:11:33:34:13:35:31:6:26:29:20:44:9:32:10:22:14:0:43:8:28:46:21 -1:54:46:36:53:40:16:6:15:51:52:2:33:23:7:18:12:44:8:26:49:20:1:58:21:4:48:30:9:38:47:56:22:17:45:5:27:28:31:14:11:41:43:13:29:34:55:25:32:50:39:57 -1:105:98:85:2:90:55:30:52:9:54:32:106:27:103:86:20:104:1:81:64:57:50:13:7:96:101:59:26:115:12:17:99:0:88:4:113:62:74:56:76:97:47:109:34:25:46:53:65:70:49:71:31:33:8:24:61:93:95:100:18:43:75:10:51:68:72:15:21:36:39:63:82:108:3:22:67:80:6:14:19:40:77:89:91:112:114 [1:5] [0:5855] [0:6] [0:1] [1:12] [0:1] [0:23]
tree_sizes=2765 3373 3312 3296 2972 3259 3313 3355 3210 3278 3285 3306 3265 3335 3297 3281 3346 3237 3247 3026 3023 3309 3011 3306 3280 3002 3023 3303 3348 3385 3316

Tree=0
num_leaves=31
num_cat=16
split_feature=2 0 2 2 9 2 4 7 9 6 9 2 9 6 9 9 2 2 6 2 2 4 5 0 4 4 6 3 3 2
split_gain=1590.34 272.551 232.632 77.4333 52.6705 55.6083 41.0277 40.953 40.8561 34.2801 29.2374 28.3418 26.2102 26.1837 23.1519 21.9203 26.3772 20.9873 20.8787 19.5813 18.9047 19.5694 16.1601 27.397 15.4239 15.3578 14.9621 14.7477 14.3103 13.7031
threshold=0 2.1920587765231829 1 2 10.500000000000002 3 4 3.5000000000000004 2.5000000000000004 396.50000000000006 3.5000000000000004 5 4.5000000000000009 377.50000000000006 9.5000000000000018 5.5000000000000009 6 7 566.50000000000011 8 9 10 2.5000000000000004 2.5508352365804217 11 12 982.00000000000011 13 14 15
decision_type=9 2 9 9 2 9 9 2 2 2 2 9 2 2 2 2 9 9 2 9 9 9 2 2 9 9 2 9 9 9
left_child=1 6 4 22 5 -2 24 18 29 15 20 25 -13 -14 19 17 -17 -8 -6 -12 -5 -22 23 27 -1 -4 -26 -3 -10 -7
right_child=2 3 11 10 7 8 9 -9 28 -11 14 12 13 -15 -16 16 -18 -19 -20 -21 21 -23 -24 -25 26 -27 -28 -29 -30 -31
leaf_value=1.9265587151050567 1.9474528789520265 1.9442508161067962 1.9230847150087356 1.9428791999816895 1.930314090847969 1.9308240026235581 1.9268099665641785 1.9283201754093171 1.9371541440486908 1.9737815678119659 1.9638600409030915 1.9035641908645631 1.9173388093709947 1.9289597511291503 1.9636011719703674 1.9683867871761322 1.9493294119834901 1.9509086668491364 1.9638232290744781 1.9736647605895996 1.9384440064430237 1.9685518026351929 1.9781712770462037 1.9950536429882049 1.9446282327175139 1.929346615076065 1.9728324174880982 1.9752197325229646 1.9474870145320893 1.9129805445671082
leaf_weight=137 1676 140 910 245 366 116 141 499 893 366 442 853 1180 293 1120 552 635 606 62 1195 151 579 1415 340 1415 585 80 120 349 243
leaf_count=137 1676 140 910 245 366 116 141 499 893 366 442 853 1180 293 1120 552 635 606 62 1195 151 579 1415 340 1415 585 80 120 349 243
internal_value=1.94665 1.96029 1.93021 1.96725 1.93837 1.94133 1.95016 1.92783 1.9347 1.95445 1.96282 1.92127 1.91759 1.9215 1.9655 1.95182 1.95605 1.94511 1.93918 1.96929 1.95542 1.95936 1.97522 1.96849 1.9441 1.92715 1.94562 1.95627 1.93892 1.91977
internal_weight=17704 9679 8025 5747 4204 3277 3932 927 1601 2300 3732 3821 2326 1473 2757 1934 1187 747 428 1637 975 730 2015 600 1632 1495 1495 260 1242 359
internal_count=17704 9679 8025 5747 4204 3277 3932 927 1601 2300 3732 3821 2326 1473 2757 1934 1187 747 428 1637 975 730 2015 600 1632 1495 1495 260 1242 359
cat_boundaries=0 2 4 5 7 11 13 15 17 19 21 24 28 32 34 36 38
cat_threshold=3972563189 13550 35980554 131841 2282225728 65800 131584 134230032 168820737 131073 640 16785920 34816 12582912 5160 12582912 8 1073741952 2 32 128 134217728 8388608 73400320 134217744 0 0 128 1207960068 9437184 2097152 1536 256 4210704 64 4734992 2097152 257
is_linear=0
shrinkage=1


Tree=1
num_leaves=31
num_cat=21
split_feature=2 1 1 1 1 1 4 9 4 1 1 1 6 4 4 4 10 1 10 1 9 3 10 1 1 7 6 1 1 9
split_gain=1448.84 371.089 250.496 99.907 80.1182 58.7123 50.7557 36.0724 29.7404 29.6306 27.3482 26.3723 25.6336 23.6127 23.2103 22.3531 21.9419 32.8377 17.0126 39.9953 18.7656 16.7529 16.354 17.7647 16.1896 16.0625 15.9627 15.2923 15.1474 14.8366
threshold=0 1 2 3 4 5 6 5.5000000000000009 7 8 9 10 982.00000000000011 11 12 13 1.0000000180025095e-35 14 1.0000000180025095e-35 15 7.5000000000000009 16 1.0000000180025095e-35 17 18 3.5000000000000004 414.50000000000006 19 20 2.5000000000000004
decision_type=9 9 9 9 9 9 9 2 9 9 9 9 2 9 9 9 2 9 2 9 2 9 2 9 9 2 2 9 9 2
left_child=1 5 9 7 6 -1 13 10 -5 12 29 21 -2 -3 -6 24 28 25 -10 -20 26 -9 23 -17 -7 -18 -21 -8 -16 -4
right_child=2 4 3 8 14 15 27 11 18 -11 -12 -13 -14 -15 16 22 17 -19 19 20 -22 -23 -24 -25 -26 -27 -28 -29 -30 -31
leaf_value=0.030504943877458574 -0.026361370980739596 -0.020048939287662507 -0.024682574868202214 0.0065662108361721041 -0.015944111645221717 -0.00063043296337128021 0.010727606415748592 -0.018371509313583379 -0.019163058996200567 -0.037984763383865361 0.016390908956527707 0.00011733412742614414 0.030652622878551486 0.0050588849186897324 -0.014933562576770788 0.0086458086967468265 -0.00016248062252998687 0.015369713604450231 -0.0016231018304824819 -0.017158358097076422 -0.027028043791651725 0.00016856104135513084 0.028432393074035646 0.024344727396965027 0.017930698394775391 -0.016317033469676969 0.0068052604794502265 0.023180827498435974 -0.00088820457458496096 0.0035602501034736611
leaf_weight=1912 1185 107 94 116 255 270 955 456 1715 1105 556 616 40 990 599 527 238 635 588 337 392 141 1007 722 223 127 65 970 632 129
leaf_count=1912 1185 107 94 116 255 270 955 456 1715 1105 556 616 40 990 599 527 238 635 588 337 392 141 1007 722 223 127 65 970 632 129
internal_value=-2.25938e-05 0.0122851 -0.0166269 -0.0104794 0.00347952 0.0226611 0.00893799 -0.00164835 -0.0159324 -0.0302564 0.00673941 -0.00704864 -0.02417 0.00031617 -0.00316506 0.0177782 -0.00149487 0.004 -0.0168812 -0.0128075 -0.0200249 -0.0144152 0.019947 0.016213 0.00765408 -0.00786667 -0.0126866 0.0138243 -0.00597076 -0.00793991
internal_weight=17704 10169 7535 5205 5508 4661 3022 1992 3213 2330 779 1213 1225 1097 2486 2749 2231 1000 3097 1382 794 597 2256 1249 493 365 402 1925 1231 223
internal_count=17704 10169 7535 5205 5508 4661 3022 1992 3213 2330 779 1213 1225 1097 2486 2749 2231 1000 3097 1382 794 597 2256 1249 493 365 402 1925 1231 223
cat_boundaries=0 2 8 14 20 26 31 35 39 45 50 56 60 64 68 74 80 82 88 94 100 106
cat_threshold=3972563189 14062 754974992 268706326 2097946 1208119312 67121153 4112 1153 134742216 3221572613 67633250 1310734 5 269484068 1090519072 134262912 537134080 541184 8256 2148278274 6422529 65536 2162264072 142606352 2178 256 518 784 16 67112961 201339008 134217729 4194304 8832 67108866 134217728 131072 256 128 134217792 1073823745 67108930 1310724 4 4 0 36992 1024 524800 32 16777216 8192 262144 512 8192 134230016 0 4194304 8192 134218256 37748736 4325376 416 1073750016 168034305 6291456 128 64 4096 536870912 1049216 20971520 1536 2099200 75565056 33554496 268435456 0 256 0 4210704 201326592 0 2097162 151552 0 4112 553648144 262160 0 20480 0 16 786432 0 0 14682112 142606352 2048 49664 34603008 537919488 1048576 98304 512
is_linear=0
shrinkage=0.05


Tree=2
num_leaves=31
num_cat=22
split_feature=2 1 1 1 1 1 4 9 6 10 1 1 6 4 9 1 1 4 1 2 5 4 4 1 1 4 9 2 9 2
split_gain=1359.7 348.669 237.723 85.746 72.9902 59.2531 37.7371 30.629 29.0936 27.1217 39.0936 23.9788 24.6066 23.5897 22.8479 22.6105 20.0275 19.4496 18.4339 17.266 17.1829 19.2628 16.9435 16.5507 15.6663 15.6213 15.5639 34.9966 30.1904 34.8333
threshold=0 1 2 3 4 5 6 8.5000000000000018 1.0000000180025095e-35 1.0000000180025095e-35 7 8 1121.5000000000002 9 3.5000000000000004 10 11 12 13 14 2.5000000000000004 15 16 17 18 19 3.5000000000000004 20 7.5000000000000009 21
decision_type=9 9 9 9 9 9 9 2 2 2 9 9 2 9 2 9 9 9 9 9 2 9 9 9 9 9 2 9 2 9
left_child=1 5 8 7 6 18 17 16 -2 20 -11 -10 -13 -5 15 -7 -4 -3 -1 -9 24 -22 -17 -23 -6 -18 27 -15 -28 -30
right_child=2 4 3 13 9 14 -8 19 11 10 -12 12 -14 26 -16 22 25 -19 -20 -21 21 23 -24 -25 -26 -27 28 -29 29 -31
leaf_value=0.023129812382161608 0.028813998885452743 -0.018162932142615319 0.023018749296665187 0.0063043259456753709 -0.00053987591713666185 -0.0027488982677459695 0.016872500270605086 0.00069087083637714994 -0.036421524792909631 -0.010657293729484086 0.010275368079543113 -0.02520953769981862 0.029119991734623908 -0.030043643474578857 0.020972115993499754 -0.0092885158061981228 0.016867665290832525 0.0067949357479810792 0.052566874228417874 -0.015277365654706955 0.014038653679192065 -0.014186884447932247 0.021407772988080977 0.0026942482590675445 -0.015155423119664196 -0.0028286954835057276 -0.006524130836129194 -0.015660380929708475 -0.024738930450752372 -0.011754672735929485
leaf_weight=1511 30 111 272 106 224 239 1511 242 1114 322 1030 1291 34 358 1941 108 107 864 518 548 102 359 386 419 524 902 872 504 526 629
leaf_count=1511 30 111 272 106 224 239 1511 242 1114 322 1030 1291 34 358 1941 108 107 864 518 548 102 359 386 419 524 902 872 504 526 629
internal_value=-1.12969e-05 0.0119118 -0.0160968 -0.00985028 0.00330533 0.0218863 0.00961538 -0.00199423 -0.0288221 -0.00197324 0.00325444 -0.0295408 -0.0241573 -0.0152579 0.0168033 0.00934516 0.00277127 0.00187817 0.0284698 -0.00974684 -0.00632678 -0.00159091 0.0152778 -0.00431472 -0.0118984 -0.000539745 -0.0161263 -0.0218097 -0.0137889 -0.0190909
internal_weight=17704 10169 7535 5066 5466 4703 2486 2071 2469 2980 1352 2439 1325 2995 2674 733 1281 975 2029 790 1628 880 494 778 748 1009 2889 862 2027 1155
internal_count=17704 10169 7535 5066 5466 4703 2486 2071 2469 2980 1352 2439 1325 2995 2674 733 1281 975 2029 790 1628 880 494 778 748 1009 2889 862 2027 1155
cat_boundaries=0 2 8 14 20 26 31 35 41 47 51 55 61 65 69 71 74 78 84 90 94 96 97
cat_threshold=3972563189 14062 754974992 268837398 2097946 1208102928 67121153 4112 1153 671613128 3229961221 67633250 1310734 16389 269484068 1090519072 134385792 537134080 2638336 8256 2148278274 6291457 65536 2158086152 8388624 2178 256 518 784 134217744 67112961 201338880 134479873 4194305 139904 64 4096 536870912 1048704 285212672 1536 1025 524424 2147748868 524352 10 1 67108994 134217728 131072 256 201326592 139264 10 4096 1048608 32 0 536870912 524288 64 201338880 134217728 4194304 8192 256 6 512 134217744 33562624 257 1073741824 0 2097152 0 1048576 73400320 128 576 34603008 0 34603008 134316032 512 576 0 0 33554436 1212153856 1024 0 8388608 71303168 1280 302392320 65536 16782090
is_linear=0
shrinkage=0.05


Tree=3
num_leaves=31
num_cat=19
split_feature=2 1 1 1 1 1 4 9 1 4 4 1 9 1 2 4 7 4 5 2 9 1 9 2 7 1 9 0 9 9
split_gain=1281.52 283.235 273.549 102.561 59.2409 57.6961 33.4183 26.1595 28.2152 23.3075 22.7429 23.4496 19.1909 24.7709 23.3645 18.1516 16.9008 16.6553 20.0274 18.5001 15.5673 15.0245 15.0176 13.6607 13.9921 12.9883 20.7114 12.9653 12.9213 12.386
threshold=0 1 2 3 4 5 6 10.500000000000002 7 8 9 10 4.5000000000000009 11 12 13 4.5000000000000009 14 2.5000000000000004 15 9.5000000000000018 16 6.5000000000000009 17 4.5000000000000009 18 3.5000000000000004 1.4536386939558754 11.500000000000002 1.5000000000000002
decision_type=9 9 9 9 9 9 9 2 9 9 9 9 2 9 9 9 2 9 2 9 2 9 2 9 2 9 2 2 2 2
left_child=1 5 7 16 6 -1 -3 8 -2 -8 23 -12 14 -14 -7 29 27 18 21 -20 22 -6 -19 -5 -25 26 -10 -4 -29 -16
right_child=2 4 3 10 17 12 9 -9 25 -11 11 -13 13 -15 15 -17 -18 20 19 -21 -22 -23 -24 24 -26 -27 -28 28 -30 -31
leaf_value=0.029117021885886787 0.019100862893462179 -0.016578156678751111 -0.050252170060575023 -0.032153440257161853 -0.0048549422528594739 -0.0033621261119842539 0.016708078886568556 -0.011972393372282387 -0.028426519554853442 0.0093427186589688134 -0.0037248831890523471 -0.016650483684986828 0.016297639995813375 0.02656473302841187 -0.010308266025781632 0.019717984254658229 -0.025337225143611444 0.00084745758697390983 -0.012918246641755095 0.00685010490231216 -0.0063973275084048603 -0.022038919713348148 0.017182153437659144 -0.013654185802396379 -0.018266537607368082 -0.000803200488910083 -0.00079660682454705818 -0.03114201719015838 0.0035358399704098599 0.0088501194391399588
leaf_weight=1635 347 104 435 558 250 213 681 652 126 1728 498 427 986 960 90 598 476 506 275 487 337 210 273 1455 622 1718 274 563 45 175
leaf_count=1635 347 104 435 558 250 213 681 652 126 1728 498 427 986 960 90 598 476 506 275 487 337 210 273 1455 622 1718 274 563 45 175
internal_value=-0.00010732 0.0123765 -0.0145869 -0.021743 0.00389837 0.0211806 0.00921522 -0.00289415 -0.000547667 0.0104382 -0.0169748 -0.00989305 0.0169195 0.0199383 0.0116171 0.0151775 -0.0327338 -0.00183135 -0.00584416 -0.000918635 0.00257549 -0.0141304 0.00648267 -0.019414 -0.0172736 -0.00272556 -0.0107317 -0.0293864 -0.0246711 0.00381818
internal_weight=17704 9508 8196 5079 4851 4657 2513 3117 2465 2409 3560 925 3022 1946 1076 863 1519 2338 1222 762 1116 460 779 2635 2077 2118 400 1043 608 265
internal_count=17704 9508 8196 5079 4851 4657 2513 3117 2465 2409 3560 925 3022 1946 1076 863 1519 2338 1222 762 1116 460 779 2635 2077 2118 400 1043 608 265
cat_boundaries=0 2 8 14 20 26 31 35 41 45 49 55 61 63 66 70 72 78 80 86
cat_threshold=3968368885 13550 2902458640 268837398 2163482 1208090640 67121153 4112 269484076 1090600992 135442624 537142272 1210630656 8512 1025 524488 3221507076 524386 262158 1 794626 6291457 0 2158090248 8388624 2178 256 516 784 16 67112961 134230016 134217728 4194304 8192 1048608 32 134217728 536879104 134217728 64 1049090 5242880 69206016 525568 1209008144 42991616 6291457 1540 1075838976 679477248 269025312 268435456 2147483648 8 2701131776 268435472 2162688 1073872896 0 4112 32 1024 1207959552 1048577 73400320 134226432 38797312 6422529 640 536870928 8200 33344 4096 0 37748992 4194304 1024 268569088 147456 0 65536 4288 1024 1073741824 256
is_linear=0
shrinkage=0.05


Tree=4
num_leaves=31
num_cat=8
split_feature=0 0 0 0 7 4 10 0 6 3 9 6 0 3 4 4 4 6 7 11 4 9 9 11 9 9 0 7 5 4
split_gain=1161.76 198.726 193.388 68.4288 41.0091 38.2141 37.4021 29.8752 27.1462 23.8272 22.936 23.5857 23.3855 21.0743 21.0406 20.9863 18.9111 16.8541 16.3331 23.174 16.519 15.0848 17.8483 12.6638 12.4947 12.4015 12.3409 12.2757 12.0838 21.0998
threshold=1.9899476974498038 2.1920587765231829 1.7155853096897438 2.5508352365804217 4.5000000000000009 0 1.0000000180025095e-35 1.5497970708206388 643.50000000000011 1 4.5000000000000009 243.50000000000003 1.4536386939558754 2 3 4 5 396.50000000000006 4.5000000000000009 8.5000000000000018 6 11.500000000000002 7.5000000000000009 22.500000000000004 7.5000000000000009 10.500000000000002 2.2365606345645621 5.5000000000000009 2.5000000000000004 7
decision_type=2 2 2 2 2 9 2 2 2 9 2 2 2 9 9 9 9 2 2 2 9 2 2 2 2 2 2 2 2 9
left_child=2 6 7 5 9 26 15 10 16 -4 -1 27 -13 -9 25 -2 -8 -18 19 -7 -20 22 -14 -11 -15 -6 -3 -12 29 -17
right_child=1 3 4 -5 14 18 8 13 -10 23 11 12 21 24 -16 28 17 -19 20 -21 -22 -23 -24 -25 -26 -27 -28 -29 -30 -31
leaf_value=-0.037352835297361033 0.011122532994095236 0.022017685066163552 0.004656071046479038 0.041787328716125338 -0.012751274038071282 0.0094782136191986499 -0.0014416838250122855 -0.020923889594024515 0.03343036616230384 -0.0050056005768105427 -0.024174512675278828 -0.032105615860372791 0.0072192113625258129 -0.007335895168147988 -0.0079201359766908012 -0.030749934528209268 0.0088619929554313304 0.027454883613009008 0.013577044378472493 0.020814051489531995 0.022647023482751095 0.01282312931319466 -0.023086432648694605 -0.011594022264424721 -0.020849701411798607 -0.023746080080294052 0.001198119218898941 -0.02348512674100698 0.00053804272795097139 -0.0042022144556883743
leaf_weight=745 259 65 549 781 462 609 590 1052 137 2393 619 268 97 441 495 139 929 116 898 2591 275 28 112 103 347 222 528 187 967 700
leaf_count=745 259 65 549 781 462 609 590 1052 137 2393 619 268 97 441 495 139 929 116 898 2591 275 28 112 103 347 222 528 187 967 700
internal_value=-0.000124266 0.0116653 -0.0140394 0.0175483 -0.00662879 0.0153846 0.00285379 -0.0220739 0.00818284 -0.00356322 -0.026216 -0.0222349 -0.0137624 -0.0174457 -0.0145462 -0.00171913 0.00639144 0.0103791 0.0169861 0.018875 0.0119778 -0.00232068 -0.0069378 -0.0056265 -0.0107769 -0.0201729 0.00323383 -0.0275434 -0.00363436 -0.00804529
internal_weight=17704 9584 8120 5747 4224 4966 3837 3896 1772 3045 2056 1311 505 1840 1179 2065 1635 1045 4373 3200 1173 237 209 2496 788 684 593 806 1806 839
internal_count=17704 9584 8120 5747 4224 4966 3837 3896 1772 3045 2056 1311 505 1840 1179 2065 1635 1045 4373 3200 1173 237 209 2496 788 684 593 806 1806 839
cat_boundaries=0 4 6 8 12 16 20 24 27
cat_threshold=1207971840 1241776129 4198400 8352 1149305024 3145984 65536 4194320 0 0 67108864 516 1049092 4194304 0 524544 134225920 1048577 131073 640 4 8388608 2228224 516 134217728 0 2097152
is_linear=0
shrinkage=0.05


Tree=5
num_leaves=31
num_cat=17
split_feature=2 1 1 1 1 10 1 9 1 10 1 1 2 10 1 1 9 7 1 9 0 1 9 9 1 1 9 6 6 3
split_gain=1070.8 269.23 214.272 90.7863 79.3548 32.9294 29.5039 27.5973 27.5939 27.0989 45.9711 23.3581 22.5732 20.4914 36.9369 20.4897 19.6072 19.5765 19.1814 15.8278 25.3902 19.2845 17.9673 14.8421 15.1257 13.7556 17.7742 13.3558 12.5938 12.5467
threshold=0 1 2 3 4 1.0000000180025095e-35 5 5.5000000000000009 6 1.0000000180025095e-35 7 8 9 1.0000000180025095e-35 10 11 2.5000000000000004 4.5000000000000009 12 9.5000000000000018 1.9379240459636107 13 5.5000000000000009 3.5000000000000004 14 15 5.5000000000000009 390.50000000000006 7.5000000000000009 16
decision_type=9 9 9 9 9 2 9 2 9 2 9 9 9 2 9 9 2 2 9 2 2 9 2 2 9 9 2 2 2 9
left_child=1 9 17 11 7 8 -7 12 -5 18 19 -3 29 -6 -15 -9 -14 23 -1 21 -21 -11 -23 -2 -25 26 -19 -20 -16 -4
right_child=2 3 4 5 13 6 -8 15 -10 10 -12 -13 16 14 28 -17 -18 25 27 20 -22 22 -24 24 -26 -27 -28 -29 -30 -31
leaf_value=-0.010832661569325254 -0.043104149151427615 0.048092895027206289 -0.0057283438759055064 0.0014536994049698217 -0.014712872534791822 0.0071070536552779512 0.020488942852839843 -0.01230957465283853 0.0147286854173178 0.0064184846153184875 -0.0070753505631522386 0.021224693871944447 -0.022347568692466253 -0.00016546662709722716 0.0052017992475610125 -3.5415142434536143e-05 0.0073004742087919745 -0.032904259235064383 -0.0044544168837813147 0.043102749691696834 -0.010541611816579012 0.0021203366257511072 0.028144968271863181 -0.02201882476594479 -0.03276222202651833 -0.023048280163269499 0.0053648499724904489 0.017832856063789693 -0.017401911226266064 0.019800635691856951
leaf_weight=863 440 493 102 1009 1799 552 1366 593 1319 347 604 1984 134 656 31 684 171 47 808 22 131 103 380 532 553 532 67 188 793 401
leaf_count=863 440 493 102 1009 1799 552 1366 593 1319 347 604 1984 134 656 31 684 171 47 808 22 131 103 380 532 553 532 67 188 793 401
internal_value=-0.000192047 0.010389 -0.0144665 0.0162112 -0.00906215 0.0117011 0.0165798 -0.00140811 0.00773196 -0.000983796 0.00381222 0.0238641 0.00581683 -0.01391 -0.00959459 -0.0059906 -0.00492063 -0.0277166 -0.00508338 0.010423 -0.00424837 0.013253 0.019574 -0.0247541 -0.0216129 -0.0351393 -0.0145161 -0.000298211 -0.0165468 0.0121832
internal_weight=17704 10169 7535 6723 5364 4246 1918 2085 2328 3446 1587 2477 808 3279 1480 1277 305 2171 1859 983 153 830 483 1525 1085 646 114 996 824 503
internal_count=17704 10169 7535 6723 5364 4246 1918 2085 2328 3446 1587 2477 808 3279 1480 1277 305 2171 1859 983 153 830 483 1525 1085 646 114 996 824 503
cat_boundaries=0 2 8 14 19 25 31 37 43 48 50 56 62 68 73 79 84 86
cat_threshold=3972563189 14062 33604160 38801408 537919488 47186828 1497595936 1664 8389633 525512 3498396676 67633250 1310734 16389 272 268444166 784 1207959568 67121153 269484068 1090535456 134385792 537134080 2638336 8256 2148007936 17 0 73728 0 2 134488066 2228225 10 2117632 8388608 2048 33280 34603008 0 46137352 134447104 128 0 512 272 0 67112960 66304 131328 2099200 75563008 33554528 268435456 0 256 32 16777216 0 262144 2097152 8192 49664 34607104 1048576 34603008 1208057856 640 512 1048576 0 33554432 32768 1 72 1342242816 67108864 262158 4 0 1024 268437504 64 1048576 0 2097168
is_linear=0
shrinkage=0.05


Tree=6
num_leaves=31
num_cat=17
split_feature=2 1 1 1 1 10 1 7 1 10 1 1 3 9 1 1 1 9 1 9 1 1 11 3 11 9 7 11 9 9
split_gain=965.149 239.418 195.838 88.8591 64.5954 27.5897 26.5328 27.0108 25.2296 25.006 40.1188 24.3358 23.0417 19.2505 55.9821 25.0926 19.0654 18.3995 56.173 17.7013 24.9769 17.69 17.8794 16.1185 16.0317 16.0009 15.245 16.0637 15.0809 14.4667
threshold=0 1 2 3 4 1.0000000180025095e-35 5 5.5000000000000009 6 1.0000000180025095e-35 7 8 9 7.5000000000000009 10 11 12 3.5000000000000004 13 7.5000000000000009 14 15 4.5000000000000009 16 19.500000000000004 6.5000000000000009 4.5000000000000009 12.500000000000002 1.5000000000000002 3.5000000000000004
decision_type=9 9 9 9 9 2 9 2 9 2 9 9 9 2 9 9 9 2 9 2 9 9 2 9 2 2 2 2 2 2
left_child=1 9 6 21 26 11 -2 17 -7 16 -11 -5 -6 14 -14 -15 -1 18 -8 24 -21 28 -23 -22 -19 -16 27 -4 -3 -29
right_child=2 3 4 5 12 8 7 -9 -10 10 -12 -13 13 15 25 -17 -18 19 -20 20 23 22 -24 -25 -26 -27 -28 29 -30 -31
leaf_value=-0.010562042462766076 0.011357361407264805 0.020032055017603658 -0.044541476885969225 0.0014715321278148564 0.0045201206979782697 0.0070566189593598283 -0.021043426693477814 -0.01754372594586915 0.020021565432760881 0.013610389738029978 -0.0061667932525985682 0.014284246273224577 -0.0033287281470724519 -0.022126374060066803 -0.025377795344054318 -0.014993004245274262 -7.7600022291901549e-05 0.0088419724599136003 0.0037731888017325634 0.0047029252704526405 -0.016304099216719676 0.003663486191218568 0.020265731162936285 -0.00061723151894518271 -0.0086368628796207221 -0.009724926136687323 -0.021702628921199042 -0.0396423312853844 0.042383402885363075 -0.019022402712318167
leaf_weight=864 398 64 323 1031 113 673 340 347 1263 966 621 1326 778 534 846 828 995 606 327 223 484 140 1620 316 128 162 374 118 606 290
leaf_count=864 398 64 323 1031 113 673 340 347 1263 966 621 1326 778 534 846 828 995 606 327 223 484 140 1620 316 128 162 374 118 606 290
internal_value=-0.000305016 0.00974064 -0.0138569 0.015231 -0.0207267 0.0108413 -0.00435672 -0.00609493 0.0152893 -0.000983796 0.00362319 0.00723377 -0.0170437 -0.0178594 -0.0145017 -0.0223935 -0.004922 -0.00424917 -0.0113193 -0.00156517 -0.00581623 0.0229098 0.019887 -0.00987654 0.00435967 -0.0222004 -0.0313453 -0.0274282 0.0304412 -0.0208333
internal_weight=17704 10169 7535 6723 4366 4293 3169 2771 1936 3446 1587 2357 3261 3148 1786 1362 1859 2424 667 1757 1023 2430 1760 800 734 1008 1105 731 670 408
internal_count=17704 10169 7535 6723 4366 4293 3169 2771 1936 3446 1587 2357 3261 3148 1786 1362 1859 2424 667 1757 1023 2430 1760 800 734 1008 1105 731 670 408
cat_boundaries=0 2 8 14 19 24 30 36 42 48 50 56 62 68 74 78 83 85
cat_threshold=3972563189 14062 33604160 38801408 537919488 47186828 1497595936 1664 269486124 1166098464 167948480 805569536 2638336 8512 272 268706310 784 134225936 67121153 1025 524488 2147746816 67633218 262152 1048608 1073741856 134217728 536870912 16384 64 2148007936 17 0 1073807360 8388608 4098 512 34603008 0 46137352 1208188928 128 134488066 2228225 2097162 2117632 8388608 2048 4 1052674 1075838976 536873216 88621056 32 2181038080 8 1075838976 536873216 83902468 32 0 12 49664 34603008 537919488 34603008 1208057856 640 2052 75563008 33554496 268435456 0 256 268437504 0 64 268698624 0 512 784 0 67112961 32768 4210944
is_linear=0
shrinkage=0.05


Tree=7
num_leaves=31
num_cat=20
split_feature=2 1 1 1 1 9 4 1 4 7 7 1 4 9 1 9 4 1 1 9 11 9 9 1 1 1 1 1 1 11
split_gain=877.536 213.051 184.489 83.4432 61.9095 29.7065 27.4215 26.9967 24.7761 25.7076 23.0788 26.859 23.0382 21.2762 18.7875 19.3696 18.615 17.3589 16.9733 16.1361 19.9334 15.9529 38.7277 19.6993 19.002 16.879 15.6142 14.5998 14.4249 16.9967
threshold=0 1 2 3 4 5.5000000000000009 5 6 7 4.5000000000000009 1.5000000000000002 8 9 2.5000000000000004 10 3.5000000000000004 11 12 13 3.5000000000000004 8.5000000000000018 9.5000000000000018 6.5000000000000009 14 15 16 17 18 19 18.500000000000004
decision_type=9 9 9 9 9 2 9 9 9 2 2 9 9 2 9 2 9 9 9 2 2 2 2 9 9 9 9 9 9 2
left_child=1 12 7 13 5 14 19 -2 9 10 11 -6 -1 18 -4 -16 -8 -7 -3 20 -5 22 23 -14 -24 -23 -15 -18 -12 -30
right_child=2 3 4 6 8 17 16 -9 -10 -11 28 -13 21 26 15 -17 27 -19 -20 -21 -22 25 24 -25 -26 -27 -28 -29 29 -31
leaf_value=-0.016429019815152462 -0.030133144017927549 -0.0012129463051428592 0.016236916831565418 -0.017522987480836579 -0.012605007950836035 -0.011343937777373914 -0.0073787050145291246 -0.019980094642631008 -0.005805580831777935 -0.017473444825015751 0.0019332885414446333 -0.032249022860332058 0.0047859610700339951 0.019100740800058105 -0.013658319898394911 0.017245552187118741 0.01336915068868162 0.00013564201242957096 0.017273012051736571 0.019909504363544828 0.016166265341884922 -0.011039982261795167 -0.00085909314107641694 -0.0090919387093350238 0.019986082861175959 0.0014904291105511615 0.034012574749516848 0.006428879986087899 -0.0040540577743193367 -0.01073152513047917
leaf_weight=256 936 171 448 68 244 603 232 1435 822 689 250 397 769 1073 197 117 1114 621 347 996 253 352 207 746 491 473 910 1711 562 214
leaf_count=256 936 171 448 68 244 603 232 1435 822 689 250 397 769 1073 197 117 1114 621 347 996 253 352 207 746 491 473 910 1711 562 214
internal_value=-0.000417985 0.00916102 -0.01334 0.0141685 -0.00800155 -0.0010521 0.00994526 -0.0248845 -0.0123275 -0.014962 -0.0116677 -0.0191108 -0.00130145 0.0214855 0.00669291 -0.00277778 0.00728725 -0.00588235 0.0125483 0.0160136 0.00638629 -6.56168e-05 0.00214641 -0.00234323 0.0118911 -0.006 0.0239284 0.0084127 -0.00701754 -0.0103053
internal_weight=17704 10169 7535 6875 5164 1986 4374 2371 3178 2356 1667 641 3294 2501 762 314 3057 1224 518 1317 321 3038 2213 1515 698 825 1983 2825 1026 776
internal_count=17704 10169 7535 6875 5164 1986 4374 2371 3178 2356 1667 641 3294 2501 762 314 3057 1224 518 1317 321 3038 2213 1515 698 825 1983 2825 1026 776
cat_boundaries=0 2 8 14 19 25 29 33 37 42 46 52 56 62 66 72 78 84 88 94 99
cat_threshold=3972563189 14062 33604160 38801408 537919488 47186828 1497595936 1536 8393729 134742216 3557051393 67633250 1310990 16389 272 270854 784 1207967760 67121153 269484068 1090535456 134385792 537134080 2637824 8256 1049090 12582912 86114305 525577 1025 524488 2147746816 524354 1209016832 42205184 73400321 516 2097280 536870912 4718688 0 512 134217744 37748736 4325376 160 1048608 16777248 0 0 0 8256 134230144 1208221696 4194304 8192 32 16777248 0 262144 2097152 8192 0 262146 768 1073741824 33555008 4194304 0 12582920 155320320 1024 32832 4194304 536870912 33554432 20971520 1536 33587776 4096 0 12582912 134217728 1536 16 8708 0 1073750032 2768502784 268435472 2097154 2147631104 0 16 0 67111168 37748800 0 33554496
is_linear=0
shrinkage=0.05


Tree=8
num_leaves=31
num_cat=14
split_feature=2 1 1 1 1 9 10 9 1 1 1 1 1 9 1 7 7 1 9 7 11 7 11 0 11 0 3 3 7 9
split_gain=807.337 248.169 134.969 104.825 40.4917 30.9388 30.6141 32.8217 32.3652 31.408 28.6937 26.0997 24.7446 31.0655 24.5658 20.5406 20.0381 19.3931 17.7507 17.4948 14.7643 14.6026 14.1866 21.5992 13.681 13.2125 12.9692 11.8573 11.8284 11.7487
threshold=0 1 2 3 4 2.5000000000000004 1.0000000180025095e-35 9.5000000000000018 5 6 7 8 9 7.5000000000000009 10 1.5000000000000002 5.5000000000000009 11 11.500000000000002 4.5000000000000009 18.500000000000004 4.5000000000000009 12.500000000000002 1.4551317462458455 6.5000000000000009 1.9600142004677656 12 13 1.5000000000000002 3.5000000000000004
decision_type=9 9 9 9 9 2 2 2 9 9 9 9 9 2 9 2 2 9 2 2 2 2 2 2 2 2 9 9 2 2
left_child=2 14 5 17 19 10 8 9 27 -8 -1 28 13 -7 -2 -6 -14 -3 -16 22 -15 -17 -4 -24 -19 -20 -13 -5 -9 -25
right_child=1 3 4 6 15 12 7 11 -10 -11 -12 26 16 20 18 21 -18 24 25 -21 -22 -23 23 29 -26 -27 -28 -29 -30 -31
leaf_value=-0.028763170849088748 -0.012829548068042951 0.040995424099808164 -0.039982981289911991 -0.0024772654059051491 -0.030636571717315455 -0.0014819033250409619 0.0060252354111746346 0.00049168572627183993 0.012427581015524859 0.020635233494517059 -0.010190289914659962 -0.0046007615241449862 0.0017835035312147919 -0.013018865654035939 -0.00022579725195589486 -0.0073261973845290653 -0.016232056119314876 0.0076917606975556163 -0.022481014440431248 -0.019234111620334938 -0.016516694996495381 -0.016565793815617014 -0.036572606243052197 -0.02752804891751022 0.019327541109657221 -0.0085028676900702985 0.014287366644258448 0.0071422202464157432 -0.023122369192017347 -0.0035769825581437598
leaf_weight=212 727 485 371 1119 569 666 519 39 1650 1561 370 126 1007 457 2498 854 152 237 84 410 178 525 241 47 1669 218 209 249 75 180
leaf_count=212 727 485 371 1119 569 666 519 39 1650 1561 370 126 1007 457 2498 854 152 237 84 410 178 525 241 47 1669 218 209 249 75 180
internal_value=-0.000446227 0.00742919 -0.0149064 0.0123301 -0.0220923 -0.00730668 0.00852078 0.0125939 0.00513585 0.0152404 -0.0176976 0.000334076 -0.00487805 -0.00957285 -0.00360475 -0.0173136 0.000470488 0.0210954 -0.00145907 -0.0293487 -0.0175591 -0.0141044 -0.025447 -0.0196581 0.0185282 -0.0129139 0.0073913 -0.000580552 -0.0193548 -0.00859031
internal_weight=17704 11465 6239 7938 3197 3042 5547 2529 3018 2080 582 449 2460 1301 3527 1948 1159 2391 2800 1249 635 1379 839 468 1906 302 335 1368 114 227
internal_count=17704 11465 6239 7938 3197 3042 5547 2529 3018 2080 582 449 2460 1301 3527 1948 1159 2391 2800 1249 635 1379 839 468 1906 302 335 1368 114 227
cat_boundaries=0 2 8 14 19 25 31 37 41 45 51 57 62 64 66
cat_threshold=322338314 116993 33604160 588257280 537927680 35128192 1365475360 9728 271583276 1149354240 172658912 268698624 2148008448 256 272 270854 784 134225936 67121153 8389633 524488 2147748864 67108930 1310730 16384 134488066 2228224 10 14700552 142622720 2176 524288 272629777 0 3221291008 0 4098 2052 75563008 64 268435456 17301504 0 0 12615680 2097192 8438016 38305824 0 2147484160 256 0 537925632 536879104 1572992 1342242816 512 0 0 272 0 67112961 0 4194304 8454272 6307856
is_linear=0
shrinkage=0.05


Tree=9
num_leaves=31
num_cat=17
split_feature=0 1 1 1 1 1 3 3 1 7 1 7 6 9 1 9 6 10 9 1 1 1 10 1 1 3 11 0 9 1
split_gain=742.357 194.892 162.559 73.0766 57.9465 33.1236 29.5432 22.8945 23.5689 20.4489 17.861 25.4059 17.7866 16.7367 16.2777 14.7705 14.5471 13.7348 25.7825 24.7166 15.7884 14.0638 13.36 29.4356 15.57 13.3474 13.2689 21.3311 12.6496 12.212
threshold=1.9899476974498038 0 1 2 3 4 5 6 7 4.5000000000000009 8 5.5000000000000009 566.50000000000011 2.5000000000000004 9 2.5000000000000004 335.50000000000006 1.0000000180025095e-35 9.5000000000000018 10 11 12 1.0000000180025095e-35 13 14 15 12.500000000000002 1.4551317462458455 7.5000000000000009 16
decision_type=2 9 9 9 9 9 9 9 9 2 9 2 2 2 9 2 2 2 2 9 9 9 2 9 9 9 2 2 2 9
left_child=1 10 5 9 16 -2 -6 22 -9 15 -1 25 17 14 -7 -3 29 20 19 -19 -8 -20 24 -24 -5 -12 -17 -28 -25 -4
right_child=2 3 4 7 6 13 12 8 -10 -11 11 -13 -14 -15 -16 26 -18 18 21 -21 -22 -23 23 28 -26 -27 27 -29 -30 -31
leaf_value=0.008100845027728688 0.038945652894817752 -0.043467233047102184 -0.014653532987802809 -0.020329934804755635 0.018470674019628253 -0.0049035367719749041 0.011383438273237845 0.0071212297025569143 -0.018452428707323634 -0.018190199313243973 0.0063904808537216702 -0.014610803284884361 0.026290705715051446 0.018287662337752763 0.014761324563298995 -0.033921381467433731 0.0056698435503847794 0.0005009415914017934 -0.02130750311758621 0.01519339396491305 -0.0010530725474023617 0.0055533072327727251 -0.002414773597240627 -0.011779004593421544 -0.011528442489771801 -0.0040411913667325883 -0.033757665760903326 -0.0039924672302622203 -0.019651982339912943 -0.0034312611315822864
leaf_weight=527 485 159 433 907 237 233 533 230 243 400 393 316 350 2497 400 272 541 359 116 876 1324 180 560 424 884 1984 177 193 451 1020
leaf_count=527 485 159 433 907 237 233 533 230 243 400 393 316 350 2497 400 272 541 359 116 876 1324 180 560 424 884 1984 177 193 451 1020
internal_value=-0.000576141 -0.0116995 0.00884808 -0.0179633 0.00375481 0.0172 0.00723965 -0.0143839 -0.00383023 -0.0287779 -0.00210526 -0.00375509 0.00610993 0.0151911 0.00797788 -0.024407 -0.00319361 0.00501771 0.00852384 0.0117004 0.00212709 -0.00472973 -0.0159147 -0.0123693 -0.0188442 -0.00199832 -0.021028 -0.0148649 -0.0180226 -0.00581555
internal_weight=17704 8120 9584 4900 5969 3615 3975 3699 473 1201 3220 2693 3738 3130 633 801 1994 3388 1531 1235 1857 296 3226 1435 1791 2377 642 370 875 1453
internal_count=17704 8120 9584 4900 5969 3615 3975 3699 473 1201 3220 2693 3738 3130 633 801 1994 3388 1531 1235 1857 296 3226 1435 1791 2377 642 370 875 1453
cat_boundaries=0 6 12 18 24 29 31 33 39 45 49 55 61 67 73 79 81 87
cat_threshold=269484068 1157660704 168997056 805577728 1210630656 8256 2365587728 268837382 2097944 3355576336 67121169 4096 1025 524488 2147746816 67633218 1310730 16384 33604160 571478016 536870912 34603912 23265312 1600 0 0 272 0 67112961 67403844 67108928 327696 6504720 2097280 8454144 268435488 0 2147483648 264 1048608 32 134217856 536879104 136331264 64 134217728 393218 520 1073741824 524288 4194321 0 65536 0 2 0 4194320 65536 65536 0 18 524288 0 0 12615680 8388608 2 2099328 545325056 67110944 0 0 256 6272 679542784 1409353729 32 0 261 67174530 3145984 0 537923584 0 1049216 2097152 1536
is_linear=0
shrinkage=0.05


Tree=10
num_leaves=31
num_cat=20
split_feature=2 1 1 1 3 1 4 10 1 4 1 8 1 4 8 1 4 1 6 6 3 6 5 2 1 6 3 2 6 6
split_gain=695.35 198.037 119.522 86.4002 40.0755 37.2554 24.743 23.6272 25.1314 22.1117 22.0522 20.5458 20.5286 18.1332 17.3721 18.5416 17.1877 16.1571 15.2452 14.7882 14.3012 13.7971 13.3113 16.7859 12.9539 12.7053 12.5866 11.8957 11.315 21.6012
threshold=0 1 2 3 4 5 6 1.0000000180025095e-35 7 8 9 1.0000000180025095e-35 10 11 1.0000000180025095e-35 12 13 14 396.50000000000006 198.50000000000003 15 153.50000000000003 2.5000000000000004 16 17 333.50000000000006 18 19 242.50000000000003 248.50000000000003
decision_type=9 9 9 9 9 9 9 2 9 9 9 2 9 9 2 9 9 9 2 2 9 2 2 9 9 2 9 9 2 2
left_child=2 9 7 13 6 11 -5 8 -1 21 18 28 19 -3 15 -11 -7 -16 -8 -6 22 -2 23 -14 25 -9 27 -17 -4 -30
right_child=1 3 5 4 12 16 10 24 -10 14 -12 -13 20 -15 17 26 -18 -19 -20 -21 -22 -23 -24 -25 -26 -27 -28 -29 29 -31
leaf_value=0.00079014682667083447 -0.0042688006682063467 0.013476756613581165 -0.039748591724062476 -0.0053055336871596142 0.014981238353157122 0.0029197983119202023 0.0011161105126144988 -0.012377201422901213 -0.010880747609512487 -0.0098204053949900293 0.0117075964865768 -0.017312634456949139 -0.015690994074996835 0.030777991911634342 -0.00084369074180536965 0.023105593440366824 -0.01590150012707511 -0.017274602218199698 0.017785707964930685 0.029975754138333945 0.014890867610886628 0.012573761253809997 0.0085425042940467828 0.006403916220429174 0.0014432250990882524 0.003258665834689878 -0.0024260015936412582 -0.0039012892936999945 0.0014807849107589699 -0.031626299431037175
leaf_weight=389 386 167 278 382 737 102 1567 288 1259 481 2215 309 101 1084 223 139 2427 453 486 238 412 468 400 179 889 131 1082 129 63 240
leaf_count=389 386 167 278 382 737 102 1567 288 1259 481 2215 309 101 1084 223 139 2427 453 486 238 412 468 400 179 889 131 1082 129 63 240
internal_value=-0.000593086 0.00683923 -0.0137901 0.0111306 0.00885239 -0.0201662 0.00624464 -0.00637222 -0.0103762 -0.00333729 0.00733988 -0.0292222 0.0146606 0.0231959 -0.00570123 -0.00319498 -0.0168767 -0.012574 0.00356277 0.0200508 0.00970962 0.00358796 0.00507246 -0.00321429 -0.00137615 -0.00850816 -0.000147059 0.00935252 -0.0240103 -0.0173267
internal_weight=17704 11329 6375 7968 6717 3419 4650 2956 1648 3361 4268 890 2067 1251 2507 1831 2529 676 2053 975 1092 854 680 280 1308 419 1350 268 581 303
internal_count=17704 11329 6375 7968 6717 3419 4650 2956 1648 3361 4268 890 2067 1251 2507 1831 2529 676 2053 975 1092 854 680 280 1308 419 1350 268 581 303
cat_boundaries=0 2 8 14 19 21 27 31 37 41 47 53 56 62 66 71 73 75 81 83 85
cat_threshold=322338570 116993 33604160 588255232 537927680 35128204 1365344288 9728 271583276 1149354016 167940320 805569536 2148024832 264 272 8708 784 134217728 67112961 3235123472 7037184 1024 524488 2147745792 66 2 16384 134225920 1207959553 4198400 8226 1048608 1073774624 134221952 537134080 16896 8 1140850690 1 1 1029 537403394 6291457 65546 6299648 142737424 4290 671096832 274726913 65546 2097168 0 6210 134217728 0 2097152 33587200 33558528 536879104 1572864 270532640 512 2 1 131072 256 33587776 33554432 536870912 34603264 2097152 67174528 4114 134217748 1032 32 1140850688 32 263168 2147484160 8 65728 3145728 536936448 512
is_linear=0
shrinkage=0.05


Tree=11
num_leaves=31
num_cat=16
split_feature=1 1 1 1 1 4 7 7 4 6 4 7 4 9 1 7 1 9 1 7 6 9 4 11 4 1 1 11 9 11
split_gain=503.92 323.572 148.517 45.8221 41.1499 34.269 31.0063 31.1822 26.9881 24.6956 24.4208 20.0509 18.2895 17.96 17.5396 17.3627 17.6298 16.6871 17.2211 15.896 15.7367 14.4749 14.335 15.6223 13.4906 13.2406 11.8399 11.5696 11.3342 11.5347
threshold=0 1 2 3 4 5 4.5000000000000009 1.5000000000000002 6 489.50000000000006 7 4.5000000000000009 8 3.5000000000000004 9 1.5000000000000002 10 2.5000000000000004 11 4.5000000000000009 387.50000000000006 8.5000000000000018 12 15.500000000000002 13 14 15 8.5000000000000018 9.5000000000000018 7.5000000000000009
decision_type=9 9 9 9 9 9 2 2 9 2 9 2 9 2 9 2 9 2 9 2 2 2 9 2 9 9 9 2 2 2
left_child=4 6 5 11 12 -3 7 -2 -7 10 15 24 -1 -14 -12 16 -5 -9 -19 -17 26 -8 23 -6 -4 -11 -10 -24 29 -13
right_child=1 2 3 9 22 8 21 17 20 25 14 28 13 -15 -16 19 -18 18 -20 -21 -22 -23 27 -25 -26 -27 -28 -29 -30 -31
leaf_value=0.013541616530864454 -0.030237882807858919 -0.015980349883528817 -0.0098322806132086563 -0.012156480344043798 -0.014992979794221163 0.017302716765360326 -0.017229343499101071 -0.034220595026813294 0.00025589271269024219 -0.0084602164592003214 -0.0018617956195431497 -0.012106321417465716 0.017359556899018604 0.034091936675398338 -0.010742473922642243 -0.0050448041650676019 -0.032360834415982809 -0.001418759290791527 -0.027404735640224123 -0.015149118920723448 0.015523736691332847 -0.014744831168879181 0.0061581582995279939 0.014509856079271067 0.0019856782531044283 0.0074712682885560546 0.0064786910712064001 0.015173904614203938 -0.013022081134780978 -0.0018828379075444381
leaf_weight=170 656 114 215 103 135 361 445 153 1435 250 773 103 221 714 1052 654 299 363 316 485 738 189 517 85 2356 309 1370 2251 296 576
leaf_count=170 656 114 215 103 135 361 445 153 1435 250 773 103 221 714 1052 654 299 363 316 485 738 189 517 85 2356 309 1370 2251 296 576
internal_value=-0.000604383 -0.00523089 -0.00190886 -0.00607539 0.0147575 0.00583416 -0.0231238 -0.0192876 0.00664282 -0.0097967 -0.0114379 -0.00194038 0.0230942 0.0259788 -0.0073842 -0.0160864 -0.0251244 -0.0128606 -0.00949926 -0.0130378 0.00527723 -0.0324921 0.0116077 -0.000869565 0.000369506 -8.94454e-05 0.00358289 0.012599 -0.00805128 -0.0044919
internal_weight=17704 13611 11489 7471 4093 4018 2122 1488 3904 3925 3366 3546 1105 935 1825 1541 402 832 679 1139 3543 634 2988 220 2571 559 2805 2768 975 679
internal_count=17704 13611 11489 7471 4093 4018 2122 1488 3904 3925 3366 3546 1105 935 1825 1541 402 832 679 1139 3543 634 2988 220 2571 559 2805 2768 975 679
cat_boundaries=0 6 12 18 24 29 32 36 40 43 49 53 59 63 67 73 79
cat_threshold=2365595920 268837382 2097938 3355584528 67121153 4112 1082131457 134743240 3498314752 67633218 34865550 16388 538705954 6291505 134217864 551669768 142753808 2242 302039620 1124089856 1216512 33818372 1097368096 9216 272 8704 784 134217728 67112961 134225920 0 4194304 1049088 37748736 16777216 525313 1207968272 42991617 0 1696 134217728 0 2228224 128 605028608 37814304 269484193 268503040 264 2097152 545259520 96 268435456 1024 134217864 268438528 0 33554440 4 134225920 1108606976 1 160 134217728 5242880 131072 160 2097152 75563008 37748772 0 0 8 537395200 4194305 128 14696456 134348800 128
is_linear=0
shrinkage=0.05


Tree=12
num_leaves=31
num_cat=17
split_feature=2 1 1 1 1 7 4 7 3 1 7 6 6 2 4 1 10 1 7 1 7 1 1 4 4 7 6 6 11 10
split_gain=579.773 169.329 112.284 55.5308 38.482 32.6342 31.7329 31.0974 26.9584 28.7911 23.1191 20.7958 17.678 22.8386 17.6209 22.6906 16.7785 19.6165 16.3638 15.3555 15.2841 14.8623 14.7679 14.2615 14.1282 15.7111 12.0938 12.0937 11.8162 12.3461
threshold=0 1 2 3 4 4.5000000000000009 5 1.5000000000000002 6 7 1.5000000000000002 522.50000000000011 390.50000000000006 8 9 10 1.0000000180025095e-35 11 5.5000000000000009 12 3.5000000000000004 13 14 15 16 4.5000000000000009 102.50000000000001 38.500000000000007 8.5000000000000018 1.0000000180025095e-35
decision_type=9 9 9 9 9 2 9 2 9 9 2 2 2 9 9 9 2 9 2 9 2 9 9 9 9 2 2 2 2 2
left_child=2 4 5 24 -2 7 -5 -1 -4 16 11 -11 14 -14 19 -16 17 20 -12 -8 22 -9 -10 -6 -3 -26 27 -18 29 -25
right_child=1 3 8 6 23 -7 12 21 9 10 18 -13 13 -15 15 -17 26 -19 -20 -21 -22 -23 -24 28 25 -27 -28 -29 -30 -31
leaf_value=-0.028718462277277687 0.029417148411515017 -0.01574864415805528 0.0070977048741282522 -0.018065662571071651 -0.00033028259142835474 -0.015613487478893406 -0.007329735937942939 -0.0039470012010017546 0.0044142411175040258 -0.025435851372294843 -0.0052849397021880297 0.006457199869708408 0.02488218707907195 0.010800665725596249 7.7285641294766452e-05 0.011627838580872518 0.0046401375141939703 0.00085334101898948411 -0.020223705119735237 0.0029913690278505103 -0.0095317798595617852 -0.027535950800611664 -0.016415493888123162 0.0010292798659438552 -0.00035459883456258058 -0.01074549001477928 0.0022650512327540007 -0.012581008000734851 0.015095723925306493 0.015138475165335298
leaf_weight=610 797 243 221 109 239 561 518 385 184 520 1253 81 249 678 704 1195 74 283 280 1111 426 345 232 349 1905 701 637 147 2449 218
leaf_count=610 797 243 221 109 239 561 518 385 184 520 1253 81 249 678 704 1195 74 283 280 1111 426 345 232 349 1905 701 637 147 2449 218
internal_value=-0.000604383 0.00606972 -0.0128581 0.00156945 0.0142787 -0.0229984 0.0049847 -0.0188806 -0.00837167 -0.00929246 -0.0133396 -0.0217138 0.0056551 0.0118123 0.00405329 0.00730749 -0.00489212 -0.00893333 -0.0101435 0.000213545 -0.0126761 -0.0119178 -0.00600962 0.0117764 -0.00389997 -0.00279052 0.00034965 -0.00972851 0.0127231 0.00626102
internal_weight=17704 11465 6239 7413 4052 1901 4564 1340 4338 4117 2134 601 4455 927 3528 1899 1983 1125 1533 1629 842 730 416 3255 2849 2606 858 221 3016 567
internal_count=17704 11465 6239 7413 4052 1901 4564 1340 4338 4117 2134 601 4455 927 3528 1899 1983 1125 1533 1629 842 730 416 3255 2849 2606 858 221 3016 567
cat_boundaries=0 2 8 14 20 25 28 30 35 37 41 47 52 58 64 69 73 77
cat_threshold=322338314 116993 2365595920 268836870 2097938 3355584528 67121153 4112 1082131457 525512 3221556225 67108930 33816974 16388 33603648 558897152 537927680 35127940 1361149984 8704 0 8192 784 134217728 67112961 134221824 0 4194304 1076887556 1605634 271583268 1149288448 134254784 268698624 524800 1073741840 1068 1140859012 135528449 1 9090 536871424 33554945 0 4276480 8519680 1024 270534660 75497472 32832 268435456 512 524288 33554433 65544 0 4325376 1154 0 136 1073807360 0 33554444 4 2097156 0 0 0 512 134225920 1108606976 1 160 134217728 4194304 67239936 160
is_linear=0
shrinkage=0.05


Tree=13
num_leaves=31
num_cat=15
split_feature=0 1 1 1 1 9 1 1 9 7 7 4 7 9 1 1 6 1 6 1 9 11 1 1 7 10 1 1 9 11
split_gain=518.376 173.807 113.421 56.7803 44.0437 34.3388 38.1491 37.2337 33.731 27.5699 27.2038 27.0061 25.1769 18.9037 22.8089 20.9993 16.5504 15.8616 15.4999 18.1442 15.4645 15.0379 14.9511 14.5456 13.8662 13.4225 20.916 13.5704 13.6749 12.9167
threshold=1.8599002876667523 0 1 2 3 2.5000000000000004 4 5 10.500000000000002 1.5000000000000002 4.5000000000000009 6 2.5000000000000004 7.5000000000000009 7 8 6.5000000000000009 9 390.50000000000006 10 2.5000000000000004 10.500000000000002 11 12 5.5000000000000009 1.0000000180025095e-35 13 14 7.5000000000000009 12.500000000000002
decision_type=2 9 9 9 9 2 9 9 2 2 2 9 2 2 9 9 2 9 2 9 2 2 9 9 2 2 9 9 2 2
left_child=2 4 10 8 20 7 24 -4 16 23 12 -5 -1 14 -11 -15 -3 -18 22 -20 -2 -14 -13 -8 -7 26 -6 -27 -29 -12
right_child=1 3 5 11 25 6 9 -9 -10 13 29 18 21 15 -16 -17 17 -19 19 -21 -22 -23 -24 -25 -26 27 -28 28 -30 -31
leaf_value=-0.028860594299253341 0.0084726257792226978 0.016580324326207697 -0.027270394729163851 -0.010444052159893191 0.00043459410712725082 0.0010215414601225214 -0.01538335598676388 -0.0081555865691163246 -0.012750902219461164 -0.0076412863059445169 -0.016869478032750154 -0.0017738967018478713 -0.038478357788612076 -0.0016713916594819579 0.0028939872259379886 -0.011852340211826851 0.00097760256559306104 -0.0092246727905081934 0.021274603246405666 0.0067416316632972987 0.030590217350906924 -0.0025323027197255432 0.0061171754236320382 -0.023199256261453263 -0.013106375155651252 0.023700336644333398 0.012493536709891839 0.021955901008421121 0.0043898206306903003 -0.01490999185765679
leaf_weight=612 158 40 391 247 630 1203 219 473 600 355 148 1058 85 322 450 516 1516 801 422 466 731 246 2357 432 179 512 1281 438 524 292
leaf_count=612 158 40 391 247 630 1203 219 473 600 355 148 1058 85 322 450 516 1516 801 422 466 731 246 2357 432 179 512 1281 438 524 292
internal_value=-0.000655219 0.00541126 -0.0127216 0.000818146 0.0134454 -0.00883516 -0.00674646 -0.0178241 -0.0045669 -0.0106771 -0.0252333 0.00432018 -0.0206257 -0.00727328 -0.00180124 -0.0125298 -0.00188799 -0.0024385 0.00525157 0.0111486 0.0234149 -0.00951662 0.00373353 -0.0194316 -0.000143678 0.0107658 0.00803244 0.0143826 0.0104938 -0.0356818
internal_weight=17704 11781 5923 7507 4274 4540 3676 864 2957 2294 1383 4550 943 1643 805 838 2357 2317 4303 888 889 331 3415 651 1382 3385 1911 1474 962 440
internal_count=17704 11781 5923 7507 4274 4540 3676 864 2957 2294 1383 4550 943 1643 805 838 2357 2317 4303 888 889 331 3415 651 1382 3385 1911 1474 962 440
cat_boundaries=0 6 12 18 23 29 34 38 44 50 56 62 68 73 79 83
cat_threshold=2366644496 401926 2097938 3355486224 67121153 4112 8389633 525512 2147747840 67633218 33816842 16388 35700928 554702848 537956352 34865800 1361149984 8704 256 270336 784 134217728 67112961 269486084 1149321216 134217920 268697600 524800 1 268437508 209780736 268435525 268435456 2147483648 134230016 1 4194304 8192 128 134217728 339805184 1 1048644 256 128 0 268436485 1025 2148534276 256 49216 16779264 1081344 33817096 2129920 8192 536870912 33554449 0 10502144 131072 3202 0 33554433 0 4210944 4325376 1152 2097280 134217728 38273056 0 4 134225920 131072 2097154 32768 0 16 202383376 131072 2097152 2147485696
is_linear=0
shrinkage=0.05


Tree=14
num_leaves=31
num_cat=18
split_feature=2 1 1 1 1 3 1 4 1 7 7 7 7 0 4 4 4 10 1 1 6 1 6 1 1 6 7 0 2 7
split_gain=496.181 152.612 113.421 43.4644 42.3761 27.1394 27.8752 25.2585 22.1581 21.721 23.7205 21.1274 18.3926 15.2028 14.5377 13.4429 13.4348 12.5966 18.5805 12.513 12.2127 11.9879 11.602 18.4138 12.2005 11.5657 11.4179 10.8572 10.6136 10.2204
threshold=0 1 2 3 4 5 6 7 8 1.5000000000000002 4.5000000000000009 4.5000000000000009 2.5000000000000004 1.6945450552180283 9 10 11 1.0000000180025095e-35 12 13 522.50000000000011 14 390.50000000000006 15 16 439.50000000000006 5.5000000000000009 2.2081503359631891 17 5.5000000000000009
decision_type=9 9 9 9 9 9 9 9 9 2 2 2 2 2 9 9 9 2 9 9 2 9 2 9 9 2 2 2 9 2
left_child=2 4 11 16 -2 6 26 -5 -7 13 -11 12 -1 -8 20 -9 28 18 -16 29 27 -18 24 -24 -17 -15 -4 -6 -3 -12
right_child=1 3 5 7 14 8 9 15 -10 10 19 -13 -14 25 17 22 21 -19 -20 -21 -22 -23 23 -25 -26 -27 -28 -29 -30 -31
leaf_value=-0.028491014844833643 0.026058564742746839 -0.0040163998177345393 -0.0020521185604168101 -0.009921849551898532 0.027255141375907701 0.014353918873191174 -0.024379798764302525 0.015512219907450797 -0.0053892059819088851 -0.0048471528098749279 0.0017479956582532596 -0.014366492405917752 -0.0079671120444472117 -0.020854431054614889 -0.0019237791061406774 -0.0022262685305625917 -0.013509515929155669 0.014366349908647037 0.011005043986525598 -0.015108451885817088 0.035931419016084647 -0.0012743447967991429 0.02257434756279806 0.0053910546183215391 0.0054327706625214916 0.0083193473439427627 -0.012564910110126983 0.012832388562397679 -0.021260834021163001 -0.013742825656203073
leaf_weight=537 802 134 1232 247 104 213 492 202 495 1268 112 412 286 231 579 987 329 1110 839 579 68 2157 339 504 2216 73 192 715 133 117
leaf_count=537 802 134 1232 247 104 213 492 202 495 1268 112 412 286 231 579 987 329 1110 839 579 68 2157 339 504 2216 73 192 715 133 117
internal_value=-0.000610032 0.00556427 -0.0119459 0.00115734 0.0131181 -0.00855604 -0.0100557 0.00418424 0.000557103 -0.0129077 -0.0102601 -0.025502 -0.0210814 -0.0199749 0.0106131 0.00509629 -0.00378212 0.00858944 0.00550071 -0.0169554 0.0162207 -0.00260417 0.00443787 0.00966785 0.00307524 -0.0111842 -0.00425384 0.0147131 -0.0142599 -0.00606695
internal_weight=17704 11465 6239 7248 4217 5004 4296 4495 708 2872 2076 1235 823 796 3415 4248 2753 2528 1418 808 887 2486 4046 843 3203 304 1424 819 267 229
internal_count=17704 11465 6239 7248 4217 5004 4296 4495 708 2872 2076 1235 823 796 3415 4248 2753 2528 1418 808 887 2486 4046 843 3203 304 1424 819 267 229
cat_boundaries=0 2 8 14 20 25 27 32 36 42 46 50 54 60 66 71 77 83 85
cat_threshold=322338314 116993 2365595920 401926 2097938 3355486224 67121153 4112 8389633 525512 2147746816 67108930 33816970 16384 33603648 554702848 537927680 35127944 1361149984 8704 256 0 784 134217728 67112961 67440962 6504464 1048612 1149255680 167809216 263168 524800 134230016 1 4194304 8192 271581312 1140916224 268435456 268697600 0 264 1074790916 12582913 67239936 524288 512 4194304 16777216 1 134218240 4194304 67239936 160 201334784 131076 2 32768 0 16 0 256 67108865 268435457 2148532224 264 0 536875008 536879104 1572864 268435456 536870912 33554433 0 10506240 131072 3202 0 33554433 0 4210688 4325376 1152 65536 131588
is_linear=0
shrinkage=0.05


Tree=15
num_leaves=31
num_cat=20
split_feature=2 1 1 1 1 3 9 2 1 4 9 9 2 1 7 6 1 1 7 9 4 1 4 1 9 7 2 4 4 5
split_gain=442.663 135.253 102.017 41.7625 34.1321 28.7795 28.0866 49.2931 48.9495 26.5491 21.5852 21.0162 30.4981 21.8508 20.9587 20.1415 17.4312 16.9526 16.9124 15.3214 18.5475 18.9171 16.4003 30.6377 20.8469 14.8636 14.0527 14.042 13.4785 15.734
threshold=0 1 2 3 4 5 2.5000000000000004 6 7 8 10.500000000000002 8.5000000000000018 9 10 5.5000000000000009 6.5000000000000009 11 12 4.5000000000000009 3.5000000000000004 13 14 15 16 7.5000000000000009 1.5000000000000002 17 18 19 2.5000000000000004
decision_type=9 9 9 9 9 9 2 9 9 9 2 2 9 9 2 2 9 9 2 2 9 9 9 9 2 2 9 9 9 2
left_child=2 4 18 10 -2 6 7 -4 14 -5 15 13 -13 -10 -8 -3 -7 -17 25 20 -6 -22 -21 -24 -25 -1 -12 -14 29 -19
right_child=1 3 5 9 19 16 8 -9 11 -11 26 12 27 -15 -16 17 -18 28 -20 22 21 -23 23 24 -26 -27 -28 -29 -30 -31
leaf_value=-0.029868713423131035 0.029568293173134655 0.022878503194283896 -0.026729073390567772 -0.0045825981754843981 -0.0045710895037292922 0.012985683271231742 8.2705258069931678e-05 -0.010628897164404473 0.0022970989837563407 0.006756645578562215 0.0048844325127583967 -0.015450032268124365 0.001667849407476707 -0.01048573931198043 -0.012832277925456537 -0.0099460446430063923 -0.0045263442372872496 -0.015990947485541963 -0.013813579615570294 0.016898556119975174 0.0013602028425938606 0.013074641465426695 0.023781815002257334 0.015519772910156927 -0.0005207476369686548 -0.020388247175959853 -0.013068242376269735 -0.015072978014076572 0.0031336630516719532 0.0025316698576704488
leaf_weight=356 485 45 342 463 230 206 1540 559 234 3747 118 264 141 720 227 525 511 210 382 917 362 417 466 446 663 373 542 384 1595 234
leaf_count=356 485 45 342 463 230 206 1540 559 234 3747 118 264 141 720 227 525 511 210 382 917 362 417 466 446 663 373 542 384 1595 234
internal_value=-0.000598735 0.00523312 -0.0113058 0.00126185 0.0126627 -0.00829116 -0.00980547 -0.0177026 -0.00780627 0.00454976 -0.00297347 -0.0137193 -0.0198352 -0.00880503 -0.0018852 -0.000939057 0.00103164 -0.00152106 -0.0250223 0.0108659 0.00569871 0.00931559 0.0130016 0.00968454 0.00504915 -0.0207819 -0.0110606 -0.0120561 0.000561249 -0.00704846
internal_weight=17704 11465 6239 7479 3986 5128 4411 901 3510 4210 3269 1743 789 954 1767 2609 717 2564 1111 3501 1009 779 2492 1575 1109 729 660 525 2039 444
internal_count=17704 11465 6239 7479 3986 5128 4411 901 3510 4210 3269 1743 789 954 1767 2609 717 2564 1111 3501 1009 779 2492 1575 1109 729 660 525 2039 444
cat_boundaries=0 2 8 14 20 25 27 29 35 39 41 47 53 59 62 67 71 76 78 82 86
cat_threshold=322338314 116993 2365595920 401926 2097938 3355453456 67121153 4112 8388609 525512 2147745792 66 33816970 16384 33604160 558897152 537927680 35127948 1361281056 9728 0 0 272 0 67112961 332610 6504464 35004416 81920 269490180 1149321472 1249937601 268698624 2148010496 1 134230020 1 4194304 8192 16777736 16384 2097152 134217728 16793604 67108864 0 8 269484160 1073807360 268435488 268697600 64 264 0 542117888 536870912 1572996 285212704 1024 0 1048576 2097152 151003152 131072 514 1073741824 8192 1074790912 12582912 69337088 524296 272 401408 2097664 3355443200 8192 1077936144 4168 4 0 2097152 1024 135266432 5242880 2228225 160
is_linear=0
shrinkage=0.05


Tree=16
num_leaves=31
num_cat=21
split_feature=2 1 1 1 1 9 2 1 9 1 4 1 9 4 10 1 1 9 4 1 4 6 4 1 4 11 6 6 4 1
split_gain=409.533 127.524 94.4654 36.2123 33.0677 30.272 47.5771 38.0249 28.3325 29.3989 24.9786 23.0744 17.004 16.4099 14.645 21.7883 18.1666 23.1314 14.6145 13.593 13.3164 13.0812 13.3042 12.605 11.9739 13.187 10.6975 11.2318 10.5067 11.4076
threshold=0 1 2 3 4 2.5000000000000004 5 6 7.5000000000000009 7 8 9 10.500000000000002 10 1.0000000180025095e-35 11 12 9.5000000000000018 13 14 15 108.50000000000001 16 17 18 8.5000000000000018 1.0000000180025095e-35 160.50000000000003 19 20
decision_type=9 9 9 9 9 2 9 9 2 9 9 9 2 9 2 9 9 2 9 9 9 2 9 9 9 2 2 2 9 9
left_child=2 4 13 12 -2 6 -4 21 11 -10 -5 -9 19 -1 15 -12 17 20 23 -3 -16 -7 -23 -17 -6 -26 -21 -28 -27 -30
right_child=1 3 5 10 24 7 -8 8 9 -11 14 -13 -14 -15 16 18 -18 -19 -20 26 -22 22 -24 -25 25 28 27 -29 29 -31
leaf_value=-0.0091668906119536497 0.030246260791642322 -0.013878093250708656 -0.0032771671018735574 -0.0079975140008279929 -0.00092005925603736447 -0.006660322152352894 -0.024055752809527899 -0.010556952562392252 -0.0065476903338562327 -0.014489589409030952 -0.0031446041778360415 0.001940264282462756 -0.0099399488693714295 -0.021495166084040077 -0.0011884896469816942 -0.01457086404314345 0.013872558050903629 -0.010998997632450614 0.013669074073227573 0.027615370905789527 0.014676757769071735 -0.0015338860547036426 0.0063583848702139182 0.0085507724851944019 0.0041336914666591394 0.017871221899406077 -0.0062833923079466227 0.0024935169707346995 0.016595331755420984 0.0092098143475285218
leaf_weight=185 474 271 430 286 228 515 500 463 552 594 1085 497 623 1171 292 105 948 187 566 24 445 864 468 538 605 498 747 1343 747 1453
leaf_count=185 474 271 430 286 228 515 500 463 552 594 1085 497 623 1171 292 105 948 187 566 24 445 864 468 538 605 498 747 1343 747 1453
internal_value=-0.000655219 0.00495425 -0.0109538 0.00108434 0.012142 -0.00767423 -0.0158065 -0.00578042 -0.0103497 -0.0157068 0.00394442 -0.0040625 -0.00314778 -0.0226208 0.00493295 0.00226678 0.0082265 0.00310493 0.00684988 -0.0012369 0.00712347 -0.000511578 0.0021021 0.00160796 0.0104067 0.0111832 0.000141243 -0.000239234 0.0127131 0.0110407
internal_weight=17704 11465 6239 7460 4005 4883 930 3953 2106 1146 4452 960 3008 1356 4166 2294 1872 924 1209 2385 737 1847 1332 643 3531 3303 2114 2090 2698 2200
internal_count=17704 11465 6239 7460 4005 4883 930 3953 2106 1146 4452 960 3008 1356 4166 2294 1872 924 1209 2385 737 1847 1332 643 3531 3303 2114 2090 2698 2200
cat_boundaries=0 2 8 14 20 25 27 33 39 43 49 53 59 65 69 74 78 82 88 92 96 101
cat_threshold=322338314 116993 2298478864 401926 2097938 3355617296 67121153 4112 1082130433 525512 2147811328 67108930 33817034 16384 33603648 558897152 537927680 35127940 1361281072 8704 256 0 272 0 67108864 18891272 33025 269490180 1149321216 142641345 268698624 2148008448 1 1152 0 306185248 1 1050628 256 134230016 134217729 4194304 139296 1152 0 339739648 1 1048580 260 4 5242881 0 256 270850 33554432 8 6311944 142606336 2240 524288 268435472 0 12648704 12582912 1090 1074790402 0 69206016 640 0 1052672 536870912 1572992 268435456 4 1048576 1 896 1209008132 4194305 0 516 524288 0 0 8388608 0 1024 134230018 1108606976 0 32 1049088 12582913 67239936 524288 2147483664 270340 2097666 1207961600 12288
is_linear=0
shrinkage=0.05


Tree=17
num_leaves=31
num_cat=15
split_feature=2 1 1 1 1 9 2 1 9 1 2 9 6 5 1 7 7 9 1 1 9 1 9 9 7 1 6 1 9 0
split_gain=374.331 117.799 78.2563 35.5891 34.9488 25.483 48.4179 33.6461 31.449 30.0722 24.6837 24.4117 21.2588 16.6937 19.9289 16.5982 20.2052 15.6122 32.5038 19.2617 14.5423 17.3591 14.5204 14.2071 13.7736 13.4099 13.2135 14.3824 13.1747 12.4022
threshold=0 1 2 3 4 2.5000000000000004 5 6 7.5000000000000009 7 8 10.500000000000002 6.5000000000000009 2.5000000000000004 9 4.5000000000000009 2.5000000000000004 3.5000000000000004 10 11 9.5000000000000018 12 11.500000000000002 4.5000000000000009 5.5000000000000009 13 348.50000000000006 14 5.5000000000000009 1.9600142004677656
decision_type=9 9 9 9 9 2 9 9 2 9 9 2 2 2 9 2 2 2 9 9 2 9 2 2 2 9 2 9 2 2
left_child=2 3 15 23 11 6 -4 24 10 22 -9 12 -3 14 -5 16 -1 18 -6 -19 25 -22 -10 -2 -7 -21 27 -14 -17 -13
right_child=1 4 5 13 17 7 -8 8 9 -11 -12 29 26 -15 -16 28 -18 19 -20 20 21 -23 -24 -25 -26 -27 -28 -29 -30 -31
leaf_value=-0.026936376046909884 0.011828459341953625 0.024167326550531235 -0.0031133087467798749 -0.0072724458430474927 -0.010290020807971879 0.00022159516009914726 -0.023331787433753793 -0.011991103778446532 -0.012022894867945578 -0.014322628843771425 0.0018676201837004025 -0.014985829315635468 -0.00041951637272166775 0.010363155508224531 0.0074936375147272695 -0.022337025641332449 -0.004882642252530156 0.010474474789154621 0.0044549522149225475 0.015089454935861691 -0.010436756494257127 0.00088606649554924261 0.010042267564135133 0.025672590330922365 -0.013107977934358373 0.0012408648375309861 0.0043279317555546815 -0.011764430296644313 -0.010755871908607962 -0.0097430066772182747
leaf_weight=549 370 33 430 245 338 1540 455 415 311 630 508 203 758 2125 903 142 285 1289 978 567 349 658 121 820 216 874 481 555 262 294
leaf_count=549 370 33 430 245 338 1540 455 415 311 630 508 203 758 2125 903 142 285 1289 978 567 349 658 121 820 216 874 481 555 262 294
internal_value=-0.000711704 0.00440506 -0.0110317 0.0108093 0.000521186 -0.00800259 -0.0156497 -0.00621492 -0.0106516 -0.0165725 -0.0039545 -0.00454156 -0.00188834 0.00805666 0.003223 -0.0221955 -0.0183453 0.00285404 -0.00182371 0.00450896 0.00187144 -0.00273088 -0.00588235 0.01825 -0.0011325 0.00510062 -0.00261984 -0.00521706 -0.0306931 -0.0143863
internal_weight=17704 11840 5864 4463 7377 4626 885 3741 1985 1062 923 2324 1827 3273 1148 1238 834 5053 1316 3737 2448 1007 432 1190 1756 1441 1794 1313 404 497
internal_count=17704 11840 5864 4463 7377 4626 885 3741 1985 1062 923 2324 1827 3273 1148 1238 834 5053 1316 3737 2448 1007 432 1190 1756 1441 1794 1313 404 497
cat_boundaries=0 2 8 14 20 26 28 34 40 42 44 50 56 62 68 74
cat_threshold=322338314 116737 2299535632 401927 786 3355617296 67121153 4112 1 525512 2147811328 66 33816970 16384 272 8192 784 2281709568 67121152 4096 33571008 554702848 537927680 35127944 1359020064 8704 18891274 32769 268442628 1149321216 142641345 268697600 2148008448 1 0 134217728 272630816 1 1050628 256 1204226 49152 8192 131587 294912 33554432 8 2101248 134348800 1152 537165826 304087040 2162696 2166784 134234112 2178 512 0 0 12582912 8519680 1088 0 0 0 12599296 8519680 1088 33554560 16779264 8192 8 1090584576 8192
is_linear=0
shrinkage=0.05


Tree=18
num_leaves=31
num_cat=16
split_feature=1 1 1 7 1 1 7 4 9 1 7 1 7 6 11 9 4 11 9 9 1 5 1 4 9 1 4 1 4 11
split_gain=295.576 187.544 69.3849 34.8471 32.2664 30.8767 31.3703 24.313 23.2099 21.926 21.4408 24.0119 26.4036 20.6143 20.5771 17.2332 16.8573 15.678 18.0488 14.8526 14.1728 14.1022 18.7408 17.7474 19.883 14.553 12.4762 11.7299 11.0799 10.8375
threshold=0 1 2 5.5000000000000009 3 4 1.5000000000000002 5 2.5000000000000004 6 4.5000000000000009 7 1.5000000000000002 242.50000000000003 14.500000000000002 3.5000000000000004 8 20.500000000000004 10.500000000000002 5.5000000000000009 9 2.5000000000000004 10 11 10.500000000000002 12 13 14 15 12.500000000000002
decision_type=9 9 9 2 9 9 2 9 2 9 2 9 2 2 2 2 9 2 2 2 9 2 9 9 2 9 9 9 9 2
left_child=8 4 16 5 21 7 27 -4 -1 -5 11 12 13 29 19 26 -3 20 -19 -12 -8 22 -2 24 -23 -25 -6 -7 -17 -10
right_child=1 2 3 9 15 6 17 -9 10 -11 14 -13 -14 -15 -16 28 -18 18 -20 -21 -22 23 -24 25 -26 -27 -28 -29 -30 -31
leaf_value=-0.026788138201277012 -0.006908823550895127 -0.011690752207490064 -0.015201584000095093 -0.0040646401296897004 -0.0071421452995058757 -0.01187183222767272 0.0021636853691971991 0.00097392275367100267 -0.031989192527815402 -0.016758694254173746 -0.020813760096934093 -0.024249177961568637 0.00066884452637363536 -0.0076750844947833796 -0.012280525603049847 0.0045363434042461131 0.0049940192245709891 -0.0027257106206918292 -0.011150277368670759 -0.0071897540667710041 -0.0029418562950393246 0.0086279310846996363 0.0072492301070132053 0.0090598562113254795 -0.0074174039291627809 0.028178202092366322 0.011890623719092686 -0.018964955587853688 0.024658780229491275 -0.01323093575460731
leaf_weight=357 245 116 229 327 117 519 794 3142 96 592 80 423 415 161 262 163 3657 268 90 225 1046 581 724 868 166 275 248 578 876 64
leaf_count=357 245 116 229 327 117 519 794 3142 96 592 80 423 415 161 262 163 3657 268 90 225 1046 581 724 868 166 275 248 578 876 64
internal_value=-0.000773836 0.00158979 -0.00176812 -0.00452271 0.0105195 -0.00327033 -0.00670197 0.00010352 -0.0184185 -0.0136561 -0.0161066 -0.0122088 -0.00643432 -0.0172897 -0.0240741 0.016761 0.00376685 -0.00327571 -0.0128492 -0.0152459 -0.00141304 0.00740676 0.00252838 0.00994709 0.00376486 0.0138335 0.00753425 -0.0136281 0.0201636 -0.03
internal_weight=17704 15621 11358 7585 4263 6666 3295 3371 2083 919 1726 1159 736 321 567 1404 3773 2198 358 305 1840 2859 969 1890 747 1143 365 1097 1039 160
internal_count=17704 15621 11358 7585 4263 6666 3295 3371 2083 919 1726 1159 736 321 567 1404 3773 2198 358 305 1840 2859 969 1890 747 1143 365 1097 1039 160
cat_boundaries=0 6 12 18 24 30 34 40 45 48 54 56 60 64 68 73 77
cat_threshold=1082130433 671614152 2432976896 68681795 33819086 16384 2299535664 401927 786 3355584528 67121153 4112 604766210 1344290864 136314888 585224448 142622736 2242 152051744 131591 2 133136 0 16 302006788 104859648 37884032 268699276 23822848 9728 134217728 4194304 4194305 160 35652160 62914560 604045316 0 2621440 264 0 671088776 268453888 1 2190 134230016 0 4194304 2099392 16777216 536870980 32 2148532224 9 8192 131587 4 5242880 4194304 1536 152043552 2 2 16 1073741824 1048576 2097152 4 2134208 26284032 1074266208 0 1073741824 135266304 0 2097152 256
is_linear=0
shrinkage=0.05


Tree=19
num_leaves=31
num_cat=17
split_feature=2 2 2 2 4 9 5 4 4 9 0 4 4 9 9 2 2 9 9 4 2 9 2 0 9 7 4 7 3 2
split_gain=322.745 72.5811 49.7243 34.2006 29.9163 28.5044 23.4829 30.2548 23.0025 21.0292 19.2651 17.2938 17.181 20.772 23.5576 23.5084 22.5939 16.3869 15.0891 14.2619 14.0427 13.514 28.3223 14.8562 25.2444 13.8893 13.4503 11.2344 10.2732 9.9866
threshold=0 1 2 3 4 2.5000000000000004 2.5000000000000004 5 6 11.500000000000002 1.4536386939558754 7 8 9.5000000000000018 2.5000000000000004 9 10 9.5000000000000018 3.5000000000000004 11 12 9.5000000000000018 13 2.0573398159220937 3.5000000000000004 4.5000000000000009 14 1.5000000000000002 15 16
decision_type=9 9 9 9 9 2 2 9 9 2 2 9 9 2 2 9 9 2 2 9 9 2 9 2 2 2 9 2 9 9
left_child=2 26 5 6 21 -1 7 18 29 11 -11 -7 13 14 15 -4 -15 -6 -3 -9 -14 23 25 -5 -25 -23 -2 -16 -24 -8
right_child=1 3 12 4 17 9 8 19 -10 10 -12 -13 20 16 27 -17 -18 -19 -20 -21 -22 22 28 24 -26 -27 -28 -29 -30 -31
leaf_value=-0.025514225194254836 0.010368803115544513 -0.017384713545146434 -0.0052331357673774618 0.00041814774522016542 0.0068828251541226855 -0.0047533491627692048 0.0093658272883103133 0.019393434222564367 0.011668983165333657 -0.020383466500808592 0.020669372141328538 -0.012825040925210002 0.0038146154249788402 -0.0047547186027591505 -0.013647785641615607 -0.022268047959466131 -0.012742712834530174 -0.0021915795993683539 -0.00051821690199298502 0.0040387151368689979 -0.0053069856072681006 0.0093616084177481681 -0.0067240134063872416 -0.024021139606890521 0.0015707951859341707 -0.014687493447515477 0.018310994830538909 0.00036665306140055146 -0.021068079645734584 1.8847880076000578e-05
leaf_weight=399 311 244 243 1704 1471 294 759 206 1590 91 90 1334 409 276 300 181 318 587 423 1207 1195 213 160 163 202 90 1266 734 359 885
leaf_count=399 311 244 243 1704 1471 294 759 206 1590 91 90 1334 409 276 300 181 318 587 423 1207 1195 213 160 163 202 90 1266 734 359 885
internal_value=-0.000751243 0.004 -0.0103337 0.0024579 -0.000534382 -0.0162759 0.00524042 0.00110577 0.00791589 -0.0136816 0.00248619 -0.0154791 -0.00671031 -0.00974782 -0.00658436 -0.0165094 -0.0176768 0.0040619 -0.00760709 0.00523542 -0.0027881 -0.00380903 -0.00924574 -0.00166747 -0.0108219 0.00303514 0.0139572 -0.00251451 -0.0161626 0.00368803
internal_weight=17704 11840 5864 10263 4949 2208 5314 2080 3234 1809 181 1628 3656 2052 1458 424 594 2058 667 1413 1604 2891 822 2069 365 303 1577 1034 519 1644
internal_count=17704 11840 5864 10263 4949 2208 5314 2080 3234 1809 181 1628 3656 2052 1458 424 594 2058 667 1413 1604 2891 822 2069 365 303 1577 1034 519 1644
cat_boundaries=0 2 3 5 7 11 15 19 23 27 29 31 35 37 39 43 45 47
cat_threshold=322338314 116737 2215149633 268589056 83968 1207959728 4262 134357141 1048580 6423553 672 1207972356 43253761 2097152 256 201330692 34603009 71434241 544 518 5242881 1 384 1209016833 34865153 1 516 16778760 32769 34865154 1 2 4227072 131073 525314 33554440 1 545259520 1800 134217728 4194304 6291456 384 0 2097168 1073741840 160
is_linear=0
shrinkage=0.05


Tree=20
num_leaves=31
num_cat=18
split_feature=2 2 2 9 2 4 3 9 6 4 6 9 2 9 2 7 4 9 2 2 4 2 2 4 11 9 4 7 2 9
split_gain=289.993 65.1106 44.2643 30.0032 25.4678 21.6934 19.9949 18.7913 18.4954 18.1172 21.8774 19.4894 23.1808 20.6291 23.9133 15.3139 15.0158 14.6375 29.1844 14.0236 13.8199 12.1486 11.737 11.2592 11.1115 15.8215 10.2581 10.2177 9.80089 9.72763
threshold=0 1 2 2.5000000000000004 3 4 5 11.500000000000002 177.50000000000003 6 529.50000000000011 9.5000000000000018 7 2.5000000000000004 8 1.5000000000000002 9 10.500000000000002 10 11 12 13 14 15 20.500000000000004 5.5000000000000009 16 4.5000000000000009 17 3.5000000000000004
decision_type=9 9 9 2 9 9 9 2 2 9 2 2 9 2 9 2 9 2 9 9 9 9 9 9 2 2 9 2 9 2
left_child=2 4 3 -1 26 17 -6 16 29 10 11 13 -13 14 -4 -15 -5 19 -19 -3 -8 -11 -10 -24 -18 -26 -2 -17 -12 -7
right_child=1 5 9 7 6 8 20 -9 22 21 28 12 -14 15 -16 27 24 18 -20 -21 -22 -23 23 -25 25 -27 -28 -29 -30 -31
leaf_value=-0.024238513934542096 0.0044352811580600452 0.0023916629088832409 -0.00011602489834685593 -0.004340567778474397 0.018346141251875725 -0.0067281763646195539 -0.0021964963953068129 0.0039320130930968981 0.013729695864504333 0.0016560504428808577 0.013700664560186072 0.0010790710220601018 -0.012114377850755942 -0.016917272638205721 -0.022067720370913004 0.0026711978448913489 -0.012766396634927913 0.0046170580291049427 -0.016722224455292211 -0.0054230002712929992 0.0069271064135256527 -0.0056638032438742717 -0.003751947201456135 0.0068861218307980643 0.0015554206131008553 -0.021615574751187194 0.023976389597697413 -0.0051187935577871385 -0.0034097034942002003 0.00088476975487860048
leaf_weight=399 175 1159 147 300 396 471 461 181 786 692 110 110 407 254 239 413 1157 236 351 881 3783 912 426 623 80 91 606 257 115 1486
leaf_count=399 175 1159 147 300 396 471 461 181 786 692 110 110 407 254 239 413 1157 236 351 881 3783 912 426 623 80 91 606 257 115 1486
internal_value=-0.000773836 0.00372996 -0.009857 -0.0154644 0.007761 0.000318868 0.00632258 -0.0127971 0.0027354 -0.00643753 -0.00955383 -0.0114122 -0.0196325 -0.00816794 -0.0178756 -0.00411255 -0.0144963 -0.00316648 -0.0101363 -0.00117647 0.00528914 -0.00241636 0.00634877 0.00278565 -0.0167414 -0.00497076 0.0161188 -0.000149254 0.00511111 -0.000638733
internal_weight=17704 11840 5864 2208 5421 6419 4640 1809 3792 3656 2052 1827 517 1310 386 924 1628 2627 587 2040 4244 1604 1835 1049 1328 171 781 670 225 1957
internal_count=17704 11840 5864 2208 5421 6419 4640 1809 3792 3656 2052 1827 517 1310 386 924 1628 2627 587 2040 4244 1604 1835 1049 1328 171 781 670 225 1957
cat_boundaries=0 2 4 6 7 11 13 17 18 19 23 25 27 31 33 35 38 42 44
cat_threshold=322338314 116737 2349367537 130 268589056 83968 2148008000 134361105 34603012 21103617 674 67141700 67153986 1209016833 34865153 1 516 1310722 16778760 134217734 5242881 1 384 1619001344 4200 1078001920 131428 1207971840 1074003969 4198400 288 33562634 1 1073741824 144428 67108996 4194305 67108864 135266306 4194304 0 4 33554434 32769
is_linear=0
shrinkage=0.05


Tree=21
num_leaves=31
num_cat=17
split_feature=2 1 1 4 1 1 4 1 9 6 8 1 1 11 9 10 1 4 9 11 8 6 6 1 1 3 3 9 11 4
split_gain=266.055 88.4593 70.9751 35.5216 34.473 24.2963 22.0514 22.5144 21.2238 19.0668 18.9307 24.2054 18.7733 18.7351 18.6966 18.0627 21.9454 23.973 17.7836 16.8202 16.6538 15.1702 15.5918 18.9015 14.5053 14.3432 13.2689 12.9304 15.5527 12.4129
threshold=0 1 2 3 4 5 6 7 2.5000000000000004 529.50000000000011 1.0000000180025095e-35 8 9 10.500000000000002 3.5000000000000004 1.0000000180025095e-35 10 11 9.5000000000000018 14.500000000000002 1.0000000180025095e-35 6.5000000000000009 346.50000000000006 12 13 14 15 5.5000000000000009 8.5000000000000018 16
decision_type=9 9 9 9 9 9 9 9 2 2 2 9 9 2 2 2 9 9 2 2 2 2 2 9 9 9 9 2 2 9
left_child=2 5 8 -3 18 14 9 -8 -1 12 11 13 -4 -10 -2 16 -6 -18 21 27 25 -5 23 -23 -17 -20 -7 -12 -29 -16
right_child=1 3 6 4 15 26 7 -9 10 -11 19 -13 -14 -15 29 24 17 -19 20 -21 -22 22 -24 -25 -26 -27 -28 28 -30 -31
leaf_value=-0.024278189235710002 0.0071511895361999539 -0.012506202019628638 -0.010175620472860093 0.020978829438880478 -0.0045154363048798274 -0.014845454458520459 0.0031106032780521377 -0.0064225149630474437 -0.017555501120368279 0.0026855090883714295 -0.018782573620488616 -0.024923376484077133 -0.0045627428348011256 0.00036662444011427154 0.002865765516818386 0.00047178063924013802 -0.00071291337946844952 0.0096478164815910657 -0.0093809293882077382 -0.0096813381700786016 -0.016458942309782201 0.00057925861427354233 0.0053073510790945634 -0.010458932546016082 0.010093874792761982 0.0041910873968309947 0.0079859481997862636 -0.016020917600974609 0.00079731684485542245 0.023793604154687321
leaf_weight=325 333 226 1111 45 1066 101 671 815 175 285 70 467 943 397 140 732 1006 804 347 232 229 786 526 564 1521 220 2583 52 132 800
leaf_count=325 333 226 1111 45 1066 101 671 815 175 285 70 467 943 397 140 732 1006 804 347 232 229 786 526 564 1521 220 2583 52 132 800
internal_value=-0.000734297 0.0034762 -0.0096482 0.000470181 0.00104379 0.00959163 -0.0057236 -0.000935829 -0.0176882 -0.0087484 -0.0153115 -0.0115014 -0.0104674 -0.00429553 0.0153157 0.00345398 0.000834492 0.00417582 -0.00350202 -0.0234568 -0.00979899 -0.000910984 -0.00159915 -0.00444444 0.00681314 -0.00520282 0.00682999 -0.0145669 -0.0076087 0.0190426
internal_weight=17704 12029 5675 8072 7846 3957 3825 1486 1850 2339 1525 1039 2054 572 1273 5129 2876 1810 2717 486 796 1921 1876 1350 2253 567 2684 254 184 940
internal_count=17704 12029 5675 8072 7846 3957 3825 1486 1850 2339 1525 1039 2054 572 1273 5129 2876 1810 2717 486 796 1921 1876 1350 2253 567 2684 254 184 940
cat_boundaries=0 2 8 14 18 24 30 34 40 46 52 58 62 68 74 76 78 82
cat_threshold=322337290 116737 2836406544 401924 66320 3892520976 67121153 4112 1082130433 134743240 2164608000 67108930 33819086 16385 134225937 4 0 32 33603776 558962688 537927680 35127944 285409328 9728 272 270336 784 1207967744 67117056 4096 1209016832 47448065 0 516 270532612 1149272064 4194340 268697632 0 264 0 134217928 19456 0 2060 1 2098180 67108864 272629796 262177 2147483648 260 262658 35651584 2097162 4210688 1207992832 128 1073741830 168034304 6291456 512 33587264 16783360 8192 520 16973824 8192 524288 268435472 0 8389888 14680576 2 0 5783552 71569664 524288 134217728 0 2097152 256
is_linear=0
shrinkage=0.05


Tree=22
num_leaves=31
num_cat=16
split_feature=2 2 0 4 8 0 9 3 4 9 2 9 4 2 4 2 9 2 4 2 9 11 6 11 2 2 6 8 2 11
split_gain=236.552 55.9723 40.1051 36.0693 26.5948 24.2227 24.1499 27.8267 21.8989 19.8625 25.4511 18.3787 29.4987 22.1842 17.7219 22.245 18.5423 17.4887 17.0857 19.2921 20.8901 15.7038 15.6919 14.9619 26.7988 16.8649 15.6285 14.7977 14.7477 12.8446
threshold=0 1 1.4214913737168544 2 1.0000000180025095e-35 2.5508352365804217 9.5000000000000018 3 4 2.5000000000000004 5 3.5000000000000004 6 7 8 9 5.5000000000000009 10 11 12 9.5000000000000018 8.5000000000000018 550.50000000000011 10.500000000000002 13 14 566.50000000000011 1.0000000180025095e-35 15 7.5000000000000009
decision_type=9 9 2 9 2 2 2 9 9 2 9 2 9 9 9 9 2 9 9 9 2 2 2 2 9 9 2 2 9 2
left_child=2 5 8 4 9 11 14 17 21 10 -4 12 29 -14 -3 -16 -17 27 19 20 -13 -1 28 24 -11 26 -25 -8 -9 -2
right_child=1 6 3 -5 -6 -7 7 22 -10 23 -12 18 13 -15 15 16 -18 -19 -20 -21 -22 -23 -24 25 -26 -27 -28 -29 -30 -31
leaf_value=-0.024807504457661517 -0.015113764793350228 0.0066728158358544398 -0.022532942508402588 -0.0018692535137867063 -0.0082416660175993802 0.017992994686716248 0.0058875395309941903 0.012439924776041878 -0.023064279773924501 0.00099923543976438984 -0.0027241107358174422 0.016426893656866892 0.012607524881049726 -0.0015241383510707696 0.0028220555787208503 -0.011434579244692312 0.0018494457370445971 -0.015646179093999353 0.0114400824326933 -0.0010063274819746228 -0.00075874761928604881 -0.0075523837662352161 0.043639474591405103 -0.0047457911016692339 -0.017308453276215087 0.00054662991418556468 0.011031712482081901 -0.013786156198914747 -0.0046897338624523558 -0.0054981056057651807
leaf_weight=34 75 1585 209 1831 948 781 261 211 615 225 181 591 499 556 1268 747 414 660 2191 903 387 237 38 410 260 674 51 107 342 413
leaf_count=34 75 1585 209 1831 948 781 261 211 615 225 181 591 499 556 1268 747 414 660 2191 903 387 237 38 410 260 674 51 107 342 413
internal_value=-0.000768188 0.00320209 -0.00917326 -0.0073815 -0.0107817 0.00640025 -0.000434166 -0.00558987 -0.0189616 -0.00756219 -0.0176923 0.00526269 0.000615684 0.00530516 0.00164425 -0.00104551 -0.0060205 -0.010501 0.00702358 0.00346378 0.0082996 -0.00622776 0.0030782 -0.00512346 -0.0124742 -0.00198238 -0.00923567 -0.0015873 0.000994575 -0.00943775
internal_weight=17704 12029 5675 4789 2958 6396 5633 1619 886 2010 390 5615 1543 1055 4014 2429 1161 1028 4072 1881 978 271 591 1620 485 1135 461 368 553 488
internal_count=17704 12029 5675 4789 2958 6396 5633 1619 886 2010 390 5615 1543 1055 4014 2429 1161 1028 4072 1881 978 271 591 1620 485 1135 461 368 553 488
cat_boundaries=0 2 4 8 10 14 16 20 22 26 28 30 34 36 38 40 42
cat_threshold=322337290 116737 3423109361 162 1209016832 9699329 0 548 8389122 4735232 4 9437185 0 4 35004416 67584 1207964160 1048576 6291456 32 1275101312 2 1141899782 159383553 0 132357 4260100 131396 545259520 5896 201339012 1241776129 67108864 9088 32785 160 34865672 32768 1204744 32768 549520384 4608
is_linear=0
shrinkage=0.05


Tree=23
num_leaves=31
num_cat=17
split_feature=1 1 1 7 7 1 9 7 7 1 9 1 1 2 11 1 4 11 4 10 1 2 11 0 9 1 1 9 4 1
split_gain=222.511 123.742 43.9288 23.5451 32.8968 44.1486 21.846 21.5426 29.5989 21.2104 22.4849 26.7065 19.3844 19.2601 18.7558 15.7562 14.7373 14.5873 14.4857 14.8832 16.2676 14.4501 14.0482 14.0006 12.9856 17.3996 14.5371 13.1484 12.5559 12.5083
threshold=0 1 2 5.5000000000000009 1.5000000000000002 3 11.500000000000002 4.5000000000000009 1.5000000000000002 4 7.5000000000000009 5 6 7 13.500000000000002 8 9 12.500000000000002 10 1.0000000180025095e-35 11 12 13.500000000000002 1.7155853096897438 9.5000000000000018 13 14 6.5000000000000009 15 16
decision_type=9 9 9 2 2 9 2 2 2 9 2 9 9 9 2 9 9 2 9 2 9 9 2 2 2 9 9 2 9 9
left_child=6 12 18 4 5 -4 7 8 17 -6 21 -12 -2 -5 -9 -10 23 -1 29 20 -20 -11 -18 -7 26 -26 27 -21 -14 -3
right_child=1 2 3 13 9 16 -8 14 15 10 11 -13 28 -15 -16 -17 22 -19 19 24 -22 -23 -24 -25 25 -27 -28 -29 -30 -31
leaf_value=-0.024492680496023711 0.020812247639197579 0.0023284942190447077 -0.0011785625106847941 0.00021561914515383362 0.0014422153305962805 -0.021473526246716404 -0.00020762228167490183 -0.011150690091980643 0.0025266141898520169 0.0034750937848990306 -0.0072028830601640892 -0.0025688723776167489 0.015025096884112389 -0.013551432136685505 -0.0094536337174979893 -0.01201023367904246 -0.0198452056823894 -0.019534197138548304 -0.0059622896320722712 0.0022431313640047358 0.0017500566478950486 -0.0024472958026869329 -0.0017816951195430031 -0.019910445005779522 -0.022880756854909413 0.0024814992858566923 0.0015085061536506128 0.022273430137961372 0.0064933789530260307 0.02005133348208752
leaf_weight=259 646 297 1132 279 2556 235 188 250 111 350 223 603 230 646 327 593 303 322 550 225 1305 684 296 261 102 168 603 375 3352 233
leaf_count=259 646 297 1132 279 2556 235 188 250 111 350 223 603 230 646 327 593 303 322 550 225 1305 684 296 261 102 168 603 375 3352 233
internal_value=-0.000717352 0.00131512 -0.00139035 -0.00360253 -0.00256661 -0.00752133 -0.016165 -0.017884 -0.0142802 -6.79348e-05 -0.00411765 -0.0102906 0.00861255 -0.0110811 -0.0259099 -0.00738636 -0.0146154 -0.0226334 0.00294726 0.00170761 -0.00126685 0.000773694 -0.0089491 -0.0211462 0.00546504 -0.00444444 0.00768911 0.0131148 0.00712695 0.0105556
internal_weight=17704 15654 11426 7568 6643 2227 2050 1862 1285 4416 1860 826 4228 925 577 704 1095 581 3858 3328 1855 1034 599 496 1473 270 1203 600 3582 530
internal_count=17704 15654 11426 7568 6643 2227 2050 1862 1285 4416 1860 826 4228 925 577 704 1095 581 3858 3328 1855 1034 599 496 1473 270 1203 600 3582 530
cat_boundaries=0 6 12 18 24 30 35 41 43 48 52 56 62 64 70 76 80 86
cat_threshold=8388617 671613128 2416199680 68681795 303301006 16385 2298478896 401973 784 3892422672 67121152 4112 605561346 1344274434 136315018 14832640 144719873 2242 2408452 47251456 1078460416 302252544 1078559232 9728 268700740 92310784 1107297349 302252296 2151843840 9224 1075838976 0 71827456 32 524288 256 270336 272 8192 67108864 4096 1082261546 69668 0 128 0 0 8 1209008644 0 0 1664 68157954 37748736 4325376 1411 8706 2097152 2097152 20480 142606336 2176 20972042 4101 524288 0 2 12582912 0 2 8192 0 2097154 14684160 134217728 192 1049088 0 16777216 524297 67641344 1342177282 0 12587008 2097152 64
is_linear=0
shrinkage=0.05


Tree=24
num_leaves=31
num_cat=17
split_feature=2 1 1 4 1 1 7 1 7 7 7 1 11 1 11 4 11 11 4 6 0 6 6 2 1 7 4 3 4 1
split_gain=208.537 69.7275 65.3187 28.0652 41.5003 33.0434 26.8741 24.307 21.4742 20.1793 31.7294 18.3128 16.8001 16.1077 15.8722 14.7222 14.9847 14.5003 13.8375 13.307 12.9633 15.095 14.1245 12.6002 12.4902 11.4458 10.7842 10.3459 10.1118 10.0343
threshold=0 1 2 3 4 5 1.5000000000000002 6 5.5000000000000009 4.5000000000000009 2.5000000000000004 7 14.500000000000002 8 10.500000000000002 9 8.5000000000000018 7.5000000000000009 10 47.500000000000007 1.4214913737168544 224.50000000000003 286.50000000000006 11 12 1.5000000000000002 13 14 15 16
decision_type=9 9 9 9 9 9 2 9 2 2 2 9 2 9 2 9 2 2 9 2 2 2 2 9 9 2 9 9 9 9
left_child=2 11 9 5 -5 26 7 -4 13 10 20 18 -11 -8 -12 16 -13 -6 -2 -19 -1 25 -23 -16 -7 -22 -3 -9 -15 -10
right_child=1 3 6 4 17 24 8 27 29 12 14 15 -14 28 23 -17 -18 19 -20 -21 21 22 -24 -25 -26 -27 -28 -29 -30 -31
leaf_value=-0.025847980445646408 0.0010525908930884233 0.0026735535329131923 -0.0076005587847378488 0.0076236584208802145 -0.009502496219187374 -0.014243938075000229 0.0015526360648187799 -0.019654347808462515 -0.020753171187398015 -0.0069187727502762588 -0.03019266719799148 -0.00061395974683047254 -0.0091218114214867869 -0.0081510108213477383 -0.0042490838205339393 0.0030149874651307362 0.013503372682309235 -0.0077783600920642631 0.017364206237041581 0.0014330808459680712 -0.021213259307493727 0.011883895642491149 -0.016225950326368446 0.003631954775389168 -0.0033148933702966013 -0.0053933016457582529 -0.0068411252563816641 -0.010122134531939865 -0.0013385650538062567 -0.0079181453829350375
leaf_weight=336 241 1818 532 1938 188 493 1067 334 112 235 90 175 232 201 137 1955 755 261 1117 1211 128 62 115 136 1670 38 207 345 1132 443
leaf_count=336 241 1818 532 1938 188 493 1067 334 112 235 90 175 232 201 137 1955 755 261 1117 1211 128 62 115 136 1670 38 207 345 1132 443
internal_value=-0.000683461 0.00304427 -0.0085752 0.000230888 0.00346452 -0.00254883 -0.00531609 -0.011602 -0.00275804 -0.0174786 -0.0137236 0.00819422 -0.0262313 -0.000708333 -0.00179063 0.00588946 0.0110638 -0.00233533 0.0130117 -0.000679348 -0.0201031 -0.0132653 -0.00310734 0.00421245 -0.00683387 -0.0240964 0.00203931 -0.0177794 -0.00435592 -0.0116216
internal_weight=17704 12029 5675 7786 3598 4188 4166 1211 2955 1509 1042 4243 467 2400 363 2885 930 1660 1358 1472 679 343 177 273 2163 166 2025 679 1333 555
internal_count=17704 12029 5675 7786 3598 4188 4166 1211 2955 1509 1042 4243 467 2400 363 2885 930 1660 1358 1472 679 343 177 273 2163 166 2025 679 1333 555
cat_boundaries=0 2 8 14 18 24 30 35 41 47 51 55 57 62 66 68 72 78
cat_threshold=322337290 116737 2835349776 401957 66320 3892422672 67121152 4114 8388609 524488 2147829760 67108930 33816974 16385 134361109 167772164 6423553 544 68690562 36765714 10 10486920 146800641 9408 67395650 272629776 2097154 39998212 1084408321 576 270536708 8388608 1078460512 268697600 524288 2147483920 270336 784 3892322304 67117056 4096 268438564 67110144 1241515077 262176 2147485696 8 1049088 12582912 2228225 524544 135266304 0 2097152 384 268456448 16384 524416 537985024 0 1572872 268435456 8196 0 2097153 512 64 6291456 134217728 0 0 4 0 0 37748800 1 2147485696 4
is_linear=0
shrinkage=0.05


Tree=25
num_leaves=31
num_cat=15
split_feature=2 2 2 4 9 2 9 7 7 7 7 2 6 3 2 11 6 4 2 9 4 4 6 4 9 6 11 6 3 4
split_gain=193.837 41.5543 40.3574 20.2313 19.4397 28.0535 19.044 21.1748 20.1352 18.7991 25.9687 18.39 16.8352 16.727 16.5044 15.6653 15.5866 15.623 18.4714 15.4223 14.7176 14.5659 17.3338 14.184 13.2135 12.8008 12.4209 12.2073 11.6885 10.1981
threshold=0 1 2 3 10.500000000000002 4 2.5000000000000004 5.5000000000000009 2.5000000000000004 1.5000000000000002 4.5000000000000009 5 208.50000000000003 6 7 14.500000000000002 643.50000000000011 8 9 11.500000000000002 10 11 529.50000000000011 12 3.5000000000000004 288.50000000000006 10.500000000000002 157.50000000000003 13 14
decision_type=9 9 9 9 2 9 2 2 2 2 2 9 2 9 9 2 2 9 9 2 9 9 2 9 2 2 2 2 9 9
left_child=2 3 6 -2 16 28 -1 8 11 21 13 12 27 19 -5 -9 17 18 24 -11 -12 22 -4 -16 -3 -14 -15 -8 -6 -28
right_child=1 4 9 14 5 -7 7 15 -10 10 20 -13 25 26 23 -17 -18 -19 -20 -21 -22 -23 -24 -25 -26 -27 29 -29 -30 -31
leaf_value=-0.020973542815853508 -0.003965285506720817 -0.017232069692928138 -0.020552738293695839 0.017242160048992816 -0.0031092831315844838 -0.0099269988839634348 -0.016160002218170957 -0.0065860961462249736 -0.0012859818545994718 0.012148083584390013 0.0065026956198383501 -0.02330459162363149 0.020079064590409181 -0.0068712668896046217 0.018114579102961794 -0.0078148831872659648 0.014191085771871337 0.0038230526694639669 0.0007532544436174238 -0.0019882942328487418 -0.0074400623569639002 -0.0078754879209598175 0.0056008482481732791 0.0052636591691714758 -0.0030395128842669594 -0.012384875545109142 -0.0014446860483290525 -0.01356677760958962 0.013300079523135494 0.0028216716485773511
leaf_weight=309 366 238 377 742 382 697 129 142 599 167 111 287 76 475 279 128 352 2090 1772 31 998 724 74 4360 354 125 520 37 208 555
leaf_count=309 366 238 377 742 382 697 129 142 599 167 111 287 76 475 279 128 352 2090 1772 31 998 724 74 4360 354 125 520 37 208 555
internal_value=-0.000745594 0.00293671 -0.0081716 0.00598402 5.73488e-05 -0.00540016 -0.0143322 -0.0121142 -0.00937749 -0.00534389 -0.00316766 -0.0154434 -0.00729443 0.000629291 0.00676127 -0.0248148 0.00151893 0.000718455 -0.00206403 0.0139423 -0.00915239 -0.0106809 -0.017679 0.00562487 -0.00963455 0.00223881 -0.00115385 -0.0192771 0.00266667 0.00181395
internal_weight=17704 11840 5864 5747 6093 1287 1832 1523 1253 4032 2857 654 367 1748 5381 270 4806 4454 2364 198 1109 1175 451 4639 592 201 1550 166 590 1075
internal_count=17704 11840 5864 5747 6093 1287 1832 1523 1253 4032 2857 654 367 1748 5381 270 4806 4454 2364 198 1109 1175 451 4639 592 201 1550 166 590 1075
cat_boundaries=0 2 4 6 10 12 14 16 17 21 23 27 31 35 37 41
cat_threshold=322338314 116737 3423109361 130 268457984 83968 134230144 1207959552 4198400 139552 549453828 5160 16384 67584 32768 2097408 2148008000 134230145 38797312 2229249 672 545259524 1032 4 0 131072 1280 1209008640 4194305 0 512 2 4194304 16908288 1034 0 6307840 134217732 9437185 4194304 640
is_linear=0
shrinkage=0.05


Tree=26
num_leaves=31
num_cat=15
split_feature=2 2 2 4 7 7 7 7 4 10 2 2 9 6 4 2 9 11 2 4 4 6 11 11 3 9 11 4 11 3
split_gain=178.599 35.7545 34.4467 20.3734 20.047 22.6484 19.5368 25.0136 18.7944 17.7249 30.5878 17.3475 21.3454 17.1617 14.847 14.8231 16.7092 13.9305 13.6834 16.1402 13.2308 13.1777 13.0029 12.7159 12.3577 12.2534 12.1738 15.2272 11.3655 11.0385
threshold=0 1 2 3 5.5000000000000009 2.5000000000000004 1.5000000000000002 4.5000000000000009 4 1.0000000180025095e-35 5 6 10.500000000000002 535.50000000000011 7 8 11.500000000000002 14.500000000000002 9 10 11 557.50000000000011 10.500000000000002 16.500000000000004 12 2.5000000000000004 8.5000000000000018 13 10.500000000000002 14
decision_type=9 9 9 9 2 2 2 2 9 2 9 9 2 2 9 9 2 2 9 9 9 2 2 2 9 2 2 9 2 9
left_child=2 8 4 -3 5 15 20 24 -2 11 -11 12 -5 26 -9 -1 22 -6 -10 -20 21 -4 -17 -15 -8 -7 -13 -28 -26 -14
right_child=1 3 6 9 17 25 7 14 18 10 -12 13 29 23 -16 16 -18 -19 19 -21 -22 -23 -24 -25 28 -27 27 -29 -30 -31
leaf_value=-0.022923943537091315 -0.0040702878316035253 -0.0099533788312906272 -0.017591473589001306 0.010643570820449734 -0.0080234055286513284 -0.014164867267323078 0.0099657937465089559 0.0049927712268744602 0.014676223709001002 -0.0040024151753023322 0.0058373510915858077 -0.011125749817604169 -0.011040459629680911 0.016820980063888193 -0.0072643185347631258 -0.014943593518413024 0.02182827800942011 -0.0077062448313923509 0.0028500559182029319 0.012077534809855872 -0.007481713524911832 0.0044002792584734666 -0.013834081884531502 -0.0040298493159898864 -0.0065010992565581963 -0.0012216827618695026 0.0042612499017117946 -0.005475598806800353 0.00057610548243307584 0.00067150670105717855
leaf_weight=390 341 241 456 653 162 124 230 117 1112 734 2159 403 201 190 939 120 34 144 2690 1199 586 86 259 60 427 599 225 1533 1002 288
leaf_count=390 341 241 456 653 162 124 230 117 1112 734 2159 403 201 190 939 120 34 144 2690 1199 586 86 259 60 427 599 225 1533 1002 288
internal_value=-0.000779485 0.00267049 -0.00808267 0.000231447 -0.0137351 -0.0114679 -0.00535946 -0.00307551 0.00571749 0.000774473 0.0036813 -0.00159021 0.00347222 -0.00398596 -0.00909091 -0.0172478 -0.00981087 -0.0254902 0.00649571 0.0050654 -0.0109043 -0.0164855 -0.0130607 0.0084 0.000753466 -0.00504841 -0.0054373 -0.0036405 -0.00100764 -0.00439673
internal_weight=17704 12029 5675 6687 1832 1526 3843 2715 5342 6446 2893 3553 1142 2411 1056 803 413 306 5001 3889 1128 542 379 250 1659 723 2161 1758 1429 489
internal_count=17704 12029 5675 6687 1832 1526 3843 2715 5342 6446 2893 3553 1142 2411 1056 803 413 306 5001 3889 1128 542 379 250 1659 723 2161 1758 1429 489
cat_boundaries=0 2 4 6 10 14 16 18 22 24 25 29 33 35 39 41
cat_threshold=322337290 116737 3423109361 2 268457984 83968 134225937 4 131072 34 201338880 1207959552 4198400 139552 536936452 4096 536936708 4100 4 0 4325376 1280 268441600 16384 2148040768 1073742468 43253761 69206016 512 1209008644 4194305 0 1536 32836 2097408 1073742338 1 4194304 1408 0 4194560
is_linear=0
shrinkage=0.05


Tree=27
num_leaves=31
num_cat=13
split_feature=1 1 1 6 7 11 9 1 1 9 1 1 7 7 1 9 1 9 7 11 6 7 5 1 1 6 9 1 1 11
split_gain=192.003 85.7639 42.6255 26.2294 21.7132 19.4197 19.0035 56.4435 32.7376 20.2597 20.386 18.1788 16.1493 17.9746 15.6305 18.5044 14.3295 13.1607 12.8584 19.0943 15.4353 14.6345 11.9727 20.6308 16.6712 11.9345 11.7777 11.5186 11.3674 10.3814
threshold=0 1 2 489.50000000000006 5.5000000000000009 14.500000000000002 9.5000000000000018 3 4 3.5000000000000004 5 6 1.5000000000000002 5.5000000000000009 7 2.5000000000000004 8 11.500000000000002 1.5000000000000002 12.500000000000002 260.50000000000006 4.5000000000000009 2.5000000000000004 9 10 97.500000000000014 7.5000000000000009 11 12 17.500000000000004
decision_type=9 9 9 2 2 2 2 9 9 2 9 9 2 2 9 2 9 2 2 2 2 2 2 9 9 2 2 9 9 2
left_child=4 22 3 12 14 25 8 -8 -4 10 -10 -11 -3 29 -1 -16 -15 18 19 20 -17 27 24 -24 -2 -6 -21 -20 -9 -14
right_child=1 2 6 -5 5 -7 7 28 9 11 -12 -13 13 16 15 17 -18 -19 21 26 -22 -23 23 -25 -26 -27 -28 -29 -30 -31
leaf_value=-0.018990524123302033 -0.0045854861289391646 -0.014503675215750113 0.0063930238706072064 0.0034035112583653826 0.0004551104427240549 -0.015342067398520277 0.0066676866936538626 -0.0087271256399364394 -0.0086444090389787061 0.0044529149236634319 -0.0011652591524568656 -0.0024631352768629267 -0.00030625160623866111 -0.0038094980720669472 -0.017809777654534564 -0.023518137405966602 -0.019644224781912269 0.0079924500090689087 0.0055494637929983884 0.0035365802858817463 -0.01063893235747564 -0.0049983606922470725 0.0055862109904925685 0.018084324349244698 0.0086436872192970481 -0.01667211154875432 -0.02140949981407372 -0.0015329471796680484 -0.0044851688768738135 -0.0038733777704992589
leaf_weight=471 386 706 3205 408 68 146 918 816 476 1017 846 978 1039 126 187 105 212 94 103 108 48 155 1216 1006 977 97 65 264 993 468
leaf_count=471 386 706 3205 408 68 146 918 816 476 1017 846 978 1039 126 187 105 212 94 103 108 48 155 1216 1006 977 97 65 264 993 468
internal_value=-0.000717352 0.00109789 -0.000900311 -0.00611317 -0.0156429 -0.0278135 0.000772222 -0.00273194 0.00223858 -0.00124737 -0.00605144 0.00192982 -0.00801646 -0.00555556 -0.013375 -0.00987709 -0.0159763 -0.00711253 -0.00908019 -0.0168712 -0.0297386 -0.00421456 0.00788595 0.010171 0.00421864 -0.0160606 -0.00549133 0.00122616 -0.00783397 -0.00321831
internal_weight=17704 15793 12208 2959 1911 311 9249 2727 6522 3317 1322 1995 2551 1845 1600 1129 338 942 848 326 153 522 3585 2222 1363 165 173 367 1809 1507
internal_count=17704 15793 12208 2959 1911 311 9249 2727 6522 3317 1322 1995 2551 1845 1600 1129 338 942 848 326 153 522 3585 2222 1363 165 173 367 1809 1507
cat_boundaries=0 6 12 18 24 30 36 42 48 51 57 62 65 71
cat_threshold=1082130441 671613128 2164541440 67633218 303303054 16641 2231370032 401925 134218512 3892422672 67121152 4112 2103296 1119488 1959896164 1048745 2147549248 516 262146 373293058 10 304092420 6324225 2178 941138496 18480 2621442 12718080 143261697 8266 33817606 44040192 8 270548992 0 128 33816580 1184890880 33554433 270548992 1077936128 3200 1082130432 524288 2164523008 67633218 33554816 16384 2097152 0 335609860 16777248 0 134218240 2281734160 8192 16 67109120 393729 0 1073807376 4096 0 136 2048 167813312 2048 524289 12582912 8912896 8264
is_linear=0
shrinkage=0.05


Tree=28
num_leaves=31
num_cat=17
split_feature=1 1 1 7 7 1 1 7 11 10 4 1 1 4 1 1 11 9 1 1 6 4 9 7 11 6 1 3 4 0
split_gain=189.379 73.5822 38.1115 21.7693 21.1944 33.8405 18.4072 18.059 16.0927 15.1557 19.1197 24.0157 15.6019 14.8938 15.361 14.8429 16.5212 13.857 13.7508 13.616 13.5492 13.078 12.6002 12.2177 16.5957 20.1349 12.1451 12.0285 11.6417 10.8663
threshold=0 1 2 5.5000000000000009 1.5000000000000002 3 4 5.5000000000000009 14.500000000000002 1.0000000180025095e-35 5 6 7 8 9 10 18.500000000000004 2.5000000000000004 11 12 173.50000000000003 13 9.5000000000000018 1.5000000000000002 12.500000000000002 266.50000000000006 14 15 16 1.4423715224632951
decision_type=9 9 9 2 2 9 9 2 2 2 9 9 9 9 9 9 2 2 9 9 2 9 2 2 2 2 9 9 9 2
left_child=7 13 9 4 5 17 -5 23 -9 10 -3 -12 -11 14 21 -6 -17 -4 -15 -18 -13 -2 28 24 25 -1 -25 -7 -14 -26
right_child=1 2 3 6 15 27 -8 8 -10 12 11 20 22 18 -16 16 19 -19 -20 -21 -22 -23 -24 26 29 -27 -28 -29 -30 -31
leaf_value=-0.023048365272206207 -1.0235557613125224e-05 -0.0029730873252182158 -0.018145362258080805 -0.00077782995706223714 0.00099593799734896678 -0.016627866195748475 -0.013793281497583243 -0.0081963045001775762 -0.0080979194363776548 0.011245241238674743 0.012441247594485595 -0.0062745226402165406 -0.0032045757809339272 0.0067173074426868156 0.016380795045337716 -0.00046298182739640259 -0.0039600807971840899 0.0030894168519393032 -0.0038258677988379122 -0.0038797288729254587 0.0031575476703990472 0.010412277254817071 -0.0078344692263170989 -0.0034538458323011834 -0.02158592164677009 -0.010528132021425935 -0.015010532204784422 -0.0051682584481712816 0.008130911551307447 -0.006097817290507835
leaf_weight=184 533 1609 202 367 2624 709 562 171 155 1045 433 256 220 804 1079 1279 106 940 406 349 314 684 243 588 109 102 465 338 596 232
leaf_count=184 533 1609 202 367 2624 709 562 171 155 1045 433 256 220 804 1079 1279 106 940 406 349 314 684 243 588 109 102 465 338 596 232
internal_value=-0.000802079 0.00105042 -0.000786756 -0.00300561 -0.00199328 -0.00600731 -0.0101722 -0.0152282 -0.0260736 0.00272958 0.000191424 0.00557749 0.00589354 0.00742321 0.00980052 2.29463e-05 -0.00355505 0 0.00286885 -0.0117582 -0.0012069 0.00582722 0.0015435 -0.0132143 -0.01874 -0.0276224 -0.00992403 -0.0124409 0.00453431 -0.0112903
internal_weight=17704 15698 12192 7476 6547 2189 929 2006 326 4716 2612 1003 2104 3506 2296 4358 1734 1142 1210 455 570 1217 1059 1680 627 286 1053 1047 816 341
internal_count=17704 15698 12192 7476 6547 2189 929 2006 326 4716 2612 1003 2104 3506 2296 4358 1734 1142 1210 455 570 1217 1059 1680 627 286 1053 1047 816 341
cat_boundaries=0 6 12 18 24 30 34 40 46 50 56 62 68 70 74 80 82 86
cat_threshold=8388617 671613128 2231633920 67633218 303303054 16641 2231370032 403972 134218512 3892553744 67121152 4112 672670208 1375731763 2097282 14685184 144850961 2242 2408452 13697024 1078460424 302268928 21594624 9728 2359360 96468992 805371909 302268416 524288 8 1207967750 168034304 73531393 512 1572864 268435474 2 8388608 8388608 2 671097344 33554433 2097154 2101248 134217728 192 1049092 12582913 67239936 525837 0 133124 134218240 2281865232 0 4112 302255300 94405888 33555525 302252832 2151710720 8200 0 2052 784 2281734160 0 4112 2097152 4259840 0 0 67108864 1536 1 134217928 67108864 0 34867208 257 65600 6832128 4 9437185 2097153 384
is_linear=0
shrinkage=0.05


Tree=29
num_leaves=31
num_cat=18
split_feature=1 1 1 7 7 11 7 1 1 6 7 10 4 1 4 9 4 1 1 11 9 1 1 1 3 4 1 11 6 1
split_gain=177.99 66.6051 29.1228 19.5249 18.1889 19.9143 17.5841 26.3654 16.9024 16.2586 15.0126 14.6103 15.0933 18.799 14.7296 18.0824 14.3629 20.728 13.7731 13.6902 13.1226 16.111 13.0249 12.7661 12.6734 12.536 12.1209 11.9919 15.1651 11.8082
threshold=0 1 2 5.5000000000000009 5.5000000000000009 14.500000000000002 1.5000000000000002 3 4 1.0000000180025095e-35 1.5000000000000002 1.0000000180025095e-35 5 6 7 1.5000000000000002 8 9 10 5.5000000000000009 10.500000000000002 11 12 13 14 15 16 12.500000000000002 266.50000000000006 17
decision_type=9 9 9 2 2 2 2 9 9 2 2 2 9 9 9 2 9 9 9 2 2 9 9 9 9 9 9 2 2 9
left_child=4 16 11 6 9 -6 7 -4 -5 -1 27 14 13 -13 22 -16 -2 25 -8 -9 29 -22 -3 -12 -21 -18 -17 28 -11 -20
right_child=1 2 3 8 5 -7 18 19 -10 10 23 12 -14 -15 15 26 17 -19 20 24 21 -23 -24 -25 -26 -27 -28 -29 -30 -31
leaf_value=0.027806203512734818 0.012303171226536498 -0.0088180111018223047 -0.00055270416397468214 0.00049487089943075493 -0.0070472577252027437 -0.013583319175031494 0.00096467184841449454 -0.026943933767560959 -0.012571011056076144 -0.022492102234826519 -0.0019024834875848941 0.01511348615451873 0.0088763086770678578 -0.0037899752954632772 -0.0071920676598195349 -0.0010469919702741693 -0.0014257044434585976 0.0021153990038162095 0.0017586666216480751 -0.015879492241066363 -0.0042802445410570272 -0.0025668714600794451 -6.7502454400325545e-05 -0.010466688725999929 -0.0054242973595045596 0.019291742896724907 0.010790805028323037 -0.013126601712254299 -0.010700893208492691 -0.0035055040666372773
leaf_weight=33 1330 414 1171 265 198 164 2784 59 637 193 578 211 1189 539 164 235 138 1845 529 455 120 236 1065 575 483 438 567 360 111 618
leaf_count=33 1330 414 1171 265 198 164 2784 59 637 193 578 211 1189 539 164 235 138 1845 529 455 120 236 1065 575 483 438 567 360 111 618
internal_value=-0.00076254 0.00113534 -0.000719088 -0.00264015 -0.0139964 -0.0243094 -0.00168087 -0.00535055 -0.00953437 -0.0120541 -0.0126857 0.00250341 0.00575039 0.000131579 -6.13497e-05 0.00471311 0.00692635 0.00458659 0.000174948 -0.0112711 -0.00366821 -0.0120787 -0.00319006 -0.00923677 -0.00991471 0.0127986 0.00785536 -0.0186747 -0.0259868 -0.0010898
internal_weight=17704 15492 11741 7357 2212 362 6455 2168 902 1850 1817 4384 1939 750 2445 966 3751 2421 4287 997 1503 356 1479 1153 938 576 802 664 304 1147
internal_count=17704 15492 11741 7357 2212 362 6455 2168 902 1850 1817 4384 1939 750 2445 966 3751 2421 4287 997 1503 356 1479 1153 938 576 802 664 304 1147
cat_boundaries=0 6 12 18 24 30 34 40 44 48 53 59 65 71 77 79 82 88 94
cat_threshold=8392705 671613128 2500085760 67633218 302254478 16641 2231370032 401924 134218512 3892488208 67121153 4178 672670210 1377830963 2097282 14750720 136462352 2176 2408452 13697024 1078460424 302268928 13206016 9728 2359360 25165824 536936453 33570816 524288 8 67117060 5505025 1 524676 8704 33554434 0 2101248 134217728 128 134225924 4456449 73400321 512 1049092 12582913 131073 524301 2147483904 8196 272 3221227520 67108865 302255300 92275968 1107297349 302252832 2160099328 9224 2097152 0 65536 0 524288 4 1581570 33554432 2 8388608 134217728 128 4097 192 335560704 0 33818628 257 0 6815744 134217730 0 2097152 134226432 1 0 5120 136314880 2176 1075838976 0 589824 8 590336 516
is_linear=0
shrinkage=0.05


Tree=30
num_leaves=31
num_cat=18
split_feature=1 1 1 7 6 6 4 1 4 1 4 5 1 4 6 4 7 1 1 9 6 1 1 9 1 6 2 3 6 9
split_gain=152.465 61.9318 24.8987 19.472 17.5191 17.0458 15.3742 15.7562 15.3064 15.9055 13.7833 13.9782 17.8564 14.24 15.6599 13.5313 13.4909 14.7475 13.123 16.7555 12.669 12.6104 11.9166 11.8281 11.5842 10.2255 13.015 11.2321 9.8696 9.23159
threshold=0 1 2 5.5000000000000009 489.50000000000006 1.0000000180025095e-35 3 4 5 6 7 2.5000000000000004 8 9 157.50000000000003 10 1.5000000000000002 11 12 10.500000000000002 1.0000000180025095e-35 13 14 4.5000000000000009 15 34.500000000000007 16 17 208.50000000000003 2.5000000000000004
decision_type=9 9 9 2 2 2 9 9 9 9 9 2 9 9 2 9 2 9 9 2 2 9 9 2 9 2 9 9 2 2
left_child=3 6 4 5 15 -1 -2 -8 21 -10 -9 12 -12 22 -15 18 28 23 19 -3 -11 -4 -13 -18 -17 26 -22 -27 -7 -20
right_child=1 2 8 -5 -6 16 7 10 9 20 11 13 -14 14 -16 24 17 -19 29 -21 25 -23 -24 -25 -26 27 -28 -29 -30 -31
leaf_value=0.027588252942928927 -0.0033560121824909974 -0.00074138399752479158 0.00066937393702244945 -0.0077132848852602409 0.0034735565192928197 -0.018437229746675967 0.016718004260794173 0.01909747933328787 0.0025363148737718166 0.034991448000507172 -0.010576570976287881 -0.0029075568557133339 0.0056593381418597712 0.0061398908554897384 0.025007839175885751 -0.007291840751473733 -0.012085936094867867 -0.012678707844578996 -0.022765863294216804 -0.0034598034208896847 0.0069813721120052024 -0.0059106893663340215 0.013565182959457169 0.0002299948816870623 0.0035108777898208657 -0.0022387689245054409 -0.011130698364738224 0.0018616875273277157 -0.011205752913755019 -0.0096540632468270285
leaf_weight=32 371 599 548 357 356 311 545 212 3699 34 272 453 627 624 338 245 209 500 183 168 102 839 459 398 378 2412 230 1206 350 647
leaf_count=32 371 599 548 357 356 311 545 212 3699 34 272 453 627 624 338 245 209 500 183 168 102 839 459 398 378 2412 230 1206 350 647
internal_value=-0.00079643 0.00093527 -0.000892244 -0.013221 -0.00522042 -0.0111667 0.00637944 0.00740113 0.00034141 0.00121539 0.00592654 0.00494071 -0.000166852 0.00741729 0.0116255 -0.00689189 -0.0118213 -0.00844625 -0.00930305 -0.00444015 -0.000976465 -0.00447387 0.00281996 -0.00299838 -0.000552923 -0.00124051 -0.00963855 -0.000469873 -0.0174735 -0.0136905
internal_weight=17704 15547 11646 2157 2576 1800 3901 3530 9070 7683 2985 2773 899 1874 962 2220 1768 1107 1597 767 3984 1387 912 607 623 3950 332 3618 661 830
internal_count=17704 15547 11646 2157 2576 1800 3901 3530 9070 7683 2985 2773 899 1874 962 2220 1768 1107 1597 767 3984 1387 912 607 623 3950 332 3618 661 830
cat_boundaries=0 6 12 18 22 27 31 37 41 47 51 55 61 66 72 78 84 86 88
cat_threshold=8392705 671613128 2500069376 67633346 33819022 16641 2164269104 401921 134218512 3892553744 67121152 4178 1075841160 1118464 550560868 1048609 3490775104 516 1207971840 1048576 4198400 162 32 270336 272 536879104 67112960 134356997 168820740 4195329 131104 1008206080 304105494 35651723 6295552 165675552 128 1048578 4194305 131073 524297 8192 131073 0 65552 0 2 4 0 67108864 1536 134226432 46137345 6291456 644 4097 192 335544320 0 33818636 257 2097288 256 546333764 0 269484032 671089152 29360128 1073807360 42209280 136970240 9344 0 1 0 134250512 8192 80 2048 256 541082688 0 269484032 512 50332208 4288 32768 4739330
is_linear=0
shrinkage=0.05


end of trees

feature_importances:
subdistrict=284
month=130
sub_category=121
district=90
day_of_week=86
comment_len=69
hour=51
main_type=32
te_dist_dept=26
is_rainy_season=24
severity=11
is_weekend=6

parameters:
[boosting: gbdt]
[objective: regression_l1]
[metric: l1]
[tree_learner: serial]
[device_type: cpu]
[data_sample_strategy: bagging]
[data: ]
[valid: ]
[num_iterations: 800]
[learning_rate: 0.05]
[num_leaves: 31]
[num_threads: -1]
[seed: 42]
[deterministic: 0]
[force_col_wise: 0]
[force_row_wise: 0]
[histogram_pool_size: -1]
[max_depth: 8]
[min_data_in_leaf: 20]
[min_sum_hessian_in_leaf: 0.001]
[bagging_fraction: 0.8]
[pos_bagging_fraction: 1]
[neg_bagging_fraction: 1]
[bagging_freq: 0]
[bagging_seed: 400]
[bagging_by_query: 0]
[feature_fraction: 0.8]
[feature_fraction_bynode: 1]
[feature_fraction_seed: 30056]
[extra_trees: 0]
[extra_seed: 12879]
[early_stopping_round: 0]
[early_stopping_min_delta: 0]
[first_metric_only: 0]
[max_delta_step: 0]
[lambda_l1: 0]
[lambda_l2: 0]
[linear_lambda: 0]
[min_gain_to_split: 0]
[drop_rate: 0.1]
[max_drop: 50]
[skip_drop: 0.5]
[xgboost_dart_mode: 0]
[uniform_drop: 0]
[drop_seed: 17869]
[top_rate: 0.2]
[other_rate: 0.1]
[min_data_per_group: 100]
[max_cat_threshold: 32]
[cat_l2: 10]
[cat_smooth: 10]
[max_cat_to_onehot: 4]
[top_k: 20]
[monotone_constraints: ]
[monotone_constraints_method: basic]
[monotone_penalty: 0]
[feature_contri: ]
[forcedsplits_filename: ]
[refit_decay_rate: 0.9]
[cegb_tradeoff: 1]
[cegb_penalty_split: 0]
[cegb_penalty_feature_lazy: ]
[cegb_penalty_feature_coupled: ]
[path_smooth: 0]
[interaction_constraints: ]
[verbosity: -1]
[saved_feature_importance_type: 0]
[use_quantized_grad: 0]
[num_grad_quant_bins: 4]
[quant_train_renew_leaf: 0]
[stochastic_rounding: 1]
[linear_tree: 0]
[max_bin: 255]
[max_bin_by_feature: ]
[min_data_in_bin: 3]
[bin_construct_sample_cnt: 200000]
[data_random_seed: 175]
[is_enable_sparse: 1]
[enable_bundle: 1]
[use_missing: 1]
[zero_as_missing: 0]
[feature_pre_filter: 1]
[pre_partition: 0]
[two_round: 0]
[header: 0]
[label_column: ]
[weight_column: ]
[group_column: ]
[ignore_column: ]
[categorical_feature: 1,2,3,4]
[forcedbins_filename: ]
[precise_float_parser: 0]
[parser_config_file: ]
[objective_seed: 16083]
[num_class: 1]
[is_unbalance: 0]
[scale_pos_weight: 1]
[sigmoid: 1]
[boost_from_average: 1]
[reg_sqrt: 0]
[alpha: 0.9]
[fair_c: 1]
[poisson_max_delta_step: 0.7]
[tweedie_variance_power: 1.5]
[lambdarank_truncation_level: 30]
[lambdarank_norm: 1]
[label_gain: ]
[lambdarank_position_bias_regularization: 0]
[eval_at: ]
[multi_error_top_k: 1]
[auc_mu_weights: ]
[num_machines: 1]
[local_listen_port: 12400]
[time_out: 120]
[machine_list_filename: ]
[machines: ]
[gpu_platform_id: -1]
[gpu_device_id: -1]
[gpu_device_id_list: ]
[gpu_use_dp: 0]
[num_gpu: 1]

end of parameters

pandas_categorical:[["\u0e01\u0e23\u0e30\u0e17\u0e38\u0e48\u0e21\u0e23\u0e32\u0e22", "\u0e02\u0e38\u0e21\u0e17\u0e2d\u0e07", "\u0e04\u0e25\u0e2d\u0e07\u0e01\u0e38\u0e48\u0e21", "\u0e04\u0e25\u0e2d\u0e07\u0e02\u0e27\u0e32\u0e07", "\u0e04\u0e25\u0e2d\u0e07\u0e08\u0e31\u0e48\u0e19", "\u0e04\u0e25\u0e2d\u0e07\u0e0a\u0e31\u0e01\u0e1e\u0e23\u0e30", "\u0e04\u0e25\u0e2d\u0e07\u0e15\u0e31\u0e19", "\u0e04\u0e25\u0e2d\u0e07\u0e15\u0e31\u0e19\u0e40\u0e2b\u0e19\u0e37\u0e2d", "\u0e04\u0e25\u0e2d\u0e07\u0e15\u0e49\u0e19\u0e44\u0e17\u0e23", "\u0e04\u0e25\u0e2d\u0e07\u0e16\u0e19\u0e19", "\u0e04\u0e25\u0e2d\u0e07\u0e1a\u0e32\u0e07\u0e1a\u0e2d\u0e19", "\u0e04\u0e25\u0e2d\u0e07\u0e1a\u0e32\u0e07\u0e1e\u0e23\u0e32\u0e19", "\u0e04\u0e25\u0e2d\u0e07\u0e21\u0e2b\u0e32\u0e19\u0e32\u0e04", "\u0e04\u0e25\u0e2d\u0e07\u0e2a\u0e2d\u0e07\u0e15\u0e49\u0e19\u0e19\u0e38\u0e48\u0e19", "\u0e04\u0e25\u0e2d\u0e07\u0e2a\u0e32\u0e19", "\u0e04\u0e25\u0e2d\u0e07\u0e2a\u0e32\u0e21\u0e1b\u0e23\u0e30\u0e40\u0e27\u0e28", "\u0e04\u0e25\u0e2d\u0e07\u0e2a\u0e34\u0e1a", "\u0e04\u0e25\u0e2d\u0e07\u0e2a\u0e34\u0e1a\u0e2a\u0e2d\u0e07", "\u0e04\u0e25\u0e2d\u0e07\u0e40\u0e08\u0e49\u0e32\u0e04\u0e38\u0e13\u0e2a\u0e34\u0e07\u0e2b\u0e4c", "\u0e04\u0e25\u0e2d\u0e07\u0e40\u0e15\u0e22", "\u0e04\u0e25\u0e2d\u0e07\u0e40\u0e15\u0e22\u0e40\u0e2b\u0e19\u0e37\u0e2d", "\u0e04\u0e31\u0e19\u0e19\u0e32\u0e22\u0e32\u0e27", "\u0e04\u0e39\u0e2b\u0e32\u0e2a\u0e27\u0e23\u0e23\u0e04\u0e4c", "\u0e04\u0e39\u0e49\u0e1d\u0e31\u0e48\u0e07\u0e40\u0e2b\u0e19\u0e37\u0e2d", "\u0e08\u0e15\u0e38\u0e08\u0e31\u0e01\u0e23", "\u0e08\u0e23\u0e40\u0e02\u0e49\u0e1a\u0e31\u0e27", "\u0e08\u0e2d\u0e21\u0e17\u0e2d\u0e07", "\u0e08\u0e2d\u0e21\u0e1e\u0e25", "\u0e08\u0e31\u0e01\u0e23\u0e27\u0e23\u0e23\u0e14\u0e34", "\u0e08\u0e31\u0e19\u0e17\u0e23\u0e40\u0e01\u0e29\u0e21", "\u0e09\u0e34\u0e21\u0e1e\u0e25\u0e35", "\u0e0a\u0e19\u0e30\u0e2a\u0e07\u0e04\u0e23\u0e32\u0e21", "\u0e0a\u0e48\u0e2d\u0e07\u0e19\u0e19\u0e17\u0e23\u0e35", "\u0e14\u0e2d\u0e01\u0e44\u0e21\u0e49", "\u0e14\u0e2d\u0e19\u0e40\u0e21\u0e37\u0e2d\u0e07", "\u0e14\u0e32\u0e27\u0e04\u0e30\u0e19\u0e2d\u0e07", "\u0e14\u0e34\u0e19\u0e41\u0e14\u0e07", "\u0e14\u0e38\u0e2a\u0e34\u0e15", "\u0e15\u0e25\u0e32\u0e14\u0e19\u0e49\u0e2d\u0e22", "\u0e15\u0e25\u0e32\u0e14\u0e1a\u0e32\u0e07\u0e40\u0e02\u0e19", "\u0e15\u0e25\u0e32\u0e14\u0e1e\u0e25\u0e39", "\u0e15\u0e25\u0e32\u0e14\u0e22\u0e2d\u0e14", "\u0e15\u0e25\u0e34\u0e48\u0e07\u0e0a\u0e31\u0e19", "\u0e16\u0e19\u0e19\u0e19\u0e04\u0e23\u0e44\u0e0a\u0e22\u0e28\u0e23\u0e35", "\u0e16\u0e19\u0e19\u0e1e\u0e0d\u0e32\u0e44\u0e17", "\u0e16\u0e19\u0e19\u0e40\u0e1e\u0e0a\u0e23\u0e1a\u0e38\u0e23\u0e35", "\u0e17\u0e23\u0e32\u0e22\u0e01\u0e2d\u0e07\u0e14\u0e34\u0e19", "\u0e17\u0e23\u0e32\u0e22\u0e01\u0e2d\u0e07\u0e14\u0e34\u0e19\u0e43\u0e15\u0e49", "\u0e17\u0e27\u0e35\u0e27\u0e31\u0e12\u0e19\u0e32", "\u0e17\u0e31\u0e1a\u0e0a\u0e49\u0e32\u0e07", "\u0e17\u0e31\u0e1a\u0e22\u0e32\u0e27", "\u0e17\u0e38\u0e48\u0e07\u0e04\u0e23\u0e38", "\u0e17\u0e38\u0e48\u0e07\u0e1e\u0e0d\u0e32\u0e44\u0e17", "\u0e17\u0e38\u0e48\u0e07\u0e21\u0e2b\u0e32\u0e40\u0e21\u0e06", "\u0e17\u0e38\u0e48\u0e07\u0e27\u0e31\u0e14\u0e14\u0e2d\u0e19", "\u0e17\u0e38\u0e48\u0e07\u0e2a\u0e2d\u0e07\u0e2b\u0e49\u0e2d\u0e07", "\u0e17\u0e48\u0e32\u0e02\u0e49\u0e32\u0e21", "\u0e17\u0e48\u0e32\u0e41\u0e23\u0e49\u0e07", "\u0e19\u0e27\u0e21\u0e34\u0e19\u0e17\u0e23\u0e4c", "\u0e19\u0e27\u0e25\u0e08\u0e31\u0e19\u0e17\u0e23\u0e4c", "\u0e1a\u0e27\u0e23\u0e19\u0e34\u0e40\u0e27\u0e28", "\u0e1a\u0e32\u0e07\u0e01\u0e30\u0e1b\u0e34", "\u0e1a\u0e32\u0e07\u0e02\u0e38\u0e19\u0e19\u0e19\u0e17\u0e4c", "\u0e1a\u0e32\u0e07\u0e02\u0e38\u0e19\u0e1e\u0e23\u0e2b\u0e21", "\u0e1a\u0e32\u0e07\u0e02\u0e38\u0e19\u0e28\u0e23\u0e35", "\u0e1a\u0e32\u0e07\u0e02\u0e38\u0e19\u0e40\u0e17\u0e35\u0e22\u0e19", "\u0e1a\u0e32\u0e07\u0e04\u0e2d\u0e41\u0e2b\u0e25\u0e21", "\u0e1a\u0e32\u0e07\u0e04\u0e49\u0e2d", "\u0e1a\u0e32\u0e07\u0e08\u0e32\u0e01", "\u0e1a\u0e32\u0e07\u0e0a\u0e31\u0e19", "\u0e1a\u0e32\u0e07\u0e0b\u0e37\u0e48\u0e2d", "\u0e1a\u0e32\u0e07\u0e14\u0e49\u0e27\u0e19", "\u0e1a\u0e32\u0e07\u0e19\u0e32\u0e40\u0e2b\u0e19\u0e37\u0e2d", "\u0e1a\u0e32\u0e07\u0e19\u0e32\u0e43\u0e15\u0e49", "\u0e1a\u0e32\u0e07\u0e1a\u0e2d\u0e19\u0e40\u0e2b\u0e19\u0e37\u0e2d", "\u0e1a\u0e32\u0e07\u0e1a\u0e2d\u0e19\u0e43\u0e15\u0e49", "\u0e1a\u0e32\u0e07\u0e1a\u0e33\u0e2b\u0e23\u0e38", "\u0e1a\u0e32\u0e07\u0e1b\u0e30\u0e01\u0e2d\u0e01", "\u0e1a\u0e32\u0e07\u0e1e\u0e23\u0e21", "\u0e1a\u0e32\u0e07\u0e1e\u0e25\u0e31\u0e14", "\u0e1a\u0e32\u0e07\u0e21\u0e14", "\u0e1a\u0e32\u0e07\u0e22\u0e35\u0e48\u0e02\u0e31\u0e19", "\u0e1a\u0e32\u0e07\u0e22\u0e35\u0e48\u0e40\u0e23\u0e37\u0e2d", "\u0e1a\u0e32\u0e07\u0e23\u0e30\u0e21\u0e32\u0e14", "\u0e1a\u0e32\u0e07\u0e23\u0e31\u0e01", "\u0e1a\u0e32\u0e07\u0e25\u0e33\u0e20\u0e39\u0e25\u0e48\u0e32\u0e07", "\u0e1a\u0e32\u0e07\u0e2b\u0e27\u0e49\u0e32", "\u0e1a\u0e32\u0e07\u0e2d\u0e49\u0e2d", "\u0e1a\u0e32\u0e07\u0e40\u0e0a\u0e37\u0e2d\u0e01\u0e2b\u0e19\u0e31\u0e07", "\u0e1a\u0e32\u0e07\u0e41\u0e04", "\u0e1a\u0e32\u0e07\u0e41\u0e04\u0e40\u0e2b\u0e19\u0e37\u0e2d", "\u0e1a\u0e32\u0e07\u0e41\u0e27\u0e01", "\u0e1a\u0e32\u0e07\u0e42\u0e04\u0e25\u0e48", "\u0e1a\u0e32\u0e07\u0e42\u0e1e\u0e07\u0e1e\u0e32\u0e07", "\u0e1a\u0e32\u0e07\u0e44\u0e1c\u0e48", "\u0e1a\u0e38\u0e04\u0e04\u0e42\u0e25", "\u0e1a\u0e49\u0e32\u0e19\u0e0a\u0e48\u0e32\u0e07\u0e2b\u0e25\u0e48\u0e2d", "\u0e1a\u0e49\u0e32\u0e19\u0e1a\u0e32\u0e15\u0e23", "\u0e1a\u0e49\u0e32\u0e19\u0e1e\u0e32\u0e19\u0e16\u0e21", "\u0e1b\u0e17\u0e38\u0e21\u0e27\u0e31\u0e19", "\u0e1b\u0e23\u0e30\u0e40\u0e27\u0e28", "\u0e1b\u0e32\u0e01\u0e04\u0e25\u0e2d\u0e07\u0e20\u0e32\u0e29\u0e35\u0e40\u0e08\u0e23\u0e34\u0e0d", "\u0e1b\u0e49\u0e2d\u0e21\u0e1b\u0e23\u0e32\u0e1a", "\u0e1e\u0e0d\u0e32\u0e44\u0e17", "\u0e1e\u0e23\u0e30\u0e1a\u0e23\u0e21\u0e21\u0e2b\u0e32\u0e23\u0e32\u0e0a\u0e27\u0e31\u0e07", "\u0e1e\u0e23\u0e30\u0e42\u0e02\u0e19\u0e07", "\u0e1e\u0e23\u0e30\u0e42\u0e02\u0e19\u0e07\u0e40\u0e2b\u0e19\u0e37\u0e2d", "\u0e1e\u0e23\u0e30\u0e42\u0e02\u0e19\u0e07\u0e43\u0e15\u0e49", "\u0e1e\u0e25\u0e31\u0e1a\u0e1e\u0e25\u0e32", "\u0e21\u0e2b\u0e32\u0e1e\u0e24\u0e12\u0e32\u0e23\u0e32\u0e21", "\u0e21\u0e31\u0e01\u0e01\u0e30\u0e2a\u0e31\u0e19", "\u0e21\u0e35\u0e19\u0e1a\u0e38\u0e23\u0e35", "\u0e22\u0e32\u0e19\u0e19\u0e32\u0e27\u0e32", "\u0e23\u0e2d\u0e07\u0e40\u0e21\u0e37\u0e2d\u0e07", "\u0e23\u0e32\u0e21\u0e2d\u0e34\u0e19\u0e17\u0e23\u0e32", "\u0e23\u0e32\u0e29\u0e0e\u0e23\u0e4c\u0e1a\u0e39\u0e23\u0e13\u0e30", "\u0e23\u0e32\u0e29\u0e0e\u0e23\u0e4c\u0e1e\u0e31\u0e12\u0e19\u0e32", "\u0e25\u0e32\u0e14\u0e01\u0e23\u0e30\u0e1a\u0e31\u0e07", "\u0e25\u0e32\u0e14\u0e1e\u0e23\u0e49\u0e32\u0e27", "\u0e25\u0e32\u0e14\u0e22\u0e32\u0e27", "\u0e25\u0e33\u0e15\u0e49\u0e2d\u0e22\u0e15\u0e34\u0e48\u0e07", "\u0e25\u0e33\u0e1b\u0e25\u0e32\u0e17\u0e34\u0e27", "\u0e25\u0e33\u0e1c\u0e31\u0e01\u0e0a\u0e35", "\u0e25\u0e38\u0e21\u0e1e\u0e34\u0e19\u0e35", "\u0e27\u0e07\u0e28\u0e4c\u0e2a\u0e27\u0e48\u0e32\u0e07", "\u0e27\u0e0a\u0e34\u0e23\u0e1e\u0e22\u0e32\u0e1a\u0e32\u0e25", "\u0e27\u0e31\u0e07\u0e17\u0e2d\u0e07\u0e2b\u0e25\u0e32\u0e07", "\u0e27\u0e31\u0e07\u0e1a\u0e39\u0e23\u0e1e\u0e32\u0e20\u0e34\u0e23\u0e21\u0e22\u0e4c", "\u0e27\u0e31\u0e07\u0e43\u0e2b\u0e21\u0e48", "\u0e27\u0e31\u0e14\u0e01\u0e31\u0e25\u0e22\u0e32\u0e13\u0e4c", "\u0e27\u0e31\u0e14\u0e17\u0e48\u0e32\u0e1e\u0e23\u0e30", "\u0e27\u0e31\u0e14\u0e1e\u0e23\u0e30\u0e22\u0e32\u0e44\u0e01\u0e23", "\u0e27\u0e31\u0e14\u0e23\u0e32\u0e0a\u0e1a\u0e1e\u0e34\u0e18", "\u0e27\u0e31\u0e14\u0e2a\u0e32\u0e21\u0e1e\u0e23\u0e30\u0e22\u0e32", "\u0e27\u0e31\u0e14\u0e2d\u0e23\u0e38\u0e13", "\u0e27\u0e31\u0e14\u0e40\u0e17\u0e1e\u0e28\u0e34\u0e23\u0e34\u0e19\u0e17\u0e23\u0e4c", "\u0e27\u0e31\u0e14\u0e42\u0e2a\u0e21\u0e19\u0e31\u0e2a", "\u0e28\u0e32\u0e25\u0e32\u0e18\u0e23\u0e23\u0e21\u0e2a\u0e1e\u0e19\u0e4c", "\u0e28\u0e32\u0e25\u0e40\u0e08\u0e49\u0e32\u0e1e\u0e48\u0e2d\u0e40\u0e2a\u0e37\u0e2d", "\u0e28\u0e34\u0e23\u0e34\u0e23\u0e32\u0e0a", "\u0e2a\u0e19\u0e32\u0e21\u0e1a\u0e34\u0e19", "\u0e2a\u0e21\u0e40\u0e14\u0e47\u0e08\u0e40\u0e08\u0e49\u0e32\u0e1e\u0e23\u0e30\u0e22\u0e32", "\u0e2a\u0e27\u0e19\u0e08\u0e34\u0e15\u0e23\u0e25\u0e14\u0e32", "\u0e2a\u0e27\u0e19\u0e2b\u0e25\u0e27\u0e07", "\u0e2a\u0e30\u0e1e\u0e32\u0e19\u0e2a\u0e2d\u0e07", "\u0e2a\u0e30\u0e1e\u0e32\u0e19\u0e2a\u0e39\u0e07", "\u0e2a\u0e31\u0e21\u0e1e\u0e31\u0e19\u0e18\u0e27\u0e07\u0e28\u0e4c", "\u0e2a\u0e32\u0e21\u0e27\u0e32\u0e15\u0e30\u0e27\u0e31\u0e19\u0e15\u0e01", "\u0e2a\u0e32\u0e21\u0e27\u0e32\u0e15\u0e30\u0e27\u0e31\u0e19\u0e2d\u0e2d\u0e01", "\u0e2a\u0e32\u0e21\u0e40\u0e2a\u0e19\u0e19\u0e2d\u0e01", "\u0e2a\u0e32\u0e21\u0e40\u0e2a\u0e19\u0e43\u0e19", "\u0e2a\u0e32\u0e22\u0e44\u0e2b\u0e21", "\u0e2a\u0e33\u0e23\u0e32\u0e0d\u0e23\u0e32\u0e29\u0e0e\u0e23\u0e4c", "\u0e2a\u0e33\u0e40\u0e2b\u0e23\u0e48", "\u0e2a\u0e35\u0e01\u0e31\u0e19", "\u0e2a\u0e35\u0e25\u0e21", "\u0e2a\u0e35\u0e48\u0e1e\u0e23\u0e30\u0e22\u0e32", "\u0e2a\u0e35\u0e48\u0e41\u0e22\u0e01\u0e21\u0e2b\u0e32\u0e19\u0e32\u0e04", "\u0e2a\u0e38\u0e23\u0e34\u0e22\u0e27\u0e07\u0e28\u0e4c", "\u0e2b\u0e19\u0e2d\u0e07\u0e04\u0e49\u0e32\u0e07\u0e1e\u0e25\u0e39", "\u0e2b\u0e19\u0e2d\u0e07\u0e08\u0e2d\u0e01", "\u0e2b\u0e19\u0e2d\u0e07\u0e1a\u0e2d\u0e19", "\u0e2b\u0e19\u0e2d\u0e07\u0e41\u0e02\u0e21", "\u0e2b\u0e25\u0e31\u0e01\u0e2a\u0e2d\u0e07", "\u0e2b\u0e31\u0e27\u0e2b\u0e21\u0e32\u0e01", "\u0e2b\u0e34\u0e23\u0e31\u0e0d\u0e23\u0e39\u0e08\u0e35", "\u0e2b\u0e49\u0e27\u0e22\u0e02\u0e27\u0e32\u0e07", "\u0e2d\u0e19\u0e38\u0e2a\u0e32\u0e27\u0e23\u0e35\u0e22\u0e4c", "\u0e2d\u0e23\u0e38\u0e13\u0e2d\u0e21\u0e23\u0e34\u0e19\u0e17\u0e23\u0e4c", "\u0e2d\u0e2d\u0e40\u0e07\u0e34\u0e19", "\u0e40\u0e2a\u0e19\u0e32\u0e19\u0e34\u0e04\u0e21", "\u0e40\u0e2a\u0e32\u0e0a\u0e34\u0e07\u0e0a\u0e49\u0e32", "\u0e41\u0e2a\u0e19\u0e41\u0e2a\u0e1a", "\u0e41\u0e2a\u0e21\u0e14\u0e33", "\u0e42\u0e04\u0e01\u0e41\u0e1d\u0e14"], ["\u0e04\u0e25\u0e2d\u0e07\u0e2a\u0e32\u0e19", "\u0e04\u0e25\u0e2d\u0e07\u0e2a\u0e32\u0e21\u0e27\u0e32", "\u0e04\u0e25\u0e2d\u0e07\u0e40\u0e15\u0e22", "\u0e04\u0e31\u0e19\u0e19\u0e32\u0e22\u0e32\u0e27", "\u0e08\u0e15\u0e38\u0e08\u0e31\u0e01\u0e23", "\u0e08\u0e2d\u0e21\u0e17\u0e2d\u0e07", "\u0e14\u0e2d\u0e19\u0e40\u0e21\u0e37\u0e2d\u0e07", "\u0e14\u0e34\u0e19\u0e41\u0e14\u0e07", "\u0e14\u0e38\u0e2a\u0e34\u0e15", "\u0e15\u0e25\u0e34\u0e48\u0e07\u0e0a\u0e31\u0e19", "\u0e17\u0e27\u0e35\u0e27\u0e31\u0e12\u0e19\u0e32", "\u0e17\u0e38\u0e48\u0e07\u0e04\u0e23\u0e38", "\u0e18\u0e19\u0e1a\u0e38\u0e23\u0e35", "\u0e1a\u0e32\u0e07\u0e01\u0e2d\u0e01\u0e19\u0e49\u0e2d\u0e22", "\u0e1a\u0e32\u0e07\u0e01\u0e2d\u0e01\u0e43\u0e2b\u0e0d\u0e48", "\u0e1a\u0e32\u0e07\u0e01\u0e30\u0e1b\u0e34", "\u0e1a\u0e32\u0e07\u0e02\u0e38\u0e19\u0e40\u0e17\u0e35\u0e22\u0e19", "\u0e1a\u0e32\u0e07\u0e04\u0e2d\u0e41\u0e2b\u0e25\u0e21", "\u0e1a\u0e32\u0e07\u0e0b\u0e37\u0e48\u0e2d", "\u0e1a\u0e32\u0e07\u0e19\u0e32", "\u0e1a\u0e32\u0e07\u0e1a\u0e2d\u0e19", "\u0e1a\u0e32\u0e07\u0e1e\u0e25\u0e31\u0e14", "\u0e1a\u0e32\u0e07\u0e23\u0e31\u0e01", "\u0e1a\u0e32\u0e07\u0e40\u0e02\u0e19", "\u0e1a\u0e32\u0e07\u0e41\u0e04", "\u0e1a\u0e36\u0e07\u0e01\u0e38\u0e48\u0e21", "\u0e1b\u0e17\u0e38\u0e21\u0e27\u0e31\u0e19", "\u0e1b\u0e23\u0e30\u0e40\u0e27\u0e28", "\u0e1b\u0e49\u0e2d\u0e21\u0e1b\u0e23\u0e32\u0e1a\u0e28\u0e31\u0e15\u0e23\u0e39\u0e1e\u0e48\u0e32\u0e22", "\u0e1e\u0e0d\u0e32\u0e44\u0e17", "\u0e1e\u0e23\u0e30\u0e19\u0e04\u0e23", "\u0e1e\u0e23\u0e30\u0e42\u0e02\u0e19\u0e07", "\u0e20\u0e32\u0e29\u0e35\u0e40\u0e08\u0e23\u0e34\u0e0d", "\u0e21\u0e35\u0e19\u0e1a\u0e38\u0e23\u0e35", "\u0e22\u0e32\u0e19\u0e19\u0e32\u0e27\u0e32", "\u0e23\u0e32\u0e0a\u0e40\u0e17\u0e27\u0e35", "\u0e23\u0e32\u0e29\u0e0e\u0e23\u0e4c\u0e1a\u0e39\u0e23\u0e13\u0e30", "\u0e25\u0e32\u0e14\u0e01\u0e23\u0e30\u0e1a\u0e31\u0e07", "\u0e25\u0e32\u0e14\u0e1e\u0e23\u0e49\u0e32\u0e27", "\u0e27\u0e31\u0e07\u0e17\u0e2d\u0e07\u0e2b\u0e25\u0e32\u0e07", "\u0e27\u0e31\u0e12\u0e19\u0e32", "\u0e2a\u0e27\u0e19\u0e2b\u0e25\u0e27\u0e07", "\u0e2a\u0e30\u0e1e\u0e32\u0e19\u0e2a\u0e39\u0e07", "\u0e2a\u0e31\u0e21\u0e1e\u0e31\u0e19\u0e18\u0e27\u0e07\u0e28\u0e4c", "\u0e2a\u0e32\u0e17\u0e23", "\u0e2a\u0e32\u0e22\u0e44\u0e2b\u0e21", "\u0e2b\u0e19\u0e2d\u0e07\u0e08\u0e2d\u0e01", "\u0e2b\u0e19\u0e2d\u0e07\u0e41\u0e02\u0e21", "\u0e2b\u0e25\u0e31\u0e01\u0e2a\u0e35\u0e48", "\u0e2b\u0e49\u0e27\u0e22\u0e02\u0e27\u0e32\u0e07"], ["BEST", "\u0e01\u0e23\u0e30\u0e17\u0e33\u0e1c\u0e34\u0e14\u0e43\u0e19\u0e17\u0e35\u0e48\u0e2a\u0e32\u0e18\u0e32\u0e23\u0e13\u0e30", "\u0e01\u0e23\u0e38\u0e07\u0e40\u0e17\u0e1e\u0e42\u0e1b\u0e23\u0e48\u0e07\u0e43\u0e2a", "\u0e01\u0e25\u0e49\u0e2d\u0e07\u0e42\u0e17\u0e23\u0e17\u0e31\u0e28\u0e19\u0e4c\u0e27\u0e07\u0e08\u0e23\u0e1b\u0e34\u0e14 (CCTV)", "\u0e01\u0e32\u0e23\u0e04\u0e38\u0e49\u0e21\u0e04\u0e23\u0e2d\u0e07\u0e1c\u0e39\u0e49\u0e1a\u0e23\u0e34\u0e42\u0e20\u0e04", "\u0e01\u0e32\u0e23\u0e1a\u0e23\u0e34\u0e2b\u0e32\u0e23\u0e07\u0e32\u0e19\u0e1a\u0e38\u0e04\u0e04\u0e25", "\u0e02\u0e22\u0e30", "\u0e02\u0e22\u0e30\u0e41\u0e25\u0e30\u0e2a\u0e34\u0e48\u0e07\u0e1b\u0e0f\u0e34\u0e01\u0e39\u0e25", "\u0e02\u0e2d\u0e04\u0e27\u0e32\u0e21\u0e0a\u0e48\u0e27\u0e22\u0e40\u0e2b\u0e25\u0e37\u0e2d", "\u0e02\u0e2d\u0e43\u0e0a\u0e49\u0e1a\u0e23\u0e34\u0e01\u0e32\u0e23", "\u0e02\u0e2d\u0e43\u0e2b\u0e49\u0e14\u0e33\u0e40\u0e19\u0e34\u0e19\u0e01\u0e32\u0e23\u0e01\u0e31\u0e1a\u0e2a\u0e31\u0e15\u0e27\u0e4c\u0e40\u0e25\u0e37\u0e49\u0e2d\u0e22\u0e04\u0e25\u0e32\u0e19 \u0e2a\u0e31\u0e15\u0e27\u0e4c\u0e21\u0e35\u0e1e\u0e34\u0e29", "\u0e02\u0e36\u0e49\u0e19\u0e17\u0e30\u0e40\u0e1a\u0e35\u0e22\u0e19&\u0e2a\u0e33\u0e23\u0e27\u0e08", "\u0e02\u0e49\u0e2d\u0e40\u0e2a\u0e19\u0e2d\u0e41\u0e19\u0e30", "\u0e04\u0e19\u0e40\u0e23\u0e48\u0e23\u0e48\u0e2d\u0e19", "\u0e04\u0e27\u0e31\u0e19\u0e14\u0e33", "\u0e04\u0e27\u0e32\u0e21\u0e1b\u0e25\u0e2d\u0e14\u0e20\u0e31\u0e22", "\u0e04\u0e27\u0e32\u0e21\u0e2a\u0e30\u0e2d\u0e32\u0e14", "\u0e08\u0e23\u0e32\u0e08\u0e23", "\u0e08\u0e38\u0e14\u0e40\u0e2a\u0e35\u0e48\u0e22\u0e07", "\u0e08\u0e38\u0e14\u0e40\u0e2a\u0e35\u0e48\u0e22\u0e07/\u0e08\u0e38\u0e14\u0e2d\u0e31\u0e19\u0e15\u0e23\u0e32\u0e22", "\u0e15\u0e49\u0e19\u0e44\u0e21\u0e49", "\u0e15\u0e49\u0e19\u0e44\u0e21\u0e49\u0e41\u0e25\u0e30\u0e2a\u0e27\u0e19\u0e2a\u0e32\u0e18\u0e32\u0e23\u0e13\u0e30", "\u0e16\u0e19\u0e19", "\u0e17\u0e32\u0e07\u0e40\u0e17\u0e49\u0e32", "\u0e17\u0e35\u0e48\u0e1e\u0e31\u0e01\u0e1c\u0e39\u0e49\u0e42\u0e14\u0e22\u0e2a\u0e32\u0e23", "\u0e17\u0e38\u0e08\u0e23\u0e34\u0e15", "\u0e17\u0e48\u0e2d\u0e23\u0e30\u0e1a\u0e32\u0e22\u0e19\u0e49\u0e33", "\u0e19\u0e49\u0e33\u0e17\u0e48\u0e27\u0e21", "\u0e1a\u0e23\u0e34\u0e01\u0e32\u0e23\u0e2a\u0e32\u0e18\u0e32\u0e23\u0e13\u0e30\u0e02\u0e2d\u0e07\u0e2b\u0e19\u0e48\u0e27\u0e22\u0e07\u0e32\u0e19\u0e43\u0e19\u0e2a\u0e31\u0e07\u0e01\u0e31\u0e14\u0e01\u0e23\u0e38\u0e07\u0e40\u0e17\u0e1e\u0e21\u0e2b\u0e32\u0e19\u0e04\u0e23", "\u0e1b\u0e23\u0e30\u0e1b\u0e32", "\u0e1b\u0e31\u0e0d\u0e2b\u0e32\u0e04\u0e27\u0e32\u0e21\u0e40\u0e14\u0e37\u0e2d\u0e14\u0e23\u0e49\u0e2d\u0e19\u0e08\u0e32\u0e01\u0e01\u0e32\u0e23\u0e14\u0e33\u0e40\u0e19\u0e34\u0e19\u0e01\u0e32\u0e23\u0e02\u0e2d\u0e07\u0e23\u0e31\u0e10", "\u0e1b\u0e31\u0e0d\u0e2b\u0e32\u0e17\u0e35\u0e48\u0e2a\u0e48\u0e07\u0e1c\u0e25\u0e01\u0e23\u0e30\u0e17\u0e1a\u0e01\u0e31\u0e1a\u0e01\u0e32\u0e23\u0e08\u0e23\u0e32\u0e08\u0e23", "\u0e1b\u0e31\u0e0d\u0e2b\u0e32\u0e2a\u0e31\u0e07\u0e04\u0e21", "\u0e1b\u0e49\u0e32\u0e22\u0e42\u0e06\u0e29\u0e13\u0e32", "\u0e1c\u0e34\u0e14\u0e01\u0e0e\u0e08\u0e23\u0e32\u0e08\u0e23", "\u0e1c\u0e39\u0e49\u0e1e\u0e34\u0e01\u0e32\u0e23+\u0e43\u0e0a\u0e49\u0e25\u0e49\u0e2d", "\u0e1d\u0e38\u0e48\u0e19\u0e04\u0e27\u0e31\u0e19&\u0e01\u0e25\u0e34\u0e48\u0e19&PM2.5", "\u0e20\u0e31\u0e22\u0e2d\u0e2d\u0e19\u0e44\u0e25\u0e19\u0e4c", "\u0e22\u0e32\u0e40\u0e2a\u0e1e\u0e15\u0e34\u0e14", "\u0e27\u0e34\u0e19\u0e21\u0e2d\u0e44\u0e0b\u0e04\u0e4c", "\u0e2a\u0e31\u0e15\u0e27\u0e4c", "\u0e2a\u0e32\u0e18\u0e32\u0e23\u0e13\u0e39\u0e1b\u0e42\u0e20\u0e04", "\u0e2a\u0e32\u0e22\u0e2a\u0e37\u0e48\u0e2d\u0e2a\u0e32\u0e23", "\u0e2a\u0e38\u0e02\u0e20\u0e32\u0e1e & \u0e1a\u0e31\u0e15\u0e23\u0e17\u0e2d\u0e07", "\u0e2d\u0e32\u0e04\u0e32\u0e23", "\u0e2d\u0e32\u0e04\u0e32\u0e23\u0e2a\u0e16\u0e32\u0e19\u0e17\u0e35\u0e48\u0e0a\u0e33\u0e23\u0e38\u0e14", "\u0e2d\u0e37\u0e48\u0e19\u0e46", "\u0e2d\u0e38\u0e1b\u0e01\u0e23\u0e13\u0e4c\u0e0a\u0e33\u0e23\u0e38\u0e14", "\u0e40\u0e02\u0e37\u0e48\u0e2d\u0e19 \u0e04\u0e39\u0e04\u0e25\u0e2d\u0e07", "\u0e40\u0e1c\u0e32\u0e43\u0e19\u0e17\u0e35\u0e48\u0e42\u0e25\u0e48\u0e07", "\u0e40\u0e23\u0e37\u0e48\u0e2d\u0e07\u0e09\u0e38\u0e01\u0e40\u0e09\u0e34\u0e19", "\u0e40\u0e23\u0e37\u0e48\u0e2d\u0e07\u0e23\u0e49\u0e2d\u0e07\u0e17\u0e38\u0e01\u0e02\u0e4c\u0e1b\u0e23\u0e30\u0e40\u0e20\u0e17\u0e2d\u0e37\u0e48\u0e19 \u0e46 - \u0e40\u0e23\u0e37\u0e48\u0e2d\u0e07\u0e23\u0e49\u0e2d\u0e07\u0e40\u0e23\u0e35\u0e22\u0e19\u0e17\u0e35\u0e48\u0e44\u0e21\u0e48\u0e2a\u0e32\u0e21\u0e32\u0e23\u0e16\u0e08\u0e31\u0e14\u0e40\u0e02\u0e49\u0e32\u0e1b\u0e23\u0e30\u0e40\u0e20\u0e17\u0e43\u0e14", "\u0e40\u0e2a\u0e19\u0e2d\u0e41\u0e19\u0e30", "\u0e40\u0e2a\u0e35\u0e22\u0e07", "\u0e40\u0e2b\u0e15\u0e38\u0e40\u0e14\u0e37\u0e2d\u0e14\u0e23\u0e49\u0e2d\u0e19\u0e23\u0e33\u0e04\u0e32\u0e0d", "\u0e41\u0e17\u0e47\u0e01\u0e0b\u0e35\u0e48/\u0e23\u0e16\u0e40\u0e21\u0e25\u0e4c", "\u0e42\u0e23\u0e07\u0e40\u0e23\u0e35\u0e22\u0e19", "\u0e44\u0e1f\u0e1b\u0e48\u0e32", "\u0e44\u0e1f\u0e1f\u0e49\u0e32"], ["\u0e01\u0e23\u0e30\u0e17\u0e33\u0e1c\u0e34\u0e14\u0e43\u0e19\u0e17\u0e35\u0e48\u0e2a\u0e32\u0e18\u0e32\u0e23\u0e13\u0e30", "\u0e01\u0e23\u0e38\u0e07\u0e40\u0e17\u0e1e\u0e42\u0e1b\u0e23\u0e48\u0e07\u0e43\u0e2a", "\u0e01\u0e25\u0e34\u0e48\u0e19", "\u0e01\u0e25\u0e48\u0e32\u0e27\u0e42\u0e17\u0e29\u0e40\u0e08\u0e49\u0e32\u0e2b\u0e19\u0e49\u0e32\u0e17\u0e35\u0e48", "\u0e01\u0e32\u0e23\u0e04\u0e38\u0e49\u0e21\u0e04\u0e23\u0e2d\u0e07\u0e1c\u0e39\u0e49\u0e1a\u0e23\u0e34\u0e42\u0e20\u0e04", "\u0e01\u0e32\u0e23\u0e1a\u0e23\u0e34\u0e2b\u0e32\u0e23\u0e07\u0e32\u0e19\u0e1a\u0e38\u0e04\u0e04\u0e25", "\u0e01\u0e32\u0e23\u0e1a\u0e23\u0e34\u0e2b\u0e32\u0e23\u0e08\u0e31\u0e14\u0e01\u0e32\u0e23\u0e02\u0e2d\u0e07\u0e2b\u0e19\u0e48\u0e27\u0e22\u0e07\u0e32\u0e19", "\u0e01\u0e32\u0e23\u0e23\u0e30\u0e1a\u0e32\u0e22\u0e19\u0e49\u0e33\u0e17\u0e34\u0e49\u0e07\u0e25\u0e07\u0e43\u0e19\u0e16\u0e19\u0e19 \u0e2b\u0e23\u0e37\u0e2d\u0e1a\u0e49\u0e32\u0e19\u0e02\u0e2d\u0e07\u0e1c\u0e39\u0e49\u0e2d\u0e37\u0e48\u0e19", "\u0e01\u0e32\u0e23\u0e43\u0e2b\u0e49\u0e1a\u0e23\u0e34\u0e01\u0e32\u0e23\u0e02\u0e2d\u0e07\u0e40\u0e08\u0e49\u0e32\u0e2b\u0e19\u0e49\u0e32\u0e17\u0e35\u0e48", "\u0e02\u0e22\u0e30", "\u0e02\u0e22\u0e30\u0e15\u0e01\u0e04\u0e49\u0e32\u0e07", "\u0e02\u0e22\u0e30\u0e15\u0e01\u0e2b\u0e25\u0e48\u0e19", "\u0e02\u0e22\u0e30\u0e41\u0e25\u0e30\u0e2a\u0e34\u0e48\u0e07\u0e1b\u0e0f\u0e34\u0e01\u0e39\u0e25", "\u0e02\u0e2d\u0e04\u0e27\u0e32\u0e21\u0e0a\u0e48\u0e27\u0e22\u0e40\u0e2b\u0e25\u0e37\u0e2d", "\u0e02\u0e2d\u0e04\u0e27\u0e32\u0e21\u0e40\u0e1b\u0e47\u0e19\u0e18\u0e23\u0e23\u0e21", "\u0e02\u0e2d\u0e0b\u0e48\u0e2d\u0e21\u0e40\u0e1b\u0e25\u0e35\u0e48\u0e22\u0e19", "\u0e02\u0e2d\u0e2a\u0e33\u0e40\u0e19\u0e32\u0e44\u0e1f\u0e25\u0e4c\u0e20\u0e32\u0e1e\u0e08\u0e32\u0e01\u0e01\u0e25\u0e49\u0e2d\u0e07\u0e42\u0e17\u0e23\u0e17\u0e31\u0e28\u0e19\u0e4c\u0e27\u0e07\u0e08\u0e23\u0e1b\u0e34\u0e14 (CCTV)", "\u0e02\u0e2d\u0e43\u0e0a\u0e49\u0e1a\u0e23\u0e34\u0e01\u0e32\u0e23", "\u0e02\u0e2d\u0e43\u0e2b\u0e49\u0e02\u0e38\u0e14\u0e25\u0e2d\u0e01\u0e17\u0e48\u0e2d\u0e23\u0e30\u0e1a\u0e32\u0e22\u0e19\u0e49\u0e33", "\u0e02\u0e2d\u0e43\u0e2b\u0e49\u0e08\u0e31\u0e14\u0e23\u0e30\u0e40\u0e1a\u0e35\u0e22\u0e1a\u0e2b\u0e32\u0e1a\u0e40\u0e23\u0e48 \u0e41\u0e1c\u0e07\u0e25\u0e2d\u0e22", "\u0e02\u0e2d\u0e43\u0e2b\u0e49\u0e14\u0e33\u0e40\u0e19\u0e34\u0e19\u0e01\u0e32\u0e23\u0e01\u0e31\u0e1a\u0e19\u0e01", "\u0e02\u0e2d\u0e43\u0e2b\u0e49\u0e14\u0e33\u0e40\u0e19\u0e34\u0e19\u0e01\u0e32\u0e23\u0e01\u0e31\u0e1a\u0e1c\u0e39\u0e49\u0e01\u0e48\u0e2d\u0e2a\u0e23\u0e49\u0e32\u0e07\u0e2b\u0e23\u0e37\u0e2d\u0e15\u0e48\u0e2d\u0e40\u0e15\u0e34\u0e21\u0e2d\u0e32\u0e04\u0e32\u0e23\u0e1c\u0e34\u0e14\u0e41\u0e1a\u0e1a\u0e17\u0e35\u0e48\u0e02\u0e2d\u0e2d\u0e19\u0e38\u0e0d\u0e32\u0e15", "\u0e02\u0e2d\u0e43\u0e2b\u0e49\u0e14\u0e33\u0e40\u0e19\u0e34\u0e19\u0e01\u0e32\u0e23\u0e01\u0e31\u0e1a\u0e1c\u0e39\u0e49\u0e01\u0e48\u0e2d\u0e2a\u0e23\u0e49\u0e32\u0e07\u0e2b\u0e23\u0e37\u0e2d\u0e15\u0e48\u0e2d\u0e40\u0e15\u0e34\u0e21\u0e2d\u0e32\u0e04\u0e32\u0e23\u0e42\u0e14\u0e22\u0e44\u0e21\u0e48\u0e44\u0e14\u0e49\u0e23\u0e31\u0e1a\u0e2d\u0e19\u0e38\u0e0d\u0e32\u0e15", "\u0e02\u0e2d\u0e43\u0e2b\u0e49\u0e14\u0e33\u0e40\u0e19\u0e34\u0e19\u0e01\u0e32\u0e23\u0e01\u0e31\u0e1a\u0e1c\u0e39\u0e49\u0e02\u0e31\u0e1a\u0e02\u0e35\u0e48\u0e23\u0e16 / \u0e08\u0e2d\u0e14\u0e23\u0e16\u0e1a\u0e19\u0e17\u0e32\u0e07\u0e40\u0e17\u0e49\u0e32", "\u0e02\u0e2d\u0e43\u0e2b\u0e49\u0e14\u0e33\u0e40\u0e19\u0e34\u0e19\u0e01\u0e32\u0e23\u0e01\u0e31\u0e1a\u0e1c\u0e39\u0e49\u0e08\u0e2d\u0e14\u0e23\u0e16\u0e01\u0e35\u0e14\u0e02\u0e27\u0e32\u0e07", "\u0e02\u0e2d\u0e43\u0e2b\u0e49\u0e14\u0e33\u0e40\u0e19\u0e34\u0e19\u0e01\u0e32\u0e23\u0e01\u0e31\u0e1a\u0e1c\u0e39\u0e49\u0e15\u0e31\u0e49\u0e07\u0e27\u0e32\u0e07\u0e2a\u0e34\u0e48\u0e07\u0e02\u0e2d\u0e07\u0e01\u0e35\u0e14\u0e02\u0e27\u0e32\u0e07", "\u0e02\u0e2d\u0e43\u0e2b\u0e49\u0e14\u0e33\u0e40\u0e19\u0e34\u0e19\u0e01\u0e32\u0e23\u0e01\u0e31\u0e1a\u0e1c\u0e39\u0e49\u0e40\u0e17\u0e19\u0e49\u0e33 \u0e19\u0e49\u0e33\u0e21\u0e31\u0e19 \u0e2b\u0e23\u0e37\u0e2d\u0e17\u0e34\u0e49\u0e07\u0e40\u0e28\u0e29\u0e2a\u0e34\u0e48\u0e07\u0e02\u0e2d\u0e07\u0e43\u0e19\u0e17\u0e48\u0e2d\u0e23\u0e30\u0e1a\u0e32\u0e22\u0e19\u0e49\u0e33", "\u0e02\u0e2d\u0e43\u0e2b\u0e49\u0e14\u0e33\u0e40\u0e19\u0e34\u0e19\u0e01\u0e32\u0e23\u0e01\u0e31\u0e1a\u0e22\u0e38\u0e07", "\u0e02\u0e2d\u0e43\u0e2b\u0e49\u0e14\u0e33\u0e40\u0e19\u0e34\u0e19\u0e01\u0e32\u0e23\u0e01\u0e31\u0e1a\u0e27\u0e31\u0e2a\u0e14\u0e38\u0e15\u0e01\u0e2b\u0e25\u0e48\u0e19\u0e1a\u0e19\u0e1c\u0e34\u0e27\u0e08\u0e23\u0e32\u0e08\u0e23", "\u0e02\u0e2d\u0e43\u0e2b\u0e49\u0e14\u0e33\u0e40\u0e19\u0e34\u0e19\u0e01\u0e32\u0e23\u0e01\u0e31\u0e1a\u0e2a\u0e31\u0e15\u0e27\u0e4c\u0e40\u0e25\u0e37\u0e49\u0e2d\u0e22\u0e04\u0e25\u0e32\u0e19 \u0e2a\u0e31\u0e15\u0e27\u0e4c\u0e21\u0e35\u0e1e\u0e34\u0e29", "\u0e02\u0e2d\u0e43\u0e2b\u0e49\u0e14\u0e33\u0e40\u0e19\u0e34\u0e19\u0e01\u0e32\u0e23\u0e01\u0e31\u0e1a\u0e2a\u0e38\u0e19\u0e31\u0e02", "\u0e02\u0e2d\u0e43\u0e2b\u0e49\u0e14\u0e33\u0e40\u0e19\u0e34\u0e19\u0e01\u0e32\u0e23\u0e01\u0e31\u0e1a\u0e2b\u0e19\u0e39", "\u0e02\u0e2d\u0e43\u0e2b\u0e49\u0e14\u0e33\u0e40\u0e19\u0e34\u0e19\u0e01\u0e32\u0e23\u0e01\u0e31\u0e1a\u0e41\u0e21\u0e27", "\u0e02\u0e2d\u0e43\u0e2b\u0e49\u0e15\u0e23\u0e27\u0e08\u0e2a\u0e2d\u0e1a\u0e01\u0e32\u0e23\u0e43\u0e0a\u0e49\u0e41\u0e25\u0e30\u0e40\u0e01\u0e47\u0e1a\u0e2a\u0e32\u0e23\u0e40\u0e04\u0e21\u0e35", "\u0e02\u0e2d\u0e43\u0e2b\u0e49\u0e15\u0e31\u0e14\u0e41\u0e15\u0e48\u0e07\u0e15\u0e49\u0e19\u0e44\u0e21\u0e49 \u0e01\u0e34\u0e48\u0e07\u0e44\u0e21\u0e49", "\u0e02\u0e2d\u0e43\u0e2b\u0e49\u0e15\u0e34\u0e14\u0e15\u0e31\u0e49\u0e07 \u0e41\u0e25\u0e30\u0e15\u0e23\u0e27\u0e08\u0e2a\u0e2d\u0e1a\u0e23\u0e30\u0e1a\u0e1a\u0e1b\u0e49\u0e2d\u0e07\u0e01\u0e31\u0e19\u0e2d\u0e31\u0e04\u0e04\u0e35\u0e20\u0e31\u0e22\u0e41\u0e25\u0e30\u0e1a\u0e31\u0e19\u0e44\u0e14\u0e2b\u0e19\u0e35\u0e44\u0e1f", "\u0e02\u0e2d\u0e43\u0e2b\u0e49\u0e15\u0e34\u0e14\u0e15\u0e31\u0e49\u0e07\u0e40\u0e04\u0e23\u0e37\u0e48\u0e2d\u0e07\u0e1b\u0e49\u0e2d\u0e07\u0e01\u0e31\u0e19\u0e1d\u0e38\u0e48\u0e19\u0e25\u0e30\u0e2d\u0e2d\u0e07\u0e41\u0e25\u0e30\u0e27\u0e31\u0e2a\u0e14\u0e38\u0e15\u0e01\u0e2b\u0e25\u0e48\u0e19 / \u0e40\u0e04\u0e23\u0e37\u0e48\u0e2d\u0e07\u0e1b\u0e49\u0e2d\u0e07\u0e01\u0e31\u0e19\u0e1d\u0e38\u0e48\u0e19\u0e25\u0e30\u0e2d\u0e2d\u0e07\u0e41\u0e25\u0e30\u0e27\u0e31\u0e2a\u0e14\u0e38\u0e15\u0e01\u0e2b\u0e25\u0e48\u0e19\u0e44\u0e21\u0e48\u0e44\u0e14\u0e49\u0e21\u0e32\u0e15\u0e23\u0e10\u0e32\u0e19", "\u0e02\u0e2d\u0e43\u0e2b\u0e49\u0e1a\u0e33\u0e23\u0e38\u0e07\u0e23\u0e31\u0e01\u0e29\u0e32\u0e15\u0e49\u0e19\u0e44\u0e21\u0e49", "\u0e02\u0e2d\u0e43\u0e2b\u0e49\u0e1b\u0e34\u0e14 \u0e40\u0e1b\u0e34\u0e14\u0e01\u0e23\u0e30\u0e41\u0e2a\u0e44\u0e1f\u0e1f\u0e49\u0e32", "\u0e02\u0e2d\u0e43\u0e2b\u0e49\u0e1e\u0e34\u0e08\u0e32\u0e23\u0e13\u0e32\u0e14\u0e33\u0e40\u0e19\u0e34\u0e19\u0e01\u0e32\u0e23\u0e41\u0e01\u0e49\u0e44\u0e02\u0e1b\u0e31\u0e0d\u0e2b\u0e32\u0e08\u0e23\u0e32\u0e08\u0e23\u0e15\u0e34\u0e14\u0e02\u0e31\u0e14", "\u0e02\u0e2d\u0e43\u0e2b\u0e49\u0e22\u0e49\u0e32\u0e22\u0e08\u0e38\u0e14\u0e17\u0e34\u0e49\u0e07\u0e02\u0e22\u0e30", "\u0e02\u0e2d\u0e43\u0e2b\u0e49\u0e27\u0e32\u0e07\u0e17\u0e48\u0e2d\u0e23\u0e30\u0e1a\u0e32\u0e22\u0e19\u0e49\u0e33", "\u0e02\u0e2d\u0e43\u0e2b\u0e49\u0e2a\u0e39\u0e1a\u0e19\u0e49\u0e33\u0e2d\u0e2d\u0e01", "\u0e02\u0e2d\u0e43\u0e2b\u0e49\u0e40\u0e01\u0e47\u0e1a\u0e02\u0e22\u0e30 \u0e27\u0e31\u0e0a\u0e1e\u0e37\u0e0a \u0e43\u0e19\u0e04\u0e39\u0e04\u0e25\u0e2d\u0e07", "\u0e02\u0e2d\u0e43\u0e2b\u0e49\u0e40\u0e1b\u0e34\u0e14 \u2013 \u0e1b\u0e34\u0e14\u0e1b\u0e23\u0e30\u0e15\u0e39\u0e23\u0e30\u0e1a\u0e32\u0e22\u0e19\u0e49\u0e33", "\u0e02\u0e2d\u0e43\u0e2b\u0e49\u0e41\u0e01\u0e49\u0e44\u0e02\u0e1b\u0e31\u0e0d\u0e2b\u0e32\u0e19\u0e49\u0e33\u0e17\u0e48\u0e27\u0e21", "\u0e02\u0e2d\u0e43\u0e2b\u0e49\u0e41\u0e01\u0e49\u0e44\u0e02\u0e1b\u0e31\u0e0d\u0e2b\u0e32\u0e19\u0e49\u0e33\u0e40\u0e19\u0e48\u0e32\u0e40\u0e2b\u0e21\u0e47\u0e19", "\u0e02\u0e2d\u0e43\u0e2b\u0e49\u0e41\u0e01\u0e49\u0e44\u0e02\u0e1b\u0e31\u0e0d\u0e2b\u0e32\u0e43\u0e19\u0e2a\u0e27\u0e19\u0e2a\u0e32\u0e18\u0e32\u0e23\u0e13\u0e30", "\u0e02\u0e2d\u0e44\u0e1f\u0e1f\u0e49\u0e32", "\u0e02\u0e36\u0e49\u0e19\u0e17\u0e30\u0e40\u0e1a\u0e35\u0e22\u0e19&\u0e2a\u0e33\u0e23\u0e27\u0e08", "\u0e02\u0e49\u0e2d\u0e40\u0e2a\u0e19\u0e2d\u0e41\u0e19\u0e30", "\u0e04\u0e19\u0e40\u0e23\u0e48\u0e23\u0e48\u0e2d\u0e19", "\u0e04\u0e27\u0e31\u0e19", "\u0e04\u0e27\u0e31\u0e19\u0e14\u0e33", "\u0e04\u0e27\u0e32\u0e21\u0e1b\u0e25\u0e2d\u0e14\u0e20\u0e31\u0e22", "\u0e04\u0e27\u0e32\u0e21\u0e2a\u0e30\u0e2d\u0e32\u0e14", "\u0e08\u0e23\u0e32\u0e08\u0e23", "\u0e08\u0e38\u0e14\u0e40\u0e2a\u0e35\u0e48\u0e22\u0e07", "\u0e08\u0e38\u0e14\u0e40\u0e2a\u0e35\u0e48\u0e22\u0e07/\u0e08\u0e38\u0e14\u0e2d\u0e31\u0e19\u0e15\u0e23\u0e32\u0e22", "\u0e15\u0e49\u0e19\u0e44\u0e21\u0e49", "\u0e15\u0e49\u0e19\u0e44\u0e21\u0e49\u0e25\u0e49\u0e21/\u0e01\u0e34\u0e48\u0e07\u0e44\u0e21\u0e49\u0e2b\u0e31\u0e01\u0e01\u0e35\u0e14\u0e02\u0e27\u0e32\u0e07\u0e17\u0e32\u0e07\u0e2a\u0e31\u0e0d\u0e08\u0e23", "\u0e15\u0e49\u0e19\u0e44\u0e21\u0e49\u0e41\u0e25\u0e30\u0e2a\u0e27\u0e19\u0e2a\u0e32\u0e18\u0e32\u0e23\u0e13\u0e30", "\u0e16\u0e19\u0e19", "\u0e16\u0e39\u0e01\u0e40\u0e2d\u0e32\u0e23\u0e31\u0e14\u0e40\u0e2d\u0e32\u0e40\u0e1b\u0e23\u0e35\u0e22\u0e1a\u0e08\u0e32\u0e01\u0e1c\u0e39\u0e49\u0e04\u0e49\u0e32", "\u0e17\u0e32\u0e07\u0e40\u0e17\u0e49\u0e32", "\u0e17\u0e34\u0e49\u0e07\u0e02\u0e22\u0e30\u0e44\u0e21\u0e48\u0e16\u0e39\u0e01\u0e17\u0e35\u0e48", "\u0e17\u0e35\u0e48\u0e1e\u0e31\u0e01\u0e1c\u0e39\u0e49\u0e42\u0e14\u0e22\u0e2a\u0e32\u0e23", "\u0e17\u0e38\u0e08\u0e23\u0e34\u0e15", "\u0e17\u0e48\u0e2d\u0e23\u0e30\u0e1a\u0e32\u0e22\u0e19\u0e49\u0e33", "\u0e19\u0e49\u0e33\u0e02\u0e22\u0e30\u0e23\u0e31\u0e48\u0e27\u0e44\u0e2b\u0e25", "\u0e19\u0e49\u0e33\u0e17\u0e48\u0e27\u0e21", "\u0e1a\u0e23\u0e34\u0e01\u0e32\u0e23\u0e2a\u0e32\u0e18\u0e32\u0e23\u0e13\u0e30\u0e02\u0e2d\u0e07\u0e2b\u0e19\u0e48\u0e27\u0e22\u0e07\u0e32\u0e19\u0e43\u0e19\u0e2a\u0e31\u0e07\u0e01\u0e31\u0e14\u0e01\u0e23\u0e38\u0e07\u0e40\u0e17\u0e1e\u0e21\u0e2b\u0e32\u0e19\u0e04\u0e23", "\u0e1b\u0e23\u0e30\u0e1b\u0e32", "\u0e1b\u0e23\u0e31\u0e1a\u0e1b\u0e23\u0e38\u0e07\u0e2a\u0e16\u0e32\u0e19\u0e17\u0e35\u0e48\u0e43\u0e2b\u0e49\u0e1a\u0e23\u0e34\u0e01\u0e32\u0e23\u0e02\u0e2d\u0e07\u0e01\u0e23\u0e38\u0e07\u0e40\u0e17\u0e1e\u0e21\u0e2b\u0e32\u0e19\u0e04\u0e23", "\u0e1b\u0e25\u0e48\u0e2d\u0e22\u0e2a\u0e34\u0e48\u0e07\u0e1b\u0e0f\u0e34\u0e01\u0e39\u0e25\u0e25\u0e07\u0e17\u0e48\u0e2d\u0e23\u0e30\u0e1a\u0e32\u0e22\u0e19\u0e49\u0e33 / \u0e41\u0e2b\u0e25\u0e48\u0e07\u0e19\u0e49\u0e33\u0e2a\u0e32\u0e18\u0e32\u0e23\u0e13\u0e30", "\u0e1b\u0e31\u0e0d\u0e2b\u0e32\u0e01\u0e32\u0e23\u0e1a\u0e31\u0e07\u0e04\u0e31\u0e1a\u0e43\u0e0a\u0e49\u0e01\u0e0e\u0e2b\u0e21\u0e32\u0e22", "\u0e1b\u0e31\u0e0d\u0e2b\u0e32\u0e04\u0e27\u0e32\u0e21\u0e40\u0e14\u0e37\u0e2d\u0e14\u0e23\u0e49\u0e2d\u0e19\u0e08\u0e32\u0e01\u0e01\u0e32\u0e23\u0e14\u0e33\u0e40\u0e19\u0e34\u0e19\u0e01\u0e32\u0e23\u0e02\u0e2d\u0e07\u0e23\u0e31\u0e10", "\u0e1b\u0e31\u0e0d\u0e2b\u0e32\u0e17\u0e35\u0e48\u0e2a\u0e48\u0e07\u0e1c\u0e25\u0e01\u0e23\u0e30\u0e17\u0e1a\u0e01\u0e31\u0e1a\u0e01\u0e32\u0e23\u0e08\u0e23\u0e32\u0e08\u0e23", "\u0e1b\u0e31\u0e0d\u0e2b\u0e32\u0e2a\u0e31\u0e07\u0e04\u0e21", "\u0e1b\u0e31\u0e0d\u0e2b\u0e32\u0e40\u0e01\u0e35\u0e48\u0e22\u0e27\u0e01\u0e31\u0e1a\u0e01\u0e32\u0e23\u0e17\u0e33\u0e23\u0e49\u0e32\u0e22\u0e23\u0e48\u0e32\u0e07\u0e01\u0e32\u0e22 / \u0e08\u0e34\u0e15\u0e43\u0e08", "\u0e1b\u0e31\u0e0d\u0e2b\u0e32\u0e40\u0e14\u0e37\u0e2d\u0e14\u0e23\u0e49\u0e2d\u0e19\u0e08\u0e32\u0e01\u0e01\u0e32\u0e23\u0e01\u0e48\u0e2d\u0e2a\u0e23\u0e49\u0e32\u0e07\u0e2d\u0e32\u0e04\u0e32\u0e23", "\u0e1b\u0e49\u0e32\u0e22\u0e42\u0e06\u0e29\u0e13\u0e32", "\u0e1c\u0e34\u0e14\u0e01\u0e0e\u0e08\u0e23\u0e32\u0e08\u0e23", "\u0e1c\u0e39\u0e49\u0e1e\u0e34\u0e01\u0e32\u0e23+\u0e43\u0e0a\u0e49\u0e25\u0e49\u0e2d", "\u0e1d\u0e32\u0e17\u0e48\u0e2d\u0e23\u0e30\u0e1a\u0e32\u0e22\u0e19\u0e49\u0e33\u0e0a\u0e33\u0e23\u0e38\u0e14", "\u0e1d\u0e38\u0e48\u0e19\u0e04\u0e27\u0e31\u0e19&\u0e01\u0e25\u0e34\u0e48\u0e19&PM2.5", "\u0e1d\u0e38\u0e48\u0e19\u0e25\u0e30\u0e2d\u0e2d\u0e07", "\u0e20\u0e31\u0e22\u0e2d\u0e2d\u0e19\u0e44\u0e25\u0e19\u0e4c", "\u0e22\u0e32\u0e40\u0e2a\u0e1e\u0e15\u0e34\u0e14", "\u0e27\u0e34\u0e19\u0e21\u0e2d\u0e44\u0e0b\u0e04\u0e4c", "\u0e2a\u0e31\u0e15\u0e27\u0e4c", "\u0e2a\u0e32\u0e22\u0e2a\u0e37\u0e48\u0e2d\u0e2a\u0e32\u0e23", "\u0e2a\u0e32\u0e23\u0e40\u0e2a\u0e1e\u0e15\u0e34\u0e14", "\u0e2a\u0e34\u0e19\u0e04\u0e49\u0e32\u0e17\u0e35\u0e48\u0e2d\u0e32\u0e08\u0e40\u0e1b\u0e47\u0e19\u0e2d\u0e31\u0e19\u0e15\u0e23\u0e32\u0e22", "\u0e2a\u0e34\u0e48\u0e07\u0e2d\u0e33\u0e19\u0e27\u0e22\u0e04\u0e27\u0e32\u0e21\u0e2a\u0e30\u0e14\u0e27\u0e01\u0e43\u0e19\u0e2a\u0e16\u0e32\u0e19\u0e17\u0e35\u0e48\u0e23\u0e32\u0e0a\u0e01\u0e32\u0e23\u0e01\u0e23\u0e38\u0e07\u0e40\u0e17\u0e1e\u0e21\u0e2b\u0e32\u0e19\u0e04\u0e23", "\u0e2a\u0e38\u0e02\u0e20\u0e32\u0e1e & \u0e1a\u0e31\u0e15\u0e23\u0e17\u0e2d\u0e07", "\u0e2d\u0e32\u0e04\u0e32\u0e23", "\u0e2d\u0e32\u0e04\u0e32\u0e23\u0e2a\u0e16\u0e32\u0e19\u0e17\u0e35\u0e48\u0e0a\u0e33\u0e23\u0e38\u0e14", "\u0e2d\u0e37\u0e48\u0e19\u0e46", "\u0e2d\u0e38\u0e1b\u0e01\u0e23\u0e13\u0e4c\u0e0a\u0e33\u0e23\u0e38\u0e14", "\u0e40\u0e02\u0e37\u0e48\u0e2d\u0e19 \u0e04\u0e39\u0e04\u0e25\u0e2d\u0e07", "\u0e40\u0e1c\u0e32\u0e43\u0e19\u0e17\u0e35\u0e48\u0e42\u0e25\u0e48\u0e07", "\u0e40\u0e23\u0e37\u0e48\u0e2d\u0e07\u0e09\u0e38\u0e01\u0e40\u0e09\u0e34\u0e19", "\u0e40\u0e23\u0e37\u0e48\u0e2d\u0e07\u0e23\u0e49\u0e2d\u0e07\u0e17\u0e38\u0e01\u0e02\u0e4c\u0e1b\u0e23\u0e30\u0e40\u0e20\u0e17\u0e2d\u0e37\u0e48\u0e19 \u0e46 - \u0e40\u0e23\u0e37\u0e48\u0e2d\u0e07\u0e23\u0e49\u0e2d\u0e07\u0e40\u0e23\u0e35\u0e22\u0e19\u0e17\u0e35\u0e48\u0e44\u0e21\u0e48\u0e2a\u0e32\u0e21\u0e32\u0e23\u0e16\u0e08\u0e31\u0e14\u0e40\u0e02\u0e49\u0e32\u0e1b\u0e23\u0e30\u0e40\u0e20\u0e17\u0e43\u0e14", "\u0e40\u0e2a\u0e19\u0e2d\u0e41\u0e19\u0e30", "\u0e40\u0e2a\u0e35\u0e22\u0e07", "\u0e40\u0e2b\u0e15\u0e38\u0e40\u0e14\u0e37\u0e2d\u0e14\u0e23\u0e49\u0e2d\u0e19\u0e23\u0e33\u0e04\u0e32\u0e0d", "\u0e41\u0e08\u0e49\u0e07\u0e17\u0e48\u0e2d\u0e1b\u0e23\u0e30\u0e1b\u0e32\u0e41\u0e15\u0e01 / \u0e44\u0e21\u0e48\u0e44\u0e2b\u0e25", "\u0e41\u0e17\u0e47\u0e01\u0e0b\u0e35\u0e48/\u0e23\u0e16\u0e40\u0e21\u0e25\u0e4c", "\u0e41\u0e2a\u0e07", "\u0e42\u0e04\u0e23\u0e07\u0e01\u0e32\u0e23 / \u0e19\u0e42\u0e22\u0e1a\u0e32\u0e22\u0e02\u0e2d\u0e07\u0e23\u0e31\u0e10", "\u0e42\u0e17\u0e23\u0e28\u0e31\u0e1e\u0e17\u0e4c", "\u0e42\u0e23\u0e04\u0e23\u0e30\u0e1a\u0e32\u0e14 / \u0e42\u0e04\u0e27\u0e34\u0e14 19", "\u0e42\u0e23\u0e07\u0e40\u0e23\u0e35\u0e22\u0e19", "\u0e44\u0e1f\u0e1b\u0e48\u0e32", "\u0e44\u0e1f\u0e1f\u0e49\u0e32"]]
