tree
version=v4
num_class=1
num_tree_per_iteration=1
label_index=0
max_feature_idx=9
objective=regression_l1
feature_names=district main_type sub_category severity comment_len day_of_week is_weekend month is_rainy_season hour
feature_infos=-1:24:4:25:27:30:26:28:2:23:40:44:13:7:16:22:36:33:1:47:35:15:6:12:48:39:37:10:9:34:29:3:38:18:41:5:45:42:49:8:31:19:43:20:17:14:0:11:21:46 -1:24:51:1:61:17:39:2:16:21:35:15:6:33:13:57:34:18:59:60:55:42:7:19:36:30:8:50:12:32:49:5:0:38:44:20:37:27:26:9:53:63:41:62:11:14:28:65:64:48:29:4:58:3:40:22:25:46:54:56:45:31 -1:74:118:25:66:102:2:65:70:93:64:129:11:23:62:60:19:3:125:67:128:24:89:123:1:106:103:68:130:27:96:83:75:15:117:58:31:49:17:100:108:127:88:97:26:77:34:14:9:116:36:21:18:120:137:38:94:10:87:105:132:57:4:43:63:86:139:12:80:138:69:115:7:8:92:20:82:99:126:42:56:90:104:16:29:37:46:71:111:41:45:72:98:133:134:30:39:61:124:0:6:76:84:95:122 [1:5] [0:9956] [0:6] [0:1] [1:12] [0:1] [0:23]
tree_sizes=2841 2943 3066 3034 3100 2967 3122 3049 2991 3033 2977 2964 3099 2956 3076 3067 3001 3089 3036 2980 3076 2995 3015 3079 2969 3026 2992 3111 3122 3046 2985 2965 2958 3048 3048 2966 3039 3031 3105 3090 3074 3043 2994 2981 2991 3091 3012 3098 2984 3031 2960 3068 2957

Tree=0
num_leaves=31
num_cat=15
split_feature=0 0 2 0 2 0 1 0 0 7 5 7 4 5 0 0 7 4 8 5 4 0 5 7 0 7 5 2 7 0
split_gain=3736.65 551.978 473.856 345.503 168.494 162.242 133.117 131.816 125.671 139.403 105.174 92.2441 90.7571 82.1264 95.396 72.4188 94.0381 68.1627 76.9709 67.235 60.7665 56.1227 50.8859 53.1388 56.462 47.9523 47.4231 42.727 42.4742 52.829
threshold=0 1 2 3 4 5 6 7 8 10.500000000000002 3.5000000000000004 9.5000000000000018 3.5000000000000004 4.5000000000000009 9 10 7.5000000000000009 297.50000000000006 1.0000000180025095e-35 2.5000000000000004 45.500000000000007 11 2.5000000000000004 9.5000000000000018 12 5.5000000000000009 3.5000000000000004 13 7.5000000000000009 14
decision_type=9 9 9 9 9 9 9 9 9 2 2 2 2 2 9 9 2 2 2 2 2 9 2 2 9 2 2 9 2 9
left_child=2 7 3 6 22 11 -1 -2 9 21 15 -4 -7 -12 -15 16 -6 18 -8 -14 28 26 23 -3 -25 -20 -5 -9 -10 -30
right_child=1 4 5 8 10 12 17 27 20 -11 13 -13 19 14 -16 -17 -18 -19 25 -21 -22 -23 -24 24 -26 -27 -28 -29 29 -31
leaf_value=1.1450300246477128 1.2067846953868866 1.2015996873378754 1.169894778728485 1.1423830091953278 1.1913032114505768 1.1856891632080078 1.1253768637776376 1.1803413450717926 1.1491859376430511 1.1280278176069261 1.1788577169179917 1.1503213584423064 1.1404820889234544 1.1542921662330627 1.1709796667098999 1.1577159762382507 1.1568357467651367 1.1254884958267213 1.1619866788387299 1.152917468547821 1.1526826739311218 1.1446860015392304 1.1885778188705445 1.149046927690506 1.2007497668266296 1.1461890041828156 1.1671432077884674 1.1908445596694945 1.1565097987651825 1.1330205187201501
leaf_weight=1109 2170 590 2379 407 1208 233 708 2839 1119 1365 1822 935 2125 1148 1746 5099 1023 1284 98 2555 4525 4783 1225 209 223 368 293 1669 217 922
leaf_count=1109 2170 590 2379 407 1208 233 708 2839 1119 1365 1822 935 2125 1148 1746 5099 1023 1284 98 2555 4525 4783 1225 209 223 368 293 1669 217 922
internal_value=1.1564 1.17202 1.14351 1.13879 1.16646 1.1534 1.12492 1.18389 1.14244 1.13765 1.1641 1.16194 1.14764 1.16993 1.16469 1.16036 1.16785 1.11833 1.12689 1.1461 1.1473 1.14118 1.17902 1.17088 1.15756 1.14267 1.15457 1.17887 1.14059 1.13379
internal_weight=46396 20971 25425 17198 14293 8227 3567 6678 13631 6848 12046 3314 4913 4716 2894 7330 2231 2458 1174 4680 6783 5483 2247 1022 432 466 700 4508 2258 1139
internal_count=46396 20971 25425 17198 14293 8227 3567 6678 13631 6848 12046 3314 4913 4716 2894 7330 2231 2458 1174 4680 6783 5483 2247 1022 432 466 700 4508 2258 1139
cat_boundaries=0 2 4 8 10 15 17 19 20 22 24 26 28 29 34 35
cat_threshold=1136016958 110602 2214609024 416 2512904 1342177344 570426376 2285895824 33687562 65536 2214643718 301989888 10240 1043 6 44302872 106496 16785409 536870914 67125248 19136516 36874 622592 3076 537428033 131136 0 32776 134217728 16941058 1073872896 3093 675283073 1 1057792
is_linear=0
shrinkage=1


Tree=1
num_leaves=31
num_cat=18
split_feature=0 0 1 0 0 5 0 7 1 1 0 0 1 5 0 5 0 0 7 1 0 7 7 7 0 5 1 5 9 9
split_gain=3461.91 502.38 425.992 356.916 173.541 157.392 118.83 119.544 116.502 90.787 90.462 82.8731 73.7648 72.8056 62.693 57.6135 50.8267 49.1004 48.7108 48.6114 46.2319 44.69 98.5149 44.3306 43.7026 43.0309 40.455 39.2807 35.4701 34.0083
threshold=0 1 2 3 4 2.5000000000000004 5 9.5000000000000018 6 7 8 9 10 2.5000000000000004 11 2.5000000000000004 12 13 6.5000000000000009 14 15 5.5000000000000009 4.5000000000000009 7.5000000000000009 16 4.5000000000000009 17 2.5000000000000004 19.500000000000004 17.500000000000004
decision_type=9 9 9 9 9 2 9 2 9 9 9 9 9 2 9 2 9 9 2 9 9 2 2 2 9 2 9 2 2 2
left_child=2 14 3 9 13 10 16 17 -7 -1 28 -10 -6 -4 -2 -14 -5 -8 27 20 25 22 -11 24 -17 -13 -15 -18 -3 -20
right_child=1 5 4 6 12 8 7 -9 11 21 -12 19 15 26 -16 23 18 -19 29 -21 -22 -23 -24 -25 -26 -27 -28 -29 -30 -31
leaf_value=-0.013492533713579181 0.05007448345422745 -0.0018335968255996705 -0.0029315721988677937 0.00092988774180412519 0.01804931700229645 0.032813075780868527 0.0056605884432792686 -0.025492240041494377 0.022186110019683836 -0.032422640100121504 0.019572600275278091 0.022092505693435672 -0.017775149196386342 0.045533724427223213 0.030230586528778081 -0.0079061982035636864 -0.010613842904567718 -0.010266498625278475 -0.019684786200523375 0.016145108491182326 0.010211435258388519 -0.028612108826637273 0.0067510500550270088 -0.011970419883728024 0.0078026133775711106 -0.0058506816625595098 0.0094998787343502089 0.0048277334868907958 0.0084127292037010203 -0.0049403136968612649
leaf_weight=783 1821 3001 1990 1108 268 921 273 1688 3185 361 4034 95 2111 267 2331 624 922 4639 2065 3779 1028 1947 99 1167 806 251 2226 1094 525 987
leaf_count=783 1821 3001 1990 1108 268 921 273 1688 3185 361 4034 95 2111 267 2331 624 922 4639 2065 3779 1028 1947 99 1167 806 251 2226 1094 525 987
internal_value=-4.74179e-05 0.0149874 -0.0124494 -0.0174324 -0.00402894 0.0111266 -0.0136712 -0.018351 0.0155038 -0.0324062 0.00578042 0.0135841 -0.0104493 0.00310483 0.0305622 -0.0119118 -0.00864856 -0.014434 -0.010772 0.0096165 0.00151734 -0.0373397 -0.0234783 -0.00695033 -0.00104895 -0.0140449 0.00880465 -0.0047619 -8.48416e-05 -0.0147772
internal_weight=46396 20971 25425 15966 9459 16819 12776 6600 9259 3190 7560 8338 4976 4483 4152 4708 6176 4912 5068 5153 1374 2407 460 2597 1430 346 2493 2016 3526 3052
internal_count=46396 20971 25425 15966 9459 16819 12776 6600 9259 3190 7560 8338 4976 4483 4152 4708 6176 4912 5068 5153 1374 2407 460 2597 1430 346 2493 2016 3526 3052
cat_boundaries=0 2 4 6 8 10 12 14 16 18 20 22 23 25 27 29 31 32 34
cat_threshold=1136016958 110602 67125376 128 17040065 8912972 33685514 65536 45359672 98304 1083192880 8192 67117444 52 16777217 4 138477568 3604 2684354625 131936 1572900 4097 67108864 1056768 8192 0 8 360448 176685064 557056 1024 16784386 260 268566545
is_linear=0
shrinkage=0.05


Tree=2
num_leaves=31
num_cat=20
split_feature=0 0 2 0 0 2 2 0 7 4 7 2 0 0 8 7 0 7 0 0 0 2 4 7 0 0 4 0 4 0
split_gain=3228.71 484.086 415.821 299.136 286.811 157.08 145.478 113.718 97.3008 85.0553 71.8915 71.4358 69.2549 64.2809 63.844 57.0111 60.6463 55.9062 47.1017 46.3413 42.7586 41.8379 41.497 39.6386 95.9736 58.4059 38.4103 38.0601 35.1634 34.2335
threshold=0 1 2 3 4 5 6 7 9.5000000000000018 294.50000000000006 8.5000000000000018 8 9 10 1.0000000180025095e-35 6.5000000000000009 11 4.5000000000000009 12 13 14 15 91.500000000000014 7.5000000000000009 16 17 1.0000000180025095e-35 18 210.50000000000003 19
decision_type=9 9 9 9 9 9 9 9 2 2 2 9 9 9 2 2 9 2 9 9 9 9 2 2 9 9 2 9 2 9
left_child=2 12 4 8 9 7 13 23 11 14 -6 29 -2 -5 -1 16 -15 19 -13 -9 -17 22 -19 25 -25 -3 -8 -7 -16 -4
right_child=1 5 3 6 10 27 26 17 -10 -11 -12 18 -14 15 28 20 -18 21 -20 -21 -22 -23 -24 24 -26 -27 -28 -29 -30 -31
leaf_value=-0.027096111163496972 0.047570759281516078 0.043688031904399398 0.011549298748373994 0.0014547016397118641 -0.0027332490459084481 0.014256845861673351 0.039437611252069488 -0.0096369086503982574 -0.022597400940954693 -0.027976528018713 -0.021648603886365893 -0.0058929322175681649 0.028719057202339183 -0.018493243806064121 -0.0082771866619586916 -0.00214733281731605 0.0012742585539817887 0.0074721445143222766 -0.012830288425087922 0.0048721611350774803 -0.015283176057040682 -0.0048940410055220152 0.020128375411033628 0.026247086670249706 -0.0019488005116581886 0.013724078506231308 0.0086947890594601725 0.028112578563392165 0.0097719391435384783 -0.0068859840407967665
leaf_weight=1089 1821 897 364 1957 1366 1121 360 655 2287 1256 931 2232 2331 625 580 1010 2253 2884 3753 1467 3087 504 1909 1014 1113 1356 1851 3899 45 379
leaf_count=1089 1821 897 364 1957 1366 1121 360 655 2287 1256 931 2232 2331 625 580 1010 2253 2884 3753 1467 3087 504 1909 1014 1113 1356 1851 3899 45 379
internal_value=0.000105613 0.0146251 -0.0118714 -0.00859282 -0.0243794 0.0108355 -0.00310679 0.00766788 -0.0153629 -0.0346644 -0.0109883 -0.0123514 0.0299135 -0.00594945 -0.0275379 -0.00819613 -0.00281445 0.00388343 -0.0141535 -0.0029689 -0.0119966 0.00663583 0.00806787 0.0140547 0.00919135 0.0187084 0.00835209 0.0182505 -0.0148 0.00232404
internal_weight=46396 20971 25425 20158 5267 16819 11143 11799 9015 2970 2297 6728 4152 8932 1714 6975 2878 7419 5985 2122 4097 5297 4793 4380 2127 2253 2211 5020 625 743
internal_count=46396 20971 25425 20158 5267 16819 11143 11799 9015 2970 2297 6728 4152 8932 1714 6975 2878 7419 5985 2122 4097 5297 4793 4380 2127 2253 2211 5020 625 743
cat_boundaries=0 2 4 8 10 12 17 22 24 29 30 31 33 35 37 39 44 46 48 50 52
cat_threshold=1136016958 110602 67125376 128 2103296 0 570425344 2151677968 16914438 4106 33947660 98306 151126528 1140981764 579339339 2840593088 513 193347592 1342177296 1103 673186816 1 2684878913 131424 8421380 4 3 536871936 1 67108864 33563144 1049632 32768 4100 10 65536 1552 1311744 32768 16777216 0 1091 138412096 513 2147483648 131360 537395264 64 4259840 3140 16908292 8
is_linear=0
shrinkage=0.05


Tree=3
num_leaves=31
num_cat=17
split_feature=0 0 2 0 0 5 0 0 5 2 7 5 1 1 7 0 5 2 7 7 7 0 0 2 0 7 5 5 0 9
split_gain=2966.21 451.006 430.167 294.136 258.49 164.984 131.388 113.538 110.151 99.9684 94.6929 94.5353 78.3645 76.9333 66.6825 106.22 61.0013 57.5438 53.7464 85.0561 49.2142 67.9855 52.5266 46.8055 39.6348 37.6652 34.6832 35.3554 34.3652 33.6946
threshold=0 1 2 3 4 3.5000000000000004 5 6 1.5000000000000002 7 8.5000000000000018 4.5000000000000009 8 9 8.5000000000000018 10 5.5000000000000009 11 5.5000000000000009 3.5000000000000004 10.500000000000002 12 13 14 15 2.5000000000000004 3.5000000000000004 5.5000000000000009 16 19.500000000000004
decision_type=9 9 9 9 9 2 9 9 2 9 2 2 9 9 2 9 2 9 2 2 2 9 9 9 9 2 2 2 9 2
left_child=2 -2 3 18 9 7 11 -3 -6 14 28 -7 -10 -9 25 -16 17 -8 19 -1 21 26 -22 -13 -12 -4 -14 -28 -5 -15
right_child=1 5 4 10 8 6 16 13 12 -11 24 23 20 29 15 -17 -18 -19 -20 -21 22 -23 -24 -25 -26 -27 27 -29 -30 -31
leaf_value=-0.030646323499083517 0.039160917349532254 0.021212776351906361 -0.00582098156996071 0.0095608339112252042 -0.018527532649412749 0.019777796791493898 0.029182825371623033 0.032502654068171981 0.018086111870035532 0.010423978912457822 0.0052037410281598646 -0.0049791759062558401 -0.0077118734840303628 -0.0014790116459131198 0.0039571967240423006 -0.017985177469626069 0.015395493320003152 0.018971386925876146 -0.02600280885845423 0.0023964811258017971 -0.030349809168651706 -0.0078452721677720553 -0.014622341692447666 0.0086805430814623774 -0.021491596414521336 0.0020236448911949978 0.0092048992391675754 -0.0041597167289815773 -0.0088351444054394941 0.015488161811232561
leaf_weight=366 2964 4692 1032 692 3233 545 645 963 214 2233 104 518 773 4657 736 1680 1469 3205 2011 238 494 4440 1014 710 1054 3038 869 402 802 603
leaf_count=366 2964 4692 1032 692 3233 545 645 963 214 2233 104 518 773 4657 736 1680 1469 3205 2011 238 494 4440 1014 710 1054 3038 869 402 802 603
internal_value=0.000331925 0.0142486 -0.011148 -0.0238677 -0.00781436 0.0112588 0.0172025 0.00740724 -0.0127566 -0.00132318 -0.012021 0.00530006 -0.00968803 0.00296005 -0.00446429 -0.0110513 0.0211203 0.0244675 -0.0357905 -0.0228477 -0.0104849 -0.0086058 -0.018634 -0.00236156 -0.0227979 -0.000565111 -0.0010224 0.00405193 -0.00374833 0.00056926
internal_weight=46396 20971 25425 5267 20158 18007 7092 10915 11439 8719 2652 1773 8206 6223 6486 2416 5319 3850 2615 604 7992 6484 1508 1228 1158 4070 2044 1271 1494 5260
internal_count=46396 20971 25425 5267 20158 18007 7092 10915 11439 8719 2652 1773 8206 6223 6486 2416 5319 3850 2615 604 7992 6484 1508 1228 1158 4070 2044 1271 1494 5260
cat_boundaries=0 2 4 8 10 12 14 16 21 23 25 27 32 34 36 41 42 44
cat_threshold=1136016958 110602 67125248 128 2103296 0 570425344 2151677968 33947656 65538 43262520 106496 622592 3076 2684911809 131424 193855496 1342177296 1099 136315904 1 1577252 1 67641572 132208 34611200 32768 33554436 268435456 0 2 2 1075840000 10 16908290 8 8388608 1073741824 3 138412032 2 1057792 26214416 40960
is_linear=0
shrinkage=0.05


Tree=4
num_leaves=31
num_cat=23
split_feature=0 0 0 1 2 7 0 0 5 0 2 2 0 7 1 0 5 0 0 2 2 5 0 0 2 0 5 7 0 2
split_gain=2715.93 368.076 361.791 296.35 208.618 180.989 186.757 175.8 142.072 128.722 126.088 92.157 65.2044 60.3383 59.5382 63.1169 59.4806 52.8314 49.7587 52.3428 48.5906 47.9188 46.7811 44.8724 41.1076 41.0019 46.0336 36.492 33.3456 32.655
threshold=0 1 2 3 4 7.5000000000000009 5 6 2.5000000000000004 7 8 9 10 4.5000000000000009 11 12 1.0000000180025095e-35 13 14 15 16 5.5000000000000009 17 18 19 20 3.5000000000000004 4.5000000000000009 21 22
decision_type=9 9 9 9 9 2 9 9 2 9 9 9 9 2 9 9 2 9 9 9 9 2 9 9 9 9 2 2 9 9
left_child=1 17 3 28 5 9 -7 27 12 -4 -10 -6 29 20 -8 -16 -15 -1 19 -12 22 25 -11 -13 -14 -18 -27 -5 -2 -3
right_child=2 8 4 7 11 6 14 -9 10 13 18 23 24 16 15 -17 21 -19 -20 -21 -22 -23 -24 -25 -26 26 -28 -29 -30 -31
leaf_value=0.043234175449963663 -0.025931032227501274 -0.010611196109540767 0.0019866210440732611 -0.0070144612116180283 0.030764256789702928 -0.00068040405308827934 -0.023279908093940472 -0.018001781557537622 0.027608998384252195 -0.011325362412016838 -0.0037803074514679682 -0.0040465000510867656 0.035462893914608287 -0.018889847688507291 -0.013164167803898464 -0.020851112069049861 0.0013497707320936027 0.025928569846525786 0.018843407684522685 0.011208103638067846 -0.0032705504805012556 -0.018438783866292802 -0.017399177245926111 0.0076133899989165423 0.010853972593992955 -0.009680054968493064 0.0074820705613680262 0.029107737932885059 -0.019205595655124631 0.0033301752410829057
leaf_weight=1821 1526 346 3934 147 563 1797 763 1377 1671 1179 591 1932 637 371 2901 3156 1113 2331 3486 2550 902 450 1311 1801 3913 728 439 455 215 1990
leaf_count=1821 1526 346 3934 147 563 1797 763 1377 1671 1179 591 1932 637 371 2901 3156 1113 2331 3486 2550 902 450 1311 1801 3913 728 439 455 215 1990
internal_value=0.000487111 0.0147938 -0.00973772 -0.0242091 -0.00742184 -0.00966726 -0.0150342 -0.0108346 0.0111689 -0.0052412 0.0155821 0.00253135 0.00586698 -0.00955713 -0.0187994 -0.0170677 -0.0045308 0.0279914 0.0124228 0.00779118 -0.0141804 -0.00197802 -0.01776 -0.000333957 0.00934211 0.000964912 -0.005565 0.0116013 -0.0392633 -0.000937766
internal_weight=46396 19336 27060 3720 23340 19044 8617 1979 15184 10427 8298 4296 6886 6493 6820 6057 3101 4152 6627 3141 3392 2730 2490 3733 4550 2280 1167 602 1741 2336
internal_count=46396 19336 27060 3720 23340 19044 8617 1979 15184 10427 8298 4296 6886 6493 6820 6057 3101 4152 6627 3141 3392 2730 2490 3733 4550 2280 1167 602 1741 2336
cat_boundaries=0 2 4 5 7 11 13 14 16 21 26 28 30 32 33 35 39 43 45 47 52 53 54 58
cat_threshold=3158884801 133108 67125376 128 33687554 0 524296 195450888 1342177344 570952718 2842689552 1127424 2048 33554432 10560016 75784 2208333836 268435456 10256 2101251 6 32788 4 25165824 4096 4 138412032 1540 64 8 1082392624 98304 67108864 138969344 1044 0 1073741824 536870920 138412160 16777216 0 33555468 4194304 1073741868 4098 1091580932 12298 67635206 268435456 33554432 134218752 2 17829928 33554432 8912896 1073741824 570425352 138412160
is_linear=0
shrinkage=0.05


Tree=5
num_leaves=31
num_cat=11
split_feature=0 0 0 4 4 0 5 5 7 0 0 7 4 4 5 0 5 0 0 0 5 5 9 7 5 5 5 8 7 0
split_gain=2502.92 340.572 325.02 194.443 192.114 140.87 135.341 94.5219 86.1823 119.808 79.5259 76.4288 74.0054 65.8922 64.318 61.7731 53.4707 45.7057 44.5694 44.2506 43.3241 41.0802 41.5167 40.4049 39.6541 41.2491 38.9174 37.6985 33.9165 32.6653
threshold=0 1 2 1.0000000180025095e-35 72.500000000000014 3 2.5000000000000004 4.5000000000000009 7.5000000000000009 4 5 10.500000000000002 1.0000000180025095e-35 297.50000000000006 2.5000000000000004 6 2.5000000000000004 7 8 9 5.5000000000000009 5.5000000000000009 13.500000000000002 10.500000000000002 5.5000000000000009 3.5000000000000004 2.5000000000000004 1.0000000180025095e-35 7.5000000000000009 10
decision_type=9 9 9 2 2 9 2 2 2 9 9 2 2 2 2 9 2 9 9 9 2 2 2 2 2 2 2 2 2 9
left_child=2 7 10 -3 5 28 17 27 15 29 -1 14 23 -9 -7 16 -6 -4 -13 20 -16 22 -14 -8 25 -17 -11 -2 -5 -10
right_child=1 3 6 4 8 11 12 13 9 26 -12 18 21 -15 19 24 -18 -19 -20 -21 -22 -23 -24 -25 -26 -27 -28 -29 -30 -31
leaf_value=0.039101424521246 -0.02100275701340102 0.035423081530365629 -0.0014643018915373842 0.0002235360851483459 -0.017337831634226485 -0.018458933659394272 0.036872245375033467 -0.020393292760524897 -0.0092256654291530127 -0.006078033730395377 0.024726042511578651 -0.0099790835194266576 0.013894176074977971 -0.023647372564349324 0.0068218706713588989 0.0011057910795947534 -0.00013099919179733189 0.011344963034786288 -0.022862944069405089 -0.0085051862422684255 -0.010171514016928146 0.0065399157727733196 0.016901071966380462 0.0070230115739665869 -0.0051322213897509461 0.010509520178038623 0.0070422100140070561 -0.005909960119102148 -0.012846493205533127 -0.019857244425981781
leaf_weight=2170 1046 474 2336 1817 960 2105 532 839 1798 1060 3749 322 2711 841 595 2919 1256 3774 1265 2060 294 1325 2602 137 647 1376 1398 994 1410 1584
leaf_count=2170 1046 474 2336 1817 960 2105 532 839 1798 1060 3749 322 2711 841 595 2919 1256 3774 1265 2060 294 1325 2602 137 647 1376 1398 994 1410 1584
internal_value=0.000558238 -0.00925748 0.0142924 -0.00701071 -0.00767078 -0.0129307 0.00996872 -0.0232976 -0.00367749 -0.00818493 0.0240597 -0.0170877 0.0145682 -0.0321429 -0.0141076 0 -0.00691824 0.00448445 -0.0266856 -0.00934215 5.56174e-05 0.0129708 0.0149351 0.0304185 0.00310985 0.00485448 0.000243112 -0.0161275 -0.00430955 -0.0142689
internal_weight=46396 27060 19336 23340 22866 9868 13417 3720 12998 5840 5919 6641 7307 1680 5054 7158 2216 6110 1587 2949 889 6638 5313 669 4942 4295 2458 2040 3227 3382
internal_count=46396 27060 19336 23340 22866 9868 13417 3720 12998 5840 5919 6641 7307 1680 5054 7158 2216 6110 1587 2949 889 6638 5313 669 4942 4295 2458 2040 3227 3382
cat_boundaries=0 2 3 5 7 9 10 12 14 15 17 19
cat_threshold=3158884801 133108 33687554 2214609024 384 1122840 10240 1090781724 73738 67125248 1053740 36864 138412032 1540 5156 8389632 102408 1074003984 65538
is_linear=0
shrinkage=0.05


Tree=6
num_leaves=31
num_cat=20
split_feature=0 0 1 0 0 5 5 0 7 2 5 0 2 0 2 0 2 2 4 9 2 2 0 0 4 4 9 2 0 7
split_gain=2303.14 334.941 383.838 284.607 145.882 129.724 126.832 120.597 119.431 115.084 107.595 72.0782 65.6693 64.1152 52.335 60.6991 49.4898 48.5504 44.4975 43.0583 42.2883 42.246 45.8254 41.5656 38.9124 47.6046 37.9756 37.308 35.8099 34.591
threshold=0 1 2 3 4 2.5000000000000004 2.5000000000000004 5 9.5000000000000018 6 5.5000000000000009 7 8 9 10 11 12 13 286.50000000000006 17.500000000000004 14 15 16 17 74.500000000000014 87.500000000000014 13.500000000000002 18 19 6.5000000000000009
decision_type=9 9 9 9 9 2 2 9 2 9 2 9 9 9 9 9 9 9 2 2 9 9 9 9 2 2 2 9 9 2
left_child=3 2 4 11 -2 23 14 -4 13 21 12 -1 -8 -9 -3 18 24 -13 -16 29 -12 22 -7 -5 -15 -26 28 -25 -23 -14
right_child=1 6 7 5 -6 9 10 8 -10 -11 20 17 19 16 15 -17 -18 -19 -20 -21 -22 26 -24 27 25 -27 -28 -29 -30 -31
leaf_value=0.037146353295183697 -0.023544694392522238 0.0075088063166970868 0.0092563134032200185 -0.0013910867969605112 -0.016730927810399233 -0.0069983089766036902 0.018752050672840376 0.003756333431620529 -0.019863472809188876 0.023568153434624706 -0.020066660197678346 0.01788544208933417 0.0090572848042471173 -0.014124019704546176 -0.01735463907260899 -0.0051681767741463608 -0.0016106953743666996 0.0332328502851994 -0.0039847759042698659 0.0076016663795154711 -0.0042523269096110929 -0.0022687580726688697 0.0062334035837613433 0.036223492482529304 0.0059026968823081344 -0.0048951039506756723 0.015858300922408808 0.0080437304399998914 0.012474656662380136 -0.002505376584527064
leaf_weight=2170 1496 610 960 2336 1337 194 778 779 2285 2109 297 2469 1694 2251 1894 2925 1329 1280 626 1575 1508 720 603 456 325 2179 2176 3318 1505 2212
leaf_count=2170 1496 610 960 2336 1337 194 778 779 2285 2109 297 2469 1694 2251 1894 2925 1329 1280 626 1575 1508 720 603 456 325 2179 2176 3318 1505 2212
internal_value=0.000512975 -0.00890284 -0.0147131 0.0136876 -0.0309708 0.00964102 -0.00357067 -0.0101305 -0.0119022 0.014144 0.000533234 0.0228285 0.00363477 -0.00861868 -0.00904211 -0.0105866 -0.010338 0.0184757 -0.0162846 0.00168457 -0.0102216 0.0100806 -0.000557621 0.00427169 -0.0127282 -0.00846645 0.0120041 0.00750529 0.0074382 -0.00112647
internal_weight=46396 27060 12941 19336 2833 13417 14119 10108 9148 7307 8064 5919 6259 6863 6055 5445 6084 3749 2520 5481 1805 5198 797 6110 4755 2504 4401 3774 2225 3906
internal_count=46396 27060 12941 19336 2833 13417 14119 10108 9148 7307 8064 5919 6259 6863 6055 5445 6084 3749 2520 5481 1805 5198 797 6110 4755 2504 4401 3774 2225 3906
cat_boundaries=0 2 4 6 8 9 10 15 16 21 23 28 30 35 40 43 48 49 51 56 58
cat_threshold=3158884801 133108 50464782 69642 262208 524288 2214609024 384 33554432 33554440 134219778 1073872896 570426443 675284176 513 67125248 134250502 0 2064 134217923 6 0 65544 2148009990 67108864 16777240 2101248 6 1085539840 32768 50855936 1073741824 33557572 134217920 4 25198594 131072 3093 541066240 5 2056 1073741824 536870914 134217728 0 8 4194320 1 557056 138412032 1540 524294 268435456 33554432 134218752 2 134250752 1040
is_linear=0
shrinkage=0.05


Tree=7
num_leaves=31
num_cat=7
split_feature=2 2 5 5 5 7 7 5 5 7 2 1 5 5 9 7 7 2 7 8 7 9 9 5 7 3 2 2 9 7
split_gain=558.55 277.662 226.211 182.438 175.804 88.6865 85.3741 64.7313 61.8324 60.6504 46.4242 40.1703 36.955 51.8219 35.9068 34.9312 56.3337 37.1594 34.1877 32.5007 63.6693 30.2376 29.7889 34.4023 31.849 27.8646 27.624 26.9848 26.4281 26.1215
threshold=0 1 2.5000000000000004 5.5000000000000009 4.5000000000000009 9.5000000000000018 9.5000000000000018 3.5000000000000004 3.5000000000000004 10.500000000000002 2 3 2.5000000000000004 4.5000000000000009 16.500000000000004 2.5000000000000004 7.5000000000000009 4 1.5000000000000002 1.0000000180025095e-35 6.5000000000000009 18.500000000000004 9.5000000000000018 5.5000000000000009 2.5000000000000004 2.5000000000000004 5 6 14.500000000000002 11.500000000000002
decision_type=9 9 2 2 2 2 2 2 2 2 9 9 2 2 2 2 2 9 2 2 2 2 2 2 2 2 9 9 2 2
left_child=4 5 19 7 6 11 8 10 18 14 21 -2 -7 -14 22 17 -17 -9 -1 27 -21 -4 23 -6 -25 -11 -22 -3 -12 -29
right_child=1 2 3 -5 9 12 -8 15 -10 25 28 -13 13 -15 -16 16 -18 -19 -20 20 26 -23 -24 24 -26 -27 -28 29 -30 -31
leaf_value=-0.024281974595430134 0.054755953147639994 0.0030282541038589629 -0.0023270390809191745 -0.0032348097327383253 -0.011557448047606207 -0.0044762679853934456 -0.01859752072675333 -0.0014902579535664984 0.01013643369082169 -0.021328091758696294 0.012834357400035263 0.018709604125239376 0.02626456479387871 -0.00055143956442409441 -0.01720663322827027 0.012132280632921806 0.0062719660870521393 0.011041408922646535 -0.003394669477199136 0.0062203038596060191 0.0047508055927781186 0.011644735232198045 -0.0024161655542070505 -0.040888070792538977 0.0081787774300076058 0.0048654514169621833 -0.0049708404059316813 -0.0070398136918944261 0.022043711840512292 0.00078820127482454039
leaf_weight=192 1055 973 2702 4396 331 439 1495 1159 617 1068 1198 568 282 204 871 3972 4473 487 2600 2620 998 683 804 42 98 34 4556 5427 903 1149
leaf_count=192 1055 973 2702 4396 331 439 1495 1159 617 1068 1198 568 282 204 871 3972 4473 487 2600 2620 998 683 804 42 98 34 4556 5427 903 1149
internal_value=0.000590568 0.00312386 0.00198286 0.00551495 -0.011284 0.0190383 -0.00532219 0.00805354 -0.000953359 -0.0203202 0.0036821 0.0261553 0.00675676 0.0162551 -0.015424 0.0104301 0.0117288 0.00376671 -0.00411891 -0.0025027 -0.000318082 4.41826e-05 -0.0100784 -0.0200637 0.000714286 -0.0298548 -0.00334894 -0.00486819 0.00949787 -0.00601275
internal_weight=46396 38244 35696 19973 8152 2548 4904 15577 3409 3248 5486 1623 925 486 2146 10091 8445 1646 2792 15723 8174 3385 1275 471 140 1102 5554 7549 2101 6576
internal_count=46396 38244 35696 19973 8152 2548 4904 15577 3409 3248 5486 1623 925 486 2146 10091 8445 1646 2792 15723 8174 3385 1275 471 140 1102 5554 7549 2101 6576
cat_boundaries=0 4 9 13 14 19 24 29
cat_threshold=268288 0 536870912 2151678080 2214641812 2181038100 29368352 4626 532 8388608 1342308352 33555456 134218752 68159524 8 0 33555530 134217792 3 524296 0 13 1088 3 655362 67108864 2052 538969088 2
is_linear=0
shrinkage=0.05


Tree=8
num_leaves=31
num_cat=16
split_feature=0 0 2 0 5 0 4 4 0 0 7 2 5 0 5 4 0 2 4 1 4 0 1 5 0 5 0 4 5 9
split_gain=2094.81 322.392 359.683 249.938 131.948 122.658 117.882 121.528 115.493 90.0479 86.8387 85.5387 71.9647 59.0516 55.1748 53.2021 48.5485 50.3746 41.5002 40.9428 39.8519 37.7272 37.4178 62.9754 35.997 35.1357 33.9371 37.3776 32.8533 32.086
threshold=0 1 2 3 2.5000000000000004 4 1.0000000180025095e-35 31.500000000000004 5 6 9.5000000000000018 7 2.5000000000000004 8 5.5000000000000009 72.500000000000014 9 10 87.500000000000014 11 1.0000000180025095e-35 12 13 4.5000000000000009 14 1.5000000000000002 15 177.50000000000003 2.5000000000000004 13.500000000000002
decision_type=9 9 9 9 2 9 2 2 9 9 2 9 2 9 2 2 9 9 2 9 2 9 9 2 9 2 9 2 2 2
left_child=3 2 8 22 13 -4 -3 9 -2 -8 15 -6 24 -5 -14 20 -13 26 -17 -11 -7 28 23 -1 -9 -24 27 -18 -20 -19
right_child=1 6 5 4 11 10 7 12 -10 19 -12 16 14 -15 -16 18 17 29 21 -21 -22 -23 25 -25 -26 -27 -28 -29 -30 -31
leaf_value=0.032675749236618978 -0.021466014813679112 0.036437204080722256 0.0087830289245051426 0.00042426266211883503 0.023239210723504419 0.028205123532456428 -0.017289048894541092 -0.011282395460980955 -0.01623981116591058 -0.01930439932468081 -0.018606307278446543 0.017607080585776657 0.0055411014866729724 0.016791628124788929 -0.0041677360597096478 0.0053475922629980695 0.015035025694504156 0.0089707600217240335 -0.0092860798121040655 -0.0015467145624341707 -0.012238614075354287 -0.004490777921505873 0.03209369280117276 -0.012363707038593953 -0.0025830180005816496 0.032824333361557254 0.0049882499813852961 -0.0069916693607330327 0.010212841543668905 0.014848753267671001
leaf_weight=120 1504 403 967 2943 1730 64 1537 1595 906 378 2231 2513 5024 4225 1439 439 54 1873 486 1631 2874 2104 843 83 3479 1918 503 148 558 1824
leaf_count=120 1504 403 967 2943 1730 64 1537 1595 906 378 2231 2513 5024 4225 1439 439 54 1873 486 1631 2874 2104 843 83 3479 1918 503 148 558 1824
internal_value=0.000487111 -0.00827211 -0.0143745 0.0133683 0.0108545 -0.0100637 -0.00348477 -0.00420009 -0.0316529 -0.0122955 -0.0119325 0.0150202 -0.00171188 0.00584542 0.0017871 -0.00903448 0.0124693 0.00924751 -0.00494842 -0.00522536 -0.0140231 -0.0069568 0.026698 0.00492958 -0.0061687 0.028275 -0.00300699 -0.0198113 0.00085389 0.0115862
internal_weight=46396 27619 12133 18777 15813 9723 15486 15083 2410 3546 8756 8645 11537 7168 6463 6525 6915 4402 3587 2009 2938 3148 2964 203 5074 2761 705 202 1044 3697
internal_count=46396 27619 12133 18777 15813 9723 15486 15083 2410 3546 8756 8645 11537 7168 6463 6525 6915 4402 3587 2009 2938 3148 2964 203 5074 2761 705 202 1044 3697
cat_boundaries=0 2 4 8 10 11 12 14 19 21 23 28 30 32 34 36 37
cat_threshold=3158884801 132084 50464782 4106 0 0 33554440 4194304 67125248 128 33554440 33554432 1082397728 65536 2191556620 268435456 534528 136318979 6 138444800 532 2684354688 864 0 0 536870912 4194432 1 8256 8388616 131076 10 0 524288 1076889088 32768 557056
is_linear=0
shrinkage=0.05


Tree=9
num_leaves=31
num_cat=15
split_feature=0 0 2 0 0 4 0 5 5 2 7 4 4 0 5 2 0 0 0 7 5 8 4 0 7 0 7 4 0 5
split_gain=1925.21 351.671 326.325 219.044 118.401 113.191 110.006 99.4556 143.253 83.0626 80.2948 73.1744 52.9178 76.1151 52.6356 52.2775 51.1811 48.5054 42.7198 58.356 38.8061 38.6553 91.8737 38.4524 38.1186 41.4374 36.3372 37.8663 36.2054 33.7554
threshold=0 1 2 3 4 1.0000000180025095e-35 5 2.5000000000000004 5.5000000000000009 6 9.5000000000000018 17.500000000000004 43.500000000000007 7 2.5000000000000004 8 9 10 11 7.5000000000000009 3.5000000000000004 1.0000000180025095e-35 297.50000000000006 12 4.5000000000000009 13 4.5000000000000009 62.500000000000007 14 4.5000000000000009
decision_type=9 9 9 9 9 2 9 2 2 9 2 2 2 9 2 9 9 9 9 2 2 2 2 9 2 9 2 2 9 2
left_child=3 2 4 -1 21 -3 -4 12 18 16 15 -10 13 -7 17 -8 26 -11 20 23 -9 -2 -23 -20 25 -17 28 -28 -5 -27
right_child=1 5 6 9 -6 7 10 8 11 14 -12 -13 -14 -15 -16 24 -18 -19 19 -21 -22 22 -24 -25 -26 29 27 -29 -30 -31
leaf_value=0.033788517798956849 -0.022356220516048641 0.033196355276487781 0.0083438774782798823 0.0054947368250508949 -0.015427820607615054 -0.0067076802674589488 0.0011739549224108526 0.00061785727302347002 -0.016075010171281084 0.0051702991552692867 -0.017675991914524215 -0.0041132921976463014 -0.0037012798334965071 -0.019896421869867516 0.021369323994728295 -0.0060981670733887272 0.014936209089961672 0.03200146025329681 0.011431850218024998 -0.002381847747963484 0.0078257986693673464 0.0007960615118515757 -0.01843557857447144 0.0011589005377835137 -0.0030192685894246066 -0.016185689718412832 0.00058926009232138652 0.015955025051134771 -0.0082167139354186632 -0.012594739334524813
leaf_weight=2170 782 426 967 726 906 1136 1152 762 384 1332 2231 1827 5231 902 2974 1000 5256 1162 1133 2389 1471 141 581 1627 3114 749 1113 1694 548 510
leaf_count=2170 782 426 967 726 906 1136 1152 762 384 1332 2231 1827 5231 902 2974 1000 5256 1162 1133 2389 1471 141 581 1627 3114 749 1113 1694 548 510
internal_value=0.000469868 -0.00726615 -0.0137898 0.013874 -0.0302479 -0.00268239 -0.00968355 -0.00332701 1.56364e-05 0.0116807 -0.0114533 -0.0111488 -0.00773834 -0.0145731 0.0165936 -0.00866667 0.00878892 0.011267 0.00335952 0.000843187 0.00911725 -0.0389696 -0.0308864 0.0057971 -0.0107282 -0.0156928 0.00455879 0.00774849 -0.00243328 -0.02171
internal_weight=46396 29421 12133 16975 2410 17288 9723 16862 9593 14805 8756 2211 7269 2038 5468 6525 9337 2494 7382 5149 2233 1504 722 2760 5373 2259 4081 2807 1274 1259
internal_count=46396 29421 12133 16975 2410 17288 9723 16862 9593 14805 8756 2211 7269 2038 5468 6525 9337 2494 7382 5149 2233 1504 722 2760 5373 2259 4081 2807 1274 1259
cat_boundaries=0 2 4 8 9 10 11 16 18 23 25 27 29 31 33 34
cat_threshold=3154690497 132080 50464782 4106 0 0 33554440 4194304 67125248 33554432 33554440 142770688 1140981764 554173524 2705326720 513 6365712 9220 8421380 268435460 536870915 536871936 3 402686208 528 134217985 131696 7341056 100356 8389136 8192 131076 4098 402653440
is_linear=0
shrinkage=0.05


Tree=10
num_leaves=31
num_cat=19
split_feature=0 1 0 0 0 0 5 5 7 1 8 0 1 1 7 0 0 0 7 8 7 1 5 5 0 0 7 0 0 0
split_gain=1777.04 304.78 306.568 278.502 175.466 114.583 72.9153 72.5354 68.2863 59.29 78.2532 68.3489 57.4917 56.0085 49.0494 93.4841 48.4587 47.171 46.884 42.3984 70.5052 42.1932 37.6401 40.483 37.3368 36.5309 36.4131 36.2904 33.591 32.2722
threshold=0 1 2 3 4 5 2.5000000000000004 1.0000000180025095e-35 6.5000000000000009 6 1.0000000180025095e-35 7 8 9 8.5000000000000018 10 11 12 2.5000000000000004 1.0000000180025095e-35 5.5000000000000009 13 2.5000000000000004 4.5000000000000009 14 15 7.5000000000000009 16 17 18
decision_type=9 9 9 9 9 9 2 2 2 9 2 9 9 9 2 9 9 9 2 2 2 9 2 2 9 9 2 9 9 9
left_child=1 2 19 -2 7 22 28 -3 16 10 11 -9 -6 -8 18 -16 -4 -10 27 -1 -21 -20 -5 -24 -12 -23 -26 -14 -7 -17
right_child=3 4 8 5 12 6 13 9 17 -11 24 -13 14 -15 15 29 -18 -19 21 20 -22 25 23 -25 26 -27 -28 -29 -30 -31
leaf_value=-0.02124247671525541 0.03209909190900901 -0.01645549028647747 -0.012269251849471741 -0.0013765254673509309 0.023465709970412932 0.022960682099497011 0.020565822893985643 -0.015998204764290608 -0.0027302320582510645 -0.00067635210264228591 0.012833123250047318 -0.0096973256497735593 0.0083165730258081827 0.013456997888282736 0.0061444635386724185 -0.020771984040161808 0.0033798093935059614 -0.015981687523959686 0.016168860078112836 0.012612232244811984 -0.015895855020455974 -0.0057985274465245044 0.014561201084623882 0.00014365359008406965 -0.00047529810119539828 0.0062483545751373217 -0.01307611248656656 -0.0099547124680543497 0.0065299343654187554 -0.013110099496822064
leaf_weight=787 2170 1415 418 2411 459 1947 1913 1776 506 2047 237 2012 401 5468 917 314 1010 1880 907 44 711 854 1628 1361 2120 2186 1682 954 4073 1788
leaf_count=787 2170 1415 418 2411 459 1947 1913 1776 506 2047 237 2012 401 5468 917 314 1010 1880 907 44 711 854 1628 1361 2120 2186 1682 954 4073 1788
internal_value=0.00045047 -0.00843523 -0.0190272 0.0112221 -0.00560038 0.00925256 0.0117329 -0.0097221 -0.0113494 -0.00821349 -0.0101888 -0.0153643 -0.000295791 0.0150725 -0.00125435 -0.00634316 -0.00273109 -0.0165549 0.00164089 -0.0378222 -0.0296026 0.00439574 0.00308688 0.00684175 -0.00536024 0.00154098 -0.00655824 -0.00638376 0.00765781 -0.0121212
internal_weight=46396 25425 5356 20971 20069 18801 13401 11289 3814 9874 7827 3788 8780 7381 8321 3019 1428 2386 5302 1542 755 3947 5400 2989 4039 3040 3802 1355 6020 2102
internal_count=46396 25425 5356 20971 20069 18801 13401 11289 3814 9874 7827 3788 8780 7381 8321 3019 1428 2386 5302 1542 755 3947 5400 2989 4039 3040 3802 1355 6020 2102
cat_boundaries=0 2 4 5 6 8 10 12 14 16 18 20 22 24 26 28 30 31 33 35
cat_threshold=1136016958 110602 705 524364 33554432 67125248 1090657286 4106 4292608 3588 1093017600 813696146 16781314 8 1052964 268439569 1140859078 545652789 34611200 32768 1315876 2 17835040 40960 2686976 671088768 0 8 9437216 32768 8389160 2148008065 384 512 8192
is_linear=0
shrinkage=0.05


Tree=11
num_leaves=31
num_cat=16
split_feature=0 1 0 0 0 0 5 0 5 5 0 5 1 1 7 5 7 7 0 7 1 7 0 0 5 5 9 5 0 1
split_gain=1613.15 280.392 307.783 268.578 160.319 100.483 68.5693 79.826 62.831 57.456 62.168 57.0111 52.1238 51.1061 46.0302 44.7631 43.1197 39.2871 74.6023 39.9258 43.54 37.4098 44.9326 36.5037 34.8506 39.3807 34.6838 34.4573 34.2105 32.6796
threshold=0 1 2 3 4 5 3.5000000000000004 6 2.5000000000000004 5.5000000000000009 7 2.5000000000000004 8 9 10.500000000000002 5.5000000000000009 5.5000000000000009 8.5000000000000018 10 3.5000000000000004 11 10.500000000000002 12 13 2.5000000000000004 4.5000000000000009 22.500000000000004 5.5000000000000009 14 15
decision_type=9 9 9 9 9 9 2 9 2 2 9 2 9 9 2 2 2 2 9 2 9 2 9 9 2 2 2 2 9 9
left_child=1 2 14 -2 13 24 -6 -8 -7 11 -11 16 27 -3 -1 21 26 19 -19 23 -21 -9 -23 -15 -5 -26 -4 -10 -20 -30
right_child=3 4 9 5 6 8 7 15 12 10 -12 -13 -14 17 -16 -17 -18 18 28 20 -22 22 -24 -25 25 -27 -28 -29 29 -31
leaf_value=-0.01667945027221988 0.030494137313558562 0.022350359047144143 -0.0050906901968866269 -0.0013076991939833804 -0.012762483159628892 0.011101457533414821 -0.005638141802352759 0.0063077922482773774 0.022182191430227441 -0.0183957544134483 -0.0037793260311195899 0.00035708357274354401 0.013123944071146266 -0.012855080184515033 -0.019706742614684702 -0.0061738455349891752 -0.01701403600901975 0.0056123335272600999 -0.019855040394883162 0.0012271978876550627 0.016051597429016285 -0.020310656066347538 0.0055875040762237487 0.00044506185244224121 0.013833141030392689 0.00013647091057986672 0.095730667768582745 0.0066986334629016491 -0.014805735221984924 0.0031635934595078685
leaf_weight=1152 2170 523 450 2411 6488 6020 1820 1728 1136 390 288 1327 5946 667 554 905 959 926 313 2435 838 311 227 1311 1628 1361 47 299 1280 486
leaf_count=1152 2170 523 450 2411 6488 6020 1820 1728 1136 390 288 1327 5946 667 554 905 959 926 313 2435 838 311 227 1311 1628 1361 47 299 1280 486
internal_value=0.000439693 -0.00802634 -0.018418 0.0107025 -0.00536807 0.00876881 -0.00925668 -0.00485875 0.0110916 -0.00978104 -0.0228614 -0.00662954 0.0141918 -0.000278758 -0.0357809 -4.7155e-05 -0.0134615 -0.00124607 -0.00580699 0.00136165 0.00475099 0.00370697 -0.00780669 -0.00424671 0.00299445 0.00660756 -0.00150905 0.0228028 -0.011034 -0.00822072
internal_weight=46396 25425 5167 20971 20258 18801 11479 4991 13401 3461 678 2783 7381 8779 1706 3171 1456 8256 3005 5251 3273 2266 538 1978 5400 2989 497 1435 2079 1766
internal_count=46396 25425 5167 20971 20258 18801 11479 4991 13401 3461 678 2783 7381 8779 1706 3171 1456 8256 3005 5251 3273 2266 538 1978 5400 2989 497 1435 2079 1766
cat_boundaries=0 2 4 5 6 8 10 11 13 15 17 19 21 23 25 27 29
cat_threshold=1136016958 110602 193 524360 33816576 67125248 43262520 106496 4292608 3588 16779266 24 102400 1140859014 8519733 1075318820 268439569 34611200 32768 17211394 33555458 1073741828 8 34611200 98304 512 8192 16883714 134217732
is_linear=0
shrinkage=0.05


Tree=12
num_leaves=31
num_cat=14
split_feature=0 2 0 0 0 5 4 2 4 4 4 0 4 4 5 5 0 5 5 0 2 5 2 0 5 5 1 7 2 7
split_gain=1443.79 267.959 272.19 228.312 137.822 96.2188 87.2189 80.8178 68.7691 65.1905 108.835 64.7215 63.3888 58.4152 53.2469 52.9881 51.8393 43.3446 52.9382 37.1537 36.0914 35.2661 34.2573 30.7381 30.5148 34.8225 29.0897 38.4058 28.6425 31.2587
threshold=0 1 2 3 4 2.5000000000000004 13.500000000000002 5 72.500000000000014 192.50000000000003 55.500000000000007 6 1.0000000180025095e-35 1.0000000180025095e-35 1.0000000180025095e-35 2.5000000000000004 7 2.5000000000000004 5.5000000000000009 8 9 5.5000000000000009 10 11 5.5000000000000009 3.5000000000000004 12 8.5000000000000018 13 7.5000000000000009
decision_type=9 9 9 9 9 2 2 9 2 2 2 9 2 2 2 2 9 2 2 9 9 2 9 9 2 2 9 2 9 2
left_child=1 2 9 -2 8 11 24 -7 13 10 -1 -5 -6 -3 -10 -15 21 -14 22 -8 -13 -9 -19 -24 25 -4 -21 -28 -16 -30
right_child=3 4 6 5 12 7 19 16 14 -11 -12 20 17 15 28 -17 -18 18 -20 26 -22 -23 23 -25 -26 -27 27 -29 29 -31
leaf_value=-0.01892700492169053 0.028969430447880636 0.013882355891376364 -0.023459032712124846 -9.0682882514969709e-05 0.034357429702644819 0.020564225966192486 -0.011057464709214721 0.0078713300164218857 -0.014458462997893974 -0.017616287051402165 0.0013756413933633362 0.0065617937791738858 -0.0042075147319803443 -0.015587025743877931 -0.01422120979758772 -0.008836751229439643 0.013535846841863153 0.0011606547001675961 -0.0044103954494920331 0.0036956133613758714 0.024654907084874413 -0.0041547048519253059 0.0010100586225849084 0.016137401560539655 -0.01756690251907746 -0.00064661164112853617 -0.00030582402545765167 -0.03198781451883128 0.00028946002637596501 -0.0084466544925725813
leaf_weight=284 2170 193 209 4109 293 1404 1648 3455 823 1273 176 2367 3662 1788 568 2674 4571 2233 1073 847 1955 940 483 979 259 181 340 150 2834 2455
leaf_count=284 2170 193 209 4109 293 1404 1648 3455 823 1273 176 2367 3662 1788 568 2674 4571 2233 1073 847 1955 940 483 979 259 181 340 150 2834 2455
internal_value=0.000454781 -0.00755455 -0.0174726 0.010164 -0.00489336 0.00838073 -0.00963227 0.0116104 -0.00852799 -0.0337636 -0.0178261 0.00441822 -0.000166037 -0.0132009 -0.00528443 -0.0143658 0.0098262 -0.000960854 0.00218121 -0.0060469 0.00867959 0.00591373 0.0050203 0.0109375 -0.0262712 -0.0174359 0.000185598 -0.0094 -0.00361106 -0.00244386
internal_weight=46396 25425 5367 20971 20058 18801 3634 10370 11335 1733 460 8431 8723 4655 6680 4462 8966 8430 4768 2985 4322 4395 3695 1462 649 390 1337 490 5857 5289
internal_count=46396 25425 5367 20971 20058 18801 3634 10370 11335 1733 460 8431 8723 4655 6680 4462 8966 8430 4768 2985 4322 4395 3695 1462 649 390 1337 490 5857 5289
cat_boundaries=0 2 6 7 8 10 15 17 19 21 26 30 32 34 38
cat_threshold=1136016958 110602 2496520 0 536870912 2151677968 33816576 67125248 1090657286 4106 35684356 301989888 532480 2101251 4 138510336 134676 139034881 3092 1073879598 32770 16777224 1140981760 527381 536870913 4 2290614272 268435456 1074267208 538969088 1056800 73728 64 524288 2298478594 1073741824 33556552 134217728
is_linear=0
shrinkage=0.05


Tree=13
num_leaves=31
num_cat=10
split_feature=0 0 0 4 7 0 0 4 5 5 4 0 5 7 5 0 7 5 0 4 4 5 8 4 3 0 7 9 0 5
split_gain=1295.22 212.046 196.499 139.348 123.148 175.695 141.79 94.8522 79.0901 70.2725 70.045 69.0442 55.5746 55.0895 50.3577 46.8061 45.055 58.9397 39.7601 39.6886 47.9767 41.0798 38.8328 69.1355 39.9849 36.0071 43.6908 33.6816 32.3782 32.1487
threshold=0 1 2 196.50000000000003 9.5000000000000018 3 4 8.5000000000000018 2.5000000000000004 1.0000000180025095e-35 1.0000000180025095e-35 5 2.5000000000000004 3.5000000000000004 5.5000000000000009 6 9.5000000000000018 4.5000000000000009 7 72.500000000000014 1.0000000180025095e-35 5.5000000000000009 1.0000000180025095e-35 297.50000000000006 2.5000000000000004 8 7.5000000000000009 13.500000000000002 9 4.5000000000000009
decision_type=9 9 9 2 2 9 9 2 2 2 2 9 2 2 2 9 2 2 9 2 2 2 2 2 2 9 2 2 9 2
left_child=1 3 11 7 6 15 12 -1 -4 -8 16 -2 -3 18 -14 -6 -10 -18 -12 20 -11 25 24 -24 -5 26 -21 -15 -7 -25
right_child=2 4 8 22 5 28 9 -9 10 19 13 -13 14 27 -16 -17 17 -19 -20 21 -22 -23 23 29 -26 -27 -28 -29 -30 -31
leaf_value=-0.017992474308616415 0.029469786810401258 -0.0023711662379511445 0.0026678613695760691 -0.018240802194108764 0.0063302207067788448 -0.018935129337261668 -0.014746056799718119 0.0020704441158569064 0.047644333274757304 0.025959608039981631 -0.0070689288284945589 0.017414237264974385 0.0087470950738566255 0.0071962297059299908 -0.0023096889127465436 -0.0069956697635103655 0.018738693778088567 -0.0086945488233151069 0.0032928430441214298 0.002512418414256179 -0.0093547145088252459 -0.013906504262711407 0.014873253526126751 -0.013031882007388524 0.0021485114485870374 -0.005412876421156388 -0.011714987831682944 0.014189269601271211 -0.014624081359850334 -0.014377539388885925
leaf_weight=157 1821 2924 6310 675 755 1050 1208 503 361 128 425 5226 2869 2839 876 2704 174 130 1065 1789 3477 730 74 202 60 1875 620 2620 2292 457
leaf_count=157 1821 2924 6310 675 755 1050 1208 503 361 128 425 5226 2869 2839 876 2704 174 130 1065 1789 3477 730 74 202 60 1875 620 2620 2292 457
internal_value=0.000357789 -0.00722823 0.00955388 -0.0223106 -0.00584159 -0.0115057 -0.00350994 -0.00333333 0.00610019 -0.00732439 0.00953507 0.0163596 0.00211858 0.00805152 0.00615487 -0.0035601 0.0250376 0.0108553 -0.000469799 -0.00574893 -0.00975035 -0.00287196 -0.0309946 -0.0228513 -0.0391156 -0.00100373 0.00303845 0.0103774 -0.0196599 -0.027997
internal_weight=46396 25425 20971 2128 23297 6801 16496 660 13924 9827 7614 7047 6669 6949 3745 3459 665 304 1490 8619 3605 5014 1468 733 735 4284 2409 5459 3342 659
internal_count=46396 25425 20971 2128 23297 6801 16496 660 13924 9827 7614 7047 6669 6949 3745 3459 665 304 1490 8619 3605 5014 1468 733 735 4284 2409 5459 3342 659
cat_boundaries=0 2 3 5 7 9 10 11 13 15 17
cat_threshold=1136016958 110602 33554432 2752004224 384 1074803762 32770 10887696 106504 67108864 1057792 98304 1040 1090519080 2 131072 73736
is_linear=0
shrinkage=0.05


Tree=14
num_leaves=31
num_cat=17
split_feature=0 2 0 0 0 4 2 8 4 2 0 7 0 8 2 0 5 0 5 0 7 4 0 5 1 5 7 4 0 0
split_gain=1180.99 250.684 265.293 185.568 114.413 88.8831 82.3395 79.9697 137.863 71.1408 57.2693 51.3868 62.4882 46.8844 61.7742 48.357 45.5547 45.3861 44.6524 42.7662 41.9713 40.8491 40.7145 38.4539 70.8672 41.9963 36.0835 67.206 64.3576 35.8051
threshold=0 1 2 3 4 13.500000000000002 5 1.0000000180025095e-35 297.50000000000006 6 7 7.5000000000000009 8 1.0000000180025095e-35 9 10 2.5000000000000004 11 3.5000000000000004 12 4.5000000000000009 87.500000000000014 13 4.5000000000000009 14 1.5000000000000002 9.5000000000000018 1.0000000180025095e-35 15 16
decision_type=9 9 9 9 9 2 9 2 2 9 9 2 9 2 9 9 2 9 2 9 2 2 9 2 9 2 2 2 9 9
left_child=1 2 7 23 13 -4 26 -1 -9 11 18 16 -13 14 15 -3 29 21 -8 -7 22 -15 -20 25 -25 -2 27 -5 -28 -6
right_child=3 4 5 6 9 19 10 8 -10 -11 -12 12 -14 17 -16 -17 -18 -19 20 -21 -22 -23 -24 24 -26 -27 28 -29 -30 -31
leaf_value=-0.017392948025547372 0.024383475636973663 -0.0097059481251177138 -0.015464038827552632 0.045557487560407263 -0.00044500037184150857 -0.010420260550580252 -0.00021550180746524595 0.0014330757706084718 -0.01428534305909967 0.0055256802812639677 0.011606234634186474 0.002312261138257954 -0.011770322930644795 0.0060175741198804089 -0.0019011292667135194 -0.014076213400877408 0.0053358005893032971 -0.01225107973290919 0.0048058795670926305 0.00050302215660664171 0.01018093822878331 -0.0019687347597765583 -0.0059675925604415203 -0.015318832530188104 0.014683172881788237 0.026870640031531348 -0.004804119779570893 0.016859714903107344 0.029507123816168459 -0.011921126787226788
leaf_weight=794 891 1431 728 644 1336 1583 5152 175 581 3116 5987 1065 3061 658 851 1776 2645 1710 567 1452 2253 1682 446 104 578 1391 683 1668 607 781
leaf_count=794 891 1431 728 644 1336 1583 5152 175 581 3116 5987 1065 3061 658 851 1776 2645 1710 567 1452 2253 1682 446 104 578 1391 683 1668 607 781
internal_value=0.000243555 -0.0070002 -0.0166541 0.00902483 -0.0044429 -0.00942221 0.00710718 -0.0340385 -0.022619 -0.0013401 0.00540756 -0.00361879 -0.00770722 -0.00902932 -0.0128388 -0.0159932 -8.39983e-05 -0.00523457 0.00274086 -0.00568369 0.00731782 -0.000680851 -0.00113524 0.020612 0.0102639 0.0237949 0.0138704 0.0176471 0.0072093 -0.00555031
internal_weight=46396 25425 5313 20971 20112 3763 18007 1550 756 12004 14405 8888 4126 8108 4058 3207 4762 4050 8418 3035 3266 2340 1013 2964 682 2282 3602 2312 1290 2117
internal_count=46396 25425 5313 20971 20112 3763 18007 1550 756 12004 14405 8888 4126 8108 4058 3207 4762 4050 8418 3035 3266 2340 1013 2964 682 2282 3602 2312 1290 2117
cat_boundaries=0 2 6 7 9 11 16 20 22 24 28 30 32 34 36 38 40 42
cat_threshold=1136016958 110602 2496512 0 570425344 2151677968 33554432 67125248 128 16911366 4104 2250262534 301989904 20981760 2102803 518 142655496 1342308368 1074267207 673186944 406946048 3604 34615296 32768 50331656 1073741824 525404 192 132100 4096 16780288 8 1074139692 32778 406847744 2052 131072 524288 138412417 2112 41951792 73728
is_linear=0
shrinkage=0.05


Tree=15
num_leaves=31
num_cat=20
split_feature=0 0 2 0 2 7 0 0 4 4 4 0 2 7 0 2 7 0 0 7 0 2 1 9 0 0 7 0 0 7
split_gain=1074.04 243.54 256.109 149.678 122.925 109.992 188.849 85.5464 76.9597 81.8568 72.3205 68.6742 63.9905 62.175 47.5487 42.4281 39.8643 39.2681 39.1845 34.3153 36.3657 32.6813 31.848 32.0823 28.4072 27.3805 66.0278 59.7673 53.221 30.6269
threshold=0 1 2 3 4 7.5000000000000009 5 6 184.50000000000003 9.5000000000000018 98.500000000000014 7 8 4.5000000000000009 9 10 4.5000000000000009 11 12 11.500000000000002 13 14 15 15.500000000000002 16 17 7.5000000000000009 18 19 4.5000000000000009
decision_type=9 9 9 9 9 2 9 9 2 2 2 9 9 2 9 9 2 9 9 2 9 9 9 2 9 9 2 9 9 2
left_child=3 2 8 16 -3 7 15 -6 9 -2 -8 -4 19 21 -15 -7 17 -1 -12 25 -21 -9 23 -11 -17 26 27 -5 -28 -27
right_child=1 4 11 12 5 6 10 13 -10 22 18 -13 -14 14 -16 24 -18 -19 -20 20 -22 -23 -24 -25 -26 29 28 -29 -30 -31
leaf_value=0.024213110862261873 -0.017835384408386574 0.017554876710996814 0.014202973186376977 0.03365638938910466 0.0032384146552263352 -0.0093034879595541142 -0.014377349057029091 -0.0095828879182604642 -0.015021621170645455 -0.0060058261631231241 -0.012756505255999596 -0.010880581843778393 0.015448431238405474 -0.011388395989637468 0.00075199050526205682 0.020415864209523706 0.025136019228657769 -0.0029285734364660199 -0.00097127537467024412 0.00048894664918205379 0.035899295231958589 -0.0017082768708881924 -0.015712673208990446 0.0020054978525919642 0.0020114626358175625 -0.0026918853858708793 -0.0090393217994322646 0.0093631344741498482 0.010673188153499514 0.0062993685615549411
leaf_weight=548 130 837 574 923 5818 569 4404 3101 1349 91 1724 928 4420 776 2815 319 2109 307 1673 288 540 991 149 106 2403 1648 821 1683 965 3387
leaf_count=548 130 837 574 923 5818 569 4404 3101 1349 91 1724 928 4420 776 2815 319 2109 307 1673 288 540 991 149 106 2403 1648 821 1683 965 3387
internal_value=0.000247866 -0.00570967 -0.0184147 0.00995807 -0.00404088 -0.00468439 -0.00837541 -0.00165543 -0.0309809 -0.0138655 -0.012604 -0.00304233 0.00787538 -0.00511504 -0.000320245 0.00168131 0.0202085 0.0111696 -0.00713865 0.00569411 0.0154589 -0.00933529 -0.00115607 0.0118357 0.00428258 0.00484247 0.00772376 0.0128166 0.000335946 0.00230922
internal_weight=46396 28757 3327 17639 25430 24593 11092 13501 1825 476 7801 1502 14675 7683 3591 3291 2964 855 3397 10255 828 4092 346 197 2722 9427 4392 2606 1786 5035
internal_count=46396 28757 3327 17639 25430 24593 11092 13501 1825 476 7801 1502 14675 7683 3591 3291 2964 855 3397 10255 828 4092 346 197 2722 9427 4392 2606 1786 5035
cat_boundaries=0 2 3 8 10 15 17 19 20 25 27 31 32 34 36 41 43 45 47 49 51
cat_threshold=3154690497 132084 33556482 0 0 536870921 138412032 4 67125248 128 2147484692 2181038100 1098907664 4610 4 5321760 33792 1088619024 75784 33554432 159515136 1140981764 570950687 2705326273 1 1032 5120 159907848 268435456 570425346 2147483648 67108864 16908828 8200 134250561 64 50333696 0 33555532 138412096 2 0 524288 1048576 1024 2684879041 131392 537395264 64 537395264 64
is_linear=0
shrinkage=0.05


Tree=16
num_leaves=31
num_cat=3
split_feature=2 4 2 4 5 5 4 7 7 4 5 7 4 5 7 7 5 5 8 7 4 7 4 9 4 4 7 2 9 9
split_gain=375.177 205.099 187.565 157.817 139.148 131.351 128.675 117.024 72.7446 50.4023 43.9865 42.5374 41.328 43.8192 39.5401 35.1157 30.2792 48.8234 29.0877 31.9572 31.2345 28.3789 26.6162 26.2379 26.0296 23.4167 23.1804 23.408 25.9589 22.8708
threshold=0 300.50000000000006 1 15.500000000000002 2.5000000000000004 5.5000000000000009 368.50000000000006 1.5000000000000002 9.5000000000000018 72.500000000000014 4.5000000000000009 10.500000000000002 100.50000000000001 3.5000000000000004 8.5000000000000018 2.5000000000000004 2.5000000000000004 4.5000000000000009 1.0000000180025095e-35 7.5000000000000009 83.500000000000014 9.5000000000000018 26.500000000000004 11.500000000000002 177.50000000000003 1028.5000000000002 3.5000000000000004 2 22.500000000000004 10.500000000000002
decision_type=9 2 9 2 2 2 2 2 2 2 2 2 2 2 2 2 2 2 2 2 2 2 2 2 2 2 2 9 2 2
left_child=1 3 8 11 9 12 10 24 15 23 21 -1 13 29 26 -2 -10 -18 -15 -20 -21 -3 -7 -4 -5 -8 -9 -28 -29 -6
right_child=2 6 4 7 5 22 25 14 16 -11 -12 -13 -14 18 -16 -17 17 -19 19 20 -22 -23 -24 -25 -26 -27 27 28 -30 -31
leaf_value=-0.013043512943397529 0.007980896966859663 -0.010766986123346929 -0.010468750701060736 -0.0044550554817288151 -0.01027179166116049 -0.0088876907854819782 0.0028864060990225985 -0.0041764646647996393 -0.0079869909602946938 0.0001645856772460097 -0.013422887557601161 -0.01522507246311945 0.0085121562015138541 0.0018913812237753569 -0.0052635435615883634 0.038778330534386146 0.018206015462782256 -0.0053363353525126226 0.010769547940717617 0.0039962090914299813 -0.015753352482465156 -0.015550286603847774 -0.0013543123512756606 -0.003816481898747981 -0.017903743474487727 -0.011568338838219642 0.0082665827437195197 -0.0037444922064373332 0.091476421025156296 0.0025322563542983902
leaf_weight=630 245 226 2245 134 949 734 403 509 433 9692 765 629 7807 2550 1704 1283 288 201 1244 1126 191 281 3681 3840 253 224 1679 642 58 1750
leaf_count=630 245 226 2245 134 949 734 403 509 433 9692 765 629 7807 2550 1704 1283 288 201 1244 1126 191 281 3681 3840 253 224 1679 642 58 1750
internal_value=0.000260798 -0.00948202 0.00233479 -0.00511382 0.00141685 0.00418331 -0.023881 -0.00111468 0.0156911 -0.00209482 -0.0330189 -0.0209293 0.00633604 0.0037644 0.00111063 0.0224476 0.00466377 0.0131902 0.00648601 0.0102499 0.00482156 -0.0215976 -0.00343148 -0.00566146 -0.0275194 -0.0053429 0.00467452 0.00674653 -0.000985915 -0.0013894
internal_weight=46396 8137 38259 6238 35809 20032 1899 4979 2450 15777 1272 1259 15617 7810 4592 1528 922 489 5111 2561 1317 507 4415 6085 387 627 2888 2379 700 2699
internal_count=46396 8137 38259 6238 35809 20032 1899 4979 2450 15777 1272 1259 15617 7810 4592 1528 922 489 5111 2561 1317 507 4415 6085 387 627 2888 2379 700 2699
cat_boundaries=0 5 10 14
cat_threshold=6144 0 536870912 2151678080 1024 67158164 2181038100 29368352 528914 20 2048 0 0 4194304
is_linear=0
shrinkage=0.05


Tree=17
num_leaves=31
num_cat=19
split_feature=0 2 0 0 0 4 2 8 4 0 0 2 7 0 2 7 7 0 0 0 8 0 0 0 2 7 0 4 7 7
split_gain=992.345 238.643 301.176 181.922 112.956 82.7727 67.2449 64.9742 74.418 51.8017 51.6184 46.2619 50.2917 59.6039 40.8099 40.6956 38.3577 46.044 35.6009 34.9576 33.6216 56.0229 38.3803 31.4859 30.7936 29.468 68.0157 56.4553 28.3491 27.6158
threshold=0 1 2 3 4 31.500000000000004 5 1.0000000180025095e-35 297.50000000000006 6 7 8 8.5000000000000018 9 10 4.5000000000000009 4.5000000000000009 11 12 13 1.0000000180025095e-35 14 15 16 17 9.5000000000000018 18 1.0000000180025095e-35 6.5000000000000009 7.5000000000000009
decision_type=9 9 9 9 9 2 9 2 2 9 9 9 2 9 9 2 2 9 9 9 2 9 9 9 9 2 9 2 2 2
left_child=1 2 7 15 14 19 25 -1 -9 -7 16 12 -6 -14 -3 18 17 -8 -2 -4 21 -16 -22 -13 -18 27 -27 -5 -11 -24
right_child=3 4 5 6 11 9 10 8 -10 28 -12 23 13 -15 20 -17 24 -19 -20 -21 22 -23 29 -25 -26 26 -28 -29 -30 -31
leaf_value=-0.015339070540827976 0.023131725175399371 -0.0012816835693799378 -0.0074337254298941172 0.040614432864559694 0.00040981104967608984 0.0078999453712326924 -0.010982655510132467 0.0008478179522624752 -0.012217480131841136 0.0014013863804873074 0.010271734332641409 -0.0028017115055458176 0.0029871388116668564 -0.012823755083100874 -0.0075958341098780417 0.023752605449509957 -0.0077556889527703125 0.001503486634809581 -0.0025733215314027282 -0.014359847435670543 0.0061043149004646581 -0.013040190652726165 -0.001061145207438785 0.0087773121608097256 0.0065384670427740882 -0.005062497125806387 0.027402609787653239 0.014950601905540163 -0.011094666418380823 -0.011798691096863516
leaf_weight=783 548 2154 553 644 4023 726 733 173 578 546 5962 826 680 1749 2015 2109 362 1682 307 875 562 2101 2079 2452 5601 686 610 1727 848 1702
leaf_count=783 548 2154 553 644 4023 726 733 173 578 546 5962 826 680 1749 2015 2109 362 1682 307 875 562 2101 2079 2452 5601 686 610 1727 848 1702
internal_value=8.4059e-05 -0.00655593 -0.0162412 0.00813355 -0.00412961 -0.00817875 0.00623578 -0.034715 -0.0244341 -0.00193396 0.00468293 -0.00023614 -0.00269266 -0.00837793 -0.00769557 0.0196032 0.00214592 -0.0031677 0.0104678 -0.017507 -0.0092632 -0.0125121 -0.00620539 0.00459246 0.00430153 0.012279 0.00625 0.0156263 -0.00754986 -0.0080058
internal_weight=46396 25425 5082 20971 20343 3548 18007 1534 751 2120 14340 9730 6452 2429 10613 2964 8378 2415 855 1428 8459 4116 4343 3278 5963 3667 1296 2371 1394 3781
internal_count=46396 25425 5082 20971 20343 3548 18007 1534 751 2120 14340 9730 6452 2429 10613 2964 8378 2415 855 1428 8459 4116 4343 3278 5963 3667 1296 2371 1394 3781
cat_boundaries=0 2 6 7 9 11 16 18 20 24 26 31 33 34 36 38 40 42 46 48
cat_threshold=1136016958 110602 2103296 0 536870912 2151677952 33554432 67125248 128 1090657286 4104 2250262534 301989904 20981776 2102803 518 26484736 110592 406946048 3604 42860552 1342177296 1107297282 673186832 34611200 32768 8946182 335544340 16777235 538969088 7 65536 1552 67108864 1091573256 40970 1073873924 4096 4096 8 1056768 8194 0 1140850688 570425352 2147483776 138412417 2112
is_linear=0
shrinkage=0.05


Tree=18
num_leaves=31
num_cat=16
split_feature=0 0 1 0 5 5 0 0 8 4 0 1 2 2 5 0 5 1 9 2 5 0 9 2 5 5 4 4 0 4
split_gain=911.435 259.99 318.152 142.359 115.903 143.322 121.503 92.8802 71.1617 81.7546 69.7963 66.1137 57.9722 54.0442 53.0439 57.1426 47.9212 60.4536 44.2151 42.1321 41.8808 38.7097 36.6681 32.7608 31.2216 38.9709 30.8075 33.6583 42.3361 31.523
threshold=0 1 2 3 2.5000000000000004 5.5000000000000009 4 5 1.0000000180025095e-35 297.50000000000006 6 7 8 9 3.5000000000000004 10 4.5000000000000009 11 4.5000000000000009 12 1.5000000000000002 13 14.500000000000002 14 2.5000000000000004 4.5000000000000009 72.500000000000014 96.500000000000014 15 1.0000000180025095e-35
decision_type=9 9 9 9 2 2 9 9 2 2 9 9 9 9 2 9 2 9 2 9 2 9 2 9 2 2 2 2 9 2
left_child=3 2 8 16 7 6 19 12 -2 -10 11 -7 22 -5 21 -16 20 -18 -11 -6 -1 -8 -3 -4 -15 -26 29 28 -28 -9
right_child=1 4 23 13 5 10 14 26 9 18 -12 -13 -14 24 15 -17 17 -19 -20 -21 -22 -23 -24 -25 25 -27 27 -29 -30 -31
leaf_value=0.021163802702735671 -0.014580017347604885 -0.015245437821859532 -0.0070866233206753337 0.00655206307072207 0.0080896195517172753 -0.012548485057393734 0.016826280372455638 0.0335896600520047 0.0015850707094726526 0.0029974423916697304 -0.0014446382306150475 -0.0088009360693186208 -0.0078491530004970635 0.011932434667523618 0.0028158188016289502 0.0075047459434085528 -0.015225390325900801 0.011343912934251105 -0.011844084672359213 -0.0040615441873885997 0.023273500890983803 -0.0059525552648595666 -0.0093411634542904382 0.024770226656804707 0.017919610587384345 0.0065460526814430046 0.01476160012864799 -0.0023881066283929831 -0.00031503153129246457 -0.0095849818318174684
leaf_weight=891 771 1705 251 10194 455 521 851 88 141 39 1642 1549 2448 2084 3216 2131 104 578 539 2995 1391 1919 1304 387 1334 1063 213 2800 351 2441
leaf_count=891 771 1705 251 10194 455 521 851 88 141 39 1642 1549 2448 2084 3216 2131 104 578 539 2995 1391 1919 1304 387 1334 1063 213 2800 351 2441
internal_value=-4.09518e-05 -0.0055289 -0.0223106 0.00890419 -0.00417996 -0.00133844 0.00140486 -0.00800881 -0.0349333 -0.0238526 -0.00988685 -0.0159615 -0.0127035 0.00687436 0.00474345 0.0076585 0.0188971 0.00733138 -0.0321799 -0.00644509 0.0224365 -0.000866426 -0.0173733 0.00725309 0.0114562 0.0153734 -0.00363375 -0.000505351 0.0106383 -0.00780941
internal_weight=46396 28757 2128 17639 26629 15279 11567 11350 1490 719 3712 2070 5457 14675 8117 5347 2964 682 578 3450 2282 2770 3009 638 4481 2397 5893 3364 564 2529
internal_count=46396 28757 2128 17639 26629 15279 11567 11350 1490 719 3712 2070 5457 14675 8117 5347 2964 682 578 3450 2282 2770 3009 638 4481 2397 5893 3364 564 2529
cat_boundaries=0 2 3 5 7 9 11 13 15 19 24 26 28 32 34 37 38
cat_threshold=3154690497 132084 33554432 0 524288 67125248 128 16783398 8 1084361742 102410 16784408 112642 32832 524296 34824 0 570952709 134217857 159515136 1140981764 587727887 2705326272 513 1083646480 1024 131072 524288 8388614 268435456 536870931 536870912 9437712 3072 4 0 570426368 16777216
is_linear=0
shrinkage=0.05


Tree=19
num_leaves=31
num_cat=14
split_feature=0 2 0 0 0 4 8 4 5 5 0 5 5 1 5 1 4 4 5 5 0 0 3 5 5 0 0 4 0 0
split_gain=849.587 253.119 291.115 168.185 96.1585 77.0587 70.7096 70.773 60.2318 63.291 63.8565 56.9421 49.8108 57.9674 49.6651 47.8883 46.9408 46.2908 43.9625 40.8822 40.7971 39.6684 44.0508 39.4284 66.8222 45.5808 35.167 57.6365 34.3323 34.277
threshold=0 1 2 3 4 31.500000000000004 1.0000000180025095e-35 297.50000000000006 2.5000000000000004 4.5000000000000009 5 2.5000000000000004 4.5000000000000009 6 3.5000000000000004 7 72.500000000000014 1.0000000180025095e-35 5.5000000000000009 1.5000000000000002 8 9 2.5000000000000004 5.5000000000000009 3.5000000000000004 10 11 96.500000000000014 12 13
decision_type=9 9 9 9 9 2 2 2 2 2 9 2 2 9 2 9 2 2 2 2 9 9 2 2 2 9 9 2 9 9
left_child=1 2 6 12 14 23 -1 -8 28 15 -11 -6 19 -14 16 -10 -3 -13 -19 -2 -7 22 -16 24 25 -4 27 -18 -5 -17
right_child=3 4 5 8 11 20 7 -9 9 10 -12 17 13 -15 21 29 26 18 -20 -21 -22 -23 -24 -25 -26 -27 -28 -29 -30 -31
leaf_value=-0.01384706631331549 0.020105612567598886 -0.012092090337416685 -0.0084810603449008461 -0.0012286087342968323 -0.0044750205324256553 -0.0073297031872717883 0.00072617351917571575 -0.011014401891631121 0.019946066304352628 0.010337925078190858 -0.0011778042009242596 0.035980777602923793 -0.014464120809605763 0.010776717287538547 0.0057462205497497039 0.0082298462662219636 0.004731536441379647 0.00385872025436651 -0.0040624015442290995 0.022109825846434606 0.0031107816546622927 -0.0038584669780191705 -0.019874809964401254 -0.011948819858542337 0.0013086374158124054 -0.020008291476971658 -0.011035639103962143 -0.0088492490470143577 0.010771557712922819 0.014173713303446812
leaf_weight=784 891 1999 242 3853 4887 1150 175 578 384 1891 2512 244 104 578 1204 2911 303 4848 1417 1391 1060 2437 197 371 418 406 1837 868 4245 2211
leaf_count=784 891 1999 242 3853 4887 1150 175 578 384 1891 2512 244 104 578 1204 2911 303 4848 1417 1391 1060 2437 197 371 418 406 1837 868 4245 2211
internal_value=-8.19036e-05 -0.00622567 -0.0160762 0.00736619 -0.00369611 -0.0083265 -0.0342922 -0.0235724 0.00554199 0.00815925 0.00369067 -0.000657549 0.0183927 0.00659824 -0.00760587 0.0117327 -0.0108947 0.00240436 0.00157223 0.0219982 -0.00248869 -0.00333507 0.00336641 -0.0173626 -0.0124765 -0.0225309 -0.00694814 -0.000127011 0.00234626 0.0103858
internal_weight=46396 25425 5184 20971 20241 3647 1537 753 18007 9909 4403 11396 2964 682 8845 5506 5007 6509 6265 2282 2210 3838 1401 1437 1066 648 3008 1171 8098 5122
internal_count=46396 25425 5184 20971 20241 3647 1537 753 18007 9909 4403 11396 2964 682 8845 5506 5007 6509 6265 2282 2210 3838 1401 1437 1066 648 3008 1171 8098 5122
cat_boundaries=0 2 6 7 9 11 13 15 16 18 20 22 23 25 27
cat_threshold=1136016958 110602 2512896 64 536870912 2151677968 33554432 67125248 128 16915462 4104 2956984448 848 131072 524288 132 1073878574 2 136192 4104 1091704348 4096 16781312 138510336 133652 406913345 1072
is_linear=0
shrinkage=0.05


Tree=20
num_leaves=31
num_cat=15
split_feature=0 2 0 0 0 8 4 4 5 5 4 2 0 5 5 2 0 5 5 7 0 5 5 7 0 2 2 0 0 8
split_gain=778.052 259.042 294.397 135.221 99.5832 70.0864 69.1772 68.9071 57.8 53.1127 52.1323 51.2027 47.3476 46.0202 44.8492 56.4982 43.2047 38.9038 83.6458 37.478 37.0083 34.6308 34.4885 34.2717 41.9838 34.2638 32.0277 34.3744 30.5981 33.0253
threshold=0 1 2 3 4 1.0000000180025095e-35 297.50000000000006 31.500000000000004 3.5000000000000004 2.5000000000000004 72.500000000000014 5 6 5.5000000000000009 4.5000000000000009 7 8 5.5000000000000009 4.5000000000000009 11.500000000000002 9 1.5000000000000002 2.5000000000000004 6.5000000000000009 10 11 12 13 14 1.0000000180025095e-35
decision_type=9 9 9 9 9 2 2 2 2 2 2 9 9 2 2 9 9 2 2 2 9 2 2 2 9 9 9 9 9 2
left_child=3 2 5 14 8 -2 -7 12 10 -6 -3 19 -4 26 21 -16 -9 18 -14 22 -21 -1 -5 24 -12 -10 -11 -28 -24 -30
right_child=1 4 7 11 9 6 -8 16 25 13 23 -13 17 -15 15 -17 -18 -19 -20 20 -22 -23 28 -25 -26 -27 27 -29 29 -31
leaf_value=0.01910033193921894 -0.01308051673379217 -0.011419533955840073 0.00029468390329626674 -0.00052387831988679465 -0.0031416932403198097 0.00068986484321693084 -0.010463681797049562 0.0070927436533451465 0.0051031593029651602 0.0019556623337055657 0.0027479923134535291 0.011304363002962316 -0.015307747266023587 -0.0034560038380957447 -0.013740914769125478 0.010237881423161616 -0.0066250403587961582 -0.011535508363308966 0.0041936729778791204 0.0064242042247616765 0.040301603995932682 0.02100433455411288 0.0095974632980616818 -0.0094544464057126892 -0.010801926600347251 -0.0026495864923269832 0.0040549340919548765 0.017551989764136966 -0.0029527085976162604 0.006869060764946539
leaf_weight=891 789 2305 324 4422 4851 177 578 785 868 3043 995 5460 671 1351 104 578 1607 320 203 455 389 1391 2341 2078 589 3702 956 938 1321 1914
leaf_count=891 789 2305 324 4422 4851 177 578 785 868 3043 995 5460 671 1351 104 578 1607 320 203 455 389 1391 2341 2078 589 3702 956 938 1321 1914
internal_value=-0.00014872 -0.00560427 -0.0153367 0.00753268 -0.0031495 -0.0337838 -0.0231126 -0.00798469 -0.00663222 0.000147995 -0.00987934 0.00573811 -0.0163373 0.00318066 0.0173504 0.00615836 -0.00271739 -0.0208472 -0.0155606 0.00374125 0.0138626 0.0207713 0.00289058 -0.00617149 -0.000631313 -0.002407 0.00541827 0.0105042 0.00550574 0.00232666
internal_weight=46396 27130 5454 19266 21676 1544 755 3910 10537 11139 5967 16302 1518 6288 2964 682 2392 1194 874 10842 844 2282 9998 3662 1584 4570 4937 1894 5576 3235
internal_count=46396 27130 5454 19266 21676 1544 755 3910 10537 11139 5967 16302 1518 6288 2964 682 2392 1194 874 10842 844 2282 9998 3662 1584 4570 4937 1894 5576 3235
cat_boundaries=0 2 6 7 9 11 16 18 22 24 26 28 33 37 39 41
cat_threshold=3154756033 134132 2496512 0 536870912 2285895680 33554432 67125248 128 1090657286 4104 2307031552 1140981764 570950683 2705326272 513 1091573256 9224 0 0 4 4194304 26484736 110592 134316353 131172 1090519044 8 42467332 268435456 22 1024 4 2290647048 268435456 1107821640 538969088 13639712 74752 2952790144 131904
is_linear=0
shrinkage=0.05


Tree=21
num_leaves=31
num_cat=2
split_feature=2 7 2 5 4 5 4 4 4 7 9 7 5 7 7 7 9 7 7 4 4 7 4 4 4 3 7 4 5 5
split_gain=333.865 188.076 137.632 97.8456 94.3433 86.1319 82.8482 91.9342 56.7666 51.7703 49.1933 48.5056 44.3349 34.0452 48.2854 31.7743 53.5485 35.6639 39.288 29.7814 28.9757 32.3591 28.3972 27.0972 26.0887 25.5971 25.2462 40.1185 23.4357 40.8924
threshold=0 10.500000000000002 1 2.5000000000000004 194.50000000000003 5.5000000000000009 300.50000000000006 19.500000000000004 388.50000000000006 9.5000000000000018 10.500000000000002 2.5000000000000004 4.5000000000000009 7.5000000000000009 3.5000000000000004 7.5000000000000009 8.5000000000000018 6.5000000000000009 3.5000000000000004 98.500000000000014 6.5000000000000009 8.5000000000000018 13.500000000000002 560.50000000000011 72.500000000000014 2.5000000000000004 11.500000000000002 4.5000000000000009 5.5000000000000009 2.5000000000000004
decision_type=9 2 9 2 2 2 2 2 2 2 2 2 2 2 2 2 2 2 2 2 2 2 2 2 2 2 2 2 2 2
left_child=1 4 9 10 22 13 7 26 -8 11 -4 -2 -6 14 -5 17 -17 18 -14 25 21 -13 -1 -20 -12 -15 -3 -28 29 -11
right_child=2 6 3 5 12 -7 8 -9 -10 28 24 20 15 19 -16 16 -18 -19 23 -21 -22 -23 -24 -25 -26 -27 27 -29 -30 -31
leaf_value=-0.010283618020049191 0.00039336092054674814 -0.014385246740610785 -0.0074500747358844273 0.0019460500139941717 -0.007339161579115511 -0.0028877838477172069 -0.011186340799592949 -0.0050297491637342458 0.011368283355684789 -0.0053324113469209074 -0.0038055542163907331 0.032065427859199115 -0.010378750935440646 0.00014159270598380625 0.0091479050350012914 0.0040262025505887981 -0.0079504363248315002 -0.011008692149006311 0.013162569375509492 0.0055797964849514164 0.013207215479412155 0.065289900947457971 0.00087817241093678393 -0.004460882725623636 0.0014606287573398881 -0.017216376239003291 -0.014373272300041469 -0.002761471552073297 -0.0065188187526812437 0.011236042556164744
leaf_weight=543 418 342 4752 3434 1071 4201 562 842 62 593 4200 641 260 3259 4827 52 296 279 92 3372 840 270 3479 68 6365 194 107 244 197 534
leaf_count=543 418 342 4752 3434 1071 4201 562 842 62 593 4200 641 260 3259 4827 52 296 279 92 3372 840 270 3479 68 6365 194 107 244 197 534
internal_value=-0.000191827 -0.00927308 0.00178839 0.000832033 -0.00482085 0.00320164 -0.0219778 -0.0157329 -0.0373397 0.0112332 -0.0021512 0.0160212 -0.0133617 0.00496487 0.00712383 -0.0206781 -0.00833333 -0.026824 -0.017619 0.00235165 0.0196745 0.0258507 -0.000323222 0.001875 -0.000250828 -0.00091225 -0.0292208 -0.0198006 0.00347432 0.00625555
internal_weight=46396 8299 38097 34604 6140 19287 2159 1535 624 3493 15317 2169 2118 15086 8261 1047 348 699 420 6825 1751 911 4022 160 10565 3453 693 351 1324 1127
internal_count=46396 8299 38097 34604 6140 19287 2159 1535 624 3493 15317 2169 2118 15086 8261 1047 348 699 420 6825 1751 911 4022 160 10565 3453 693 351 1324 1127
cat_boundaries=0 5 10
cat_threshold=134223888 2048 536870912 2151678080 1024 67125380 2181038100 29433888 2626051 22
is_linear=0
shrinkage=0.05


Tree=22
num_leaves=31
num_cat=3
split_feature=2 7 2 4 4 4 7 4 4 8 7 6 2 4 7 9 7 7 4 7 9 4 4 7 4 9 7 4 4 4
split_gain=313.279 191.657 127.355 90.2454 84.05 91.0315 59.3832 58.9263 57.0875 45.3398 55.4417 42.3225 38.3862 32.7099 30.5435 52.8929 36.7973 34.6932 29.7169 28.3624 27.8675 26.5396 26.0295 24.4786 40.1185 24.1592 21.5707 27.8671 21.2343 54.5182
threshold=0 10.500000000000002 1 194.50000000000003 300.50000000000006 19.500000000000004 9.5000000000000018 45.500000000000007 388.50000000000006 1.0000000180025095e-35 7.5000000000000009 1.0000000180025095e-35 2 286.50000000000006 7.5000000000000009 8.5000000000000018 6.5000000000000009 3.5000000000000004 1.0000000180025095e-35 8.5000000000000018 17.500000000000004 560.50000000000011 36.500000000000007 11.500000000000002 4.5000000000000009 10.500000000000002 1.5000000000000002 280.50000000000006 401.50000000000006 355.50000000000006
decision_type=9 2 9 2 2 2 2 2 2 2 2 2 9 2 2 2 2 2 2 2 2 2 2 2 2 2 2 2 2 2
left_child=1 3 6 22 5 23 19 18 -6 13 12 26 -11 -9 16 -16 17 -13 -4 -2 -12 -19 -1 -3 -25 -20 27 -5 29 -14
right_child=2 4 7 11 8 -7 -8 9 -10 10 20 14 28 -15 15 -17 -18 21 25 -21 -22 -23 -24 24 -26 -27 -28 -29 -30 -31
leaf_value=-0.0040376457974698968 0.023717706123307182 -0.013665984403580245 0.018484815583474236 -0.014056523853772247 -0.010637538018951682 -0.0049978849916798018 0.0031577185253139463 -0.0014140010508119805 0.010799869187900553 0.015968895415059171 -0.00098904938568030744 -0.0098598133886686149 0.0047756081048127902 0.0042627660629280693 0.0038248924230593565 -0.0075529145085899254 -0.010358735666174524 0.012481779220790412 -0.0073053705486386513 0.060429264791021287 0.006020247299521015 -0.0042378385893424549 0.00279475258623223 -0.013654608685039394 -0.0026233979744696326 -0.0011256628685805071 -0.0037464873523635925 0.0092545179076959968 0.01481440858760651 -0.0026562255622019082
leaf_weight=1809 1043 342 175 96 560 839 1075 9072 62 1167 5065 260 4527 3186 52 296 278 91 2778 307 1814 68 2209 107 244 6978 937 30 597 332
leaf_count=1809 1043 342 175 96 560 839 1075 9072 62 1167 5065 260 4527 3186 52 296 278 91 2778 307 1814 68 2209 107 244 6978 937 30 597 332
internal_value=-0.000310372 -0.00911942 0.0016052 -0.00461965 -0.0219591 -0.0156658 0.0126694 0.000850116 -0.0374598 0.0021118 0.0041105 -0.0129981 0.00737581 -8.97373e-05 -0.0201435 -0.00804598 -0.0261836 -0.0168258 -0.00242171 0.0197037 0.00096671 0.00157233 -0.000223992 -0.0290765 -0.0198006 -0.00278803 -0.00597366 -0.0253968 0.00557995 0.00449681
internal_weight=46396 8280 38116 6126 2154 1532 2425 35691 622 25760 13502 2108 6623 12258 1045 348 697 419 9931 1350 6879 159 4018 693 351 9756 1063 126 5456 4859
internal_count=46396 8280 38116 6126 2154 1532 2425 35691 622 25760 13502 2108 6623 12258 1045 348 697 419 9931 1350 6879 159 4018 693 351 9756 1063 126 5456 4859
cat_boundaries=0 5 10 15
cat_threshold=134223888 0 536870912 2151678080 1024 67125380 2147483668 12591136 2626051 20 8945664 131072 82 16 515
is_linear=0
shrinkage=0.05


Tree=23
num_leaves=31
num_cat=15
split_feature=0 2 0 0 0 8 4 4 7 0 7 2 0 0 2 5 9 7 9 2 7 0 0 7 0 5 5 7 4 2
split_gain=719.298 233.127 273.118 140.095 94.7981 77.2215 70.6918 61.6731 57.7225 56.0396 54.1409 51.9679 51.4006 47.7748 47.3348 47.0173 46.623 45.8707 44.8512 41.8032 41.1824 38.8726 35.6603 30.1098 45.4434 29.0914 30.6042 28.8827 27.379 26.7497
threshold=0 1 2 3 4 1.0000000180025095e-35 31.500000000000004 297.50000000000006 9.5000000000000018 5 3.5000000000000004 6 7 8 9 1.0000000180025095e-35 17.500000000000004 3.5000000000000004 9.5000000000000018 10 7.5000000000000009 11 12 10.500000000000002 13 5.5000000000000009 3.5000000000000004 11.500000000000002 93.500000000000014 14
decision_type=9 9 9 9 9 2 2 2 2 9 2 9 9 9 9 2 2 2 2 9 2 9 9 2 9 2 2 2 2 9
left_child=1 2 5 13 15 -1 21 -7 11 -10 12 -6 -5 -2 27 -3 29 -13 20 -17 -9 25 -8 -21 -25 26 -4 -15 -26 -12
right_child=3 4 6 10 8 7 22 18 9 -11 16 17 -14 14 -16 19 -18 -19 -20 23 -22 -23 -24 24 28 -27 -28 -29 -30 -31
leaf_value=-0.011526345657585242 0.021677915528345637 -0.011148778894798385 -0.015970084349774528 -0.0072505007519894143 -0.00066260886686904114 0.00064104623836689636 -0.0077902213339580695 -0.016483903863867451 -0.013426820287531767 6.6120132695918215e-05 -0.00054851432857336844 -0.0010315552639734383 0.0022909050163187452 0.0066575202924999636 0.022177562011909013 8.3316976132363782e-05 0.013156223461698414 0.015896760636673491 -0.0095628117603300932 -0.0039389317823139485 0.0046822700743336778 -0.0063784876309440301 0.0012379153211424744 -0.033088675078185081 -0.012001700520779542 -0.0097486526673071349 -0.0029867387646607237 0.029249126486633914 -0.0006837416816757758 0.006015312384857985
leaf_weight=783 1821 1326 375 964 4648 174 693 92 1119 1510 2903 747 2026 3391 1576 2322 2963 1355 433 5751 53 550 1388 236 524 271 205 259 453 5485
leaf_count=783 1821 1326 375 964 4648 174 693 92 1119 1510 2903 747 2026 3391 1576 2322 2963 1355 433 5751 53 550 1388 236 524 271 205 259 453 5485
internal_value=-0.000379343 -0.00613558 -0.0157649 0.00635106 -0.00371231 -0.033301 -0.00796105 -0.0220745 -4.79284e-05 -0.00633321 0.00350847 0.0024 -0.00247492 0.0121227 0.00964477 -0.00694784 0.00508766 0.00890152 -0.0299308 -0.00569675 -0.00586207 -0.0166667 -0.0021384 -0.00762833 -0.014798 -0.0232869 -0.0172414 0.00647541 -0.00967579 0.00318312
internal_weight=46396 25008 5017 21388 19991 1535 3482 752 9379 2629 14341 6750 2990 7047 5226 10612 11351 2102 578 9286 145 1401 2081 6964 1213 851 580 3650 977 8388
internal_count=46396 25008 5017 21388 19991 1535 3482 752 9379 2629 14341 6750 2990 7047 5226 10612 11351 2102 578 9286 145 1401 2081 6964 1213 851 580 3650 977 8388
cat_boundaries=0 2 6 7 9 11 13 17 19 20 25 30 32 34 36 40
cat_threshold=1134968382 110602 6144 0 536870912 2151677968 33554432 2752004224 384 1090657286 4104 10748416 73730 58851328 268566544 1107297293 671089664 1146880 1552 67108864 92831744 268566528 527381 541066240 4 42500100 67108868 16777235 538973248 7 8792116 69632 135692 2 0 8 151519240 1140850688 570425355 2822766784
is_linear=0
shrinkage=0.05


Tree=24
num_leaves=31
num_cat=14
split_feature=0 0 1 0 7 0 0 8 4 5 1 5 9 7 0 5 5 5 9 5 5 0 7 0 1 1 0 4 5 0
split_gain=655.535 230.785 287.054 127.171 126.421 152.974 105.408 82.7019 68.3026 59.8348 59.0265 56.3731 53.6843 49.0459 49.1612 44.7493 52.065 43.5676 42.2669 40.472 41.0475 39.8041 39.3862 38.7065 37.4034 36.8759 31.8416 32.366 36.0007 28.5019
threshold=0 1 2 3 9.5000000000000018 4 5 1.0000000180025095e-35 297.50000000000006 1.0000000180025095e-35 6 5.5000000000000009 7.5000000000000009 3.5000000000000004 7 2.5000000000000004 4.5000000000000009 4.5000000000000009 15.500000000000002 2.5000000000000004 5.5000000000000009 8 7.5000000000000009 9 10 11 12 76.500000000000014 3.5000000000000004 13
decision_type=9 9 9 9 2 9 9 2 2 2 9 2 2 2 9 2 2 2 2 2 2 9 2 9 9 9 9 2 2 9
left_child=1 2 7 21 6 10 19 -1 -9 -8 11 17 22 14 -5 -15 18 -6 -17 -3 -21 -2 -10 -18 -7 -23 27 -26 -29 -20
right_child=3 4 -4 13 5 24 9 8 12 -11 -12 -13 -14 15 -16 16 23 -19 29 20 -22 25 -24 -25 26 -27 -28 28 -30 -31
leaf_value=-0.010964557261425046 0.020594019751928361 -0.0014971967054620784 0.0086056910441177862 -0.0068879757143899441 -0.011149047408489772 0.0011947924641843883 -0.010923812221038024 0.0012193166941025903 -0.0080724622607135504 -0.002584467273809943 0.00020719730876520294 -0.01306894427576677 -0.009028923971512599 0.0019986122846348819 0.002176359765502811 0.008443843539065422 0.0069357982224279024 0.0056360698527239302 0.006485544368578006 0.0068690975907511834 -0.0017782463576297648 0.0081146560465553807 0.0054374178401863926 -0.0030999122045400566 -0.014932331988051896 0.021190790637853941 -0.013628680382160436 -0.01142266478015338 0.0012118824566086596 0.017756381334046684
leaf_weight=771 1821 2845 638 964 317 260 1172 141 82 8438 2802 149 460 5117 2026 2174 1524 93 322 2835 887 3863 36 1206 845 1363 1574 375 288 1008
leaf_count=771 1821 2845 638 964 317 260 1172 141 82 8438 2802 149 460 5117 2026 2174 1524 93 322 2835 887 3863 36 1206 845 1363 1574 375 288 1008
internal_value=-0.000396586 -0.00589176 -0.021609 0.0060286 -0.00442114 -0.0101969 -0.00203066 -0.0336 -0.0216273 -0.00536383 -0.00262533 -0.0173111 -0.0292388 0.00332033 -0.00237458 0.00482336 0.00766763 -0.00804878 0.0117009 0.00285084 0.00628694 0.0115276 0.000847458 0.00249084 -0.0177506 0.0092628 -0.0193079 -0.013834 -0.00565611 0.0187218
internal_weight=46396 25008 2128 21388 22880 6703 16177 1490 719 9610 3361 559 578 14341 2990 11351 6234 410 3504 6567 3722 7047 118 2730 3342 5226 3082 1508 663 1330
internal_count=46396 25008 2128 21388 22880 6703 16177 1490 719 9610 3361 559 578 14341 2990 11351 6234 410 3504 6567 3722 7047 118 2730 3342 5226 3082 1508 663 1330
cat_boundaries=0 2 3 5 7 9 11 13 15 16 18 20 22 24 26
cat_threshold=1134968382 110602 33554432 0 524288 2752004224 384 1073755186 32770 10879504 106506 2105408 142606348 1146880 1552 67108864 273743937 560 1074143232 134218802 1225433346 302515204 8391172 4096 4194304 133216
is_linear=0
shrinkage=0.05


Tree=25
num_leaves=31
num_cat=18
split_feature=0 2 0 0 8 0 9 7 7 0 0 0 7 0 5 9 9 2 7 0 2 0 0 7 0 0 1 7 7 0
split_gain=603.584 228.706 264.255 107.914 92.8272 82.3473 64.7179 63.9773 61.8224 60.4758 50.3338 45.5957 45.4782 46.7691 44.263 43.8594 42.6375 41.1541 36.906 35.3948 41.38 34.3597 34.3444 30.244 48.2673 31.4739 28.2521 27.6341 26.1383 74.5404
threshold=0 1 2 3 1.0000000180025095e-35 4 12.500000000000002 10.500000000000002 9.5000000000000018 5 6 7 3.5000000000000004 8 3.5000000000000004 11.500000000000002 17.500000000000004 9 5.5000000000000009 10 11 12 13 10.500000000000002 14 15 16 11.500000000000002 7.5000000000000009 17
decision_type=9 9 9 9 2 9 2 2 2 9 9 9 2 9 2 2 2 9 2 9 9 9 9 2 9 9 9 2 2 9
left_child=1 2 4 19 -1 14 -6 10 17 -9 -4 -10 13 -5 15 22 28 -7 -8 -2 27 -16 -3 25 -25 -23 -13 -21 -14 -30
right_child=3 5 7 12 6 8 18 9 11 -11 -12 26 16 -15 21 -17 -18 -19 -20 20 -22 23 -24 24 -26 -27 -28 -29 29 -31
leaf_value=-0.010416329398353791 0.019564318764331946 -0.0076017765485493832 0.0032400910739048606 -0.0065435769286704415 0.00026062956543473903 0.0003965248298822444 0.0075260603320602476 -0.0024375686131520025 -0.015364408977822314 -0.0099996610150128399 -0.0080516440554100292 0.010418785094082185 0.008466791411769415 0.0027382450864675391 -0.003596682326088241 -0.0055010645044461237 0.012899870852356693 0.011006990770327053 -0.008147335405572503 0.0056864390653865119 0.020089362442307968 0.016802835058467837 -0.016090667366885504 -0.03135207340501666 -0.00097921129798153052 0.00096545884852138335 -0.0051125291642012075 0.028585299087942658 0.010172341366105776 -0.0039759093262839327
leaf_weight=785 1821 1397 932 964 205 5738 31 434 399 677 1756 327 3193 1759 1801 3591 2760 1693 516 3244 1742 212 960 109 505 1941 2137 240 1277 3250
leaf_count=785 1821 1397 932 964 205 5738 31 434 399 677 1756 327 3193 1759 1801 3591 2760 1693 516 3244 1742 212 960 109 505 1941 2137 240 1277 3250
internal_value=-0.000456936 -0.00547484 -0.0147026 0.00602172 -0.032159 -0.00310279 -0.0198138 -0.00757417 7.76398e-05 -0.0176868 -0.00342262 -0.00616486 0.00334897 -0.00240544 -0.00621319 -0.00906187 0.00484733 0.00248284 -0.0287934 0.0110174 0.00888083 -0.00251751 -0.0143615 0.000990277 -0.00879479 0.00378542 -0.00355699 0.00569548 0.00294041 0.000497018
internal_weight=46396 26146 5336 20250 1537 20810 752 3799 10294 1111 2688 2863 13203 2723 10516 5948 10480 7431 547 7047 5226 4568 2357 2767 614 2153 2464 3484 7720 4527
internal_count=46396 26146 5336 20250 1537 20810 752 3799 10294 1111 2688 2863 13203 2723 10516 5948 10480 7431 547 7047 5226 4568 2357 2767 614 2153 2464 3484 7720 4527
cat_boundaries=0 2 6 7 9 11 13 15 17 19 23 24 29 30 31 33 35 37 39
cat_threshold=1139162686 110602 2512896 64 536870920 2151677952 33554432 2752004224 384 1090657286 4104 1077949988 32770 25297920 110600 2097664 73728 1146880 1552 58720264 1342308368 1107297349 671089664 67108864 25722880 268566528 3092 541066240 4 16779266 1090525188 0 8 0 8 131200 1202 1048576 132656
is_linear=0
shrinkage=0.05


Tree=26
num_leaves=31
num_cat=11
split_feature=0 0 8 7 0 0 0 4 9 5 3 7 0 0 5 5 0 9 4 9 0 4 5 9 5 5 0 7 7 0
split_gain=558.328 220.297 126.498 120.295 143.468 101.442 89.5075 76.2745 71.8724 68.1121 56.0375 49.1595 64.9473 36.7825 35.7312 46.076 42.3876 40.9804 29.6302 27.6989 26.3084 28.1884 31.5837 26.1827 35.1858 31.4782 60.8081 34.403 26.4947 26.3367
threshold=0 1 1.0000000180025095e-35 9.5000000000000018 2 3 4 297.50000000000006 12.500000000000002 1.0000000180025095e-35 2.5000000000000004 4.5000000000000009 5 6 2.5000000000000004 4.5000000000000009 7 15.500000000000002 3.5000000000000004 21.500000000000004 8 28.500000000000004 2.5000000000000004 9.5000000000000018 5.5000000000000009 3.5000000000000004 9 7.5000000000000009 4.5000000000000009 10
decision_type=9 9 2 2 9 9 9 2 2 2 2 2 9 9 2 2 9 2 2 2 9 2 2 2 2 2 9 2 2 9
left_child=1 2 10 6 19 13 18 -4 -9 -8 -1 12 -7 -2 -13 17 -17 -16 -3 -5 -6 -22 -23 -11 25 28 -27 -28 -25 -30
right_child=5 3 7 4 20 11 9 8 -10 23 -12 14 -14 -15 15 16 -18 -19 -20 -21 21 22 -24 24 -26 26 27 -29 29 -31
leaf_value=-0.0095232648952022943 0.018586102826115346 0.056135242310049051 0.0055714620845917608 -0.0030906334182059961 -0.01272472349951353 -0.0087372948966143778 -0.010080426554283213 0.00031386653122428276 -0.0080887929240124039 -0.0079124945547860929 0.003518248868886964 0.0018335129135269913 0.0030941441540340733 0.010281128405942197 0.0072751297090143056 0.0084142175658036174 -0.003315781043459887 0.015325552329325965 0.0024720170205186302 0.0064062048377948712 -0.015407184294138032 -0.010496355616941629 -0.0028169996813116774 -0.0066694449266678007 -0.0083770212386130426 0.0093114913547647678 0.0012776010237500802 -0.01361128444101662 0.0028038374879784111 -0.0056181762877498933
leaf_weight=945 1821 168 439 3100 1361 1269 1379 189 470 2199 85 4516 2528 5824 1929 1145 1185 1171 4858 261 573 597 811 1572 1328 481 1591 437 1033 1131
leaf_count=945 1821 168 439 3100 1361 1269 1379 189 470 2199 85 4516 2528 5824 1929 1145 1185 1171 4858 261 573 597 811 1572 1328 481 1591 437 1033 1131
internal_value=-0.000480645 -0.005552 -0.0209074 -0.00411533 -0.00974937 0.00544911 -0.0017834 -0.00919854 -0.0199545 -0.00427829 -0.0335922 0.00287574 -0.00196208 0.0100653 0.00472552 0.00745856 0.00214592 0.0114516 0.00375298 -0.00241768 -0.0170644 -0.0131843 -0.00944602 -0.00281416 -0.00141952 0.000152122 0.00448386 0.00063788 -0.00275696 0.000831793
internal_weight=46396 25008 2128 22880 6703 21388 16177 1098 659 11151 1030 13743 3797 7645 9946 5430 2330 3100 5026 3361 3342 1981 1408 9772 7573 6245 2509 2028 3736 2164
internal_count=46396 25008 2128 22880 6703 21388 16177 1098 659 11151 1030 13743 3797 7645 9946 5430 2330 3100 5026 3361 3342 1981 1408 9772 7573 6245 2509 2028 3736 2164
cat_boundaries=0 2 3 5 7 9 11 12 14 16 18 20
cat_threshold=1134968382 110602 33554432 1073755186 32770 2752004224 448 10748432 73736 1114112 1584 67108864 273743936 528 16908288 73736 131080 4098 1090529280 32768
is_linear=0
shrinkage=0.05


Tree=27
num_leaves=31
num_cat=17
split_feature=0 0 2 8 5 5 0 0 0 9 0 4 2 5 2 0 1 2 9 2 9 9 5 5 0 0 1 5 0 8
split_gain=507.847 239.01 276.075 97.7623 83.8718 97.1618 78.9408 78.5881 72.6172 68.4717 61.5367 53.5757 50.9402 46.6911 43.2849 72.289 38.9957 37.5397 36.2173 34.5018 32.6088 32.154 30.0153 39.9601 30.0194 29.6731 28.8625 28.2903 33.2826 26.4092
threshold=0 1 2 1.0000000180025095e-35 2.5000000000000004 5.5000000000000009 3 4 5 12.500000000000002 6 297.50000000000006 7 3.5000000000000004 8 9 10 11 14.500000000000002 12 7.5000000000000009 19.500000000000004 2.5000000000000004 4.5000000000000009 13 14 15 4.5000000000000009 16 1.0000000180025095e-35
decision_type=9 9 9 2 2 2 9 9 9 2 9 2 9 2 9 9 9 9 2 9 2 2 2 2 9 9 9 2 9 2
left_child=7 2 3 -2 8 6 20 -1 12 -5 16 21 18 17 15 -9 -7 -8 -3 -15 -6 -11 -16 26 -25 -21 -24 -17 -29 -10
right_child=1 4 -4 9 5 10 13 14 29 11 -12 -13 -14 19 22 27 -18 -19 -20 25 -22 -23 23 24 -26 -27 -28 28 -30 -31
leaf_value=0.015789902635885717 -0.0094655285607936519 -0.01167351743439733 0.014488388572746447 0.00027777618206154545 -0.019173666760833367 -0.0094184970535926213 -0.0077194189038970688 0.023248638421021428 -0.005387746637065466 -0.0007724984451154826 -0.0010972785368095373 -0.0080162467922513751 -0.0046383638878071043 0.0082743214094154645 0.0050924264811142324 -0.0015094180949179192 -0.0074098784752895802 0.014181104015033209 -0.0069031022624316324 -0.0017076519685392368 -0.001131648691857673 0.0016212494210382346 0.0082084583609427827 0.00917952086966301 -0.00065041100445413231 0.0058919713034219952 0.014894865844270695 -0.015256701919439265 -0.002351625959629833 0.0002937456704379005
leaf_weight=2170 800 1825 527 228 504 482 1415 569 2757 82 1808 418 2206 1602 6092 1024 1422 680 1338 1137 4924 73 2765 1568 1549 1305 1336 146 420 3224
leaf_count=2170 800 1825 527 228 504 482 1415 569 2757 82 1808 418 2206 1602 6092 1024 1422 680 1338 1137 4924 73 2765 1568 1549 1305 1336 146 420 3224
internal_value=-0.000441848 -0.00453819 -0.0206268 -0.0309435 -0.00324524 -0.000827934 0.00143079 0.00623548 -0.0065022 -0.018789 -0.00786638 -0.0280105 -0.0107176 0.00530981 0.00497771 -0.00159059 -0.0141066 -0.000739857 -0.0147967 0.00845697 -0.00296065 -0.00290323 0.00604354 0.00822943 0.00396214 0.00464927 0.0114728 -0.0070625 -0.0160777 -0.00269571
internal_weight=46396 28757 2128 1601 26629 15279 11567 17639 11350 801 3712 573 5369 6139 15469 2159 1904 2095 3163 4044 5428 155 13310 7218 3117 2442 4101 1590 566 5981
internal_count=46396 28757 2128 1601 26629 15279 11567 17639 11350 801 3712 573 5369 6139 15469 2159 1904 2095 3163 4044 5428 155 13310 7218 3117 2442 4101 1590 566 5981
cat_boundaries=0 2 3 7 9 10 12 14 18 22 24 26 30 35 37 39 41 43
cat_threshold=3154690497 132084 33554432 4 0 570425346 4194304 1090926630 1032 67125248 1085410318 36874 16779288 112642 8423424 268435456 570952772 134217856 131584 1073872896 536870912 2688548992 2684354944 272 65600 524296 8914944 1342177280 570426368 138413184 41945092 1073741824 33554517 138412160 6 2953314368 368 9503248 8192 1091084610 142737538 524288 128
is_linear=0
shrinkage=0.05


Tree=28
num_leaves=31
num_cat=17
split_feature=0 0 2 7 0 8 0 0 9 5 2 2 2 7 5 0 0 2 5 7 2 7 2 9 5 7 0 2 7 0
split_gain=479.93 229.511 266.972 123.039 132.069 97.761 85.6661 80.2869 67.736 65.3385 50.0801 47.7769 43.6203 40.5076 39.6721 38.1111 37.7579 37.4438 35.9817 32.628 30.1696 29.9316 29.4752 33.3251 31.3653 29.4162 50.1093 35.8761 28.8082 44.8391
threshold=0 1 2 9.5000000000000018 3 1.0000000180025095e-35 4 5 12.500000000000002 1.0000000180025095e-35 6 7 8 5.5000000000000009 5.5000000000000009 9 10 11 3.5000000000000004 11.500000000000002 12 6.5000000000000009 13 14.500000000000002 5.5000000000000009 9.5000000000000018 14 15 8.5000000000000018 16
decision_type=9 9 9 2 9 2 9 9 2 2 9 9 9 2 2 9 9 9 2 2 9 2 9 2 2 2 9 9 2 9
left_child=1 2 5 7 10 -1 21 12 -7 -9 14 15 -3 -10 18 -8 28 -6 -5 20 -18 -2 -11 -24 -25 27 -27 -22 -13 -30
right_child=6 3 -4 4 17 8 11 9 13 22 -12 16 -14 -15 -16 -17 19 -19 -20 -21 25 -23 23 24 -26 26 -28 -29 29 -31
leaf_value=-0.0089922521327539702 0.0092721212930484583 0.00078774378998198178 0.013763969144109123 -0.010981213413031255 -0.0021599141357240394 0.00026388737295846568 -0.0068250593930464848 -0.009294569655779716 0.0075828147999496779 0.0019630458600820855 0.0001280008904485569 0.021372982852334695 0.012241746606510041 -0.0070263380988266266 -0.011290057487637856 0.0028388837189540551 0.0019873653483952316 -0.012207423517916162 0.0049101192630616854 0.014495840341414358 0.033956751834997335 0.018356713011999325 -0.0066093539257809147 0.00039648917681010533 -0.0097460423966213693 -0.007958939737944792 0.017394923680841057 0.0085372957650658009 -0.015875748715871975 0.011891760936554181
leaf_weight=800 1606 4384 527 301 613 228 1292 1379 35 2184 3014 1218 1486 538 153 2541 7611 2729 187 848 567 1858 4045 3000 543 533 301 1225 156 494
leaf_count=800 1606 4384 527 301 613 228 1292 1379 35 2184 3014 1218 1486 538 153 2541 7611 2729 187 848 567 1858 4045 3000 543 533 301 1225 156 494
internal_value=-0.000495732 -0.00497018 -0.0206735 -0.00357083 -0.00915392 -0.0308194 0.00528134 -0.00127783 -0.0186642 -0.00376758 -0.00255116 0.00379852 0.00345238 -0.027836 -0.0151306 -0.00110591 0.00524956 -0.0163186 -0.00840164 0.00413249 0.00335548 0.0124352 -0.0023332 -0.00380363 -0.000268134 0.00796662 0.000239808 0.0116071 0.0118211 0.00338462
internal_weight=46396 26146 2128 24018 6997 1601 20250 17021 801 11151 3655 16786 5870 573 641 3833 12953 3342 488 11085 10237 3464 9772 7588 3543 2626 834 1792 1868 650
internal_count=46396 26146 2128 24018 6997 1601 20250 17021 801 11151 3655 16786 5870 573 641 3833 12953 3342 488 11085 10237 3464 9772 7588 3543 2626 834 1792 1868 650
cat_boundaries=0 2 3 7 9 11 13 18 22 27 29 31 36 41 46 48 51 53
cat_threshold=1139162686 110602 33554432 4 0 570425346 4194304 1077949490 32770 67125248 256 14942736 73736 526344 268435456 536870976 0 1 2281865728 1140981764 545259522 2822766720 16777224 1342177280 1610613774 675284032 1 134742016 1732 524352 192 151128066 268435456 34078732 536871939 7 17301514 0 33555549 1048640 515 8946188 67108868 16777234 138412096 7 2818572673 2052 4 0 8192 0 64
is_linear=0
shrinkage=0.05


Tree=29
num_leaves=31
num_cat=19
split_feature=0 0 1 7 0 8 0 0 4 0 2 1 2 0 4 4 0 2 7 0 1 4 7 2 7 1 7 0 1 7
split_gain=446.262 238.797 247.963 101.657 131.267 93.3068 78.7509 73.5326 60.673 56.764 49.3017 47.0108 37.7627 35.6844 33.3008 35.6772 32.4898 29.7047 29.2327 44.0926 28.7901 38.4717 30.5983 28.0743 27.5413 27.4229 26.2956 41.4369 24.3235 22.7169
threshold=0 1 2 9.5000000000000018 3 1.0000000180025095e-35 4 5 297.50000000000006 6 7 8 9 10 1.0000000180025095e-35 43.500000000000007 11 12 8.5000000000000018 13 14 46.500000000000007 3.5000000000000004 15 6.5000000000000009 16 9.5000000000000018 17 18 7.5000000000000009
decision_type=9 9 9 2 9 2 9 9 2 9 9 9 9 9 2 2 9 9 2 9 9 2 2 9 2 9 2 9 9 2
left_child=7 2 5 6 25 -2 14 24 -7 -6 13 -11 -13 -9 -3 -16 18 -8 -12 -20 26 -22 -23 -4 -1 -5 -18 -28 -24 -19
right_child=1 3 23 4 9 8 17 10 -10 11 16 12 -14 -15 15 -17 20 29 19 -21 21 22 28 -25 -26 -27 27 -29 -30 -31
leaf_value=0.0088085152283960359 -0.0084964606489986057 0.052863007745922209 -0.0078330133859976 -0.0061662409381995856 -0.014012610521743907 0.0015573989593359152 0.0037262310861036207 0.013008381186045793 -0.00662526621665904 -0.025657010320061364 0.020358938612077437 0.00090605443551822207 -0.0074132802802289455 -0.002691070533496254 -0.0022095333267805441 0.0039913116829302323 0.022393525637185708 -0.0025421716546476293 -0.015675837527084225 0.011302824253107902 -0.0022377029535378679 -0.0011199279404087714 -0.0051380806300031952 0.020920079543575588 0.017438877361399364 0.0052406798501314945 -0.0065642779206489983 0.017870727399000624 0.0097455890618614992 -0.0084792883318765971
leaf_weight=1606 771 184 251 487 1038 141 1012 723 578 137 1216 777 3329 2875 2041 4656 1181 7698 157 495 2412 1452 271 387 1858 1506 451 412 4256 2038
leaf_count=1606 771 184 251 487 1038 141 1012 723 578 137 1216 777 3329 2875 2041 4656 1181 7698 157 495 2412 1452 271 387 1858 1506 451 412 4256 2038
internal_value=-0.000530218 -0.00467993 -0.0207203 -0.00330149 -0.00827605 -0.0318667 -0.00125078 0.00526194 -0.0191238 -0.012389 0.00381811 -0.00976957 -0.00874636 -0.00133038 0.0029241 0.0023518 0.00532364 -0.00392266 0.0113951 0.00291411 0.0042269 0.00292227 0.0050761 0.00540123 0.0118595 0.00267099 0.00954236 0.00295481 0.00710183 -0.00477119
internal_weight=46396 27031 2128 24903 7274 1490 17629 19365 719 5281 15901 4243 4106 3598 6881 6697 12303 10748 1868 652 10435 8391 5979 638 3464 1993 2044 863 4527 9736
internal_count=46396 27031 2128 24903 7274 1490 17629 19365 719 5281 15901 4243 4106 3598 6881 6697 12303 10748 1868 652 10435 8391 5979 638 3464 1993 2044 863 4527 9736
cat_boundaries=0 2 3 5 7 9 11 13 17 19 24 26 28 33 35 37 40 42 43 45
cat_threshold=3154756033 133108 33554432 0 524288 1074803744 32768 14942736 75786 67125248 256 16908288 8200 2281832960 1140981764 545259522 2823815296 0 8 58720260 1073741824 33556492 536872003 2 2952790400 16 524352 192 133636 67108884 16777218 536870912 7 0 64 67117252 536875633 4 0 570426368 2269184 570425372 134217728 262144 134217734
is_linear=0
shrinkage=0.05


Tree=30
num_leaves=31
num_cat=15
split_feature=0 0 1 8 7 0 0 0 9 4 5 1 1 5 4 5 1 9 1 9 5 1 7 7 5 0 0 9 0 0
split_gain=419.282 240.604 234.135 95.4621 89.8596 119.381 67.639 66.4543 65.9864 68.8578 65.7014 49.9436 47.3027 40.5517 39.8012 38.0384 35.0586 31.6892 31.1985 28.1022 26.1908 35.1399 34.0448 46.0695 31.8918 40.6686 29.964 27.5131 25.7044 24.4598
threshold=0 1 2 1.0000000180025095e-35 9.5000000000000018 3 4 5 12.500000000000002 297.50000000000006 1.0000000180025095e-35 6 7 5.5000000000000009 530.50000000000011 4.5000000000000009 8 9.5000000000000018 9 16.500000000000004 5.5000000000000009 10 7.5000000000000009 4.5000000000000009 2.5000000000000004 11 12 22.500000000000004 13 14
decision_type=9 9 9 2 2 9 9 9 2 2 2 9 9 2 2 2 9 2 9 2 2 9 2 2 2 9 9 2 9 9
left_child=6 2 3 -2 7 14 29 18 -5 -10 -9 13 -8 15 16 -7 -6 -12 -3 -14 21 26 23 24 27 -26 -19 -23 -13 -1
right_child=1 4 -4 8 5 11 12 10 9 -11 17 28 19 -15 -16 -17 -18 20 -20 -21 -22 22 -24 -25 25 -27 -28 -29 -30 -31
leaf_value=0.015497720128704151 -0.008071637616548678 0.00042591806330927184 0.006420073869702842 0.00056923103664333063 -0.0014555226844652715 -0.0087924962206800596 -0.0017837650426122398 -0.008786577888531117 0.00088544302826246146 -0.0069492172247029582 -0.0066894501090746855 0.009627455332154318 0.00270976635796526 -0.010396870150559824 0.0012331856905195727 0.005348959129777564 -0.011703445789051621 0.018124666241700393 0.0098896306806037018 0.0090127294526193454 -0.0070542181780530655 -0.0093524160919088335 -0.0084813177157956332 0.0020715315404114922 -0.0075469846073710212 0.0025926862936658025 0.0029100178818255219 0.083261411457607459 -0.0005462767396040791 0.0083371963217431459
leaf_weight=1821 771 4083 638 199 465 372 3833 1435 105 415 2257 360 5584 152 110 97 2710 284 1787 3228 1362 915 1126 2006 408 889 731 63 2831 5359
leaf_count=1821 771 4083 638 199 465 372 3833 1435 105 415 2257 360 5584 152 110 97 2710 284 1787 3228 1362 915 1126 2006 408 889 731 63 2831 5359
internal_value=-0.000573325 -0.00467815 -0.0207671 -0.0316 -0.00326954 -0.00801043 0.00492816 -0.00133172 -0.0187065 -0.0280769 -0.00354344 -0.00196232 0.00272224 -0.0148177 -0.0149772 -0.00778252 -0.0160472 -0.00211632 0.0029932 0.00473815 -0.000603803 0.000731859 -0.000876869 0.00115627 -0.00371429 0.00142637 0.00921951 -0.0105317 0.000577944 0.00880389
internal_weight=46396 26571 2128 1490 24443 7097 19825 17346 719 520 11476 3812 12645 621 3285 469 3175 10041 5870 8812 7784 6422 5407 4281 2275 1297 1015 978 3191 7180
internal_count=46396 26571 2128 1490 24443 7097 19825 17346 719 520 11476 3812 12645 621 3285 469 3175 10041 5870 8812 7784 6422 5407 4281 2275 1297 1015 978 3191 7180
cat_boundaries=0 2 3 5 7 9 11 13 15 17 19 21 22 24 25 26
cat_threshold=3154756033 135156 33554432 0 524288 27656716 77832 2751479936 448 14942736 73736 2105408 167772172 1076203521 176685070 401472 167773234 17178624 445252748 1683460 168296449 1061922 17825824 4098 1049600 67108864
is_linear=0
shrinkage=0.05


Tree=31
num_leaves=31
num_cat=16
split_feature=0 0 1 7 0 8 0 9 0 5 7 1 5 5 5 0 5 1 0 7 9 1 1 0 7 0 0 7 0 9
split_gain=393.691 231.9 227.844 97.8825 96.741 92.621 67.9262 65.2389 63.8763 53.3595 50.3654 43.3247 41.2777 45.5353 37.9676 37.1433 36.3828 34.7507 34.5436 32.9685 33.0217 31.9128 29.884 34.4591 33.5667 87.8189 85.7513 28.9974 25.2457 23.4632
threshold=0 1 2 9.5000000000000018 3 1.0000000180025095e-35 4 12.500000000000002 5 1.0000000180025095e-35 4.5000000000000009 6 5.5000000000000009 4.5000000000000009 2.5000000000000004 7 5.5000000000000009 8 9 6.5000000000000009 19.500000000000004 10 11 12 7.5000000000000009 13 14 11.500000000000002 15 18.500000000000004
decision_type=9 9 9 2 9 2 9 2 9 2 2 9 2 2 2 9 2 9 9 2 2 9 9 9 2 9 9 2 9 2
left_child=1 2 5 8 11 -1 22 -7 14 -10 15 12 13 -5 -3 -8 -16 -12 -6 20 -9 -20 -2 -24 25 -25 -26 -28 -13 -19
right_child=6 3 -4 4 18 7 10 19 9 -11 17 28 -14 -15 16 -17 -18 29 21 -21 -22 -23 23 24 26 -27 27 -29 -30 -31
leaf_value=-0.0076680557357212409 0.025152936194771214 -0.0017714935520745324 0.0060990701762176974 -0.0084997941067104909 -0.012846300567679115 0.00054076948481116547 -0.0078274078238367191 -0.00092723051771836376 -0.0083615798531794464 -0.0020394876614269032 -0.0076267898169291026 0.0090333393530014055 -0.0098350470917165263 0.0051439112759040454 0.0058633034190132272 0.0020045294488602928 -0.0017225158853149125 0.0033485039906449802 -0.022237215538132273 -0.0064215789728924002 0.0014352568599559968 -0.0060090045147660927 0.014207543669566414 0.02543018059953648 -0.0093212784003022364 0.0037424547910686226 0.0053459759153970171 0.03006057311717112 -0.0012849444076781125 0.010861470739346353
leaf_weight=771 841 3230 638 251 1038 199 1489 79 1109 7990 525 368 141 77 3236 1595 945 5585 141 380 61 2163 1751 1201 1177 2896 1890 432 2539 1658
leaf_count=771 841 3230 638 251 1038 199 1489 79 1109 7990 525 368 141 77 3236 1595 945 5585 141 380 61 2163 1751 1201 1177 2896 1890 432 2539 1658
internal_value=-0.000622899 -0.00481747 -0.02058 -0.00336518 -0.0084549 -0.0312667 0.0044323 -0.0185675 -0.00129618 -0.00410034 0.00167557 -0.00245127 -0.0163883 -0.0070122 0.00214931 -0.00372892 0.00529778 0.00382338 -0.014469 -0.0278846 -0.00714286 -0.0109334 0.00736419 0.00653521 0.00506179 0.0081401 0.00147185 0.00703259 -0.000154268 0.00472218
internal_weight=46396 25356 2128 23228 6718 1490 21040 719 16510 9099 10852 3376 469 328 7411 3084 4181 7768 3342 520 140 2304 10188 9347 7596 4097 3499 2322 2907 7243
internal_count=46396 25356 2128 23228 6718 1490 21040 719 16510 9099 10852 3376 469 328 7411 3084 4181 7768 3342 520 140 2304 10188 9347 7596 4097 3499 2322 2907 7243
cat_boundaries=0 2 3 5 7 9 11 13 15 17 19 21 23 24 26 28 29
cat_threshold=1140203070 110602 33554432 0 524288 1078989874 32770 3020439744 448 15073808 106506 8256 134217740 73728 1584 262145 167772174 16908288 8200 32768 8 134480004 134480032 67108864 537395264 64 537395264 64 1049600
is_linear=0
shrinkage=0.05


Tree=32
num_leaves=31
num_cat=15
split_feature=0 1 0 7 1 4 7 0 4 9 4 0 7 0 9 0 7 7 7 0 7 0 0 7 0 0 7 7 1 0
split_gain=374.885 247.498 181.566 92.3946 56.6955 68.4129 52.752 50.6928 44.5833 60.6577 37.3997 35.9635 35.2921 41.7024 38.5431 34.2668 32.7688 31.6708 31.3729 29.3326 29.2909 28.9542 25.0385 24.9874 69.8315 42.3236 33.4155 32.0364 24.3736 24.1989
threshold=0 1 2 10.500000000000002 3 27.500000000000004 9.5000000000000018 4 190.50000000000003 12.500000000000002 625.50000000000011 5 9.5000000000000018 6 14.500000000000002 7 1.5000000000000002 6.5000000000000009 7.5000000000000009 8 8.5000000000000018 9 10 7.5000000000000009 11 12 4.5000000000000009 5.5000000000000009 13 14
decision_type=9 9 9 2 9 2 2 9 2 2 2 9 2 9 2 9 2 2 2 9 2 9 9 2 9 9 2 2 9 9
left_child=1 3 19 8 6 7 20 -6 -1 16 12 -5 14 -14 15 -3 -10 -18 -19 -2 -4 -7 -8 25 -25 -23 29 -28 -15 -27
right_child=2 10 4 11 5 21 22 -9 9 -11 -12 -13 13 28 -16 -17 17 18 -20 -21 -22 23 -24 24 -26 26 27 -29 -30 -31
leaf_value=-0.00028666446245539934 0.013896211527667558 0.0074763360653661154 0.013911674748920511 -0.0051144945243063846 -0.0086744428647697932 0.0025554419277040944 -0.0077297446361397574 -0.0010754127154497667 -0.023924338210983775 -0.0064542520781421366 0.012465999590810607 -0.0063252548430346835 -0.01560605909933448 0.0040222293081198235 0.0013499048629693478 -0.0079621693231321407 0.0058335349478774281 -0.018452330508458428 0.0021160697811136941 0.0065619052128314433 0.050034426986608621 -0.0054223041803868445 0.006735848985340887 -0.0063212227247723077 0.0020989048793169543 0.0039193257624840884 0.014045062064405268 0.0014371273860555702 -0.0070285490015016662 -0.0031631148331209948
leaf_weight=318 1821 476 711 101 2349 4577 417 2348 84 608 109 591 540 331 1680 1543 48 78 71 9753 275 2524 273 3823 3127 1390 713 2509 921 2287
leaf_count=318 1821 476 711 101 2349 4577 417 2348 84 608 109 591 540 331 1680 1543 48 78 71 9753 275 2524 273 3823 3127 1390 713 2509 921 2287
internal_value=-0.000685404 -0.0109136 0.00128897 -0.0264798 -0.000934767 -0.0015181 0.00794781 -0.00697254 -0.0182684 -0.0240157 -0.00559715 -0.041185 -0.00618284 -0.011942 -0.00339281 -0.00804854 -0.00480427 0.00634518 -0.00503356 0.00653488 0.0154158 -0.000295943 -0.0026087 -0.00127876 -0.00355396 0.000397962 0.00242437 0.00614525 -0.00673534 -0.000829481
internal_weight=46396 7499 38897 1899 27323 25647 1676 4697 1207 889 5600 692 5491 1792 3699 2019 281 197 149 11574 986 20950 690 16373 6950 9423 6899 3222 1252 3677
internal_count=46396 7499 38897 1899 27323 25647 1676 4697 1207 889 5600 692 5491 1792 3699 2019 281 197 149 11574 986 20950 690 16373 6950 9423 6899 3222 1252 3677
cat_boundaries=0 2 4 6 8 10 12 14 16 17 19 20 22 24 26 28
cat_threshold=33687558 4104 0 524288 3020440001 131520 1276659716 1073746545 1099207728 2066 6 8 131072 8 33554432 8 67108864 8683520 66096 134217728 1092616728 10246 5248040 33792 65602 536871042 1073742352 10240
is_linear=0
shrinkage=0.05


Tree=33
num_leaves=31
num_cat=4
split_feature=2 7 4 4 2 4 4 4 5 9 7 5 9 4 5 8 7 5 7 2 7 4 7 7 7 7 4 2 7 9
split_gain=218.605 149.428 83.0353 77.617 75.7589 75.9978 73.7099 62.8151 61.5271 50.9939 45.0935 37.529 30.225 29.9261 28.9068 25.4615 36.2216 23.5418 22.2951 22.1005 21.4443 23.5539 21.3258 39.1881 19.2421 18.6786 17.9739 18.1527 17.8659 17.7537
threshold=0 10.500000000000002 300.50000000000006 4.5000000000000009 1 37.500000000000007 194.50000000000003 388.50000000000006 1.5000000000000002 16.500000000000004 9.5000000000000018 4.5000000000000009 21.500000000000004 1.0000000180025095e-35 5.5000000000000009 1.0000000180025095e-35 7.5000000000000009 2.5000000000000004 8.5000000000000018 2 11.500000000000002 20.500000000000004 11.500000000000002 7.5000000000000009 2.5000000000000004 11.500000000000002 75.500000000000014 3 4.5000000000000009 6.5000000000000009
decision_type=9 2 2 2 9 2 2 2 2 2 2 2 2 2 2 2 2 2 2 9 2 2 2 2 2 2 2 9 2 2
left_child=1 6 3 -3 10 13 -1 17 19 24 18 12 -11 -6 15 -10 -17 25 -2 -7 21 -5 23 28 -8 -4 -21 -28 -15 -16
right_child=4 2 7 20 5 8 9 -9 14 11 -12 -13 -14 22 29 16 -18 -19 -20 26 -22 -23 -24 -25 -26 -27 27 -29 -30 -31
leaf_value=-0.00020943137889217756 0.017096494490167063 -0.0086244163484548494 0.00124059313925039 -0.020184076301836787 0.021346506203116324 0.0027589187285684161 -0.013632351666452814 0.010543580336192499 0.0016797407779401586 -0.0089057801032101317 0.0013213807172130056 -0.0063084670180098617 0.013522672929448512 -0.0038438949786513857 0.0084741762694734764 0.0068098816928436725 0.0022482239588748399 -0.00626676044843027 0.047538451525034532 -0.0066332580102202226 -4.0614146051470845e-05 -0.0050730236242476192 0.0018320648965838683 -0.0072922595763807501 -0.00082486155979099034 -0.0053738614797070516 -0.00097832914083109137 -0.0058966869723472842 0.0013597348707706791 -0.0020903453189205392
leaf_weight=3514 1124 183 50 124 125 2115 212 59 7828 411 1089 504 46 2878 180 4206 4267 449 323 1427 454 415 773 3008 904 48 3666 946 2032 3036
leaf_count=3514 1124 183 50 124 125 2115 212 59 7828 411 1089 504 46 2878 180 4206 4267 449 323 1427 454 415 773 3008 904 48 3666 946 2032 3036
internal_value=-0.000758686 -0.00864825 -0.0212682 -0.0135204 0.000733994 0.000152067 -0.00464139 -0.0363036 0.00144014 -0.0121088 0.00907306 -0.0205515 -0.0101751 -0.00389065 0.00296408 0.00381878 0.00571816 -0.0415905 0.0148929 -0.00220751 -0.00800604 -0.0147495 -0.00424002 -0.00501389 -0.00483871 -0.0193878 -0.00374442 -0.0022333 -0.00226069 -0.00136816
internal_weight=46396 7373 1782 1176 39023 36487 5591 606 27671 2077 2536 961 457 8816 19517 16301 8473 547 1447 8154 993 539 8691 7918 1116 98 6039 4612 4910 3216
internal_count=46396 7373 1782 1176 39023 36487 5591 606 27671 2077 2536 961 457 8816 19517 16301 8473 547 1447 8154 993 539 8691 7918 1116 98 6039 4612 4910 3216
cat_boundaries=0 5 10 15 20
cat_threshold=135184 2048 570425344 2151677952 1024 67125380 2181038100 29433888 2626051 532 2301102082 0 90 134218832 2 33587200 335544320 1029 0 1
is_linear=0
shrinkage=0.05


Tree=34
num_leaves=31
num_cat=5
split_feature=2 7 4 4 2 4 4 4 9 5 7 5 9 4 5 7 7 5 7 7 7 9 4 9 7 4 2 2 2 7
split_gain=204.697 154.151 78.9316 76.1555 71.2449 67.3678 65.017 59.0456 56.5868 53.2588 44.8825 31.9407 28.9772 26.2847 25.264 22.2876 55.7809 21.6373 20.6779 20.5558 20.4095 22.2158 36.2662 20.2254 20.2065 23.3352 19.5879 19.511 19.2565 19.1476
threshold=0 10.500000000000002 300.50000000000006 4.5000000000000009 1 194.50000000000003 37.500000000000007 388.50000000000006 16.500000000000004 1.5000000000000002 9.5000000000000018 4.5000000000000009 21.500000000000004 1.0000000180025095e-35 5.5000000000000009 3.5000000000000004 7.5000000000000009 2.5000000000000004 8.5000000000000018 11.500000000000002 1.5000000000000002 10.500000000000002 294.50000000000006 8.5000000000000018 11.500000000000002 20.500000000000004 2 3 4 11.500000000000002
decision_type=9 2 2 2 9 2 2 2 2 2 2 2 2 2 2 2 2 2 2 2 2 2 2 2 2 2 9 9 9 2
left_child=1 5 3 -3 10 -1 13 17 20 26 18 12 -10 -6 15 27 28 19 -2 -4 23 -22 -23 -7 25 -5 -8 -11 -17 -15
right_child=4 2 7 24 6 8 9 -9 11 14 -12 -13 -14 29 -16 16 -18 -19 -20 -21 21 22 -24 -25 -26 -27 -28 -29 -30 -31
leaf_value=-0.00022571037452276399 0.018054803536498694 -0.0081931955310321058 0.0012209140725169044 -0.019174872486744945 0.021126285867287577 -0.022316909168521099 0.0026545455412367194 0.013397165948183437 -0.008470104836724569 -0.0063518826139454367 0.0010472263449777697 -0.0060768859629169621 0.012846539282976089 -0.0037423410899006695 -0.0013744713561390732 0.011572262243495335 0.0016893018865796973 -0.0059401906924947019 0.045161528948782809 -0.0051051684057216969 0.001190516906963679 0.011102778654842983 -0.0029553840775850661 0.00044043600365040181 -0.00032397149653230208 -0.0050176774001251092 -0.0035989519466409939 0.0016062752223976906 0.0051609528320938685 0.0017404616517546767
leaf_weight=3485 1080 183 49 124 126 70 2116 53 382 764 1068 490 42 7927 3256 1183 7444 447 311 46 357 143 308 53 446 411 6143 2959 4157 773
leaf_count=3485 1080 183 49 124 126 70 2116 53 382 764 1068 490 42 7927 3256 1183 7444 447 311 46 357 143 308 53 446 411 6143 2959 4157 773
internal_value=-0.000743599 -0.00855754 -0.0214042 -0.0138316 0.00066765 -0.00433396 0.000116664 -0.0362185 -0.0120596 0.00129541 0.00889024 -0.0208972 -0.0108491 -0.00362565 0.00270455 0.00349852 0.00448999 -0.0411439 0.0148454 -0.0194737 -0.00338346 -0.00049505 -0.0078714 -0.0223577 -0.00830785 -0.0148598 -0.00207652 9.40102e-05 0.00838951 -0.00395402
internal_weight=46396 7089 1759 1164 39307 5330 36848 595 1845 28022 2459 914 424 8826 19763 16507 12784 542 1391 95 931 808 451 123 981 535 8259 3723 5340 8700
internal_count=46396 7089 1759 1164 39307 5330 36848 595 1845 28022 2459 914 424 8826 19763 16507 12784 542 1391 95 931 808 451 123 981 535 8259 3723 5340 8700
cat_boundaries=0 5 10 15 20 25
cat_threshold=135184 2048 536870912 2151677952 1024 69206148 2147483668 29433888 2626051 4 2299021314 0 90 134218832 2 2147516426 1073741824 1107296328 134217728 2 41977864 131072 82 0 2
is_linear=0
shrinkage=0.05


Tree=35
num_leaves=31
num_cat=13
split_feature=0 1 0 7 1 4 4 9 0 0 4 7 7 7 0 9 0 7 0 0 0 7 7 1 7 1 7 7 3 4
split_gain=363.403 237.228 160.486 92.2392 50.4358 47.211 42.314 58.3432 39.1583 37.7939 33.1592 32.9558 36.6189 30.8333 41.6215 32.5196 32.1507 25.3889 25.3047 24.6935 24.3766 31.814 43.6143 26.2243 23.9383 23.7133 24.1574 22.7965 21.5284 21.2344
threshold=0 1 2 10.500000000000002 3 27.500000000000004 190.50000000000003 13.500000000000002 4 5 588.50000000000011 10.500000000000002 11.500000000000002 9.5000000000000018 6 14.500000000000002 7 1.5000000000000002 8 9 10 6.5000000000000009 3.5000000000000004 11 4.5000000000000009 12 2.5000000000000004 7.5000000000000009 2.5000000000000004 303.50000000000006
decision_type=9 9 9 2 9 2 2 2 9 9 2 2 2 2 9 2 9 2 9 9 9 2 2 9 2 9 2 2 2 2
left_child=1 3 19 6 5 8 -1 17 -4 -5 13 -10 -13 15 28 16 24 -8 -7 -2 21 22 -6 -23 -3 26 -21 -20 -15 -22
right_child=2 10 4 9 20 18 7 -9 11 -11 -12 12 -14 14 -16 -17 -18 -19 27 25 29 23 -24 -25 -26 -27 -28 -29 -30 -31
leaf_value=-0.00025057415166188091 0.013552934046694432 -0.0097999914184120906 -0.0011983122167765481 -0.004017889204116715 -0.0040380422347728873 0.0020409095641266807 -0.020810047927142736 -0.00597517561381048 -0.007953855990304055 -0.00533842621171583 0.011685170606631512 -0.014374976307835295 -0.00075869998892783572 -0.007717929341202967 -0.0041255198867361179 0.0010312352628985277 -0.0074666206903138861 0.00010426750183006318 -0.00040397198786445987 -0.0059262344031256187 0.0015941911968314739 -0.0066035106239142301 0.0084317418127351617 0.0037423476142433437 0.019536080751866192 0.0045855198057057848 0.023309911065658658 -0.005396764172249241 -0.025134872088852844 0.0055021464180045783
leaf_weight=318 1821 171 1457 101 1021 3525 87 571 1357 591 128 268 120 311 1249 1672 1535 231 4647 131 6777 1464 801 422 305 9393 812 3013 229 1868
leaf_count=318 1821 171 1457 101 1021 3525 87 571 1357 591 128 268 120 311 1249 1672 1535 231 4647 131 6777 1464 801 422 305 9393 812 3013 229 1868
internal_value=-0.000750065 -0.0108203 0.00119387 -0.0260608 -0.000971963 -0.00298326 -0.0178542 -0.0234533 -0.00833854 -0.0407514 -0.00561497 -0.0133618 -0.0262887 -0.00621345 -0.0115987 -0.00359761 -0.00788165 -0.00628931 -0.00145284 0.00595463 0.00137103 -0.00201721 0.00268935 -0.00657476 0.00349794 0.0049971 0.0125393 -0.00306389 -0.0230909 0.00282496
internal_weight=46396 7499 38897 1899 26740 14387 1207 889 3202 692 5600 1745 388 5472 1789 3683 2011 318 11185 12157 12353 3708 1822 1886 476 10336 943 7660 540 8645
internal_count=46396 7499 38897 1899 26740 14387 1207 889 3202 692 5600 1745 388 5472 1789 3683 2011 318 11185 12157 12353 3708 1822 1886 476 10336 943 7660 540 8645
cat_boundaries=0 2 4 6 9 11 13 15 17 19 20 22 24 26
cat_threshold=33687558 4104 0 524288 3020440001 132032 17113281 2189426702 1 139534344 107572 6 8 131072 8 33554432 8 8431104 74804 67108864 17053192 8196 32770 806092928 262276 2281964736
is_linear=0
shrinkage=0.05


Tree=36
num_leaves=31
num_cat=14
split_feature=0 2 0 7 2 0 4 0 5 4 9 7 7 5 4 4 3 0 2 0 7 0 4 5 0 7 0 4 0 0
split_gain=344.489 234.138 144.493 100.937 58.2125 44.0838 41.3522 40.8949 36.738 35.2131 48.7364 33.5036 39.7114 32.4243 28.6424 28.3459 27.3339 28.1612 27.0875 62.0344 37.1254 34.8185 27.8094 26.4865 33.2616 26.1942 25.1514 24.4226 23.6536 22.4586
threshold=0 1 2 10.500000000000002 3 4 27.500000000000004 5 3.5000000000000004 196.50000000000003 13.500000000000002 10.500000000000002 11.500000000000002 2.5000000000000004 1133.0000000000002 560.50000000000011 2.5000000000000004 6 7 8 9.5000000000000018 9 53.500000000000007 4.5000000000000009 10 7.5000000000000009 11 6.5000000000000009 12 13
decision_type=9 9 9 2 9 9 2 9 2 2 2 2 2 2 2 2 2 9 9 9 2 9 2 2 9 2 9 2 9 9
left_child=1 3 18 9 6 -5 7 -4 26 -1 -11 -9 -13 -6 23 16 17 -10 19 20 -2 -20 27 24 -15 -19 -3 -23 -25 -18
right_child=2 8 4 5 13 -7 -8 11 15 10 -12 12 -14 14 -16 -17 29 25 21 -21 -22 22 -24 28 -26 -27 -28 -29 -30 -31
leaf_value=-0.00089932800866311397 -0.0013749132723515634 0.0086028739259497288 -0.0010984087119967568 -0.0037990537458334863 -0.0014318407144314706 -0.0054011525482335933 -0.0011193522046560656 -0.0075710845684634851 0.0070857512487598751 -0.0015283032225071214 -0.0057787082650494152 -0.013682524019527537 -0.00066003232680367794 0.011849950327179705 0.0036161704109126339 0.025414618087184787 -0.024369871392654022 0.0015951374491491588 0.013117862338739029 0.010305675051525643 -0.015127397119490404 0.01725129358429537 0.0087939814296199188 0.0041500018999393934 0.0028776965322266815 -0.010656952384060942 -0.0066463445198953648 -0.0011625068584962984 -0.002007563059703199 -7.6981987115676281e-05
leaf_weight=483 476 345 1467 105 4810 620 12455 1364 804 350 592 267 122 1267 74 52 120 588 2635 1017 299 456 4862 1250 1905 472 2843 2412 1759 125
leaf_count=483 476 345 1467 105 4810 620 12455 1364 804 350 592 267 122 1267 74 52 120 588 2635 1017 299 456 4862 1250 1905 472 2843 2412 1759 125
internal_value=-0.000775929 -0.0105806 0.00111677 -0.0244907 -0.000938318 -0.0397931 -0.00289767 -0.00795031 -0.00495428 -0.0168772 -0.0225053 -0.0130743 -0.0260925 0.00183747 0.00421263 6.94123e-05 -0.000829777 0.00123391 0.00563409 -5.54939e-05 -0.0106369 0.00661687 0.00490956 0.00384242 0.00703026 -0.00411215 -0.00837516 0.00101116 0.000481888 -0.0165306
internal_weight=46396 7499 38897 2150 26740 725 15675 3220 5349 1425 942 1753 389 11065 6255 2161 2109 1864 12157 1792 775 10365 7730 6181 3172 1060 3188 2868 3009 245
internal_count=46396 7499 38897 2150 26740 725 15675 3220 5349 1425 942 1753 389 11065 6255 2161 2109 1864 12157 1792 775 10365 7730 6181 3172 1060 3188 2868 3009 245
cat_boundaries=0 2 6 8 13 14 16 18 23 25 27 29 30 32 34
cat_threshold=33687558 4104 524288 0 536870920 4194304 3020440001 132032 144857114 1342177344 570426378 2819620992 3584 6 139534344 107572 33554432 4104 25296904 1342308352 8388608 557842560 4 524353 704 67633152 128 143689216 98324 33554432 1090785328 108562 0 4104
is_linear=0
shrinkage=0.05


Tree=37
num_leaves=31
num_cat=17
split_feature=0 2 0 7 2 0 4 0 4 9 7 0 0 4 3 0 0 9 2 4 2 0 7 0 0 7 0 7 1 4
split_gain=324.797 226.929 132.466 100.404 55.4315 45.5947 37.2128 46.5354 32.1319 47.7251 31.7191 46.2466 32.0736 29.3112 29.5282 45.4939 29.6139 27.8956 24.43 23.8224 33.4453 48.3548 36.4395 26.0351 23.7736 23.0518 22.5548 21.9209 21.5775 21.3017
threshold=0 1 2 10.500000000000002 3 4 27.500000000000004 5 196.50000000000003 15.500000000000002 9.5000000000000018 6 7 572.50000000000011 2.5000000000000004 8 9 18.500000000000004 10 46.500000000000007 11 12 9.5000000000000018 13 14 1.5000000000000002 15 11.500000000000002 16 476.50000000000006
decision_type=9 9 9 2 9 9 2 9 2 2 2 9 9 2 2 9 9 2 9 2 9 9 2 9 9 2 9 2 9 2
left_child=1 3 18 8 10 -5 7 -6 -1 -10 11 -4 -12 14 16 27 -3 -9 -2 23 21 -21 -23 -20 -22 -13 29 -16 -28 -8
right_child=2 13 4 5 6 -7 26 17 9 -11 12 25 -14 -15 15 -17 -18 -19 19 20 24 22 -24 -25 -26 -27 28 -29 -30 -31
leaf_value=-0.00085436160822995879 0.017060103760234348 0.0051990533314369598 -0.005506773070524329 -0.0036091010585418137 -0.00055897858270651522 -0.0051310949208219136 0.00089858714137514006 -0.0079450962445629155 -0.0014649168026596661 -0.0060707711861791303 -0.0072238874561022627 -0.0021785541371876663 0.00772579033785048 0.0110217721117638 -0.024033966631367427 -0.0043852921174689146 -0.004472706178910899 5.0089307219391981e-06 0.0065546879466576898 0.012274706630577798 0.017656532945137995 -0.0004314572752891155 -0.014014936703903681 -0.0038650245478897283 0.0074272736850717006 0.023157634966267271 -0.0080637639255961065 -0.0033171772801676882 -0.0010710456655489643 0.0059121375182245584
leaf_weight=483 1034 1072 245 105 2324 620 6698 1822 419 523 595 182 331 133 152 429 3500 451 1739 680 1081 529 314 1649 5131 1212 529 63 11782 569
leaf_count=483 1034 1072 245 105 2324 620 6698 1822 419 523 595 182 331 133 152 429 3500 451 1739 680 1081 529 314 1649 5131 1212 529 63 11782 569
internal_value=-0.000767308 -0.0102877 0.0010705 -0.0239815 -0.000897196 -0.0392414 -0.00163945 -0.00568849 -0.016386 -0.0217622 0.00607767 0.0102807 -0.0012959 -0.00474902 -0.00534893 -0.0153727 -0.00393701 -0.0107534 0.00539574 0.00470224 0.00623788 -0.000424005 -0.00838218 0.00121015 0.00785921 0.0137464 -0.000689549 -0.0335556 -0.00199253 0.00151848
internal_weight=46396 7499 38897 2150 26740 725 24175 4597 1425 942 2565 1639 926 5349 5216 644 4572 2273 12157 11123 7735 1523 843 3388 6212 1394 19578 215 12311 7267
internal_count=46396 7499 38897 2150 26740 725 24175 4597 1425 942 2565 1639 926 5349 5216 644 4572 2273 12157 11123 7735 1523 843 3388 6212 1394 19578 215 12311 7267
cat_boundaries=0 2 6 8 13 14 16 18 20 22 24 29 34 36 38 39 41 43
cat_threshold=33687558 4104 524288 0 536870920 4194304 3020440001 132032 67110404 2248278036 13117488 4627 22 6 139534856 107540 1126400 16 151261232 98304 0 8 33554432 8 2637830 0 8 2102288 513 25296904 1342308352 524288 541065344 4 2952806784 131328 67649600 448 67633152 144023552 67632 262273 131078
is_linear=0
shrinkage=0.05


Tree=38
num_leaves=31
num_cat=17
split_feature=0 2 0 7 5 5 0 2 0 5 0 2 0 4 2 0 0 2 7 4 4 0 2 1 4 5 1 4 4 7
split_gain=301.587 207.46 118.597 90.4383 53.7588 79.038 42.7428 42.3265 41.0244 35.897 35.6361 41.3311 29.3715 29.1917 24.852 41.8422 25.8118 31.2865 28.823 24.5754 34.786 34.9642 24.2142 23.8067 23.6098 23.4364 24.5801 22.4256 21.6228 21.3785
threshold=0 1 2 10.500000000000002 2.5000000000000004 5.5000000000000009 3 4 5 3.5000000000000004 6 7 8 196.50000000000003 9 10 11 12 11.500000000000002 75.500000000000014 96.500000000000014 13 14 15 53.500000000000007 4.5000000000000009 16 560.50000000000011 194.50000000000003 10.500000000000002
decision_type=9 9 9 2 2 2 9 9 9 2 9 9 9 2 9 9 9 9 2 2 2 9 9 9 2 2 9 2 2 2
left_child=1 3 14 13 10 6 -6 -8 -5 23 11 29 22 -1 15 25 -16 -18 24 -12 21 -21 -7 -3 -19 -2 28 -11 -27 -4
right_child=2 9 4 8 5 12 7 -9 -10 27 19 -13 -14 -15 16 -17 17 18 -20 20 -22 -23 -24 -25 -26 26 -28 -29 -30 -31
leaf_value=-0.00081164352781846203 -0.0011566703446341477 0.00042087168533647135 -0.0066550920350152204 -0.0034286460056147218 -0.00043772357547291476 0.0042852904088922948 0.0020323698910597182 0.0082765761159689921 -0.0048745401747808201 -0.00038155643560497946 -0.0038647355922984379 -5.2439196951931113e-05 -0.001185513969499119 -0.0047132275322414405 0.011677124507314241 0.0068110950500485214 0.015300705254081226 -0.0039342145672205562 0.016654679050589562 0.013820615851141516 -0.00086573011095825159 0.0033173680225659255 -0.0062901422224456386 -0.0065101914025978234 0.0042559968852754924 -0.003831690981994651 -0.00082705992730574 0.023592798577237357 -0.013729262204558191 -0.010347148722010653
leaf_weight=483 731 678 2181 105 4189 221 4276 2801 620 2109 3066 1321 1824 942 2969 1636 1513 1920 461 204 3355 381 1567 2510 3324 57 183 52 122 595
leaf_count=483 731 678 2181 105 4189 221 4276 2801 620 2109 3066 1321 1824 942 2969 1636 1513 1920 461 204 3355 381 1567 2510 3324 57 183 52 122 595
internal_value=-0.000834124 -0.010008 0.000936849 -0.0231019 -0.00100996 0.000954429 0.00301793 0.0053831 -0.0375862 -0.0047117 -0.00364316 -0.00734112 -0.00548173 -0.0158947 0.00485069 0.00060241 0.00598706 0.00435805 0.00265092 -0.00146807 0.00114213 0.0123932 -0.0100111 -0.00809285 0.00160183 -0.00693563 -0.0174033 0.000254512 -0.0298942 -0.010804
internal_weight=46396 7499 38897 2150 25981 14878 11266 7077 725 5349 11103 4097 3612 1425 12916 2729 10187 7218 5705 7006 3940 585 1788 3188 5244 1093 362 2161 179 2776
internal_count=46396 7499 38897 2150 25981 14878 11266 7077 725 5349 11103 4097 3612 1425 12916 2729 10187 7218 5705 7006 3940 585 1788 3188 5244 1093 362 2161 179 2776
cat_boundaries=0 2 6 8 10 15 16 18 22 24 29 31 33 38 39 42 44 46
cat_threshold=33687558 4104 524288 0 536870920 4194304 3020440001 132064 1090859040 1024 2148057088 1342177280 1644168270 2686452864 1 6 1089733640 98306 8423426 268566528 537396227 675283073 16814616 43010 25296904 1342310400 545259536 675283010 4 524288 131808 67633152 192 169904134 67108864 2 2098192 513 16777216 41943044 1342177280 33554508 131136 570426502 0 524288
is_linear=0
shrinkage=0.05


Tree=39
num_leaves=31
num_cat=18
split_feature=0 2 0 7 2 5 5 9 0 0 0 0 7 5 5 7 0 0 1 2 5 0 0 7 0 2 7 0 0 9
split_gain=277.273 200.708 103.744 89.372 50.0769 42.4268 57.5481 41.7196 68.7145 40.0801 39.1907 33.6615 46.2438 32.341 31.3054 28.0876 70.3273 49.4448 30.4726 27.0086 26.9735 41.5412 33.3743 49.1071 28.9992 26.9565 26.8081 26.4519 24.7645 33.0685
threshold=0 1 2 10.500000000000002 3 2.5000000000000004 5.5000000000000009 11.500000000000002 4 5 6 7 7.5000000000000009 3.5000000000000004 3.5000000000000004 8.5000000000000018 8 9 10 11 4.5000000000000009 12 13 7.5000000000000009 14 15 11.500000000000002 16 17 15.500000000000002
decision_type=9 9 9 2 9 2 2 2 9 9 9 9 2 2 2 2 9 9 9 9 2 9 9 2 9 9 2 9 9 2
left_child=1 3 20 28 -4 15 11 9 -9 -8 -5 12 27 -3 -13 17 -17 -6 -19 -18 21 -2 -22 -24 -25 26 -23 -7 29 -1
right_child=2 13 4 10 5 6 7 8 -10 -11 -12 14 -14 -15 -16 16 19 18 -20 -21 22 25 23 24 -26 -27 -28 -29 -30 -31
leaf_value=-0.0019202329512168659 0.012746587526146831 -0.0053192011807398493 0.018146979802009994 -0.0032572137053339836 -0.0070817924561675967 0.0075807678420199533 0.0017765414328926978 -0.0079203473836754329 -0.0014313663438631386 -0.0017382590624942019 -0.0046308131660417777 -0.0013256947619565862 -0.003699499274935009 0.00022642109538135725 0.0051674971087153909 0.00031423241276234694 -0.010707002791209765 0.007760144128592961 -0.0019958460829591295 -0.0038356727555381889 0.0083132301357686008 0.00030852204876175016 0.0031539510717761956 -0.012505662831480181 -0.0044842635545525927 0.008405428467707976 0.015032879716732546 -7.6060608502265259e-05 -0.00082010044541944442 -0.0050099585640649875
leaf_weight=472 2270 3188 560 105 2286 1439 219 994 1178 789 620 1170 2597 2161 2374 1388 1225 1323 2682 520 1179 5034 1422 258 1008 4519 456 2007 294 659
leaf_count=472 2270 3188 560 105 2286 1439 219 994 1178 789 620 1170 2597 2161 2374 1388 1225 1323 2682 520 1179 5034 1422 258 1008 4519 456 2007 294 659
internal_value=-0.000825502 -0.00962179 0.000872594 -0.0225 -0.00130267 -0.00167785 0.000199734 -0.00562893 -0.00953039 0.00277778 -0.0368966 0.0021331 -0.000140426 -0.00441314 0.00599325 -0.00422326 -0.00809129 -0.00229693 0.00105853 -0.0147293 0.00393662 0.00508592 0.000297388 -0.00277984 -0.00995261 0.00368799 0.00132727 0.00365641 -0.0153333 -0.018624
internal_weight=46396 7499 38897 2150 22751 22191 12767 3180 2172 1008 725 9587 6043 5349 3544 9424 3133 6291 4005 1745 16146 12279 3867 2688 1266 10009 5490 3446 1425 1131
internal_count=46396 7499 38897 2150 22751 22191 12767 3180 2172 1008 725 9587 6043 5349 3544 9424 3133 6291 4005 1745 16146 12279 3867 2688 1266 10009 5490 3446 1425 1131
cat_boundaries=0 2 6 8 13 15 17 18 20 22 24 26 31 33 35 37 42 44 45
cat_threshold=33687558 4104 524288 0 536870920 4194304 3154657729 132080 516 2181038084 13107232 4098 512 16810008 65540 9224 65540 6 1099247664 9216 5256248 1028 5256232 32774 2138210 704643210 41945096 1342177280 536872000 138412032 2 67633152 128 2952790016 272 524288 192 50495496 1140981760 537396248 671088832 512 1082392592 8192 33554436
is_linear=0
shrinkage=0.05


Tree=40
num_leaves=31
num_cat=16
split_feature=0 2 7 0 0 2 2 7 4 9 7 0 0 7 0 9 0 0 2 4 4 3 7 0 4 7 2 7 0 0
split_gain=244.106 174.635 101.321 94.8361 49.9529 47.2897 38.7345 36.4874 35.5162 35.2015 33.9714 56.7764 50.8503 45.1222 50.2291 32.3604 31.5336 30.8196 29.2494 27.5004 25.7638 37.895 30.6523 26.2601 24.9786 24.1281 22.5602 25.4778 102.308 48.1642
threshold=0 1 10.500000000000002 2 3 4 5 9.5000000000000018 186.50000000000003 22.500000000000004 3.5000000000000004 6 7 6.5000000000000009 8 16.500000000000004 9 10 11 406.50000000000006 173.50000000000003 2.5000000000000004 11.500000000000002 12 9.5000000000000018 5.5000000000000009 13 8.5000000000000018 14 15
decision_type=9 9 2 9 9 9 9 2 2 2 2 9 9 2 9 2 9 9 9 2 2 2 2 9 2 2 9 2 9 9
left_child=1 2 8 26 -4 7 9 17 24 -7 12 13 -8 14 19 -10 -9 -5 -14 -12 21 -3 23 -23 -1 -16 -2 29 -29 -28
right_child=3 20 4 5 -6 6 10 16 15 -11 11 -13 18 -15 25 -17 -18 -19 -20 -21 -22 22 -24 -25 -26 -27 27 28 -30 -31
leaf_value=-0.010263680052418601 0.016536089336688799 -0.0033749885145715197 -0.0030943530200672866 0.025921849555916778 -0.0044277777453769207 -0.0082903554479920316 -0.007792394768634703 -0.0073576095798361498 -0.002098777315809769 0.082942793856308428 -0.0024403424940861343 0.0020828987212135552 0.0073721369221633089 -0.0041482511988082177 0.013955820354952631 -0.0055065439379344055 0.010462882927572659 0.00025717565333631675 -0.0017698697643691585 0.015965159553180907 0.00091045129636875284 -0.022274689115706754 0.00076215898410531566 -0.0077271219675857268 8.3122251922557178e-05 0.0015569654427784185 0.014768918998465858 -0.011521893522770266 0.0074490053628671728 0.0019266782453184696
leaf_weight=59 1187 3313 121 771 618 1322 1954 540 508 69 1330 10147 635 6107 742 503 207 369 3008 108 1551 145 93 144 444 559 2648 1074 2608 3512
leaf_count=59 1187 3313 121 771 618 1322 1954 540 508 69 1330 10147 635 6107 742 503 207 369 3008 108 1551 145 93 144 444 559 2648 1074 2608 3512
internal_value=-0.000782395 -0.00903582 -0.0206584 0.000810908 -0.0359269 -0.000742521 -0.00129853 0.00687928 -0.0133421 -0.00938615 -0.000837398 0.000171116 -0.00426121 -0.00275519 0.00257393 -0.0187438 -0.00167336 0.0125439 -0.000752806 -0.0038674 -0.00401446 -0.00629229 -0.0212042 -0.0292388 -0.00248509 0.00964912 0.00473322 0.00393829 0.00065182 0.00590909
internal_weight=46396 7499 2253 38897 739 27868 25981 1887 1514 1391 24590 18993 5597 8846 2739 1011 747 1140 3643 1438 5246 3695 382 289 503 1301 11029 9842 3682 6160
internal_count=46396 7499 2253 38897 739 27868 25981 1887 1514 1391 24590 18993 5597 8846 2739 1011 747 1140 3643 1438 5246 3695 382 289 503 1301 11029 9842 3682 6160
cat_boundaries=0 2 6 8 9 14 19 21 23 24 26 28 32 34 39 41 43
cat_threshold=33687558 4104 524288 0 570949640 138412032 3020440001 448 2054 67109892 2181169172 29370416 4627 20 134369280 64 570425344 2147483648 1024 1101006392 10240 1422336 99858 25166880 1224736816 65568 151028272 76836 42467328 268435456 524293 536871936 0 8 2637830 67108864 33554440 136319040 513 537395265 64 604504129 64
is_linear=0
shrinkage=0.05


Tree=41
num_leaves=31
num_cat=10
split_feature=2 7 3 2 7 5 5 7 7 9 9 5 2 7 5 9 1 5 1 5 7 5 2 2 7 9 1 1 2 5
split_gain=145.689 110.355 58.6908 55.5153 44.3065 41.4736 42.1042 37.1518 46.1261 32.8684 30.6373 38.9538 37.6468 27.7571 25.2994 25.2884 24.1841 22.8109 32.9415 21.9952 22.3797 19.5075 18.9122 17.2952 16.5257 24.7949 34.7686 30.7884 16.2189 16.1669
threshold=0 10.500000000000002 2.5000000000000004 1 9.5000000000000018 1.5000000000000002 5.5000000000000009 2.5000000000000004 6.5000000000000009 22.500000000000004 16.500000000000004 3.5000000000000004 2 8.5000000000000018 3.5000000000000004 16.500000000000004 3 4.5000000000000009 4 5.5000000000000009 4.5000000000000009 4.5000000000000009 5 6 1.5000000000000002 11.500000000000002 7 8 9 5.5000000000000009
decision_type=9 2 2 9 2 2 2 2 2 2 2 2 9 2 2 2 9 2 9 2 2 2 9 9 2 2 9 9 9 2
left_child=1 7 17 4 13 28 10 -1 9 14 11 12 -7 -2 -9 16 -10 -3 -19 20 -16 -12 -23 -13 -8 26 -26 -27 -5 -6
right_child=3 2 -4 5 29 6 24 8 15 -11 21 23 -14 -15 19 -17 -18 18 -20 -21 -22 22 -24 -25 25 27 -28 -29 -30 -31
leaf_value=-0.0057916899108393484 0.015834575464104717 -0.0071924614819329552 0.010492229160562146 0.0010765653871620095 0.0018004752357807575 0.0051091505608196587 -0.0077074125680972111 -0.0024935485299530493 0.00027944738269696233 0.045499850830391479 0.0045172510301663086 0.007916841641521833 -0.003871258535846234 0.039040655109850803 0.0006473393409133888 -0.0049502998313606331 -0.011162273798585665 -0.0034326389850884379 0.00219321678701192 -0.00068290404544687491 0.0061339857664586888 -0.0059170115088608482 0.0011635080546130495 0.001466799050925699 0.0015835694251873811 -0.0051936658848599189 0.00059796109540513067 -0.0032039738365963635 -0.0031229969707463391 -0.0087270538549685701
leaf_weight=797 969 842 130 2673 834 1736 350 1307 1199 88 5756 878 5583 299 269 1095 343 761 107 261 429 346 1333 5686 109 268 1243 2631 7932 142
leaf_count=797 969 842 130 2673 834 1736 350 1307 1199 88 5756 878 5583 299 269 1095 343 761 107 261 429 346 1333 5686 109 268 1243 2631 7932 142
internal_value=-0.00078455 -0.0070961 -0.0177717 0.000459023 0.00807453 -1.09487e-05 0.00106678 -0.00371458 -0.0021138 0.00297366 0.002003 0.000615861 -0.00189234 0.0142744 0.00180936 -0.00665529 -0.00252918 -0.0202339 -0.0259217 0.00797706 0.0126074 0.00459314 -0.000148898 0.00341255 -0.00327103 -0.0024112 0.00318047 -0.00501897 -0.00264498 0.000102459
internal_weight=46396 7628 1840 38768 2244 36524 25919 5788 4991 2354 21318 13883 7319 1268 2266 2637 1542 1710 868 959 698 7435 1679 6564 4601 4251 1352 2899 10605 976
internal_count=46396 7628 1840 38768 2244 36524 25919 5788 4991 2354 21318 13883 7319 1268 2266 2637 1542 1710 868 959 698 7435 1679 6564 4601 4251 1352 2899 10605 976
cat_boundaries=0 5 9 14 16 18 23 28 29 30 35
cat_threshold=135184 2048 570425344 2285895680 1024 69206148 2147483668 29433888 2626049 8388618 67108864 526351 536870912 7 0 524288 0 524288 34078720 0 9 1088 3 33589248 268435456 16 1024 2 64 294976 2299019266 0 31 1104 2
is_linear=0
shrinkage=0.05


Tree=42
num_leaves=31
num_cat=19
split_feature=0 1 0 5 5 9 0 5 0 1 0 4 4 0 0 1 0 9 0 1 3 0 0 0 5 0 2 4 0 4
split_gain=242.698 172.376 95.684 44.2661 64.9196 42.0459 35.4556 33.9389 36.1727 33.1927 32.3548 32.2999 30.4933 30.2719 30.1673 29.8663 36.1029 27.9389 41.7426 29.7306 26.1784 48.9389 30.2321 24.9513 32.3829 24.7261 24.2145 26.3629 23.3562 23.1946
threshold=0 1 2 2.5000000000000004 5.5000000000000009 13.500000000000002 3 4.5000000000000009 4 5 6 43.500000000000007 588.50000000000011 7 8 9 10 11.500000000000002 11 12 2.5000000000000004 13 14 15 3.5000000000000004 16 17 65.500000000000014 18 12.500000000000002
decision_type=9 9 9 2 2 2 9 2 9 9 9 2 2 9 9 9 9 2 9 9 2 9 9 9 2 9 9 2 9 2
left_child=1 5 7 11 9 -1 -7 10 -9 -5 -2 14 20 17 -4 16 -10 18 -6 -19 22 -22 -3 -11 -25 -13 -12 -28 -21 -20
right_child=2 12 3 4 13 6 -8 8 15 23 26 25 -14 -15 -16 -17 -18 19 29 28 21 -23 -24 24 -26 -27 27 -29 -30 -31
leaf_value=-0.0080021980799780679 0.011652900608724915 0.0051784351184729132 -0.008382913389316321 0.00030888628687893442 0.0013617658304377446 -0.0031854209638578937 -0.0058394874400177548 0.0086036410207923474 -0.012123040469427427 0.0017208166521145429 0.0098855001895852626 -0.0042899043133376056 0.018555223735254457 0.00016178201068065557 -0.0032664173057142922 -0.00085507609498194361 -0.00084706627365100935 -0.0055087884105259584 -0.015593911987770361 0.0019809652014373346 -0.02062619895980013 -0.0020104992441474234 -0.0047455900960158342 0.0011522784328697577 0.0099889975920561154 4.6812047381217248e-05 -0.0010287597642604563 0.0053467284223520763 -0.007187937482917889 -0.0012407544849834834
leaf_weight=616 2270 1065 1139 7483 119 1118 287 1086 131 1527 1723 2479 105 1407 1934 2401 303 236 103 182 214 311 2517 483 1033 4821 2886 5063 894 460
leaf_count=616 2270 1065 1139 7483 119 1118 287 1086 131 1527 1723 2479 105 1407 1934 2401 303 236 103 182 214 311 2517 483 1033 4821 2886 5063 894 460
internal_value=-0.000831968 -0.0100032 0.000593682 -0.00137803 0.000463129 -0.0219842 -0.0268683 0.00361305 -0.000420811 0.00240357 0.00494055 -0.00385134 -0.00421601 -0.00554249 -0.00815164 -0.00339192 -0.0153153 -0.00948104 -0.00131965 -0.0137957 -0.00490626 -0.0153333 -0.003378 0.00679659 0.0113368 -0.0020411 0.0036666 0.00249403 -0.00994475 -0.00706806
internal_weight=46396 6233 40163 24300 13927 2021 1405 15863 3921 10526 11942 10373 4212 3401 3073 2835 434 1994 682 1312 4107 525 3582 3043 1516 7300 9672 7949 1076 563
internal_count=46396 6233 40163 24300 13927 2021 1405 15863 3921 10526 11942 10373 4212 3401 3073 2835 434 1994 682 1312 4107 525 3582 3043 1516 7300 9672 7949 1076 563
cat_boundaries=0 2 4 6 7 9 11 13 15 17 19 21 23 25 27 29 31 33 38 40
cat_threshold=33687558 8 786433 8913928 3154690497 132064 33554432 2952790016 320 19276195 570822670 67633152 128 16777752 112642 11801632 102402 262144 524288 524288 128 8 65536 65600 136 0 8 33554432 8 1086665216 1028 1081082888 36868 134219782 0 10242 2102288 2 0 40962
is_linear=0
shrinkage=0.05


Tree=43
num_leaves=31
num_cat=13
split_feature=0 1 0 9 4 4 4 4 5 5 5 0 0 5 1 0 9 4 0 9 9 4 3 0 0 9 0 4 0 0
split_gain=221.593 156.405 87.4138 41.9257 40.5749 65.4134 36.3527 53.5122 30.4245 30.4681 27.1079 35.8372 34.3212 37.0773 25.4977 34.8478 25.3575 24.0544 24.0246 25.7118 25.721 22.1076 25.4927 48.5872 26.0765 21.92 36.3129 25.6769 21.8058 21.3039
threshold=0 1 2 13.500000000000002 196.50000000000003 10.500000000000002 1.0000000180025095e-35 20.500000000000004 2.5000000000000004 5.5000000000000009 4.5000000000000009 3 4 3.5000000000000004 5 6 18.500000000000004 76.500000000000014 7 5.5000000000000009 11.500000000000002 588.50000000000011 2.5000000000000004 8 9 10.500000000000002 10 271.50000000000006 11 12
decision_type=9 9 9 2 2 2 2 2 2 2 2 9 9 2 9 9 2 2 9 2 2 2 2 9 9 2 9 2 9 9
left_child=1 3 6 -1 5 -5 -2 18 25 29 12 -12 -4 17 15 -13 -6 -14 19 -8 -21 22 24 -24 -3 26 27 -9 -11 -10
right_child=2 21 10 4 16 -7 7 8 9 28 11 14 13 -15 -16 -17 -18 -19 -20 20 -22 -23 23 -25 -26 -27 -28 -29 -30 -31
leaf_value=-0.007602088175979166 0.017221818034980987 0.0049195133625492661 0.0098877746713357147 -0.0051016158475611362 -0.0018760088262552072 -1.4871564686058659e-05 0.0061373581846469079 -0.014187065336155489 1.9052717576550917e-05 -0.004458374491909509 0.0020771181588508272 -0.011552794283968749 -0.001825541123238772 0.0071561848228438698 -0.0026112819623063891 -0.00022259971830460579 -0.0066085082077758598 0.0053573225939252678 -0.0036271270466941316 -0.015009302390731694 -0.0057735713846882118 0.017627462548491735 -0.019594889011810127 -0.0019099742819400523 -0.0045083105912150428 -0.0015985921318529496 -0.0021188965720322027 -0.00016230069443388118 0.001077824314328313 0.0043862015453956073
leaf_weight=616 459 1065 2550 156 524 315 31 800 4743 1542 2761 125 4056 2184 1607 172 410 5000 1318 460 648 105 214 311 2517 5718 1349 257 958 3425
leaf_count=616 459 1065 2550 156 524 315 31 800 4743 1542 2761 125 4056 2184 1607 172 410 5000 1318 460 648 105 214 311 2517 5718 1349 257 958 3425
internal_value=-0.000823347 -0.00958674 0.000538919 -0.0209995 -0.0258719 -0.0139066 -0.00161157 -0.00191303 -0.00100575 0.000749906 0.00306797 -0.00022508 0.00418419 0.00298667 -0.00548589 -0.0187296 -0.0319058 0.00157906 -0.00885226 -0.0141427 -0.0155235 -0.0040739 -0.00466277 -0.0149524 -0.00315466 -0.00331118 -0.00731505 -0.0141987 -0.00408 0.00222821
internal_weight=46396 6233 40163 2021 1405 471 21708 21249 18792 10668 18455 4665 13790 11240 1904 297 934 9056 2457 1139 1108 4212 4107 525 3582 8124 2406 1057 2500 8168
internal_count=46396 6233 40163 2021 1405 471 21708 21249 18792 10668 18455 4665 13790 11240 1904 297 934 9056 2457 1139 1108 4212 4107 525 3582 8124 2406 1057 2500 8168
cat_boundaries=0 2 4 6 8 10 12 14 16 18 20 22 24 26
cat_threshold=33687558 8 786433 8913928 1106589240 48130 3019899072 65904 67649536 128 0 524288 524288 128 1099173888 4098 0 8 33554432 8 1077937192 45058 25166360 15362 1090597424 1024
is_linear=0
shrinkage=0.05


Tree=44
num_leaves=31
num_cat=16
split_feature=0 1 8 0 0 9 4 5 5 0 1 1 9 0 0 9 5 0 1 1 5 4 1 0 3 0 0 8 4 4
split_gain=199.24 142.475 81.1703 80.3358 54.4845 45.6834 43.078 36.6525 65.4388 31.8244 32.5856 30.3636 28.8155 53.8763 49.5299 28.4258 22.3725 35.4368 36.9638 26.2351 26.2714 22.2121 22.0385 21.711 20.5172 54.3031 23.9102 39.2456 18.832 38.7719
threshold=0 1 1.0000000180025095e-35 2 3 13.500000000000002 262.50000000000006 2.5000000000000004 5.5000000000000009 4 5 6 11.500000000000002 7 8 11.500000000000002 4.5000000000000009 9 10 11 1.0000000180025095e-35 12.500000000000002 12 13 2.5000000000000004 14 15 1.0000000180025095e-35 75.500000000000014 96.500000000000014
decision_type=9 9 2 9 9 2 2 2 2 9 9 9 2 9 9 2 2 9 9 9 2 2 9 9 2 9 9 2 2 2
left_child=1 2 4 16 -1 -4 -7 9 11 10 15 -9 14 22 -10 -5 19 18 -18 -2 -21 -16 -14 -13 26 -26 27 -3 -11 -30
right_child=3 24 5 7 -6 6 -8 8 12 28 -12 23 13 -15 21 -17 17 -19 -20 20 -22 -23 -24 -25 25 -27 -28 -29 29 -31
leaf_value=-0.0041660896173906564 0.021948475950299664 -0.0064200105859457297 0.00076585259893694195 -0.013029183362409014 -0.0047280069365548683 -4.150469063940454e-05 -0.0036711461188953078 0.00047727482317867499 0.001939737618454368 -0.0036266950069567985 -0.0023052770870277462 0.0015024618853837991 0.0024701328988790631 -0.0020357394970353603 -0.013163290489178353 -0.0039355745715002948 -0.0082491122991099064 0.0036086234815218502 -0.0019521633044127019 -0.0019621759279943251 0.0064036005500881735 -0.00065011607192534129 -0.0070801408576054888 0.0075910275155951007 -0.018613181964752434 -1.089542087257256e-05 -0.0039813999285936014 0.012910093306212112 0.010231047161488017 -0.0010499631906469799
leaf_weight=787 517 410 324 802 251 260 399 8219 258 3615 1603 1595 126 1625 131 1155 227 2120 725 1659 7404 854 813 2086 215 344 2558 685 659 3970
leaf_count=787 517 410 324 802 251 260 399 8219 258 3615 1603 1595 126 1625 131 1155 227 2120 725 1659 7404 854 813 2086 215 344 2558 685 659 3970
internal_value=-0.00081257 -0.00912222 -0.0200148 0.000479178 -0.0298651 -0.00981689 -0.0173748 -0.00103739 0.000544343 -0.003143 -0.00708683 0.00236975 -0.00516154 -0.00819033 0.00108608 -0.0114133 0.00377508 6.51042e-05 -0.00790021 0.00496868 0.00432602 -0.00407035 -0.0176502 0.00613655 -0.00386073 -0.0127907 -0.00250479 0.00366516 -0.00142961 0.000680493
internal_weight=46396 6233 2021 40163 1038 983 659 27511 15707 11804 3560 11900 3807 2564 1243 1957 12652 3072 952 9580 9063 985 939 3681 4212 559 3653 1095 8244 4629
internal_count=46396 6233 2021 40163 1038 983 659 27511 15707 11804 3560 11900 3807 2564 1243 1957 12652 3072 952 9580 9063 985 939 3681 4212 559 3653 1095 8244 4629
cat_boundaries=0 2 4 6 7 9 11 13 15 17 19 21 23 25 27 29 31
cat_threshold=33687558 8 786433 8913928 3020472768 132032 33554432 1085277192 36866 1092747716 8388622 19276195 981860364 16777241 65540 9225 65556 573696 131200 0 524288 262276 8650752 2228230 536870912 1086664705 9252 0 8 33554432 8
is_linear=0
shrinkage=0.05


Tree=45
num_leaves=31
num_cat=15
split_feature=0 2 8 0 0 7 2 0 7 2 4 5 5 0 7 0 0 4 7 7 7 0 2 0 2 0 7 5 4 7
split_gain=183.648 133.653 79.4203 78.3489 55.2026 37.774 32.5841 41.0297 25.5867 25.5712 24.1647 22.9106 30.1207 33.205 24.7799 65.0744 40.8909 24.5167 23.891 22.8228 35.1821 81.3764 38.0052 36.2798 43.9929 34.3209 31.6812 27.7152 23.441 20.9412
threshold=0 1 1.0000000180025095e-35 2 3 6.5000000000000009 4 5 7.5000000000000009 6 588.50000000000011 2.5000000000000004 5.5000000000000009 7 7.5000000000000009 8 9 167.50000000000003 6.5000000000000009 11.500000000000002 10.500000000000002 10 11 12 13 14 7.5000000000000009 4.5000000000000009 65.500000000000014 2.5000000000000004
decision_type=9 9 2 9 9 2 9 9 2 9 2 2 2 9 2 9 9 2 2 2 2 9 9 9 9 9 2 2 2 2
left_child=1 2 4 6 -1 -4 7 -2 -3 -8 -10 -11 14 -14 16 -16 29 -17 -18 20 23 22 -22 26 -25 -21 -5 -28 -26 -13
right_child=3 8 5 19 -6 -7 9 -9 10 11 -12 12 13 -15 15 17 18 -19 -20 25 21 -23 -24 24 28 -27 27 -29 -30 -31
leaf_value=-0.0039669874806398057 0.00099349386290211177 0.00022905513095274334 0.00049810605225578672 0.016171626166037133 -0.0044200512136742696 -0.0031726029172849113 0.0082628254514280804 -0.006353424912634964 -0.0074086277320788213 -0.0027579178775300724 0.034905228061576754 0.0011979765548169319 -0.0047204716245619512 0.00098197158961660933 -0.0076641624712777221 0.00031505770061623917 -0.00066787279837707833 0.0085110341033539649 0.0082998306664058604 0.032823692143905923 -0.012957026811404343 0.0090157545756309517 -0.0039728370986070799 0.0085163523624628978 -0.0026512657269873174 0.0018525414143295673 0.007299998862900503 -0.0059596100886275538 0.0023339619468670469 0.0095245040781280887
leaf_weight=789 686 2088 274 1918 253 722 855 1218 2066 8120 41 562 1503 1170 1656 1243 2351 789 415 504 366 955 543 2198 3689 1061 753 277 5987 1344
leaf_count=789 686 2088 274 1918 253 722 855 1218 2066 8120 41 562 1503 1170 1656 1243 2351 789 415 504 366 955 543 2198 3689 1061 753 277 5987 1344
internal_value=-0.000775929 -0.0087538 -0.0192383 0.000464242 -0.0289827 -0.00923695 -0.00155095 -0.00778474 -0.00362663 -0.000954141 -0.00752254 -0.0013333 0.000149551 -0.00447063 0.00162679 -0.00143709 0.00404538 0.00455436 0.000144092 0.00288319 0.00234328 -0.0041309 -0.0147443 0.00315747 0.00191855 0.00865815 0.00811359 0.00106796 0.000464588 0.00965553
internal_weight=46396 6233 2038 40163 1042 996 21912 1904 4195 20008 2107 19153 11033 2673 8360 3688 4672 2032 2766 18251 16686 1864 909 14822 11874 1565 2948 1030 9676 1906
internal_count=46396 6233 2038 40163 1042 996 21912 1904 4195 20008 2107 19153 11033 2673 8360 3688 4672 2032 2766 18251 16686 1864 909 14822 11874 1565 2948 1030 9676 1906
cat_boundaries=0 2 6 8 9 13 15 20 22 24 26 28 32 34 39 41
cat_threshold=33687558 8 524288 0 536870936 138412032 1106589240 46086 33554432 136337408 268435520 570425344 2148532224 1090847240 4100 1540 2214592516 8912944 4099 20 25166360 12292 1090781720 8196 1082393112 8198 134774849 198848 4 0 536870918 4194304 67633216 64 203425796 0 16785408 4199936 4 2415919104 2448
is_linear=0
shrinkage=0.05


Tree=46
num_leaves=31
num_cat=18
split_feature=0 1 8 0 0 9 7 0 2 7 0 0 0 7 0 7 0 0 9 5 1 0 2 5 1 7 0 7 0 3
split_gain=163.527 124.147 77.8714 68.8604 47.8188 44.2639 35.1712 43.8854 31.8616 27.8747 116.036 77.5847 44.4306 25.4683 24.8935 23.854 66.9078 49.3614 36.1681 29.407 24.0582 23.8423 23.3237 22.5502 21.985 21.9017 23.6085 21.0675 27.7068 20.8362
threshold=0 1 1.0000000180025095e-35 2 3 14.500000000000002 3.5000000000000004 4 5 7.5000000000000009 6 7 8 11.500000000000002 9 7.5000000000000009 10 11 17.500000000000004 3.5000000000000004 12 13 14 1.5000000000000002 15 7.5000000000000009 16 4.5000000000000009 17 2.5000000000000004
decision_type=9 9 2 9 9 2 2 9 9 2 9 9 9 2 9 2 9 9 2 2 9 9 9 2 9 2 9 2 9 2
left_child=1 2 4 8 -1 -4 7 14 15 11 -11 -8 -12 23 -5 17 19 -2 20 22 -18 -13 -17 -14 -16 27 -27 28 -3 -28
right_child=3 25 5 6 -6 -7 9 -9 -10 10 12 21 13 -15 24 16 18 -19 -20 -21 -22 -23 -24 -25 -26 26 29 -29 -30 -31
leaf_value=-0.0037594357624891328 -0.0071177726934869186 0.0018605054230849572 0.00042021669078603498 0.032980820993691172 -0.0042706040290434125 -0.0029034121158267923 0.016876843281312559 -0.0048832180970064592 0.00062745079074151284 0.0098192058951003698 -0.012276334779805598 -0.0033555558897688689 -0.0088472711968795078 0.0063715433671216685 0.013309047227751775 -0.013074043688195603 -0.018785951056466049 0.00026345182083586938 -0.00077349408451320991 0.0047203254680233571 -0.0077675971233406834 0.0061400256877831129 -0.0012251467041406894 -0.00079286857175708825 -0.001404675232672581 0.00051057761871113052 -0.0063588783897938518 0.0051762493519937449 -0.009230627462109512 -0.017052387711626364
leaf_weight=787 1408 740 363 279 251 620 2545 1844 8667 3663 753 1337 1028 801 456 101 119 5723 787 865 2158 1951 1321 2687 1670 698 1158 924 440 252
leaf_count=787 1408 740 363 279 251 620 2545 1844 8667 3663 753 1337 1028 801 456 101 119 5723 787 865 2158 1951 1321 2687 1670 698 1158 924 440 252
internal_value=-0.000793172 -0.00832132 -0.0184884 0.000377119 -0.028131 -0.0084944 0.00255992 -0.0014474 -0.00158561 0.00371487 0.00195925 0.00640322 -0.00279409 -0.000905877 0.00300207 -0.00320205 -0.0057279 -0.00131118 -0.01054 0.000761863 -0.0137681 0.00130382 -0.00365682 -0.00265141 0.0011236 -0.00341071 -0.00702087 0.000190114 -0.00423729 -0.0107042
internal_weight=46396 6233 2021 40163 1038 983 19014 4249 21149 14765 8932 5833 5269 4516 2405 12482 5351 7131 3064 2287 2277 3288 1422 3715 2126 4212 2108 2104 1180 1410
internal_count=46396 6233 2021 40163 1038 983 19014 4249 21149 14765 8932 5833 5269 4516 2405 12482 5351 7131 3064 2287 2277 3288 1422 3715 2126 4212 2108 2104 1180 1410
cat_boundaries=0 2 4 6 7 9 13 15 17 19 20 22 24 26 28 31 33 34 36
cat_threshold=33687558 8 786433 8913928 1106589240 47106 33554432 1007157440 320 228775960 1342308416 1644168200 2685403152 2214609152 1968 872972353 65604 537395200 64 537395200 5321768 36864 3150880 36864 0 8 16640 1584 134217728 0 536870912 1073872964 524422 33556482 131076 8
is_linear=0
shrinkage=0.05


Tree=47
num_leaves=31
num_cat=8
split_feature=2 7 3 2 9 5 7 7 7 7 7 9 7 7 9 2 5 7 2 7 5 2 2 7 1 9 9 9 2 3
split_gain=100.353 79.444 44.1657 40.697 30.4166 30.2802 26.205 58.5808 28.9834 25.8891 40.9316 32.7574 24.7488 27.0843 24.2151 29.1387 23.5306 26.338 23.3677 19.7345 17.7726 17.5235 16.6777 16.6539 16.4513 15.7355 17.3564 14.9271 13.6541 14.9775
threshold=0 10.500000000000002 2.5000000000000004 1 18.500000000000004 1.0000000180025095e-35 7.5000000000000009 3.5000000000000004 11.500000000000002 2.5000000000000004 6.5000000000000009 22.500000000000004 9.5000000000000018 8.5000000000000018 16.500000000000004 2 3.5000000000000004 4.5000000000000009 3 10.500000000000002 4.5000000000000009 4 5 3.5000000000000004 6 18.500000000000004 7.5000000000000009 2.5000000000000004 7 2.5000000000000004
decision_type=9 2 2 9 2 2 2 2 2 2 2 2 2 2 2 9 2 2 9 2 2 9 9 2 9 2 2 2 9 2
left_child=1 9 25 12 5 -5 7 21 19 -1 11 16 13 20 15 -12 27 -18 -9 -8 -2 -7 -21 28 -19 26 -3 -11 29 -6
right_child=3 2 -4 4 23 6 8 18 -10 10 14 -13 -14 -15 -16 -17 17 24 -20 22 -22 -23 -24 -25 -26 -27 -28 -29 -30 -31
leaf_value=-0.00461826182690569 0.011912243223323899 -0.011276449710930586 0.008342114335933971 -0.0038790416964689547 -0.014606094174488849 0.0038242762521324639 -0.0014102157105058744 0.011486182797552503 0.0017214845685693094 0.019819236466185559 0.00019459287740889177 0.04358659622691119 3.3699089199812349e-05 0.032656968863144932 -0.0039473700747996001 -0.011896193962227731 -0.00053648355178267937 0.0060665326902241412 0.0022497842713931683 0.00063074287738412727 -0.0020135361043529033 -0.0032889490635357177 -0.0055118516000753574 0.0034298468072825774 -4.2009561044875635e-05 -0.0050451235544796361 -0.0016154107729376534 -0.0025169487384681835 0.00084760416502914222 0.00034398863927118665
leaf_weight=856 1205 141 142 3969 189 980 6470 688 2065 58 1310 88 1241 377 1105 288 417 423 7294 517 506 4514 1991 5017 147 433 1161 1295 1394 115
leaf_count=856 1205 141 142 3969 189 980 6470 688 2065 58 1310 88 1241 377 1105 288 417 423 7294 517 506 4514 1991 5017 147 433 1161 1295 1394 115
internal_value=-0.000711268 -0.00585471 -0.0148375 0.000339889 -0.000160452 -0.000874052 -0.000218198 0.0012615 -0.00202391 -0.00304827 -0.00170532 0.00300659 0.00561545 0.00895594 -0.00593785 -0.0020025 0.00188034 0.00775076 0.00399649 -0.00325239 0.00628288 -0.00271205 -0.00701754 0.00286672 0.0147368 -0.0170317 -0.0142857 -0.00240207 -0.00141343 -0.010828
internal_weight=46396 7864 1877 38532 35203 28488 24519 13476 11043 5987 5131 2428 3329 2088 2703 1598 2340 987 7982 8978 1711 5494 2508 6715 570 1735 1302 1353 1698 304
internal_count=46396 7864 1877 38532 35203 28488 24519 13476 11043 5987 5131 2428 3329 2088 2703 1598 2340 987 7982 8978 1711 5494 2508 6715 570 1735 1302 1353 1698 304
cat_boundaries=0 5 10 14 19 24 29 31 35
cat_threshold=135184 2048 570425344 2286944384 1024 69206148 2147483668 21047328 2626049 18 0 0 33554432 138412160 2155905032 131072 524314 0 516 17303552 268435456 1074266117 536871936 4 167772162 268435456 13 64 1 0 524288 524288 0 27 64
is_linear=0
shrinkage=0.05


Tree=48
num_leaves=31
num_cat=13
split_feature=0 1 0 7 4 9 7 0 7 0 0 0 0 7 5 0 0 7 5 4 4 9 0 4 7 5 0 9 9 1
split_gain=150.878 101.445 86.497 68.6543 51.4554 46.3967 36.6018 68.2676 45.6969 144.83 103.908 44.4886 44.3113 44.0007 40.0893 35.0944 33.2311 30.6391 29.2621 28.8437 28.6072 27.3062 25.7958 25.7728 24.861 32.4743 28.9228 24.267 38.2736 24.1133
threshold=0 1 2 10.500000000000002 169.50000000000003 16.500000000000004 3.5000000000000004 3 7.5000000000000009 4 5 6 7 11.500000000000002 5.5000000000000009 8 9 7.5000000000000009 2.5000000000000004 3.5000000000000004 19.500000000000004 13.500000000000002 10 196.50000000000003 4.5000000000000009 1.5000000000000002 11 11.500000000000002 10.500000000000002 12
decision_type=9 9 9 2 2 2 2 9 2 9 9 9 9 2 2 9 9 2 2 2 2 2 9 2 2 2 9 2 2 9
left_child=1 2 3 5 17 -1 7 -2 10 11 -8 -10 -12 14 18 -9 -11 24 -13 21 -4 -20 -6 -7 25 26 -3 28 -16 -18
right_child=6 4 20 -5 22 23 8 15 9 16 12 13 -14 -15 27 -17 29 -19 19 -21 -22 -23 -24 -25 -26 -27 -28 -29 -30 -31
leaf_value=-0.00086869945567213122 -0.011260796466358025 -0.0091500106963192003 -0.0092256912209629401 -0.00233026898501571 0.0054789305781885933 -0.00024870461936999934 0.016053005665531611 0.027079748163534603 -0.011182712496501268 0.0028261390454723369 -0.004139013237792988 -0.0070068694037561221 0.0051943313194742049 0.0058527295569817507 -0.011382705019505635 -0.00019609786714092081 0.023880493692171378 -0.0055470592010680893 0.03328077896780899 -0.0011678734637086685 -0.00081156664575092745 0.0018752438963661189 -0.00066318168250791292 -0.00410848467968844 0.00081654892742534242 -0.00080573071936189682 -0.0028663368205175789 -0.0074197392160370692 0.0027283899444233289 0.0083796050525047246
leaf_weight=606 1254 337 387 583 1958 209 2516 367 1000 4638 2011 1624 4254 865 109 4469 499 4209 84 1601 1613 242 3021 454 2498 2061 443 515 70 1899
leaf_count=606 1254 337 387 583 1958 209 2516 367 1000 4638 2011 1624 4254 865 109 4469 499 4209 84 1601 1613 242 3021 454 2498 2061 443 515 70 1899
internal_value=-0.00071989 -0.00423895 -0.0114448 -0.0192266 -0.00232166 -0.0128054 0.00158954 -0.00183908 0.00254253 0.000677012 0.00533538 -0.00495098 0.00187251 -0.00304688 -0.00514723 0.000866694 0.00556344 -0.00447214 -0.00299916 0.00116762 -0.0041791 0.0147239 0.00179755 -0.0219457 -0.0019573 -0.00515663 -0.0138462 -0.0161383 -0.00027933 0.0103405
internal_weight=46396 18379 3852 1852 14527 1269 28017 6090 21927 13146 8781 6110 6265 5110 4245 4836 7036 9548 3551 1927 2000 326 4979 663 5339 2841 780 694 179 2398
internal_count=46396 18379 3852 1852 14527 1269 28017 6090 21927 13146 8781 6110 6265 5110 4245 4836 7036 9548 3551 1927 2000 326 4979 663 5339 2841 780 694 179 2398
cat_boundaries=0 2 4 5 7 9 11 13 15 17 19 21 23 25
cat_threshold=1134958638 36874 129 524364 33816580 2148623360 656 671711825 75844 604537409 73796 536871424 8256 5260544 1584 537395200 2048 339748224 131104 1118044168 2 50335746 32768 2457732 134480016
is_linear=0
shrinkage=0.05


Tree=49
num_leaves=31
num_cat=4
split_feature=2 7 4 4 1 4 4 7 7 1 4 8 7 7 7 9 7 9 3 7 4 7 9 9 2 6 4 9 7 9
split_gain=94.6323 46.9594 45.6944 53.7457 44.9008 37.2731 45.9253 50.4816 30.1986 25.4806 24.472 24.2001 32.1038 23.9691 23.0247 25.8777 20.7883 25.4378 33.3502 20.3788 25.7315 20.0154 26.2888 25.4298 29.018 22.9785 17.7466 17.5007 17.3202 17.1291
threshold=0 9.5000000000000018 4.5000000000000009 300.50000000000006 1 171.50000000000003 1.0000000180025095e-35 9.5000000000000018 8.5000000000000018 2 26.500000000000004 1.0000000180025095e-35 11.500000000000002 7.5000000000000009 11.500000000000002 18.500000000000004 10.500000000000002 7.5000000000000009 2.5000000000000004 1.5000000000000002 250.50000000000003 6.5000000000000009 22.500000000000004 16.500000000000004 3 1.0000000180025095e-35 122.50000000000001 3.5000000000000004 8.5000000000000018 13.500000000000002
decision_type=9 2 2 2 9 2 2 2 2 9 2 2 2 2 2 2 2 2 2 2 2 2 2 2 9 2 2 2 2 2
left_child=1 19 -3 9 14 6 7 8 -2 29 -8 12 16 -13 15 -5 -12 18 -18 20 26 22 27 24 -23 -25 -1 -21 -15 -4
right_child=5 2 3 4 -6 -7 10 -9 -10 -11 11 13 -14 28 -16 -17 17 -19 -20 21 -22 23 -24 25 -26 -27 -28 -29 -30 -31
leaf_value=-0.0033641609366616976 0.013245520616300589 -0.0047140792098442326 -0.011534250018971329 -0.0010415847197576711 0.0020339624379704826 0.0022171047004721557 -0.0024092927838820725 -0.004507497252031512 0.031773762495614831 7.0839484527218671e-05 -0.0014364048089639898 0.0028034354888481941 0.0028467924789999711 -0.004163313309628147 -0.0031037887670472223 -0.0052842128905095272 -0.0093038185370981075 -0.0051784749834544791 -0.016904629070452072 0.0071736278543100612 0.0031659784841906458 0.0013328178794614566 0.032651007863183978 -0.0042519685777485331 -0.0068313991333796625 -0.0035041179504668924 -0.0060846105508773124 -0.00018131399840373987 0.0007620157692803998 -0.0026375530946953218
leaf_weight=199 857 202 248 357 225 11486 5551 719 273 1357 5158 4509 1477 1651 309 136 117 1593 118 111 127 1017 105 580 495 400 325 3320 3102 272
leaf_count=199 857 202 248 357 225 11486 5551 719 273 1357 5158 4509 1477 1651 309 136 117 1593 118 111 127 1017 105 580 495 400 325 3320 3102 272
internal_value=-0.0007242 -0.00508933 -0.0101739 -0.00857438 -0.0177702 0.000443734 -0.000634826 0.0069497 0.0135398 -0.00354289 -0.00123733 -0.000330042 -0.00226279 0.00143597 -0.0231527 -0.0167343 -0.00367879 -0.00826039 -0.023617 -0.00273244 -0.0111367 -0.00182482 0.000593891 -0.00525682 -0.00119048 -0.0115306 -0.0160305 -0.000160303 -0.00104145 -0.0128302
internal_weight=46396 9785 3106 2904 1027 36611 25125 1849 1130 1877 23276 17725 8463 9262 802 493 6986 1828 235 6679 651 6028 3536 2492 1512 980 524 3431 4753 520
internal_count=46396 9785 3106 2904 1027 36611 25125 1849 1130 1877 23276 17725 8463 9262 802 493 6986 1828 235 6679 651 6028 3536 2492 1512 980 524 3431 4753 520
cat_boundaries=0 5 7 9 13
cat_threshold=134664464 1342179328 570425344 2286944400 3072 0 524296 1 536870924 32768 1073741824 33554432 4194320
is_linear=0
shrinkage=0.05


Tree=50
num_leaves=31
num_cat=12
split_feature=0 1 0 9 0 1 0 9 8 9 4 4 9 4 4 4 4 8 0 1 0 0 9 1 1 3 9 5 4 9
split_gain=138.76 98.8304 55.8403 75.2126 40.9895 40.1155 32.2297 30.947 29.6688 43.0851 29.1644 26.786 26.1331 25.5625 26.9598 24.7788 31.5505 24.7616 42.2878 35.0483 26.8753 23.2895 22.8722 22.3153 22.0894 21.1776 33.5161 18.8107 18.6783 19.9965
threshold=0 1 2 18.500000000000004 3 4 5 22.500000000000004 1.0000000180025095e-35 10.500000000000002 34.500000000000007 173.50000000000003 14.500000000000002 331.50000000000006 4.5000000000000009 198.50000000000003 9.5000000000000018 1.0000000180025095e-35 6 7 8 9 5.5000000000000009 10 11 2.5000000000000004 10.500000000000002 2.5000000000000004 291.50000000000006 12.500000000000002
decision_type=9 9 9 2 9 9 9 2 2 2 2 2 2 2 2 2 2 2 9 9 9 9 2 9 9 2 2 2 2 2
left_child=1 2 3 8 -2 6 -6 10 9 -1 22 24 -10 14 -11 16 -5 20 19 -19 23 -13 -4 -7 -3 -26 -27 -23 -12 -30
right_child=4 11 7 15 5 17 -8 -9 12 13 28 21 -14 -15 -16 -17 -18 18 -20 -21 -22 27 -24 -25 25 26 -28 -29 29 -31
leaf_value=-0.015522573120542622 0.0032621049496773581 0.0010987001243476847 0.0056981916314063075 -0.0044406499670126554 -0.00052530667759997376 -0.0049155912861102435 -0.0053807034462136361 0.069317818527046313 0.00054911632784925284 -0.0014262889475528896 0.004060163453760513 -0.0010367799576673665 -0.0018661596452489106 -0.00077339105106510875 0.00024774525994169518 -0.0051594980890339592 -0.00017361315236376075 0.029527819913360332 0.0036988415556282852 -0.0034530142684342322 0.0010359373854526566 -0.0003358667721715919 -0.010601958632780673 0.0030302532585846477 -0.0028842946935119795 -0.015400606392137681 -0.00049028012164604453 0.011110447134793712 0.0012329106800972101 -0.0048585367129487028
leaf_weight=167 11910 1256 31 57 2191 2955 1619 67 292 63 535 1896 267 137 163 385 130 244 6757 2524 4260 570 437 810 5220 192 168 734 95 264
leaf_count=167 11910 1256 31 57 2191 2955 1619 67 292 63 535 1896 267 137 163 385 130 244 6757 2524 4260 570 437 810 5220 192 168 734 95 264
internal_value=-0.000711268 -0.00506242 -0.012871 -0.0191203 0.00100661 -0.000304165 -0.00494764 -0.00552467 -0.0115243 -0.02 -0.0071953 -0.00264782 -0.00348837 -0.0103306 0 -0.0339161 -0.018984 0.00070615 0.00243045 -0.00277178 -0.00133956 0.001125 -0.0173077 -0.0044106 -0.00441779 -0.00576029 -0.0175 0.00624049 -0.00190157 -0.0107242
internal_weight=46396 13126 3090 1661 33270 21360 3810 1429 1089 530 1362 10036 559 363 226 572 187 17550 9525 2768 8025 3200 468 3765 6836 5580 360 1304 894 359
internal_count=46396 13126 3090 1661 33270 21360 3810 1429 1089 530 1362 10036 559 363 226 572 187 17550 9525 2768 8025 3200 468 3765 6836 5580 360 1304 894 359
cat_boundaries=0 2 4 5 7 10 12 14 16 18 20 22 24
cat_threshold=61212686 4104 262272 524360 33554436 3020472513 1472 8673 572522510 1 1208029696 98356 1073742864 2048 4100 268435584 139530752 98836 16777222 4104 19202054 269221888 172388 33816707
is_linear=0
shrinkage=0.05


Tree=51
num_leaves=31
num_cat=19
split_feature=0 2 7 0 0 2 0 2 0 1 0 7 7 0 7 0 7 0 0 2 0 0 7 7 7 4 0 7 5 1
split_gain=129.098 103.953 77.8326 55.7284 53.659 41.8901 35.2505 34.9305 34.1452 34.6014 50.8553 22.6972 47.8008 49.506 22.5301 54.7873 28.0341 68.6515 62.5999 37.6706 26.1729 22.5616 21.5118 20.9371 42.608 20.6344 24.826 25.9991 20.2472 19.4502
threshold=0 1 10.500000000000002 2 3 4 5 6 7 8 9 10.500000000000002 11.500000000000002 10 2.5000000000000004 11 6.5000000000000009 12 13 14 15 16 1.5000000000000002 3.5000000000000004 5.5000000000000009 26.500000000000004 17 7.5000000000000009 3.5000000000000004 18
decision_type=9 9 2 9 9 9 9 9 9 9 9 2 2 9 2 9 2 9 9 9 9 9 2 2 2 2 9 2 2 9
left_child=1 2 3 23 -4 6 -2 11 29 10 -10 25 13 -13 15 -11 17 19 -18 28 -17 -20 -22 -1 -25 -3 -27 -28 -16 -7
right_child=5 7 4 -5 -6 8 -8 -9 9 14 -12 12 -14 -15 16 20 18 -19 21 -21 22 -23 -24 24 -26 26 27 -29 -30 -31
leaf_value=-0.005703646452366401 -0.0075583501895562458 -0.0048011317196135495 0.000793448653898321 0.0035786131244793687 -0.0037210310025332927 -0.0060474687073697525 -0.00041456348691480129 0.0011254677485596971 0.028622453335569523 -0.016047191233459868 0.002196118370841649 -0.015292939419713061 0.00052475131099020695 -0.0065945536454935288 -0.0033540344883739139 0.02721531583100141 -0.0033052814078141815 0.0069119931053266918 0.0078590142736059253 -0.010980459199094607 0.0028550954330730186 0.00066915829052892068 -0.0055206428648034052 0.011196893373114592 -0.002269569604029653 0.0032947581730272458 -0.00049512288545151275 -0.0082759829417971883 0.011090795932005904 0.0066248067296754594
leaf_weight=329 1187 1129 171 779 771 426 2742 3236 466 697 2490 265 514 547 553 242 4614 3650 1338 1027 845 5160 921 144 1024 1544 2664 825 341 5755
leaf_count=329 1187 1129 171 779 771 426 2742 3236 466 697 2490 265 514 547 553 242 4614 3650 1338 1027 845 5160 921 144 1024 1544 2664 825 341 5755
internal_value=-0.000715579 -0.00473767 -0.0126084 -0.00764499 -0.0247346 0.00101343 -0.00382077 -0.00236631 0.00168039 0.000769437 0.00579906 -0.00424113 -0.010181 -0.017734 0 -0.0042329 0.000686327 0.00358104 -0.000764939 -0.00406525 0 0.00239705 -0.00213964 -0.0132382 -0.0101884 -0.00296981 -0.00159944 -0.00392969 0.0034292 0.00496689
internal_weight=46396 13942 3218 2276 942 32454 3929 10724 28525 22344 2956 7488 1326 812 19388 2705 16683 5571 11112 1921 2008 6498 1766 1497 1168 6162 5033 3489 894 6181
internal_count=46396 13942 3218 2276 942 32454 3929 10724 28525 22344 2956 7488 1326 812 19388 2705 16683 5571 11112 1921 2008 6498 1766 1497 1168 6162 5033 3489 894 6181
cat_boundaries=0 2 6 7 8 13 15 19 21 24 26 28 30 32 34 39 41 43 45 47
cat_threshold=61216782 4104 4096 67240000 536870920 4198416 33816588 4110 142787608 1375733776 1644167168 2819620994 1024 68166176 140866 34209792 1073741824 34079826 2281702400 68157568 10048 1142181892 2416185985 2 2147516529 128 8388608 8 2147558464 98448 2151761184 32816 1611170385 2050 33554432 0 70 4194304 7 537411584 2048 2147500032 32816 42209288 8 266240 268435585
is_linear=0
shrinkage=0.05


Tree=52
num_leaves=31
num_cat=11
split_feature=0 7 0 5 0 5 0 0 9 0 0 0 4 4 5 4 0 7 0 4 7 3 9 4 4 7 5 5 0 7
split_gain=117.887 66.6448 77.6186 32.3441 52.4664 34.3879 66.2906 39.2156 31.5921 27.322 26.9949 25.1832 26.0995 24.6174 24.17 26.6672 32.6578 24.0169 74.2919 23.9512 30.6916 24.9617 25.9073 24.7461 23 21.9348 21.8344 21.4472 21.0035 18.2919
threshold=0 9.5000000000000018 1 5.5000000000000009 2 3.5000000000000004 3 4 19.500000000000004 5 6 7 91.500000000000014 15.500000000000002 4.5000000000000009 234.50000000000003 8 1.5000000000000002 9 325.50000000000006 11.500000000000002 2.5000000000000004 9.5000000000000018 375.50000000000006 224.50000000000003 7.5000000000000009 4.5000000000000009 1.5000000000000002 10 9.5000000000000018
decision_type=9 2 9 2 9 2 9 9 2 9 9 9 2 2 2 2 9 2 9 2 2 2 2 2 2 2 2 2 9 2
left_child=1 10 -3 5 -5 6 -2 -7 11 -10 -1 -8 -13 -4 28 -16 25 18 24 20 21 26 -23 -21 -12 -17 -15 -11 -9 -6
right_child=3 2 13 4 29 7 8 14 9 27 17 12 -14 19 15 16 -18 -19 -20 23 -22 22 -24 -25 -26 -27 -28 -29 -30 -31
leaf_value=0.0036108221860010059 0.0067475046372666332 -0.0016541192556046832 -0.0048271330862942998 0.004701722010077642 -0.0029629374992520331 0.005428686661486987 -0.0075787343584692085 0.00063113622899906301 -0.011331004875234774 0.00075916737616904539 -0.01076817179948782 -0.0046298906107356767 0.00048887493915314992 -0.0079021323697653859 0.0010566065378557977 -0.0031330619644440783 0.00036463119037073445 -0.0011386438171001295 0.0052860996876116341 -0.0024805663210457464 0.00033466658570920353 -0.014034896699761781 -0.007405375608151377 -0.0010730392628999108 -0.0021236845602574219 -0.017853238538177617 0.00011404548285237349 0.010157900403230242 0.0059940937091702345 -0.003788658344814544
leaf_weight=1365 5685 2116 269 1284 1674 2436 785 1617 283 685 446 5057 5039 587 2353 106 366 8634 386 419 403 127 85 195 116 185 270 790 1755 878
leaf_count=1365 5685 2116 269 1284 1674 2436 785 1617 283 685 446 5057 5039 587 2353 106 366 8634 386 419 403 127 85 195 116 185 270 790 1755 878
internal_value=-0.000687559 -0.00425849 -0.00940505 0.00109074 -0.00320647 0.00169847 0.000463873 0.00426401 -0.00155348 0.00466439 -0.00216041 -0.00255951 -0.00188007 -0.0156237 0.00219024 -0.00106312 -0.00996956 -0.00309633 -0.010654 -0.0138543 -0.010394 -0.0148269 -0.0301887 -0.0221498 -0.022028 -0.022093 -0.0110268 0.00737374 0.00510083 -0.00733802
internal_weight=46396 15418 4471 30978 3836 27142 18324 8818 12639 1758 10947 10881 10096 2355 6382 3010 657 9582 948 2086 1472 1069 212 614 562 291 857 1475 3372 2552
internal_count=46396 15418 4471 30978 3836 27142 18324 8818 12639 1758 10947 10881 10096 2355 6382 3010 657 9582 948 2086 1472 1069 212 614 562 291 857 1475 3372 2552
cat_boundaries=0 2 4 6 8 10 12 14 16 18 20 22
cat_threshold=61216814 36872 6190 36864 4031849472 320 67649985 1504 604537856 74258 5275648 204800 10485760 8 1024 2 66192 196 50593794 32768 1342202177 1504
is_linear=0
shrinkage=0.05


end of trees

feature_importances:
district=492
month=271
day_of_week=213
comment_len=193
sub_category=159
hour=107
main_type=98
is_rainy_season=36
severity=19
is_weekend=2

parameters:
[boosting: gbdt]
[objective: regression_l1]
[metric: l1]
[tree_learner: serial]
[device_type: cpu]
[data_sample_strategy: bagging]
[data: ]
[valid: ]
[num_iterations: 800]
[learning_rate: 0.05]
[num_leaves: 31]
[num_threads: -1]
[seed: 42]
[deterministic: 0]
[force_col_wise: 0]
[force_row_wise: 0]
[histogram_pool_size: -1]
[max_depth: -1]
[min_data_in_leaf: 30]
[min_sum_hessian_in_leaf: 0.001]
[bagging_fraction: 0.8]
[pos_bagging_fraction: 1]
[neg_bagging_fraction: 1]
[bagging_freq: 0]
[bagging_seed: 400]
[bagging_by_query: 0]
[feature_fraction: 0.8]
[feature_fraction_bynode: 1]
[feature_fraction_seed: 30056]
[extra_trees: 0]
[extra_seed: 12879]
[early_stopping_round: 0]
[early_stopping_min_delta: 0]
[first_metric_only: 0]
[max_delta_step: 0]
[lambda_l1: 0]
[lambda_l2: 0]
[linear_lambda: 0]
[min_gain_to_split: 0]
[drop_rate: 0.1]
[max_drop: 50]
[skip_drop: 0.5]
[xgboost_dart_mode: 0]
[uniform_drop: 0]
[drop_seed: 17869]
[top_rate: 0.2]
[other_rate: 0.1]
[min_data_per_group: 100]
[max_cat_threshold: 32]
[cat_l2: 10]
[cat_smooth: 10]
[max_cat_to_onehot: 4]
[top_k: 20]
[monotone_constraints: ]
[monotone_constraints_method: basic]
[monotone_penalty: 0]
[feature_contri: ]
[forcedsplits_filename: ]
[refit_decay_rate: 0.9]
[cegb_tradeoff: 1]
[cegb_penalty_split: 0]
[cegb_penalty_feature_lazy: ]
[cegb_penalty_feature_coupled: ]
[path_smooth: 0]
[interaction_constraints: ]
[verbosity: -1]
[saved_feature_importance_type: 0]
[use_quantized_grad: 0]
[num_grad_quant_bins: 4]
[quant_train_renew_leaf: 0]
[stochastic_rounding: 1]
[linear_tree: 0]
[max_bin: 255]
[max_bin_by_feature: ]
[min_data_in_bin: 3]
[bin_construct_sample_cnt: 200000]
[data_random_seed: 175]
[is_enable_sparse: 1]
[enable_bundle: 1]
[use_missing: 1]
[zero_as_missing: 0]
[feature_pre_filter: 1]
[pre_partition: 0]
[two_round: 0]
[header: 0]
[label_column: ]
[weight_column: ]
[group_column: ]
[ignore_column: ]
[categorical_feature: 0,1,2]
[forcedbins_filename: ]
[precise_float_parser: 0]
[parser_config_file: ]
[objective_seed: 16083]
[num_class: 1]
[is_unbalance: 0]
[scale_pos_weight: 1]
[sigmoid: 1]
[boost_from_average: 1]
[reg_sqrt: 0]
[alpha: 0.9]
[fair_c: 1]
[poisson_max_delta_step: 0.7]
[tweedie_variance_power: 1.5]
[lambdarank_truncation_level: 30]
[lambdarank_norm: 1]
[label_gain: ]
[lambdarank_position_bias_regularization: 0]
[eval_at: ]
[multi_error_top_k: 1]
[auc_mu_weights: ]
[num_machines: 1]
[local_listen_port: 12400]
[time_out: 120]
[machine_list_filename: ]
[machines: ]
[gpu_platform_id: -1]
[gpu_device_id: -1]
[gpu_device_id_list: ]
[gpu_use_dp: 0]
[num_gpu: 1]

end of parameters

pandas_categorical:[["\u0e04\u0e25\u0e2d\u0e07\u0e2a\u0e32\u0e19", "\u0e04\u0e25\u0e2d\u0e07\u0e2a\u0e32\u0e21\u0e27\u0e32", "\u0e04\u0e25\u0e2d\u0e07\u0e40\u0e15\u0e22", "\u0e04\u0e31\u0e19\u0e19\u0e32\u0e22\u0e32\u0e27", "\u0e08\u0e15\u0e38\u0e08\u0e31\u0e01\u0e23", "\u0e08\u0e2d\u0e21\u0e17\u0e2d\u0e07", "\u0e14\u0e2d\u0e19\u0e40\u0e21\u0e37\u0e2d\u0e07", "\u0e14\u0e34\u0e19\u0e41\u0e14\u0e07", "\u0e14\u0e38\u0e2a\u0e34\u0e15", "\u0e15\u0e25\u0e34\u0e48\u0e07\u0e0a\u0e31\u0e19", "\u0e17\u0e27\u0e35\u0e27\u0e31\u0e12\u0e19\u0e32", "\u0e17\u0e38\u0e48\u0e07\u0e04\u0e23\u0e38", "\u0e18\u0e19\u0e1a\u0e38\u0e23\u0e35", "\u0e1a\u0e32\u0e07\u0e01\u0e2d\u0e01\u0e19\u0e49\u0e2d\u0e22", "\u0e1a\u0e32\u0e07\u0e01\u0e2d\u0e01\u0e43\u0e2b\u0e0d\u0e48", "\u0e1a\u0e32\u0e07\u0e01\u0e30\u0e1b\u0e34", "\u0e1a\u0e32\u0e07\u0e02\u0e38\u0e19\u0e40\u0e17\u0e35\u0e22\u0e19", "\u0e1a\u0e32\u0e07\u0e04\u0e2d\u0e41\u0e2b\u0e25\u0e21", "\u0e1a\u0e32\u0e07\u0e0b\u0e37\u0e48\u0e2d", "\u0e1a\u0e32\u0e07\u0e19\u0e32", "\u0e1a\u0e32\u0e07\u0e1a\u0e2d\u0e19", "\u0e1a\u0e32\u0e07\u0e1e\u0e25\u0e31\u0e14", "\u0e1a\u0e32\u0e07\u0e23\u0e31\u0e01", "\u0e1a\u0e32\u0e07\u0e40\u0e02\u0e19", "\u0e1a\u0e32\u0e07\u0e41\u0e04", "\u0e1a\u0e36\u0e07\u0e01\u0e38\u0e48\u0e21", "\u0e1b\u0e17\u0e38\u0e21\u0e27\u0e31\u0e19", "\u0e1b\u0e23\u0e30\u0e40\u0e27\u0e28", "\u0e1b\u0e49\u0e2d\u0e21\u0e1b\u0e23\u0e32\u0e1a\u0e28\u0e31\u0e15\u0e23\u0e39\u0e1e\u0e48\u0e32\u0e22", "\u0e1e\u0e0d\u0e32\u0e44\u0e17", "\u0e1e\u0e23\u0e30\u0e19\u0e04\u0e23", "\u0e1e\u0e23\u0e30\u0e42\u0e02\u0e19\u0e07", "\u0e1e\u0e38\u0e19\u0e1e\u0e34\u0e19", "\u0e20\u0e32\u0e29\u0e35\u0e40\u0e08\u0e23\u0e34\u0e0d", "\u0e21\u0e35\u0e19\u0e1a\u0e38\u0e23\u0e35", "\u0e22\u0e32\u0e19\u0e19\u0e32\u0e27\u0e32", "\u0e23\u0e32\u0e0a\u0e40\u0e17\u0e27\u0e35", "\u0e25\u0e32\u0e14\u0e01\u0e23\u0e30\u0e1a\u0e31\u0e07", "\u0e25\u0e32\u0e14\u0e1e\u0e23\u0e49\u0e32\u0e27", "\u0e27\u0e31\u0e07\u0e17\u0e2d\u0e07\u0e2b\u0e25\u0e32\u0e07", "\u0e27\u0e31\u0e12\u0e19\u0e32", "\u0e2a\u0e27\u0e19\u0e2b\u0e25\u0e27\u0e07", "\u0e2a\u0e30\u0e1e\u0e32\u0e19\u0e2a\u0e39\u0e07", "\u0e2a\u0e31\u0e21\u0e1e\u0e31\u0e19\u0e18\u0e27\u0e07\u0e28\u0e4c", "\u0e2a\u0e32\u0e17\u0e23", "\u0e2a\u0e32\u0e22\u0e44\u0e2b\u0e21", "\u0e2b\u0e19\u0e2d\u0e07\u0e08\u0e2d\u0e01", "\u0e2b\u0e19\u0e2d\u0e07\u0e41\u0e02\u0e21", "\u0e2b\u0e25\u0e31\u0e01\u0e2a\u0e35\u0e48", "\u0e2b\u0e49\u0e27\u0e22\u0e02\u0e27\u0e32\u0e07", "\u0e40\u0e21\u0e37\u0e2d\u0e07\u0e1b\u0e17\u0e38\u0e21\u0e18\u0e32\u0e19\u0e35", "\u0e40\u0e21\u0e37\u0e2d\u0e07\u0e2a\u0e21\u0e38\u0e17\u0e23\u0e1b\u0e23\u0e32\u0e01\u0e32\u0e23"], ["BEST", "\u0e01\u0e23\u0e30\u0e17\u0e33\u0e1c\u0e34\u0e14\u0e43\u0e19\u0e17\u0e35\u0e48\u0e2a\u0e32\u0e18\u0e32\u0e23\u0e13\u0e30", "\u0e01\u0e23\u0e38\u0e07\u0e40\u0e17\u0e1e\u0e42\u0e1b\u0e23\u0e48\u0e07\u0e43\u0e2a", "\u0e01\u0e25\u0e49\u0e2d\u0e07\u0e42\u0e17\u0e23\u0e17\u0e31\u0e28\u0e19\u0e4c\u0e27\u0e07\u0e08\u0e23\u0e1b\u0e34\u0e14 (CCTV)", "\u0e01\u0e32\u0e23\u0e04\u0e38\u0e49\u0e21\u0e04\u0e23\u0e2d\u0e07\u0e1c\u0e39\u0e49\u0e1a\u0e23\u0e34\u0e42\u0e20\u0e04", "\u0e01\u0e32\u0e23\u0e1a\u0e23\u0e34\u0e2b\u0e32\u0e23\u0e07\u0e32\u0e19\u0e1a\u0e38\u0e04\u0e04\u0e25", "\u0e02\u0e22\u0e30", "\u0e02\u0e22\u0e30\u0e41\u0e25\u0e30\u0e2a\u0e34\u0e48\u0e07\u0e1b\u0e0f\u0e34\u0e01\u0e39\u0e25", "\u0e02\u0e2d\u0e04\u0e27\u0e32\u0e21\u0e0a\u0e48\u0e27\u0e22\u0e40\u0e2b\u0e25\u0e37\u0e2d", "\u0e02\u0e2d\u0e43\u0e0a\u0e49\u0e1a\u0e23\u0e34\u0e01\u0e32\u0e23", "\u0e02\u0e2d\u0e43\u0e2b\u0e49\u0e14\u0e33\u0e40\u0e19\u0e34\u0e19\u0e01\u0e32\u0e23\u0e01\u0e31\u0e1a\u0e2a\u0e31\u0e15\u0e27\u0e4c\u0e40\u0e25\u0e37\u0e49\u0e2d\u0e22\u0e04\u0e25\u0e32\u0e19 \u0e2a\u0e31\u0e15\u0e27\u0e4c\u0e21\u0e35\u0e1e\u0e34\u0e29", "\u0e02\u0e36\u0e49\u0e19\u0e17\u0e30\u0e40\u0e1a\u0e35\u0e22\u0e19&\u0e2a\u0e33\u0e23\u0e27\u0e08", "\u0e02\u0e49\u0e2d\u0e40\u0e2a\u0e19\u0e2d\u0e41\u0e19\u0e30", "\u0e04\u0e19\u0e40\u0e23\u0e48\u0e23\u0e48\u0e2d\u0e19", "\u0e04\u0e27\u0e31\u0e19\u0e14\u0e33", "\u0e04\u0e27\u0e32\u0e21\u0e1b\u0e25\u0e2d\u0e14\u0e20\u0e31\u0e22", "\u0e04\u0e27\u0e32\u0e21\u0e2a\u0e30\u0e2d\u0e32\u0e14", "\u0e08\u0e23\u0e32\u0e08\u0e23", "\u0e08\u0e38\u0e14\u0e40\u0e2a\u0e35\u0e48\u0e22\u0e07", "\u0e15\u0e49\u0e19\u0e44\u0e21\u0e49", "\u0e15\u0e49\u0e19\u0e44\u0e21\u0e49\u0e41\u0e25\u0e30\u0e2a\u0e27\u0e19\u0e2a\u0e32\u0e18\u0e32\u0e23\u0e13\u0e30", "\u0e16\u0e19\u0e19", "\u0e16\u0e31\u0e07\u0e14\u0e31\u0e1a\u0e40\u0e1e\u0e25\u0e34\u0e07/\u0e1b\u0e23\u0e30\u0e1b\u0e32\u0e2b\u0e31\u0e27\u0e41\u0e14\u0e07", "\u0e17\u0e31\u0e48\u0e27\u0e44\u0e1b", "\u0e17\u0e32\u0e07\u0e40\u0e17\u0e49\u0e32", "\u0e17\u0e35\u0e48\u0e1e\u0e31\u0e01\u0e1c\u0e39\u0e49\u0e42\u0e14\u0e22\u0e2a\u0e32\u0e23", "\u0e17\u0e38\u0e08\u0e23\u0e34\u0e15", "\u0e17\u0e48\u0e2d\u0e23\u0e30\u0e1a\u0e32\u0e22\u0e19\u0e49\u0e33", "\u0e19\u0e49\u0e33\u0e17\u0e48\u0e27\u0e21", "\u0e1a\u0e23\u0e34\u0e01\u0e32\u0e23\u0e2a\u0e32\u0e18\u0e32\u0e23\u0e13\u0e30\u0e02\u0e2d\u0e07\u0e2b\u0e19\u0e48\u0e27\u0e22\u0e07\u0e32\u0e19\u0e43\u0e19\u0e2a\u0e31\u0e07\u0e01\u0e31\u0e14\u0e01\u0e23\u0e38\u0e07\u0e40\u0e17\u0e1e\u0e21\u0e2b\u0e32\u0e19\u0e04\u0e23", "\u0e1a\u0e32\u0e17\u0e27\u0e34\u0e16\u0e35", "\u0e1b\u0e23\u0e30\u0e1b\u0e32", "\u0e1b\u0e31\u0e0d\u0e2b\u0e32\u0e04\u0e27\u0e32\u0e21\u0e40\u0e14\u0e37\u0e2d\u0e14\u0e23\u0e49\u0e2d\u0e19\u0e08\u0e32\u0e01\u0e01\u0e32\u0e23\u0e14\u0e33\u0e40\u0e19\u0e34\u0e19\u0e01\u0e32\u0e23\u0e02\u0e2d\u0e07\u0e23\u0e31\u0e10", "\u0e1b\u0e31\u0e0d\u0e2b\u0e32\u0e17\u0e35\u0e48\u0e2a\u0e48\u0e07\u0e1c\u0e25\u0e01\u0e23\u0e30\u0e17\u0e1a\u0e01\u0e31\u0e1a\u0e01\u0e32\u0e23\u0e08\u0e23\u0e32\u0e08\u0e23", "\u0e1b\u0e31\u0e0d\u0e2b\u0e32\u0e2a\u0e31\u0e07\u0e04\u0e21", "\u0e1b\u0e49\u0e32\u0e22\u0e42\u0e06\u0e29\u0e13\u0e32", "\u0e1c\u0e34\u0e14\u0e01\u0e0e\u0e08\u0e23\u0e32\u0e08\u0e23", "\u0e1c\u0e34\u0e14\u0e01\u0e0f\u0e08\u0e23\u0e32\u0e08\u0e23", "\u0e1c\u0e39\u0e49\u0e1e\u0e34\u0e01\u0e32\u0e23+\u0e43\u0e0a\u0e49\u0e25\u0e49\u0e2d", "\u0e1d\u0e38\u0e48\u0e19\u0e04\u0e27\u0e31\u0e19&\u0e01\u0e25\u0e34\u0e48\u0e19&PM2.5", "\u0e20\u0e31\u0e22\u0e2d\u0e2d\u0e19\u0e44\u0e25\u0e19\u0e4c", "\u0e22\u0e32\u0e40\u0e2a\u0e1e\u0e15\u0e34\u0e14", "\u0e27\u0e34\u0e19\u0e21\u0e2d\u0e44\u0e0b\u0e04\u0e4c", "\u0e2a\u0e30\u0e1e\u0e32\u0e19", "\u0e2a\u0e31\u0e15\u0e27\u0e4c", "\u0e2a\u0e32\u0e18\u0e32\u0e23\u0e13\u0e39\u0e1b\u0e42\u0e20\u0e04", "\u0e2a\u0e32\u0e22\u0e2a\u0e37\u0e48\u0e2d\u0e2a\u0e32\u0e23", "\u0e2a\u0e38\u0e02\u0e20\u0e32\u0e1e & \u0e1a\u0e31\u0e15\u0e23\u0e17\u0e2d\u0e07", "\u0e2b\u0e32\u0e1a\u0e40\u0e23\u0e48\u0e41\u0e1c\u0e07\u0e25\u0e2d\u0e22", "\u0e2d\u0e32\u0e04\u0e32\u0e23", "\u0e2d\u0e32\u0e04\u0e32\u0e23\u0e2a\u0e16\u0e32\u0e19\u0e17\u0e35\u0e48\u0e0a\u0e33\u0e23\u0e38\u0e14", "\u0e2d\u0e37\u0e48\u0e19\u0e46", "\u0e2d\u0e38\u0e1a\u0e31\u0e15\u0e34\u0e40\u0e2b\u0e15\u0e38", "\u0e2d\u0e38\u0e1b\u0e01\u0e23\u0e13\u0e4c\u0e0a\u0e33\u0e23\u0e38\u0e14", "\u0e40\u0e02\u0e37\u0e48\u0e2d\u0e19 \u0e04\u0e39\u0e04\u0e25\u0e2d\u0e07", "\u0e40\u0e1c\u0e32\u0e43\u0e19\u0e17\u0e35\u0e48\u0e42\u0e25\u0e48\u0e07", "\u0e40\u0e23\u0e37\u0e48\u0e2d\u0e07\u0e09\u0e38\u0e01\u0e40\u0e09\u0e34\u0e19", "\u0e40\u0e23\u0e37\u0e48\u0e2d\u0e07\u0e23\u0e49\u0e2d\u0e07\u0e17\u0e38\u0e01\u0e02\u0e4c\u0e1b\u0e23\u0e30\u0e40\u0e20\u0e17\u0e2d\u0e37\u0e48\u0e19 \u0e46 - \u0e40\u0e23\u0e37\u0e48\u0e2d\u0e07\u0e23\u0e49\u0e2d\u0e07\u0e40\u0e23\u0e35\u0e22\u0e19\u0e17\u0e35\u0e48\u0e44\u0e21\u0e48\u0e2a\u0e32\u0e21\u0e32\u0e23\u0e16\u0e08\u0e31\u0e14\u0e40\u0e02\u0e49\u0e32\u0e1b\u0e23\u0e30\u0e40\u0e20\u0e17\u0e43\u0e14", "\u0e40\u0e25\u0e37\u0e2d\u0e01\u0e15\u0e31\u0e49\u0e07", "\u0e40\u0e2a\u0e19\u0e2d\u0e41\u0e19\u0e30", "\u0e40\u0e2a\u0e35\u0e22\u0e07", "\u0e40\u0e2b\u0e15\u0e38\u0e40\u0e14\u0e37\u0e2d\u0e14\u0e23\u0e49\u0e2d\u0e19\u0e23\u0e33\u0e04\u0e32\u0e0d", "\u0e41\u0e17\u0e47\u0e01\u0e0b\u0e35\u0e48/\u0e23\u0e16\u0e40\u0e21\u0e25\u0e4c", "\u0e42\u0e23\u0e07\u0e40\u0e23\u0e35\u0e22\u0e19", "\u0e44\u0e1f\u0e1b\u0e48\u0e32", "\u0e44\u0e1f\u0e1f\u0e49\u0e32"], ["BEST", "\u0e01\u0e23\u0e30\u0e17\u0e33\u0e1c\u0e34\u0e14\u0e43\u0e19\u0e17\u0e35\u0e48\u0e2a\u0e32\u0e18\u0e32\u0e23\u0e13\u0e30", "\u0e01\u0e23\u0e38\u0e07\u0e40\u0e17\u0e1e\u0e42\u0e1b\u0e23\u0e48\u0e07\u0e43\u0e2a", "\u0e01\u0e25\u0e34\u0e48\u0e19", "\u0e01\u0e25\u0e48\u0e32\u0e27\u0e42\u0e17\u0e29\u0e40\u0e08\u0e49\u0e32\u0e2b\u0e19\u0e49\u0e32\u0e17\u0e35\u0e48", "\u0e01\u0e25\u0e49\u0e2d\u0e07\u0e42\u0e17\u0e23\u0e17\u0e31\u0e28\u0e19\u0e4c\u0e27\u0e07\u0e08\u0e23\u0e1b\u0e34\u0e14 (CCTV)", "\u0e01\u0e32\u0e23\u0e04\u0e38\u0e49\u0e21\u0e04\u0e23\u0e2d\u0e07\u0e1c\u0e39\u0e49\u0e1a\u0e23\u0e34\u0e42\u0e20\u0e04", "\u0e01\u0e32\u0e23\u0e1a\u0e23\u0e34\u0e2b\u0e32\u0e23\u0e07\u0e32\u0e19\u0e1a\u0e38\u0e04\u0e04\u0e25", "\u0e01\u0e32\u0e23\u0e1a\u0e23\u0e34\u0e2b\u0e32\u0e23\u0e08\u0e31\u0e14\u0e01\u0e32\u0e23\u0e02\u0e2d\u0e07\u0e2b\u0e19\u0e48\u0e27\u0e22\u0e07\u0e32\u0e19", "\u0e01\u0e32\u0e23\u0e23\u0e30\u0e1a\u0e32\u0e22\u0e19\u0e49\u0e33\u0e17\u0e34\u0e49\u0e07\u0e25\u0e07\u0e43\u0e19\u0e16\u0e19\u0e19 \u0e2b\u0e23\u0e37\u0e2d\u0e1a\u0e49\u0e32\u0e19\u0e02\u0e2d\u0e07\u0e1c\u0e39\u0e49\u0e2d\u0e37\u0e48\u0e19", "\u0e01\u0e32\u0e23\u0e43\u0e2b\u0e49\u0e1a\u0e23\u0e34\u0e01\u0e32\u0e23\u0e02\u0e2d\u0e07\u0e40\u0e08\u0e49\u0e32\u0e2b\u0e19\u0e49\u0e32\u0e17\u0e35\u0e48", "\u0e02\u0e22\u0e30", "\u0e02\u0e22\u0e30\u0e15\u0e01\u0e04\u0e49\u0e32\u0e07", "\u0e02\u0e22\u0e30\u0e15\u0e01\u0e2b\u0e25\u0e48\u0e19", "\u0e02\u0e22\u0e30\u0e41\u0e25\u0e30\u0e2a\u0e34\u0e48\u0e07\u0e1b\u0e0f\u0e34\u0e01\u0e39\u0e25", "\u0e02\u0e2d\u0e04\u0e27\u0e32\u0e21\u0e0a\u0e48\u0e27\u0e22\u0e40\u0e2b\u0e25\u0e37\u0e2d", "\u0e02\u0e2d\u0e04\u0e27\u0e32\u0e21\u0e40\u0e1b\u0e47\u0e19\u0e18\u0e23\u0e23\u0e21", "\u0e02\u0e2d\u0e17\u0e32\u0e19", "\u0e02\u0e2d\u0e43\u0e0a\u0e49\u0e1a\u0e23\u0e34\u0e01\u0e32\u0e23", "\u0e02\u0e2d\u0e43\u0e2b\u0e49\u0e08\u0e31\u0e14\u0e23\u0e30\u0e40\u0e1a\u0e35\u0e22\u0e1a\u0e2b\u0e32\u0e1a\u0e40\u0e23\u0e48 \u0e41\u0e1c\u0e07\u0e25\u0e2d\u0e22", "\u0e02\u0e2d\u0e43\u0e2b\u0e49\u0e08\u0e31\u0e14\u0e40\u0e01\u0e47\u0e1a\u0e02\u0e22\u0e30\u0e0a\u0e34\u0e49\u0e19\u0e43\u0e2b\u0e0d\u0e48 / \u0e02\u0e22\u0e30\u0e2a\u0e48\u0e27\u0e19\u0e40\u0e01\u0e34\u0e19", "\u0e02\u0e2d\u0e43\u0e2b\u0e49\u0e14\u0e33\u0e40\u0e19\u0e34\u0e19\u0e01\u0e32\u0e23\u0e01\u0e31\u0e1a\u0e19\u0e01", "\u0e02\u0e2d\u0e43\u0e2b\u0e49\u0e14\u0e33\u0e40\u0e19\u0e34\u0e19\u0e01\u0e32\u0e23\u0e01\u0e31\u0e1a\u0e1c\u0e39\u0e49\u0e01\u0e48\u0e2d\u0e2a\u0e23\u0e49\u0e32\u0e07\u0e2b\u0e23\u0e37\u0e2d\u0e15\u0e48\u0e2d\u0e40\u0e15\u0e34\u0e21\u0e2d\u0e32\u0e04\u0e32\u0e23\u0e42\u0e14\u0e22\u0e44\u0e21\u0e48\u0e44\u0e14\u0e49\u0e23\u0e31\u0e1a\u0e2d\u0e19\u0e38\u0e0d\u0e32\u0e15", "\u0e02\u0e2d\u0e43\u0e2b\u0e49\u0e14\u0e33\u0e40\u0e19\u0e34\u0e19\u0e01\u0e32\u0e23\u0e01\u0e31\u0e1a\u0e1c\u0e39\u0e49\u0e02\u0e31\u0e1a\u0e02\u0e35\u0e48\u0e23\u0e16 / \u0e08\u0e2d\u0e14\u0e23\u0e16\u0e1a\u0e19\u0e17\u0e32\u0e07\u0e40\u0e17\u0e49\u0e32", "\u0e02\u0e2d\u0e43\u0e2b\u0e49\u0e14\u0e33\u0e40\u0e19\u0e34\u0e19\u0e01\u0e32\u0e23\u0e01\u0e31\u0e1a\u0e1c\u0e39\u0e49\u0e08\u0e2d\u0e14\u0e23\u0e16\u0e01\u0e35\u0e14\u0e02\u0e27\u0e32\u0e07", "\u0e02\u0e2d\u0e43\u0e2b\u0e49\u0e14\u0e33\u0e40\u0e19\u0e34\u0e19\u0e01\u0e32\u0e23\u0e01\u0e31\u0e1a\u0e1c\u0e39\u0e49\u0e15\u0e31\u0e49\u0e07\u0e27\u0e32\u0e07\u0e2a\u0e34\u0e48\u0e07\u0e02\u0e2d\u0e07\u0e01\u0e35\u0e14\u0e02\u0e27\u0e32\u0e07", "\u0e02\u0e2d\u0e43\u0e2b\u0e49\u0e14\u0e33\u0e40\u0e19\u0e34\u0e19\u0e01\u0e32\u0e23\u0e01\u0e31\u0e1a\u0e1c\u0e39\u0e49\u0e40\u0e17\u0e19\u0e49\u0e33 \u0e19\u0e49\u0e33\u0e21\u0e31\u0e19 \u0e2b\u0e23\u0e37\u0e2d\u0e17\u0e34\u0e49\u0e07\u0e40\u0e28\u0e29\u0e2a\u0e34\u0e48\u0e07\u0e02\u0e2d\u0e07\u0e43\u0e19\u0e17\u0e48\u0e2d\u0e23\u0e30\u0e1a\u0e32\u0e22\u0e19\u0e49\u0e33", "\u0e02\u0e2d\u0e43\u0e2b\u0e49\u0e14\u0e33\u0e40\u0e19\u0e34\u0e19\u0e01\u0e32\u0e23\u0e01\u0e31\u0e1a\u0e27\u0e31\u0e2a\u0e14\u0e38\u0e15\u0e01\u0e2b\u0e25\u0e48\u0e19\u0e1a\u0e19\u0e1c\u0e34\u0e27\u0e08\u0e23\u0e32\u0e08\u0e23", "\u0e02\u0e2d\u0e43\u0e2b\u0e49\u0e14\u0e33\u0e40\u0e19\u0e34\u0e19\u0e01\u0e32\u0e23\u0e01\u0e31\u0e1a\u0e2a\u0e38\u0e19\u0e31\u0e02", "\u0e02\u0e2d\u0e43\u0e2b\u0e49\u0e14\u0e33\u0e40\u0e19\u0e34\u0e19\u0e01\u0e32\u0e23\u0e01\u0e31\u0e1a\u0e2b\u0e19\u0e39", "\u0e02\u0e2d\u0e43\u0e2b\u0e49\u0e14\u0e33\u0e40\u0e19\u0e34\u0e19\u0e01\u0e32\u0e23\u0e01\u0e31\u0e1a\u0e41\u0e21\u0e27", "\u0e02\u0e2d\u0e43\u0e2b\u0e49\u0e14\u0e33\u0e40\u0e19\u0e34\u0e19\u0e01\u0e32\u0e23\u0e23\u0e37\u0e49\u0e2d\u0e16\u0e2d\u0e19\u0e2a\u0e34\u0e48\u0e07\u0e01\u0e48\u0e2d\u0e2a\u0e23\u0e49\u0e32\u0e07\u0e23\u0e38\u0e01\u0e25\u0e49\u0e33\u0e17\u0e35\u0e48\u0e2a\u0e32\u0e18\u0e32\u0e23\u0e13\u0e30", "\u0e02\u0e2d\u0e43\u0e2b\u0e49\u0e14\u0e33\u0e40\u0e19\u0e34\u0e19\u0e01\u0e32\u0e23\u0e41\u0e01\u0e49\u0e44\u0e02\u0e2a\u0e32\u0e22\u0e44\u0e1f\u0e1f\u0e49\u0e32\u0e17\u0e35\u0e48\u0e44\u0e21\u0e48\u0e40\u0e1b\u0e47\u0e19\u0e23\u0e30\u0e40\u0e1a\u0e35\u0e22\u0e1a\u0e40\u0e23\u0e35\u0e22\u0e1a\u0e23\u0e49\u0e2d\u0e22 \u0e2b\u0e23\u0e37\u0e2d\u0e2d\u0e32\u0e08\u0e01\u0e48\u0e2d\u0e43\u0e2b\u0e49\u0e40\u0e01\u0e34\u0e14\u0e2d\u0e31\u0e19\u0e15\u0e23\u0e32\u0e22\u0e41\u0e01\u0e48\u0e1b\u0e23\u0e30\u0e0a\u0e32\u0e0a\u0e19", "\u0e02\u0e2d\u0e43\u0e2b\u0e49\u0e15\u0e23\u0e27\u0e08\u0e2a\u0e2d\u0e1a \u0e41\u0e01\u0e49\u0e44\u0e02\u0e1b\u0e31\u0e0d\u0e2b\u0e32\u0e2d\u0e32\u0e04\u0e32\u0e23\u0e0a\u0e33\u0e23\u0e38\u0e14\u0e21\u0e35\u0e23\u0e2d\u0e22\u0e41\u0e15\u0e01\u0e23\u0e49\u0e32\u0e27\u0e2b\u0e23\u0e37\u0e2d\u0e17\u0e23\u0e38\u0e14\u0e15\u0e31\u0e27", "\u0e02\u0e2d\u0e43\u0e2b\u0e49\u0e15\u0e31\u0e14\u0e41\u0e15\u0e48\u0e07\u0e15\u0e49\u0e19\u0e44\u0e21\u0e49 \u0e01\u0e34\u0e48\u0e07\u0e44\u0e21\u0e49", "\u0e02\u0e2d\u0e43\u0e2b\u0e49\u0e15\u0e34\u0e14\u0e15\u0e31\u0e49\u0e07 \u0e0b\u0e48\u0e2d\u0e21\u0e41\u0e0b\u0e21 \u0e40\u0e04\u0e25\u0e37\u0e48\u0e2d\u0e19\u0e22\u0e49\u0e32\u0e22 \u0e04\u0e31\u0e19\u0e0a\u0e30\u0e25\u0e2d\u0e04\u0e27\u0e32\u0e21\u0e40\u0e23\u0e47\u0e27", "\u0e02\u0e2d\u0e43\u0e2b\u0e49\u0e15\u0e34\u0e14\u0e15\u0e31\u0e49\u0e07 \u0e0b\u0e48\u0e2d\u0e21\u0e41\u0e0b\u0e21 \u0e40\u0e04\u0e25\u0e37\u0e48\u0e2d\u0e19\u0e22\u0e49\u0e32\u0e22 \u0e1b\u0e49\u0e32\u0e22\u0e08\u0e23\u0e32\u0e08\u0e23", "\u0e02\u0e2d\u0e43\u0e2b\u0e49\u0e15\u0e34\u0e14\u0e15\u0e31\u0e49\u0e07 \u0e0b\u0e48\u0e2d\u0e21\u0e41\u0e0b\u0e21 \u0e40\u0e04\u0e25\u0e37\u0e48\u0e2d\u0e19\u0e22\u0e49\u0e32\u0e22 \u0e40\u0e04\u0e23\u0e37\u0e48\u0e2d\u0e07\u0e2b\u0e21\u0e32\u0e22\u0e08\u0e23\u0e32\u0e08\u0e23", "\u0e02\u0e2d\u0e43\u0e2b\u0e49\u0e15\u0e34\u0e14\u0e15\u0e31\u0e49\u0e07 \u0e0b\u0e48\u0e2d\u0e21\u0e41\u0e0b\u0e21 \u0e40\u0e04\u0e25\u0e37\u0e48\u0e2d\u0e19\u0e22\u0e49\u0e32\u0e22\u0e2d\u0e38\u0e1b\u0e01\u0e23\u0e13\u0e4c\u0e04\u0e27\u0e32\u0e21\u0e1b\u0e25\u0e2d\u0e14\u0e20\u0e31\u0e22\u0e14\u0e49\u0e32\u0e19\u0e01\u0e32\u0e23\u0e08\u0e23\u0e32\u0e08\u0e23", "\u0e02\u0e2d\u0e43\u0e2b\u0e49\u0e15\u0e34\u0e14\u0e15\u0e31\u0e49\u0e07\u0e01\u0e25\u0e49\u0e2d\u0e07\u0e42\u0e17\u0e23\u0e17\u0e31\u0e28\u0e19\u0e4c\u0e27\u0e07\u0e08\u0e23\u0e1b\u0e34\u0e14 (CCTV)", "\u0e02\u0e2d\u0e43\u0e2b\u0e49\u0e15\u0e34\u0e14\u0e15\u0e31\u0e49\u0e07\u0e40\u0e04\u0e23\u0e37\u0e48\u0e2d\u0e07\u0e1b\u0e49\u0e2d\u0e07\u0e01\u0e31\u0e19\u0e1d\u0e38\u0e48\u0e19\u0e25\u0e30\u0e2d\u0e2d\u0e07\u0e41\u0e25\u0e30\u0e27\u0e31\u0e2a\u0e14\u0e38\u0e15\u0e01\u0e2b\u0e25\u0e48\u0e19 / \u0e40\u0e04\u0e23\u0e37\u0e48\u0e2d\u0e07\u0e1b\u0e49\u0e2d\u0e07\u0e01\u0e31\u0e19\u0e1d\u0e38\u0e48\u0e19\u0e25\u0e30\u0e2d\u0e2d\u0e07\u0e41\u0e25\u0e30\u0e27\u0e31\u0e2a\u0e14\u0e38\u0e15\u0e01\u0e2b\u0e25\u0e48\u0e19\u0e44\u0e21\u0e48\u0e44\u0e14\u0e49\u0e21\u0e32\u0e15\u0e23\u0e10\u0e32\u0e19", "\u0e02\u0e2d\u0e43\u0e2b\u0e49\u0e17\u0e38\u0e1a\u0e23\u0e37\u0e49\u0e2d\u0e1a\u0e32\u0e17\u0e27\u0e34\u0e16\u0e35", "\u0e02\u0e2d\u0e43\u0e2b\u0e49\u0e1c\u0e48\u0e2d\u0e19\u0e1c\u0e31\u0e19\u0e15\u0e31\u0e49\u0e07\u0e27\u0e32\u0e07\u0e2a\u0e34\u0e48\u0e07\u0e02\u0e2d\u0e07", "\u0e02\u0e2d\u0e43\u0e2b\u0e49\u0e1e\u0e34\u0e08\u0e32\u0e23\u0e13\u0e32\u0e14\u0e33\u0e40\u0e19\u0e34\u0e19\u0e01\u0e32\u0e23\u0e41\u0e01\u0e49\u0e44\u0e02\u0e1b\u0e31\u0e0d\u0e2b\u0e32\u0e08\u0e23\u0e32\u0e08\u0e23\u0e15\u0e34\u0e14\u0e02\u0e31\u0e14", "\u0e02\u0e2d\u0e43\u0e2b\u0e49\u0e21\u0e35\u0e01\u0e32\u0e23\u0e01\u0e48\u0e2d\u0e2a\u0e23\u0e49\u0e32\u0e07\u0e1a\u0e32\u0e17\u0e27\u0e34\u0e16\u0e35", "\u0e02\u0e2d\u0e43\u0e2b\u0e49\u0e21\u0e35\u0e01\u0e32\u0e23\u0e0b\u0e48\u0e2d\u0e21\u0e41\u0e0b\u0e21\u0e1a\u0e32\u0e17\u0e27\u0e34\u0e16\u0e35", "\u0e02\u0e2d\u0e43\u0e2b\u0e49\u0e21\u0e35\u0e01\u0e32\u0e23\u0e1b\u0e23\u0e31\u0e1a\u0e1b\u0e23\u0e38\u0e07\u0e0b\u0e48\u0e2d\u0e21\u0e41\u0e0b\u0e21\u0e16\u0e19\u0e19", "\u0e02\u0e2d\u0e43\u0e2b\u0e49\u0e22\u0e49\u0e32\u0e22\u0e08\u0e38\u0e14\u0e17\u0e34\u0e49\u0e07\u0e02\u0e22\u0e30", "\u0e02\u0e2d\u0e43\u0e2b\u0e49\u0e40\u0e01\u0e47\u0e1a\u0e02\u0e22\u0e30 \u0e27\u0e31\u0e0a\u0e1e\u0e37\u0e0a \u0e43\u0e19\u0e04\u0e39\u0e04\u0e25\u0e2d\u0e07", "\u0e02\u0e2d\u0e43\u0e2b\u0e49\u0e40\u0e01\u0e47\u0e1a\u0e0b\u0e32\u0e01\u0e23\u0e16\u0e40\u0e01\u0e48\u0e32", "\u0e02\u0e2d\u0e43\u0e2b\u0e49\u0e40\u0e04\u0e25\u0e37\u0e48\u0e2d\u0e19\u0e22\u0e49\u0e32\u0e22\u0e01\u0e25\u0e49\u0e2d\u0e07\u0e42\u0e17\u0e23\u0e17\u0e31\u0e28\u0e19\u0e4c\u0e27\u0e07\u0e08\u0e23\u0e1b\u0e34\u0e14 (CCTV)", "\u0e02\u0e2d\u0e43\u0e2b\u0e49\u0e40\u0e04\u0e25\u0e37\u0e48\u0e2d\u0e19\u0e22\u0e49\u0e32\u0e22\u0e17\u0e35\u0e48\u0e1e\u0e31\u0e01\u0e1c\u0e39\u0e49\u0e42\u0e14\u0e22\u0e2a\u0e32\u0e23/\u0e08\u0e38\u0e14\u0e2b\u0e22\u0e38\u0e14\u0e23\u0e16\u0e42\u0e14\u0e22\u0e2a\u0e32\u0e23\u0e1b\u0e23\u0e30\u0e08\u0e33\u0e17\u0e32\u0e07", "\u0e02\u0e2d\u0e43\u0e2b\u0e49\u0e40\u0e1e\u0e34\u0e48\u0e21 / \u0e1b\u0e34\u0e14 - \u0e40\u0e1b\u0e34\u0e14 \u0e08\u0e38\u0e14\u0e01\u0e25\u0e31\u0e1a\u0e23\u0e16", "\u0e02\u0e2d\u0e43\u0e2b\u0e49\u0e40\u0e23\u0e48\u0e07\u0e14\u0e33\u0e40\u0e19\u0e34\u0e19\u0e01\u0e32\u0e23\u0e01\u0e48\u0e2d\u0e2a\u0e23\u0e49\u0e32\u0e07\u0e16\u0e19\u0e19/\u0e0b\u0e48\u0e2d\u0e21\u0e41\u0e0b\u0e21\u0e16\u0e19\u0e19", "\u0e02\u0e2d\u0e43\u0e2b\u0e49\u0e41\u0e01\u0e49\u0e44\u0e02\u0e1b\u0e31\u0e0d\u0e2b\u0e32\u0e19\u0e49\u0e33\u0e17\u0e48\u0e27\u0e21", "\u0e02\u0e2d\u0e43\u0e2b\u0e49\u0e41\u0e01\u0e49\u0e44\u0e02\u0e1b\u0e31\u0e0d\u0e2b\u0e32\u0e19\u0e49\u0e33\u0e40\u0e19\u0e48\u0e32\u0e40\u0e2b\u0e21\u0e47\u0e19", "\u0e02\u0e2d\u0e43\u0e2b\u0e49\u0e41\u0e01\u0e49\u0e44\u0e02\u0e1b\u0e31\u0e0d\u0e2b\u0e32\u0e43\u0e19\u0e2a\u0e27\u0e19\u0e2a\u0e32\u0e18\u0e32\u0e23\u0e13\u0e30", "\u0e02\u0e36\u0e49\u0e19\u0e17\u0e30\u0e40\u0e1a\u0e35\u0e22\u0e19&\u0e2a\u0e33\u0e23\u0e27\u0e08", "\u0e02\u0e49\u0e2d\u0e40\u0e2a\u0e19\u0e2d\u0e41\u0e19\u0e30", "\u0e04\u0e19\u0e0a\u0e23\u0e32", "\u0e04\u0e19\u0e40\u0e23\u0e48\u0e23\u0e48\u0e2d\u0e19", "\u0e04\u0e19\u0e44\u0e23\u0e49\u0e17\u0e35\u0e48\u0e1e\u0e36\u0e48\u0e07", "\u0e04\u0e27\u0e31\u0e19", "\u0e04\u0e27\u0e31\u0e19\u0e14\u0e33", "\u0e04\u0e27\u0e32\u0e21\u0e1b\u0e25\u0e2d\u0e14\u0e20\u0e31\u0e22", "\u0e04\u0e27\u0e32\u0e21\u0e2a\u0e30\u0e2d\u0e32\u0e14", "\u0e08\u0e23\u0e32\u0e08\u0e23", "\u0e08\u0e38\u0e14\u0e40\u0e2a\u0e35\u0e48\u0e22\u0e07", "\u0e15\u0e49\u0e19\u0e44\u0e21\u0e49", "\u0e15\u0e49\u0e19\u0e44\u0e21\u0e49\u0e41\u0e25\u0e30\u0e2a\u0e27\u0e19\u0e2a\u0e32\u0e18\u0e32\u0e23\u0e13\u0e30", "\u0e16\u0e19\u0e19", "\u0e16\u0e31\u0e07\u0e14\u0e31\u0e1a\u0e40\u0e1e\u0e25\u0e34\u0e07/\u0e1b\u0e23\u0e30\u0e1b\u0e32\u0e2b\u0e31\u0e27\u0e41\u0e14\u0e07", "\u0e16\u0e39\u0e01\u0e40\u0e2d\u0e32\u0e23\u0e31\u0e14\u0e40\u0e2d\u0e32\u0e40\u0e1b\u0e23\u0e35\u0e22\u0e1a\u0e08\u0e32\u0e01\u0e1c\u0e39\u0e49\u0e04\u0e49\u0e32", "\u0e17\u0e31\u0e48\u0e27\u0e44\u0e1b", "\u0e17\u0e32\u0e07\u0e40\u0e17\u0e49\u0e32", "\u0e17\u0e34\u0e49\u0e07\u0e02\u0e22\u0e30\u0e44\u0e21\u0e48\u0e16\u0e39\u0e01\u0e17\u0e35\u0e48", "\u0e17\u0e35\u0e48\u0e1e\u0e31\u0e01\u0e1c\u0e39\u0e49\u0e42\u0e14\u0e22\u0e2a\u0e32\u0e23", "\u0e17\u0e38\u0e08\u0e23\u0e34\u0e15", "\u0e17\u0e48\u0e2d\u0e23\u0e30\u0e1a\u0e32\u0e22\u0e19\u0e49\u0e33", "\u0e19\u0e49\u0e33\u0e02\u0e22\u0e30\u0e23\u0e31\u0e48\u0e27\u0e44\u0e2b\u0e25", "\u0e19\u0e49\u0e33\u0e17\u0e48\u0e27\u0e21", "\u0e19\u0e49\u0e33\u0e21\u0e31\u0e19\u0e2b\u0e01\u0e23\u0e32\u0e14\u0e25\u0e07\u0e1a\u0e19\u0e1c\u0e34\u0e27\u0e08\u0e23\u0e32\u0e08\u0e23", "\u0e1a\u0e23\u0e34\u0e01\u0e32\u0e23\u0e2a\u0e32\u0e18\u0e32\u0e23\u0e13\u0e30\u0e02\u0e2d\u0e07\u0e2b\u0e19\u0e48\u0e27\u0e22\u0e07\u0e32\u0e19\u0e43\u0e19\u0e2a\u0e31\u0e07\u0e01\u0e31\u0e14\u0e01\u0e23\u0e38\u0e07\u0e40\u0e17\u0e1e\u0e21\u0e2b\u0e32\u0e19\u0e04\u0e23", "\u0e1a\u0e32\u0e17\u0e27\u0e34\u0e16\u0e35", "\u0e1b\u0e23\u0e30\u0e1b\u0e32", "\u0e1b\u0e23\u0e31\u0e1a\u0e1b\u0e23\u0e38\u0e07\u0e2a\u0e16\u0e32\u0e19\u0e17\u0e35\u0e48\u0e43\u0e2b\u0e49\u0e1a\u0e23\u0e34\u0e01\u0e32\u0e23\u0e02\u0e2d\u0e07\u0e01\u0e23\u0e38\u0e07\u0e40\u0e17\u0e1e\u0e21\u0e2b\u0e32\u0e19\u0e04\u0e23", "\u0e1b\u0e25\u0e48\u0e2d\u0e22\u0e2a\u0e34\u0e48\u0e07\u0e1b\u0e0f\u0e34\u0e01\u0e39\u0e25\u0e25\u0e07\u0e17\u0e48\u0e2d\u0e23\u0e30\u0e1a\u0e32\u0e22\u0e19\u0e49\u0e33 / \u0e41\u0e2b\u0e25\u0e48\u0e07\u0e19\u0e49\u0e33\u0e2a\u0e32\u0e18\u0e32\u0e23\u0e13\u0e30", "\u0e1b\u0e31\u0e0d\u0e2b\u0e32\u0e01\u0e32\u0e23\u0e1a\u0e31\u0e07\u0e04\u0e31\u0e1a\u0e43\u0e0a\u0e49\u0e01\u0e0e\u0e2b\u0e21\u0e32\u0e22", "\u0e1b\u0e31\u0e0d\u0e2b\u0e32\u0e04\u0e27\u0e32\u0e21\u0e40\u0e14\u0e37\u0e2d\u0e14\u0e23\u0e49\u0e2d\u0e19\u0e08\u0e32\u0e01\u0e01\u0e32\u0e23\u0e14\u0e33\u0e40\u0e19\u0e34\u0e19\u0e01\u0e32\u0e23\u0e02\u0e2d\u0e07\u0e23\u0e31\u0e10", "\u0e1b\u0e31\u0e0d\u0e2b\u0e32\u0e17\u0e35\u0e48\u0e2a\u0e48\u0e07\u0e1c\u0e25\u0e01\u0e23\u0e30\u0e17\u0e1a\u0e01\u0e31\u0e1a\u0e01\u0e32\u0e23\u0e08\u0e23\u0e32\u0e08\u0e23", "\u0e1b\u0e31\u0e0d\u0e2b\u0e32\u0e2a\u0e31\u0e07\u0e04\u0e21", "\u0e1b\u0e31\u0e0d\u0e2b\u0e32\u0e40\u0e01\u0e35\u0e48\u0e22\u0e27\u0e01\u0e31\u0e1a\u0e01\u0e32\u0e23\u0e17\u0e33\u0e23\u0e49\u0e32\u0e22\u0e23\u0e48\u0e32\u0e07\u0e01\u0e32\u0e22 / \u0e08\u0e34\u0e15\u0e43\u0e08", "\u0e1b\u0e31\u0e0d\u0e2b\u0e32\u0e40\u0e14\u0e37\u0e2d\u0e14\u0e23\u0e49\u0e2d\u0e19\u0e08\u0e32\u0e01\u0e01\u0e32\u0e23\u0e01\u0e48\u0e2d\u0e2a\u0e23\u0e49\u0e32\u0e07\u0e2d\u0e32\u0e04\u0e32\u0e23", "\u0e1b\u0e49\u0e32\u0e22\u0e42\u0e06\u0e29\u0e13\u0e32", "\u0e1b\u0e49\u0e32\u0e22\u0e42\u0e06\u0e29\u0e13\u0e32\u0e02\u0e19\u0e32\u0e14\u0e43\u0e2b\u0e0d\u0e48", "\u0e1b\u0e49\u0e32\u0e22\u0e42\u0e06\u0e29\u0e13\u0e32\u0e25\u0e49\u0e21/\u0e40\u0e2d\u0e35\u0e22\u0e07", "\u0e1c\u0e34\u0e14\u0e01\u0e0e\u0e08\u0e23\u0e32\u0e08\u0e23", "\u0e1c\u0e34\u0e14\u0e01\u0e0f\u0e08\u0e23\u0e32\u0e08\u0e23", "\u0e1c\u0e39\u0e49\u0e14\u0e49\u0e2d\u0e22\u0e42\u0e2d\u0e01\u0e32\u0e2a", "\u0e1c\u0e39\u0e49\u0e1b\u0e23\u0e30\u0e01\u0e2d\u0e1a\u0e2d\u0e32\u0e0a\u0e35\u0e1e\u0e1a\u0e23\u0e34\u0e40\u0e27\u0e13\u0e41\u0e22\u0e01\u0e44\u0e1f\u0e41\u0e14\u0e07", "\u0e1c\u0e39\u0e49\u0e1e\u0e34\u0e01\u0e32\u0e23+\u0e43\u0e0a\u0e49\u0e25\u0e49\u0e2d", "\u0e1d\u0e32\u0e17\u0e48\u0e2d\u0e23\u0e30\u0e1a\u0e32\u0e22\u0e19\u0e49\u0e33\u0e0a\u0e33\u0e23\u0e38\u0e14", "\u0e1d\u0e38\u0e48\u0e19\u0e04\u0e27\u0e31\u0e19&\u0e01\u0e25\u0e34\u0e48\u0e19&PM2.5", "\u0e1d\u0e38\u0e48\u0e19\u0e25\u0e30\u0e2d\u0e2d\u0e07", "\u0e20\u0e31\u0e22\u0e2d\u0e2d\u0e19\u0e44\u0e25\u0e19\u0e4c", "\u0e22\u0e32\u0e40\u0e2a\u0e1e\u0e15\u0e34\u0e14", "\u0e27\u0e34\u0e19\u0e21\u0e2d\u0e44\u0e0b\u0e04\u0e4c", "\u0e2a\u0e30\u0e1e\u0e32\u0e19", "\u0e2a\u0e31\u0e15\u0e27\u0e4c", "\u0e2a\u0e31\u0e15\u0e27\u0e4c\u0e21\u0e35\u0e1e\u0e34\u0e29", "\u0e2a\u0e32\u0e18\u0e32\u0e23\u0e13\u0e39\u0e1b\u0e42\u0e20\u0e04", "\u0e2a\u0e32\u0e22\u0e2a\u0e37\u0e48\u0e2d\u0e2a\u0e32\u0e23", "\u0e2a\u0e32\u0e23\u0e40\u0e2a\u0e1e\u0e15\u0e34\u0e14", "\u0e2a\u0e34\u0e48\u0e07\u0e2d\u0e33\u0e19\u0e27\u0e22\u0e04\u0e27\u0e32\u0e21\u0e2a\u0e30\u0e14\u0e27\u0e01\u0e43\u0e19\u0e2a\u0e16\u0e32\u0e19\u0e17\u0e35\u0e48\u0e23\u0e32\u0e0a\u0e01\u0e32\u0e23\u0e01\u0e23\u0e38\u0e07\u0e40\u0e17\u0e1e\u0e21\u0e2b\u0e32\u0e19\u0e04\u0e23", "\u0e2a\u0e38\u0e02\u0e20\u0e32\u0e1e & \u0e1a\u0e31\u0e15\u0e23\u0e17\u0e2d\u0e07", "\u0e2b\u0e32\u0e1a\u0e40\u0e23\u0e48\u0e41\u0e1c\u0e07\u0e25\u0e2d\u0e22", "\u0e2d\u0e32\u0e04\u0e32\u0e23", "\u0e2d\u0e32\u0e04\u0e32\u0e23\u0e2a\u0e16\u0e32\u0e19\u0e17\u0e35\u0e48\u0e0a\u0e33\u0e23\u0e38\u0e14", "\u0e2d\u0e37\u0e48\u0e19\u0e46", "\u0e2d\u0e38\u0e1a\u0e31\u0e15\u0e34\u0e40\u0e2b\u0e15\u0e38", "\u0e2d\u0e38\u0e1b\u0e01\u0e23\u0e13\u0e4c\u0e0a\u0e33\u0e23\u0e38\u0e14", "\u0e40\u0e01\u0e49\u0e32\u0e2d\u0e35\u0e49\u0e19\u0e31\u0e48\u0e07\u0e20\u0e32\u0e22\u0e43\u0e19\u0e17\u0e35\u0e48\u0e1e\u0e31\u0e01\u0e1c\u0e39\u0e49\u0e42\u0e14\u0e22\u0e2a\u0e32\u0e23", "\u0e40\u0e02\u0e37\u0e48\u0e2d\u0e19 \u0e04\u0e39\u0e04\u0e25\u0e2d\u0e07", "\u0e40\u0e1c\u0e32\u0e43\u0e19\u0e17\u0e35\u0e48\u0e42\u0e25\u0e48\u0e07", "\u0e40\u0e23\u0e37\u0e48\u0e2d\u0e07\u0e09\u0e38\u0e01\u0e40\u0e09\u0e34\u0e19", "\u0e40\u0e23\u0e37\u0e48\u0e2d\u0e07\u0e23\u0e49\u0e2d\u0e07\u0e17\u0e38\u0e01\u0e02\u0e4c\u0e1b\u0e23\u0e30\u0e40\u0e20\u0e17\u0e2d\u0e37\u0e48\u0e19 \u0e46 - \u0e40\u0e23\u0e37\u0e48\u0e2d\u0e07\u0e23\u0e49\u0e2d\u0e07\u0e40\u0e23\u0e35\u0e22\u0e19\u0e17\u0e35\u0e48\u0e44\u0e21\u0e48\u0e2a\u0e32\u0e21\u0e32\u0e23\u0e16\u0e08\u0e31\u0e14\u0e40\u0e02\u0e49\u0e32\u0e1b\u0e23\u0e30\u0e40\u0e20\u0e17\u0e43\u0e14", "\u0e40\u0e25\u0e37\u0e2d\u0e01\u0e15\u0e31\u0e49\u0e07", "\u0e40\u0e28\u0e29\u0e27\u0e31\u0e2a\u0e14\u0e38\u0e15\u0e01\u0e2b\u0e25\u0e48\u0e19\u0e25\u0e07\u0e1a\u0e19\u0e1c\u0e34\u0e27\u0e08\u0e23\u0e32\u0e08\u0e23 \u0e40\u0e0a\u0e48\u0e19 \u0e17\u0e23\u0e32\u0e22 \u0e14\u0e34\u0e19 \u0e41\u0e25\u0e30\u0e2d\u0e37\u0e48\u0e19 \u0e46", "\u0e40\u0e2a\u0e19\u0e2d\u0e41\u0e19\u0e30", "\u0e40\u0e2a\u0e35\u0e22\u0e07", "\u0e40\u0e2b\u0e15\u0e38\u0e40\u0e14\u0e37\u0e2d\u0e14\u0e23\u0e49\u0e2d\u0e19\u0e23\u0e33\u0e04\u0e32\u0e0d", "\u0e40\u0e2b\u0e15\u0e38\u0e40\u0e1e\u0e25\u0e34\u0e07\u0e44\u0e2b\u0e21\u0e49", "\u0e41\u0e17\u0e47\u0e01\u0e0b\u0e35\u0e48/\u0e23\u0e16\u0e40\u0e21\u0e25\u0e4c", "\u0e41\u0e2a\u0e07", "\u0e42\u0e04\u0e23\u0e07\u0e01\u0e32\u0e23 / \u0e19\u0e42\u0e22\u0e1a\u0e32\u0e22\u0e02\u0e2d\u0e07\u0e23\u0e31\u0e10", "\u0e42\u0e06\u0e29\u0e13\u0e32", "\u0e42\u0e17\u0e23\u0e28\u0e31\u0e1e\u0e17\u0e4c", "\u0e42\u0e23\u0e07\u0e40\u0e23\u0e35\u0e22\u0e19", "\u0e44\u0e1f\u0e1b\u0e48\u0e32", "\u0e44\u0e1f\u0e1f\u0e49\u0e32"]]
