tree
version=v4
num_class=1
num_tree_per_iteration=1
label_index=0
max_feature_idx=9
objective=regression_l1
feature_names=district main_type sub_category severity comment_len day_of_week is_weekend month is_rainy_season hour
feature_infos=-1:4:48:22:23:40:28:15:18:25:17:31:16:43:2:7:47:30:44:13:27:1:34:45:26:52:39:33:35:51:5:9:12:37:42:50:11:36:6:8:29:20:3:0:10:19:14:46:21:38:49:54 -1:15:6:5:18:49:19:22:14:0:16:20:57:55:54:37:17:31:11:30:60:2:51:4:1:7:26:33:52:56:47:28:43:44:8:12:27:45:48:25:32:53:10:34:59:21:23:36:42:50:58:9:13:29:40:46 -1:65:9:68:10:115:76:36:64:12:66:78:73:123:121:72:70:100:122:84:67:134:75:60:71:49:3:133:2:125:117:90:11:101:126:13:82:69:83:20:28:61:94:41:77:24:57:91:8:107:113:25:16:1:29:50:86:110:4:85:114:0:44:31:120:14:59:95:6:132:15:22:48:89:7:62:74:98:106:130:17:18:116:128:5:23:47:81:33:38:51:58:63:79:87:104:108:109:111:112:118:119 [1:5] [0:5810] [0:6] [0:1] [1:12] [0:1] [0:23]
tree_sizes=2800 2943 3023 2981 3015 2938 3037 3010 3008 3039 2945 2942 3032 2936 3065 3058 3048 3064 3054 3074 3073 3027 3073 3032 2956 3061 2931 3030 3032 3053 2968 2949 2972 3038 3031 2931 3078 3034 3078 3085 3035 3023 3068 3028 2968 3028 3053 3046 3001 3059 2976 3028 2957 3000 3063 3050 2974

Tree=0
num_leaves=31
num_cat=17
split_feature=0 2 2 0 0 0 7 0 7 2 0 0 7 1 0 2 0 0 0 4 5 5 7 4 7 5 7 5 0 7
split_gain=1442.79 491.693 465.037 200.856 110.637 105.442 102.947 70.887 76.4181 58.2152 56.6272 50.159 47.3363 45.172 44.9098 37.8365 36.2401 33.1384 30.4029 28.083 25.9281 24.8941 24.1905 23.6942 23.4302 23.3493 21.8646 21.5815 19.5576 18.1774
threshold=0 1 2 3 4 5 9.5000000000000018 6 7.5000000000000009 7 8 9 7.5000000000000009 10 11 12 13 14 15 132.50000000000003 3.5000000000000004 2.5000000000000004 9.5000000000000018 383.50000000000006 3.5000000000000004 3.5000000000000004 3.5000000000000004 5.5000000000000009 16 3.5000000000000004
decision_type=9 9 9 9 9 9 2 9 2 9 9 9 2 9 9 9 9 9 9 2 2 2 2 2 2 2 2 2 9 2
left_child=1 10 3 7 15 6 -4 -2 16 -7 20 -10 14 -12 24 17 -9 -3 -15 -8 -1 -16 -13 -18 -5 28 -23 -22 -6 -11
right_child=2 4 5 12 25 9 19 8 11 29 13 22 -14 18 21 -17 23 -19 -20 -21 27 26 -24 -25 -26 -27 -28 -29 -30 -31
leaf_value=1.1602742910385131 1.1633953690528869 1.2315545797348022 1.20189710855484 1.196508663892746 1.1673666328191756 1.2216654926538468 1.1661887377500535 1.1929406762123107 1.1855579137802124 1.1944659233093262 1.1551217973232268 1.1704127013683319 1.1859682321548461 1.2009507536888122 1.1760696470737457 1.1852726221084595 1.1751963138580321 1.1914198100566864 1.1619850873947144 1.1898599952459334 1.1749543100595474 1.1798816680908204 1.1556419819593429 1.2153294503688812 1.2247398674488068 1.1804607212543488 1.199901533126831 1.1623842775821687 1.1762944757938385 1.2109606832265853
leaf_weight=2181 938 417 1609 413 374 2264 341 797 323 581 2384 247 1337 138 383 811 564 467 407 240 944 171 361 31 710 735 254 416 807 2478
leaf_count=2181 938 417 1609 413 374 2264 341 797 323 581 2384 247 1337 138 383 811 564 467 407 240 944 171 361 31 710 735 254 416 807 2478
internal_value=1.18143 1.16701 1.19179 1.18202 1.1818 1.20026 1.19091 1.17325 1.17798 1.20409 1.15876 1.16687 1.19076 1.15348 1.1958 1.19108 1.18538 1.19821 1.16728 1.17291 1.16319 1.18656 1.15861 1.17606 1.20221 1.17359 1.19496 1.16856 1.16919 1.1994
internal_weight=24123 10081 14042 6529 3611 7513 2190 3261 2323 5323 6470 931 3268 2929 1931 1695 1392 884 545 581 3541 808 608 595 1123 1916 425 1360 1181 3059
internal_count=24123 10081 14042 6529 3611 7513 2190 3261 2323 5323 6470 931 3268 2929 1931 1695 1392 884 545 581 3541 808 608 595 1123 1916 425 1360 1181 3059
cat_boundaries=0 2 6 11 13 15 17 19 23 25 26 27 29 33 35 37 39 40
cat_threshold=3795992324 351240 285220360 536871424 1079268070 67239984 269487624 536870912 1213202666 67110912 64 278708265 404 2151817216 330752 277086248 144 9961473 4 4 131088 67110929 1073758208 1648372224 69632 268484608 32865 67108944 1581058 4 16 67108881 1073741824 262184 272 4202496 3072 0 3080 1073748480
is_linear=0
shrinkage=1


Tree=1
num_leaves=31
num_cat=21
split_feature=0 1 1 0 0 0 7 7 0 0 7 7 0 1 1 1 0 5 0 0 0 0 5 7 9 0 0 7 1 0
split_gain=1330.14 433.368 392.67 219.251 118.834 101.969 86.6915 72.212 67.4104 65.3758 63.8487 58.6871 60.4259 44.8598 43.5963 35.9703 33.8539 30.1195 32.4199 28.9851 26.9364 26.1076 24.8339 24.3489 20.0738 20.7533 18.8736 18.2349 18.8865 17.6435
threshold=0 1 2 3 4 5 9.5000000000000018 7.5000000000000009 6 7 3.5000000000000004 7.5000000000000009 8 9 10 11 12 2.5000000000000004 13 14 15 16 3.5000000000000004 2.5000000000000004 12.500000000000002 17 18 8.5000000000000018 19 20
decision_type=9 9 9 9 9 9 2 2 9 9 2 2 9 9 9 9 9 2 9 9 9 9 2 2 2 9 9 2 9 9
left_child=1 8 3 9 15 6 -4 10 -1 -2 19 16 -13 -7 -10 -3 -11 18 -12 -5 -9 -8 26 -17 25 -15 -6 28 -28 -16
right_child=2 4 5 7 22 13 21 20 14 11 17 12 -14 24 29 23 -18 -19 -20 -21 -22 -23 -24 -25 -26 -27 27 -29 -30 -31
leaf_value=-0.012214804664254187 -0.020481201708316799 0.026714046746492387 0.019437714219093329 -0.014645265340805059 -0.016602249890565867 0.038153231590986249 0.0084756369888782553 -0.0035299515724182108 -0.024112102389335633 0.0099013823270797784 0.043513955771923067 0.0054250144958496119 -0.021729965284466742 0.009810382276773456 -0.019729056358337407 -0.022051157951354983 -0.0054047238826751666 0.030533608943223958 0.005647458434104924 0.011421876251697539 0.010457065105438236 -0.014957542270421988 -0.00020260661840438844 0.0091400599479675281 0.028181574344635009 0.027601626664400105 0.008753754198551178 -0.016733370721340179 -0.0045599535107612608 -0.0056845927238464381
leaf_weight=2382 538 760 1439 245 362 2437 239 937 3436 790 404 342 610 468 409 59 706 823 339 684 805 300 822 548 1229 695 202 343 431 339
leaf_count=2382 538 760 1439 245 362 2437 239 937 3436 790 404 342 610 468 409 59 706 823 339 684 805 300 822 548 1229 695 202 343 431 339
internal_value=-7.66903e-05 -0.0139117 0.00987892 0.00174893 0.000240317 0.0184905 0.00880282 0.00905345 -0.0215024 -0.00861148 0.0145291 -0.00508544 -0.0148109 0.0224323 -0.0253934 0.0117284 0.00106952 0.0206897 0.0133917 0.00414424 0.00126292 -0.00825603 -0.00705069 0.00251216 0.0173189 0.0126827 -0.0112855 -0.00740365 -0.00244866 -0.0138522
internal_weight=24123 10093 14030 7223 3527 6807 1978 4237 6566 2986 2495 2448 952 4829 4184 1367 1496 1566 743 929 1742 539 2160 607 2392 1163 1338 976 633 748
internal_count=24123 10093 14030 7223 3527 6807 1978 4237 6566 2986 2495 2448 952 4829 4184 1367 1496 1566 743 929 1742 539 2160 607 2392 1163 1338 976 633 748
cat_boundaries=0 2 4 6 8 10 12 14 16 17 19 20 22 24 26 28 30 32 34 35 37 39
cat_threshold=3795992324 351304 2421194849 33587234 163937 6146 278446089 404 2151817216 265216 277086248 144 1610623488 69632 1572865 4 268484608 1074544644 272670720 32865 1074544656 268435456 268435464 272 67371024 1581058 134545408 32 262194 532482 8388640 128 135282754 557344 1073748480 262148 4194304 2181043460 262144
is_linear=0
shrinkage=0.05


Tree=2
num_leaves=31
num_cat=20
split_feature=0 2 2 0 0 0 7 0 7 0 1 7 0 7 2 1 0 0 0 0 4 7 7 2 2 0 2 4 6 4
split_gain=1240.64 430.824 420.918 198.805 85.2858 84.8718 71.959 63.5045 63.4088 76.0045 50.8334 48.1711 70.458 48.6013 42.0414 39.5046 31.8634 30.9317 30.767 28.1243 27.6021 25.5215 32.9367 22.7589 21.4439 21.4085 21.2282 19.1139 17.9647 17.7285
threshold=0 1 2 3 4 5 9.5000000000000018 6 7.5000000000000009 7 8 7.5000000000000009 9 3.5000000000000004 10 11 12 13 14 15 132.50000000000003 2.5000000000000004 7.5000000000000009 16 17 18 19 204.50000000000003 1.0000000180025095e-35 112.50000000000001
decision_type=9 9 9 9 9 9 2 9 2 9 9 2 9 2 9 9 9 9 9 9 2 2 2 9 9 9 9 2 2 2
left_child=1 7 3 8 10 6 -4 15 9 -2 16 12 28 -14 -7 -1 -3 -13 -10 23 -8 -21 -23 27 -20 -11 -6 -9 -5 -28
right_child=2 4 5 11 26 14 20 19 18 25 -12 17 13 -15 -16 -17 -18 -19 24 21 -22 22 -24 -25 -26 -27 29 -29 -30 -31
leaf_value=-0.025791203826665877 0.0073246448338031844 0.048529402814805514 0.019474425524473194 -0.0055458213537931461 0.010928434405475862 0.03620736939460039 -0.013860513068735604 -0.007582187157124276 -0.02456411225162446 -0.0044847165942192074 -0.0018351005315780712 -0.0031603349447250299 0.0099993345066905059 0.03798558612167835 0.025363799005746847 -0.015648833394050599 0.010080501057207586 0.0106857191324234 -0.02121985511481761 -0.021727837076410652 0.0098040884397924029 -0.0100318010803312 -0.021850889872759571 -0.020261017395183448 -0.0059188658855855447 -0.020280861422419541 -0.0090031754113733767 0.010715544719249015 0.0065963472351431851 -0.0025232111662626291
leaf_weight=1815 999 348 1338 576 108 2372 317 751 372 279 883 957 694 1121 2521 425 726 829 149 314 178 1422 1269 284 539 289 892 173 188 995
leaf_count=1815 999 348 1338 576 108 2372 317 751 372 279 883 957 694 1121 2521 425 726 829 149 314 178 1422 1269 284 539 289 892 173 188 995
internal_value=-2.07271e-06 -0.0130149 0.00987034 0.00127107 0 0.0187945 0.00946826 -0.0209732 -0.00957527 -0.00322272 0.00739705 0.00780571 0.0121946 0.0175068 0.0222619 -0.0279111 0.0146679 0.00151176 -0.0190566 -0.0172271 -0.00676768 -0.0198839 -0.0183761 -0.010509 -0.0121777 -0.0176471 -0.00725686 -0.00653105 -0.000645995 -0.00851344
internal_weight=24123 10405 13718 6992 3952 6726 1833 6453 2627 1567 1957 4365 2579 1815 4893 2240 1074 1786 1060 4213 495 3005 2691 1208 688 568 1995 924 764 1887
internal_count=24123 10405 13718 6992 3952 6726 1833 6453 2627 1567 1957 4365 2579 1815 4893 2240 1074 1786 1060 4213 495 3005 2691 1208 688 568 1995 924 764 1887
cat_boundaries=0 2 6 11 13 15 17 19 21 23 25 29 30 32 34 36 38 41 45 46 51
cat_threshold=3795992332 351304 285220360 536871424 1079251686 67125296 269499930 536870912 1213210858 67110944 64 278413345 404 2151817224 330752 277086240 144 2147488772 281608 268959776 400 1074544662 33554432 134316032 32800 4 131600 67111185 1073758208 32865 4194304 3072 327826 8194 1572864 272 1610613256 4096 4616 0 4098 1024 0 192 67108864 8388608 1048580 131072 67108864 0 32
is_linear=0
shrinkage=0.05


Tree=3
num_leaves=31
num_cat=19
split_feature=0 2 2 0 0 0 0 1 7 7 7 0 0 9 7 0 0 0 0 9 0 5 0 0 0 2 7 7 7 5
split_gain=1169.39 414.582 392.367 179.884 83.5662 76.3827 75.9106 65.9335 62.3123 61.5994 58.2069 48.4068 46.5527 44.5485 34.8269 50.1406 29.0909 25.1097 24.751 23.7903 23.5021 23.0725 25.0882 22.5897 20.7197 20.5711 19.6547 18.4074 33.127 18.1732
threshold=0 1 2 3 4 5 6 7 7.5000000000000009 9.5000000000000018 3.5000000000000004 8 9 11.500000000000002 7.5000000000000009 10 11 12 13 10.500000000000002 14 2.5000000000000004 15 16 17 18 2.5000000000000004 4.5000000000000009 7.5000000000000009 2.5000000000000004
decision_type=9 9 9 9 9 9 9 9 2 2 2 9 9 2 2 9 9 9 9 2 9 2 9 9 9 9 2 2 2 2
left_child=1 6 3 12 -3 9 24 11 10 19 16 -6 -2 23 20 -16 -5 -10 -9 -4 -14 22 -12 -7 -1 -25 -20 -26 -29 -13
right_child=2 4 5 8 7 13 -8 18 17 -11 21 29 14 -15 15 -17 -18 -19 26 -21 -22 -23 -24 25 27 -27 -28 28 -30 -31
leaf_value=-0.0060163616897538248 -0.015535932741500436 -0.0061673166614957149 0.0083307243183255216 -0.015757493010908365 0.025803853029012669 0.034072820765338838 -0.022487577356398104 0.0070937523782253157 -0.0034061977803707013 -0.003429864677414296 0.00058152496740221935 -0.0038535582307726137 -0.0044019853428006071 0.033078285323083399 -0.025075451766420155 -0.002274323874711992 0.010607007801905278 0.0079685143887996638 -0.019885505342204114 0.022721198876202109 0.010738986198604118 0.026698724520951501 0.036776099448651081 0.0072258492201566667 -0.020319727927912014 0.022170195833966136 -0.0052052220463752854 -0.0051989637506194347 -0.021653812332637603 0.0099681609127670549
leaf_weight=871 1033 1972 383 235 667 698 2966 665 638 493 248 369 647 2839 272 503 669 991 119 955 568 774 429 393 397 950 826 551 606 396
leaf_count=871 1033 1972 383 235 667 698 2966 665 638 493 248 369 647 2839 272 503 669 991 119 955 568 774 429 393 397 950 826 551 606 396
internal_value=0.000118145 -0.0125156 0.0097028 0.00141798 -0.00214968 0.018338 -0.0221348 0.00304718 0.00838758 0.00947854 0.0136093 0.0108183 -0.00776459 0.021636 -0.00325 -0.0115484 0.00365044 0.000890117 -0.00388889 0.0150972 0.00201646 0.0198139 0.0130724 0.0160461 -0.0153799 0.0119364 -0.00905759 -0.0189258 -0.01586 0.00212903
internal_weight=24123 10405 13718 7007 5014 6711 5391 3042 3984 1831 2355 1432 3023 4880 1990 775 904 1629 1610 1338 1215 1451 677 2041 2425 1343 945 1554 1157 765
internal_count=24123 10405 13718 7007 5014 6711 5391 3042 3984 1831 2355 1432 3023 4880 1990 775 904 1629 1610 1338 1215 1451 677 2041 2425 1343 945 1554 1157 765
cat_boundaries=0 2 6 11 13 14 16 18 20 22 24 26 28 30 32 34 36 38 40 44
cat_threshold=3795992332 351304 268443144 512 1075052770 67108912 269565466 536870912 1213210858 67110944 64 278446113 404 1644175108 277086240 144 1644177928 69632 1074546710 302514176 2151686144 3072 9961473 4 0 272 134545408 32 262162 2 131072 68616 268484608 128 134283394 32800 67666048 1048582 1073742344 4096 0 0 20996 134217744
is_linear=0
shrinkage=0.05


Tree=4
num_leaves=31
num_cat=18
split_feature=0 2 2 0 0 1 0 0 2 7 0 1 0 7 0 7 7 0 5 5 0 7 5 5 0 7 5 0 5 0
split_gain=1072.81 374.636 372.51 161.941 79.7052 75.7464 71.534 71.5293 62.4469 55.2559 75.8393 43.4611 39.0434 32.4009 40.786 29.2747 27.3945 57.1948 25.025 23.189 23.0125 22.2776 20.4249 20.4222 18.5329 17.7826 17.5795 17.0433 16.402 19.7614
threshold=0 1 2 3 4 5 6 7 8 7.5000000000000009 9 10 11 9.5000000000000018 12 3.5000000000000004 7.5000000000000009 13 3.5000000000000004 3.5000000000000004 14 3.5000000000000004 3.5000000000000004 3.5000000000000004 15 1.5000000000000002 5.5000000000000009 16 3.5000000000000004 17
decision_type=9 9 9 9 9 9 9 9 9 2 9 9 9 2 9 2 2 9 2 2 9 2 2 2 9 2 2 9 2 9
left_child=1 7 3 16 5 20 23 -1 -5 10 22 -8 -11 21 -15 -12 17 -2 -6 -9 -3 27 -10 25 26 -4 -20 -13 29 -23
right_child=2 4 6 8 18 -7 11 19 9 12 15 13 -14 14 -16 -17 -18 -19 24 -21 -22 28 -24 -25 -26 -27 -28 -29 -30 -31
leaf_value=-0.022587006789539007 0.00068891534335912001 0.024157529795095334 -0.00022384768769145857 -0.021717204062864173 -0.0083132412976911329 -0.0049449609440565256 0.026459631386715921 -0.017002045588637694 -0.0050889703285880335 -0.0037473687592148642 0.012066248801313351 0.011974719364792108 0.010672701492607595 -0.0058075589542090911 0.013654028119826689 0.035381988498680288 -0.017415215715190859 -0.018490021714223547 0.010624940235279502 -0.0069223159721307492 0.0063701617955416404 0.031458428875282406 0.0071167425410449516 0.027019017883129423 -0.0044743927433481432 0.036414658246310419 -0.0048896325034555104 -0.0058236181065067678 0.024602262506308033 0.0099624242340773383
leaf_weight=2434 836 815 97 285 1555 946 835 1823 628 1041 699 282 903 403 370 1118 778 289 321 1094 743 285 415 1152 550 1887 124 206 568 641
leaf_count=2434 836 815 97 285 1555 946 835 1823 628 1041 699 282 903 403 370 1118 778 289 321 1094 743 285 415 1152 550 1887 124 206 568 641
internal_value=0.000209344 -0.0118915 0.00938957 0.00129963 -0.00211295 0.00421639 0.017785 -0.0211061 0.00595215 0.00731201 0.0117483 0.0128611 0.000823045 0.00974684 0.00109961 0.0178708 -0.0111082 -0.00617778 -0.00832031 -0.0156645 0.0109694 0.0131685 0.000902184 0.023363 -0.0021608 0.0203629 0.00538462 0.00389344 0.0161981 0.012095
internal_weight=24123 10405 13718 6992 5054 2504 6726 5351 5089 4804 2860 3590 1944 2755 773 1817 1903 1125 2550 2917 1558 1982 1043 3136 995 1984 445 488 1494 926
internal_count=24123 10405 13718 6992 5054 2504 6726 5351 5089 4804 2860 3590 1944 2755 773 1817 1903 1125 2550 2917 1558 1982 1043 3136 995 1984 445 488 1494 926
cat_boundaries=0 2 6 11 13 15 17 19 21 25 27 29 31 33 35 37 39 41 43
cat_threshold=3795992332 351304 285220360 0 1079247074 67125280 269499930 536870912 1213210858 67110944 64 9977857 388 2151817224 330752 1074546710 302120960 68731088 1581062 2151683076 281608 2048 0 1048768 67108864 402751520 32800 3221749844 302022656 268763186 8210 277086240 272 8912896 384 4333568 3072 1073744384 20488 411041792 33024 327683 16
is_linear=0
shrinkage=0.05


Tree=5
num_leaves=31
num_cat=11
split_feature=0 0 7 0 5 5 5 9 9 0 0 0 4 0 8 0 9 5 9 0 0 5 7 4 4 4 9 0 7 4
split_gain=971.529 162.889 84.364 93.0722 53.2775 52.9396 47.9477 44.7922 36.7969 31.9845 27.3542 23.8922 22.4622 22.3034 20.61 19.0613 16.3308 19.4255 15.9787 15.7019 14.8519 14.5286 14.309 14.0066 13.9653 13.905 13.8416 13.5006 34.6145 13.4756
threshold=0 1 9.5000000000000018 2 3.5000000000000004 3.5000000000000004 5.5000000000000009 10.500000000000002 9.5000000000000018 3 4 5 524.50000000000011 6 1.0000000180025095e-35 7 11.500000000000002 4.5000000000000009 13.500000000000002 8 9 4.5000000000000009 2.5000000000000004 1.0000000180025095e-35 322.50000000000006 1.0000000180025095e-35 8.5000000000000018 10 10.500000000000002 104.50000000000001
decision_type=9 9 2 9 2 2 2 2 2 9 9 9 2 9 2 9 2 2 2 9 9 2 2 2 2 2 2 9 2 2
left_child=4 5 7 -4 10 8 9 15 19 16 -1 22 23 -5 -11 -3 21 -18 25 -2 -7 -6 -10 -9 -15 -12 -16 28 -20 -23
right_child=1 2 3 13 6 20 -8 12 11 14 18 -13 -14 24 26 -17 17 -19 27 -21 -22 29 -24 -25 -26 -27 -28 -29 -30 -31
leaf_value=-0.019973127002040847 -0.0024254860140937307 -0.0049215629790891006 -0.018174656739816053 0.021761889023524706 -0.01585364371044189 0.02103109689814317 -0.013628860420509249 0.039520292920230897 0.0084656151678520249 -0.015525897896810437 0.019103626973278821 0.01601187729352339 0.036218423728536821 -0.0033638083946295086 -0.019495940174075899 0.0053286575422986648 0.012408200425133582 -0.0012723625079039569 -0.0071835173897615186 0.019185365566269954 0.015031015841872426 -0.002236613206713456 0.032587784036615629 0.010828087607079651 0.018509011201712312 -0.017043728597458674 -0.00010803734711836156 -0.0074559248649171683 0.019608919193206134 0.0090611819858113282
leaf_weight=907 636 795 755 254 313 866 1139 45 176 607 37 2049 107 621 144 813 408 353 459 621 1838 107 1118 3235 113 2802 651 1892 135 127
leaf_count=907 636 795 755 254 313 866 1139 45 176 607 37 2049 107 621 144 813 408 353 459 621 1838 107 1118 3235 113 2802 651 1892 135 127
internal_value=0.000246653 0.00874609 0.00312685 -0.00633964 -0.0115895 0.0139185 -0.00697584 0.00643644 0.0106739 -0.00335793 -0.0144576 0.0134161 0.00969885 0.00380762 -0.00856941 -0.000435323 0.00227618 0.00703022 -0.0129991 0.00338107 0.0194896 -0.00429616 0.0187883 0.00896341 -0.000672043 -0.0155865 -0.00333333 -0.0100965 -0.00331126 0.00512821
internal_weight=24123 14042 6738 1743 10081 7304 3849 4995 4600 2710 6232 3343 3387 988 1402 1608 1308 761 5325 1257 2704 547 1294 3280 734 2839 795 2486 594 234
internal_count=24123 14042 6738 1743 10081 7304 3849 4995 4600 2710 6232 3343 3387 988 1402 1608 1308 761 5325 1257 2704 547 1294 3280 734 2839 795 2486 594 234
cat_boundaries=0 2 4 6 8 10 12 13 15 17 19 21
cat_threshold=3795992324 351240 69304530 1613858 268697608 272 1078077440 86024 4100 16392 67174400 1056802 135282688 412106753 128 98434 32802 67109056 32770 537010176 1024
is_linear=0
shrinkage=0.05


Tree=6
num_leaves=31
num_cat=18
split_feature=0 2 2 0 2 0 0 1 7 0 7 0 0 0 7 7 0 0 9 5 2 7 0 7 0 0 9 4 7 7
split_gain=892.429 350.808 345.476 132.085 73.0553 70.2535 65.35 59.9535 42.9348 42.4107 36.4701 33.368 33.2243 31.0883 29.9785 27.6831 37.0282 24.9932 24.3875 23.4776 23.133 22.6612 21.563 26.4902 20.7052 19.8783 18.0962 17.3623 17.1912 16.6131
threshold=0 1 2 3 4 5 6 7 7.5000000000000009 8 3.5000000000000004 9 10 11 10.500000000000002 7.5000000000000009 12 13 10.500000000000002 2.5000000000000004 14 9.5000000000000018 15 4.5000000000000009 16 17 9.5000000000000018 114.50000000000001 8.5000000000000018 2.5000000000000004
decision_type=9 9 9 9 9 9 9 9 2 9 2 9 9 9 2 2 9 9 2 2 9 2 9 2 9 9 2 2 2 2
left_child=2 3 6 12 11 20 22 13 10 21 17 14 -2 -7 -3 25 -17 -5 -13 -12 -4 -6 -1 -24 -10 -14 -11 -22 -15 -9
right_child=1 4 5 8 9 7 -8 29 24 26 19 18 15 28 -16 16 -18 -19 -20 -21 27 -23 23 -25 -26 -27 -28 -29 -30 -31
leaf_value=-0.0045012714436865392 -0.01417821809740818 0.0072056095763229138 0.0035028263148823738 -0.017080372506716159 0.015365071601371395 0.023560012001683513 -0.020931201732947713 -0.014358162550955256 -0.0042740290723402687 0.021970450623851591 0.018450018670791043 0.012478164912014318 0.0069550079983426889 0.010927115859347815 -0.016870807759386309 -0.02022713000809755 -0.0022695111278972558 0.0083182323790941381 0.02131443723125739 0.022528809712852534 -0.010503272549158794 -0.0013429797216475082 -0.017873076839972048 -0.012992667689706595 0.0058817083187739597 -0.0064795153790276842 0.032760762777602127 -0.0023990155549258986 -0.0048209399630109173 -0.0012853499008685489
leaf_weight=869 933 584 222 175 564 696 2447 161 597 681 614 1050 741 401 152 325 380 631 1839 714 1157 174 530 1499 887 374 2303 919 242 1262
leaf_count=869 933 584 222 175 564 696 2447 161 597 681 614 1050 741 401 152 325 380 631 1839 714 1157 174 530 1499 887 374 2303 919 242 1262
internal_value=0.000259089 0.00863199 -0.0107777 3.91788e-05 0.0160731 -0.00140039 -0.0196359 0.00396825 0.00631202 0.0210343 0.0108716 0.0109354 -0.00819761 0.0115271 0.00134048 -0.00420765 -0.0119858 0.00248139 0.0133667 0.0159639 -0.00784229 0.00989305 -0.0144085 -0.0172879 -0.000202156 0.000672646 0.0237475 -0.00949185 0.00344564 -0.00317516
internal_weight=24123 13718 10405 6371 7347 5060 5345 2762 3618 3722 2134 3625 2753 1339 736 1820 705 806 2889 1328 2298 738 2898 2029 1484 1115 2984 2076 643 1423
internal_count=24123 13718 10405 6371 7347 5060 5345 2762 3618 3722 2134 3625 2753 1339 736 1820 705 806 2889 1328 2298 738 2898 2029 1484 1115 2984 2076 643 1423
cat_boundaries=0 2 6 10 12 17 19 21 23 25 27 29 31 33 35 40 42 44 46
cat_threshold=3795992332 351304 269487624 536870912 1213210858 67110912 285220360 536870912 1079247074 67125248 278446113 404 536948754 33554944 2642436 168296496 64 1644175108 16392 1644309256 69632 1074677782 302514176 268697600 384 8667169 16 9961473 4 2151686144 3072 0 400 134479872 32 1048580 131072 67125248 33554464 32 1073742344 4096 262162 2 268435488 272
is_linear=0
shrinkage=0.05


Tree=7
num_leaves=31
num_cat=9
split_feature=2 2 2 7 5 5 5 8 9 2 7 5 5 7 9 5 9 9 5 7 5 2 5 9 1 9 1 7 1 1
split_gain=660.728 102.414 84.7407 68.7516 43.9414 35.2639 32.4131 29.7475 25.5977 24.1459 22.2934 21.1449 27.2162 19.3188 16.8742 15.0866 18.4785 14.5367 13.1882 11.5447 11.5012 11.4633 10.6642 10.0864 11.1089 8.72661 8.5663 8.22513 8.17407 8.07113
threshold=0 1 2 7.5000000000000009 3.5000000000000004 3.5000000000000004 5.5000000000000009 1.0000000180025095e-35 8.5000000000000018 3 4.5000000000000009 3.5000000000000004 5.5000000000000009 3.5000000000000004 12.500000000000002 5.5000000000000009 11.500000000000002 13.500000000000002 2.5000000000000004 8.5000000000000018 5.5000000000000009 4 1.5000000000000002 12.500000000000002 5 17.500000000000004 6 9.5000000000000018 7 8
decision_type=9 9 9 2 2 2 2 2 2 9 2 2 2 2 2 2 2 2 2 2 2 9 2 2 9 2 9 2 9 9
left_child=2 7 27 4 10 8 -7 17 -3 -10 21 14 25 15 -5 16 -6 26 -9 -11 23 -4 -16 -20 -25 -13 -2 -1 -19 -12
right_child=1 5 3 11 13 6 -8 18 9 19 29 12 -14 -15 22 -17 -18 28 20 -21 -22 -23 -24 24 -26 -27 -28 -29 -30 -31
leaf_value=-0.023232271936279539 -0.0081057938673885343 0.00030602805487939255 -0.010973348028819774 -0.017034665042700115 -0.011275148099163884 0.018359605130005407 0.0093580360875838101 0.0052405495933674391 0.0032061708218130147 0.022185230405607284 0.0017174087897146861 -0.0052848989334969738 -0.011226443604464877 0.0037564832353083281 -0.012164759782212676 -0.011304612545747184 0.0059662956754171718 -0.0057658772501049341 0.00865682859190069 0.014412700581954437 0.002229452597912207 -0.0053776233761583525 -0.005683611578480941 0.020297155065787477 0.0099702874987445123 0.0030061329787350877 -0.00018062676266241697 -0.028914139326265575 0.0071876477661539486 -0.0055932146869133621
leaf_weight=488 639 563 1440 1423 282 1668 633 1548 687 1729 620 977 564 1605 755 257 332 111 635 962 355 648 778 375 356 297 695 165 1007 1529
leaf_count=488 639 563 1440 1423 282 1668 633 1548 687 1729 620 977 564 1605 755 257 332 111 635 962 355 648 778 375 356 297 695 165 1007 1529
internal_value=0.000217635 0.00855675 -0.00798685 -0.00697664 -0.00371667 0.0129878 0.017927 0.0037079 0.010137 0.0117821 -0.00680906 -0.0115561 -0.00734494 0.00157512 -0.0141746 -0.00442021 -0.000162866 -0.000448613 0.00683695 0.0139023 0.00984893 -0.0104885 -0.0105349 0.0119327 0.0159371 -0.0032967 -0.00397301 -0.0254148 0.00375671 -0.00323406
internal_weight=24123 11963 12160 11507 6713 6242 2301 5721 3941 3378 4237 4794 1838 2476 2956 871 614 2452 3269 2691 1721 2088 1533 1366 731 1274 1334 653 1118 2149
internal_count=24123 11963 12160 11507 6713 6242 2301 5721 3941 3378 4237 4794 1838 2476 2956 871 614 2452 3269 2691 1721 2088 1533 1366 731 1274 1334 653 1118 2149
cat_boundaries=0 4 9 13 17 20 22 23 25 27
cat_threshold=269557257 536870912 3360948450 67110912 2197823490 33559040 2650636 168558640 64 2049 0 1048768 67108864 256 131072 2049 538984448 1049608 0 2 1179712 131104 5898432 1048576 32 64 33554432
is_linear=0
shrinkage=0.05


Tree=8
num_leaves=31
num_cat=18
split_feature=0 2 2 0 0 0 7 0 0 7 0 2 1 5 5 4 5 1 9 4 1 0 0 7 2 5 1 7 7 0
split_gain=798.413 284.965 284.355 119.883 72.9767 65.3516 49.7581 49.2862 47.257 43.3927 43.1642 38.1827 36.4645 33.8884 32.7249 31.8026 30.4365 28.2949 23.5048 23.144 23.1016 22.9663 22.8123 20.5462 20.5397 19.815 18.2142 17.491 16.2148 18.1749
threshold=0 1 2 3 4 5 7.5000000000000009 6 7 10.500000000000002 8 9 10 3.5000000000000004 3.5000000000000004 152.50000000000003 5.5000000000000009 11 8.5000000000000018 29.500000000000004 12 13 14 7.5000000000000009 15 3.5000000000000004 16 2.5000000000000004 3.5000000000000004 17
decision_type=9 9 9 9 9 9 2 9 9 2 9 9 9 2 2 2 2 9 2 2 9 9 9 2 9 2 9 2 2 9
left_child=2 3 7 6 12 24 8 26 -2 15 -11 -5 18 28 19 -7 -15 21 -4 -13 -6 -8 23 -21 -3 -22 -1 -26 29 -9
right_child=1 5 4 11 20 9 17 13 -10 10 -12 14 -14 16 -16 -17 -18 -19 -20 22 25 -23 -24 -25 27 -27 -28 -29 -30 -31
leaf_value=-0.021159836638370479 0.0066784079192667937 0.033511031790041716 -0.0067770803226121779 -0.019485416445380401 0.0067997808698529172 0.0095027143454062494 -0.016672767067920424 -0.0052635421715295123 -0.010418937983950822 -0.01774998818494743 0.01024745849540405 -0.0056731950582687768 -0.0042809009654887712 -0.0029026092508213199 0.010803498857165573 0.020688059296118413 -0.015017858067713559 -0.019573733160784382 0.016840438636725286 0.03168868825639639 -0.008003927847301584 -0.00095402292362350982 0.0011277751915017788 0.0027295519551834182 0.004153218230244715 -0.0015739132987066752 -0.013451746240645046 0.024525006200627843 -0.014400895962928395 -0.019923811247502837
leaf_weight=1586 825 1517 212 231 270 1951 399 128 652 281 377 474 412 1141 1375 1418 508 313 1158 501 1070 293 1051 305 277 676 305 1802 2251 364
leaf_count=1586 825 1517 212 231 270 1951 399 128 652 281 377 474 412 1141 1375 1418 508 313 1158 501 1070 293 1051 305 277 676 305 1802 2251 364
internal_value=0.000101563 0.00780672 -0.0106283 3.88863e-05 0.000183824 0.0143391 -0.00854735 -0.017154 -0.00274204 0.00989596 -0.00182371 0.00545984 0.00753348 -0.0141527 0.00670075 0.0122143 -0.00852032 -0.0171642 0.0114493 0.00311025 -0.00631787 -0.0109687 0.00562736 0.0118873 0.0192734 -0.00842825 -0.0240137 0.0157731 -0.0175902 -0.025813
internal_weight=24123 14042 10081 6419 3798 7623 2482 6283 1477 4027 658 3937 1782 4392 3706 3369 1649 1005 1370 2331 2016 692 1857 806 3596 1746 1891 2079 2743 492
internal_count=24123 14042 10081 6419 3798 7623 2482 6283 1477 4027 658 3937 1782 4392 3706 3369 1649 1005 1370 2331 2016 692 1857 806 3596 1746 1891 2079 2743 492
cat_boundaries=0 2 6 10 12 14 16 18 20 22 26 28 29 31 33 35 38 39 40
cat_threshold=3795992324 351240 269487616 536870912 1213202666 67110912 318774792 0 1079276258 67108912 278413353 404 2151817216 330752 68714704 1581094 2147488772 265216 268959784 272 8650760 272 2048 0 1048672 67110912 1074677782 131072 2147516448 1140850900 273678336 9961480 272 67109072 1056768 4 16 2065 32865 1107296768
is_linear=0
shrinkage=0.05


Tree=9
num_leaves=31
num_cat=20
split_feature=0 2 2 0 0 2 0 0 2 2 8 2 7 7 0 0 5 0 0 5 4 4 2 4 4 5 0 0 0 2
split_gain=719.443 309.828 234.651 92.0004 76.8952 57.0514 56.2638 45.9673 41.4567 38.8544 37.0876 33.4191 27.1553 25.823 43.6922 42.0765 23.3105 27.9368 22.1261 21.628 22.6103 21.3503 32.0935 19.6 18.7869 17.7961 19.7721 17.498 17.1573 21.7042
threshold=0 1 2 3 4 5 6 7 8 9 1.0000000180025095e-35 10 7.5000000000000009 7.5000000000000009 11 12 3.5000000000000004 13 14 3.5000000000000004 224.50000000000003 67.500000000000014 15 11.500000000000002 396.50000000000006 2.5000000000000004 16 17 18 19
decision_type=9 9 9 9 9 9 9 9 9 9 2 9 2 2 9 9 2 9 9 2 2 2 9 2 2 2 9 9 9 9
left_child=1 6 3 9 8 -4 21 25 28 -2 -9 -8 16 15 -15 -11 17 -5 -12 20 23 -1 -23 -6 -17 26 -7 -16 29 -3
right_child=2 4 5 12 19 7 11 10 -10 13 18 -13 -14 14 27 24 -18 -19 -20 -21 -22 22 -24 -25 -26 -27 -28 -29 -30 -31
leaf_value=-0.014867510582569922 -0.023465162470844438 0.041807380546104195 0.028650785265395013 0.029249231445456228 0.011241917025804038 0.013967329960288899 -0.0091080967854152376 0.00096853500151140588 -0.0027781684705650237 0.010313259812319188 0.00051510258341502801 -0.01769359600688224 0.0024825709160296583 0.0069045234897405 -0.018847424618911063 -0.0060323680060863638 0.01672053905073272 -0.0002394921821135987 0.017978073578737763 0.00085401023880941624 -9.1955376340202569e-05 -0.014399003595536608 -0.0028606935171611395 -0.013094048279076049 0.017479923527053864 0.02244081139296138 0.032260392080083793 -0.0085383956010664404 0.0057294577825969979 0.014988010019942766
leaf_weight=1071 207 391 1184 462 72 713 524 1251 602 825 361 3139 1226 373 282 968 651 663 1375 842 470 475 1277 840 49 1578 670 579 704 299
leaf_count=1071 207 391 1184 462 72 713 524 1251 602 825 361 3139 1226 373 282 968 651 663 1375 842 470 475 1277 840 49 1578 670 579 704 299
internal_value=3.10907e-05 -0.00963046 0.00774186 0.000691025 0.000921986 0.0139457 -0.0164871 0.0119 0.00802592 -0.00508655 0.00745746 -0.0206235 0.00700531 -0.00362929 -0.00923825 0.000108578 0.0109797 0.00662222 0.012212 -0.00546106 -0.0093343 -0.011066 -0.00770548 -0.0139254 -0.00666991 0.0163413 0.012256 -0.0153272 0.0127493 0.0184286
internal_weight=24123 10706 13417 6285 4220 7132 6486 5948 1996 3283 2987 3663 3002 3076 1234 1842 1776 1125 1736 2224 1382 2823 1752 912 1017 2961 1383 861 1394 690
internal_count=24123 10706 13417 6285 4220 7132 6486 5948 1996 3283 2987 3663 3002 3076 1234 1842 1776 1125 1736 2224 1382 2823 1752 912 1017 2961 1383 861 1394 690
cat_boundaries=0 2 6 10 12 14 18 20 22 26 30 34 35 37 39 40 44 46 48 50 53
cat_threshold=3797040908 351240 285285896 536870912 1079778018 67125296 269487640 536870912 1215308010 67110912 411877409 404 2152865792 330752 16777476 393232 67110912 1075986432 1644177928 69632 201883856 1581094 4 16 67108881 1074266112 0 0 1048800 67108864 0 536870912 4608 32 402702336 268697600 272 67108880 532480 268435488 1024 0 1048640 67108864 208 524324 524288 272 5251072 3072 0 16 16
is_linear=0
shrinkage=0.05


Tree=10
num_leaves=31
num_cat=22
split_feature=0 1 1 0 0 0 0 7 7 1 1 0 0 7 7 5 1 0 0 0 1 7 1 7 1 0 0 7 0 0
split_gain=646.494 283.652 177.857 97.9892 92.7403 60.6312 60.4736 46.1138 46.7061 42.8998 38.9242 32.365 29.1508 33.5657 29.0653 28.3851 26.5641 25.5822 24.8799 22.7306 22.2514 20.763 20.25 24.5405 18.4908 18.1475 18.1308 18.0432 46.4667 33.3919
threshold=0 1 2 3 4 5 6 7.5000000000000009 3.5000000000000004 7 8 9 10 9.5000000000000018 3.5000000000000004 2.5000000000000004 11 12 13 14 15 9.5000000000000018 16 2.5000000000000004 17 18 19 7.5000000000000009 20 21
decision_type=9 9 9 9 9 9 9 2 2 9 9 9 9 2 2 2 9 9 9 9 9 2 9 2 9 9 9 2 9 9
left_child=1 6 3 16 22 -4 14 8 18 25 12 -12 13 -7 17 26 -2 -1 -5 -9 -16 -13 -3 -24 -6 -8 -10 29 -29 -18
right_child=2 4 5 7 24 10 9 19 15 -11 11 21 -14 -15 20 -17 27 -19 -20 -21 -22 -23 23 -25 -26 -27 -28 28 -30 -31
leaf_value=-0.0043410017653331195 -0.021995090309154183 0.023349661413039336 0.030466143892493192 0.010139640270145835 0.010311858442591271 0.0042566506705365992 0.0020935750067573311 -0.0039238439469548971 -0.0049533022839212907 -0.018216139759573185 0.023956809210332178 0.013026664279348222 0.011509388194573667 -0.014989136713303897 -0.025408840167821235 0.021515420779812534 0.0051947663618738598 -0.01560009449649763 -0.0058661736686371983 0.0058625832588923288 -0.0069982119511277537 -0.001689352476122319 -0.011446840465390601 0.01008109484659734 -0.0036326680204758158 -0.017229006320004014 0.028192661177107309 0.0087189680358237039 -0.013781292717752559 -0.0082445577109047097
leaf_weight=231 170 654 1800 525 131 511 305 785 245 2603 1437 820 1535 251 101 843 979 497 453 1009 3067 273 68 671 1845 221 512 313 699 569
leaf_count=231 170 654 1800 525 131 511 305 785 245 2603 1437 820 1535 251 101 843 979 497 453 1009 3067 273 68 671 1845 221 512 313 699 569
internal_value=2.07271e-06 -0.00940023 0.00712206 0.00161699 0.00253033 0.0130104 -0.0151173 0.00625285 0.0105508 -0.0203409 0.0100372 0.0143307 0.00526658 -0.00272021 -0.0108807 0.0158125 -0.00580292 -0.0199176 0.00194274 0.000111483 -0.00883838 0.00766092 0.0123664 0.0064753 -0.00443102 -0.00690299 0.00878468 -0.00447471 -0.00968379 -0.00109819
internal_weight=24123 10394 13729 7102 3369 6627 7025 4372 2578 3129 4827 2530 2297 762 3896 1600 2730 728 978 1794 3168 1093 1393 739 1976 526 757 2560 1012 1548
internal_count=24123 10394 13729 7102 3369 6627 7025 4372 2578 3129 4827 2530 2297 762 3896 1600 2730 728 978 1794 3168 1093 1393 739 1976 526 757 2560 1012 1548
cat_boundaries=0 2 4 6 8 10 12 14 16 18 20 22 23 25 27 29 30 31 33 35 37 38 40
cat_threshold=3797040900 351240 2488369633 41975842 163937 6146 277397505 404 2152865792 265216 67633344 1581062 1644309248 69640 2218852352 8388610 5324928 9043968 142704657 32928 8650793 144 1 1073742336 65536 67108954 1056770 262202 2 2147483649 786432 1073741828 22020096 5242880 19456 134283298 32800 268484608 277348352 272
is_linear=0
shrinkage=0.05


Tree=11
num_leaves=31
num_cat=19
split_feature=0 1 1 0 0 0 1 0 7 0 0 7 7 5 5 1 9 0 0 0 9 7 0 0 0 7 0 0 9 5
split_gain=582.054 260.038 170.11 110.201 82.2351 58.9764 49.5258 40.6495 36.0957 76.9406 29.8892 27.7029 41.1989 27.0645 26.4832 26.3969 25.0479 24.5416 22.018 19.5105 19.2166 18.1092 17.5975 17.3298 16.7891 16.6452 34.602 23.4888 16.2795 15.9673
threshold=0 1 2 3 4 5 6 7 9.5000000000000018 8 9 7.5000000000000009 3.5000000000000004 3.5000000000000004 5.5000000000000009 10 9.5000000000000018 11 12 13 9.5000000000000018 3.5000000000000004 14 15 16 7.5000000000000009 17 18 11.500000000000002 3.5000000000000004
decision_type=9 9 9 9 9 9 9 9 2 9 9 2 2 2 2 9 2 9 9 9 2 2 9 9 9 2 9 9 2 2
left_child=1 5 7 6 16 15 -4 20 10 -10 -8 12 18 21 28 19 -3 -14 -5 -1 -2 23 -13 -7 -18 27 -27 -23 -15 -20
right_child=2 4 3 11 -6 13 8 -9 9 -11 -12 22 17 14 -16 -17 24 -19 29 -21 -22 25 -24 -25 -26 26 -28 -29 -30 -31
leaf_value=0.024574940971657935 0.017578892134131142 -0.0013169896190057375 -0.023483436194433185 -0.010465728124708112 -0.003120520284617834 -0.0042480365174203394 0.010407657257954606 0.012433259618786963 0.011418658181830021 -0.014280128812900601 -0.0010190661051939721 0.00013207501742876771 0.0081715208922022494 -0.011198877279121527 -0.012319422053743756 -0.018139803804354787 0.030752469339362366 0.034293663767643992 0.0025978142110494209 -0.014611106532953923 0.030116683844329886 -0.00035752620367566769 0.012437717600461208 -0.017706251193286872 0.0088370637628561784 -0.020919041546159617 -0.011113741353013984 -0.011121621339560572 0.0014996828907082817 0.010888761075761033
leaf_weight=107 409 391 219 116 1790 137 1150 2237 408 843 2460 1121 514 505 521 1976 384 1197 554 201 1281 522 911 375 979 360 837 615 706 297
leaf_count=107 409 391 219 116 1790 137 1150 2237 408 843 2460 1121 514 505 521 1976 384 1197 554 201 1281 522 911 375 979 360 837 615 706 297
internal_value=-6.4254e-05 -0.00897657 0.00669848 0.00316327 0.00202589 -0.0146537 -0.00194499 0.0154813 -0.000872511 -0.00819345 0.00166205 0.00866525 0.0120239 -0.0113121 -0.00640878 -0.0212729 0.00969388 0.0166861 0.00377456 -0.00691824 0.0214118 -0.0143359 0.0042815 -0.0228516 0.0129494 -0.0124679 -0.0165831 -0.00813544 -0.00235343 0.00656214
internal_weight=24123 10406 13717 9790 3544 6862 5080 3927 4861 1251 3610 4710 2678 4578 1732 2284 1754 1711 967 308 1690 2846 2032 512 1363 2334 1197 1137 1211 851
internal_count=24123 10406 13717 9790 3544 6862 5080 3927 4861 1251 3610 4710 2678 4578 1732 2284 1754 1711 967 308 1690 2846 2032 512 1363 2334 1197 1137 1211 851
cat_boundaries=0 2 4 6 8 10 12 13 15 16 18 19 21 23 25 27 28 30 32 34
cat_threshold=3797040900 351304 2488373601 33587202 3255584790 307798048 411877417 404 2152865792 330752 2148537348 281600 1 210239681 1613860 402702337 786432 272 2151743488 65600 32800 65536 32 1048576 3072 67174482 524288 1107296768 1048576 3072 4194304 65536 33556992 69632
is_linear=0
shrinkage=0.05


Tree=12
num_leaves=31
num_cat=19
split_feature=0 2 2 0 0 0 0 7 4 2 5 0 7 7 0 1 5 0 1 4 0 1 4 0 0 2 0 7 5 5
split_gain=532.104 264.148 193.329 73.8371 72.4431 60.4113 58.0978 45.2046 42.5104 33.571 28.1536 25.1895 39.0481 24.6384 24.371 24.103 24.0007 23.272 22.3665 21.1481 20.1165 20.0485 18.4159 19.0081 17.9377 17.8628 17.4907 17.417 17.9975 16.7629
threshold=0 1 2 3 4 5 6 7.5000000000000009 200.50000000000003 7 2.5000000000000004 8 4.5000000000000009 2.5000000000000004 9 10 3.5000000000000004 11 12 24.500000000000004 13 14 20.500000000000004 15 16 17 18 4.5000000000000009 3.5000000000000004 5.5000000000000009
decision_type=9 9 9 9 9 9 9 2 2 9 2 9 2 2 9 9 2 9 9 2 9 9 2 9 9 9 9 2 2 2
left_child=1 6 3 7 18 25 -1 17 14 -5 22 27 20 26 -7 -9 -15 -2 -3 -17 -13 -16 -11 -24 -10 -4 -8 -6 -29 -18
right_child=2 4 5 9 11 8 13 15 24 10 -12 12 -14 16 21 19 29 -19 -20 -21 -22 -23 23 -25 -26 -27 -28 28 -30 -31
leaf_value=-0.017368635077967855 -0.005797330981525706 -0.0010943571352738379 0.012105428545904141 -0.01888122903315731 0.0008485885075784072 -0.00052347558030355621 -0.0076075779946464892 -0.016655163311478295 0.0064830002951942805 -0.0093182391778570458 0.009088220202850484 -0.000890846562384362 0.0023221361164810551 -0.01262618483845087 0.016577492316050903 -0.018495038208192149 -0.00095244738101616386 0.0051886116600554427 0.018864117492993743 -0.0046636811084108777 -0.015774645705899936 0.0062525893139689648 0.013885204911963489 -0.0027004031119493344 0.024318137313972157 0.032629865749853333 -0.015392018141142806 -0.013955811486750291 -0.0020687222870665379 -0.011207281026320549
leaf_weight=1810 591 295 271 231 323 903 136 283 420 249 2085 275 1765 2016 909 140 837 843 886 582 275 1766 731 795 1386 1532 291 677 443 377
leaf_count=1810 591 295 271 231 323 903 136 283 420 249 2085 275 1765 2016 909 140 837 843 886 582 275 1766 731 795 1386 1532 291 677 443 377
internal_value=-8.08357e-05 -0.00860215 0.00638523 0.000152905 -0.000212164 0.0120397 -0.0161676 -0.00671703 0.00934372 0.00425506 0.00537468 -0.00360934 -0.000365591 -0.0124489 0.00620458 -0.0148756 -0.0109907 -0.00104603 0.0105374 -0.00956284 -0.012 0.00858473 0.000760563 0.00281782 0.0156146 0.0199945 -0.0237705 -0.00877495 -0.0117857 -0.00543657
internal_weight=24123 10406 13717 6530 4939 7187 5467 2439 5384 4091 3860 3758 2315 3657 3578 1005 3230 1434 1181 722 550 2675 1775 1526 1806 1803 427 1443 1120 1214
internal_count=24123 10406 13717 6530 4939 7187 5467 2439 5384 4091 3860 3758 2315 3657 3578 1005 3230 1434 1181 722 550 2675 1775 1526 1806 1803 427 1443 1120 1214
cat_boundaries=0 2 6 10 12 14 16 18 22 23 25 26 28 30 32 34 36 37 42 43
cat_threshold=3797040900 351304 285286152 0 1079781602 67239968 269553160 536870912 1211629802 201328640 277364777 404 1187840 3072 67633280 1581062 2148537348 281600 2048 0 1048672 67110912 1107301124 268435496 144 65 8404993 132 5376064 34078720 4194304 348160 1074528276 268435456 67109072 1056800 268714056 12288 268435456 67110912 570425360 96 1077936640
is_linear=0
shrinkage=0.05


Tree=13
num_leaves=31
num_cat=13
split_feature=0 0 9 4 7 7 0 7 0 9 0 0 0 7 5 5 0 8 0 0 0 7 5 0 7 9 7 4 4 0
split_gain=479.696 96.8455 56.3071 43.494 37.9265 34.8177 44.4508 32.5507 30.3583 29.7488 23.5864 22.4044 20.4968 21.6842 19.8246 32.336 18.9146 18.8957 18.811 18.6854 16.6543 19.3769 15.207 15.0628 14.5134 14.03 13.7613 13.6825 18.1853 13.0277
threshold=0 1 9.5000000000000018 268.50000000000006 7.5000000000000009 2.5000000000000004 2 3.5000000000000004 3 10.500000000000002 4 5 6 9.5000000000000018 3.5000000000000004 5.5000000000000009 7 1.0000000180025095e-35 8 9 10 10.500000000000002 2.5000000000000004 11 9.5000000000000018 9.5000000000000018 3.5000000000000004 19.500000000000004 6.5000000000000009 12
decision_type=9 9 2 2 2 2 9 2 9 2 9 9 9 2 2 2 9 2 9 9 9 2 2 9 2 2 2 2 2 9
left_child=2 4 19 9 7 6 -4 23 -7 20 22 24 13 -11 18 16 -16 27 -10 -1 21 -3 -6 -2 -5 -12 -21 28 -14 -9
right_child=1 3 5 11 10 8 -8 29 14 12 25 -13 17 -15 15 -17 -18 -19 -20 26 -22 -23 -24 -25 -26 -27 -28 -29 -30 -31
leaf_value=-0.013740521649668463 -0.0056295029220472638 -0.0053005881013084956 -0.018474054276538004 0.006952113453244247 -0.005967482603406904 -0.013476591624980622 -0.0065530221572819292 0.018690948907847876 0.00020908782526641857 0.0019379837984966732 0.0070848372895899459 0.014813250493839719 0.018530471757233886 -0.0072683183912364948 0.0095377859592406748 -0.0068749725780729133 -0.00031372210592679474 0.011085831041767935 -0.0066461404638525796 -0.014246253332057835 -0.00044046435824497969 -0.016759268526604143 0.0077214486044603851 0.01164700200759441 -0.013431481090863385 0.017359278222152118 -0.0087775815475477637 0.002471073592284287 -0.012893565065236867 0.039658661563310937
leaf_weight=1530 148 746 326 445 355 1124 553 618 893 968 434 1220 42 321 643 703 907 1855 2665 203 1394 153 391 844 126 1111 859 1210 173 1163
leaf_count=1530 148 746 326 445 355 1124 553 618 893 968 434 1220 42 321 643 703 907 1855 2665 203 1394 153 391 844 126 1111 859 1210 173 1163
internal_value=-6.01086e-05 0.00607926 -0.00815092 0.00285698 0.0115688 -0.00604044 -0.0154152 0.0155247 -0.0048522 0.00104926 0.00683108 0.00979899 0.00338148 -0.00196305 -0.00337571 0.000288504 0.00432258 0.00547112 -0.00570545 -0.0145448 -0.00359791 -0.00885589 -0.000529101 0.00826613 0.00146299 0.0103215 -0.00914179 0.00115789 -0.0104651 0.0195677
internal_weight=24123 13717 10406 8653 5064 7814 879 2773 6935 6862 2291 1791 4569 1289 5811 2253 1550 3280 3558 2592 2293 899 746 992 571 1545 1062 1425 215 1781
internal_count=24123 13717 10406 8653 5064 7814 879 2773 6935 6862 2291 1791 4569 1289 5811 2253 1550 3280 3558 2592 2293 899 746 992 571 1545 1062 1425 215 1781
cat_boundaries=0 2 4 6 8 9 11 13 15 17 19 21 23 25
cat_threshold=3797040900 351304 67633360 1581090 2685541632 8 4100 263168 524304 268713985 256 268435496 144 3225427968 20488 1187840 4096 2185367556 344072 276840456 384 0 524320 192 34
is_linear=0
shrinkage=0.05


Tree=14
num_leaves=31
num_cat=20
split_feature=0 2 2 0 0 2 0 0 7 0 0 2 7 2 5 7 0 7 0 8 1 0 2 4 7 2 0 8 4 0
split_gain=438.11 265.028 153.797 77.3918 62.7438 55.1733 48.6029 47.1927 40.122 85.2633 70.5211 30.4497 29.5387 24.1551 23.6069 22.925 22.6171 22.5112 22.5836 21.2346 27.2185 22.2671 20.4097 19.7433 16.9316 16.8089 15.974 17.9622 15.8192 15.4908
threshold=0 1 2 3 4 5 6 7 7.5000000000000009 8 9 10 7.5000000000000009 11 1.5000000000000002 2.5000000000000004 12 3.5000000000000004 13 1.0000000180025095e-35 14 15 16 98.500000000000014 1.5000000000000002 17 18 1.0000000180025095e-35 15.500000000000002 19
decision_type=9 9 9 9 9 9 9 9 2 9 9 9 2 9 2 2 9 2 9 2 9 9 9 2 2 9 9 2 2 9
left_child=1 3 5 22 -3 -2 14 24 10 -10 -5 29 17 -9 -7 -12 25 -8 -19 20 -18 -22 -1 -24 -4 -13 -15 -28 -14 -6
right_child=2 4 7 8 11 6 12 13 9 -11 15 16 28 26 -16 -17 19 18 -20 -21 21 -23 23 -25 -26 -27 27 -29 -30 -31
leaf_value=-0.019199791677296185 -0.016901651624728144 0.015676473509162764 0.002010125348227032 -9.1038814151062083e-05 -0.0021015252062346113 -0.0092229170973218595 0.0032026527605610866 0.0017892523450876885 -0.018234025533397868 -0.0054091988272535699 -0.013129216990742883 -0.0057865539723972181 -0.0084035250959524407 0.0010029529487703304 -0.00010360701362533976 -0.011507503097661726 -0.01453146940234476 0.0075866322002101916 0.036513363207291781 0.0091442831142455553 -0.010507322525759123 0.0084748200112095273 -0.018753128721363435 -0.01181508728320272 0.023736785526633448 0.00063336702988544549 0.0069013237108387811 0.020032099512669668 0.0016253222095611753 -0.012159093153800106
leaf_weight=314 367 1216 179 1626 752 754 654 1131 881 921 213 526 102 350 1733 768 256 536 620 1027 113 364 846 651 2888 449 869 1132 1191 694
leaf_count=314 367 1216 179 1626 752 754 654 1131 881 921 213 526 102 350 1733 768 256 536 620 1027 113 364 846 651 2888 449 869 1132 1191 694
internal_value=-6.01086e-05 -0.00704825 0.00643177 -0.014077 0.00106344 0.000611698 0.00185714 0.0117167 -0.0104435 -0.0162042 -0.00650173 -0.0018492 0.00602313 0.00767468 -0.00334401 -0.017003 0.00125683 0.0101657 0.0143599 0.00463277 -0.00184175 0.00523614 -0.0228171 -0.0200066 0.0162658 -0.00482234 0.0105676 0.0123073 0.000270688 -0.00769231
internal_weight=24123 11617 12506 6220 5397 5957 5590 6549 4409 1802 2607 4181 3103 3482 2487 981 2735 1810 1156 1760 733 477 1811 1497 3067 975 2351 2001 1293 1446
internal_count=24123 11617 12506 6220 5397 5957 5590 6549 4409 1802 2607 4181 3103 3482 2487 981 2735 1810 1156 1760 733 477 1811 1497 3067 975 2351 2001 1293 1446
cat_boundaries=0 2 6 11 13 15 19 21 23 25 27 31 35 36 38 40 42 46 49 50 52
cat_threshold=3797040900 351576 318840328 536870912 1209805026 67125280 1052168 536870912 1075314918 201328640 64 2148537348 281600 1179648 3328 1050624 536870912 1074790496 67108864 411615275 132 67666064 1581094 37748736 65808 1077936640 69904 256 0 4199173 136445968 0 0 134224392 524320 1644174080 65728 557058 64 4325376 0 65544 1024 0 1048704 67108864 0 268435472 24 268435456 2688559616 65544
is_linear=0
shrinkage=0.05


Tree=15
num_leaves=31
num_cat=17
split_feature=0 2 2 2 0 0 0 0 7 0 9 2 2 4 0 4 7 6 2 0 4 2 7 9 7 4 9 7 0 0
split_gain=402.11 240.162 162.768 61.1251 57.4726 53.7964 50.3796 50.3434 34.918 46.6386 34.2614 28.0455 27.2415 24.714 23.8583 23.2833 22.1847 21.9575 20.5363 20.3294 20.2012 19.5204 18.7293 16.9789 16.8677 16.4131 16.1826 15.7947 50.4808 20.8591
threshold=0 1 2 3 4 5 6 7 9.5000000000000018 8 9.5000000000000018 9 10 57.500000000000007 11 252.50000000000003 2.5000000000000004 1.0000000180025095e-35 12 13 428.50000000000006 14 1.5000000000000002 9.5000000000000018 3.5000000000000004 98.500000000000014 9.5000000000000018 7.5000000000000009 15 16
decision_type=9 9 9 9 9 9 9 9 2 9 2 9 9 2 9 2 2 2 9 9 2 9 2 2 2 2 2 2 9 9
left_child=1 4 3 -2 21 20 22 11 15 -10 17 -3 -9 -7 18 19 -12 -6 -14 -8 -5 -1 -4 -24 -21 -23 -16 29 -29 -18
right_child=2 7 6 5 10 13 8 12 9 -11 16 -13 14 -15 26 -17 27 -19 -20 24 -22 25 23 -25 -26 -27 -28 28 -30 -31
leaf_value=-0.017760605180893885 -0.017271345601652378 0.04109877963207631 -0.0025110673401080477 -0.0036520762973840551 -0.013676010624668118 -2.7387654145344389e-05 0.0036103816790727218 -0.0065048862785218381 -0.0043174346181468985 0.012302387357483326 -0.013060474810629458 0.010723563147894549 -0.0052763902883932734 0.0097338237105197411 -0.0055911224700114677 0.022652921319435994 -0.012484347067158548 -0.0048293435298347011 0.0019049883933110025 0.0032081476260933496 0.017445314374639198 -0.017815472285295262 0.014316172627253421 0.031166425826658375 0.019795636634136735 -0.010951439206074304 0.0071625243452959515 -0.017215563744097984 -0.0022687949906392058 0.00039390320768200042
leaf_weight=307 396 248 102 2865 787 1282 1066 1529 775 564 312 404 608 2198 362 971 354 202 511 391 133 822 506 1340 1128 597 1315 359 780 909
leaf_count=307 396 248 102 2865 787 1282 1066 1529 775 564 312 404 608 2198 362 971 354 202 511 391 133 822 506 1340 1128 597 1315 359 780 909
internal_value=-8.08357e-05 -0.00748848 0.00554018 0.000101685 -0.0147546 0.00127928 0.0109952 0.000451173 0.00824669 0.00138163 -0.0111635 0.0132931 -0.00151096 0.00550143 0.00142552 0.0108549 -0.00829035 -0.0191608 -0.00420726 0.00837524 -0.00362367 -0.0223502 0.0178243 0.0190683 0.0120667 -0.0194892 0.00518672 -0.00666112 -0.0109306 -0.00281077
internal_weight=24123 10406 13717 6874 5429 6478 6843 4977 4895 1339 3703 652 4325 3480 2796 3556 2714 989 1119 2585 2998 1726 1948 1846 1519 1419 1677 2402 1139 1263
internal_count=24123 10406 13717 6874 5429 6478 6843 4977 4895 1339 3703 652 4325 3480 2796 3556 2714 989 1119 2585 2998 1726 1948 1846 1519 1419 1677 2402 1139 1263
cat_boundaries=0 2 6 10 14 16 18 20 22 24 27 31 33 36 38 42 44 46
cat_threshold=3797040900 351304 285285896 536870912 1079779554 67239968 269553160 536870912 1211629806 234883072 1050624 0 1074790496 67108864 2148537348 265216 277397547 404 67633280 1581094 1048576 3072 277086264 272 0 16 20 33562624 512 6917 136314896 1644174080 8 0 268435472 24 402702377 128 1024 0 1048704 67108864 4194304 81920 537012480 16384
is_linear=0
shrinkage=0.05


Tree=16
num_leaves=31
num_cat=6
split_feature=2 2 2 5 9 9 5 9 5 4 4 4 7 9 2 7 8 4 2 4 7 4 4 7 7 5 9 2 7 4
split_gain=373.142 73.6229 60.2304 54.5172 36.3459 29.0787 26.6114 24.7757 29.9199 20.7571 17.69 17.646 15.9767 13.8578 13.8031 14.3002 13.4229 12.9435 12.8867 12.795 14.8824 12.1657 12.1072 12.0741 12.0381 11.2169 10.4919 10.2666 9.73357 9.61147
threshold=0 1 2 3.5000000000000004 10.500000000000002 11.500000000000002 5.5000000000000009 11.500000000000002 4.5000000000000009 29.500000000000004 110.50000000000001 134.50000000000003 7.5000000000000009 20.500000000000004 3 7.5000000000000009 1.0000000180025095e-35 415.50000000000006 4 62.500000000000007 7.5000000000000009 451.50000000000006 140.50000000000003 9.5000000000000018 3.5000000000000004 1.5000000000000002 1.5000000000000002 5 5.5000000000000009 9.5000000000000018
decision_type=9 9 9 2 2 2 2 2 2 2 2 2 2 2 9 2 2 2 9 2 2 2 2 2 2 2 2 9 2 2
left_child=1 -1 10 4 12 16 7 8 -5 -6 13 -7 26 23 15 22 -4 28 21 -8 24 -13 -11 29 -21 -12 -3 -18 -9 -2
right_child=2 3 5 6 9 11 19 17 -10 14 25 18 -14 -15 -16 -17 27 -19 -20 20 -22 -23 -24 -25 -26 -27 -28 -29 -30 -31
leaf_value=-0.019472103765757278 0.022585330864646331 0.014978067137904861 -0.0059394032228436318 -0.010637228336833138 -0.011044570868538424 0.0034920812455864203 -0.0096481525029004679 0.0072134279883303842 0.0044195157026491903 -0.017099977122199173 0.012212359509987281 0.00057043005467886097 -0.012201406686286293 0.027631159939925761 -0.0015071281072081889 -0.012498438918083526 -0.0026309229916272937 0.01348888433122818 0.014545711854711763 -0.0067747681264079072 -0.0073627851046015021 0.01803751961993184 -0.0020469497324290598 0.00048764543166804342 0.0098135318472324165 0.015162931402310781 -0.0089760604166857494 0.0050886932718344274 0.00094208636712087577 0.0076044552166291413
leaf_weight=739 208 43 1185 739 895 2470 554 607 577 35 818 479 1064 220 2843 367 520 103 981 154 334 95 640 594 289 1574 1500 1170 1092 1234
leaf_count=739 208 43 1185 739 895 2470 554 607 577 35 818 479 1064 220 2843 367 520 103 981 154 334 95 640 594 289 1574 1500 1170 1092 1234
internal_value=-0.000109854 -0.00606675 0.00637654 -0.00509877 -0.00773656 0.00340087 -0.000730501 0.00179602 -0.00341945 -0.00514644 0.0107772 0.00614907 -0.0124856 0.00762411 -0.00356499 -0.00846008 -0.000434783 0.00560488 0.0103215 -0.00664914 -0.00250965 0.00410959 -0.00422222 0.00633595 0.00349887 0.013796 -0.00923526 0.00242604 0.00456151 0.00880721
internal_weight=24123 12575 11548 11836 7387 6900 4449 3118 1316 4780 4648 4025 2607 2256 3885 1042 2875 1802 1555 1331 777 574 675 2036 443 2392 1543 1690 1699 1442
internal_count=24123 12575 11548 11836 7387 6900 4449 3118 1316 4780 4648 4025 2607 2256 3885 1042 2875 1802 1555 1331 777 574 675 2036 443 2392 1543 1690 1699 1442
cat_boundaries=0 4 8 13 17 22 26
cat_threshold=2433818121 536870912 1216086242 201328672 2049 0 1074790624 67108864 16660 168165392 67108880 1629487104 32 268436488 0 4718592 32 33554434 4608 6156 33554432 64 0 0 16397 33554432
is_linear=0
shrinkage=0.05


Tree=17
num_leaves=31
num_cat=20
split_feature=0 2 2 0 0 0 0 2 2 4 7 0 4 1 2 0 0 1 0 7 7 0 0 7 4 2 4 7 7 1
split_gain=378.771 204.496 131.36 67.4754 54.463 51.8573 47.9743 33.3834 31.128 28.6979 26.1191 22.0818 21.8776 21.419 20.138 19.3504 18.492 19.5422 17.4136 16.8328 28.3626 54.6122 18.7987 15.9555 15.5863 15.5739 17.6209 15.4657 17.3572 17.4167
threshold=0 1 2 3 4 5 6 7 8 252.50000000000003 7.5000000000000009 9 29.500000000000004 10 11 12 13 14 15 2.5000000000000004 7.5000000000000009 16 17 2.5000000000000004 116.50000000000001 18 138.50000000000003 1.5000000000000002 9.5000000000000018 19
decision_type=9 9 9 9 9 9 9 9 9 2 2 9 2 9 9 9 9 9 9 2 2 9 9 2 2 9 2 2 2 9
left_child=1 3 5 14 7 10 27 15 -7 16 18 25 -10 -6 -1 -3 -8 -18 -2 -13 22 -22 -21 -9 -15 26 -5 -4 -29 -30
right_child=2 4 6 11 13 8 9 23 12 -11 -12 19 -14 24 -16 -17 17 -19 -20 20 21 -23 -24 -25 -26 -27 -28 28 29 -31
leaf_value=-0.016012770645881198 0.0055681020097198336 0.0029504792205126366 -0.001150392577108006 -0.0041646444608602227 0.0065531376914986618 -0.015675214034998948 -0.00070005089846334476 -0.011850017636647843 -0.0020542372621858321 0.017130381103820647 -0.011591336351971977 -0.012004101460699296 0.0073573868002385807 -0.0075451469152028276 -0.013889818579422484 0.029047276215781993 0.0040972548460306629 0.013445494895473626 -0.005819389579182677 -0.00066332282134460305 -0.017711084199113766 -0.0064908161979122195 -0.011179661435663858 0.0026249355677851805 -0.00054191451213495001 -0.011501092782501894 0.010278757457569249 0.028959285046567435 0.025893461710825672 0.0011670049356604373
leaf_weight=285 521 411 120 709 224 238 875 133 907 1289 796 292 3218 1365 1634 517 1757 1134 583 863 507 576 480 1067 1066 358 259 1378 291 270
leaf_count=285 521 411 120 709 224 238 875 133 907 1289 796 292 3218 1365 1634 517 1757 1134 583 863 507 576 480 1067 1066 358 259 1378 291 270
internal_value=-0.000209344 -0.00719598 0.0054045 -0.0133685 0.000511162 0.00011956 0.0100505 0.00645463 0.00312143 0.00739388 -0.00675393 -0.0096448 0.00414752 -0.00425891 -0.0211249 0.0135394 0.00520446 0.00711824 -0.00181159 -0.0122434 -0.0109233 -0.0169437 -0.0060685 0.000909091 -0.00563294 -0.00426647 -0.000920245 0.0165056 0.0176637 0.0102496
internal_weight=24123 10746 13377 5963 4783 6263 7114 2128 4363 5055 1900 4044 4125 2655 1919 928 3766 2891 1104 2718 2426 1083 1343 1200 2431 1326 968 2059 1939 561
internal_count=24123 10746 13377 5963 4783 6263 7114 2128 4363 5055 1900 4044 4125 2655 1919 928 3766 2891 1104 2718 2426 1083 1343 1200 2431 1326 968 2059 1939 561
cat_boundaries=0 2 6 11 13 15 17 19 23 27 29 31 35 37 39 41 43 45 47 50 52
cat_threshold=3797040900 351256 318840328 0 1079797990 67239968 1052160 570425344 1211105506 201328640 64 2148537348 281600 2152865792 68608 8929321 388 67633280 1581094 4 268435472 67108881 1073741824 2048 0 1048672 67108864 1073744640 4112 1073872980 269484032 1024 0 128 67108864 2147614720 65536 268435496 128 72564928 33685536 524328 256 4194304 65536 37748736 65536 520 0 18438 786432 33685504
is_linear=0
shrinkage=0.05


Tree=18
num_leaves=31
num_cat=20
split_feature=0 2 2 0 0 0 0 9 2 4 1 2 5 1 0 0 9 5 0 0 8 0 4 9 0 4 2 9 0 1
split_gain=347.752 193.605 126.808 62.417 52.6148 50.4424 45.1897 33.7278 33.5272 24.7133 24.3391 22.2312 21.3652 20.7074 26.1351 19.7342 18.7531 18.2369 17.3197 16.5581 16.3188 15.0531 14.9444 14.9163 14.8518 14.6819 15.1578 13.3945 13.2802 12.1352
threshold=0 1 2 3 4 5 6 16.500000000000004 7 276.50000000000006 8 9 2.5000000000000004 10 11 12 12.500000000000002 2.5000000000000004 13 14 1.0000000180025095e-35 15 114.50000000000001 10.500000000000002 16 68.500000000000014 17 21.500000000000004 18 19
decision_type=9 9 9 9 9 9 9 2 9 2 9 9 2 9 9 9 2 2 9 9 2 9 2 2 9 2 9 2 9 9
left_child=1 3 4 -1 9 -4 10 18 15 -2 27 -6 23 14 -8 -7 29 21 -5 -14 -16 -15 -19 24 -13 -20 -27 -3 -25 -17
right_child=2 6 5 7 11 8 13 -9 -10 -11 -12 12 19 17 20 16 -18 22 25 -21 -22 -23 -24 28 -26 26 -28 -29 -30 -31
leaf_value=-0.013064618129911894 0.004331860762322704 0.015291713299172434 0.026266329205255057 -0.012513809783859879 -0.024023560992250059 -0.00097611945191642411 -0.0031192710274433239 -0.00078588507438092097 0.018273964000317239 0.01685487538056989 -0.0038971283708251095 -0.0033056873094585494 -0.0048009254026780473 -0.0039616703302039038 -0.00032922224441905845 0.0073023742144938571 0.014779228458153382 -0.0064637817835724257 -0.012196479160640487 0.003510002675252494 0.01041582238331349 -0.011215906821719902 0.0028507749513561943 -0.0098914359231010475 -0.012538763695933208 -0.0016224302880179287 -0.010867252345559015 0.082084218182437621 0.00041282543627892967 -0.0015737123879283723
leaf_weight=2006 2312 902 1358 722 105 656 456 1132 1184 575 251 273 572 728 372 829 1519 809 652 1520 544 581 693 294 415 727 458 37 848 593
leaf_count=2006 2312 902 1358 722 105 656 456 1132 1184 575 251 273 572 728 372 829 1519 809 652 1520 544 581 693 294 415 727 458 37 848 593
internal_value=-0.000271525 -0.006787 0.0052553 -0.0132031 0.000606586 0.0104814 2.78655e-05 -0.00928128 0.00802546 0.00574732 0.00858333 -0.00308397 -0.00244151 -0.0024207 0.00260492 0.00558636 0.0073365 -0.00487416 -0.0124853 0.00100382 0.0074514 -0.0092055 -0.00113182 -0.00639344 -0.0122093 -0.00971846 -0.0064557 0.0122761 -0.00288967 0.00323488
internal_weight=24123 11070 13053 5697 6914 6139 5373 3691 4781 2887 1190 4027 3922 4183 1372 3597 2941 2811 2559 2092 916 1309 1502 1830 688 1837 1185 939 1142 1422
internal_count=24123 11070 13053 5697 6914 6139 5373 3691 4781 2887 1190 4027 3922 4183 1372 3597 2941 2811 2559 2092 916 1309 1502 1830 688 1837 1185 939 1142 1422
cat_boundaries=0 2 6 11 13 15 17 19 23 25 29 31 32 34 35 37 39 41 44 46 48
cat_threshold=3797040908 351320 318840328 0 1079771362 67125280 269557256 570425344 1211113702 201328640 64 2148537348 281608 67109074 1581090 67633152 1581062 1187840 3072 16785408 512 547609 34078752 1078804480 8519680 0 0 1048608 67108864 1074006102 18354176 1644172800 268435488 128 541196288 8912896 132 2722106368 327696 402915360 32768 4608 0 262146 540705 32772 1835008 4325376
is_linear=0
shrinkage=0.05


Tree=19
num_leaves=31
num_cat=20
split_feature=0 2 2 0 0 0 0 2 2 5 4 2 1 4 5 3 5 2 0 0 5 0 0 4 2 4 2 0 4 1
split_gain=317.763 186.326 117.579 61.8045 51.8046 46.2937 40.4408 29.457 23.0839 22.6654 22.6133 22.0786 19.6638 19.9551 18.6493 18.2669 18.2522 17.314 16.3722 16.1694 15.4238 14.6292 14.4636 13.8332 26.9781 13.4624 12.528 11.5945 11.4994 13.367
threshold=0 1 2 3 4 5 6 7 8 3.5000000000000004 276.50000000000006 9 10 116.50000000000001 2.5000000000000004 2.5000000000000004 5.5000000000000009 11 12 13 1.5000000000000002 14 15 81.500000000000014 16 98.500000000000014 17 18 24.500000000000004 19
decision_type=9 9 9 9 9 9 9 9 9 2 2 9 9 2 2 2 2 9 9 9 2 9 9 2 9 2 9 9 2 9
left_child=1 3 4 17 10 -4 8 19 -3 18 28 -6 -8 15 -13 22 -11 -1 23 -7 -21 -16 -14 -5 -25 -19 27 -15 -2 -30
right_child=2 6 5 9 11 7 12 -9 -10 16 -12 14 13 26 21 -17 -18 25 -20 20 -22 -23 -24 24 -26 -27 -28 -29 29 -31
leaf_value=-0.015210301397963144 -0.0035394687753753985 0.018692405206703299 0.025179874863938925 -0.010928958098970477 -0.022822382942637554 -0.00027598885683056685 0.011123732100118383 0.017328064457984311 -0.00052524384091565677 -0.0003260681006962474 0.016011499654557251 -0.0060537420441925923 0.00011400153840239735 0.013922374428376983 -0.0038707500094821157 -0.01315283953770674 -0.008766267827767139 -0.015555441901262219 -0.010961737376633224 0.0021445109484960201 0.0099639363178488441 0.0030338066852503734 -0.0074071420091513908 0.0039809537152491583 -0.010727337106490648 -0.0088792444325222711 -0.0008082990660868484 0.00025389498653481944 -0.016162285397217913 0.0080590656140809847
leaf_weight=307 389 728 1329 440 105 837 120 1186 462 1007 596 1862 927 224 579 335 469 817 1387 832 1873 1536 908 391 279 593 1363 301 122 1819
leaf_count=307 389 728 1329 440 105 837 120 1186 462 1007 596 1862 927 224 579 335 469 817 1387 832 1873 1536 908 391 279 593 1363 301 122 1819
internal_value=-0.000379306 -0.00661366 0.00489866 -0.0129123 0.000484469 0.0099967 7.43771e-05 0.00764035 0.00816667 -0.00942757 0.00555177 -0.00315249 -0.00224451 -0.00285152 -0.00252069 -0.00612903 -0.0045393 -0.0208743 -0.0123548 0.00532095 0.00720074 0.000685579 -0.00416894 -0.00758929 -0.00313433 -0.018169 0.000900424 0.00738318 0.00334764 0.00492014
internal_weight=24123 11058 13065 5690 7008 6057 5368 4728 1190 3973 2926 4082 4178 4058 3977 2170 1476 1717 2497 3542 2705 2115 1835 1110 670 1410 1888 525 2330 1941
internal_count=24123 11058 13065 5690 7008 6057 5368 4728 1190 3973 2926 4082 4178 4058 3977 2170 1476 1717 2497 3542 2705 2115 1835 1110 670 1410 1888 525 2330 1941
cat_boundaries=0 2 6 11 13 15 17 19 23 27 31 33 37 39 41 43 45 48 52 54 55
cat_threshold=3797040908 351256 318840328 0 1079771362 67125280 1056264 570425344 1211113958 201328640 64 2148537348 265216 67109074 1581090 67633152 1581062 1187840 3072 285286400 512 547353 34078752 0 16 17 134742016 0 0 1048608 67108864 1073741844 17825792 1024 0 1048704 67108864 1107305224 4112 268435488 384 8912896 132 2688549896 348160 4608 0 2 1048576 0 17 1074266128 541066504 327696 1
is_linear=0
shrinkage=0.05


Tree=20
num_leaves=31
num_cat=21
split_feature=0 2 2 0 2 0 0 0 7 0 0 7 7 0 4 7 2 5 0 2 0 2 0 4 2 5 2 0 2 4
split_gain=291.369 186.118 92.2877 70.238 52.3815 47.5989 42.3371 36.8446 35.7389 85.6986 55.0152 27.1377 31.7983 26.5933 23.1433 22.4193 20.8995 19.5371 19.4769 19.324 17.9792 15.5423 14.1813 14.1328 13.6921 13.6192 13.5066 13.1957 13.1955 12.9556
threshold=0 1 2 3 4 5 6 7 7.5000000000000009 8 9 7.5000000000000009 3.5000000000000004 10 252.50000000000003 2.5000000000000004 11 2.5000000000000004 12 13 14 15 16 34.500000000000007 17 3.5000000000000004 18 19 20 17.500000000000004
decision_type=9 9 9 9 9 9 9 9 2 9 9 2 2 9 2 2 9 2 9 9 9 9 9 2 9 2 9 9 9 2
left_child=1 3 7 19 -4 11 26 29 10 -10 -5 12 13 -6 17 -12 -8 20 24 -1 -7 -19 -13 -17 -18 -15 -3 -14 -24 -2
right_child=2 6 4 8 5 14 16 -9 9 -11 15 22 27 25 -16 23 18 21 -20 -21 -22 -23 28 -25 -26 -27 -28 -29 -30 -31
leaf_value=-0.014449786328064984 -0.002297232579641123 0.025610348851968785 -0.013530917993943903 0.00049487246708995183 -0.0097214872594932125 -0.0022407581424307879 -0.0063582607312542673 0.021719108788511327 -0.015790729543081802 -0.0048223963369684155 -0.010605950116130853 0.023633706225067816 0.033313515583273758 0.0038863657130338682 0.0066502702887766335 -0.013935078410149971 -0.0042815337495842988 0.0073522031971230868 0.0029263838840813908 -0.011627501280197279 -0.0080313439752305021 -0.00028368945511150214 0.011559273836281659 -0.0060282369199402552 0.00040114150425805132 0.019091532233011101 0.0097243337621809988 0.011005858847290668 -0.001239309597897731 0.0077247894861834704
leaf_weight=307 116 380 385 1659 242 1185 1377 1782 773 1108 223 138 837 393 1041 147 538 458 1926 1469 684 1707 456 663 473 197 562 660 1246 991
leaf_count=307 116 380 385 1659 242 1185 1377 1782 773 1108 223 138 837 393 1041 147 538 458 1926 1469 684 1707 456 663 473 197 562 660 1246 991
internal_value=-0.000404179 -0.00610848 0.00488506 -0.0118651 0.0025262 0.00328507 0.000854539 0.0127113 -0.00854244 -0.013849 -0.00486627 0.00723857 0.0108416 0.00300481 2.94985e-05 -0.0138543 -0.00124884 -0.00168567 0.00113675 -0.0203247 -0.00543071 0.00154734 0.00271739 -0.0101235 -0.00445642 0.00866667 0.0103992 0.0151971 0.00140187 0.00541629
internal_weight=24123 11605 12518 6349 9629 9244 5256 2889 4573 1881 2692 4169 2329 832 5075 1033 4314 4034 2937 1776 1869 2165 1840 810 1011 590 942 1497 1702 1107
internal_count=24123 11605 12518 6349 9629 9244 5256 2889 4573 1881 2692 4169 2329 832 5075 1033 4314 4034 2937 1776 1869 2165 1840 810 1011 590 942 1497 1702 1107
cat_boundaries=0 2 6 11 13 17 19 21 23 25 27 29 33 35 39 41 45 47 50 53 55 60
cat_threshold=3797040900 351512 318840328 0 1209803490 67125296 838869254 268832784 286736 1612726288 32 2148537348 265216 1050624 536870912 1074790496 67110912 69271760 1581090 1048576 3328 268779624 32896 4194304 65808 1077936640 69904 65536 532512 8192 536870912 4198661 673316864 1644172032 8 1024 0 1048704 67108864 402948098 32896 0 0 67633289 134742016 0 32 0 16 24 0 16 20 67108880 1581056 0 0 6400 34078720 64
is_linear=0
shrinkage=0.05


Tree=21
num_leaves=31
num_cat=6
split_feature=2 2 9 5 4 2 2 4 9 7 7 1 7 7 4 5 2 5 4 4 3 4 9 4 3 5 5 5 7 7
split_gain=262.29 77.6561 54.1239 32.9878 29.7298 35.0112 27.3852 21.8255 20.1054 16.7832 16.4431 20.3894 17.1396 14.388 11.6001 11.3882 10.9799 10.9466 13.5349 10.9293 10.0316 10.8356 10.1772 14.0089 10.9825 9.19745 14.8078 9.07627 9.05528 12.2631
threshold=0 1 11.500000000000002 4.5000000000000009 55.500000000000007 2 3 18.500000000000004 11.500000000000002 7.5000000000000009 7.5000000000000009 4 3.5000000000000004 2.5000000000000004 725.50000000000011 5.5000000000000009 5 1.5000000000000002 439.50000000000006 252.50000000000003 3.5000000000000004 86.500000000000014 21.500000000000004 56.500000000000007 1.5000000000000002 2.5000000000000004 5.5000000000000009 4.5000000000000009 9.5000000000000018 2.5000000000000004
decision_type=9 9 2 2 2 9 9 2 2 2 2 9 2 2 2 2 9 2 2 2 2 2 2 2 2 2 2 2 2 2
left_child=1 -1 3 7 28 9 8 -3 16 -6 12 -12 -9 -10 25 -5 -2 18 -15 20 22 -22 24 -24 -8 -7 -27 -19 29 -4
right_child=6 2 4 15 5 14 19 10 13 -11 11 -13 -14 17 -16 -17 -18 27 -20 -21 21 -23 23 -25 -26 26 -28 -29 -30 -31
leaf_value=-0.017271136479751949 -0.0098645624980184012 -0.016592215805580235 -0.0075045585995739492 0.0044014897865552903 -0.0011678400296468606 0.0004469527432241938 -0.0046478790919333825 -0.0090147865798808936 -0.0041622264483471283 -0.0099681139828840318 0.0027543975487164421 -0.010290879876264711 -0.0025295506289067988 0.00013491914580001651 0.022478093423459425 -0.0044583834908989211 0.0011352247164922002 0.011449693403983496 0.020120634342203094 0.014252533766685027 -0.013754697065735533 0.012193991418294393 0.033820089349458939 0.005419724106439483 0.0077255750490061951 0.0066472562686856196 -0.0013180693240792962 0.0034115658606996726 -0.0085550448953700623 -0.00099676224532308519
leaf_weight=606 254 417 412 688 897 1735 69 880 307 537 232 1552 1600 675 69 613 1509 1055 63 1383 157 138 107 85 2971 1585 462 501 838 1726
leaf_count=606 254 417 412 688 897 1735 69 880 307 537 232 1552 1600 675 69 613 1509 1055 63 1383 157 138 107 85 2971 1585 462 501 838 1726
internal_value=-0.000400033 -0.00451915 -0.00376412 -0.00738883 -0.00114393 0.00110691 0.00619345 -0.00934629 0.00329218 -0.00554017 -0.00827861 -0.0119395 -0.00564516 0.00609381 0.00358715 -0.000345888 -0.000822462 0.00745423 0.00243902 0.00876016 0.00730082 -0.00152542 0.00810644 0.0192708 0.00740132 0.00322581 0.00549585 0.0098329 -0.00514113 -0.00341441
internal_weight=24123 14849 14243 5982 8261 5285 9274 4681 4364 1434 4264 1784 2480 2601 3851 1301 1763 2294 738 4910 3527 295 3232 192 3040 3782 2047 1556 2976 2138
internal_count=24123 14849 14243 5982 8261 5285 9274 4681 4364 1434 4264 1784 2480 2601 3851 1301 1763 2294 738 4910 3527 295 3232 192 3040 3782 2047 1556 2976 2138
cat_boundaries=0 4 8 11 16 17 21
cat_threshold=2433818121 536870912 3363574502 201590816 2049 0 1048672 67108864 268436488 0 4194436 33562624 268435968 26889 34226192 64 4194304 0 268435456 24584 131072
is_linear=0
shrinkage=0.05


Tree=22
num_leaves=31
num_cat=9
split_feature=2 2 9 2 6 8 7 4 2 9 7 7 9 9 3 2 4 4 4 4 9 4 2 4 4 1 9 2 1 9
split_gain=231.636 66.1949 46.7092 45.3526 29.8072 23.8708 25.5934 23.0634 27.2394 16.4615 16.3918 15.3117 13.7412 13.2335 12.2545 12.1591 10.6924 10.4863 10.4699 10.3966 10.2554 10.1122 9.79818 9.15111 9.04554 13.7965 8.84022 8.56579 8.50385 10.7925
threshold=0 1 10.500000000000002 2 1.0000000180025095e-35 1.0000000180025095e-35 7.5000000000000009 55.500000000000007 3 12.500000000000002 7.5000000000000009 7.5000000000000009 9.5000000000000018 11.500000000000002 2.5000000000000004 4 725.50000000000011 140.50000000000003 258.50000000000006 424.50000000000006 22.500000000000004 188.50000000000003 5 160.50000000000003 102.50000000000001 6 1.5000000000000002 7 8 5.5000000000000009
decision_type=9 9 2 9 2 2 2 2 9 2 2 2 2 2 2 9 2 2 2 2 2 2 9 2 2 9 2 9 9 2
left_child=1 23 4 5 10 13 9 -4 11 17 -3 18 28 -2 -12 -15 -10 -7 -9 22 24 -6 -11 -1 25 -14 -8 -26 -5 -30
right_child=3 2 7 12 21 6 26 8 16 19 14 -13 20 15 -16 -17 -18 -19 -20 -21 -22 -23 -24 -25 27 -27 -28 -29 29 -31
leaf_value=-0.019035575248001032 -0.0058416558492094817 -0.0068535031401453679 -0.0053239002925959122 0.0087988440305434134 -0.0021415086862989542 -0.00070558890914766974 0.026070821047985856 -0.0060719192637427788 0.0018219864472753368 0.0010343367043782249 -0.014340227176000701 -0.0092337860173864802 0.024594357957609937 0.0070781474866655428 -0.0050955307029798228 -0.00025068477621600362 0.027693607559836075 0.013760888971784957 0.0019734804400878187 0.024584754369948263 0.026708326522717343 0.0077056889212245771 0.013734574727741734 -0.015653667226888768 0.0013861536838596811 0.0035904606095816583 8.5435280081536124e-06 0.013884410988856011 0.0083558222462608352 -0.0032698412715091441
leaf_weight=125 1342 1769 2584 300 548 599 36 428 3029 209 888 587 233 389 321 1414 32 365 562 102 103 228 809 481 226 1449 2217 2007 107 634
leaf_count=125 1342 1769 2584 300 548 599 36 428 3029 209 888 587 233 389 321 1414 32 365 562 102 103 228 809 481 226 1449 2217 2007 107 634
internal_value=-0.00052025 -0.00561594 -0.00471509 0.00418692 -0.00924347 0.00170849 0.00411575 -0.00236777 -0.000258732 0.0081094 -0.0115178 -0.00557656 0.00784178 -0.00160572 -0.016005 0.00119246 0.00249105 0.0033195 -0.00181818 0.0122321 0.00918367 -0.000515464 0.0107073 -0.0215909 0.00877395 0.00600476 0.00042166 0.0108598 0.00273775 -0.000199734
internal_weight=24123 11582 10976 12541 3754 7482 4337 7222 4638 2084 2978 1577 5059 3145 1209 1803 3061 964 990 1120 4018 776 1018 606 3915 1682 2253 2233 1041 741
internal_count=24123 11582 10976 12541 3754 7482 4337 7222 4638 2084 2978 1577 5059 3145 1209 1803 3061 964 990 1120 4018 776 1018 606 3915 1682 2253 2233 1041 741
cat_boundaries=0 4 8 13 16 21 26 28 33 35
cat_threshold=2433814025 536870912 1216086242 67373088 2049 0 1048672 67108864 33566720 33554944 2214624005 168312848 64 268436488 0 4718720 0 0 67125249 33554432 64 0 0 67127300 167772160 64 131092 268435456 536870914 135168 8 536870912 32 524352 33554432
is_linear=0
shrinkage=0.05


Tree=23
num_leaves=31
num_cat=21
split_feature=0 2 2 0 0 7 0 9 0 0 0 2 2 0 4 0 0 9 0 5 8 2 0 2 7 7 0 0 0 5
split_gain=278.853 146.903 81.1293 62.4328 57.3417 70.437 53.3032 45.6787 40.9133 28.5127 23.6106 23.0316 21.3824 22.8951 24.0301 19.9384 19.7955 18.5007 17.8136 20.6706 18.1828 15.513 15.6563 15.4397 15.0394 17.2618 18.9758 16.057 15.1284 14.711
threshold=0 1 2 3 4 9.5000000000000018 5 14.500000000000002 6 7 8 9 10 11 396.50000000000006 12 13 9.5000000000000018 14 1.5000000000000002 1.0000000180025095e-35 15 16 17 3.5000000000000004 6.5000000000000009 18 19 20 4.5000000000000009
decision_type=9 9 9 9 9 2 9 2 9 9 9 9 9 9 2 9 9 2 9 2 2 9 9 9 2 2 9 9 9 2
left_child=1 3 8 -1 5 12 23 10 -2 -7 -5 -6 -4 -14 -15 -8 -9 24 20 -20 -19 22 -17 -3 28 27 -27 -26 -13 -28
right_child=2 6 4 7 11 9 15 16 -10 -11 -12 17 13 14 -16 21 -18 18 19 -21 -22 -23 -24 -25 25 26 29 -29 -30 -31
leaf_value=-0.013224622489506753 0.02410469810198676 0.033480725298891248 -0.010484627182679016 -0.0097278103503430913 -0.012424808424476221 -0.015316070086980271 -0.0042593519107037127 -0.0079937490435353815 0.0082806370548415883 -0.0056108751199901163 -0.0079543988066894996 0.0042915389345362653 0.0086232029647115016 -0.002720743075634191 0.021118261943002981 -0.00045937094955367241 0.00011644127123347227 0.0044399380708450512 -0.0011745493455343039 0.0076285815990354113 0.02077710691769017 -0.0020857354826506304 0.0090513724366216523 0.0094354621640555976 0.051156169015663583 -0.0052836206171497039 0.0069032527969636994 0.0076383085603472624 -0.012583461035374345 0.019109320974602901
leaf_weight=1194 890 248 226 993 209 409 1761 534 2137 651 1635 219 1320 1254 79 508 1238 679 993 2245 861 1431 477 375 116 540 340 302 177 82
leaf_count=1194 890 248 226 993 209 409 1761 534 2137 651 1635 219 1320 1254 79 508 1238 679 993 2245 861 1431 477 375 116 540 340 302 177 82
internal_value=-0.000582432 -0.00675702 0.00409418 -0.0122591 0.00204444 -0.00274753 -0.00033264 -0.00945578 0.0113105 -0.0137736 -0.0136606 0.00483538 0.00130254 0.00257229 -0.00204765 -0.0023764 -0.00327314 0.00536258 0.00699037 0.00483374 0.0114194 0.000577082 0.00537688 0.0131912 0.00101351 0.00347826 -0.0002079 0.0119617 -0.00757576 0.00763889
internal_weight=24123 10394 13729 5594 10702 3939 4800 4400 3027 1060 2628 6763 2879 2653 1333 4177 1772 6554 4778 3238 1540 2416 985 623 1776 1380 962 418 396 422
internal_count=24123 10394 13729 5594 10702 3939 4800 4400 3027 1060 2628 6763 2879 2653 1333 4177 1772 6554 4778 3238 1540 2416 985 623 1776 1380 962 418 396 422
cat_boundaries=0 2 6 11 13 15 17 19 21 23 27 31 33 34 36 38 43 45 48 50 52 54
cat_threshold=3797040900 351240 285286152 0 6045922 67239984 570425606 135184 278544 1612857392 32 1052676 3072 9191465 404 1048576 3072 143130752 1581092 262144 272 2688680960 8 0 0 1048672 67110912 2048 0 1051368 100663296 786440 272 1644174084 11264 327680 67174400 1056802 8196 268566544 1140850712 1073741824 32 131072 331784 0 16 20 335609874 532482 16 1056770 402653266 524290
is_linear=0
shrinkage=0.05


Tree=24
num_leaves=31
num_cat=15
split_feature=0 1 0 1 0 7 0 0 0 0 7 7 1 1 9 5 7 7 0 9 5 0 4 7 9 7 0 0 9 5
split_gain=256.573 126.724 81.2894 61.5147 57.0181 44.7994 83.1669 54.2358 40.3834 30.6256 28.69 26.0555 24.6514 23.0551 21.244 19.9747 19.0709 18.2799 19.0925 17.6877 17.4297 17.4062 17.0521 16.8654 19.4888 16.0277 22.0722 15.668 15.2634 21.3801
threshold=0 1 2 3 4 7.5000000000000009 5 6 7 8 8.5000000000000018 3.5000000000000004 9 10 12.500000000000002 3.5000000000000004 2.5000000000000004 9.5000000000000018 11 16.500000000000004 5.5000000000000009 12 348.50000000000006 3.5000000000000004 16.500000000000004 4.5000000000000009 13 14 10.500000000000002 4.5000000000000009
decision_type=9 9 9 9 9 2 9 9 9 9 2 2 9 9 2 2 2 2 9 2 2 9 2 2 2 2 9 9 2 2
left_child=1 2 -1 8 13 7 -7 -4 10 16 22 -9 -10 -3 -8 21 -5 25 -19 -13 -17 -6 23 -2 -25 26 -11 -21 29 -14
right_child=3 4 5 9 15 6 14 11 12 17 -12 19 28 -15 -16 20 -18 18 -20 27 -22 -23 -24 24 -26 -27 -28 -29 -30 -31
leaf_value=-0.010777089582709638 0.0013339072743779768 0.020345701208662439 0.0036674812908112642 0.0016437539693955562 -0.010500798192373673 -0.01409133562162675 -0.0075241844325600439 -0.0094934033768758128 -0.014420618019234555 0.0073023175659265088 -0.00096963755372715405 -0.0087030603518107649 -0.0069551772586191832 0.0024977251957727987 0.0010961751097727068 0.0035761459349635595 0.022660742509846194 -0.01103554715895484 0.00257185161859666 0.0076402799179803617 -0.0062592817180786575 -0.0028724757567902496 0.030279939995679274 0.014744108785976673 0.026563469498255624 0.015901092706076175 -0.006271533148950648 -0.0056442719878187836 0.0012363180269776787 0.0075206029462338122
leaf_weight=1807 577 660 1416 197 497 759 561 450 199 461 983 610 1255 892 618 1034 1380 137 684 134 397 1918 227 813 353 1420 255 164 2945 320
leaf_count=1807 577 660 1416 197 497 759 561 450 199 461 983 610 1255 892 618 1034 1380 137 684 134 397 1918 227 813 353 1420 255 164 2945 320
internal_value=-0.000640468 -0.00585646 -0.0105453 0.00445318 -0.000184911 -0.0070521 -0.0128999 -0.00299207 0.0017183 0.0090669 0.0062943 -0.0100877 -0.00115246 0.00787452 -0.00441548 -0.00344917 0.0147133 0.00601618 -0.000304507 -0.00528634 0.00122292 -0.00623188 0.00979695 0.00811819 0.011578 0.00847378 0.0023743 0.00469799 -0.000375276 -0.00434921
internal_weight=24123 11917 6519 12206 5398 4712 1938 2774 7672 4534 2953 1358 4719 1552 1179 3846 1577 2957 821 908 1431 2415 1970 1743 1166 2136 716 298 4520 1575
internal_count=24123 11917 6519 12206 5398 4712 1938 2774 7672 4534 2953 1358 4719 1552 1179 3846 1577 2957 821 908 1431 2415 1970 1743 1166 2136 716 298 4520 1575
cat_boundaries=0 2 4 6 8 10 12 14 16 18 19 21 22 24 26 28
cat_threshold=3797040908 351512 2214625633 8192 2148537348 265216 1146194017 29362178 5251072 3328 4194304 65808 1073742344 69904 69206160 1581090 201883712 1581092 1 851974 524288 268697600 1073746432 4096 276824208 32896 4194304 8
is_linear=0
shrinkage=0.05


Tree=25
num_leaves=31
num_cat=21
split_feature=0 2 2 0 7 0 0 0 0 0 1 7 7 9 0 2 2 5 2 0 0 7 0 0 7 0 0 9 0 7
split_gain=239.957 143.32 62.8497 60.3751 43.531 68.9567 42.1179 35.5994 35.4793 33.4796 25.4425 23.7523 34.5629 21.8997 18.2815 16.9735 16.7039 24.3784 16.1477 19.0247 15.7258 14.9932 14.5352 14.4641 14.2723 13.945 12.5763 12.472 14.8646 11.7182
threshold=0 1 2 3 7.5000000000000009 4 5 6 7 8 9 7.5000000000000009 3.5000000000000004 18.500000000000004 10 11 12 2.5000000000000004 13 14 15 1.5000000000000002 16 17 9.5000000000000018 18 19 16.500000000000004 20 9.5000000000000018
decision_type=9 9 9 9 2 9 9 9 9 9 9 2 2 2 9 9 9 2 9 9 9 2 9 9 2 9 9 2 9 2
left_child=1 3 9 -1 6 29 27 15 21 -2 13 12 14 -7 -11 25 17 -9 19 24 -13 -4 -14 -18 -10 -3 -20 28 -5 -6
right_child=2 7 8 4 5 10 -8 16 18 11 -12 20 22 -15 -16 -17 23 -19 26 -21 -22 -23 -24 -25 -26 -27 -28 -29 -30 -31
leaf_value=-0.0099777724210144501 -0.0038749040885646124 0.019475478511944339 -0.009203095413375573 -0.012062835471668799 -0.010311959595132467 -0.0044357829293328209 -0.0080525499777022776 -0.0096564788256942383 0.0028150583107485862 0.0045872286506653875 -0.012494857172244701 -0.0030106023479476553 0.001079415920410909 0.0099198592723911856 -0.0075403346492782138 -0.0014721736032764388 0.0053075768619391785 -0.00061740792700564211 0.01793127492552158 0.0082569426182933503 0.0056369069930479413 0.030799415343504118 0.021879668844706258 -0.0024385675541727884 -0.0063713643489259238 0.0040901980323299284 0.0091309681521422447 0.0042854773519440115 0.000971329389155029 -0.015221721589492396
leaf_weight=1836 2111 466 47 165 302 606 803 1091 859 524 225 1073 369 143 451 814 753 1217 653 2385 751 790 1320 586 259 1041 614 517 924 428
leaf_count=1836 2111 466 47 165 302 606 803 1091 859 524 225 1073 369 143 451 814 753 1217 653 2385 751 790 1320 586 259 1041 614 517 924 428
internal_value=-0.000652904 -0.00569716 0.00427308 -0.0111848 -0.00777347 -0.0139085 -0.00346617 -0.000217464 0.00816272 0.000960811 -0.00497967 0.00340151 0.00641892 -0.000461133 -0.00107692 0.00461175 -0.00329505 -0.00586713 0.00646444 0.00468261 -0.000986842 0.0176505 0.010746 0.001149 -0.00070922 0.00774555 0.0113156 0.00123762 -0.00179063 -0.0254054
internal_weight=24123 11917 12206 5949 4113 1704 2409 5968 5607 6599 974 4488 2664 749 975 2321 3647 2308 4770 3503 1824 837 1689 1339 1118 1507 1267 1606 1089 730
internal_count=24123 11917 12206 5949 4113 1704 2409 5968 5607 6599 974 4488 2664 749 975 2321 3647 2308 4770 3503 1824 837 1689 1339 1118 1507 1267 1606 1089 730
cat_boundaries=0 2 6 10 12 14 16 18 20 22 24 26 30 34 39 41 43 45 47 49 51 52
cat_threshold=3797040908 351512 318836490 262144 1213989090 67125280 1056280 570425344 1141908454 201459712 2148537348 265224 4194304 65808 1077936648 69904 1187840 331024 524288 1581060 277397505 132 32800 33554432 67109072 1081346 4 131088 29 1210580992 4096 16 29197 1208483856 570425344 0 134240281 34078752 64 268697633 32896 262386 8194 65536 32802 2151678220 20488 1048576 3072 142639152 32928 4194304
is_linear=0
shrinkage=0.05


Tree=26
num_leaves=31
num_cat=11
split_feature=0 9 0 0 9 7 5 0 0 4 7 7 0 7 0 0 5 5 4 8 7 0 0 7 4 4 0 9 4 4
split_gain=221.602 43.0032 34.1336 29.9236 24.1251 22.0134 21.7557 25.6355 19.1791 17.2307 17.1305 15.5983 15.2754 14.0221 35.9448 20.1704 14 35.4758 14.5842 13.8444 18.0984 26.5023 20.14 13.3968 13.163 11.3716 10.6505 10.3691 10.097 9.9002
threshold=0 11.500000000000002 1 2 10.500000000000002 9.5000000000000018 4.5000000000000009 3 4 550.50000000000011 3.5000000000000004 2.5000000000000004 5 9.5000000000000018 6 7 3.5000000000000004 4.5000000000000009 60.500000000000007 1.0000000180025095e-35 7.5000000000000009 8 9 3.5000000000000004 383.50000000000006 514.50000000000011 10 14.500000000000002 152.50000000000003 11.500000000000002
decision_type=9 2 9 9 2 2 2 9 9 2 2 2 9 2 9 9 2 2 2 2 2 9 9 2 2 2 9 2 2 2
left_child=1 6 5 19 8 10 9 -8 -4 13 26 28 -7 15 -15 -1 18 27 -5 -3 22 -22 -21 -10 -6 29 -2 -18 -9 -25
right_child=2 3 4 16 24 12 7 11 23 -11 -12 -13 -14 14 -16 -17 17 -19 -20 20 21 -23 -24 25 -26 -27 -28 -29 -30 -31
leaf_value=-0.0046926257518244757 -0.0074160760269174619 -0.0082604127780462472 -0.0064761287908530422 -0.0048790811613903034 0.0029434040218862534 -0.0029835484531174797 0.0033625609626268707 -0.018956731281887795 -0.008072887554517641 0.013419087176501022 0.020048115701845087 -0.0035198196128767515 0.010193319707402016 -0.0044389772222230622 -0.013838614930522564 -0.010416413794766927 0.0043660918595719691 -0.0014848720206359967 0.00021140082468899536 -0.006011679295053713 0.00081029018214400785 -0.0096957739261054401 0.0054065324686781609 -0.0088175346949945117 0.01348529259832233 0.030772344304061783 0.0060739978072444026 0.012478985345652989 -0.0034492361219275376 0.0030657385761978574
leaf_weight=1279 148 1290 985 934 4748 619 489 55 308 101 2422 457 589 341 604 1423 176 929 1682 305 362 468 604 51 409 46 751 388 30 1130
leaf_count=1279 148 1290 985 934 4748 619 489 55 308 101 2422 457 589 341 604 1423 176 929 1682 305 362 468 604 51 409 46 751 388 30 1130
internal_value=-0.000673631 -0.00552109 0.00406025 -0.00306809 0.0020229 0.00750165 -0.00919648 -0.00276431 -0.00198413 -0.0109658 0.0096206 -0.0101449 0.00173841 -0.01153 -0.0167725 -0.00969652 -0.000279194 0.00358339 -0.00248471 -0.0068279 -0.00393905 -0.00927711 0.000935094 0.00152104 0.00398487 0.00387123 0.00372636 0.0134752 -0.03 0.00292125
internal_weight=24123 11917 12206 7138 7677 4529 4779 1031 2520 3748 3321 542 1208 3647 945 2702 4109 1493 2616 3029 1739 830 909 1535 5157 1227 899 564 85 1181
internal_count=24123 11917 12206 7138 7677 4529 4779 1031 2520 3748 3321 542 1208 3647 945 2702 4109 1493 2616 3029 1739 830 909 1535 5157 1227 899 564 85 1181
cat_boundaries=0 2 4 6 8 10 12 14 16 18 20 22
cat_threshold=3797040908 351512 69206160 1581090 7436 330760 1073875720 69912 277102592 128 67108880 524288 537934848 23560 34604808 330000 2304 264200 4352 264192 0 524320
is_linear=0
shrinkage=0.05


Tree=27
num_leaves=31
num_cat=22
split_feature=0 2 2 0 0 9 0 0 4 0 4 1 2 4 0 8 2 2 5 1 0 1 4 0 0 0 1 1 0 5
split_gain=198.815 139.83 62.6922 61.6958 38.4352 37.4151 35.7121 28.0643 21.885 20.8702 19.8186 19.502 19.3229 17.2614 17.2514 15.1099 14.365 13.9411 16.5771 13.9024 13.3482 11.9995 11.5654 15.8556 11.6842 11.4832 19.7603 11.0817 11.0376 10.8517
threshold=0 1 2 3 4 16.500000000000004 5 6 396.50000000000006 7 17.500000000000004 8 9 248.50000000000003 10 1.0000000180025095e-35 11 12 2.5000000000000004 13 14 15 69.500000000000014 16 17 18 19 20 21 3.5000000000000004
decision_type=9 9 9 9 9 2 9 9 2 9 2 9 9 2 9 2 9 9 2 9 9 9 2 9 9 9 9 9 9 2
left_child=1 3 7 -1 8 9 -3 10 11 29 -2 -4 -6 19 -7 27 -16 18 -8 -14 -17 -11 23 -23 -24 26 -19 -13 -20 -5
right_child=2 6 4 5 12 14 17 -9 -10 21 -12 15 13 -15 16 20 -18 25 28 -21 -22 22 24 -25 -26 -27 -28 -29 -30 -31
leaf_value=-0.01130513105433515 -0.0049513181856996272 0.0070395099827381237 -0.013986846446981189 -0.011499761985609147 -0.0059493615325397764 -0.0069288457306158737 -0.0089251580585766911 0.01742068981191245 0.012811027968406209 -0.025910339848712577 0.0067163841281057905 -0.009005598027203637 0.00090141272162171386 0.010416052263641652 0.0022684002413746185 0.010842151093667441 -0.0065885263154024211 -0.0063096265402313506 0.0035881200845747085 0.0076172003702479341 -0.0017879818660533342 -0.0035183799963705549 0.00079300537169735286 -0.010730179621184544 -0.0050713077714985792 0.0036279427753482698 0.0017221499898429804 -0.00023121926764120283 -0.0043853051494854136 -0.0058323581614969705
leaf_weight=1144 108 1870 115 532 356 395 1010 1863 195 102 973 687 3272 1229 794 297 225 319 521 1909 1165 420 514 519 1079 847 295 389 675 304
leaf_count=1144 108 1870 115 532 356 395 1010 1863 195 102 973 687 3272 1229 794 297 225 319 521 1909 1165 420 514 519 1079 847 295 389 675 304
internal_value=-0.000607304 -0.00533477 0.00374761 -0.0105995 0.0017872 -0.00811197 0.000405625 0.0101219 -0.00307908 -0.0109222 0.00362053 -0.00427818 0.00383707 0.0044704 -0.00127298 -0.0032967 0.00218659 -0.00246125 -0.0049639 0.00321367 0 -0.0086233 -0.00786782 -0.0123003 -0.00530446 0.00132563 -0.00384615 -0.00780669 -0.00100334 -0.0178487
internal_weight=24123 11565 12558 6028 9614 4884 5537 2944 2848 3470 1081 2653 6766 6410 1414 2538 1019 3667 2206 5181 1462 2634 2532 939 1593 1461 614 1076 1196 836
internal_count=24123 11565 12558 6028 9614 4884 5537 2944 2848 3470 1081 2653 6766 6410 1414 2538 1019 3667 2206 5181 1462 2634 2532 939 1593 1461 614 1076 1196 836
cat_boundaries=0 2 6 11 13 15 17 19 21 22 26 28 31 35 37 38 40 42 44 46 47 49 51
cat_threshold=3797040908 351496 318840320 262144 1209794786 67125280 822157572 268570640 278552 1612841008 32 1052676 3072 9175073 148 1187840 68864 268779522 32898 2688549888 8 1 1050632 33554432 1276125280 67110912 10496 344064 4608 0 2 8200 16 29189 134742032 67207265 4194304 262144 1 33554432 1073744640 262400 1107304456 4096 1644173824 8 264192 1605696 131072 3221228040 278536
is_linear=0
shrinkage=0.05


Tree=28
num_leaves=31
num_cat=21
split_feature=0 2 2 0 0 9 0 7 0 0 7 0 7 5 0 0 0 9 9 0 2 2 2 2 2 0 5 7 0 2
split_gain=187.933 122.391 60.6159 60.4805 37.1473 34.797 33.2857 34.3821 26.1412 25.9624 24.2126 24.7478 18.2095 20.6782 20.3292 17.5456 15.9091 15.8514 14.0045 14.5021 13.5235 12.5532 12.5407 12.4584 12.2955 11.8551 11.7843 11.6944 17.3631 14.7908
threshold=0 1 2 3 4 14.500000000000002 5 7.5000000000000009 6 7 10.500000000000002 8 2.5000000000000004 4.5000000000000009 9 10 11 9.5000000000000018 9.5000000000000018 12 13 14 15 16 17 18 5.5000000000000009 8.5000000000000018 19 20
decision_type=9 9 9 9 9 2 9 2 9 9 2 9 2 2 9 9 9 2 2 9 9 9 9 9 9 9 2 2 9 9
left_child=1 3 6 -1 22 12 7 16 -4 -9 -10 -12 -5 14 -14 -7 -2 -16 25 -20 -8 -17 -3 -21 -11 -6 27 -25 -29 -30
right_child=2 4 8 5 18 15 20 9 10 24 11 -13 13 -15 17 21 -18 -19 19 23 -22 -23 -24 26 -26 -27 -28 28 29 -31
leaf_value=-0.010759747244391937 0.0061223486272284026 0.029876675187681747 0.013590256467602868 -0.0094284555591260151 -0.011696504327693348 -0.0063201457066912716 -0.00739273100736968 -0.012119324263069149 0.0060183676304918221 -0.01024187789641981 -0.017001596194787982 0.00094135669825449195 -0.013064391656129271 -0.00086681270863185893 -0.0074963351361482002 0.0017340440595556507 -0.0031402982933790959 -0.0041736709763865896 -0.0024598152255809417 -0.0029581904112308769 0.0036397251498541451 -0.0041085369414239513 0.0077570074293995765 0.0082744626496643551 -0.0014551800260841768 -0.0038533712552061396 -0.0041364983449771135 0.0096164543874052502 -0.011891452943466236 0.0023791393774621806
leaf_weight=1195 664 248 3306 329 293 458 255 373 3208 159 275 359 561 545 550 736 1041 648 1005 712 3505 584 375 748 584 690 167 249 134 167
leaf_count=1195 664 248 3306 329 293 458 255 373 3208 159 275 359 561 545 550 736 1041 648 1005 712 3505 584 375 748 584 690 167 249 134 167
internal_value=-0.000640468 -0.00570934 0.00319892 -0.0107194 0.000166736 -0.00797331 -0.000265514 -0.00436242 0.00638446 -0.0112007 0.00355659 -0.00536278 -0.0116407 -0.0100694 -0.0127061 -0.00258718 8.79765e-05 -0.00877483 -0.00154491 6.28536e-05 0.00281167 0.00037594 0.0114534 0.00235482 -0.00551129 -0.00676501 0.00498305 0.00662558 0.00109091 -0.00691318
internal_weight=24123 10394 13729 5606 4788 4411 6581 2821 7148 1116 3842 634 2633 2304 1759 1778 1705 1198 4165 3182 3760 1320 623 2177 743 983 1465 1298 550 301
internal_count=24123 10394 13729 5606 4788 4411 6581 2821 7148 1116 3842 634 2633 2304 1759 1778 1705 1198 4165 3182 3760 1320 623 2177 743 983 1465 1298 550 301
cat_boundaries=0 2 6 10 12 14 16 18 20 22 24 26 28 30 34 37 40 44 48 50 52 55
cat_threshold=3797040900 351240 318840328 0 1075593442 67239984 1052184 537133056 1074800866 234883072 1052676 3072 1048576 3072 411566121 406 201883792 1581094 524296 272 8650760 272 2722103296 16384 9216 327680 524296 274 536878848 8 2056 0 1056864 67110912 4096 0 16386 0 16 20 0 268435456 6405 1746927616 1024 0 64 201326592 1107300356 16384 2151686144 282624 0 16 16
is_linear=0
shrinkage=0.05


Tree=29
num_leaves=31
num_cat=20
split_feature=0 1 2 0 0 7 0 0 7 0 0 7 1 0 7 0 0 2 2 4 0 4 7 2 7 0 7 0 0 4
split_gain=171.725 128.133 57.3238 57.1749 40.4914 38.4907 60.2359 49.797 26.044 21.5361 21.2079 20.9854 20.2957 18.2302 19.1921 39.7371 24.4361 17.9875 17.6418 24.0498 16.803 16.6361 15.8276 14.98 14.7158 14.5139 26.2997 14.3164 14.2562 14.0469
threshold=0 1 2 3 4 7.5000000000000009 5 6 2.5000000000000004 7 8 9.5000000000000018 9 10 7.5000000000000009 11 12 13 14 126.50000000000001 15 383.50000000000006 10.500000000000002 16 10.500000000000002 17 2.5000000000000004 18 19 18.500000000000004
decision_type=9 9 9 9 9 2 9 9 2 9 9 2 9 9 2 9 9 9 9 2 9 2 2 9 2 9 2 9 9 2
left_child=1 3 5 -1 -3 6 21 11 20 -4 22 -7 13 -10 16 -16 -15 24 19 -12 -5 -2 -9 -8 28 26 -6 -19 -11 -18
right_child=2 4 9 8 25 7 23 10 12 17 18 -13 -14 14 15 -17 29 27 -20 -21 -22 -23 -24 -25 -26 -27 -28 -29 -30 -31
leaf_value=-0.010513622370410924 -0.0025828160519484333 0.018034121047077446 0.014071621104145494 -0.00091064145320066689 -0.011521192083369393 -0.004095246092306451 -0.0091990929279157588 0.00045582596081373275 -0.00031007869486068265 -0.0018259795673906676 -0.0045180550316807899 -0.013365396530754026 -0.015817532973820252 0.00051562481628120713 -0.012154077586233212 -0.0027980777556273709 -0.025268866826508026 0.012213094691207627 -0.0079166226896607607 0.0077882204408667669 -0.012342955536721607 0.012782537240226705 0.014380719505557128 0.013952601979931523 -0.007825563708259908 -0.0032500114505840784 0.0031979221634899748 0.0021949401420136238 0.0075448739579119135 -0.0059073327643640768
leaf_weight=1256 2273 594 2421 141 181 282 122 534 1241 632 1149 371 199 828 480 631 35 593 488 457 398 126 333 2441 404 1800 1727 449 1153 384
leaf_count=1256 2273 594 2421 141 181 282 122 534 1241 632 1149 371 199 828 480 631 35 593 488 457 398 126 333 2441 404 1800 1727 449 1153 384
internal_value=-0.000694358 -0.00574962 0.00282343 -0.0107353 0.000742115 0.000244584 0.00310359 -0.00368013 -0.00797101 0.00672907 -0.000891956 -0.0160633 -0.00652975 -0.00561097 -0.00819257 -0.0130063 -0.00396953 0.00402654 -0.00361217 -0.00105198 -0.0182746 -0.00259444 0.00564424 0.0084143 0.00143247 -0.00121033 0.00182482 0.00941065 0.00338936 -0.0136364
internal_weight=24123 9895 14228 5593 4302 8576 4962 3614 4337 5652 2961 653 3798 3599 2358 1111 1247 3231 2094 1606 539 2399 867 2563 2189 3708 1908 1042 1785 419
internal_count=24123 9895 14228 5593 4302 8576 4962 3614 4337 5652 2961 653 3798 3599 2358 1111 1247 3231 2094 1606 539 2399 867 2563 2189 3708 1908 1042 1785 419
cat_boundaries=0 2 4 8 10 12 14 16 18 20 22 24 26 28 33 37 39 43 45 47 49
cat_threshold=2723299076 351304 2483061089 33587234 34606608 537133568 68172007 234883072 1052676 3072 1048576 3072 1484898337 32934 786440 272 201883792 1581094 134332416 32802 32864 33554464 133888 4104 4194304 65536 37748736 65536 12288 268435456 134742808 524320 96 512 0 6147 33554432 33554944 262144 1048576 0 1048672 67108864 2688688128 344064 1350565921 400 1342193697 128
is_linear=0
shrinkage=0.05


Tree=30
num_leaves=31
num_cat=16
split_feature=0 1 0 1 0 1 9 0 0 0 4 4 5 7 5 1 7 0 0 9 0 7 0 9 7 0 0 7 4 7
split_gain=154.055 98.3059 81.0369 53.1469 37.7622 37.0305 35.9574 27.392 24.1161 23.3871 21.3441 20.0603 19.2938 18.922 17.7369 17.471 16.6448 15.9095 15.3103 14.7346 14.6834 14.2247 17.8026 13.5331 12.7666 38.7945 16.428 12.6973 12.4457 12.3601
threshold=0 1 2 3 4 5 16.500000000000004 6 7 8 172.50000000000003 256.50000000000006 2.5000000000000004 7.5000000000000009 5.5000000000000009 9 10.500000000000002 10 11 11.500000000000002 12 3.5000000000000004 13 7.5000000000000009 7.5000000000000009 14 15 1.5000000000000002 276.50000000000006 8.5000000000000018
decision_type=9 9 9 9 9 9 2 9 9 9 2 2 2 2 2 9 2 9 9 2 9 2 9 2 2 9 9 2 2 2
left_child=3 2 -2 20 15 -4 8 16 10 -8 27 21 -6 -10 17 -3 -5 -14 -13 -15 23 22 -9 -1 25 -23 -26 -7 -18 -19
right_child=1 4 5 7 12 6 9 11 13 -11 -12 18 14 19 -16 -17 28 29 -20 -21 -22 24 -24 -25 26 -27 -28 -29 -30 -31
leaf_value=-0.0014888522145114936 -0.0099553107644050013 0.016404555793420456 -0.016158038971743786 -0.0014634230858163067 -0.0039997570906363192 -0.0093328631047841833 0.0049287454214378412 -0.011801395308471541 0.00043060641539700021 -0.002632537519268752 -0.0034034761529869841 0.0028729592978262389 -0.0023642869248120426 -0.0097409308361625646 -0.0045247111859677558 0.0031742427410687449 -0.011996449569067348 0.010099844441987705 0.016725953000905402 -0.0017636576086870082 0.010304738218331489 -0.0024848256620826348 0.0020734423408550473 0.019655919382623944 -0.0026543566321532764 0.018402640051630843 0.0059135633019616442 -0.0076852536490495922 0.0052422424866057915 5.1485229400838331e-05
leaf_weight=65 1211 734 234 1500 2071 98 765 375 1166 875 897 563 539 482 497 939 254 803 684 348 1728 719 651 667 1233 1152 1129 1178 56 510
leaf_count=65 1211 734 234 1500 2071 98 765 375 1166 875 897 563 539 482 497 939 254 803 684 348 1728 719 651 667 1233 1152 1129 1178 56 510
internal_value=-0.000727521 -0.00431609 -0.00824615 0.00371778 0.000368671 -0.0058566 -0.00504382 0.00180159 -0.00751979 0.00121951 -0.0111544 0.00331492 -0.00205418 -0.00348953 0.001043 0.00674391 -0.00362637 0.00329374 0.00902165 -0.00927711 0.0101619 0.00196805 -0.00331384 0.0161725 0.00324829 0.00633351 0.000804403 -0.0153605 -0.0141935 0.00623583
internal_weight=24123 13347 7254 10776 6093 6043 5809 8316 4169 1640 2173 6506 4420 1996 2349 1673 1810 1852 1247 830 2460 5259 1026 732 4233 1871 2362 1276 310 1313
internal_count=24123 13347 7254 10776 6093 6043 5809 8316 4169 1640 2173 6506 4420 1996 2349 1673 1810 1852 1247 830 2460 5259 1026 732 4233 1871 2362 1276 310 1313
cat_boundaries=0 2 4 6 8 10 11 13 15 17 19 20 22 24 26 28 30
cat_threshold=212451570 1614006 2214629729 8192 1052676 3072 2148403350 303075360 5251073 3328 1 8912896 148 2722243585 81928 4026926600 4104 1074593796 524290 570432768 67223618 1081344 143130624 1572900 134316066 32 134266912 32802 67109106 532480
is_linear=0
shrinkage=0.05


Tree=31
num_leaves=31
num_cat=18
split_feature=0 1 0 1 1 0 9 0 0 5 0 7 0 5 0 1 7 7 0 1 9 0 0 0 7 9 0 9 5 7
split_gain=145.347 91.7111 79.0128 51.8164 37.6247 33.8071 30.8784 23.6208 23.3426 20.9986 20.4421 17.5603 18.0529 15.7818 14.7515 17.5041 13.7882 16.8185 13.7713 13.6648 13.4031 15.3837 13.152 12.7668 12.1388 12 16.6038 11.1367 10.6855 9.90283
threshold=0 1 2 3 4 5 16.500000000000004 6 7 2.5000000000000004 8 8.5000000000000018 9 5.5000000000000009 10 11 7.5000000000000009 3.5000000000000004 12 13 13.500000000000002 14 15 16 9.5000000000000018 7.5000000000000009 17 9.5000000000000018 1.5000000000000002 8.5000000000000018
decision_type=9 9 9 9 9 9 2 9 9 2 9 2 9 2 9 9 2 2 9 9 2 9 9 9 2 2 9 2 2 2
left_child=3 2 -2 20 -4 -3 8 16 -6 25 -8 -10 24 14 -11 -16 17 -5 -19 -9 21 -1 -18 -15 -13 -7 -27 -17 -21 -28
right_child=1 5 4 7 6 9 10 19 11 13 -12 12 -14 23 15 27 22 18 -20 28 -22 -23 -24 -25 -26 26 29 -29 -30 -31
leaf_value=-0.0040494862406138254 -0.0094575452261847492 0.011790113537628044 -0.015350137023156595 0.0014468136262762111 -0.0059634313967615983 -0.013537843798367023 -0.0024335787686336069 -0.011862192379615388 -0.00031610508088749658 -0.0022460725785714455 0.0046792845152023449 -0.0023160171974683009 -0.0013272321917898067 -0.0074770085585183672 -0.0032393904247950303 7.1630164419089756e-05 0.018259953997388969 0.024290831925840362 0.0034827793980761416 -0.0033819339192048131 0.019241055390712625 0.012125385731174988 -5.8095296285420872e-05 0.00039635228741798925 -0.011508811101525252 4.4667450528779185e-05 -0.0021303834683513378 0.0086590420656482599 0.0010908304549275994 -0.012231736758891288
leaf_weight=264 1211 1043 234 755 2069 213 872 157 1415 539 768 86 311 230 319 284 150 895 402 1446 1063 964 1542 336 288 1254 571 973 3138 331
leaf_count=264 1211 1043 234 755 2069 213 872 157 1415 539 768 86 311 230 319 284 150 895 402 1446 1063 964 1542 336 288 1254 571 973 3138 331
internal_value=-0.000785557 -0.00427117 -0.00806718 0.00353236 -0.00570791 0.000253973 -0.00488916 0.00172454 -0.00718398 -0.00144269 0.000914634 -0.00341232 -0.01 0.00158523 0.00356974 0.00598991 0.00468833 0.00745614 0.0109098 -0.000620922 0.0101912 0.00667752 0.00135934 -0.00583039 -0.0171875 -0.00487547 -0.00375696 0.00864246 -0.000108838 -0.00888158
internal_weight=24123 13347 7254 10776 6043 6093 5809 8485 4169 5050 1640 2100 685 2681 2115 1576 3744 2052 1297 4741 2291 1228 1692 566 374 2369 2156 1257 4584 902
internal_count=24123 13347 7254 10776 6043 6093 5809 8485 4169 5050 1640 2100 685 2681 2115 1576 3744 2052 1297 4741 2291 1228 1692 566 374 2369 2156 1257 4584 902
cat_boundaries=0 2 4 6 8 9 11 13 15 17 19 20 21 23 24 26 28 30 32
cat_threshold=212451570 1614006 2214629729 8192 1052676 3072 2148403348 269520928 1 1048577 3328 69222544 1581090 2688689153 344072 37759233 344320 33817096 256 570432768 5308416 67108880 1581056 1 81920 32898 0 32 1912602880 282632 2990679040 344064
is_linear=0
shrinkage=0.05


Tree=32
num_leaves=31
num_cat=18
split_feature=0 1 0 1 0 1 9 4 0 0 9 0 7 0 0 4 0 8 4 9 0 0 0 8 7 7 0 7 0 1
split_gain=132.128 95.6295 65.911 35.9923 31.8279 29.2781 25.0766 22.817 25.305 20.1108 19.5312 16.6552 25.8334 35.788 21.328 17.4457 16.4852 15.8815 22.3832 14.8939 19.1317 15.0458 13.0948 14.0608 18.9832 12.8529 12.6725 12.1115 19.8259 18.0371
threshold=0 1 2 3 4 5 16.500000000000004 264.50000000000006 6 7 10.500000000000002 8 7.5000000000000009 9 10 236.50000000000003 11 1.0000000180025095e-35 19.500000000000004 9.5000000000000018 12 13 14 1.0000000180025095e-35 7.5000000000000009 1.5000000000000002 15 8.5000000000000018 16 17
decision_type=9 9 9 9 9 9 2 2 9 9 2 9 2 9 9 2 9 2 2 2 9 9 9 2 2 2 9 2 9 9
left_child=1 2 -1 -2 -3 7 11 10 -9 -7 16 -4 14 -14 -13 25 -5 -11 -19 21 -21 -6 23 -12 -25 -16 -8 29 -29 -22
right_child=3 4 6 5 19 9 26 8 -10 17 22 12 13 -15 15 -17 -18 18 -20 20 27 -23 -24 24 -26 -27 -28 28 -30 -31
leaf_value=-0.0089846679648755146 -0.01172328290430384 0.014255429570894419 -0.0083565647283537613 -0.0052071807869438994 -0.010593800673417237 0.014633848773506803 0.0013021702105814994 -0.0021151264692883423 0.010797525449851875 -0.0013572190010805675 0.0010043702298106695 0.0026308353280363184 -0.010837289523154421 -0.0048754837985513083 -0.0075764263831721024 0.0010819380310615357 0.00061934625801839951 -0.0051175493736075554 0.014664571972039242 -0.0023733867199921101 -0.0018443542594178048 -0.0011151259708713419 0.00095524610860200367 0.027903381713575832 0.0066174836879799304 -0.0064814876188710683 -0.0046716485981096014 -0.011023120016367505 0.0015768601004800987 0.0087580478294218556
leaf_weight=1227 350 614 893 1255 419 1554 934 401 1245 628 467 835 325 826 100 291 1348 86 735 1291 434 642 3659 282 321 538 587 167 768 901
leaf_count=1227 350 614 893 1255 419 1554 934 401 1245 628 467 835 325 826 100 291 1348 86 735 1291 434 642 3659 282 321 538 587 167 768 901
internal_value=-0.000802139 -0.00458397 -0.00860493 0.00281582 0.000457491 0.00328163 -0.00617157 0.00184691 0.00716889 0.00755061 0.000654664 -0.00835084 -0.00644444 -0.0122937 -0.0026644 -0.00782748 -0.00282367 0.00325565 0.00785627 -0.000971503 0.000575681 -0.00617342 0.00256925 0.00740741 0.0125207 -0.0125392 -0.000756082 0.00333333 -0.00101604 0.00640449
internal_weight=24123 11792 6556 12331 5236 11981 5329 8978 1646 3003 7332 3808 2915 1151 1764 929 2603 1449 821 4622 3561 1061 4729 1070 603 638 1521 2270 935 1335
internal_count=24123 11792 6556 12331 5236 11981 5329 8978 1646 3003 7332 3808 2915 1151 1764 929 2603 1449 821 4622 3561 1061 4729 1070 603 638 1521 2270 935 1335
cat_boundaries=0 2 4 6 7 9 11 13 15 16 18 20 22 24 26 28 30 32 34
cat_threshold=3797040909 351496 2214629729 10274 1052676 3072 1 1048576 3072 1146208610 29493250 67911746 4 210272272 1581108 2688558080 0 65792 1073742344 65792 8683522 565426 536878856 4104 1107300869 81920 67125250 1581088 3762422280 4360 4 65536 4343808 310378496
is_linear=0
shrinkage=0.05


Tree=33
num_leaves=31
num_cat=7
split_feature=2 2 9 4 2 9 2 4 8 9 2 7 7 2 9 4 5 7 3 3 4 4 5 5 5 9 4 7 2 5
split_gain=139.99 51.9584 31.1271 28.0848 22.1606 21.2485 18.7583 15.3746 14.768 13.4797 12.8725 11.4556 12.1787 11.9162 16.0252 11.0516 10.7085 9.63446 9.38793 9.19361 10.4026 9.07823 8.74219 8.39097 14.1933 11.5612 16.2778 8.34054 10.5907 8.33188
threshold=0 1 11.500000000000002 31.500000000000004 2 16.500000000000004 3 368.50000000000006 1.0000000180025095e-35 1.0000000180025095e-35 4 7.5000000000000009 4.5000000000000009 5 11.500000000000002 264.50000000000006 5.5000000000000009 2.5000000000000004 3.5000000000000004 3.5000000000000004 84.500000000000014 535.50000000000011 3.5000000000000004 5.5000000000000009 3.5000000000000004 20.500000000000004 13.500000000000002 9.5000000000000018 6 1.5000000000000002
decision_type=9 9 2 2 9 2 9 2 2 2 9 2 2 9 2 2 2 2 2 2 2 2 2 2 2 2 2 2 9 2
left_child=1 27 4 -3 9 11 -4 19 10 -2 17 12 15 -13 -15 -5 -16 -6 -9 23 -21 -14 -11 24 -8 26 -25 28 -1 -7
right_child=2 3 6 5 8 29 7 18 -10 22 -12 13 21 14 16 -17 -18 -19 -20 20 -22 -23 -24 25 -26 -27 -28 -29 -30 -31
leaf_value=-0.007276825510032137 0.02003973337414279 -0.0061701273723584922 0.0015033334309829589 -0.0045420512136279349 -0.0089261652021046922 -0.0033900739419376103 0.0047134114592552179 0.012202666700722337 0.0053803695299881604 -0.0080627478787104519 0.004153006399730797 -0.0061720105047869123 -0.00021400956759315415 -0.004388598008093228 0.0022595686618074348 0.00061574646846804812 -0.0099999786382017689 -0.00053916361184365165 0.041114863479078508 -0.01294898670093061 0.0067520620407252431 0.024945006910017626 -0.00046858155889817902 -0.012965967992101368 0.0099913074913587155 0.030659882957010623 0.00018080046906997495 -0.020038447893437228 -0.018652609963825385 0.0022146410377889476
leaf_weight=231 37 2349 2794 1346 234 763 2252 532 1772 1260 259 613 1875 1174 740 501 100 710 56 141 222 64 726 35 970 53 329 124 129 1732
leaf_count=231 37 2349 2794 1346 234 763 2252 532 1772 1260 259 613 1875 1174 740 501 100 710 56 141 222 64 726 35 970 53 329 124 129 1732
internal_value=-0.000843593 -0.00475279 0.00286475 -0.00405166 -0.000180072 -0.00277279 0.00492958 0.0068913 0.00256281 -0.00420561 -0.00170407 -0.00429596 -0.00253566 -0.00683289 -0.0048913 -0.00544126 0.000357143 -0.00440252 0.0144558 0.0057971 -0.00179063 0.000232078 -0.00478348 0.006554 0.00741775 -0.000119904 -0.0032967 -0.0206478 -0.0172222 0.00114228
internal_weight=24123 11741 12382 11257 4998 8908 7384 4590 2975 2023 1203 6413 3786 2627 2014 1847 840 944 588 4002 363 1939 1986 3639 3222 417 364 484 360 2495
internal_count=24123 11741 12382 11257 4998 8908 7384 4590 2975 2023 1203 6413 3786 2627 2014 1847 840 944 588 4002 363 1939 1986 3639 3222 417 364 484 360 2495
cat_boundaries=0 4 8 12 17 22 25 29
cat_threshold=2182155785 537133568 1211900386 67373056 1 0 1048640 67108864 4096 0 67129869 131104 805314562 33558528 4200452 707280896 64 8192 268435472 16 134742032 64 1024 0 128 0 0 64 67108864
is_linear=0
shrinkage=0.05


Tree=34
num_leaves=31
num_cat=9
split_feature=2 2 9 4 2 9 8 2 9 4 7 7 1 9 4 9 4 1 4 7 5 8 7 4 1 1 5 7 2 9
split_gain=123.788 50.6002 27.7241 25.5357 21.8396 21.1121 14.9943 12.5031 12.3466 12.0101 12.2669 11.275 12.4221 12.0935 12.0833 10.9643 11.5931 15.709 10.5915 10.5526 10.2263 9.25553 13.1899 9.98107 9.06109 8.77517 7.87913 7.76433 11.227 7.72878
threshold=0 1 12.500000000000002 31.500000000000004 2 16.500000000000004 1.0000000180025095e-35 3 5.5000000000000009 18.500000000000004 9.5000000000000018 7.5000000000000009 4 11.500000000000002 342.50000000000006 22.500000000000004 102.50000000000001 5 212.50000000000003 2.5000000000000004 5.5000000000000009 1.0000000180025095e-35 7.5000000000000009 59.500000000000007 6 7 2.5000000000000004 9.5000000000000018 8 11.500000000000002
decision_type=9 9 2 2 9 2 2 9 2 2 2 2 9 2 2 2 2 9 2 2 2 2 2 2 9 9 2 2 9 2
left_child=1 27 4 -3 6 11 8 15 -2 -8 24 14 -13 18 19 16 17 -4 -14 -5 -15 23 25 -9 -11 -23 -20 28 29 -1
right_child=2 3 7 5 -6 -7 9 21 -10 10 -12 12 13 20 -16 -17 -18 -19 26 -21 -22 22 -24 -25 -26 -27 -28 -29 -30 -31
leaf_value=-0.022032816481014607 0.010881093109466345 -0.0058616210037405695 0.00096507679020756414 -0.0048172762018419083 0.005147814258997508 0.00066680943460381006 -0.0083380393647037535 -0.0041863680329779053 -0.0056577499369154351 0.0080491643256573875 -0.0071159177482146285 -0.0061438211199156103 -0.0054814004893450289 0.0017893053681556914 0.0043682023059014976 0.021062111182911999 0.0099548234257480946 0.018974631756160789 -0.0026494935031613656 -0.0012987245832382422 -0.0098098323111260877 -0.0019102976707860153 0.00057095326133256856 0.0022858155321247133 0.00053268320492909642 0.011544862486529583 0.003217962965757193 -0.019036525498765364 -0.017719979465634118 -0.0015746030837678116
leaf_weight=76 129 2349 1261 766 1427 2468 231 531 1639 883 480 661 885 697 476 104 1637 162 118 2455 95 116 1002 970 1091 889 117 124 129 155
leaf_count=76 129 2349 1261 766 1427 2468 231 531 1639 883 480 661 885 697 476 104 1637 162 118 2455 95 116 1002 970 1091 889 117 124 129 155
internal_value=-0.000835302 -0.00456351 0.00260309 -0.0038614 0.000102041 -0.00262074 -0.00162447 0.00481115 -0.00520362 0.000726257 0.00175224 -0.00416268 -0.00670424 -0.00457856 -0.00239383 0.00708885 0.00656863 0.00326774 -0.00794643 -0.0034927 0.000126263 0.00272882 0.00495765 -0.000233178 0.00349544 0.00900498 0.00148936 -0.0202429 -0.0169444 -0.00892116
internal_weight=24123 11571 12552 11087 5880 8738 4453 6672 1768 2685 2454 6270 2573 1912 3697 3164 3060 1423 1120 3221 792 3508 2007 1501 1974 1005 235 484 360 231
internal_count=24123 11571 12552 11087 5880 8738 4453 6672 1768 2685 2454 6270 2573 1912 3697 3164 3060 1423 1120 3221 792 3508 2007 1501 1974 1005 235 484 360 231
cat_boundaries=0 4 8 13 17 18 19 21 23 27
cat_threshold=2450591241 537133568 1211900130 67373056 1 0 1048640 67108864 16781312 33554432 67130141 655408 64 16777492 131088 67125273 131104 4160 802816 262144 131072 2048 46137344 0 0 64 67108864
is_linear=0
shrinkage=0.05


Tree=35
num_leaves=31
num_cat=17
split_feature=0 1 0 0 7 0 1 0 4 0 0 7 1 4 0 8 0 0 4 1 4 9 9 1 9 4 4 0 0 4
split_gain=126.635 72.7444 56.2481 29.3632 28.772 51.1111 26.7459 26.0426 24.3281 23.6714 20.8067 17.6449 16.6634 17.0744 16.3495 15.8719 29.6221 19.8939 22.4385 15.0689 14.8052 14.7673 15.1841 13.6741 12.714 12.2191 12.218 12.1901 11.9033 11.6744
threshold=0 1 2 3 7.5000000000000009 4 5 6 383.50000000000006 7 8 1.5000000000000002 9 60.500000000000007 10 1.0000000180025095e-35 11 12 77.500000000000014 13 18.500000000000004 5.5000000000000009 11.500000000000002 14 14.500000000000002 174.50000000000003 25.500000000000004 15 16 359.50000000000006
decision_type=9 9 9 9 2 9 9 9 2 9 9 2 9 2 9 2 9 9 2 9 2 2 2 9 2 2 2 9 9 2
left_child=1 2 4 -3 9 -6 8 11 10 -1 19 -8 27 14 -14 16 -9 -17 -19 -2 -11 -18 -23 -24 -7 -25 -12 29 -10 -4
right_child=6 3 12 -5 5 24 7 15 28 20 26 -13 13 -15 -16 17 21 18 -20 -21 -22 22 23 25 -26 -27 -28 -29 -30 -31
leaf_value=0.0023772883332772057 -0.011054981087216484 0.005085119776547492 -0.0063361287726248277 -0.0018635686997488577 -0.010941533697882684 -0.0047375894172678517 -0.012624657154154274 -0.01078445066142842 0.00087841306088860544 -0.010372335719479847 -0.0031137113642778049 0.025843500762780358 -0.01130303575008499 -0.0033940789319252709 -0.0047548111348530769 0.01646529187557378 0.030479538324899726 -0.002637023197256028 0.011490065190318833 -0.0016693109954655728 -0.0025622557426151719 -0.0035641631128574603 -0.00040491766278835108 0.0067587637358089044 0.0016916540536871779 0.02533208234167646 0.0051200611290839644 -0.01371266548838113 0.015363103248279842 0.0021190090529573909
leaf_weight=1358 172 2060 332 2954 421 617 49 324 225 67 549 757 533 1098 543 806 47 868 997 3090 879 574 384 444 406 104 2589 432 352 92
leaf_count=1358 172 2060 332 2954 421 617 49 324 225 67 549 757 533 1098 543 806 47 868 997 3090 879 574 384 444 406 104 2589 432 352 92
internal_value=-0.000847739 -0.00455008 -0.00792575 1.99045e-05 -0.00380522 -0.00934903 0.00269427 0.00535048 0.000651209 -0.000347222 -0.000234375 0.0136029 -0.0129934 -0.0105311 -0.0150558 0.00386134 0.000346297 0.00634594 0.00344 -0.00302567 -0.00638075 0.00323097 0.00239044 0.00633047 -0.00314618 0.0112903 0.00266836 -0.0190531 0.0104853 -0.012212
internal_weight=24123 11792 6778 5014 3748 1444 12331 5354 6977 2304 6400 806 3030 2174 1076 4548 1877 2671 1865 3262 946 1553 1506 932 1023 548 3138 856 577 424
internal_count=24123 11792 6778 5014 3748 1444 12331 5354 6977 2304 6400 806 3030 2174 1076 4548 1877 2671 1865 3262 946 1553 1506 932 1023 548 3138 856 577 424
cat_boundaries=0 2 4 6 8 10 12 14 16 18 19 21 23 25 26 28 30 32
cat_threshold=3797040909 351496 2617348449 14370 1107430153 69896 542121985 68864 0 65792 1074889059 29362178 524288 1581060 1073742344 69888 277725250 148 65 12292 19456 327680 16 67436546 18 1 524288 33685536 2147492868 264192 201654274 557190
is_linear=0
shrinkage=0.05


Tree=36
num_leaves=31
num_cat=15
split_feature=0 2 0 9 2 8 0 0 2 2 0 5 8 0 7 0 4 7 5 0 5 0 4 5 2 7 5 7 4 0
split_gain=114.806 79.105 39.244 29.8724 29.322 20.1053 38.0984 24.3745 22.238 19.0993 18.7209 14.1589 16.5993 21.7749 19.7069 16.5898 14.0288 13.4929 14.1498 12.3667 15.6679 11.9417 11.8221 11.6586 14.1928 11.7055 13.5657 11.608 11.5905 10.6479
threshold=0 1 2 16.500000000000004 3 1.0000000180025095e-35 4 5 6 7 8 3.5000000000000004 1.0000000180025095e-35 9 7.5000000000000009 10 535.50000000000011 8.5000000000000018 2.5000000000000004 11 1.0000000180025095e-35 12 21.500000000000004 3.5000000000000004 13 3.5000000000000004 5.5000000000000009 3.5000000000000004 67.500000000000014 14
decision_type=9 9 9 2 9 2 9 9 9 9 9 2 2 9 2 9 2 2 2 9 2 9 2 2 9 2 2 2 2 9
left_child=1 2 -1 11 9 6 -6 17 28 -2 -3 12 15 14 -14 -4 19 -7 -19 -11 22 27 -21 24 -12 -25 -27 -13 -9 -26
right_child=4 10 3 -5 5 7 -8 8 -10 16 23 21 13 -15 -16 -17 -18 18 -20 20 -22 -23 -24 25 29 26 -28 -29 -30 -31
leaf_value=-0.0069543467561290432 -0.0088637454156135897 0.0033224759636015957 -0.010546042435742281 -9.5140204550925325e-06 0.0089470249544797761 0.021862242783522192 -0.0024524388908629628 -0.0030825576309316816 0.014767080494962427 -0.0022839802680837324 -0.0054050763269208992 -0.0058723783639060391 0.0043212538698048919 -0.0085998874221463583 -0.0078894780812079901 -0.0050250325280132013 0.017886445616984371 0.022879200095958077 -0.0027882040613877116 -0.0098872885240904769 0.0037164312058964814 -0.0035598409580979264 -0.0023354905260683069 -0.0070310576566184058 -0.0052863072577934989 0.0050743711551908049 -0.0037592741403143616 0.0045175470713589433 0.0093840624769313541 0.00355088012399869
leaf_weight=1287 305 2298 427 1361 1163 851 1345 747 635 1744 1440 70 424 458 273 470 166 223 236 113 3396 865 554 256 219 814 307 252 853 571
leaf_count=1287 305 2298 427 1361 1163 851 1345 747 635 1744 1440 70 424 458 273 470 166 223 236 113 3396 865 554 256 219 814 307 252 853 571
internal_value=-0.000880902 -0.00440603 -0.00850432 -0.00631236 0.00249169 0.00497279 0.00155502 0.0074048 0.00416481 9.54198e-05 -0.000312764 -0.00893794 -0.0114522 -0.00748918 -0.00176803 -0.0165552 0.00072706 0.012803 0.00599129 0.000318581 0.00182912 -0.00459141 -0.00517241 -0.00255737 -0.00479821 0.00105301 0.00325602 0.00361446 0.000993789 0.000625
internal_weight=24123 11792 5887 4600 12331 6053 2508 3545 2235 6278 5905 3239 2052 1155 697 897 5973 1310 459 5807 4063 1187 667 3607 2230 1377 1121 322 1600 790
internal_count=24123 11792 5887 4600 12331 6053 2508 3545 2235 6278 5905 3239 2052 1155 697 897 5973 1310 459 5807 4063 1187 667 3607 2230 1377 1121 322 1600 790
cat_boundaries=0 2 6 8 12 14 16 21 25 27 29 31 33 35 39 41
cat_threshold=3797040909 351496 318844416 262144 1209794786 67127344 1052676 265216 269487640 570556928 1276119526 234883072 134791344 40996 67960834 1581074 4096 268435456 4113 2621440 64 1048576 0 1048672 67108864 1187849 68864 33695752 69888 541204488 69632 8962144 132 1610615049 20480 4104 131088 20997 1210580992 1073748480 8
is_linear=0
shrinkage=0.05


Tree=37
num_leaves=31
num_cat=18
split_feature=0 2 0 7 0 2 0 2 9 0 2 7 0 0 7 2 7 0 0 6 7 0 0 7 7 4 4 2 0 7
split_gain=103.765 82.6346 37.9139 41.9379 40.2668 29.4049 22.2568 24.4517 21.9982 18.826 17.2369 15.3104 26.5488 15.7002 35.439 18.0509 14.2376 26.3069 19.6741 18.1083 17.9532 16.9202 14.1412 13.3336 12.8728 13.3978 11.4998 16.315 11.2591 17.2081
threshold=0 1 2 9.5000000000000018 3 4 5 6 15.500000000000002 7 8 4.5000000000000009 9 10 8.5000000000000018 11 3.5000000000000004 12 13 1.0000000180025095e-35 9.5000000000000018 14 15 8.5000000000000018 3.5000000000000004 78.500000000000014 46.500000000000007 16 17 2.5000000000000004
decision_type=9 9 9 2 9 9 9 9 2 9 9 2 9 9 2 9 2 9 9 2 2 9 9 2 2 2 2 9 9 2
left_child=1 2 3 8 -5 6 23 -8 28 -3 -4 12 -11 15 -15 -13 17 -7 19 -18 22 -22 -20 24 25 -2 -12 -28 -1 -30
right_child=5 9 10 4 -6 16 7 -9 -10 11 26 13 -14 14 -16 -17 18 -19 20 -21 21 -23 -24 -25 -26 -27 27 -29 29 -31
leaf_value=-0.00041271131677661781 -0.0077100792793039609 -0.0036841562053395865 -0.015677681488517069 -0.0013861214496238951 -0.01161979279166292 -0.0065133229647558301 -0.008634958834994327 -0.00057125932408380597 0.0014565551763140784 0.002043707279157092 -0.0097078867537437677 0.011895706221464181 -0.010025560072706829 0.0069449964239916232 -0.0040829620726650249 3.98912395063511e-05 0.017047805768379509 0.0080025059979639546 0.01640091926974967 0.0012454793345034521 -0.0070574972813489184 0.0021473878130785109 0.00068053842613134967 -0.00085535597502415248 0.014755637757540331 0.0077591116136372269 -0.00269519248074504 -0.0060443399850095836 -0.0082872157380179372 -0.0039111934614490199
leaf_weight=714 243 932 104 371 534 451 378 5105 978 515 680 744 423 1026 962 479 1443 496 751 442 370 398 623 911 1173 285 594 835 186 977
leaf_count=714 243 932 104 371 534 451 378 5105 978 515 680 744 423 1026 962 479 1443 496 751 442 370 398 623 911 1173 285 594 835 186 977
internal_value=-0.000901629 -0.00446493 -0.00844894 -0.00535809 -0.0147514 0.00211408 0.00025293 -0.00155653 -0.0023993 0.000225889 -0.0136527 0.00167107 -0.00394456 0.00331672 0.000550551 0.00774534 0.00513644 -0.000369588 0.006444 0.0101583 0.00311338 -0.00299479 0.00655022 0.00404272 0.00667255 0.000189394 -0.0125295 -0.010042 -0.00556739 -0.00856777
internal_weight=24123 11054 5973 3760 905 13069 8095 5483 2855 5081 2213 4149 938 3211 1988 1223 4974 947 4027 1885 2142 768 1374 2612 1701 528 2109 1429 1877 1163
internal_count=24123 11054 5973 3760 905 13069 8095 5483 2855 5081 2213 4149 938 3211 1988 1223 4974 947 4027 1885 2142 768 1374 2612 1701 528 2109 1429 1877 1163
cat_boundaries=0 2 6 8 10 15 17 21 22 26 28 30 34 36 38 40 42 45 47
cat_threshold=2723299084 351496 302059016 262144 1216103142 603996192 37882632 69896 133888 4104 34606616 838861312 135281127 234883072 64 67174416 1581088 1048584 0 1058912 100665344 33559296 8 0 1048704 67108864 4194316 89344 2685413376 3072 0 16 4113 136314896 75858018 524326 134316194 1581094 335806480 16 76283920 16 0 0 34 33555208 256
is_linear=0
shrinkage=0.05


Tree=38
num_leaves=31
num_cat=20
split_feature=0 2 0 2 0 2 2 1 0 5 0 4 2 2 7 0 4 5 4 0 2 5 0 0 7 0 7 0 0 4
split_gain=91.9882 66.8464 32.4206 29.6755 25.1453 21.5721 20.3552 20.0648 20.0285 19.4398 18.1001 16.4227 18.4471 15.2398 15.1686 15.252 13.8573 13.2919 15.2442 12.6966 11.9254 11.4488 12.7894 10.8983 14.7759 20.2681 10.8055 27.3733 14.16 10.5767
threshold=0 1 2 3 4 5 6 7 8 3.5000000000000004 9 220.50000000000003 10 11 7.5000000000000009 12 1.0000000180025095e-35 1.0000000180025095e-35 15.500000000000002 13 14 5.5000000000000009 15 16 7.5000000000000009 17 4.5000000000000009 18 19 368.50000000000006
decision_type=9 9 9 9 9 9 9 9 9 2 9 2 9 9 2 9 2 2 2 9 9 2 9 9 2 9 2 9 9 2
left_child=1 2 7 4 -2 -5 -4 -1 13 23 14 16 -13 -3 15 -7 -10 18 -12 -20 -17 22 -11 -8 26 -26 27 -25 -28 -9
right_child=3 8 6 5 -6 10 9 29 11 21 17 12 -14 -15 -16 20 -18 -19 19 -21 -22 -23 -24 24 25 -27 28 -29 -30 -31
leaf_value=0.00047477643679032515 0.015533715537765981 0.013955249449336626 -0.019432301719572283 -0.0076904658219165874 0.0037886746066578604 0.011275952791685662 -0.0073444428156752952 -0.0073902949832391684 0.009394527123875519 0.0047084890087661872 -0.011589826399047543 -0.0016194036067160855 0.0098638050868320344 0.00024756834991616076 -0.0039164789696453537 0.0061948207556638164 -0.0027646148781017457 0.0045490156553328999 0.0068426224501616402 -0.0043700308306166618 -0.0028814475451566682 -0.0028969191156998698 -0.0012031862060894018 0.0032836743380001867 -0.0097005980068527245 -0.0031606491656845231 0.0046903759428250039 -0.0069013294589327263 -0.0039172726164912412 -0.0011965588964275909
leaf_weight=254 978 692 103 289 1577 458 1028 1186 92 613 84 488 443 617 1403 386 1855 5142 371 558 857 685 991 337 323 814 670 437 282 110
leaf_count=254 978 692 103 289 1577 458 1028 1186 92 613 84 488 443 617 1403 386 1855 5142 371 558 857 685 991 337 323 814 670 437 282 110
internal_value=-0.000777267 -0.00387365 -0.00659824 0.00229918 0.00707602 0.00101486 -0.00498173 -0.0130769 0.00122707 -0.00458805 0.00144028 -0.00110803 0.00435016 0.00633055 -0.00166988 0.00149912 -0.00372368 0.00300892 -0.00222113 -0.000376749 -0.00139665 -0.000939275 0.00137157 -0.00674634 -0.0050992 -0.00954266 -0.00220162 -0.00658915 0.00136555 -0.0156202
internal_weight=24123 12020 7833 12103 2555 9548 6283 1550 4187 6180 9259 2878 931 1309 3104 1701 1947 6155 1013 929 1243 2289 1604 3891 2863 1137 1726 774 952 1296
internal_count=24123 12020 7833 12103 2555 9548 6283 1550 4187 6180 9259 2878 931 1309 3104 1701 1947 6155 1013 929 1243 2289 1604 3891 2863 1137 1726 774 952 1296
cat_boundaries=0 2 6 8 13 15 18 22 23 25 27 32 36 38 40 44 46 48 50 52 54
cat_threshold=3797040908 351624 319886848 262656 1211912939 67127328 1053700 3072 553648388 4112 802840 1075970048 32 142622850 1581108 1050624 536870912 135266400 0 0 1048608 67108864 4341760 5251072 3456 8667235 20 2048 268435472 2048 671088640 64 4 536870928 20 2097152 262144 16 335544448 1572866 5120 0 261 134217728 1614807048 16648 2688548864 16392 8 65792 1073742600 384 33687560 69888
is_linear=0
shrinkage=0.05


Tree=39
num_leaves=31
num_cat=21
split_feature=0 2 2 0 8 0 0 2 0 2 5 9 0 7 0 0 7 5 9 0 2 0 0 1 2 0 7 5 0 2
split_gain=83.8647 56.0511 32.3445 30.8745 21.5122 35.2632 20.1487 21.768 19.4835 19.22 19.0729 21.5573 17.2046 15.4879 23.5296 16.9774 13.8707 13.7881 13.621 16.0495 12.4223 12.3661 12.0434 11.8448 11.5935 10.8355 10.8535 10.5293 12.0936 11.1923
threshold=0 1 2 3 1.0000000180025095e-35 4 5 6 7 8 3.5000000000000004 10.500000000000002 9 6.5000000000000009 10 11 9.5000000000000018 4.5000000000000009 15.500000000000002 12 13 14 15 16 17 18 6.5000000000000009 2.5000000000000004 19 20
decision_type=9 9 9 9 2 9 9 9 9 9 2 2 9 2 9 9 2 2 2 9 9 9 9 9 9 9 2 2 9 9
left_child=1 12 6 -3 5 -4 16 -8 23 -5 11 25 20 14 -10 -15 -2 -17 -11 -20 -1 -12 -13 -6 -24 -9 -27 29 -29 -14
right_child=2 3 4 9 8 -7 7 10 13 18 21 22 27 15 -16 17 -18 -19 19 -21 -22 -23 24 -25 -26 26 -28 28 -30 -31
leaf_value=0.024589459536722605 0.010080570681617086 -0.007471918433703051 -0.0044689303532878481 -0.017346556229438977 -0.005264688517123129 0.0059052291511797923 -0.0080269374542707005 -0.0022802078300276974 0.024398245207980607 -0.0040792491193247073 -0.00093527589753227285 0.0034515384438104646 0.007891848132853924 0.0033322396198760041 0.0086722125344967267 0.018013130344801221 -0.0017332201974964768 0.00052594098124881812 -0.0063759344356564777 7.334760277422081e-06 -0.00076233957473849096 0.0046033708629359517 -0.0061102111446918574 0.0067101980205593109 0.00047559038274345712 -0.0037879638133157868 -0.0089115275836232407 -0.0023900573196338707 0.0036746075041458716 -0.0029467712165151374
leaf_weight=306 1507 975 961 106 377 1622 387 412 376 3457 992 974 104 1084 452 709 584 257 247 1676 195 1106 540 309 728 421 443 448 1060 1308
leaf_count=306 1507 975 961 106 377 1622 387 412 376 3457 992 974 104 1084 452 709 584 257 247 1676 195 1106 540 309 728 421 443 448 1060 1308
internal_value=-0.00081043 -0.00434695 0.0016455 -0.00708546 0.00437713 0.000909795 -0.000431885 -0.00190421 0.00690236 -0.00560408 -0.00110203 -0.00335418 0.000830662 0.00869114 0.0144928 0.00639024 0.00378391 0.011168 -0.0051577 -0.00179407 0.0092955 0.00266921 -0.000401427 -0.000718391 -0.00359937 -0.00854232 -0.0116705 -0.000648464 0.00225464 -0.00375354
internal_weight=24123 9882 14241 6461 6147 2583 8094 6003 3564 5486 5616 3518 3421 2878 828 2050 2091 966 5380 1923 501 2098 2242 686 1268 1276 864 2920 1508 1412
internal_count=24123 9882 14241 6461 6147 2583 8094 6003 3564 5486 5616 3518 3421 2878 828 2050 2091 966 5380 1923 501 2098 2242 686 1268 1276 864 2920 1508 1412
cat_boundaries=0 2 7 12 14 16 18 22 24 28 30 32 34 36 40 42 44 45 50 52 54 59
cat_threshold=2722250508 351240 1059078 268435984 67119385 1244135440 96 269487624 839123456 1278224871 234883072 64 5124 1024 75825218 1573008 67108880 1581088 1050632 262656 1058912 67108864 1342193728 32896 0 0 1048576 67108896 8192 3072 327699 1581076 143392819 8452 0 264192 0 16 17 134217728 144244736 33156 142934146 144 4456512 1536 0 67109248 0 64 404488256 32768 570430720 16384 8196 268435456 67108864 0 96
is_linear=0
shrinkage=0.05


Tree=40
num_leaves=31
num_cat=17
split_feature=0 2 0 2 9 0 0 0 4 4 7 1 1 7 0 0 0 1 7 4 9 7 0 7 1 2 4 9 2 4
split_gain=79.7346 54.2073 33.8755 32.5081 21.3305 20.756 20.0693 18.6637 21.6178 22.5294 18.6264 16.2289 15.4728 21.6887 16.0754 14.715 14.6206 13.7279 16.8548 13.3506 13.3387 15.1592 13.313 15.0698 13.0916 12.9271 14.6077 12.6443 12.3592 11.7482
threshold=0 1 2 3 9.5000000000000018 4 5 6 100.50000000000001 6.5000000000000009 4.5000000000000009 7 8 9.5000000000000018 9 10 11 12 6.5000000000000009 410.50000000000006 16.500000000000004 3.5000000000000004 13 6.5000000000000009 14 15 29.500000000000004 5.5000000000000009 16 372.50000000000006
decision_type=9 9 9 9 2 9 9 9 2 2 2 9 9 2 9 9 9 9 2 2 2 2 9 2 9 9 2 2 9 2
left_child=1 2 29 6 16 -3 17 10 9 -9 -6 -7 13 15 -14 -11 -5 -2 28 27 -4 -22 23 -23 -12 -8 -27 -18 -19 -1
right_child=3 5 20 4 7 11 25 8 -10 12 24 -13 14 -15 -16 -17 19 18 -20 -21 21 22 -24 -25 -26 26 -28 -29 -30 -31
leaf_value=-0.0082167390262976262 -0.0011787190548405769 0.0054799116494325785 -0.0041783092765496103 -0.0057567595400659062 -0.00093198120988424726 0.0024403214101323956 -0.0071205008550849829 0.029492343799548605 0.0082408131408944329 0.010736585116794407 -0.0019581097802216173 -0.0038634116577724201 -0.0057660853829815343 -0.010723220278333813 0.0079411526792692918 -0.0033240780917871918 0.016208752594484132 0.001005726371116189 -0.0062460573491637363 0.031621056992756642 -0.0076494804256222355 0.014174008336782945 -0.0032156188549338442 0.00090788755978873372 0.020533629716288311 -0.0027902720083042287 0.0035496577570530707 -0.0011010377301511388 -0.012619916768166761 5.6616640811524288e-05
leaf_weight=1184 1720 1147 2764 590 303 951 209 69 2018 275 138 1936 242 357 546 590 150 386 432 66 213 144 496 299 974 983 3707 1008 118 108
leaf_count=1184 1720 1147 2764 590 303 951 209 69 2018 275 138 1936 242 357 546 590 150 386 432 66 213 144 496 299 974 983 3707 1008 118 108
internal_value=-0.00071094 -0.00435581 -0.00772327 0.00155463 0.00392585 0 -0.000746861 0.00547896 0.00373752 0.00016835 0.0104211 -0.00226096 -0.00079602 -0.00430195 0.00463659 -5.78035e-05 -0.000771775 -0.00423856 -0.00909091 0.00235008 -0.00537443 -0.000868056 0.00186368 0.0080574 0.0134892 0.00115095 0.00170213 0.00112263 -0.00297619 -0.0147465
internal_weight=24123 9242 5208 14881 7326 4034 7555 5512 4097 2079 1415 2887 2010 1222 788 865 1814 2656 936 1224 3916 1152 939 443 1112 4899 4690 1158 504 1292
internal_count=24123 9242 5208 14881 7326 4034 7555 5512 4097 2079 1415 2887 2010 1222 788 865 1814 2656 936 1224 3916 1152 939 443 1112 4899 4690 1158 504 1292
cat_boundaries=0 2 6 8 12 14 16 18 20 22 24 26 28 29 31 33 37 41
cat_threshold=2722119436 351304 318774792 537001984 1075069670 604127264 536875012 3072 269553154 839123456 205269474 234883072 536879104 68608 1083834369 390 68698112 1581094 1074006102 273678336 4472896 32 8388643 32912 8650770 16 1350909953 34 3221260320 2151678464 4104 64 33554432 268437504 0 135266336 67108864 3072 0 64 134217728
is_linear=0
shrinkage=0.05


Tree=41
num_leaves=31
num_cat=6
split_feature=2 2 9 7 1 2 5 5 2 7 7 1 7 9 9 3 7 9 9 9 3 5 5 7 7 7 7 7 5 3
split_gain=67.0448 42.1697 26.8872 21.4242 21.0978 15.3615 14.3056 12.5275 12.4464 11.1758 13.9726 11.6087 10.155 8.69951 8.4284 12.9095 8.01007 7.24 7.18408 8.22366 6.7974 6.64266 9.4743 10.2408 10.6569 8.9112 6.53394 6.73621 7.31793 6.70196
threshold=0 1 11.500000000000002 7.5000000000000009 2 3 1.0000000180025095e-35 2.5000000000000004 4 9.5000000000000018 3.5000000000000004 5 2.5000000000000004 1.0000000180025095e-35 10.500000000000002 2.5000000000000004 7.5000000000000009 16.500000000000004 10.500000000000002 6.5000000000000009 2.5000000000000004 5.5000000000000009 2.5000000000000004 4.5000000000000009 7.5000000000000009 11.500000000000002 9.5000000000000018 4.5000000000000009 5.5000000000000009 2.5000000000000004
decision_type=9 9 2 2 9 9 2 2 9 2 2 9 2 2 2 2 2 2 2 2 2 2 2 2 2 2 2 2 2 2
left_child=1 -1 5 7 -5 13 -6 18 26 10 11 -7 -9 -2 15 -8 -12 20 19 -3 -14 22 -10 -24 -25 -26 27 28 -4 -29
right_child=2 3 8 4 6 9 14 12 21 -11 16 -13 17 -15 -16 -17 -18 -19 -20 -21 -22 -23 23 24 25 -27 -28 29 -30 -31
leaf_value=-0.013989898193523557 0.014384768563049599 0.0048085239257211034 0.00075836005768964432 -0.0053543943134580947 -0.00559700986799212 -0.0072747523661752522 -0.0063175791737484195 -0.0028947554413699173 0.0043840754731832689 -0.0025982497365184378 0.008912591468333831 0.0061432186422946348 -0.00075351297092319809 -0.0042390369997628852 -0.00052555373325930972 0.0015430508420389622 0.0012254359590376852 0.0055061797102464397 -0.0011142809295977608 -0.007534495944920911 0.003903249024806388 0.00023297473454625406 0.0013659832965584263 0.018101081714513381 0.0050010800999282018 0.016179640743045728 -0.0016085572131505855 0.0050868553106317022 -0.0080983608381939975 -0.0015515604233769132
leaf_weight=308 39 193 630 1052 597 337 828 828 1986 796 912 121 1358 2108 2167 273 600 810 2072 937 529 491 395 482 734 132 906 1152 76 274
leaf_count=308 39 193 630 1052 597 337 828 828 1986 796 912 121 1358 2108 2167 273 600 810 2072 937 529 491 395 482 734 132 906 1152 76 274
internal_value=-0.000744103 -0.00340244 0.00186766 -0.00290887 -0.00541997 -0.000987177 -0.00367742 -0.00107775 0.0038027 0.00147695 0.00350254 -0.00414847 0.000978723 -0.00414928 -0.00238678 -0.00594914 0.00582011 0.0024657 -0.00334166 -0.00654867 0.000768415 0.00555556 0.00628855 0.00897877 0.0110534 0.00773672 0.00134514 0.00286116 -0.00113314 0.00483871
internal_weight=24123 11952 12171 11644 4917 4913 3865 6727 7258 2766 1970 458 3525 2147 3268 1101 1512 2697 3202 1130 1887 4220 3729 1743 1348 866 3038 2132 706 1426
internal_count=24123 11952 12171 11644 4917 4913 3865 6727 7258 2766 1970 458 3525 2147 3268 1101 1512 2697 3202 1130 1887 4220 3729 1743 1348 866 3038 2132 706 1426
cat_boundaries=0 4 8 9 13 17 19
cat_threshold=3004239369 536871424 1216096738 67389440 1 0 1048576 67108864 4161 4096 268435456 67129869 1073872944 4098 33558528 4100 707264544 786432 8519680
is_linear=0
shrinkage=0.05


Tree=42
num_leaves=31
num_cat=22
split_feature=0 2 0 0 2 2 4 1 2 2 5 4 9 0 0 2 0 4 0 0 1 9 0 0 0 5 1 0 4 0
split_gain=68.1642 57.1054 45.4584 30.3732 23.2562 22.076 19.5564 19.2318 18.76 17.8947 15.8699 16.2017 15.5966 15.5471 15.3163 15.1055 13.3353 13.1911 12.7716 12.5253 15.1387 13.1985 12.2338 11.9988 11.9713 11.8046 11.076 12.3832 10.8422 18.9608
threshold=0 1 2 3 4 5 248.50000000000003 6 7 8 2.5000000000000004 118.50000000000001 20.500000000000004 9 10 11 12 61.500000000000007 13 14 15 9.5000000000000018 16 17 18 1.0000000180025095e-35 19 20 69.500000000000014 21
decision_type=9 9 9 9 9 9 2 9 9 9 2 2 2 9 9 9 9 2 9 9 9 2 9 9 9 2 9 9 2 9
left_child=5 2 8 9 -4 24 15 14 -2 16 -9 -12 28 -14 -5 23 -3 -10 -8 20 -17 -21 -13 25 -1 -7 27 -19 29 -6
right_child=1 3 4 7 12 6 18 10 17 -11 11 22 13 -15 -16 19 -18 26 -20 21 -22 -23 -24 -25 -26 -27 -28 -29 -30 -31
leaf_value=0.001566819233251482 -0.014988476893476594 0.0254380469384516 -0.01148998306976633 -0.0036073685169560389 -5.7191773049669608e-05 -0.010367721201538505 0.015386937807606395 -0.0038546040204333167 -0.0067183925146470543 0.00188037470897926 -0.0021829193718011621 -0.0039755042486486983 -0.0067914222451683883 0.0080283798458526175 0.010477107643077223 -0.00039525526828660952 0.006288533568610111 -7.8481120408113733e-05 0.0050740511235066125 -0.00059639261459091826 0.015793021366697271 0.022482378896456746 0.0056405479582012814 0.0033757642972079838 -0.0084319629605955071 -0.00029564692316461083 -0.0016730100496508554 -0.0095051334920129085 -0.00098086820991199488 -0.0058281693417746392
leaf_weight=214 275 345 236 106 814 342 796 1839 854 1475 1270 208 121 289 197 715 779 111 998 140 285 372 647 2655 261 1794 880 193 3642 1270
leaf_count=214 275 345 236 106 814 342 796 1839 854 1475 1270 208 121 289 197 715 779 111 998 140 285 372 647 2655 261 1794 880 193 3642 1270
internal_value=-0.000723376 -0.00269584 -0.00538815 0.000712624 -0.00319649 0.00285481 0.00347231 -0.00188216 -0.0113861 0.00496359 -0.00281832 0.000117647 -0.00258705 0.00682927 0.0100639 0.00216564 0.00970018 -0.00961914 0.0080825 0.0065046 0.00316832 0.0128352 0.0054386 0.000781087 -0.00752577 -0.00200373 -0.00625 -0.0143312 -0.00326581 -0.00614203
internal_weight=24123 15551 8685 6866 6372 8572 8097 4267 2313 2599 3964 2125 6136 410 303 6303 1124 2038 1794 1512 1000 512 855 4791 475 2136 1184 304 5726 2084
internal_count=24123 15551 8685 6866 6372 8572 8097 4267 2313 2599 3964 2125 6136 410 303 6303 1124 2038 1794 1512 1000 512 855 4791 475 2136 1184 304 5726 2084
cat_boundaries=0 2 6 8 10 14 19 21 25 29 31 33 37 39 41 43 45 46 48 50 51 53 55
cat_threshold=204062898 1613874 33627649 537133056 142371818 67127296 542117892 19460 13639745 3460 0 536870912 1573024 67125248 269484040 33685504 1276117088 1610614800 64 1073741908 16777248 4096 0 1067136 67108864 0 16 20 1073741856 1115687936 256 2181304832 262144 5632 0 4231 103284736 4194304 2052 134217904 32816 67207344 32786 786512 33554432 537138688 134840352 32816 201326608 565250 64 1052676 2048 1342441473 262528
is_linear=0
shrinkage=0.05


Tree=43
num_leaves=31
num_cat=23
split_feature=0 2 2 0 2 0 4 0 9 9 9 1 1 0 2 0 2 4 1 0 0 1 1 0 0 0 5 2 0 9
split_gain=61.2359 47.6641 36.7827 25.6443 18.8625 17.3565 15.8899 17.4174 14.7768 14.7257 13.6834 15.2924 13.5196 17.9598 14.4149 13.2938 13 12.5401 14.622 15.3182 12.3012 18.179 12.3394 11.9114 11.222 10.9844 16.0084 10.6716 10.2214 12.0242
threshold=0 1 2 3 4 5 383.50000000000006 6 7.5000000000000009 12.500000000000002 11.500000000000002 7 8 9 10 11 12 252.50000000000003 13 14 15 16 17 18 19 20 3.5000000000000004 21 22 8.5000000000000018
decision_type=9 9 9 9 9 9 2 9 2 2 2 9 9 9 9 9 9 2 9 9 9 9 9 9 9 9 2 9 9 2
left_child=4 -2 5 16 23 -3 10 -8 -7 -5 11 25 -12 14 -14 -13 -4 20 19 -19 21 -10 -22 -1 -11 -6 -27 -26 29 -18
right_child=1 2 3 9 6 8 7 -9 17 24 12 15 13 -15 -16 -17 28 18 -20 -21 22 -23 -24 -25 27 26 -28 -29 -30 -31
leaf_value=0.0049484155381554658 -0.016309050133176278 -0.004355167626917583 -0.0018342924357066916 -0.0025787331013184703 0.0015959961442861604 -0.006456236331246124 0.020217145308271567 0.0033833824484237776 0.021270902487856583 -0.0030481843488904398 0.0012326719697727418 -0.00086693030958195916 -0.00012010668541673764 0.017210062385839133 0.022986078761450746 0.010391556856556806 -0.018882987045957689 0.010188135295233276 0.015468818815248298 -0.0018103074257152297 -0.00046169601628588409 0.0012517878151309004 0.0058738658363520994 -0.0084707134840543048 -0.0026489357208926978 -0.007776110956565197 0.00125963651400689 0.0037942209986326584 -0.004047107134092987 -0.0043556261563837293
leaf_weight=106 210 465 677 3093 981 337 349 435 245 1236 3191 548 840 871 155 678 136 250 256 366 1871 328 275 255 521 931 559 1375 1978 605
leaf_count=106 210 465 677 3093 981 337 349 435 245 1236 3191 548 840 871 155 678 136 250 256 366 1871 328 275 255 521 931 559 1375 1978 605
internal_value=-0.000702649 -0.00280315 -0.00243868 -0.00416883 0.00231608 0.00135135 0.00274403 0.00956633 0.00243779 -0.00225341 0.00213617 -0.000175818 0.00382638 0.00719616 0.00253731 0.00436893 -0.00766295 0.00338346 0.00860092 0.00415335 0.00171019 0.00814751 -4.63822e-05 -0.00876011 0.000159642 -0.00243853 -0.00513333 0.00257083 -0.00921583 -0.0143142
internal_weight=24123 14224 14014 9621 9899 4393 9538 784 3928 6225 8754 3697 5057 1866 995 1226 3396 3591 872 616 2719 573 2146 361 3132 2471 1490 1896 2719 741
internal_count=24123 14224 14014 9621 9899 4393 9538 784 3928 6225 8754 3697 5057 1866 995 1226 3396 3591 872 616 2719 573 2146 361 3132 2471 1490 1896 2719 741
cat_boundaries=0 2 6 11 13 17 18 20 22 24 26 29 31 35 37 39 41 42 44 46 48 50 53 55
cat_threshold=1277804786 1613942 1 0 1048608 67108864 8476 302120976 67117072 1797914640 96 541078788 281600 1050632 0 1276125376 2048 33559040 1073807408 1081392 4311265 4194336 2147516515 46792736 1140883696 32784 0 16 4373 1208041536 557078 0 536871424 4361 32 526400 12582912 272769028 333952 4464640 19456 262144 786560 302645248 201326608 532480 2148665352 65544 201326672 1081344 1024 0 2829 4100 1024
is_linear=0
shrinkage=0.05


Tree=44
num_leaves=31
num_cat=18
split_feature=0 1 1 0 0 4 1 0 3 9 0 3 0 8 0 9 0 4 0 4 1 0 1 4 0 1 3 5 1 4
split_gain=58.8851 35.4369 26.0538 29.9193 21.9978 16.0016 16.0002 18.1598 15.5846 15.0568 14.5094 14.2787 14.0988 12.478 19.9807 11.7556 11.4646 10.8411 10.7397 10.6435 9.60215 11.1929 9.50073 16.9046 14.0929 11.3787 9.43952 10.3776 9.23932 9.20292
threshold=0 1 2 3 4 90.500000000000014 5 6 3.5000000000000004 7.5000000000000009 7 2.5000000000000004 8 1.0000000180025095e-35 9 12.500000000000002 10 535.50000000000011 11 387.50000000000006 12 13 14 116.50000000000001 15 16 3.5000000000000004 1.5000000000000002 17 73.500000000000014
decision_type=9 9 9 9 9 2 9 9 2 2 9 2 9 2 9 2 9 2 9 2 9 9 9 2 9 9 2 2 9 2
left_child=6 10 4 8 20 13 7 -1 22 -6 11 -2 17 14 -5 -13 -15 -8 -7 28 -3 -22 24 25 -4 29 27 -14 -9 -24
right_child=1 2 3 5 9 18 12 19 -10 -11 -12 15 26 16 -16 -17 -18 -19 -20 -21 21 -23 23 -25 -26 -27 -28 -29 -30 -31
leaf_value=0.019360604304230308 -0.0073425650497765784 -0.0025562724741826667 -0.013381346506703513 0.00079478302585337117 -0.0059750984877114336 -0.0023265541549747693 0.0034589306701617974 -0.00013641577588100474 0.022370093839213446 0.00503000652385765 -0.01372582601751373 -0.017247728840542289 -0.0028950189301903298 -0.003802311479398671 -0.0067428565210656049 0.01483396132430026 0.0016246663053003736 0.020439903065061018 0.0010143707684357017 0.021671169019914973 0.0075627113590105936 -0.0031368184269456034 0.0045842731695853404 0.00063575470416054052 -0.0041887723135205449 -0.0065830538854221915 -0.0099096724613854329 0.0010283846056450829 0.017727513866650692 -0.010260084797852632
leaf_weight=674 112 1106 269 452 202 905 3567 995 67 2226 246 30 1299 1098 932 60 670 110 2859 111 276 348 227 424 801 845 176 2840 127 69
leaf_count=674 112 1106 269 452 202 905 3567 995 67 2226 246 30 1299 1098 932 60 670 110 2859 111 276 348 227 424 801 845 176 2840 127 69
internal_value=-0.000623886 -0.00268372 -0.0022269 -0.003656 0.00107965 -0.00190586 0.00233626 0.00644236 -0.00811209 0.00414274 -0.0163755 -0.00566038 0.00134966 -0.0045368 -0.00809249 0.00888889 -0.00175339 0.00362083 0.000292242 0.00277554 -0.00321839 0.00173502 -0.00874763 -0.00612698 -0.0124074 -0.00933392 -0.000589595 -0.000108722 0.0013369 -0.000653595
internal_weight=24123 14224 13776 9618 4158 6916 9899 1907 2702 2428 448 202 7992 3152 1384 90 1768 3677 3764 1233 1730 624 2635 1565 1070 1141 4315 4139 1122 296
internal_count=24123 14224 13776 9618 4158 6916 9899 1907 2702 2428 448 202 7992 3152 1384 90 1768 3677 3764 1233 1730 624 2635 1565 1070 1141 4315 4139 1122 296
cat_boundaries=0 2 4 6 8 10 12 14 16 18 20 22 24 25 27 29 31 32 33
cat_threshold=1277804786 1613942 469762305 12288 1108084758 292159520 541069316 281600 301997577 69640 68026388 270012416 134758530 1581060 302254081 3464 69206160 1581090 268567040 384 302129928 65920 2148534528 256 786432 268437504 65544 96 41943040 4096 17408 4341760 786432
is_linear=0
shrinkage=0.05


Tree=45
num_leaves=31
num_cat=19
split_feature=0 2 5 2 0 5 2 0 0 0 2 4 2 0 7 0 7 0 0 7 0 0 7 7 0 7 0 0 7 5
split_gain=54.0643 39.2261 28.3872 22.4191 22.1977 21.2381 20.4757 17.0669 15.624 15.5622 15.1838 12.9069 11.9361 13.326 11.8856 21.4936 11.6591 21.9489 18.6108 11.4237 31.0338 16.3992 21.9078 12.7897 17.1982 11.0184 28.019 14.8213 10.9042 12.7845
threshold=0 1 3.5000000000000004 2 3 5.5000000000000009 4 5 6 7 8 14.500000000000002 9 10 7.5000000000000009 11 4.5000000000000009 12 13 11.500000000000002 14 15 8.5000000000000018 4.5000000000000009 16 7.5000000000000009 17 18 5.5000000000000009 2.5000000000000004
decision_type=9 9 2 9 9 2 9 9 9 9 9 2 9 9 2 9 2 9 9 2 9 9 2 2 9 2 9 9 2 2
left_child=6 -2 3 4 -3 9 -1 -5 -7 11 28 -4 13 -11 16 -16 17 -6 -18 21 -21 22 -12 24 -23 26 -25 -27 29 -8
right_child=1 2 5 7 14 8 10 -9 -10 12 19 -13 -14 -15 15 -17 18 -19 -20 20 -22 23 -24 25 -26 27 -28 -29 -30 -31
leaf_value=0.010772399507810794 -0.011745660697501468 -0.0059511125111993916 0.018699297424680617 -0.0066967251186813128 0.0014964369797584533 -0.0057947950114480675 -0.009297453148193557 0.00023246723696955242 -0.00023376038353074003 -0.0017708098870661271 0.010870066969321591 0.0044792239910876356 -0.00073788147071758299 0.0078618550965095565 -0.0079026340883193991 -0.0014348658944973725 0.0091344118670102312 -0.006467016648893026 -0.0013183828923412967 -0.0063925940258475478 0.020309831267025243 0.0087549176822663884 -0.0025266673294924826 -0.005850416256242108 -0.0057070365230198041 0.0044829537485675756 0.01259342002438148 -0.0045590976982995855 -0.012054911672646707 0.01403264992784118
leaf_weight=1765 316 1811 73 403 519 565 70 3513 1076 334 1359 1042 1897 590 486 839 334 479 812 214 330 340 575 447 953 733 948 1123 126 51
leaf_count=1765 316 1811 73 403 519 565 70 3513 1076 334 1359 1042 1897 590 486 839 334 479 812 214 330 340 575 447 953 733 948 1123 126 51
internal_value=-0.000636322 -0.00246705 -0.00208686 -0.00379513 -0.00591682 0.000726197 0.00242149 -0.000916964 -0.00405241 0.0027185 0.0012433 0.00768889 0.000724126 0.00535332 -0.00354987 -0.00728302 -0.00125933 -0.00521042 0.0021815 0.00167804 0.00863971 0.00109602 0.00493827 -0.000548968 -0.00475638 0.00112273 0.00448029 -0.00140086 -0.0107004 -0.000413223
internal_weight=24123 15089 14773 9196 5280 5577 9034 3916 1641 3936 7269 1115 2821 924 3469 1325 2144 998 1146 7022 544 6478 1934 4544 1293 3251 1395 1856 247 121
internal_count=24123 15089 14773 9196 5280 5577 9034 3916 1641 3936 7269 1115 2821 924 3469 1325 2144 998 1146 7022 544 6478 1934 4544 1293 3251 1395 1856 247 121
cat_boundaries=0 2 6 10 12 17 18 20 22 26 30 32 34 36 38 40 42 44 46 48
cat_threshold=204062898 1613878 1 0 1310880 67108864 1050368 131584 1078485583 134217776 2688553989 281608 8196 4112 795160 0 32 1073748480 838995972 282760 1346371593 21512 8 0 68157504 536872960 0 16 67125277 36175888 571610624 128 262152 69888 1351615240 384 262152 69632 67174448 1048592 69206032 1048578 524418 16 49152 32772 114688 32800
is_linear=0
shrinkage=0.05


Tree=46
num_leaves=31
num_cat=18
split_feature=0 2 2 0 9 7 2 0 0 0 2 7 9 2 5 5 2 0 7 0 0 7 0 2 5 9 7 0 0 7
split_gain=49.0798 42.2473 26.9356 21.6827 22.823 18.9513 23.2049 22.4699 18.2431 17.8949 16.0951 14.599 13.9328 15.6004 13.0838 12.5203 11.9479 11.1342 11.9068 11.0847 10.8176 15.5066 19.6595 12.0332 10.673 10.6668 10.7076 22.1202 16.283 11.6119
threshold=0 1 2 3 16.500000000000004 3.5000000000000004 4 5 6 7 8 9.5000000000000018 11.500000000000002 9 3.5000000000000004 1.5000000000000002 10 11 3.5000000000000004 12 13 6.5000000000000009 14 15 3.5000000000000004 2.5000000000000004 7.5000000000000009 16 17 4.5000000000000009
decision_type=9 9 9 9 2 2 9 9 9 9 9 2 2 9 2 2 9 9 2 9 9 2 9 9 2 2 2 9 9 2
left_child=5 -2 3 11 14 7 -7 -1 12 -6 -8 17 13 -4 25 -10 24 18 -3 -18 21 22 -12 -22 -17 -5 27 -27 -28 -29
right_child=1 2 8 4 9 6 10 -9 15 -11 20 -13 -14 -15 -16 16 19 -19 -20 -21 23 -23 -24 -25 -26 26 28 29 -30 -31
leaf_value=-0.0081994032502563426 -0.010324852586779471 -0.0069534407305304 -0.0076333430267187729 0.010874580462077101 0.0053750654121107917 0.012721592573762276 -0.0079891249038216653 0.0036563426161424772 -0.003343468536108174 -0.0012463718210660724 0.0029300794093059415 -0.0068006400008476303 0.0072634633605511145 0.0053209568668731114 -0.00048429799780688731 0.025828328817513471 -0.0061042287649807764 -0.005227788207884926 0.00053638118266953754 0.00042280958810326233 -0.0032199605190102788 0.0015987267882386358 0.034577938138332556 0.0024756353342504037 0.0018388901132331604 -0.011363579423824025 -0.00026813655918631052 -0.0035444197048123518 -0.0068826136314758231 0.0028296948645463479
leaf_weight=817 361 256 532 71 851 1728 243 818 912 1169 411 693 1590 454 1940 56 282 633 797 1538 682 1710 424 1849 70 248 368 790 956 874
leaf_count=817 361 256 532 71 851 1728 243 818 912 1169 411 693 1590 454 1940 56 282 633 797 1538 682 1710 424 1849 70 248 368 790 956 874
internal_value=-0.000636322 -0.00232671 -0.00191518 -0.00350041 -0.00213687 0.00237 0.00349794 -0.00247706 0.000900073 0.00237624 0.00184838 -0.00763918 0.00394432 -0.000709939 -0.00387841 -0.00184798 0.0004111 -0.00516014 -0.0019285 -0.000655738 0.00245773 0.00475538 0.0103593 0.000137741 0.0147059 -0.00579075 -0.00621137 -0.00381799 -0.00966767 -0.00167264
internal_weight=24123 15441 15080 9646 7267 8682 7047 1635 5434 2020 5319 2379 2576 986 5247 2858 1946 1686 1053 1820 5076 2545 835 2531 126 3307 3236 1912 1324 1664
internal_count=24123 15441 15080 9646 7267 8682 7047 1635 5434 2020 5319 2379 2576 986 5247 2858 1946 1686 1053 1820 5076 2545 835 2531 126 3307 3236 1912 1324 1664
cat_boundaries=0 2 6 10 12 17 19 21 23 28 32 36 38 39 41 43 44 46 48
cat_threshold=204062898 1613862 1 0 1835168 67108864 286270978 537133568 140540747 167774240 4199428 281600 8196 16 541464 1241513984 32 134316066 532516 1087766593 265616 2953191944 16 8 0 1141899360 536872960 64 6152 268435472 0 524304 4 268435456 67108864 1610612752 4195328 264192 536875520 203456528 1056800 201359360 32 1536 2684362752 8 538061120 8
is_linear=0
shrinkage=0.05


Tree=47
num_leaves=31
num_cat=11
split_feature=2 2 5 8 5 9 9 7 1 9 9 2 9 7 7 7 7 2 2 2 2 2 7 9 9 3 1 1 5 5
split_gain=44.2382 30.0743 19.9662 16.0669 15.2343 13.3249 13.4396 12.3123 11.2422 12.3609 11.1241 10.6267 10.3253 10.0998 10.0598 11.6686 8.66969 10.0611 8.73722 8.56105 8.11627 8.0526 7.66937 7.64534 11.2174 6.33413 6.28688 5.95406 5.85964 6.77145
threshold=0 1 3.5000000000000004 1.0000000180025095e-35 5.5000000000000009 1.5000000000000002 12.500000000000002 9.5000000000000018 2 9.5000000000000018 12.500000000000002 3 16.500000000000004 2.5000000000000004 11.500000000000002 8.5000000000000018 7.5000000000000009 4 5 6 7 8 9.5000000000000018 6.5000000000000009 8.5000000000000018 3.5000000000000004 9 10 4.5000000000000009 1.0000000180025095e-35
decision_type=9 9 2 2 2 2 2 2 9 2 2 9 2 2 2 2 2 9 9 9 9 9 2 2 2 2 9 9 2 2
left_child=10 2 5 8 12 -2 16 11 -3 25 -1 28 -4 -11 15 -6 17 -7 -18 -12 -9 -8 -21 -19 -25 -10 -13 -17 29 -5
right_child=1 3 4 7 14 6 21 20 9 13 19 26 -14 -15 -16 27 18 23 -20 22 -22 -23 -24 24 -26 -27 -28 -29 -30 -31
leaf_value=-0.013505179823381196 0.011858479230397774 0.005636694386476915 0.00062631206844626088 -0.010650449743678249 -0.00074957328411311423 0.00023009128407420478 0.0024841030697637378 0.0032059765850239231 -0.0035438093983031051 -0.0038749998184991253 -0.008391820274589493 0.015032153532696491 0.0044738099709527605 0.0013528164508177399 0.003705670766235525 -0.0077487007412943183 -0.0019884222016767318 0.0030854207282413615 -0.0059941691694891637 0.00043273041124985978 -0.0033284888667509008 -0.0016195460565050141 -0.0064164199456884343 -0.010894572820638144 -0.0033983434542911861 -0.017396221606039965 0.0055538640445509276 -0.0020147190148150419 -0.020003286645047136 0.0025658711974935189
leaf_weight=355 134 315 2748 35 1032 1138 820 368 666 645 150 252 1090 1873 141 337 402 155 1388 234 623 3860 71 458 738 56 3725 120 43 151
leaf_count=355 134 315 2748 35 1032 1138 820 368 666 645 150 252 1090 1873 141 337 402 155 1388 234 623 3860 71 458 738 56 3725 120 43 151
internal_value=-0.000536832 -0.00013506 -0.00152701 0.00217987 0.000859546 -0.00296382 -0.0031979 0.0039542 -0.000407876 -0.00129231 -0.0119512 0.00513552 0.00257947 0.000357427 -0.00319018 -0.00439893 -0.00522318 -0.00331458 -0.00787709 -0.00692308 -0.00105954 -0.00134615 -0.00174603 -0.00620867 -0.0076087 -0.00706371 0.00573113 -0.0110503 -0.00523013 -0.0016129
internal_weight=24123 23313 14561 8752 5468 9093 8959 5197 3555 3240 810 4206 3838 2518 1630 1489 4279 2489 1790 455 991 4680 305 1351 1196 722 3977 457 229 186
internal_count=24123 23313 14561 8752 5468 9093 8959 5197 3555 3240 810 4206 3838 2518 1630 1489 4279 2489 1790 455 991 4680 305 1351 1196 722 3977 457 229 186
cat_boundaries=0 4 8 10 15 18 22 26 31 35 37 38
cat_threshold=2148532225 0 135528672 67373056 805379594 537137664 3223878406 131104 268435542 50331648 33554432 268435456 0 570425344 64 7688 0 10240 6144 0 6656 32 0 0 1048704 262144 0 0 24 35651584 96 0 536871424 20740 32 1073873044 33562656 32864
is_linear=0
shrinkage=0.05


Tree=48
num_leaves=31
num_cat=18
split_feature=0 1 4 1 0 9 0 4 0 1 0 0 7 7 0 9 0 5 1 4 9 1 1 0 1 4 7 0 4 0
split_gain=44.0936 26.1488 24.6021 30.3848 27.8599 18.9144 26.4017 18.4544 16.1702 15.2072 14.905 13.7908 13.3898 12.6152 26.706 11.9766 11.6326 13.406 14.4322 11.3753 11.1111 11.041 11.0267 15.5545 11.0141 10.6802 10.5206 13.9166 10.6507 11.3254
threshold=0 1 134.50000000000003 2 3 9.5000000000000018 4 387.50000000000006 5 6 7 8 4.5000000000000009 9.5000000000000018 9 15.500000000000002 10 2.5000000000000004 11 550.50000000000011 14.500000000000002 12 13 14 15 18.500000000000004 6.5000000000000009 16 351.50000000000006 17
decision_type=9 9 2 9 9 2 9 2 9 9 9 9 2 2 9 2 9 2 9 2 2 9 9 9 9 2 2 9 2 9
left_child=9 15 5 4 13 6 -3 26 24 10 -1 12 20 16 -15 -2 17 -4 -19 21 -5 -11 23 -10 -7 -23 27 -6 29 -28
right_child=1 2 3 11 7 8 -8 -9 22 19 -12 -13 -14 14 -16 -17 -18 18 -20 -21 -22 25 -24 -25 -26 -27 28 -29 -30 -31
leaf_value=0.021016911904300273 -0.013864123293689743 -0.007843188735396028 -0.0034897515660035961 -0.012451452611783015 -0.0049692316330163522 -0.00037499248790866805 -0.0016308083071323864 0.0060153249819825732 0.022772742854611061 -0.0045584377706382601 0.0056782804178413249 0.0073905908169833228 0.0022140252656089768 0.00087745070304948722 -0.011274010180008526 -0.0025375106118625951 -0.0039582523343000163 -0.00024629709963890355 0.014697492239999853 0.01733673856365724 0.0013088464105880549 -0.0041923553867391442 -0.00057386311035597661 0.0010301754382004535 -0.0046755644326645588 0.00270690235487851 0.0035328921484745566 0.0034983394317217756 -0.0079015009568495619 -0.0029784221702534226
leaf_weight=460 241 1137 407 90 259 1100 1280 515 126 468 966 1423 617 210 297 164 829 251 150 159 60 501 3368 471 1894 4938 252 751 75 664
leaf_count=460 241 1137 407 90 259 1100 1280 515 126 468 966 1423 617 210 297 164 829 251 150 159 60 501 3368 471 1894 4938 252 751 75 664
internal_value=-0.000503669 -0.00193798 -0.00161986 0.000656934 -0.00162741 -0.00328498 -0.00709557 0.00193983 -0.00196149 0.00267929 0.00731198 0.0055 6.43501e-05 -0.00580316 -0.0127219 -0.0143373 -0.00369578 0.000611247 0.00710723 0.00157999 -0.0133333 0.00122736 0.000138365 0.00634267 -0.00472703 0.00186273 -0.000224888 0.00336634 -0.00388496 -0.00240175
internal_weight=24123 16631 16226 6850 4660 9376 2417 2516 6959 7492 1426 2190 767 2144 507 405 1637 808 401 6066 150 5907 3965 597 2994 5439 2001 1010 991 916
internal_count=24123 16631 16226 6850 4660 9376 2417 2516 6959 7492 1426 2190 767 2144 507 405 1637 808 401 6066 150 5907 3965 597 2994 5439 2001 1010 991 916
cat_boundaries=0 2 3 5 7 9 11 13 15 17 19 21 23 25 27 29 31 33 35
cat_threshold=203997362 1581094 1 2282358882 306188288 2958301441 279816 1120153604 86144 545398028 71816 68026388 268435456 134217730 1581060 2181184577 327688 2953840641 16392 272891904 262400 64 37748736 1073741825 54528032 1073872912 269090818 1342177344 1280 1074200628 268435456 1073815616 32768 1073881600 32768
is_linear=0
shrinkage=0.05


Tree=49
num_leaves=31
num_cat=7
split_feature=2 2 4 9 4 9 7 7 2 7 7 2 4 9 4 6 2 4 9 4 4 3 1 2 9 4 3 3 9 6
split_gain=34.6056 24.035 22.2345 20.4105 13.8824 11.825 11.5465 14.4889 12.277 11.5181 11.2016 24.1273 11.4788 10.8598 9.95668 9.89555 9.24611 8.60702 9.5222 9.96593 8.35917 8.15625 7.77967 7.48778 7.31811 7.25042 7.70938 7.18442 7.57396 8.88798
threshold=0 1 31.500000000000004 9.5000000000000018 415.50000000000006 5.5000000000000009 9.5000000000000018 4.5000000000000009 2 1.5000000000000002 7.5000000000000009 3 62.500000000000007 11.500000000000002 400.50000000000006 1.0000000180025095e-35 4 122.50000000000001 20.500000000000004 60.500000000000007 32.500000000000007 2.5000000000000004 5 6 21.500000000000004 32.500000000000007 2.5000000000000004 2.5000000000000004 7.5000000000000009 1.0000000180025095e-35
decision_type=9 9 2 2 2 2 2 2 9 2 2 9 2 2 2 2 9 2 2 2 2 2 9 9 2 2 2 2 2 2
left_child=1 -1 -3 4 5 -2 7 14 -8 -7 12 -12 25 15 -5 21 -9 18 -10 20 -20 -13 -19 -11 -18 -4 -27 28 29 -25
right_child=3 2 10 6 -6 9 8 16 17 23 11 13 -14 -15 -16 -17 24 22 19 -21 -22 -23 -24 27 -26 26 -28 -29 -30 -31
leaf_value=-0.010410623050503665 0.0051823981841971596 -0.0037687622841096838 0.0075989455230370097 -0.00058571423869737684 0.013252202383020696 -0.010902777383198692 -0.0033411933247249892 0.0015628401326935549 -0.00047700915574633296 0.0014471834598131534 -0.0036398672083134661 -0.0068312157741656698 0.001027615871018167 0.0010937736610646814 0.0083999431622102435 0.0017259468048590855 0.0058772302933783995 0.00054961100140673571 0.0072126113118926583 -0.0039847284089890023 0.039317786684898028 7.303715552723356e-05 0.011986761334014795 -0.012180567313560948 0.015446009575983077 -0.0024958019215519378 -0.0070974058123915336 -0.0091234753714242289 -0.001069527168483464 0.0012867180585081574
leaf_weight=370 342 2424 53 1839 165 121 1186 1298 901 368 1026 648 4453 1714 224 255 2872 171 41 35 59 292 215 418 125 919 167 389 946 87
leaf_count=370 342 2424 53 1839 165 121 1186 1298 901 368 1026 648 4453 1714 224 255 2872 171 41 35 59 292 215 418 125 919 167 389 946 87
internal_value=-0.000495378 -0.00234774 -0.00195218 0.00143921 -0.0022567 -0.00312617 0.00260986 0.00375904 -0.000191718 -0.00440103 -0.00086596 -0.00290978 0.000572246 -0.000565262 0.000315075 -0.00422594 0.00541327 0.00293296 0.000579151 0.012963 0.021 -0.00659574 0.00932642 -0.0035779 0.00693382 -0.00390694 -0.00478821 -0.00486486 -0.0032736 -0.00821782
internal_weight=24123 12321 11951 11802 2836 2671 8966 6358 2608 2329 9527 3935 5592 2909 2063 1195 4295 1422 1036 135 100 940 386 2208 2997 1139 1086 1840 1451 505
internal_count=24123 12321 11951 11802 2836 2671 8966 6358 2608 2329 9527 3935 5592 2909 2063 1195 4295 1422 1036 135 100 940 386 2208 2997 1139 1086 1840 1451 505
cat_boundaries=0 4 8 12 16 21 23 28
cat_threshold=2987396617 537137664 1211378146 201590832 2147483649 0 1048608 67108864 69632 131088 20997 536870912 805307392 512 262336 16 2 268566528 544769 572522496 96 131072 4325376 4096 16 67108864 538968064 32
is_linear=0
shrinkage=0.05


Tree=50
num_leaves=31
num_cat=19
split_feature=0 1 0 4 0 0 9 1 1 8 0 0 0 1 4 9 1 0 5 1 0 1 0 5 9 9 3 0 0 4
split_gain=41.9725 27.1611 36.6826 23.1186 27.1788 25.407 21.5061 18.597 16.5905 16.1029 25.3491 23.4641 16.0476 13.4448 17.7836 13.2014 13.088 11.9134 11.4994 13.6367 12.5184 12.1645 10.3684 9.85325 15.6522 9.59802 9.48676 9.42513 9.39806 10.1971
threshold=0 1 2 327.50000000000006 3 4 16.500000000000004 5 6 1.0000000180025095e-35 7 8 9 10 48.500000000000007 11.500000000000002 11 12 1.0000000180025095e-35 13 14 15 16 3.5000000000000004 5.5000000000000009 22.500000000000004 3.5000000000000004 17 18 70.500000000000014
decision_type=9 9 9 2 9 9 2 9 9 2 9 9 9 9 2 2 9 9 2 9 9 9 9 2 2 2 2 9 9 2
left_child=18 2 13 4 7 -5 16 15 -6 11 -11 -10 25 22 27 -3 -4 23 20 -20 -1 -22 -2 24 -18 -8 -13 -15 -21 -30
right_child=1 3 6 5 8 -7 12 -9 9 10 -12 26 -14 14 -16 -17 17 -19 19 28 21 -23 -24 -25 -26 -27 -28 -29 29 -31
leaf_value=-0.007970167097817461 -0.009847582253482751 0.0018356177789543961 -0.010883875342197558 -0.0012028202098484765 0.0053326366071779104 0.014391197692779578 0.0047321513835153709 -0.0024231674446086541 -0.01109353147966371 0.003364340041060199 -0.0032311682619343696 -0.00053166993605715531 -0.00030665797338186865 8.2050430493008092e-05 0.0002956852638412111 0.017791827577159559 0.010840631246673262 -0.0010608245997230316 0.00088606160941978043 0.003998745529013548 0.023194589220160568 -0.00028285528474908953 -0.0028183396928354171 -0.0010351645663005671 -0.0061654816703316162 0.012384019453257967 -0.014459886545916468 -0.0085999397978990585 0.0047454271711283693 0.013786622749104261
leaf_weight=473 431 322 225 336 311 515 701 398 535 1246 1361 977 1844 110 525 471 62 4747 2440 1321 119 492 396 603 946 55 73 305 563 1220
leaf_count=473 431 322 225 336 311 515 701 398 535 1246 1361 977 1844 110 525 471 62 4747 2440 1321 119 492 396 603 946 55 73 305 563 1220
internal_value=-0.000433197 -0.00171665 -0.00323905 0.000831426 -0.000316122 0.00851939 -0.00196345 0.00636969 -0.00209395 -0.00292718 -0.000517837 -0.00690852 0.00188462 -0.00981992 -0.00557895 0.0107721 -0.00348625 -0.00304648 0.0029527 0.00387807 -0.00175277 0.00297907 -0.0145161 -0.00675509 -0.00982143 0.00796345 -0.00245283 -0.0133735 0.00606936 0.00844953
internal_weight=24123 17495 10950 6545 5694 851 9183 1191 4503 4192 2607 1585 2600 1767 940 793 6583 6358 6628 5544 1084 611 827 1611 1008 756 1050 415 3104 1783
internal_count=24123 17495 10950 6545 5694 851 9183 1191 4503 4192 2607 1585 2600 1767 940 793 6583 6358 6628 5544 1084 611 827 1611 1008 756 1050 415 3104 1783
cat_boundaries=0 2 4 6 8 10 12 14 16 18 20 21 22 24 26 28 30 32 34 36
cat_threshold=203997330 1581090 2622656867 8458240 1052676 19460 4464704 19460 2986621760 278536 868352 524290 1073741844 20971552 2156988420 327960 1116172 69656 2952790537 37008 97 4097 2688558592 144 1074905217 54659104 134250512 32 4276224 131072 4096 17412 1048576 1028 67665922 1048578
is_linear=0
shrinkage=0.05


Tree=51
num_leaves=31
num_cat=18
split_feature=0 2 4 0 2 0 7 2 0 1 7 0 0 7 4 1 0 0 4 7 7 7 0 0 7 2 0 4 7 0
split_gain=39.2302 37.708 22.002 20.0181 19.7739 19.1962 21.441 16.9893 16.87 16.0958 14.6615 44.1342 15.335 16.4911 13.9632 13.4983 13.0705 12.2974 13.8422 11.5152 11.1649 13.9154 21.6428 10.9158 10.1621 9.85078 9.65549 9.63876 9.62922 13.2803
threshold=0 1 383.50000000000006 2 3 4 2.5000000000000004 5 6 7 10.500000000000002 8 9 9.5000000000000018 331.50000000000006 10 11 12 35.500000000000007 7.5000000000000009 2.5000000000000004 7.5000000000000009 13 14 11.500000000000002 15 16 18.500000000000004 6.5000000000000009 17
decision_type=9 9 2 9 9 9 2 9 9 9 2 9 9 2 2 9 9 9 2 2 2 2 9 9 2 9 9 2 2 9
left_child=1 5 4 19 16 6 -1 -3 15 -10 12 -12 13 14 -11 -6 -2 20 -19 -4 23 27 24 -9 -23 -8 -13 -22 29 -20
right_child=2 7 3 -5 8 -7 25 17 9 10 11 26 -14 -15 -16 -17 -18 18 28 -21 21 22 -24 -25 -26 -27 -28 -29 -30 -31
leaf_value=-0.010157274111798465 0.00020348418574775429 -0.0098193217119606074 0.018530531719786192 0.00092786002774034601 0.011864077899833819 -0.0011680776310325047 0.016378024241379286 0.0018605862827902914 0.0088447458117620614 0.0093367090681609529 -0.010007284997989425 -0.0019279172603911322 -0.00098267937247129293 -0.0069220194991634013 -0.014460641884377151 0.0012797561134323843 -0.0073223189960894058 -0.007662928173021469 -5.754262321338577e-05 0.0051864961197109014 -0.0039918298360946567 -0.010865635386860096 -0.0012619049030436896 -0.0088844436064834439 -0.0007905151818920265 0.0028016501773794169 0.0049270167462121652 0.0010213058461170765 -0.0010194534237612297 -0.0094792648198942127
leaf_weight=118 225 226 335 725 1250 1971 440 106 288 1167 523 427 4922 147 47 4843 355 454 219 224 142 171 956 262 59 700 325 1335 790 371
leaf_count=118 225 226 335 725 1250 1971 440 106 288 1167 523 427 4922 147 47 4843 355 454 219 224 142 171 956 262 59 700 325 1335 790 371
internal_value=-0.000416615 -0.00319328 0.00104661 0.00732087 0.000492458 0.00103427 0.00583596 -0.0058714 0.00087103 -0.000661914 -0.00110994 -0.006 -0.00011937 0.00455872 0.00650741 0.00284286 -0.00847458 -0.00522051 -0.00845987 0.0143234 -0.00323907 -0.00212167 -0.00615514 -0.011413 -0.0195833 0.00798246 0.00183727 0.00111713 -0.00601449 -0.0108475
internal_weight=24123 8320 15803 1284 14519 3229 1258 5091 13939 7846 7558 1275 6283 1361 1214 6093 580 4865 1834 559 3031 2663 1186 368 230 1140 752 1477 1380 590
internal_count=24123 8320 15803 1284 14519 3229 1258 5091 13939 7846 7558 1275 6283 1361 1214 6093 580 4865 1834 559 3031 2663 1186 368 230 1140 752 1477 1380 590
cat_boundaries=0 2 7 9 13 15 19 21 23 25 27 29 31 33 35 37 40 42 44
cat_threshold=2723167492 347144 10244 805306896 14361 170393600 32 1082196024 1085616 268437505 570425856 1310944 33556480 542121984 19456 8 131072 1048704 604110848 203980946 1581094 1073744020 301989920 8650760 4368 262144 272 2148401302 276824064 134283281 1089712 2185235712 327688 0 65536 33554432 262144 0 16 16 268501536 32896 4 2048
is_linear=0
shrinkage=0.05


Tree=52
num_leaves=31
num_cat=12
split_feature=0 4 9 0 0 7 0 0 0 8 5 4 4 0 7 0 3 5 0 9 5 0 5 7 4 0 4 8 0 4
split_gain=35.9754 20.2726 18.5286 18.5746 18.1677 17.9371 28.0553 18.7267 15.5888 15.2257 14.4721 14.0151 11.992 15.4729 11.3893 9.43116 13.0404 9.30855 12.0385 9.21483 18.2869 10.4117 8.71621 9.77256 9.67335 9.22605 8.63764 8.50901 18.6494 14.3507
threshold=0 383.50000000000006 9.5000000000000018 1 2 2.5000000000000004 3 4 5 1.0000000180025095e-35 3.5000000000000004 1.0000000180025095e-35 78.500000000000014 6 2.5000000000000004 7 3.5000000000000004 4.5000000000000009 8 9.5000000000000018 4.5000000000000009 9 4.5000000000000009 7.5000000000000009 26.500000000000004 10 170.50000000000003 1.0000000180025095e-35 11 42.500000000000007
decision_type=9 2 2 9 9 2 9 9 9 2 2 2 2 9 2 9 2 2 9 2 2 9 2 2 2 9 2 2 9 2
left_child=5 2 3 22 14 6 -1 -7 9 -4 -9 -10 13 -13 -3 -14 -17 27 -19 21 -21 -12 23 -2 -24 -25 -18 -5 -29 -30
right_child=1 4 8 17 -6 7 -8 10 11 -11 19 12 15 -15 -16 16 26 18 -20 20 -22 -23 24 25 -26 -27 -28 28 29 -31
leaf_value=-0.011441380026559167 0.0032185125993550168 0.019173248036824034 0.00060061038711346499 -0.0070330812573309648 0.00096988802841191661 -0.0091640152902678473 -0.0020128627546755875 -0.0021799321019288554 0.019905462473602076 0.013514181635439805 -0.0098209339804154975 -0.0030133010295862353 -0.00020211272114664116 0.0014091954336212743 0.010995144855997667 0.0039825136531220053 0.0033071663122128617 -0.0062496270868801834 0.0041260320970135933 0.0061090249690092698 -0.00034743469012935013 -0.00024648839319823672 0.016627523489721165 -0.0088489503083749119 0.006438540839963508 0.00096551163842207579 -0.010533920079344165 0.0075492708316410306 -0.012817252569926042 -0.0044796993569280021
leaf_weight=287 711 73 786 798 738 346 634 4127 108 1068 129 2155 2347 1948 498 2380 66 117 334 758 1240 486 43 310 246 228 122 383 186 471
leaf_count=287 711 73 786 798 738 346 634 4127 108 1068 129 2155 2347 1948 498 2380 66 117 334 758 1240 486 43 310 246 228 122 383 186 471
internal_value=-0.000412469 0.000948778 0.000422098 -0.00257382 0.00691367 -0.00314956 -0.0097177 -0.00230031 0.0014663 0.00563305 -0.0017037 0.00061296 0.000399202 -0.00159639 0.0135112 0.00206511 0.0041505 -0.0054154 0.000997783 0.00120551 0.00285285 -0.00414634 0.00167959 -0.000120096 0.00951557 -0.00520446 -0.00851064 -0.0070185 -0.00403846 -0.00907046
internal_weight=24123 16116 14807 3827 1309 8007 921 7086 10980 1854 6740 9126 9018 4103 571 4915 2568 2289 451 2613 1998 615 1538 1249 289 538 188 1838 1040 657
internal_count=24123 16116 14807 3827 1309 8007 921 7086 10980 1854 6740 9126 9018 4103 571 4915 2568 2289 451 2613 1998 615 1538 1249 289 538 188 1838 1040 657
cat_boundaries=0 2 4 6 8 9 11 13 15 17 18 19 21
cat_threshold=2722118916 347144 201458426 1048580 1350631472 1085616 2684365824 8 4096 67633152 1581090 1216479290 37008 1409641 388 1376256 8192 33554436 131738 9764864 532496
is_linear=0
shrinkage=0.05


Tree=53
num_leaves=31
num_cat=10
split_feature=2 9 2 5 2 2 1 4 3 4 1 7 1 3 9 1 4 4 4 4 9 5 2 4 4 4 4 9 9 1
split_gain=30.5676 24.4327 29.6198 18.3937 20.1807 14.1661 12.4962 11.5426 11.4606 11.3283 16.0619 16.4232 11.312 12.7765 10.4309 17.7012 10.7084 9.42388 7.6717 8.03828 7.6449 7.56494 7.42441 7.03417 6.75292 6.47541 6.32722 6.28699 6.18633 7.25548
threshold=0 9.5000000000000018 1 4.5000000000000009 2 3 4 112.50000000000001 3.5000000000000004 55.500000000000007 5 9.5000000000000018 6 4.5000000000000009 5.5000000000000009 7 212.50000000000003 242.50000000000003 34.500000000000007 21.500000000000004 8.5000000000000018 1.5000000000000002 8 480.50000000000006 170.50000000000003 204.50000000000003 342.50000000000006 11.500000000000002 7.5000000000000009 9
decision_type=9 2 9 2 9 9 9 2 2 2 9 2 9 2 2 9 2 2 2 2 2 2 9 2 2 2 2 2 2 9
left_child=26 3 9 4 -2 18 -4 8 -8 -3 21 17 -9 -14 15 24 28 -12 19 -5 -7 -11 27 -23 -6 -22 -1 -19 -16 -30
right_child=1 2 6 5 14 20 7 12 -10 10 11 -13 13 -15 16 -17 -18 22 -20 -21 25 23 -24 -25 -26 -27 -28 -29 29 -31
leaf_value=-0.0097155071241237841 0.0037487785781886388 -0.0024374012526306001 0.0087152496758681249 0.010109581313450623 0.006171266593594394 0.0019956722304885544 0.00082662961016931606 0.011407955457466435 -0.0097542530985352607 -0.00058264882315268724 -0.0027346695115536669 -0.0037179386597008257 0.0021707897371241458 0.047955809961620438 -0.010552107980084512 -0.0090890939739650799 -0.001033222968895009 -0.0019935234424058534 0.0090318324271277395 -0.0069415949919015233 -0.0086444860577544417 0.0030169651854511179 -0.0001012790928259344 0.01361138620225983 0.015005860749915556 0.0019008435294418536 0.0043841055212350709 0.008359686430077385 -0.00011196877837699182 -0.0057686596343240028
leaf_weight=244 555 2966 450 57 329 563 4005 769 264 985 897 755 2734 32 1096 114 791 107 251 55 192 2308 1135 92 55 86 34 333 394 1475
leaf_count=244 555 2966 450 57 329 563 4005 769 264 985 897 755 2734 32 1096 114 791 107 251 55 192 2308 1135 92 55 86 34 333 394 1475
internal_value=-0.000474651 -0.000278768 0.000650516 -0.00303509 -0.0044188 0.00249169 0.00284366 0.00236755 0.000620754 -0.00124113 -9.07441e-05 -0.00261044 0.00448373 0.00295389 -0.00558161 0.00120482 -0.00649627 -0.000647249 0.0105898 0 -0.00111633 0.00231222 0.00168254 0.00383333 0.00634518 -0.00791367 -0.0166667 0.00711111 -0.00787521 -0.00612627
internal_weight=24123 23845 17832 6013 4809 1204 8254 7804 4269 9578 6612 3227 3535 2766 4254 498 3756 2472 363 112 841 3385 1575 2400 384 278 278 440 2965 1869
internal_count=24123 23845 17832 6013 4809 1204 8254 7804 4269 9578 6612 3227 3535 2766 4254 498 3756 2472 363 112 841 3385 1575 2400 384 278 278 440 2965 1869
cat_boundaries=0 3 7 12 16 18 20 22 24 28 30
cat_threshold=2147483649 0 1310752 838934026 135680 1210583490 1812201520 4096 131088 2432 536870960 96 0 0 6 671088640 33685654 271622145 67141664 25165856 269762560 524288 4505632 131072 6152 0 64 1073741856 262144 655360
is_linear=0
shrinkage=0.05


Tree=54
num_leaves=31
num_cat=18
split_feature=0 1 0 9 2 0 4 0 0 2 0 0 2 4 8 1 0 5 5 8 0 4 2 9 5 2 0 4 3 2
split_gain=34.0901 23.1116 19.7473 16.4693 17.1787 25.6541 18.0658 17.4956 17.068 16.0074 17.661 15.8013 16.3773 16.1229 15.1974 14.2098 13.8105 11.5008 15.9185 11.1604 10.7214 10.6954 10.2766 14.0625 9.00303 8.78535 9.45198 9.31734 8.5641 8.48012
threshold=0 1 2 11.500000000000002 3 4 96.500000000000014 5 6 7 8 9 10 48.500000000000007 1.0000000180025095e-35 11 12 4.5000000000000009 3.5000000000000004 1.0000000180025095e-35 13 71.500000000000014 14 13.500000000000002 4.5000000000000009 15 16 351.50000000000006 3.5000000000000004 17
decision_type=9 9 9 2 9 9 2 9 9 9 9 9 9 2 2 9 9 2 2 2 9 2 9 2 2 9 9 2 2 9
left_child=1 11 22 9 5 -5 8 29 15 10 19 12 13 -1 -13 -6 -11 18 -17 -2 -20 -15 -3 -24 -12 26 -9 -28 -7 -8
right_child=3 2 -4 4 6 28 7 25 -10 16 24 14 -14 21 -16 17 -18 -19 20 -21 -22 -23 23 -25 -26 -27 27 -29 -30 -31
leaf_value=-0.0066463923518898299 -0.0056781626813555593 0.0185333965172222 -0.00056227304613368776 -0.0062244330933150186 0.013270257377697638 0.0038189782244546083 0.0074280386478224108 -0.012470857092673749 0.0029618115898860211 0.00097042857353957235 0.0099725795054876679 -0.0036099727447241382 -0.0071189490113692305 0.0064342148623422364 -0.00033327704055461927 -0.0024813769811134591 -0.0027123665658635335 -0.0038422604768840077 0.016189425451400442 0.0034172313921651989 -0.00019378602859376759 -0.0017976685351713817 -0.016238424081853886 0.013529362937784601 -0.0024168394242587432 0.010074256039728131 0.00028959839071265316 0.022529648534587634 -0.013658935662061509 -0.00083213099029759159
leaf_weight=407 315 304 1772 643 105 560 505 110 2475 1470 705 1735 605 130 2241 1117 3589 451 107 343 138 573 128 128 181 1991 174 63 36 1022
leaf_count=407 315 304 1772 643 105 560 505 110 2475 1470 705 1735 605 130 2241 1117 3589 451 107 343 138 573 128 128 181 1991 174 63 36 1022
internal_value=-0.000507814 -0.00316818 0.00102477 0.000819367 0.00215331 -0.00332266 0.00297533 0.00547219 0.00078534 -0.00109799 0.0033462 -0.00488511 -0.00889855 -0.00517857 -0.00313598 -0.00274896 -0.00245611 -0.0038124 -0.00154185 -0.00284431 0.01 -0.000640114 0.00912281 0.00150376 0.00792411 0.00817717 0.00070028 0.0062753 0.00412541 0.00126871
internal_weight=24123 8023 2332 16100 9497 1239 8258 3865 4393 6603 1544 5691 1715 1110 3976 1918 5059 1813 1362 658 245 703 560 256 886 2338 347 237 596 1527
internal_count=24123 8023 2332 16100 9497 1239 8258 3865 4393 6603 1544 5691 1715 1110 3976 1918 5059 1813 1362 658 245 703 560 256 886 2338 347 237 596 1527
cat_boundaries=0 2 4 6 10 12 14 16 21 23 25 30 32 34 36 40 45 47 50
cat_threshold=2722110724 351240 2421276769 41975842 4194304 265216 268438528 0 1059232 673185792 1351712929 1573126 203219528 32788 1217601642 32912 838873096 131088 2432 1747451936 32 277234240 565552 536875012 19456 1024 0 4167 134217744 64 1073807380 268435456 68190296 1081344 1082138664 16 0 16 16 2097152 4096 33554432 262732 32 32 268632064 524546 0 268435456 531
is_linear=0
shrinkage=0.05


Tree=55
num_leaves=31
num_cat=17
split_feature=0 2 9 2 0 4 2 0 0 0 7 0 0 4 5 2 2 8 4 1 0 1 4 1 0 4 7 4 5 9
split_gain=33.1197 21.3892 17.798 17.0383 19.0518 17.3753 15.5343 14.8017 13.3042 12.2037 11.4878 14.6743 12.9854 19.2077 11.2469 11.06 10.9401 15.2296 10.7665 10.7407 10.5985 9.88269 9.51394 8.55174 9.5262 8.7512 8.44619 8.36558 8.2017 12.3003
threshold=0 1 11.500000000000002 2 3 98.500000000000014 4 5 6 7 2.5000000000000004 8 9 30.500000000000004 3.5000000000000004 10 11 1.0000000180025095e-35 21.500000000000004 12 13 14 47.500000000000007 15 16 49.500000000000007 6.5000000000000009 274.50000000000006 5.5000000000000009 11.500000000000002
decision_type=9 9 2 9 9 2 9 9 9 9 2 9 9 2 2 9 9 2 2 9 9 9 2 9 9 2 2 2 2 2
left_child=1 -1 7 4 -4 9 10 -2 15 19 11 -3 13 18 -14 -7 17 20 -12 -5 -9 -10 -21 -15 26 -26 -25 -22 29 -8
right_child=2 6 3 5 -6 8 28 16 21 -11 12 -13 14 23 -16 -17 -18 -19 -20 22 27 -23 -24 24 25 -27 -28 -29 -30 -31
leaf_value=-0.009059517353121261 0.0023963820602078915 -0.010065994315627625 0.0035269831930234809 -0.0018021251779916704 -0.0048592106641467516 -0.0072630125002199897 -0.0020093942618907706 -0.016720021036850531 -0.0036179748402401014 0.0037792977160150012 -0.007066493894096324 -0.0019609161698708358 -0.0020101257025393559 -0.0033169090712794392 0.0014204268395896918 0.0042794406236157378 -0.0028693445080529736 0.0076759961852271132 -0.0084953103477404378 0.010276666181097533 -0.0023791764610247459 0.01047585665508043 -0.0046311592357635547 -0.013143964477951978 -0.0041415982680812228 0.0029539798589280301 -0.0009052559466405486 0.017005313283029979 -0.0045172586681702541 0.002302146298798846
leaf_weight=223 2153 260 487 1904 770 145 1164 113 143 1977 206 411 1950 504 1178 1179 3227 488 165 206 178 1983 116 68 134 483 105 67 321 1815
leaf_count=223 2153 260 487 1904 770 145 1164 113 143 1977 206 411 1950 504 1178 1179 3227 488 165 206 178 1983 116 68 134 483 105 67 321 1815
internal_value=-0.000437342 -0.00283984 0.00099036 0.00242424 -0.00295975 0.0033081 -0.00243902 -0.00106007 0.00594203 0.00115394 -0.0040738 -0.0102086 -0.00322345 -0.00677612 -0.00130656 0.00194903 -0.0028288 0.00221963 -0.0168464 -0.0013864 -0.00558659 0.00838015 0.00692771 -0.00394127 -0.000625 0.0023126 -0.0106557 0.000588235 0.000271903 0.00109097
internal_weight=24123 8987 15136 8910 1257 7653 8764 6226 3450 4203 5464 671 4793 1665 3128 1324 4073 846 371 2226 358 2126 322 1294 790 617 173 245 3300 2979
internal_count=24123 8987 15136 8910 1257 7653 8764 6226 3450 4203 5464 671 4793 1665 3128 1324 4073 846 371 2226 358 2126 322 1294 790 617 173 245 3300 2979
cat_boundaries=0 2 6 10 12 16 18 20 22 24 26 31 36 38 40 42 44 46
cat_threshold=2722241804 351240 285212672 0 1310848 67256320 1059848 33554944 1059296 1612709888 202113106 41136 9992 0 1074272367 671088688 202408176 1048576 68985441 32772 1486168098 32914 2684488960 4104 33558532 281600 0 0 16384 524288 64 268443656 131088 644 539492384 32 5537824 131104 8650752 524306 1048576 314572800 96 33554432 4096 262144
is_linear=0
shrinkage=0.05


Tree=56
num_leaves=31
num_cat=15
split_feature=0 1 0 4 0 0 3 0 1 4 1 1 4 9 5 0 4 8 9 4 9 1 9 1 0 0 4 5 0 9
split_gain=29.0478 24.6237 22.2487 13.5794 20.6939 13.0115 18.6303 12.8537 13.727 15.946 12.1745 11.9679 10.9737 9.63407 9.44545 9.29328 14.8542 9.14973 10.4154 11.2577 10.1274 9.91061 8.53344 8.48824 10.2431 8.44216 8.16469 7.62078 11.1377 7.52506
threshold=0 1 2 391.50000000000006 3 4 3.5000000000000004 5 6 104.50000000000001 7 8 410.50000000000006 9.5000000000000018 1.5000000000000002 9 325.50000000000006 1.0000000180025095e-35 16.500000000000004 158.50000000000003 6.5000000000000009 10 8.5000000000000018 11 12 13 49.500000000000007 1.0000000180025095e-35 14 1.0000000180025095e-35
decision_type=9 9 9 2 9 9 2 9 9 2 9 9 2 2 2 9 2 2 2 2 2 9 2 9 9 9 2 2 9 2
left_child=1 2 -1 7 -5 6 23 11 -9 -10 17 15 22 14 -11 16 -2 18 19 20 -7 -20 -12 24 -3 -15 -25 28 -13 -29
right_child=3 5 -4 4 -6 10 -8 8 9 13 12 27 -14 25 -16 -17 -18 -19 21 -21 -22 -23 -24 26 -26 -27 -28 29 -30 -31
leaf_value=0.013481308000207533 0.023085942749208513 -0.0027560221471215232 -0.00058406396392356457 0.012609367353577528 0.0004044141297184445 0.0049380575770383243 0.010762371914054653 -0.0020500267278866198 -0.00071322349500979045 -0.006371468635415223 -0.011065395093405712 -0.010224863538305359 0.013066619541140924 0.00036217398731384079 0.00085641260665026981 0.0060488805596114747 -0.013684537343881793 0.00040631626811088732 0.003107205276661518 -0.0010245596552188902 -0.006245426411806732 -0.004795174345365194 -0.0039343265024490096 -0.0057680071111331282 -0.010255799356350149 0.0078014672953637069 -0.0016310353177273252 0.015316581608717628 0.0028014506114454776 0.0018019897557513876
leaf_weight=466 326 366 1071 459 750 62 106 2430 5041 194 99 360 49 525 405 648 36 2010 226 432 629 214 486 485 293 1163 587 49 379 3777
leaf_count=466 326 366 1071 459 750 62 106 2430 5041 194 99 360 49 525 405 648 36 2010 226 432 629 214 486 485 293 1163 587 49 379 3777
internal_value=-0.000528541 -0.00308918 0.00255333 0.000646448 0.00574855 -0.00452593 -0.00804006 0.000244571 -0.000849713 0.000231671 -0.00297605 0.00215756 -0.00931677 0.0036948 -0.00175292 0.00705882 0.0134409 -0.00182808 -0.0047025 -0.00725735 -0.0112156 0.00181818 -0.0113675 -0.00932987 -0.0138266 0.00562796 -0.00637708 0.00106011 -0.00358593 0.00196027
internal_weight=24123 7581 1537 16542 1209 6044 1837 15333 9758 7328 4207 5575 634 2287 599 1010 362 3573 1563 1123 691 440 585 1731 659 1688 1072 4565 739 3826
internal_count=24123 7581 1537 16542 1209 6044 1837 15333 9758 7328 4207 5575 634 2287 599 1010 362 3573 1563 1123 691 440 585 1731 659 1688 1072 4565 739 3826
cat_boundaries=0 2 4 6 8 10 12 14 16 18 20 21 23 25 27 29
cat_threshold=2722110476 351232 1141772438 5246976 4194308 19456 1082196017 1081520 5124 19456 203980946 1581088 2215252289 2048 5277792 269090816 2148401174 268435456 134742018 1581056 4227072 1048673 33554432 1028 2048 1180257 12 134250512 32
is_linear=0
shrinkage=0.05


end of trees

feature_importances:
district=568
month=245
sub_category=232
comment_len=185
hour=144
main_type=141
day_of_week=137
is_rainy_season=30
severity=22
is_weekend=6

parameters:
[boosting: gbdt]
[objective: regression_l1]
[metric: l1]
[tree_learner: serial]
[device_type: cpu]
[data_sample_strategy: bagging]
[data: ]
[valid: ]
[num_iterations: 800]
[learning_rate: 0.05]
[num_leaves: 31]
[num_threads: -1]
[seed: 42]
[deterministic: 0]
[force_col_wise: 0]
[force_row_wise: 0]
[histogram_pool_size: -1]
[max_depth: -1]
[min_data_in_leaf: 30]
[min_sum_hessian_in_leaf: 0.001]
[bagging_fraction: 0.8]
[pos_bagging_fraction: 1]
[neg_bagging_fraction: 1]
[bagging_freq: 0]
[bagging_seed: 400]
[bagging_by_query: 0]
[feature_fraction: 0.8]
[feature_fraction_bynode: 1]
[feature_fraction_seed: 30056]
[extra_trees: 0]
[extra_seed: 12879]
[early_stopping_round: 0]
[early_stopping_min_delta: 0]
[first_metric_only: 0]
[max_delta_step: 0]
[lambda_l1: 0]
[lambda_l2: 0]
[linear_lambda: 0]
[min_gain_to_split: 0]
[drop_rate: 0.1]
[max_drop: 50]
[skip_drop: 0.5]
[xgboost_dart_mode: 0]
[uniform_drop: 0]
[drop_seed: 17869]
[top_rate: 0.2]
[other_rate: 0.1]
[min_data_per_group: 100]
[max_cat_threshold: 32]
[cat_l2: 10]
[cat_smooth: 10]
[max_cat_to_onehot: 4]
[top_k: 20]
[monotone_constraints: ]
[monotone_constraints_method: basic]
[monotone_penalty: 0]
[feature_contri: ]
[forcedsplits_filename: ]
[refit_decay_rate: 0.9]
[cegb_tradeoff: 1]
[cegb_penalty_split: 0]
[cegb_penalty_feature_lazy: ]
[cegb_penalty_feature_coupled: ]
[path_smooth: 0]
[interaction_constraints: ]
[verbosity: -1]
[saved_feature_importance_type: 0]
[use_quantized_grad: 0]
[num_grad_quant_bins: 4]
[quant_train_renew_leaf: 0]
[stochastic_rounding: 1]
[linear_tree: 0]
[max_bin: 255]
[max_bin_by_feature: ]
[min_data_in_bin: 3]
[bin_construct_sample_cnt: 200000]
[data_random_seed: 175]
[is_enable_sparse: 1]
[enable_bundle: 1]
[use_missing: 1]
[zero_as_missing: 0]
[feature_pre_filter: 1]
[pre_partition: 0]
[two_round: 0]
[header: 0]
[label_column: ]
[weight_column: ]
[group_column: ]
[ignore_column: ]
[categorical_feature: 0,1,2]
[forcedbins_filename: ]
[precise_float_parser: 0]
[parser_config_file: ]
[objective_seed: 16083]
[num_class: 1]
[is_unbalance: 0]
[scale_pos_weight: 1]
[sigmoid: 1]
[boost_from_average: 1]
[reg_sqrt: 0]
[alpha: 0.9]
[fair_c: 1]
[poisson_max_delta_step: 0.7]
[tweedie_variance_power: 1.5]
[lambdarank_truncation_level: 30]
[lambdarank_norm: 1]
[label_gain: ]
[lambdarank_position_bias_regularization: 0]
[eval_at: ]
[multi_error_top_k: 1]
[auc_mu_weights: ]
[num_machines: 1]
[local_listen_port: 12400]
[time_out: 120]
[machine_list_filename: ]
[machines: ]
[gpu_platform_id: -1]
[gpu_device_id: -1]
[gpu_device_id_list: ]
[gpu_use_dp: 0]
[num_gpu: 1]

end of parameters

pandas_categorical:[["\u0e04\u0e25\u0e2d\u0e07\u0e2a\u0e32\u0e19", "\u0e04\u0e25\u0e2d\u0e07\u0e2a\u0e32\u0e21\u0e27\u0e32", "\u0e04\u0e25\u0e2d\u0e07\u0e40\u0e15\u0e22", "\u0e04\u0e31\u0e19\u0e19\u0e32\u0e22\u0e32\u0e27", "\u0e08\u0e15\u0e38\u0e08\u0e31\u0e01\u0e23", "\u0e08\u0e2d\u0e21\u0e17\u0e2d\u0e07", "\u0e14\u0e2d\u0e19\u0e40\u0e21\u0e37\u0e2d\u0e07", "\u0e14\u0e34\u0e19\u0e41\u0e14\u0e07", "\u0e14\u0e38\u0e2a\u0e34\u0e15", "\u0e15\u0e25\u0e34\u0e48\u0e07\u0e0a\u0e31\u0e19", "\u0e17\u0e27\u0e35\u0e27\u0e31\u0e12\u0e19\u0e32", "\u0e17\u0e38\u0e48\u0e07\u0e04\u0e23\u0e38", "\u0e18\u0e19\u0e1a\u0e38\u0e23\u0e35", "\u0e1a\u0e32\u0e07\u0e01\u0e2d\u0e01\u0e19\u0e49\u0e2d\u0e22", "\u0e1a\u0e32\u0e07\u0e01\u0e2d\u0e01\u0e43\u0e2b\u0e0d\u0e48", "\u0e1a\u0e32\u0e07\u0e01\u0e30\u0e1b\u0e34", "\u0e1a\u0e32\u0e07\u0e02\u0e38\u0e19\u0e40\u0e17\u0e35\u0e22\u0e19", "\u0e1a\u0e32\u0e07\u0e04\u0e2d\u0e41\u0e2b\u0e25\u0e21", "\u0e1a\u0e32\u0e07\u0e0b\u0e37\u0e48\u0e2d", "\u0e1a\u0e32\u0e07\u0e19\u0e32", "\u0e1a\u0e32\u0e07\u0e1a\u0e2d\u0e19", "\u0e1a\u0e32\u0e07\u0e1e\u0e25\u0e31\u0e14", "\u0e1a\u0e32\u0e07\u0e23\u0e31\u0e01", "\u0e1a\u0e32\u0e07\u0e40\u0e02\u0e19", "\u0e1a\u0e32\u0e07\u0e40\u0e2a\u0e32\u0e18\u0e07", "\u0e1a\u0e32\u0e07\u0e41\u0e04", "\u0e1a\u0e36\u0e07\u0e01\u0e38\u0e48\u0e21", "\u0e1b\u0e17\u0e38\u0e21\u0e27\u0e31\u0e19", "\u0e1b\u0e23\u0e30\u0e40\u0e27\u0e28", "\u0e1b\u0e49\u0e2d\u0e21\u0e1b\u0e23\u0e32\u0e1a\u0e28\u0e31\u0e15\u0e23\u0e39\u0e1e\u0e48\u0e32\u0e22", "\u0e1e\u0e0d\u0e32\u0e44\u0e17", "\u0e1e\u0e23\u0e30\u0e19\u0e04\u0e23", "\u0e1e\u0e23\u0e30\u0e1b\u0e23\u0e30\u0e41\u0e14\u0e07", "\u0e1e\u0e23\u0e30\u0e42\u0e02\u0e19\u0e07", "\u0e20\u0e32\u0e29\u0e35\u0e40\u0e08\u0e23\u0e34\u0e0d", "\u0e21\u0e35\u0e19\u0e1a\u0e38\u0e23\u0e35", "\u0e22\u0e32\u0e19\u0e19\u0e32\u0e27\u0e32", "\u0e23\u0e32\u0e0a\u0e40\u0e17\u0e27\u0e35", "\u0e23\u0e32\u0e29\u0e0e\u0e23\u0e4c\u0e1a\u0e39\u0e23\u0e13\u0e30", "\u0e25\u0e32\u0e14\u0e01\u0e23\u0e30\u0e1a\u0e31\u0e07", "\u0e25\u0e32\u0e14\u0e1e\u0e23\u0e49\u0e32\u0e27", "\u0e25\u0e33\u0e25\u0e39\u0e01\u0e01\u0e32", "\u0e27\u0e31\u0e07\u0e17\u0e2d\u0e07\u0e2b\u0e25\u0e32\u0e07", "\u0e27\u0e31\u0e12\u0e19\u0e32", "\u0e2a\u0e27\u0e19\u0e2b\u0e25\u0e27\u0e07", "\u0e2a\u0e30\u0e1e\u0e32\u0e19\u0e2a\u0e39\u0e07", "\u0e2a\u0e31\u0e21\u0e1e\u0e31\u0e19\u0e18\u0e27\u0e07\u0e28\u0e4c", "\u0e2a\u0e32\u0e17\u0e23", "\u0e2a\u0e32\u0e22\u0e44\u0e2b\u0e21", "\u0e2b\u0e19\u0e2d\u0e07\u0e08\u0e2d\u0e01", "\u0e2b\u0e19\u0e2d\u0e07\u0e41\u0e02\u0e21", "\u0e2b\u0e25\u0e31\u0e01\u0e2a\u0e35\u0e48", "\u0e2b\u0e49\u0e27\u0e22\u0e02\u0e27\u0e32\u0e07", "\u0e40\u0e21\u0e37\u0e2d\u0e07\u0e19\u0e19\u0e17\u0e1a\u0e38\u0e23\u0e35", "\u0e40\u0e21\u0e37\u0e2d\u0e07\u0e2a\u0e21\u0e38\u0e17\u0e23\u0e1b\u0e23\u0e32\u0e01\u0e32\u0e23"], ["BEST", "\u0e01\u0e23\u0e30\u0e17\u0e33\u0e1c\u0e34\u0e14\u0e43\u0e19\u0e17\u0e35\u0e48\u0e2a\u0e32\u0e18\u0e32\u0e23\u0e13\u0e30", "\u0e01\u0e23\u0e38\u0e07\u0e40\u0e17\u0e1e\u0e42\u0e1b\u0e23\u0e48\u0e07\u0e43\u0e2a", "\u0e01\u0e25\u0e49\u0e2d\u0e07\u0e42\u0e17\u0e23\u0e17\u0e31\u0e28\u0e19\u0e4c\u0e27\u0e07\u0e08\u0e23\u0e1b\u0e34\u0e14 (CCTV)", "\u0e01\u0e32\u0e23\u0e1a\u0e23\u0e34\u0e2b\u0e32\u0e23\u0e07\u0e32\u0e19\u0e1a\u0e38\u0e04\u0e04\u0e25", "\u0e02\u0e22\u0e30", "\u0e02\u0e22\u0e30\u0e41\u0e25\u0e30\u0e2a\u0e34\u0e48\u0e07\u0e1b\u0e0f\u0e34\u0e01\u0e39\u0e25", "\u0e02\u0e2d\u0e04\u0e27\u0e32\u0e21\u0e0a\u0e48\u0e27\u0e22\u0e40\u0e2b\u0e25\u0e37\u0e2d", "\u0e02\u0e2d\u0e43\u0e0a\u0e49\u0e1a\u0e23\u0e34\u0e01\u0e32\u0e23", "\u0e02\u0e2d\u0e43\u0e2b\u0e49\u0e14\u0e33\u0e40\u0e19\u0e34\u0e19\u0e01\u0e32\u0e23\u0e01\u0e31\u0e1a\u0e2a\u0e31\u0e15\u0e27\u0e4c\u0e40\u0e25\u0e37\u0e49\u0e2d\u0e22\u0e04\u0e25\u0e32\u0e19 \u0e2a\u0e31\u0e15\u0e27\u0e4c\u0e21\u0e35\u0e1e\u0e34\u0e29", "\u0e02\u0e36\u0e49\u0e19\u0e17\u0e30\u0e40\u0e1a\u0e35\u0e22\u0e19&\u0e2a\u0e33\u0e23\u0e27\u0e08", "\u0e02\u0e49\u0e2d\u0e40\u0e2a\u0e19\u0e2d\u0e41\u0e19\u0e30", "\u0e04\u0e19\u0e40\u0e23\u0e48\u0e23\u0e48\u0e2d\u0e19", "\u0e04\u0e27\u0e31\u0e19\u0e14\u0e33", "\u0e04\u0e27\u0e32\u0e21\u0e1b\u0e25\u0e2d\u0e14\u0e20\u0e31\u0e22", "\u0e04\u0e27\u0e32\u0e21\u0e2a\u0e30\u0e2d\u0e32\u0e14", "\u0e08\u0e23\u0e32\u0e08\u0e23", "\u0e08\u0e38\u0e14\u0e40\u0e2a\u0e35\u0e48\u0e22\u0e07", "\u0e15\u0e49\u0e19\u0e44\u0e21\u0e49", "\u0e15\u0e49\u0e19\u0e44\u0e21\u0e49\u0e41\u0e25\u0e30\u0e2a\u0e27\u0e19\u0e2a\u0e32\u0e18\u0e32\u0e23\u0e13\u0e30", "\u0e16\u0e19\u0e19", "\u0e16\u0e31\u0e07\u0e14\u0e31\u0e1a\u0e40\u0e1e\u0e25\u0e34\u0e07/\u0e1b\u0e23\u0e30\u0e1b\u0e32\u0e2b\u0e31\u0e27\u0e41\u0e14\u0e07", "\u0e17\u0e32\u0e07\u0e40\u0e17\u0e49\u0e32", "\u0e17\u0e35\u0e48\u0e1e\u0e31\u0e01\u0e1c\u0e39\u0e49\u0e42\u0e14\u0e22\u0e2a\u0e32\u0e23", "\u0e17\u0e38\u0e08\u0e23\u0e34\u0e15", "\u0e17\u0e48\u0e2d\u0e23\u0e30\u0e1a\u0e32\u0e22\u0e19\u0e49\u0e33", "\u0e19\u0e49\u0e33\u0e17\u0e48\u0e27\u0e21", "\u0e1a\u0e23\u0e34\u0e01\u0e32\u0e23\u0e2a\u0e32\u0e18\u0e32\u0e23\u0e13\u0e30\u0e02\u0e2d\u0e07\u0e2b\u0e19\u0e48\u0e27\u0e22\u0e07\u0e32\u0e19\u0e43\u0e19\u0e2a\u0e31\u0e07\u0e01\u0e31\u0e14\u0e01\u0e23\u0e38\u0e07\u0e40\u0e17\u0e1e\u0e21\u0e2b\u0e32\u0e19\u0e04\u0e23", "\u0e1a\u0e32\u0e17\u0e27\u0e34\u0e16\u0e35", "\u0e1b\u0e23\u0e30\u0e1b\u0e32", "\u0e1b\u0e31\u0e0d\u0e2b\u0e32\u0e04\u0e27\u0e32\u0e21\u0e40\u0e14\u0e37\u0e2d\u0e14\u0e23\u0e49\u0e2d\u0e19\u0e08\u0e32\u0e01\u0e01\u0e32\u0e23\u0e14\u0e33\u0e40\u0e19\u0e34\u0e19\u0e01\u0e32\u0e23\u0e02\u0e2d\u0e07\u0e23\u0e31\u0e10", "\u0e1b\u0e31\u0e0d\u0e2b\u0e32\u0e17\u0e35\u0e48\u0e2a\u0e48\u0e07\u0e1c\u0e25\u0e01\u0e23\u0e30\u0e17\u0e1a\u0e01\u0e31\u0e1a\u0e01\u0e32\u0e23\u0e08\u0e23\u0e32\u0e08\u0e23", "\u0e1b\u0e31\u0e0d\u0e2b\u0e32\u0e2a\u0e31\u0e07\u0e04\u0e21", "\u0e1b\u0e49\u0e32\u0e22\u0e42\u0e06\u0e29\u0e13\u0e32", "\u0e1c\u0e34\u0e14\u0e01\u0e0e\u0e08\u0e23\u0e32\u0e08\u0e23", "\u0e1c\u0e34\u0e14\u0e01\u0e0f\u0e08\u0e23\u0e32\u0e08\u0e23", "\u0e1c\u0e39\u0e49\u0e1e\u0e34\u0e01\u0e32\u0e23+\u0e43\u0e0a\u0e49\u0e25\u0e49\u0e2d", "\u0e1d\u0e38\u0e48\u0e19\u0e04\u0e27\u0e31\u0e19&\u0e01\u0e25\u0e34\u0e48\u0e19&PM2.5", "\u0e20\u0e31\u0e22\u0e2d\u0e2d\u0e19\u0e44\u0e25\u0e19\u0e4c", "\u0e20\u0e31\u0e22\u0e2d\u0e37\u0e48\u0e19\u0e46", "\u0e22\u0e32\u0e40\u0e2a\u0e1e\u0e15\u0e34\u0e14", "\u0e27\u0e34\u0e19\u0e21\u0e2d\u0e44\u0e0b\u0e04\u0e4c", "\u0e2a\u0e30\u0e1e\u0e32\u0e19", "\u0e2a\u0e31\u0e15\u0e27\u0e4c", "\u0e2a\u0e32\u0e18\u0e32\u0e23\u0e13\u0e39\u0e1b\u0e42\u0e20\u0e04", "\u0e2a\u0e32\u0e22\u0e2a\u0e37\u0e48\u0e2d\u0e2a\u0e32\u0e23", "\u0e2a\u0e38\u0e02\u0e20\u0e32\u0e1e & \u0e1a\u0e31\u0e15\u0e23\u0e17\u0e2d\u0e07", "\u0e2d\u0e32\u0e04\u0e32\u0e23", "\u0e2d\u0e32\u0e04\u0e32\u0e23\u0e2a\u0e16\u0e32\u0e19\u0e17\u0e35\u0e48\u0e0a\u0e33\u0e23\u0e38\u0e14", "\u0e2d\u0e37\u0e48\u0e19\u0e46", "\u0e2d\u0e38\u0e1a\u0e31\u0e15\u0e34\u0e40\u0e2b\u0e15\u0e38", "\u0e2d\u0e38\u0e1b\u0e01\u0e23\u0e13\u0e4c\u0e0a\u0e33\u0e23\u0e38\u0e14", "\u0e40\u0e02\u0e37\u0e48\u0e2d\u0e19 \u0e04\u0e39\u0e04\u0e25\u0e2d\u0e07", "\u0e40\u0e1c\u0e32\u0e43\u0e19\u0e17\u0e35\u0e48\u0e42\u0e25\u0e48\u0e07", "\u0e40\u0e23\u0e37\u0e48\u0e2d\u0e07\u0e23\u0e49\u0e2d\u0e07\u0e17\u0e38\u0e01\u0e02\u0e4c\u0e1b\u0e23\u0e30\u0e40\u0e20\u0e17\u0e2d\u0e37\u0e48\u0e19 \u0e46 - \u0e40\u0e23\u0e37\u0e48\u0e2d\u0e07\u0e23\u0e49\u0e2d\u0e07\u0e40\u0e23\u0e35\u0e22\u0e19\u0e17\u0e35\u0e48\u0e44\u0e21\u0e48\u0e2a\u0e32\u0e21\u0e32\u0e23\u0e16\u0e08\u0e31\u0e14\u0e40\u0e02\u0e49\u0e32\u0e1b\u0e23\u0e30\u0e40\u0e20\u0e17\u0e43\u0e14", "\u0e40\u0e2a\u0e19\u0e2d\u0e41\u0e19\u0e30", "\u0e40\u0e2a\u0e35\u0e22\u0e07", "\u0e40\u0e2b\u0e15\u0e38\u0e40\u0e14\u0e37\u0e2d\u0e14\u0e23\u0e49\u0e2d\u0e19\u0e23\u0e33\u0e04\u0e32\u0e0d", "\u0e41\u0e17\u0e47\u0e01\u0e0b\u0e35\u0e48/\u0e23\u0e16\u0e40\u0e21\u0e25\u0e4c", "\u0e42\u0e23\u0e07\u0e40\u0e23\u0e35\u0e22\u0e19", "\u0e44\u0e1f\u0e1f\u0e49\u0e32"], ["BEST", "\u0e01\u0e23\u0e30\u0e17\u0e33\u0e1c\u0e34\u0e14\u0e43\u0e19\u0e17\u0e35\u0e48\u0e2a\u0e32\u0e18\u0e32\u0e23\u0e13\u0e30", "\u0e01\u0e23\u0e38\u0e07\u0e40\u0e17\u0e1e\u0e42\u0e1b\u0e23\u0e48\u0e07\u0e43\u0e2a", "\u0e01\u0e25\u0e34\u0e48\u0e19", "\u0e01\u0e25\u0e48\u0e32\u0e27\u0e42\u0e17\u0e29\u0e40\u0e08\u0e49\u0e32\u0e2b\u0e19\u0e49\u0e32\u0e17\u0e35\u0e48", "\u0e01\u0e32\u0e23\u0e1a\u0e23\u0e34\u0e2b\u0e32\u0e23\u0e07\u0e32\u0e19\u0e1a\u0e38\u0e04\u0e04\u0e25", "\u0e01\u0e32\u0e23\u0e1a\u0e23\u0e34\u0e2b\u0e32\u0e23\u0e08\u0e31\u0e14\u0e01\u0e32\u0e23\u0e02\u0e2d\u0e07\u0e2b\u0e19\u0e48\u0e27\u0e22\u0e07\u0e32\u0e19", "\u0e01\u0e32\u0e23\u0e23\u0e30\u0e1a\u0e32\u0e22\u0e19\u0e49\u0e33\u0e17\u0e34\u0e49\u0e07\u0e25\u0e07\u0e43\u0e19\u0e16\u0e19\u0e19 \u0e2b\u0e23\u0e37\u0e2d\u0e1a\u0e49\u0e32\u0e19\u0e02\u0e2d\u0e07\u0e1c\u0e39\u0e49\u0e2d\u0e37\u0e48\u0e19", "\u0e01\u0e32\u0e23\u0e43\u0e2b\u0e49\u0e1a\u0e23\u0e34\u0e01\u0e32\u0e23\u0e02\u0e2d\u0e07\u0e40\u0e08\u0e49\u0e32\u0e2b\u0e19\u0e49\u0e32\u0e17\u0e35\u0e48", "\u0e02\u0e22\u0e30", "\u0e02\u0e22\u0e30\u0e15\u0e01\u0e04\u0e49\u0e32\u0e07", "\u0e02\u0e22\u0e30\u0e15\u0e01\u0e2b\u0e25\u0e48\u0e19", "\u0e02\u0e22\u0e30\u0e41\u0e25\u0e30\u0e2a\u0e34\u0e48\u0e07\u0e1b\u0e0f\u0e34\u0e01\u0e39\u0e25", "\u0e02\u0e2d\u0e04\u0e27\u0e32\u0e21\u0e0a\u0e48\u0e27\u0e22\u0e40\u0e2b\u0e25\u0e37\u0e2d", "\u0e02\u0e2d\u0e04\u0e27\u0e32\u0e21\u0e40\u0e1b\u0e47\u0e19\u0e18\u0e23\u0e23\u0e21", "\u0e02\u0e2d\u0e0b\u0e48\u0e2d\u0e21\u0e40\u0e1b\u0e25\u0e35\u0e48\u0e22\u0e19", "\u0e02\u0e2d\u0e43\u0e0a\u0e49\u0e1a\u0e23\u0e34\u0e01\u0e32\u0e23", "\u0e02\u0e2d\u0e43\u0e2b\u0e49\u0e02\u0e38\u0e14\u0e25\u0e2d\u0e01 \u0e04\u0e39\u0e04\u0e25\u0e2d\u0e07", "\u0e02\u0e2d\u0e43\u0e2b\u0e49\u0e02\u0e38\u0e14\u0e25\u0e2d\u0e01\u0e17\u0e48\u0e2d\u0e23\u0e30\u0e1a\u0e32\u0e22\u0e19\u0e49\u0e33", "\u0e02\u0e2d\u0e43\u0e2b\u0e49\u0e08\u0e31\u0e14\u0e23\u0e30\u0e40\u0e1a\u0e35\u0e22\u0e1a\u0e2b\u0e32\u0e1a\u0e40\u0e23\u0e48 \u0e41\u0e1c\u0e07\u0e25\u0e2d\u0e22", "\u0e02\u0e2d\u0e43\u0e2b\u0e49\u0e08\u0e31\u0e14\u0e40\u0e01\u0e47\u0e1a\u0e02\u0e22\u0e30\u0e0a\u0e34\u0e49\u0e19\u0e43\u0e2b\u0e0d\u0e48 / \u0e02\u0e22\u0e30\u0e2a\u0e48\u0e27\u0e19\u0e40\u0e01\u0e34\u0e19", "\u0e02\u0e2d\u0e43\u0e2b\u0e49\u0e0b\u0e48\u0e2d\u0e21\u0e41\u0e0b\u0e21 \u0e1a\u0e33\u0e23\u0e38\u0e07\u0e23\u0e31\u0e01\u0e29\u0e32 \u0e01\u0e25\u0e49\u0e2d\u0e07\u0e42\u0e17\u0e23\u0e17\u0e31\u0e28\u0e19\u0e4c\u0e27\u0e07\u0e08\u0e23\u0e1b\u0e34\u0e14 (CCTV)", "\u0e02\u0e2d\u0e43\u0e2b\u0e49\u0e14\u0e33\u0e40\u0e19\u0e34\u0e19\u0e01\u0e32\u0e23\u0e01\u0e31\u0e1a\u0e19\u0e01", "\u0e02\u0e2d\u0e43\u0e2b\u0e49\u0e14\u0e33\u0e40\u0e19\u0e34\u0e19\u0e01\u0e32\u0e23\u0e01\u0e31\u0e1a\u0e1c\u0e39\u0e49\u0e02\u0e31\u0e1a\u0e02\u0e35\u0e48\u0e23\u0e16 / \u0e08\u0e2d\u0e14\u0e23\u0e16\u0e1a\u0e19\u0e17\u0e32\u0e07\u0e40\u0e17\u0e49\u0e32", "\u0e02\u0e2d\u0e43\u0e2b\u0e49\u0e14\u0e33\u0e40\u0e19\u0e34\u0e19\u0e01\u0e32\u0e23\u0e01\u0e31\u0e1a\u0e1c\u0e39\u0e49\u0e08\u0e2d\u0e14\u0e23\u0e16\u0e01\u0e35\u0e14\u0e02\u0e27\u0e32\u0e07", "\u0e02\u0e2d\u0e43\u0e2b\u0e49\u0e14\u0e33\u0e40\u0e19\u0e34\u0e19\u0e01\u0e32\u0e23\u0e01\u0e31\u0e1a\u0e1c\u0e39\u0e49\u0e15\u0e31\u0e49\u0e07\u0e27\u0e32\u0e07\u0e2a\u0e34\u0e48\u0e07\u0e02\u0e2d\u0e07\u0e01\u0e35\u0e14\u0e02\u0e27\u0e32\u0e07", "\u0e02\u0e2d\u0e43\u0e2b\u0e49\u0e14\u0e33\u0e40\u0e19\u0e34\u0e19\u0e01\u0e32\u0e23\u0e01\u0e31\u0e1a\u0e1c\u0e39\u0e49\u0e40\u0e17\u0e19\u0e49\u0e33 \u0e19\u0e49\u0e33\u0e21\u0e31\u0e19 \u0e2b\u0e23\u0e37\u0e2d\u0e17\u0e34\u0e49\u0e07\u0e40\u0e28\u0e29\u0e2a\u0e34\u0e48\u0e07\u0e02\u0e2d\u0e07\u0e43\u0e19\u0e17\u0e48\u0e2d\u0e23\u0e30\u0e1a\u0e32\u0e22\u0e19\u0e49\u0e33", "\u0e02\u0e2d\u0e43\u0e2b\u0e49\u0e14\u0e33\u0e40\u0e19\u0e34\u0e19\u0e01\u0e32\u0e23\u0e01\u0e31\u0e1a\u0e22\u0e38\u0e07", "\u0e02\u0e2d\u0e43\u0e2b\u0e49\u0e14\u0e33\u0e40\u0e19\u0e34\u0e19\u0e01\u0e32\u0e23\u0e01\u0e31\u0e1a\u0e27\u0e31\u0e2a\u0e14\u0e38\u0e15\u0e01\u0e2b\u0e25\u0e48\u0e19\u0e1a\u0e19\u0e1c\u0e34\u0e27\u0e08\u0e23\u0e32\u0e08\u0e23", "\u0e02\u0e2d\u0e43\u0e2b\u0e49\u0e14\u0e33\u0e40\u0e19\u0e34\u0e19\u0e01\u0e32\u0e23\u0e01\u0e31\u0e1a\u0e2a\u0e38\u0e19\u0e31\u0e02", "\u0e02\u0e2d\u0e43\u0e2b\u0e49\u0e14\u0e33\u0e40\u0e19\u0e34\u0e19\u0e01\u0e32\u0e23\u0e01\u0e31\u0e1a\u0e2b\u0e19\u0e39", "\u0e02\u0e2d\u0e43\u0e2b\u0e49\u0e14\u0e33\u0e40\u0e19\u0e34\u0e19\u0e01\u0e32\u0e23\u0e01\u0e31\u0e1a\u0e41\u0e21\u0e27", "\u0e02\u0e2d\u0e43\u0e2b\u0e49\u0e14\u0e33\u0e40\u0e19\u0e34\u0e19\u0e01\u0e32\u0e23\u0e1c\u0e39\u0e49\u0e25\u0e31\u0e01\u0e25\u0e2d\u0e1a\u0e44\u0e1f\u0e1f\u0e49\u0e32", "\u0e02\u0e2d\u0e43\u0e2b\u0e49\u0e14\u0e33\u0e40\u0e19\u0e34\u0e19\u0e01\u0e32\u0e23\u0e23\u0e37\u0e49\u0e2d\u0e16\u0e2d\u0e19\u0e2a\u0e34\u0e48\u0e07\u0e01\u0e48\u0e2d\u0e2a\u0e23\u0e49\u0e32\u0e07\u0e23\u0e38\u0e01\u0e25\u0e49\u0e33\u0e17\u0e35\u0e48\u0e2a\u0e32\u0e18\u0e32\u0e23\u0e13\u0e30", "\u0e02\u0e2d\u0e43\u0e2b\u0e49\u0e14\u0e33\u0e40\u0e19\u0e34\u0e19\u0e01\u0e32\u0e23\u0e2a\u0e32\u0e22\u0e42\u0e17\u0e23\u0e28\u0e31\u0e1e\u0e17\u0e4c\u0e17\u0e35\u0e48\u0e44\u0e21\u0e48\u0e40\u0e1b\u0e47\u0e19\u0e23\u0e30\u0e40\u0e1a\u0e35\u0e22\u0e1a", "\u0e02\u0e2d\u0e43\u0e2b\u0e49\u0e14\u0e33\u0e40\u0e19\u0e34\u0e19\u0e01\u0e32\u0e23\u0e41\u0e01\u0e49\u0e44\u0e02\u0e2a\u0e32\u0e22\u0e44\u0e1f\u0e1f\u0e49\u0e32\u0e17\u0e35\u0e48\u0e44\u0e21\u0e48\u0e40\u0e1b\u0e47\u0e19\u0e23\u0e30\u0e40\u0e1a\u0e35\u0e22\u0e1a\u0e40\u0e23\u0e35\u0e22\u0e1a\u0e23\u0e49\u0e2d\u0e22 \u0e2b\u0e23\u0e37\u0e2d\u0e2d\u0e32\u0e08\u0e01\u0e48\u0e2d\u0e43\u0e2b\u0e49\u0e40\u0e01\u0e34\u0e14\u0e2d\u0e31\u0e19\u0e15\u0e23\u0e32\u0e22\u0e41\u0e01\u0e48\u0e1b\u0e23\u0e30\u0e0a\u0e32\u0e0a\u0e19", "\u0e02\u0e2d\u0e43\u0e2b\u0e49\u0e15\u0e31\u0e14\u0e41\u0e15\u0e48\u0e07\u0e15\u0e49\u0e19\u0e44\u0e21\u0e49 \u0e01\u0e34\u0e48\u0e07\u0e44\u0e21\u0e49", "\u0e02\u0e2d\u0e43\u0e2b\u0e49\u0e15\u0e34\u0e14\u0e15\u0e31\u0e49\u0e07 \u0e0b\u0e48\u0e2d\u0e21\u0e41\u0e0b\u0e21 \u0e40\u0e04\u0e25\u0e37\u0e48\u0e2d\u0e19\u0e22\u0e49\u0e32\u0e22 \u0e1b\u0e49\u0e32\u0e22\u0e08\u0e23\u0e32\u0e08\u0e23", "\u0e02\u0e2d\u0e43\u0e2b\u0e49\u0e15\u0e34\u0e14\u0e15\u0e31\u0e49\u0e07 \u0e0b\u0e48\u0e2d\u0e21\u0e41\u0e0b\u0e21 \u0e40\u0e04\u0e25\u0e37\u0e48\u0e2d\u0e19\u0e22\u0e49\u0e32\u0e22 \u0e40\u0e04\u0e23\u0e37\u0e48\u0e2d\u0e07\u0e2b\u0e21\u0e32\u0e22\u0e08\u0e23\u0e32\u0e08\u0e23", "\u0e02\u0e2d\u0e43\u0e2b\u0e49\u0e15\u0e34\u0e14\u0e15\u0e31\u0e49\u0e07 \u0e0b\u0e48\u0e2d\u0e21\u0e41\u0e0b\u0e21 \u0e40\u0e04\u0e25\u0e37\u0e48\u0e2d\u0e19\u0e22\u0e49\u0e32\u0e22\u0e2d\u0e38\u0e1b\u0e01\u0e23\u0e13\u0e4c\u0e04\u0e27\u0e32\u0e21\u0e1b\u0e25\u0e2d\u0e14\u0e20\u0e31\u0e22\u0e14\u0e49\u0e32\u0e19\u0e01\u0e32\u0e23\u0e08\u0e23\u0e32\u0e08\u0e23", "\u0e02\u0e2d\u0e43\u0e2b\u0e49\u0e15\u0e34\u0e14\u0e15\u0e31\u0e49\u0e07\u0e40\u0e04\u0e23\u0e37\u0e48\u0e2d\u0e07\u0e1b\u0e49\u0e2d\u0e07\u0e01\u0e31\u0e19\u0e1d\u0e38\u0e48\u0e19\u0e25\u0e30\u0e2d\u0e2d\u0e07\u0e41\u0e25\u0e30\u0e27\u0e31\u0e2a\u0e14\u0e38\u0e15\u0e01\u0e2b\u0e25\u0e48\u0e19 / \u0e40\u0e04\u0e23\u0e37\u0e48\u0e2d\u0e07\u0e1b\u0e49\u0e2d\u0e07\u0e01\u0e31\u0e19\u0e1d\u0e38\u0e48\u0e19\u0e25\u0e30\u0e2d\u0e2d\u0e07\u0e41\u0e25\u0e30\u0e27\u0e31\u0e2a\u0e14\u0e38\u0e15\u0e01\u0e2b\u0e25\u0e48\u0e19\u0e44\u0e21\u0e48\u0e44\u0e14\u0e49\u0e21\u0e32\u0e15\u0e23\u0e10\u0e32\u0e19", "\u0e02\u0e2d\u0e43\u0e2b\u0e49\u0e1a\u0e33\u0e23\u0e38\u0e07\u0e23\u0e31\u0e01\u0e29\u0e32\u0e15\u0e49\u0e19\u0e44\u0e21\u0e49", "\u0e02\u0e2d\u0e43\u0e2b\u0e49\u0e1b\u0e23\u0e31\u0e1a\u0e02\u0e19\u0e32\u0e14\u0e1d\u0e32\u0e17\u0e48\u0e2d\u0e23\u0e30\u0e1a\u0e32\u0e22\u0e19\u0e49\u0e33", "\u0e02\u0e2d\u0e43\u0e2b\u0e49\u0e1b\u0e23\u0e31\u0e1a\u0e23\u0e30\u0e14\u0e31\u0e1a\u0e02\u0e2d\u0e1a\u0e1a\u0e48\u0e2d\u0e1e\u0e31\u0e01\u0e23\u0e30\u0e1a\u0e32\u0e22\u0e19\u0e49\u0e33\u0e01\u0e31\u0e1a\u0e1c\u0e34\u0e27\u0e16\u0e19\u0e19", "\u0e02\u0e2d\u0e43\u0e2b\u0e49\u0e1e\u0e34\u0e08\u0e32\u0e23\u0e13\u0e32\u0e14\u0e33\u0e40\u0e19\u0e34\u0e19\u0e01\u0e32\u0e23\u0e41\u0e01\u0e49\u0e44\u0e02\u0e1b\u0e31\u0e0d\u0e2b\u0e32\u0e08\u0e23\u0e32\u0e08\u0e23\u0e15\u0e34\u0e14\u0e02\u0e31\u0e14", "\u0e02\u0e2d\u0e43\u0e2b\u0e49\u0e21\u0e35\u0e01\u0e32\u0e23\u0e01\u0e48\u0e2d\u0e2a\u0e23\u0e49\u0e32\u0e07\u0e16\u0e19\u0e19", "\u0e02\u0e2d\u0e43\u0e2b\u0e49\u0e21\u0e35\u0e01\u0e32\u0e23\u0e01\u0e48\u0e2d\u0e2a\u0e23\u0e49\u0e32\u0e07\u0e1a\u0e32\u0e17\u0e27\u0e34\u0e16\u0e35", "\u0e02\u0e2d\u0e43\u0e2b\u0e49\u0e21\u0e35\u0e01\u0e32\u0e23\u0e0b\u0e48\u0e2d\u0e21\u0e41\u0e0b\u0e21\u0e1a\u0e32\u0e17\u0e27\u0e34\u0e16\u0e35", "\u0e02\u0e2d\u0e43\u0e2b\u0e49\u0e21\u0e35\u0e01\u0e32\u0e23\u0e1b\u0e23\u0e31\u0e1a\u0e1b\u0e23\u0e38\u0e07\u0e0b\u0e48\u0e2d\u0e21\u0e41\u0e0b\u0e21\u0e16\u0e19\u0e19", "\u0e02\u0e2d\u0e43\u0e2b\u0e49\u0e22\u0e49\u0e32\u0e22\u0e08\u0e38\u0e14\u0e17\u0e34\u0e49\u0e07\u0e02\u0e22\u0e30", "\u0e02\u0e2d\u0e43\u0e2b\u0e49\u0e40\u0e01\u0e47\u0e1a\u0e02\u0e22\u0e30 \u0e27\u0e31\u0e0a\u0e1e\u0e37\u0e0a \u0e43\u0e19\u0e04\u0e39\u0e04\u0e25\u0e2d\u0e07", "\u0e02\u0e2d\u0e43\u0e2b\u0e49\u0e40\u0e01\u0e47\u0e1a\u0e0b\u0e32\u0e01\u0e23\u0e16\u0e40\u0e01\u0e48\u0e32", "\u0e02\u0e2d\u0e43\u0e2b\u0e49\u0e40\u0e1b\u0e34\u0e14 \u2013 \u0e1b\u0e34\u0e14\u0e1b\u0e23\u0e30\u0e15\u0e39\u0e23\u0e30\u0e1a\u0e32\u0e22\u0e19\u0e49\u0e33", "\u0e02\u0e2d\u0e43\u0e2b\u0e49\u0e40\u0e1e\u0e34\u0e48\u0e21\u0e1e\u0e37\u0e49\u0e19\u0e17\u0e35\u0e48\u0e2a\u0e35\u0e40\u0e02\u0e35\u0e22\u0e27", "\u0e02\u0e2d\u0e43\u0e2b\u0e49\u0e40\u0e23\u0e48\u0e07\u0e1b\u0e23\u0e31\u0e1a\u0e1b\u0e23\u0e38\u0e07\u0e17\u0e48\u0e2d\u0e23\u0e49\u0e2d\u0e22\u0e2a\u0e32\u0e22", "\u0e02\u0e2d\u0e43\u0e2b\u0e49\u0e41\u0e01\u0e49\u0e44\u0e02\u0e1b\u0e31\u0e0d\u0e2b\u0e32\u0e19\u0e49\u0e33\u0e17\u0e48\u0e27\u0e21", "\u0e02\u0e2d\u0e43\u0e2b\u0e49\u0e41\u0e01\u0e49\u0e44\u0e02\u0e1b\u0e31\u0e0d\u0e2b\u0e32\u0e19\u0e49\u0e33\u0e40\u0e19\u0e48\u0e32\u0e40\u0e2b\u0e21\u0e47\u0e19", "\u0e02\u0e2d\u0e43\u0e2b\u0e49\u0e41\u0e01\u0e49\u0e44\u0e02\u0e1b\u0e31\u0e0d\u0e2b\u0e32\u0e43\u0e19\u0e2a\u0e27\u0e19\u0e2a\u0e32\u0e18\u0e32\u0e23\u0e13\u0e30", "\u0e02\u0e2d\u0e44\u0e1f\u0e1f\u0e49\u0e32", "\u0e02\u0e36\u0e49\u0e19\u0e17\u0e30\u0e40\u0e1a\u0e35\u0e22\u0e19&\u0e2a\u0e33\u0e23\u0e27\u0e08", "\u0e02\u0e49\u0e2d\u0e40\u0e2a\u0e19\u0e2d\u0e41\u0e19\u0e30", "\u0e04\u0e19\u0e40\u0e23\u0e48\u0e23\u0e48\u0e2d\u0e19", "\u0e04\u0e27\u0e31\u0e19", "\u0e04\u0e27\u0e31\u0e19\u0e14\u0e33", "\u0e04\u0e27\u0e32\u0e21\u0e1b\u0e25\u0e2d\u0e14\u0e20\u0e31\u0e22", "\u0e04\u0e27\u0e32\u0e21\u0e2a\u0e30\u0e2d\u0e32\u0e14", "\u0e08\u0e23\u0e32\u0e08\u0e23", "\u0e08\u0e38\u0e14\u0e40\u0e2a\u0e35\u0e48\u0e22\u0e07", "\u0e15\u0e49\u0e19\u0e44\u0e21\u0e49", "\u0e15\u0e49\u0e19\u0e44\u0e21\u0e49, \u0e01\u0e34\u0e48\u0e07\u0e44\u0e21\u0e49\u0e17\u0e35\u0e48\u0e40\u0e2d\u0e19\u0e25\u0e49\u0e33\u0e40\u0e02\u0e49\u0e32\u0e21\u0e32\u0e43\u0e19\u0e1c\u0e34\u0e27\u0e08\u0e23\u0e32\u0e08\u0e23", "\u0e15\u0e49\u0e19\u0e44\u0e21\u0e49\u0e25\u0e49\u0e21/\u0e01\u0e34\u0e48\u0e07\u0e44\u0e21\u0e49\u0e2b\u0e31\u0e01\u0e01\u0e35\u0e14\u0e02\u0e27\u0e32\u0e07\u0e17\u0e32\u0e07\u0e2a\u0e31\u0e0d\u0e08\u0e23", "\u0e15\u0e49\u0e19\u0e44\u0e21\u0e49\u0e25\u0e49\u0e21/\u0e01\u0e34\u0e48\u0e07\u0e44\u0e21\u0e49\u0e2b\u0e31\u0e01\u0e17\u0e31\u0e1a\u0e1a\u0e49\u0e32\u0e19\u0e40\u0e23\u0e37\u0e2d\u0e19\u0e1b\u0e23\u0e30\u0e0a\u0e32\u0e0a\u0e19", "\u0e15\u0e49\u0e19\u0e44\u0e21\u0e49\u0e41\u0e25\u0e30\u0e2a\u0e27\u0e19\u0e2a\u0e32\u0e18\u0e32\u0e23\u0e13\u0e30", "\u0e16\u0e19\u0e19", "\u0e16\u0e31\u0e07\u0e14\u0e31\u0e1a\u0e40\u0e1e\u0e25\u0e34\u0e07/\u0e1b\u0e23\u0e30\u0e1b\u0e32\u0e2b\u0e31\u0e27\u0e41\u0e14\u0e07", "\u0e16\u0e31\u0e07\u0e23\u0e2d\u0e07\u0e23\u0e31\u0e1a\u0e02\u0e22\u0e30\u0e44\u0e21\u0e48\u0e40\u0e1e\u0e35\u0e22\u0e07\u0e1e\u0e2d", "\u0e17\u0e32\u0e07\u0e40\u0e17\u0e49\u0e32", "\u0e17\u0e34\u0e49\u0e07\u0e02\u0e22\u0e30\u0e44\u0e21\u0e48\u0e15\u0e23\u0e07\u0e40\u0e27\u0e25\u0e32", "\u0e17\u0e34\u0e49\u0e07\u0e02\u0e22\u0e30\u0e44\u0e21\u0e48\u0e16\u0e39\u0e01\u0e17\u0e35\u0e48", "\u0e17\u0e35\u0e48\u0e1e\u0e31\u0e01\u0e1c\u0e39\u0e49\u0e42\u0e14\u0e22\u0e2a\u0e32\u0e23", "\u0e17\u0e38\u0e08\u0e23\u0e34\u0e15", "\u0e17\u0e48\u0e2d\u0e23\u0e30\u0e1a\u0e32\u0e22\u0e19\u0e49\u0e33", "\u0e19\u0e49\u0e33\u0e02\u0e22\u0e30\u0e23\u0e31\u0e48\u0e27\u0e44\u0e2b\u0e25", "\u0e19\u0e49\u0e33\u0e17\u0e48\u0e27\u0e21", "\u0e19\u0e49\u0e33\u0e21\u0e31\u0e19\u0e2b\u0e01\u0e23\u0e32\u0e14\u0e25\u0e07\u0e1a\u0e19\u0e1c\u0e34\u0e27\u0e08\u0e23\u0e32\u0e08\u0e23", "\u0e1a\u0e23\u0e34\u0e01\u0e32\u0e23\u0e2a\u0e32\u0e18\u0e32\u0e23\u0e13\u0e30\u0e02\u0e2d\u0e07\u0e2b\u0e19\u0e48\u0e27\u0e22\u0e07\u0e32\u0e19\u0e43\u0e19\u0e2a\u0e31\u0e07\u0e01\u0e31\u0e14\u0e01\u0e23\u0e38\u0e07\u0e40\u0e17\u0e1e\u0e21\u0e2b\u0e32\u0e19\u0e04\u0e23", "\u0e1a\u0e32\u0e17\u0e27\u0e34\u0e16\u0e35", "\u0e1b\u0e23\u0e30\u0e1b\u0e32", "\u0e1b\u0e23\u0e31\u0e1a\u0e1b\u0e23\u0e38\u0e07\u0e2a\u0e16\u0e32\u0e19\u0e17\u0e35\u0e48\u0e43\u0e2b\u0e49\u0e1a\u0e23\u0e34\u0e01\u0e32\u0e23\u0e02\u0e2d\u0e07\u0e01\u0e23\u0e38\u0e07\u0e40\u0e17\u0e1e\u0e21\u0e2b\u0e32\u0e19\u0e04\u0e23", "\u0e1b\u0e25\u0e48\u0e2d\u0e22\u0e2a\u0e34\u0e48\u0e07\u0e1b\u0e0f\u0e34\u0e01\u0e39\u0e25\u0e25\u0e07\u0e17\u0e48\u0e2d\u0e23\u0e30\u0e1a\u0e32\u0e22\u0e19\u0e49\u0e33 / \u0e41\u0e2b\u0e25\u0e48\u0e07\u0e19\u0e49\u0e33\u0e2a\u0e32\u0e18\u0e32\u0e23\u0e13\u0e30", "\u0e1b\u0e31\u0e0d\u0e2b\u0e32\u0e04\u0e27\u0e32\u0e21\u0e40\u0e14\u0e37\u0e2d\u0e14\u0e23\u0e49\u0e2d\u0e19\u0e08\u0e32\u0e01\u0e01\u0e32\u0e23\u0e14\u0e33\u0e40\u0e19\u0e34\u0e19\u0e01\u0e32\u0e23\u0e02\u0e2d\u0e07\u0e23\u0e31\u0e10", "\u0e1b\u0e31\u0e0d\u0e2b\u0e32\u0e17\u0e35\u0e48\u0e2a\u0e48\u0e07\u0e1c\u0e25\u0e01\u0e23\u0e30\u0e17\u0e1a\u0e01\u0e31\u0e1a\u0e01\u0e32\u0e23\u0e08\u0e23\u0e32\u0e08\u0e23", "\u0e1b\u0e31\u0e0d\u0e2b\u0e32\u0e40\u0e01\u0e35\u0e48\u0e22\u0e27\u0e01\u0e31\u0e1a\u0e01\u0e32\u0e23\u0e17\u0e33\u0e23\u0e49\u0e32\u0e22\u0e23\u0e48\u0e32\u0e07\u0e01\u0e32\u0e22 / \u0e08\u0e34\u0e15\u0e43\u0e08", "\u0e1b\u0e31\u0e0d\u0e2b\u0e32\u0e40\u0e14\u0e37\u0e2d\u0e14\u0e23\u0e49\u0e2d\u0e19\u0e08\u0e32\u0e01\u0e01\u0e32\u0e23\u0e01\u0e48\u0e2d\u0e2a\u0e23\u0e49\u0e32\u0e07\u0e2d\u0e32\u0e04\u0e32\u0e23", "\u0e1b\u0e49\u0e32\u0e22\u0e42\u0e06\u0e29\u0e13\u0e32", "\u0e1c\u0e34\u0e14\u0e01\u0e0e\u0e08\u0e23\u0e32\u0e08\u0e23", "\u0e1c\u0e34\u0e14\u0e01\u0e0f\u0e08\u0e23\u0e32\u0e08\u0e23", "\u0e1c\u0e34\u0e27\u0e08\u0e23\u0e32\u0e08\u0e23\u0e17\u0e35\u0e48\u0e40\u0e1b\u0e47\u0e19\u0e2b\u0e25\u0e38\u0e21\u0e40\u0e1b\u0e47\u0e19\u0e1a\u0e48\u0e2d", "\u0e1c\u0e39\u0e49\u0e1e\u0e34\u0e01\u0e32\u0e23+\u0e43\u0e0a\u0e49\u0e25\u0e49\u0e2d", "\u0e1d\u0e32\u0e17\u0e48\u0e2d\u0e23\u0e30\u0e1a\u0e32\u0e22\u0e19\u0e49\u0e33\u0e0a\u0e33\u0e23\u0e38\u0e14", "\u0e1d\u0e38\u0e48\u0e19\u0e04\u0e27\u0e31\u0e19&\u0e01\u0e25\u0e34\u0e48\u0e19&PM2.5", "\u0e1d\u0e38\u0e48\u0e19\u0e25\u0e30\u0e2d\u0e2d\u0e07", "\u0e20\u0e31\u0e22\u0e2d\u0e2d\u0e19\u0e44\u0e25\u0e19\u0e4c", "\u0e20\u0e31\u0e22\u0e2d\u0e37\u0e48\u0e19\u0e46", "\u0e22\u0e32\u0e40\u0e2a\u0e1e\u0e15\u0e34\u0e14", "\u0e27\u0e34\u0e19\u0e21\u0e2d\u0e44\u0e0b\u0e04\u0e4c", "\u0e2a\u0e30\u0e1e\u0e32\u0e19", "\u0e2a\u0e31\u0e15\u0e27\u0e4c", "\u0e2a\u0e31\u0e15\u0e27\u0e4c\u0e40\u0e25\u0e37\u0e49\u0e2d\u0e22\u0e04\u0e25\u0e32\u0e19", "\u0e2a\u0e32\u0e18\u0e32\u0e23\u0e13\u0e39\u0e1b\u0e42\u0e20\u0e04", "\u0e2a\u0e32\u0e22\u0e2a\u0e37\u0e48\u0e2d\u0e2a\u0e32\u0e23", "\u0e2a\u0e34\u0e48\u0e07\u0e2d\u0e33\u0e19\u0e27\u0e22\u0e04\u0e27\u0e32\u0e21\u0e2a\u0e30\u0e14\u0e27\u0e01\u0e43\u0e19\u0e2a\u0e16\u0e32\u0e19\u0e17\u0e35\u0e48\u0e23\u0e32\u0e0a\u0e01\u0e32\u0e23\u0e01\u0e23\u0e38\u0e07\u0e40\u0e17\u0e1e\u0e21\u0e2b\u0e32\u0e19\u0e04\u0e23", "\u0e2a\u0e38\u0e02\u0e20\u0e32\u0e1e & \u0e1a\u0e31\u0e15\u0e23\u0e17\u0e2d\u0e07", "\u0e2d\u0e32\u0e04\u0e32\u0e23", "\u0e2d\u0e32\u0e04\u0e32\u0e23\u0e2a\u0e16\u0e32\u0e19\u0e17\u0e35\u0e48\u0e0a\u0e33\u0e23\u0e38\u0e14", "\u0e2d\u0e37\u0e48\u0e19\u0e46", "\u0e2d\u0e38\u0e1a\u0e31\u0e15\u0e34\u0e40\u0e2b\u0e15\u0e38", "\u0e2d\u0e38\u0e1b\u0e01\u0e23\u0e13\u0e4c\u0e0a\u0e33\u0e23\u0e38\u0e14", "\u0e40\u0e01\u0e49\u0e32\u0e2d\u0e35\u0e49\u0e19\u0e31\u0e48\u0e07\u0e20\u0e32\u0e22\u0e43\u0e19\u0e17\u0e35\u0e48\u0e1e\u0e31\u0e01\u0e1c\u0e39\u0e49\u0e42\u0e14\u0e22\u0e2a\u0e32\u0e23", "\u0e40\u0e02\u0e37\u0e48\u0e2d\u0e19 \u0e04\u0e39\u0e04\u0e25\u0e2d\u0e07", "\u0e40\u0e1c\u0e32\u0e43\u0e19\u0e17\u0e35\u0e48\u0e42\u0e25\u0e48\u0e07", "\u0e40\u0e23\u0e37\u0e48\u0e2d\u0e07\u0e23\u0e49\u0e2d\u0e07\u0e17\u0e38\u0e01\u0e02\u0e4c\u0e1b\u0e23\u0e30\u0e40\u0e20\u0e17\u0e2d\u0e37\u0e48\u0e19 \u0e46 - \u0e40\u0e23\u0e37\u0e48\u0e2d\u0e07\u0e23\u0e49\u0e2d\u0e07\u0e40\u0e23\u0e35\u0e22\u0e19\u0e17\u0e35\u0e48\u0e44\u0e21\u0e48\u0e2a\u0e32\u0e21\u0e32\u0e23\u0e16\u0e08\u0e31\u0e14\u0e40\u0e02\u0e49\u0e32\u0e1b\u0e23\u0e30\u0e40\u0e20\u0e17\u0e43\u0e14", "\u0e40\u0e28\u0e29\u0e27\u0e31\u0e2a\u0e14\u0e38\u0e15\u0e01\u0e2b\u0e25\u0e48\u0e19\u0e25\u0e07\u0e1a\u0e19\u0e1c\u0e34\u0e27\u0e08\u0e23\u0e32\u0e08\u0e23 \u0e40\u0e0a\u0e48\u0e19 \u0e17\u0e23\u0e32\u0e22 \u0e14\u0e34\u0e19 \u0e41\u0e25\u0e30\u0e2d\u0e37\u0e48\u0e19 \u0e46", "\u0e40\u0e2a\u0e19\u0e2d\u0e41\u0e19\u0e30", "\u0e40\u0e2a\u0e32\u0e44\u0e1f\u0e1f\u0e49\u0e32\u0e25\u0e49\u0e21/\u0e40\u0e2d\u0e35\u0e22\u0e07", "\u0e40\u0e2a\u0e35\u0e22\u0e07", "\u0e40\u0e2b\u0e15\u0e38\u0e40\u0e14\u0e37\u0e2d\u0e14\u0e23\u0e49\u0e2d\u0e19\u0e23\u0e33\u0e04\u0e32\u0e0d", "\u0e41\u0e08\u0e49\u0e07\u0e17\u0e48\u0e2d\u0e1b\u0e23\u0e30\u0e1b\u0e32\u0e41\u0e15\u0e01 / \u0e44\u0e21\u0e48\u0e44\u0e2b\u0e25", "\u0e41\u0e17\u0e47\u0e01\u0e0b\u0e35\u0e48/\u0e23\u0e16\u0e40\u0e21\u0e25\u0e4c", "\u0e41\u0e2a\u0e07", "\u0e42\u0e04\u0e23\u0e07\u0e01\u0e32\u0e23 / \u0e19\u0e42\u0e22\u0e1a\u0e32\u0e22\u0e02\u0e2d\u0e07\u0e23\u0e31\u0e10", "\u0e42\u0e17\u0e23\u0e28\u0e31\u0e1e\u0e17\u0e4c", "\u0e42\u0e23\u0e07\u0e40\u0e23\u0e35\u0e22\u0e19", "\u0e44\u0e1f\u0e1f\u0e49\u0e32", "\u0e44\u0e21\u0e48\u0e21\u0e35\u0e16\u0e31\u0e07\u0e23\u0e2d\u0e07\u0e23\u0e31\u0e1a\u0e02\u0e22\u0e30"]]
