tree
version=v4
num_class=1
num_tree_per_iteration=1
label_index=0
max_feature_idx=10
objective=regression_l1
feature_names=district main_type sub_category predicted_dept severity comment_len day_of_week is_weekend month is_rainy_season hour
feature_infos=-1:4:32:29:27:30:18:17:2:50:46:36:31:13:26:15:47:7:49:44:55:20:1:54:58:51:41:34:42:25:9:19:56:5:57:35:21:52:59:6:43:3:38:10:11:8:23:45:0:16:53:63:37:14 -1:25:55:66:22:17:16:15:48:6:40:29:1:7:20:70:34:65:2:28:0:21:62:64:18:36:58:53:47:12:37:13:59:33:54:8:35:5:31:39:60:30:68:49:45:38:67:32:9:26:3:46:11:44:4:23:27:14:42:57:69:10:50:61:51:63:43:41 -1:127:192:113:121:111:205:110:13:164:136:116:218:3:20:14:38:102:200:203:4:114:152:195:52:108:79:106:178:29:16:36:104:155:165:161:43:206:37:30:148:191:18:130:147:137:2:142:151:160:198:190:45:99:182:133:216:202:47:176:40:139:120:33:140:69:118:41:72:157:156:12:143:56:77:141:55:209:11:86:57:96:24:35:63:85:59:28:58:54:103:219:163:39:5:100:119:123:91:82:171:34:0:15:87:8:211:53:78:101:61:197:21:66:122:132:145:109:10:117:181:135:185:31:49:83:146:210:19:50:9:7:65:172:32:129:208:46:153:128:25:214:70:73:144:167:177:22:48:162:194:217:44:154:75:124:131:186:204:89:95:196:6:149:27:159:188:92:51:94:68:184:199:26:74:138:180:98:150:201:107:168:212:1:23:64:71:76:81:158:60:88:187:42:90:105:134:166:174:175:17:62:93:97:170:179:215 -1:5:4:8:2:3:6:1:7 [1:5] [0:9956] [0:6] [0:1] [1:12] [0:1] [0:23]
tree_sizes=4098 4249 4384 5006 4843 4729 4786 4671 4398 4795 4815 4782 4890 4368 4654 4640 4371 4825 4425 4662 4849 4821 4303 4801 4425 4820 4899 4852 4695 4359 4723 4269 4415 4795 4689 4878 4955 4934 4870 4957 4811 4373 5001 4732 4745 4827 4310 4704 4845 4889 4404 5050 4929 4372 4986 5036 4395 5039 4467 5106 4876 4986 4700 4473 4387 4888 4710 5016 4888 4466 4752 5048 5010 4436 5165 5072 5106 5221 4960 5156 5115 4845 4763 4442 5199 5218 4949 5028 4974 5119 4485 5023 5044 5072 4479 5072 5023 5213 5184 4320 4871 4503 4977 4475 5028 4417 5132 5201 4860 4418 5093 4503 5072 5169 4845 5001 5068 4800 4414 4466 4917 4785 5211 4990 4371 5209 5117 4322 4401 5215 4426 4478 4881 4678 5171 5139 4546 4406 4358 5125 5144 4440 4933 4990 4954 4673 4836 4250 4433 5129 5236 4647 5027 5109 4592 4638 4438 4821 5128 4757 4750 4459 4295 4282 4984 4725 4507 4762 4369 4633 4748 4255 5006 5105 4779 4978 4491 4767 4582 4449 4603 4859

Tree=0
num_leaves=45
num_cat=37
split_feature=3 0 0 1 1 1 1 0 3 1 1 1 0 0 0 0 8 0 1 6 8 0 3 0 1 0 0 0 1 5 3 0 0 0 3 1 0 6 0 1 6 6 3 3
split_gain=9180.6 3395.87 2091.86 1292.97 865.877 815.976 528.899 498.793 409.501 386.258 377.047 300.584 286.239 276.719 262.462 249.967 212.679 204.271 201.524 188.176 183.199 154.29 152.137 151.531 145.548 140.768 136.701 134.904 142.54 134.247 133.311 214.553 132.283 123.681 116.58 112.226 105.779 103.488 91.8613 90.0492 87.4898 83.6404 80.7481 78.8379
threshold=0 1 2 3 4 5 6 7 8 9 10 11 12 13 14 15 9.5000000000000018 16 17 1.5000000000000002 3.5000000000000004 18 19 20 21 22 23 24 25 98.500000000000014 26 27 28 29 30 31 32 4.5000000000000009 33 34 4.5000000000000009 1.5000000000000002 35 36
decision_type=9 9 9 9 9 9 9 9 9 9 9 9 9 9 9 9 2 9 9 2 2 9 9 9 9 9 9 9 9 2 9 9 9 9 9 9 9 2 9 9 2 2 9 9
left_child=1 5 6 8 23 17 36 27 13 25 38 -8 41 24 16 42 -10 35 -5 -14 -12 -18 -19 39 -3 -6 34 -7 -29 -17 31 -22 -32 -24 -20 -1 -2 -21 -9 -4 -16 -11 -13 -41
right_child=2 3 4 18 9 7 11 10 14 12 20 15 19 -15 40 29 21 22 26 37 30 -23 33 -25 -26 -27 -28 28 -30 -31 32 -33 -34 -35 -36 -37 -38 -39 -40 43 -42 -43 -44 -45
leaf_value=1.5611841171979903 1.5538021475076675 1.5453870564699173 1.5413068950176239 1.5794620543718338 1.5918108820915222 1.5892031252384187 1.584878957271576 1.6302721977233887 1.5413349330425263 1.5980278372764587 1.5438917428255081 1.5489526897668839 1.5838788747787476 1.5616828620433807 1.5283365309238435 1.5613797098398208 1.5530362248420715 1.5583343088626862 1.5410988867282867 1.587324047088623 1.5403785318136216 1.5196749091148376 1.541424536705017 1.5766217172145844 1.5212825983762741 1.6196698725223542 1.5438810944557191 1.5934405922889709 1.5689943850040435 1.5751414686441421 1.5810347378253937 1.5624860823154449 1.5555365264415741 1.5209297746419908 1.5663838863372803 1.5305338218808173 1.5200795590877534 1.5770680785179139 1.5768426418304444 1.5748469889163972 1.5255947858095169 1.600388264656067 1.5803279101848602 1.5491352677345276
leaf_weight=3864 616 2744 1362 1886 2044 2782 4021 481 8425 4327 3880 4604 6061 2956 13827 6516 591 1136 1140 8906 2538 3099 2675 5306 2696 7078 6820 2929 7375 7230 3138 5092 3037 1944 3734 878 1740 4969 4785 1263 5942 10185 477 627
leaf_count=3864 616 2744 1362 1886 2044 2782 4021 481 8425 4327 3880 4604 6061 2956 13827 6516 591 1136 1140 8906 2538 3099 2675 5306 2696 7078 6820 2929 7375 7230 3138 5092 3037 1944 3734 878 1740 4969 4785 1263 5942 10185 477 627
internal_value=1.56296 1.55298 1.57591 1.54444 1.58162 1.56288 1.56408 1.56645 1.53994 1.58448 1.56201 1.5664 1.58204 1.54981 1.53734 1.56375 1.5432 1.55062 1.55779 1.57813 1.55851 1.53317 1.54428 1.56707 1.54312 1.59366 1.55534 1.57424 1.57158 1.56725 1.56121 1.55679 1.56667 1.54024 1.56175 1.55833 1.54157 1.58135 1.57374 1.55857 1.53376 1.5874 1.55429 1.56564
internal_weight=177726 100394 77332 53860 52128 46534 25204 36037 40280 43570 22951 22848 34448 8396 31884 18827 12115 10497 13580 19936 17685 3690 5755 8558 5440 9122 11694 13086 10304 13746 13805 7630 6175 4619 4874 4742 2356 13875 5266 3252 19769 14512 5081 1890
internal_count=177726 100394 77332 53860 52128 46534 25204 36037 40280 43570 22951 22848 34448 8396 31884 18827 12115 10497 13580 19936 17685 3690 5755 8558 5440 9122 11694 13086 10304 13746 13805 7630 6175 4619 4874 4742 2356 13875 5266 3252 19769 14512 5081 1890
cat_boundaries=0 1 3 5 8 11 13 15 17 18 21 24 27 29 31 33 35 37 40 42 43 45 48 50 52 53 56 57 58 60 62 63 65 67 69 70 71 72
cat_threshold=404 2183594193 135713869 612904709 237115392 4064354515 411051292 4 1887568649 268566533 8 1610682561 1342177424 805306369 131072 2149646464 134529088 384 2214592582 6361218 66 203833380 36962 26 70267558 6406291 89 3257008200 9486401 201367584 25698816 210764576 78120960 8916480 2097152 2181103824 135270464 134217764 53346 80 8388864 524288 16 3355443232 5538392 2151677952 8388620 4 3221258272 4227612 1216382500 71305728 2147483648 7471140 6357058 88 16 33816592 393297 1049600 393216 49157 16 69824 1073741824 536871168 203423744 0 4096 536870913 40 40
is_linear=0
shrinkage=1


Tree=1
num_leaves=45
num_cat=25
split_feature=3 0 0 3 0 0 0 0 0 5 6 8 8 3 0 0 8 3 8 8 3 0 0 3 8 6 6 6 5 5 5 6 0 3 8 3 0 0 5 0 6 0 8 0
split_gain=8346.41 3099.33 1877.49 834.431 462.653 362.154 346.199 343.943 286.857 214.69 212.547 195.65 176.695 234.309 242.689 189.456 208.95 175.976 173.323 172.472 166.786 145.598 123.587 123.262 117.71 105.041 98.53 99.8589 96.7153 87.4984 92.0331 85.7415 84.5678 102.06 79.3614 77.804 188.566 75.4281 75.0789 69.3473 68.6627 67.65 67.6111 67.3161
threshold=0 1 2 3 4 5 6 7 8 1.0000000180025095e-35 1.5000000000000002 10.500000000000002 3.5000000000000004 9 10 11 7.5000000000000009 12 9.5000000000000018 9.5000000000000018 13 14 15 16 7.5000000000000009 4.5000000000000009 1.5000000000000002 4.5000000000000009 1.0000000180025095e-35 1.0000000180025095e-35 66.500000000000014 4.5000000000000009 17 18 10.500000000000002 19 20 21 1.0000000180025095e-35 22 1.5000000000000002 23 11.500000000000002 24
decision_type=9 9 9 9 9 9 9 9 9 2 2 2 2 9 9 9 2 9 2 2 9 9 9 9 2 2 2 2 2 2 2 2 9 9 2 9 9 9 2 9 2 9 2 9
left_child=1 4 8 6 35 20 34 28 17 18 -7 -8 21 14 -14 42 -17 -2 -6 29 -4 -11 -21 -12 -16 -25 -10 -28 -5 -9 -31 32 33 -30 38 36 -1 -36 -3 -13 -34 -22 -15 -20
right_child=2 3 5 7 9 10 11 19 26 12 23 39 13 15 24 16 -18 -19 43 22 41 -23 -24 25 -26 -27 27 -29 31 30 -32 -33 40 -35 37 -37 -38 -39 -40 -41 -42 -43 -44 -45
leaf_value=0.028887259662151332 -0.017478686124086384 0.021208226531744003 0.0068900790810584979 0.00065843448042869352 0.040215481519699094 0.018847939074039463 -0.0090829035639762856 0.013663686588406561 -0.0030490073561668441 0.00060648709535598977 0.0024012613296508834 0.068818754702806476 -0.0093996652960777315 -0.0019638966023921957 0.0063588938117027267 -0.0027943319827318184 -0.020922783911228184 0.022019342780113218 -0.015260558128356938 -0.015412217676639563 0.029055947065353395 -0.020245102792978288 -0.037734167277812959 0.023517732620239262 0.047130016088485716 0.015649790167808531 0.011429158896207815 0.00085846588015556788 0.014868662357330321 -0.024324536621570594 -0.014679605066776281 -0.03601178005337715 -0.038111149072647101 -0.037199557125568397 0.024523160904645919 0.0084327396750450093 0.0044385322928428674 -0.02237443208694458 -0.025479318052530286 0.012635783404111861 -0.027964762151241308 0.042347553074359889 0.017740324437618256 0.023628885746002193
leaf_weight=2170 5499 168 1393 318 1184 7878 5221 204 5633 2194 1445 682 3586 8424 2246 4510 5669 814 413 1523 10711 5169 4000 10342 3230 5604 8319 4939 327 5142 8119 5739 4974 839 576 4245 2206 872 6757 912 7487 14755 1010 278
leaf_count=2170 5499 168 1393 318 1184 7878 5221 204 5633 2194 1445 682 3586 8424 2246 4510 5669 814 413 1523 10711 5169 4000 10342 3230 5604 8319 4939 327 5142 8119 5739 4974 839 576 4245 2206 872 6757 912 7487 14755 1010 278
internal_value=-0.000166549 -0.00967591 0.0121784 -0.0178411 -0.000223444 0.0175956 -0.00789578 -0.021744 0.000971682 -0.00260132 0.0132818 0.00047619 -0.00346024 -0.00168614 0.00496032 -0.00475717 -0.00948572 -0.00824767 0.0138933 -0.0169123 0.0216476 -0.0103694 -0.0243618 0.0163734 0.0115749 0.017636 0.00405534 0.00641122 -0.0263938 -0.0138693 -0.0143692 -0.0268563 -0.0246973 -0.0114796 -0.0147024 0.0102248 0.0149111 -0.00407459 -0.0169458 0.0158093 -0.0259041 0.0225742 0.000349428 -0.00600579
internal_weight=177726 100394 77332 53860 46534 52128 15188 38672 25204 37913 25269 6815 36038 28675 9062 19613 10179 6313 1875 18988 26859 7363 5523 17391 5476 15946 18891 13258 19684 13465 13261 19366 13627 1166 8373 8621 4376 1448 6925 1594 12461 25466 9434 691
internal_count=177726 100394 77332 53860 46534 52128 15188 38672 25204 37913 25269 6815 36038 28675 9062 19613 10179 6313 1875 18988 26859 7363 5523 17391 5476 15946 18891 13258 19684 13465 13261 19366 13627 1166 8373 8621 4376 1448 6925 1594 12461 25466 9434 691
cat_boundaries=0 1 3 5 6 8 10 12 14 16 17 19 21 22 23 25 27 28 29 30 31 32 34 36 38 40
cat_threshold=404 2183594193 135713869 612904709 237115392 384 2147549312 134217792 35782746 9716801 201367552 21504512 1611148302 33556496 8915456 2097152 256 35651585 131077 2228289 1445892 40 64 2097216 311304 8421664 524288 64 1073741824 4 16 2147549184 67117056 4719104 527884 2099200 26 262208 0 1
is_linear=0
shrinkage=0.05


Tree=2
num_leaves=45
num_cat=41
split_feature=3 0 0 1 1 1 1 0 1 0 1 0 1 1 0 3 0 0 1 1 0 0 0 3 8 0 0 1 1 5 1 3 3 1 0 3 0 0 0 0 0 8 1 1
split_gain=7555.59 2931.81 1652.48 1174.46 751.616 696.469 560.938 442.105 332.85 265.926 259.971 271.876 250.103 217.625 215.853 206.438 193.941 172.542 161.27 144.952 204.36 140.517 134.016 132.509 226.486 142.087 132.331 159.132 128.382 124.728 123.565 138.522 123.233 268.41 225.02 119.59 136.404 115.907 110.223 104.15 100.263 100.203 97.8638 96.2024
threshold=0 1 2 3 4 5 6 7 8 9 10 11 12 13 14 15 16 17 18 19 20 21 22 23 10.500000000000002 24 25 26 27 98.500000000000014 28 29 30 31 32 33 34 35 36 37 38 4.5000000000000009 39 40
decision_type=9 9 9 9 9 9 9 9 9 9 9 9 9 9 9 9 9 9 9 9 9 9 9 9 2 9 9 9 9 2 9 9 9 9 9 9 9 9 9 9 9 2 9 9
left_child=1 4 6 9 16 18 38 19 40 30 -8 -12 -9 26 -10 17 42 -14 22 -6 -21 -17 -4 24 -15 -25 27 -5 -26 -13 -3 -32 37 -34 -35 -18 -37 43 -2 -20 -7 -23 -1 -11
right_child=2 3 5 13 7 8 10 12 14 32 11 29 15 23 -16 21 35 -19 39 20 -22 41 -24 25 28 -27 -28 -29 -30 -31 31 -33 33 34 -36 36 -38 -39 -40 -41 -42 -43 -44 -45
leaf_value=-0.001791313260793681 -0.0016727319881320035 -0.029326823934912684 -0.011995077162981038 -0.020697521328926091 0.02708579649031162 0.028740366160869592 0.021366500332951552 0.018365955591201778 0.016269938707351696 -0.039200666062533855 -0.0098368934914469745 0.00081715942919254882 -0.020141448937356476 -0.018023647598922256 0.03173109322786332 -0.0090222388152033147 -0.0071088861990720072 -0.0062386315725743826 0.0095119153559207973 0.026643205001950256 0.0029569757133722343 -0.0080891036614775709 0.010974189206957807 -0.025596003964543347 0.078133604027330883 -0.010784918650984765 0.011053698286414138 0.010989866500720381 -0.00072887513786554789 0.013206125169992445 0.0029805932492017796 -0.019859253302216537 -0.008131662741303447 -0.0078581587709486474 -0.03794525919854641 -0.039761362191289673 -0.020706265218555921 -0.028096416089683773 -0.038843923769891271 0.027984551854431623 0.055900438591837888 0.018548341181129215 -0.03358530943095684 -0.026442754626274115
leaf_weight=3864 569 3838 2223 1188 4878 1415 4470 2563 7658 5018 6132 7373 4554 5717 18967 3712 1136 5099 4446 2046 9645 1056 3627 3037 593 3285 2813 872 937 8215 1323 5614 2185 1184 5909 1774 3121 7304 2102 4302 5833 3718 828 1583
leaf_count=3864 569 3838 2223 1188 4878 1415 4470 2563 7658 5018 6132 7373 4554 5717 18967 3712 1136 5099 4446 2046 9645 1056 3627 3037 593 3285 2813 872 937 8215 1323 5614 2185 1184 5909 1774 3121 7304 2102 4302 5833 3718 828 1583
internal_value=-0.000423123 -0.00947074 0.0113224 -0.0176474 -0.000541622 0.0169623 0.00184788 0.00281511 0.0208999 -0.0231659 0.00407634 0.00181316 -0.00205678 -0.00747886 0.0182936 -0.00412419 -0.0122007 -0.00912243 0.00781763 0.00889981 0.00586702 0.00156544 0.00138225 -0.0107335 -0.00609756 -0.0160297 0.00158714 -0.00801932 0.0109804 0.0053212 -0.0166203 -0.0125882 -0.0261997 -0.0216301 -0.0263621 -0.0181344 -0.0215392 -0.029231 -0.0199366 0.0121146 0.0304354 0.00723244 -0.00455125 -0.0341476
internal_weight=177726 100394 77332 52400 47994 48471 28861 37271 33873 33958 26190 21720 20702 18442 26625 18139 10723 9653 14598 16569 11691 8486 5850 13569 7247 6322 4873 2060 1530 15588 10775 6937 23183 9278 7093 6031 4895 13905 2671 8748 7248 4774 4692 6601
internal_count=177726 100394 77332 52400 47994 48471 28861 37271 33873 33958 26190 21720 20702 18442 26625 18139 10723 9653 14598 16569 11691 8486 5850 13569 7247 6322 4873 2060 1530 15588 10775 6937 23183 9278 7093 6031 4895 13905 2671 8748 7248 4774 4692 6601
cat_boundaries=0 1 3 5 7 9 12 14 16 19 21 24 26 29 32 34 35 37 38 40 43 44 46 48 49 51 53 54 57 59 60 61 63 65 66 68 70 72 74 76 78 80
cat_threshold=404 2183594225 135713869 612904741 241309704 2986418387 276832536 1610682561 1073741968 1892045593 335675397 8 805306369 131072 2149646464 134664256 2214594630 6361090 64 76579584 69732352 2216702630 6406291 81 76025344 2097152 203423780 36930 18 137381924 2347107 80 135626752 17310228 16 2181103824 135270464 33947696 1610744329 268566529 7471652 6389858 88 2147483648 33554464 13 3356491776 1344084 384 537439750 2099216 537407240 25698304 3145728 131072 4 2 805372097 16 384 16 0 8388616 1073741834 4194304 16 2097152 394248 1611139074 4194304 536871168 73400320 3358851224 786944 3221258368 33300 69824 1073741824 33554432 8388608
is_linear=0
shrinkage=0.05


Tree=3
num_leaves=45
num_cat=39
split_feature=3 0 0 2 2 2 2 2 0 0 2 2 2 6 0 0 0 6 2 0 3 0 0 2 2 3 1 0 0 5 0 2 0 0 2 5 0 0 2 5 2 0 2 2
split_gain=7053.16 2798.72 1547.84 1233.27 813.01 742.88 561.097 528.398 428.621 305.768 276.878 274.301 255.506 210.597 183.282 171.558 161.18 152.434 151.909 173.424 148.001 190.314 156.263 134.86 128.452 122.482 276.901 216.811 107.602 106.535 101.065 94.789 90.6451 89.7076 89.7001 89.5821 87.0604 74.4875 73.2163 67.3154 64.8446 64.6433 62.2943 61.4952
threshold=0 1 2 3 4 5 6 7 8 9 10 11 12 1.5000000000000002 13 14 15 5.5000000000000009 16 17 18 19 20 21 22 23 24 25 26 59.500000000000007 27 28 29 30 31 67.500000000000014 32 33 34 391.50000000000006 35 36 37 38
decision_type=9 9 9 9 9 9 9 9 9 9 9 9 9 2 9 9 9 2 9 9 9 9 9 9 9 9 9 9 9 2 9 9 9 9 9 2 9 9 9 2 9 9 9 9
left_child=1 3 6 15 14 23 41 28 10 40 20 -8 -5 43 39 38 -13 35 -10 -20 21 -6 -22 -4 32 31 -27 -28 -7 -18 -25 33 -14 -17 -16 -15 -31 -26 -1 -3 -9 -2 -12 -11
right_child=2 4 5 12 8 7 11 9 18 13 42 16 24 17 34 25 29 -19 19 -21 22 -23 -24 30 37 26 27 -29 -30 36 -32 -33 -34 -35 -36 -37 -38 -39 -40 -41 -42 -43 -44 -45
leaf_value=-0.019349039445631211 -0.047586432492733005 -0.02490857084169984 -0.028284225889295335 0.007287237182259554 -0.0060235631929710489 0.031701685954630375 0.021514342848211521 0.03981973811984061 0.023068198303133242 0.0021882261466234843 0.020810177850723269 -0.012558729859068996 -0.0073880342923104752 0.014587970462441447 -0.0069303450526669646 -0.020891464340500532 -0.0073850501496344756 0.0086890662655234267 0.023590607195347543 0.0022022183418273947 0.012248980927653613 -0.020093005435541267 -0.01243537407917903 -0.0079387911230325691 -0.000924488332122575 -0.0075952946662902754 -0.0079121923981234406 -0.036740129585936664 0.054889526627212762 0.020760941112041478 0.011929912062175569 -0.027482623850833634 -0.021968371447920805 -0.044952175988815735 -0.033934711827710275 0.02205372916460038 0.0015503730649128523 -0.015535055990889668 -0.02827494557276369 -0.0032524365245364621 0.034179781824350351 -0.02320905320309103 0.0041256399808451642 0.021934097346663475
leaf_weight=6611 809 4753 669 3037 4010 1984 3642 2011 5910 3338 1833 3431 1483 5450 4803 511 4663 3771 1990 9862 3132 4310 3802 2674 2917 1978 989 5135 5258 2753 3910 8910 4380 2330 1045 11306 5966 7619 3643 434 8744 1400 4967 5553
leaf_count=6611 809 4753 669 3037 4010 1984 3642 2011 5910 3338 1833 3431 1483 5450 4803 511 4663 3771 1990 9862 3132 4310 3802 2674 2917 1978 989 5135 5258 2753 3910 8910 4380 2330 1045 11306 5966 7619 3643 434 8744 1400 4967 5553
internal_value=-0.000611616 -0.00935321 0.0107367 -0.0178102 -0.00111185 0.0152913 -0.000251389 0.017572 0.00221714 0.0153212 -0.00243836 0.00233814 -0.00798108 0.0126716 -0.0131145 -0.0241508 -0.000359627 0.0154601 0.00799572 0.00472096 -0.00617794 -0.0106723 -0.00077765 0.000378631 -0.0104485 -0.0268917 -0.0220414 -0.0273068 0.0300193 0.00212067 0.00256294 -0.0302143 -0.0163886 -0.0384251 -0.00701605 0.0175042 0.00538479 -0.00713067 -0.0188231 -0.0199634 0.0225499 -0.0241325 0.00594714 0.00624789
internal_weight=177726 100394 77332 49543 50851 54668 22664 47415 39816 40173 22054 20455 19436 29418 11035 30107 16813 20527 17762 11852 15254 8320 6934 7253 16399 19853 8102 6124 7242 13382 6584 11751 5863 2841 5848 16756 8719 10536 10254 5187 10755 2209 6800 8891
internal_count=177726 100394 77332 49543 50851 54668 22664 47415 39816 40173 22054 20455 19436 29418 11035 30107 16813 20527 17762 11852 15254 8320 6934 7253 16399 19853 8102 6124 7242 13382 6584 11751 5863 2841 5848 16756 8719 10536 10254 5187 10755 2209 6800 8891
cat_boundaries=0 1 3 5 12 19 26 33 40 42 44 51 58 65 67 69 71 78 79 80 82 84 91 98 99 101 103 105 107 114 116 118 125 127 129 136 143 145 152 159
cat_threshold=404 1821945358 65546768 612904708 170006528 539090961 134218240 138412034 2162200576 17844996 48 1089 536928257 134218240 2097184 148934696 50354944 33554441 4195584 257 151207937 136314912 4325384 604035841 4194318 5184 536871169 151126272 2097156 4194312 536890144 4194314 1024 1048584 2147778764 4203008 224 8912896 2147555329 84148224 33948017 67109901 35782720 9453633 1359022096 8388688 134250752 2182366336 142606338 2151743522 134219809 1050632 2252644492 16640 1049664 9994240 3221487617 84019200 531496 9447424 40960 112 2559213584 264192 88604704 2228513 67552264 210797056 6815744 8914944 2097152 1091573288 1083458 4489216 34734144 403701760 2151940096 84557824 2147483648 16 321 1037 393296 67108864 0 150994944 2097152 4194304 67111424 0 1024 3238002692 67108946 2359296 167773192 12448 1073807491 134217984 16 0 8388608 1073741834 2048 3221258401 71860764 3355508897 4489820 8192 0 0 0 1048576 0 1 1141899784 8914944 536880128 41943056 536895488 0 2097152 134254632 0 1 256 0 134354944 1216349704 526848 2162704 512 4194306 2155872256 1048580 48 65 8208 2050 0 32769 0 1074003984 16384 8389124 6144 529416 10368 0 16777216 269090832 264192 524288 553918468 606087424 524292 34881792 32 48 8
is_linear=0
shrinkage=0.05


Tree=4
num_leaves=45
num_cat=40
split_feature=3 0 0 2 2 2 2 2 0 0 2 2 0 2 0 2 0 3 3 3 2 0 0 0 8 8 3 0 3 0 0 8 0 0 0 3 2 0 10 2 0 2 3 0
split_gain=6585.52 2527.92 1568.86 1439.49 699.34 688.763 497.584 453.58 381.854 330.953 324.834 277.42 275.694 190.177 163.738 159.86 151.83 156.84 149.027 146.236 300.556 234.221 143.3 140.074 124.193 114.848 110.772 104.995 97.5754 196.656 93.6528 82.875 82.6297 82.5349 79.6215 125.499 93.8214 79.5726 77.6678 76.0918 89.1058 94.1671 75.7561 100.139
threshold=0 1 2 3 4 5 6 7 8 9 10 11 12 13 14 15 16 17 18 19 20 21 22 23 10.500000000000002 3.5000000000000004 24 25 26 27 28 3.5000000000000004 29 30 31 32 33 34 10.500000000000002 35 36 37 38 39
decision_type=9 9 9 9 9 9 9 9 9 9 9 9 9 9 9 9 9 9 9 9 9 9 9 9 2 2 9 9 9 9 9 2 9 9 9 9 9 9 2 9 9 9 9 9
left_child=2 4 6 12 16 30 -1 22 -9 39 -5 25 15 -8 -12 18 17 -2 -3 24 -21 -22 -7 -15 27 -11 33 -14 29 -27 -4 -13 -30 -16 35 -10 -36 -37 -28 -6 -41 -42 43 -33
right_child=1 3 5 10 9 7 13 8 34 11 14 31 19 23 26 -17 -18 -19 -20 20 21 -23 -24 -25 -26 28 38 -29 32 -31 -32 42 -34 -35 36 37 -38 -39 -40 40 41 -43 -44 -45
leaf_value=-0.039935290606180215 0.0022756877564266364 -0.017624713543290267 0.057041846581958246 0.014462629730287014 0.0027811639128625387 -0.013086312639862291 0.01615659422933589 0.03081166462567635 0.019267576076239357 -0.01716975248582895 -0.0034355559989437514 -0.0040192522144969602 -0.020061552560401614 0.0053691551129054277 -0.0071843558410368937 -0.027452022545374932 -0.010687153904428703 -0.033513757069930442 0.0038059676551423006 -0.0072880216681957214 -0.0062113766484428127 -0.034235650094309823 0.010042744228905066 -0.0092982824467262304 -0.041323367563681684 -0.019635954956244674 -0.019654799011128501 -0.032325579286464484 0.014884448687937113 -0.00056827964365016581 0.034167640247605748 0.067926906303958964 -0.0058207037300174128 -0.025016774267908184 0.022172479391470563 0.016304220825582739 0.013779500324130068 -0.0097393401735741628 -0.0077306772362301162 0.022568858270402999 0.0053159578202664932 0.028666208981405945 0.0074806895172595984 0.020598073728163725
leaf_weight=1632 622 5110 4001 2942 3419 2608 3580 17306 4223 3270 6189 1901 4338 5680 1105 3697 7357 2414 1584 2564 1229 6090 3166 6948 3199 2317 3200 6486 2580 4426 4011 707 3074 2685 8654 649 6487 1781 6944 3900 5181 1792 4844 1834
leaf_count=1632 622 5110 4001 2942 3419 2608 3580 17306 4223 3270 6189 1901 4338 5680 1105 3697 7357 2414 1584 2564 1229 6090 3166 6948 3199 2317 3200 6486 2580 4426 4011 707 3074 2685 8654 649 6487 1781 6944 3900 5181 1792 4844 1834
internal_value=-0.000739903 -0.00856462 0.0110976 -0.0157132 -0.000302127 0.0154227 -0.00172549 0.0130046 0.0149374 0.00275252 -0.00604767 -0.00072307 -0.0222098 0.000931064 -0.00831719 -0.0153591 -0.0118283 -0.021241 -0.01071 -0.0251798 -0.0204336 -0.0256038 -8.64454e-05 -0.00195442 -0.0285078 -0.00478089 -0.0113239 -0.0259701 -0.0025853 -0.00664149 0.0289329 0.00612091 0.00225989 -0.0186316 0.010521 0.00593576 0.0125305 -0.00311475 -0.0085779 0.00881695 0.0108656 0.00745382 0.00852404 0.0155037
internal_weight=177726 107000 70726 57362 49638 52886 17840 44874 39100 39245 23065 24953 34297 16208 20123 10391 10393 3036 6694 23906 9883 7319 5774 12628 14023 15667 13934 10824 12397 6743 8012 9286 5654 3790 21794 6653 15141 2430 10144 14292 10873 6973 7385 2541
internal_count=177726 107000 70726 57362 49638 52886 17840 44874 39100 39245 23065 24953 34297 16208 20123 10391 10393 3036 6694 23906 9883 7319 5774 12628 14023 15667 13934 10824 12397 6743 8012 9286 5654 3790 21794 6653 15141 2430 10144 14292 10873 6973 7385 2541
cat_boundaries=0 1 3 5 12 19 26 33 40 42 44 51 58 60 67 69 76 78 79 80 81 88 90 92 94 95 97 98 99 101 103 105 107 108 115 117 124 125 132 133 135
cat_threshold=42 2183594193 135713869 76033796 170002432 539090961 150995520 138412034 2296418304 17844992 16 1089 2147540993 150995456 134217760 14717192 16800514 33554473 134219008 1048584 2181333196 4203024 224 143400976 3221293057 84150272 257 142737664 2097156 4194312 536890144 4194314 1024 536871169 134938880 136314916 4194312 536894241 4194318 5184 3257008328 9487425 2149646464 134529088 34084136 583149568 40960 80 2559475728 266240 67174408 1629554708 80 2097154 2315273216 8658980 3225419778 2153 76579616 69730304 17827852 2249236620 16640 1180992 18382848 2147745793 83904512 1216349736 67635712 65552 576 4194304 2281701376 1048576 16 65 2097153 427016 16 20 16 0 0 134217728 0 1048576 0 1 1073741826 4196352 1744863273 1349208 8448 167905280 16 134226944 41945616 16 33816592 539099224 26498113 393296 1049600 68157696 44040192 536969216 88605184 34 4096 5242914 16384 2147652864 16777216 2359296 24833 0 4718592 65556 570425520 8388864 84148384 134250528 4194320 2113 2149646336 1612973056 67108928 0 2148680704 1056772 65536 16793608 256 131072 5120
is_linear=0
shrinkage=0.05


Tree=5
num_leaves=45
num_cat=21
split_feature=3 1 2 2 2 3 2 5 2 8 3 2 5 2 5 6 6 8 2 4 1 2 2 6 6 2 6 6 3 2 8 5 8 2 5 8 5 8 6 6 2 2 6 6
split_gain=6076.77 1616.41 985.325 626.769 425.98 398.448 333.664 284.742 263.57 261.938 303.512 218.514 195.621 165.266 162.494 158.759 189.4 135.151 127.52 126.436 102.709 95.6877 79.0149 74.4241 76.5233 70.8482 69.9964 69.0174 66.0808 65.7188 63.8119 62.9532 57.6557 97.968 56.4568 56.3883 55.7591 51.3432 50.8064 80.0415 45.3926 44.254 44.2191 73.208
threshold=0 1 2 3 4 5 6 65.500000000000014 7 10.500000000000002 8 9 194.50000000000003 10 98.500000000000014 1.5000000000000002 4.5000000000000009 7.5000000000000009 11 2.5000000000000004 12 13 14 1.5000000000000002 5.5000000000000009 15 1.5000000000000002 4.5000000000000009 16 17 3.5000000000000004 80.500000000000014 9.5000000000000018 18 96.500000000000014 8.5000000000000018 4.5000000000000009 7.5000000000000009 1.5000000000000002 4.5000000000000009 19 20 1.5000000000000002 5.5000000000000009
decision_type=9 9 9 9 9 9 9 2 9 2 9 9 2 9 2 2 2 2 9 2 9 9 9 2 2 9 2 2 9 9 2 2 2 9 2 2 2 2 2 2 9 9 2 2
left_child=2 4 18 -4 17 8 9 20 12 23 11 -11 36 -7 34 41 25 29 -1 -14 37 -19 -8 -3 -25 -17 -16 -28 -15 -2 -31 -23 33 35 42 -24 -6 -5 -22 -40 -18 -9 -10 -44
right_child=1 6 3 7 5 13 22 15 14 10 -12 -13 19 28 26 16 40 21 -20 -21 38 31 32 24 -26 -27 27 -29 -30 30 -32 -33 -34 -35 -36 -37 -38 -39 39 -41 -42 -43 43 -45
leaf_value=-0.031789003278133936 -0.032501976357578774 -0.014428134103583401 0.039922643428275374 0.0080987614832981336 -0.0445872191069345 0.00068405463514756857 0.039883225635544403 0.022595897422483885 -0.022321578294096513 0.077497601380390579 -0.006698372347517168 0.0087188302110210118 -0.040537865172424116 0.010532029566744462 -0.016526527322900941 0.023756481524910784 0.0057845988842174347 -0.037455572755938395 -0.0049529737617331595 -0.0060692547856268436 0.011477710521172491 -0.030593904180680406 0.023364796963909876 -0.0023430189096792565 -0.013659413062018689 0.016617679766491755 -0.0025618837731005597 -0.009696148153945745 -0.015781293194427854 -0.022237212839219492 -0.015129253065481435 -0.018990426326193379 0.0034100716861040492 0.0094365713625710283 -0.020399464882982422 0.066827782938897615 -0.016407992648325855 -0.0043755564786791771 0.016699792891012023 0.0056923989317254177 0.02518842486490426 0.015084221407042353 -0.013520264358874179 -0.021233269734468197
leaf_weight=1241 682 6709 9045 2876 202 9201 608 6282 3771 1457 2347 1077 2174 437 3879 8942 3888 1960 6541 376 3756 3744 1132 12658 2482 6717 6060 2950 8722 3459 7030 3135 3246 4382 401 310 3027 3173 5589 3307 5104 4265 7533 1849
leaf_count=1241 682 6709 9045 2876 202 9201 608 6282 3771 1457 2347 1077 2174 437 3879 8942 3888 1960 6541 376 3756 3744 1132 12658 2482 6717 6060 2950 8722 3459 7030 3135 3246 4382 401 310 3027 3173 5589 3307 5104 4265 7533 1849
internal_value=-0.000775351 -0.00829175 0.0105957 0.0126712 -0.012705 -0.0102566 0.000266352 0.0106225 -0.0136076 -0.00261406 0.007857 0.0198113 -0.0232942 -0.00437126 -0.0114826 0.0132735 0.01547 -0.0188861 -0.00618583 -0.0336863 0.00563874 -0.0235151 0.00821635 -0.00495446 -0.00301189 0.0187911 -0.00746761 -0.00504994 -0.00912313 -0.0152404 -0.0142156 -0.0206198 0.00702643 0.0100103 -0.0153091 0.021281 -0.0151595 0.000272322 0.00819776 0.010263 0.00968639 0.00813976 -0.0147457 -0.0129077
internal_weight=177726 107000 70726 62944 70592 50582 36408 53899 32222 26730 4881 2534 5779 18360 26443 35198 24651 20010 7782 2550 18701 8839 9678 21849 15140 15659 12889 9010 9159 11171 10489 6879 9070 5824 13554 1442 3229 6049 12652 8896 8992 10547 13153 9382
internal_count=177726 107000 70726 62944 70592 50582 36408 53899 32222 26730 4881 2534 5779 18360 26443 35198 24651 20010 7782 2550 18701 8839 9678 21849 15140 15659 12889 9010 9159 11171 10489 6879 9070 5824 13554 1442 3229 6049 12652 8896 8992 10547 13153 9382
cat_boundaries=0 1 4 11 18 25 26 33 40 41 48 55 62 64 71 78 85 86 93 94 101 108
cat_threshold=42 1912677075 1484785048 36 536871169 142823680 2283798564 4194312 536894240 4194318 5184 1048616 2181333132 16912 96 135004176 2147483649 84672512 536928257 134217728 134217760 417370112 16796416 137 33555520 16 4456448 19137057 258 118899072 34873344 1078132736 4205056 0 0 0 0 0 32 1 256 0 32 256 393216 1048576 4259840 8192 268437504 43008 12845056 1040 537001984 32 24609 256 134414336 2097152 4194304 18944 0 1024 4229888 67108865 49152 134217728 134217728 14680064 16779776 0 1024 34079232 2151677960 8192 64 268435480 4096 16 75780 4194306 8192 2164686992 8388608 262144 26625 128 32769 0 0 6291456 18432 1 1024 4104 65552 6293538 4227328 33820673 0 32 8192 268705808 1048640 4235520 2148941953 9445376 1076101136 2049
is_linear=0
shrinkage=0.05


Tree=6
num_leaves=45
num_cat=30
split_feature=0 2 1 2 2 0 0 0 5 2 0 6 0 0 6 6 1 0 8 0 1 2 6 4 2 6 2 0 0 0 4 2 2 2 6 8 5 5 2 2 2 0 6 2
split_gain=3215.86 1532.69 1284.51 1068.64 644.353 640.5 497.196 348.246 224.859 173.779 173.455 203.118 173.405 171.455 167.422 153.124 151.023 135.919 130.204 130.218 121.716 117.535 105.771 102.012 97.6686 92.4627 87.8059 84.5565 81.6993 80.3387 76.5369 75.1036 73.1153 72.6947 70.579 68.2132 66.6129 64.1703 77.6594 62.5169 60.9289 58.2814 57.0538 56.4425
threshold=0 1 2 3 4 5 6 7 64.500000000000014 8 9 4.5000000000000009 10 11 4.5000000000000009 1.5000000000000002 12 13 9.5000000000000018 14 15 16 1.5000000000000002 2.5000000000000004 17 4.5000000000000009 18 19 20 21 2.5000000000000004 22 23 24 1.5000000000000002 3.5000000000000004 202.50000000000003 15.500000000000002 25 26 27 28 1.5000000000000002 29
decision_type=9 9 9 9 9 9 9 9 2 9 9 2 9 9 2 2 9 9 2 9 9 9 2 2 9 2 9 9 9 9 2 9 9 9 2 2 2 2 9 9 9 9 2 9
left_child=2 7 6 13 -4 14 31 37 32 29 11 34 -11 -3 15 24 28 -18 40 -20 23 -9 -12 27 -5 39 -16 -13 -10 -8 -23 -1 -7 -17 -6 -34 -19 -2 41 -24 -15 -39 -37 -31
right_child=1 3 4 5 10 8 9 21 16 12 22 20 -14 18 26 33 17 36 19 -21 -22 30 25 -25 -26 -27 -28 -29 -30 43 -32 -33 35 -35 -36 42 -38 38 -40 -41 -42 -43 -44 -45
leaf_value=0.027801386445156319 -0.033825611893487866 0.05319131995635025 0.018508058891313708 0.023393139257411568 -0.018476712609195412 0.017726878612208286 -0.018614729775156002 -0.030003729570231355 -0.0073964224196748979 -0.013854418360982862 -0.013349255161845387 -0.039465638293252218 -0.024053821523502095 0.038041027740108896 -0.004620046489438645 0.024326379504292974 -0.0024947208318002903 0.0078275488139574519 -0.01266230604239893 0.026073690104099181 -0.010889373436523226 -0.0060523821816408259 0.0066696449391867143 0.0030357280665552436 0.0076938547214182697 -0.0066401916164327227 0.010120127976585271 -0.0076739897867431411 0.0048307706134933133 -0.038715754636754349 0.010712779126562145 -0.0053774413995567039 -0.014640539331899394 0.015685698806616355 -0.0035876289982114343 -0.012142180295624539 0.017909733603135133 -0.021844861585786274 -0.030377038276755378 -0.0041110304981606064 0.027272162764184583 -0.011393918143564486 -0.00055857964330235932 -0.030725862429691244
leaf_weight=838 785 3993 4974 4903 2823 611 1983 905 5756 7526 7275 1162 10600 1883 2835 2491 4411 8445 802 1385 1616 4943 4999 196 5767 6236 6576 217 5352 768 1927 495 3073 13830 4001 3784 7848 2382 1667 5953 3008 2765 9348 4589
leaf_count=838 785 3993 4974 4903 2823 611 1983 905 5756 7526 7275 1162 10600 1883 2835 2491 4411 8445 802 1385 1616 4943 4999 196 5767 6236 6576 217 5352 768 1927 495 3073 13830 4001 3784 7848 2382 1667 5953 3008 2765 9348 4589
internal_value=-0.00076241 0.00442257 -0.00948597 0.0067677 -0.00374538 0.00486359 -0.0179324 -0.0102314 0.00110819 -0.0194929 -0.00617316 -0.0117157 -0.0168339 0.0213744 0.00987861 0.0118836 0.00358041 0.00610215 0.0166337 0.00651578 -0.0221404 -0.00278099 -0.00390022 -0.0320189 0.00722587 -0.00176286 0.00413877 -0.0370196 -0.0011243 -0.0260272 -0.000537791 0.0118019 -0.00356803 0.0149286 -0.00685815 -0.00420907 0.00821015 -0.0178407 -0.0163047 0.00100438 0.021192 -0.0131763 -0.0026424 -0.0292808
internal_weight=177726 111475 66251 96101 39452 85030 26799 15374 48628 25466 34478 10015 18126 11071 36402 26991 31812 20704 7078 2187 3191 7775 24463 1575 10670 17188 9411 1379 11108 7340 6870 1333 16816 16321 6824 16205 16293 7599 6814 10952 4891 5147 13132 5357
internal_count=177726 111475 66251 96101 39452 85030 26799 15374 48628 25466 34478 10015 18126 11071 36402 26991 31812 20704 7078 2187 3191 7775 24463 1575 10670 17188 9411 1379 11108 7340 6870 1333 16816 16321 6824 16205 16293 7599 6814 10952 4891 5147 13132 5357
cat_boundaries=0 2 9 11 18 25 27 28 30 37 39 41 43 46 48 50 52 59 66 73 74 76 78 82 89 96 102 109 114 116 123
cat_threshold=1686679300 56633872 57601 151060992 136314880 283152384 83909123 100663432 1088 838934723 268574744 1573384 2151975052 4743680 65 276824080 3221493760 67649552 270015016 2789474316 2147543040 112 403472384 4096 67174400 2149777600 1360961 1073741824 134217771 76465164 122881 134217728 2097152 148930560 16796288 0 134218752 1074268160 18882560 67152128 52428816 2228304 9716800 4068488323 1076060169 9 1048586 4 32 163841 0 8388608 32768 151060480 2097152 14680064 6656 33554432 1024 4116 33554434 32768 33570944 135274496 19 16785417 65540 16 256 17825800 671121668 1 131073 1073741824 167772209 135168 536871680 4196352 73728 32784 0 2147483648 5120 0 0 0 827392 0 8192 536872976 258 32768 0 8224 17 8192 8449 512 2097152 36864 16781826 33554440 262144 9439234 0 68157825 8388608 3221487617 17459241 524296 132 512 64 16 134217731 8651776 16384 0 0 12582912 2560 0 134218752
is_linear=0
shrinkage=0.05


Tree=7
num_leaves=45
num_cat=25
split_feature=3 1 2 2 2 3 2 5 5 2 2 2 5 6 6 3 4 5 2 3 1 9 6 2 6 3 1 2 6 10 3 1 10 1 9 3 3 6 6 10 5 2 6 2
split_gain=5415.48 1313.84 982.863 561.498 384.323 304.928 277.655 210.628 210.192 189.609 159.032 145.668 137.482 134.776 158.093 100.791 93.6821 89.6454 117.055 80.7297 73.7107 66.3416 66.0744 64.3502 63.3323 62.3907 132.343 62.3356 60.7149 59.2259 56.289 56.2159 54.2996 52.132 64.4392 64.2039 50.8255 50.1492 76.8218 48.1433 45.1504 45.0707 44.4763 43.5641
threshold=0 1 2 3 4 5 6 65.500000000000014 299.50000000000006 7 8 9 98.500000000000014 1.5000000000000002 4.5000000000000009 10 2.5000000000000004 30.500000000000004 11 12 13 1.0000000180025095e-35 1.5000000000000002 14 4.5000000000000009 15 16 17 4.5000000000000009 16.500000000000004 18 19 12.500000000000002 20 1.0000000180025095e-35 21 22 5.5000000000000009 1.5000000000000002 13.500000000000002 206.50000000000003 23 2.5000000000000004 24
decision_type=9 9 9 9 9 9 9 2 2 9 9 9 2 2 2 9 2 2 9 9 9 2 2 9 2 9 9 9 2 2 9 9 2 9 2 9 9 2 2 2 2 9 2 9
left_child=1 4 10 36 17 6 8 20 21 27 -2 32 37 39 23 -11 -10 -1 -19 31 -5 28 -14 -15 -24 -12 -27 -3 -6 -22 -13 -20 40 34 35 -17 -4 38 -8 -9 -7 -41 -32 -16
right_child=2 9 3 7 5 11 12 13 16 15 25 30 22 14 43 33 -18 18 19 -21 29 -23 24 -25 -26 26 -28 -29 -30 -31 42 -33 -34 -35 -36 -37 -38 -39 -40 41 -42 -43 -44 -45
leaf_value=-0.027511642811579407 -0.032271858000574943 0.038143873409088383 0.039679930107066552 0.0021809897172656244 -0.023236899465441965 -0.013943394481282623 -0.021610234828271315 0.013103336382585519 -0.037281035730230484 -0.0089513016415588842 -0.012630468756367043 0.0074633326867228518 -0.015712412700391917 0.019996382747048243 0.028115034343810821 0.025753991067886464 -0.0090455226407285486 -0.038722462563606487 -0.0028297022995984137 -0.020106139220730398 0.0081552275905902583 -0.011063912319987025 -0.0022322827681071078 0.013026726120893024 -0.0094502293965554214 0.018501398756764331 -0.0070902918846053493 0.010286537206347713 -0.034147146238145819 0.017810119095573767 -0.019638655905929003 -0.016098324227137629 0.0048893357862113468 -0.0037313747713700221 -0.0016301503743723468 -0.0031530861112287092 0.024379608528087061 -0.019617603320697719 -0.012224366753134453 0.013471482152526026 0.0053120216925995889 0.023194965585914273 -0.0091264111168115787 0.0086228615038548059
leaf_weight=4413 1020 419 6917 7271 1045 2470 3979 5541 1541 5714 1961 512 4248 12236 1548 3153 254 1159 1874 10464 7922 2087 6579 4408 3227 1808 6013 5839 852 4286 4436 1971 5073 6952 4792 1070 2755 1957 8025 2060 1379 3700 4910 7886
leaf_count=4413 1020 419 6917 7271 1045 2470 3979 5541 1541 5714 1961 512 4248 12236 1548 3153 254 1159 1874 10464 7922 2087 6579 4408 3227 1808 6013 5839 852 4286 4436 1971 5073 6952 4792 1070 2755 1957 8025 2060 1379 3700 4910 7886
internal_value=-0.00075622 -0.008416 0.00918776 0.0114593 -0.0119678 -0.00972349 -0.0125636 0.00956074 -0.0225514 0.000796093 -0.00480022 -0.00460883 -0.010496 0.0117593 0.0137357 -0.00141764 -0.0367967 -0.017895 -0.0161107 -0.0148369 0.00534678 -0.0161898 -0.00700868 0.0166667 -0.00475219 -0.00282884 -0.00082365 0.00845565 -0.0229573 0.00771812 -0.00879611 -0.00857328 2.23914e-05 0.00062277 0.00313019 0.00763675 0.0225986 -0.014014 -0.0128041 0.00719848 -0.0044557 0.0103993 -0.00968363 0.00856477
internal_weight=177726 100394 77332 66530 72455 52574 33794 56858 5779 27939 10802 18780 28015 37379 26078 21681 1795 19881 15468 14309 19479 3984 14054 16644 9806 9782 7821 6258 1897 12208 9858 3845 8922 15967 9015 4223 9672 13961 12004 11301 3849 5760 9346 9434
internal_count=177726 100394 77332 66530 72455 52574 33794 56858 5779 27939 10802 18780 28015 37379 26078 21681 1795 19881 15468 14309 19479 3984 14054 16644 9806 9782 7821 6258 1897 12208 9858 3845 8922 15967 9015 4223 9672 13961 12004 11301 3849 5760 9346 9434
cat_boundaries=0 1 4 11 18 25 26 33 40 47 54 55 62 63 65 72 73 74 79 80 81 84 85 86 93 100
cat_threshold=404 4068549339 1484793244 37 4194625 151212289 2097188 4325384 604000032 4194314 5120 1048616 2151973004 18960 1120 9175056 2147487745 83886080 536928257 134218240 134217760 283152384 16800512 137 33555456 16 0 0 0 0 0 32 1 1578792 2148532232 49152 64 277348368 268699648 84410372 256 150994944 2097152 4194304 2560 0 1024 268437504 125872162 8659200 1040 537067522 65536 24609 16 32769 134217728 134217728 14680064 18944 0 1024 144 4492032 67112993 75796 41943042 8192 2198126736 135274496 264192 288769 64 131072 524800 8 0 64 268435472 128 268501056 68288512 4210723 2 384 40 805570564 580921346 134775040 20480 134217728 32 24584 17039360 75497536 0 2148565248 16777216 0 18432
is_linear=0
shrinkage=0.05


Tree=8
num_leaves=45
num_cat=37
split_feature=3 0 0 1 1 1 1 0 3 0 0 8 0 0 3 0 0 1 0 1 1 0 8 0 1 0 3 0 3 1 0 0 1 0 6 1 1 0 1 5 0 5 5 6
split_gain=4907.07 2215.05 1317.55 814.35 481.294 475.7 393.338 343.682 256.675 238.507 226.507 201.625 261.726 199.626 198.318 186.03 181.588 152.991 152.207 147.467 140.108 121.673 116.111 136.223 108.753 108.591 107.592 125.074 107.049 103.04 105.706 99.927 94.3535 92.7045 89.3934 88.2512 86.676 84.3579 76.7055 75.7652 73.2421 70.9291 70.8372 68.8456
threshold=0 1 2 3 4 5 6 7 8 9 10 9.5000000000000018 11 12 13 14 15 16 17 18 19 20 3.5000000000000004 21 22 23 24 25 26 27 28 29 30 31 4.5000000000000009 32 33 34 35 65.500000000000014 36 31.500000000000004 248.50000000000003 2.5000000000000004
decision_type=9 9 9 9 9 9 9 9 9 9 9 2 9 9 9 9 9 9 9 9 9 9 2 9 9 9 9 9 9 9 9 9 9 9 2 9 9 9 9 2 9 2 2 2
left_child=1 5 6 8 21 18 31 20 10 19 24 12 42 -8 25 -13 -16 39 35 -6 26 38 23 -9 -3 -11 27 -7 -20 -5 32 -2 -31 -28 -24 -1 40 -30 -4 -15 -36 -37 -10 -32
right_child=2 3 4 29 9 7 13 22 11 14 -12 15 -14 17 16 -17 -18 -19 28 -21 -22 -23 34 -25 -26 -27 33 -29 37 30 43 -33 -34 -35 36 41 -38 -39 -40 -41 -42 -43 -44 -45
leaf_value=-0.029632825319391543 -0.037578398764658988 -0.017374706476081414 -0.0072679965861612295 0.012630435972702704 0.043094951911723661 -0.01670381531570142 -0.0094897010557169828 0.011420559027095979 -0.015309848264103955 0.01925336836380831 0.001787612333356814 -0.034499057025804407 -0.022331844662690687 -0.0069562702221629864 0.016236951473877471 -0.017475761049707012 -0.0045913517367860927 0.012157349304971749 -0.0014177178816880409 0.028931571854239516 0.0087100388800926409 0.017913151497428084 0.017995930753023016 -0.012980752835247251 -0.032878438406823154 0.030782926619651742 0.010198685810791953 -0.0052560954892886041 -0.034432897611507876 0.019478578194937746 -0.018467402374190488 -0.01293299588757606 -0.0051388754852097875 -0.0090547913711178651 -0.033071908531203571 -0.015629973025071527 0.0083955615845450419 -0.01549253770681381 0.0080883517328846025 0.0054597174426300301 0.0029471634086882417 0.0053117640012694482 -0.0016690445033977431 -0.0058007835880320548
leaf_weight=827 1244 4206 2875 1707 4330 3031 4282 2040 6130 5578 2789 5542 14462 5135 3818 3866 2512 10958 1203 11468 4784 6795 10049 1592 1245 5741 3091 4650 1463 738 4449 1465 1798 2973 302 886 2512 3382 4603 6528 414 3335 1857 5071
leaf_count=827 1244 4206 2875 1707 4330 3031 4282 2040 6130 5578 2789 5542 14462 5135 3818 3866 2512 10958 1203 11468 4784 6795 10049 1592 1245 5741 3091 4650 1463 738 4449 1465 1798 2973 302 886 2512 3382 4603 6528 414 3335 1857 5071
internal_value=-0.000764098 -0.00805546 0.00870161 -0.0149582 0.0138424 -6.44551e-05 0.000415232 0.00276461 -0.0185616 0.017125 -0.0106545 -0.0206028 -0.0180342 0.00224613 0.0131066 -0.0267538 0.00599369 0.00412045 -0.00909418 0.021603 -0.00193916 0.00614367 0.00791713 0 -0.0165812 0.0170756 -0.00450382 -0.00843193 -0.0144437 -0.00445437 -0.00608321 -0.0177087 0.00298507 0.000477445 0.0100889 -0.00266904 0.00285006 -0.0177652 0.00173611 0.000132785 -0.0123967 0.000271803 -0.0107228 -0.00849948
internal_weight=177726 100394 77332 53860 47720 46534 29612 35438 40097 33447 8240 31857 22449 26903 17649 9408 6330 22621 11096 15798 18529 14273 16909 3632 5451 11319 13745 7681 6048 13763 12056 2709 2536 6064 13277 5048 3228 4845 7478 11663 716 4221 7987 9520
internal_count=177726 100394 77332 53860 47720 46534 29612 35438 40097 33447 8240 31857 22449 26903 17649 9408 6330 22621 11096 15798 18529 14273 16909 3632 5451 11319 13745 7681 6048 13763 12056 2709 2536 6064 13277 5048 3228 4845 7478 11663 716 4221 7987 9520
cat_boundaries=0 1 3 5 8 11 14 16 18 19 21 23 25 27 28 30 32 35 37 40 43 45 47 50 52 53 54 55 58 60 62 63 65 67 70 72 74 76
cat_threshold=404 2183594193 135713869 612970277 241309704 4064354515 276833564 4 2017870601 335675397 24 1610682561 1342177424 1 805306369 131072 33947728 1049613 384 2228304 9716801 201367586 25698816 202375968 78120960 8914944 2097152 34 1745879566 109054464 2315518080 557584 1111724376 1543504160 2 2181103824 135270464 68 6357376 64 307538690 209846316 68 3356754064 295504 2149646464 294912 2722111488 8388876 4 2281734272 557584 16 33816592 16 36 49250 64 1216348192 67111424 8921605 137216 3145728 393296 1048576 1610612737 268435472 268435456 12714016 2 2097152 394240 537002753 1 2097153 131072
is_linear=0
shrinkage=0.05


Tree=9
num_leaves=45
num_cat=40
split_feature=3 0 0 2 2 2 2 2 0 0 2 0 2 2 0 2 0 1 8 3 0 0 0 3 3 8 0 3 2 0 0 0 0 2 3 3 3 8 1 8 0 2 3 0
split_gain=4510.89 1906.11 1341.04 975.097 481.365 464.413 360.67 315.238 270.775 261.752 242.29 213.919 213.874 172.412 149.98 134.952 125.191 123.057 120.442 127.874 118.45 115.285 112.019 111.488 104.323 103.791 91.1535 90.9241 85.0969 84.0669 83.1834 77.5272 76.7608 103.122 93.4797 73.2416 69.1529 153.677 93.1449 82.9886 78.7976 67.5079 67.4357 174.812
threshold=0 1 2 3 4 5 6 7 8 9 10 11 12 13 14 15 16 17 10.500000000000002 18 19 20 21 22 23 3.5000000000000004 24 25 26 27 28 29 30 31 32 33 34 8.5000000000000018 35 9.5000000000000018 36 37 38 39
decision_type=9 9 9 9 9 9 9 9 9 9 9 9 9 9 9 9 9 9 2 9 9 9 9 9 9 2 9 9 9 9 9 9 9 9 9 9 9 2 9 2 9 9 9 9
left_child=2 4 6 11 21 16 -1 22 32 41 -5 15 36 -8 -12 24 -4 -11 23 30 -15 -2 -7 29 -3 -14 -19 -23 -18 -13 -20 -29 34 -34 -6 -16 37 -10 -38 -40 -41 -9 43 -27
right_child=1 3 5 10 8 7 13 9 12 17 14 18 25 20 35 -17 28 26 19 -21 -22 27 -24 -25 -26 42 -28 31 -30 -31 -32 -33 33 -35 -36 -37 38 -39 39 40 -42 -43 -44 -45
leaf_value=-0.031995589573189744 -0.0045856455552101437 -0.014526803663601479 0.029320580506536062 0.012066469823801163 0.0070240267456265441 0.058046874241290736 0.020303533759829673 0.029868550758123499 0.005713341933741789 0.0081432068853658623 -0.014588999870857579 -0.015924396780765428 -0.012586126523260556 0.0071578475158190387 -0.011507184925301162 -0.026828872003869311 -0.033025389474711404 0.023664296903468066 -0.035292161150316789 -0.0096960833064814404 -0.0062864038179098469 -0.0035997109634505753 0.031083121973358347 0.0022468456003135353 0.0015606258172372713 -0.01615785520378905 0.01333021341282379 -0.014700535002056415 -0.0026549301902027201 -0.02508613288222851 -0.028296484989301669 -0.029958472868086117 0.030640286553993576 0.0052367701772416233 0.023466998927295993 0.00039735940238984081 -0.011085724727272889 0.063014931305017119 0.021924887731018639 -0.017069957979453997 0.01604220270254289 0.025221267341303241 0.0030745459009796695 0.00094710292096921171
leaf_weight=1877 3912 6384 1608 2868 1497 1821 2107 6632 1380 11432 11666 4551 4003 5680 3259 2043 370 5492 2038 565 10601 1402 5382 632 1790 2447 4371 3155 4075 13201 2126 1962 1468 9164 2149 6239 1312 986 1801 454 474 9278 7212 4860
leaf_count=1877 3912 6384 1608 2868 1497 1821 2107 6632 1380 11432 11666 4551 4003 5680 3259 2043 370 5492 2038 565 10601 1402 5382 632 1790 2447 4371 3155 4075 13201 2126 1962 1468 9164 2149 6239 1312 986 1801 454 474 9278 7212 4860
internal_value=-0.000769162 -0.00724512 0.00902793 -0.0134526 -7.04963e-05 0.0133909 -0.00183724 0.0151628 0.00246959 0.0132997 -0.00576907 -0.0189892 -0.000675649 0.000298946 -0.00761783 -0.0129217 0.000387597 0.00966205 -0.0216646 -0.0287904 -0.00144558 -0.00961115 0.0247539 -0.0198433 -0.0100196 -0.00339953 0.0137597 -0.0136851 -0.00393939 -0.020572 -0.031792 -0.0167837 0.00795773 0.00579778 0.0142232 -0.00294489 0.00719183 0.0139731 0.00319674 0.00845199 -0.00366379 0.0181595 -0.00143605 -0.00481755
internal_weight=177726 107000 70726 57362 49638 50461 20265 44408 39207 37205 24032 33330 24929 18388 21164 10217 6053 21295 23113 4729 16281 10431 7203 18384 8174 18522 9863 6519 4445 17752 4164 5117 14278 10632 3646 9498 6407 2366 4041 2729 928 15910 14519 7307
internal_count=177726 107000 70726 57362 49638 50461 20265 44408 39207 37205 24032 33330 24929 18388 21164 10217 6053 21295 23113 4729 16281 10431 7203 18384 8174 18522 9863 6519 4445 17752 4164 5117 14278 10632 3646 9498 6407 2366 4041 2729 928 15910 14519 7307
cat_boundaries=0 1 3 5 12 19 26 33 40 42 44 51 53 60 67 69 76 78 81 82 84 86 88 89 90 92 93 100 102 104 106 107 114 115 116 117 118 120 127 128 129
cat_threshold=42 2183594193 135713869 76099332 237111296 539090961 150995521 138412034 2162200576 17844992 65536 1089 57345 150995456 136314912 14717192 16800512 33554475 134219040 553648385 134938880 136314916 4194312 536926981 4194318 136200 257 142754112 2097156 4194312 536890144 4194314 1088 1050664 2181333188 4203008 240 143400960 2147551233 67371008 2149646464 134529088 2149712072 9487441 34084136 574760960 40960 16 2559475712 268288 71368712 76579616 69730304 1577480 646981792 8388608 401472 269713424 268288 17326080 16777224 2249228300 16640 1049664 18350080 1 83888128 605563138 31465488 536936464 576 4194304 2147516416 1064960 65536 1089 2184314946 8929284 273056195 268534016 20 84 65792 201459712 2147483856 135270464 0 26498112 276 20 1107558418 17047564 16 0 134217728 2097152 0 2560 0 1024 134217730 12584960 1610612746 41945088 33947648 49157 2147549184 1052672 9439232 294912 33554496 270008320 2147745792 84017152 324 16 256 131072 0 1 8212 2050 256 167937 1048576 1074003984 18433 16 33816592
is_linear=0
shrinkage=0.05


Tree=10
num_leaves=45
num_cat=29
split_feature=0 2 2 2 2 0 2 0 2 0 6 0 0 8 0 2 8 4 6 6 6 2 0 2 0 5 0 2 0 2 5 6 0 2 0 6 6 0 2 4 5 0 2 5
split_gain=2506.44 1097.52 809.049 801.154 576.673 460.981 306.418 269.672 208.717 167.371 166.347 159.468 159.323 149.187 126.478 120.335 120.139 152.296 120.023 120.055 116.972 112.869 91.5511 84.1655 83.6162 83.3529 214.785 114.882 98.8197 82.8069 81.7358 80.6342 78.5107 72 71.8526 71.1192 71.9751 68.56 100.494 63.2436 62.5199 67.5497 62.0795 60.0327
threshold=0 1 2 3 4 5 6 7 8 9 4.5000000000000009 10 11 3.5000000000000004 12 13 10.500000000000002 2.5000000000000004 1.5000000000000002 4.5000000000000009 1.5000000000000002 14 15 16 17 299.50000000000006 18 19 20 21 158.50000000000003 1.5000000000000002 22 23 24 1.5000000000000002 5.5000000000000009 25 26 2.5000000000000004 39.500000000000007 27 28 126.50000000000001
decision_type=9 9 9 9 9 9 9 9 9 9 2 9 9 2 9 9 2 2 2 2 2 9 9 9 9 2 9 9 9 9 2 2 9 9 9 2 2 9 9 2 2 9 9 2
left_child=3 7 11 -1 12 10 9 -2 22 16 15 -3 -5 32 42 34 17 25 -15 40 -17 -9 -7 -12 -19 26 27 43 -27 -28 -29 -11 -10 -14 -4 -16 -37 38 -13 -23 -20 -42 -8 -6
right_child=1 2 5 4 6 8 14 21 13 31 23 37 33 18 35 20 -18 24 19 -21 -22 39 -24 -25 -26 28 29 30 -30 -31 -32 -33 -34 -35 -36 36 -38 -39 -40 -41 41 -43 -44 -45
leaf_value=0.015989036946040293 -0.018232795535083279 0.047839500497922599 0.02739496255324424 -0.011184278971453521 0.0013651163997674854 -0.004829973963266016 0.012152158754908382 -0.02837313718540976 -0.016704834427871806 -0.016894277394036563 -0.0044055751021403354 -0.013321252605730017 -0.032080248982687042 -0.005927617685424675 -0.01516158786867069 0.010081508656248385 -0.031871236608861431 0.019385402324487013 0.00017836930131145403 -0.0016915697159960996 0.012612267173210769 -0.0039655256458972837 0.016668955316008406 0.0086170801679555601 -0.0077758849280424487 -0.03164377304027207 -0.0098662538964099274 0.010089817346191389 -0.01177466418144716 -0.023216339966434452 -0.029652618901018529 -0.0062531767083687136 -0.0031904634875080441 -0.025536150343791558 0.013590912093543239 -0.002232495580444277 -0.013986884432764791 0.027177434869422826 0.021657664010815793 0.010458804282108403 0.016020473223688481 0.0055747950406317527 -0.0015545112211359181 0.028553196295525454
leaf_weight=4602 7238 3006 3430 2407 361 1096 2137 780 3047 4179 3095 439 1082 10350 4831 7935 2864 509 3721 8769 12164 4861 5626 6743 1258 680 1357 426 827 4533 504 9920 5340 6400 4453 9094 2009 5014 899 1692 4574 7203 5840 431
leaf_count=4602 7238 3006 3430 2407 361 1096 2137 780 3047 4179 3095 439 1082 10350 4831 7935 2864 509 3721 8769 12164 4861 5626 6743 1258 680 1357 426 827 4533 504 9920 5340 6400 4453 9094 2009 5014 899 1692 4574 7203 5840 431
internal_value=-0.000699391 0.0038781 0.00580205 -0.00840087 -0.00990366 0.00430696 -0.00778636 -0.00891228 0.00114203 -0.0113518 0.00846683 0.0197694 -0.0209668 -0.000139489 -0.0036307 0.0104353 -0.0152834 -0.0128973 0.00131005 0.00323279 0.0083669 -0.0021449 0.00932858 0.0028766 0.000537634 -0.0155006 -0.0133736 0.002194 -0.0262442 -0.0178983 -0.00968085 -0.00750939 -0.00612257 -0.0245862 0.0156784 -0.00620296 -0.00400342 0.0152153 0.00504451 7.61847e-06 0.00587818 0.00766324 0.0015087 0.0160848
internal_weight=177726 111475 96904 66251 61649 87546 51760 14571 49726 27849 37820 9358 9889 43004 23911 27982 13750 10886 34617 24267 20099 7333 6722 9838 1767 9119 7612 1722 1507 5890 930 14099 8387 7482 7883 15934 11103 6352 1338 6553 15498 11777 7977 792
internal_count=177726 111475 96904 66251 61649 87546 51760 14571 49726 27849 37820 9358 9889 43004 23911 27982 13750 10886 34617 24267 20099 7333 6722 9838 1767 9119 7612 1722 1507 5890 930 14099 8387 7482 7883 15934 11103 6352 1338 6553 15498 11777 7977 792
cat_boundaries=0 2 9 16 23 30 32 39 41 48 50 52 54 56 63 70 72 79 80 82 86 87 94 96 103 105 107 114 116 123
cat_threshold=1686679300 56633872 57601 151060992 136314882 283148288 83909121 100794508 1088 1577472 2185537668 25088 65 276955152 3221493760 67911696 270015016 2722398220 2147510272 80 2550693889 4096 67108864 1075961857 150999809 136314880 148930568 16796548 65536 134218752 2149777600 1360961 553648388 147568 262146 2147488768 537927712 4194346 321 136314915 76465164 2181303336 546308106 5013760 16785584 786560 2097152 16789536 1611137028 4204544 2097216 9716801 1610612992 4196352 1073741828 4196880 3120 2097410 32768 67108880 1581056 17 16785409 32768 134283264 2097152 281018368 6656 33554432 1024 1048584 67108864 65548 1048592 256 16781320 672170272 33 1 1073741824 1073741824 2048 0 16 0 2147483648 1073741824 536870916 0 0 1024 537919488 4194306 1 34865154 528384 81920 0 2097152 12582912 2560 0 1024 2228352 65 0 67272716 1048576 0 0 0 0 2048 67108864 1310720 201986048 0 76546050 4227328 17825920 0 2064 16926760
is_linear=0
shrinkage=0.05


Tree=11
num_leaves=45
num_cat=36
split_feature=3 0 0 2 1 2 2 0 0 0 2 1 2 2 0 2 0 0 2 3 8 8 3 2 5 0 1 5 6 3 2 0 3 2 0 0 0 0 6 6 0 1 0 10
split_gain=4005.25 1648.07 1090.82 896.678 441.388 340.943 332.524 244.135 240.916 207.297 204.118 203.691 199.786 169.499 141.738 140.79 127.591 117.821 114.58 113.671 99.9665 98.0533 99.5231 124.647 95.9562 89.0394 87.916 86.6359 81.4439 81.0995 80.3242 76.9802 95.5302 92.4445 73.7833 73.0468 70.7479 70.7069 68.6756 68.6242 67.8593 66.7963 64.2298 91.2901
threshold=0 1 2 3 4 5 6 7 8 9 10 11 12 13 14 15 16 17 18 19 3.5000000000000004 7.5000000000000009 20 21 13.500000000000002 22 23 188.50000000000003 2.5000000000000004 24 25 26 27 28 29 30 31 32 1.5000000000000002 4.5000000000000009 33 34 35 12.500000000000002
decision_type=9 9 9 9 9 9 9 9 9 9 9 9 9 9 9 9 9 9 9 9 2 2 9 9 2 9 9 2 2 9 9 9 9 9 9 9 9 9 2 2 9 9 9 2
left_child=1 6 5 9 15 34 25 13 31 21 -5 -10 36 -6 -7 -4 -17 -12 -16 26 -13 -3 41 -24 -21 -1 -11 -20 -26 -27 40 32 -8 -33 -2 -32 -9 -31 -14 -40 -19 -23 -22 -44
right_child=2 3 4 10 7 14 8 12 11 19 17 20 38 -15 18 16 -18 30 27 24 42 22 23 -25 28 29 -28 -29 -30 37 35 33 -34 -35 -36 -37 -38 -39 39 -41 -42 -43 43 -45
leaf_value=-0.0038092078182111466 -0.037804676815383118 -0.017948059625286984 -0.021363359269479021 0.010019284507662374 0.037073298380310087 -0.0083487810962016018 0.024423161536290174 0.034970098775041272 0.0082357541282308717 0.0048583761960920291 -0.015273163332678108 -0.014107418730972278 0.010175416136173855 0.025541356100331314 0.019869736519470323 0.0011342340493687209 0.016770376631064701 -0.0068862724473027328 -0.0024841521037081375 -0.027975428429874574 -0.013440567313081332 -0.031170839301070587 -0.0047173591450145776 -0.026403101732565715 -0.02218435730355451 -0.0014894964361908348 -0.025035083530592986 0.0088732627321744979 -0.010390106468262095 -0.031424604455916549 0.0048620092005760675 0.023344598666353057 0.0040840558945249737 0.0044248057140017227 -0.016664818726325949 -0.011794002402010029 0.022961291533001152 -0.013771275422172703 0.013257152767505427 0.007120049130507889 0.010932890631152959 -0.027661632034679712 -0.0067588240263323001 0.0062863328456677255
leaf_weight=3623 658 11120 650 2975 4561 4050 1737 2323 7898 1636 6069 3153 4633 11645 2324 6891 5878 1399 8558 833 3357 1689 1116 2545 4864 1246 629 5144 5747 1283 1789 2045 1159 8825 1665 9897 4454 3222 6830 3820 1848 3252 4056 4630
leaf_count=3623 658 11120 650 2975 4561 4050 1737 2323 7898 1636 6069 3153 4633 11645 2324 6891 5878 1399 8558 833 3357 1689 1116 2545 4864 1246 629 5144 5747 1283 1789 2045 1159 8825 1665 9897 4454 3222 6830 3820 1848 3252 4056 4630
internal_value=-0.000706706 -0.00705244 0.0081707 -0.0127103 0.0121646 -0.00104645 -2.59493e-05 0.0149023 0.00211283 -0.0180033 -0.0053258 -0.00100848 0.0114635 0.0195733 0.00105546 0.00435252 0.00551295 -0.00706263 0.00316787 -0.0132481 -0.004393 -0.0213004 -0.0253197 -0.0188641 -0.0152785 -0.00842924 -0.00296703 0.00142211 -0.014009 -0.0122982 -0.00466774 0.00734611 0.0145905 0.00540441 -0.0191384 -0.00660055 0.0186165 -0.0154264 0.00828157 0.0104977 0.00228738 -0.030004 -0.00232085 -4.59982e-05
internal_weight=177726 103642 74084 57408 51685 22399 46234 38266 36860 33431 23977 23094 22060 16206 20076 13419 12769 21002 16026 13709 15196 19722 8602 3661 11444 9374 2265 13702 10611 5751 14933 13766 2896 10870 2323 11686 6777 4505 15283 10650 3247 4941 12043 8686
internal_count=177726 103642 74084 57408 51685 22399 46234 38266 36860 33431 23977 23094 22060 16206 20076 13419 12769 21002 16026 13709 15196 19722 8602 3661 11444 9374 2265 13702 10611 5751 14933 13766 2896 10870 2323 11686 6777 4505 15283 10650 3247 4941 12043 8686
cat_boundaries=0 1 3 5 12 15 22 29 31 33 35 42 45 52 59 61 68 70 72 79 80 81 88 90 93 94 101 102 103 110 111 113 115 117 119 121 122
cat_threshold=340 2183594193 135712845 76099364 237111296 536993809 16777745 2 2162201600 17845120 65696 1089 2017747841 469893249 24 536871169 142754048 136314884 4194312 536898336 4194314 66624 553707521 150995457 32 14717192 16800544 33554466 134219008 2228304 9716801 2149646464 134529088 1745365006 58728976 34084136 46180352 40960 64 2559442946 268288 71827464 473319468 45510 22 2088 114589772 8192 2148532448 143138816 2147485696 67438592 1056792 2147483654 0 64 8388608 3221225488 67125248 8914944 2097152 0 134217728 136314880 4194304 2560 0 1024 3892707473 4461128 537405698 16785408 17106952 33587208 16640 1054016 18513920 1076101120 83904512 320 16 16 16 0 1024 384 0 1 2147483856 135270464 33562624 8388616 4 16 1050624 605028482 0 1056800 0 0 16932864 2147483648 16 1314816 9439232 294912 34603072 268959744 3221487616 84017160 8389124 1073742336 67109888 1074003978 16809988 2097153 393220 1050124 11011088 0 8388624 33554448
is_linear=0
shrinkage=0.05


Tree=12
num_leaves=45
num_cat=31
split_feature=0 2 2 2 2 0 2 0 2 0 0 0 6 8 2 8 4 2 0 6 6 0 5 0 8 2 6 0 2 2 2 0 2 2 6 8 0 0 2 0 0 6 6 2
split_gain=2148.4 944.021 703.918 703.054 510.462 368.021 267.078 238.511 196.484 175.123 160.406 158.671 151.6 135.192 116.474 115.412 149.131 115.337 108.594 107.686 101.811 91.3465 81.5218 197.263 108.482 97.3358 81.2185 79.5706 79.4104 78.8704 75.9378 74.5628 97.2475 69.5937 69.4249 65.4708 80.4078 75.857 64.3967 63.1472 60.8675 60.0348 68.6881 59.7841
threshold=0 1 2 3 4 5 6 7 8 9 10 11 4.5000000000000009 3.5000000000000004 12 10.500000000000002 2.5000000000000004 13 14 1.5000000000000002 4.5000000000000009 15 299.50000000000006 16 1.5000000000000002 17 1.5000000000000002 18 19 20 21 22 23 24 1.5000000000000002 7.5000000000000009 25 26 27 28 29 1.5000000000000002 5.5000000000000009 30
decision_type=9 9 9 9 9 9 9 9 9 9 9 9 2 2 9 2 2 9 9 2 2 9 2 9 2 9 2 9 9 9 9 9 9 9 2 2 9 9 9 9 9 2 2 9
left_child=3 7 10 -1 11 12 9 35 21 15 -3 -5 14 39 -4 16 22 -9 38 -15 -21 30 23 24 -6 -24 -11 -18 -25 -13 -7 32 -12 -14 43 36 -2 -37 -8 -10 -17 -20 -43 -16
right_child=1 2 5 4 6 8 18 17 13 26 31 29 33 19 34 40 27 -19 41 20 -22 -23 25 28 -26 -27 -28 -29 -30 -31 -32 -33 -34 -35 -36 37 -38 -39 -40 -41 -42 42 -44 -45
leaf_value=0.014501210123060999 0.004553187445869189 0.05260802607393289 0.0020227354299716008 -0.0084863215772869368 -0.036115722500456589 0.020855977471305756 0.010432903046265242 0.0018812101756421895 -0.014691043610730925 -0.015315278139826916 -0.012496852559988537 -0.031670174722150113 -0.0040008129583690381 -0.0067529955792492774 0.0076906778843599151 -0.031337964424085263 0.016320523444123859 -0.018175145626428576 -0.014251028526804189 0.0062603561538586375 -0.0021936340719591499 0.017297506264756613 -0.028591114983353705 -0.0087945495150526746 0.008424063460767817 -0.010322954905223176 -0.0055148308844933103 -0.010765340155301374 -0.021325827532875388 -0.023632225955997479 -0.0015953215829775603 0.026692118319502148 0.021196571312339419 0.0073185751926761466 0.014306412318547424 -0.028627390574665026 -0.015823059271403483 -0.0174945584667285 -0.0023422589806079254 -0.0024408533532120414 -0.021286632681374474 -0.0021621853967375595 -0.013764550998585569 0.017709986472457386
leaf_weight=4664 802 1689 4368 2070 272 864 2468 5783 4068 4229 494 781 3472 9395 4490 1253 745 1734 4450 14085 8053 4429 689 1360 1454 834 10002 1020 4565 6689 3194 6091 957 6952 15393 1291 3165 1794 6921 3388 1623 8341 1821 5524
leaf_count=4664 802 1689 4368 2070 272 864 2468 5783 4068 4229 494 781 3472 9395 4490 1253 745 1734 4450 14085 8053 4429 689 1360 1454 834 10002 1020 4565 6689 3194 6091 957 6952 15393 1291 3165 1794 6921 3388 1623 8341 1821 5524
internal_value=-0.000725836 0.00351213 0.00529634 -0.00785605 -0.00927399 0.0039123 -0.00732178 -0.00835105 0.000930801 -0.0106359 0.0184233 -0.0199058 0.00743242 -0.000570527 0.00925105 -0.014651 -0.0123183 -0.00214561 -0.00344634 0.000861003 0.00276448 0.00782041 -0.014879 -0.0127761 0.00213134 -0.0254432 -0.00673057 0.000991501 -0.0170935 -0.0233155 0.00238446 0.0152542 0.00496235 0.00224482 0.0105461 -0.0149533 -0.010726 -0.0204376 0.00075008 -0.00662554 -0.0235744 -0.00614143 -0.0040248 0.00730977
internal_weight=177726 111475 96906 66251 61587 87675 52047 14569 47476 28046 9231 9540 40199 38989 29775 13815 10939 7517 24001 31533 22138 8487 9174 7651 1726 1523 14231 1765 5925 7470 4058 7542 1451 10424 25407 7052 3967 3085 9389 7456 2876 14612 10162 10014
internal_count=177726 111475 96906 66251 61587 87675 52047 14569 47476 28046 9231 9540 40199 38989 29775 13815 10939 7517 24001 31533 22138 8487 9174 7651 1726 1523 14231 1765 5925 7470 4058 7542 1451 10424 25407 7052 3967 3085 9389 7456 2876 14612 10162 10014
cat_boundaries=0 2 9 16 23 30 32 39 41 48 50 52 54 61 67 69 71 73 80 82 89 96 101 103 110 117 119 121 128 130 132 139
cat_threshold=1686679300 56633872 4251905 151060992 136314880 283148288 83909121 100794508 1088 1577472 2185529484 4219392 64 276955152 3221493760 67911696 270015144 2789474316 2147510272 80 2550693889 4096 83886080 122881 150999809 136314880 14712840 16796548 65536 134218752 2149777600 9749569 3776971008 131184 262150 2281706496 537927712 4194474 321 136314921 76465164 2181301288 76554530 295168 18096289 819330 2097152 4202496 1611137028 4204544 0 1328192 1610612736 4196352 2164588544 536870960 4 152056104 295170 2097184 134220032 24576 0 0 32768 16384 8 1073774596 4196880 1310730 67633164 1073741824 2048 0 0 0 0 0 0 1 1073741824 2048 536870912 0 0 1024 537927680 4194306 1 16384 0 0 8388608 2560 0 1024 1032 8396800 32768 32 786432 2147483648 67272716 1052672 0 0 0 0 0 67108864 65548 1048848 256 16781320 672170272 4194337 133121 8 67141632 134217728 75530240 0 9469954 4227072 84934656 0 2064 149544 169082882 659456 1073741824 2048 1610612744 9445696 8388640 2147877888 524324 4194304 131072
is_linear=0
shrinkage=0.05


Tree=13
num_leaves=45
num_cat=39
split_feature=3 0 0 1 1 1 1 0 0 3 1 0 0 0 0 0 5 8 3 0 0 8 1 6 0 0 1 1 1 1 0 1 0 8 0 1 0 3 0 3 1 3 3 1
split_gain=3588.23 1431.14 959.389 721.32 388.157 291.408 270.612 275.786 206.423 177.653 161.342 154.95 153.936 148.67 142.59 130.032 105.97 104.511 108.948 102.95 97.7809 152.395 95.3866 88.4138 82.7487 81.7854 78.0389 77.556 75.6987 75.2736 97.4911 73.187 72.7926 71.3267 99.405 65.3848 65.1439 160.933 60.323 59.4603 58.4379 58.4344 56.2724 54.2351
threshold=0 1 2 3 4 5 6 7 8 9 10 11 12 13 14 15 29.500000000000004 10.500000000000002 16 17 18 10.500000000000002 19 2.5000000000000004 20 21 22 23 24 25 26 27 28 9.5000000000000018 29 30 31 32 33 34 35 36 37 38
decision_type=9 9 9 9 9 9 9 9 9 9 9 9 9 9 9 9 2 2 9 9 9 2 9 2 9 9 9 9 9 9 9 9 9 2 9 9 9 9 9 9 9 9 9 9
left_child=1 6 5 8 10 24 7 -1 17 12 19 -12 -5 43 27 22 25 38 -19 -4 21 40 -11 -18 -2 -10 -20 32 33 36 39 -15 -6 -22 -35 -16 37 -9 -3 -31 -8 -23 -40 -7
right_child=2 3 4 9 14 13 20 29 16 15 11 -13 -14 31 35 -17 23 18 26 -21 28 41 -24 -25 -26 -27 -28 -29 -30 30 -32 -33 -34 34 -36 -37 -38 -39 42 -41 -42 -43 -44 -45
leaf_value=0.010148073943889779 -0.035279530280723614 -0.0026994087342855026 -0.015879530670525801 -0.018622451662572183 0.052253641489015429 -0.011917171195143917 -0.00029695965616330925 0.018285954781498203 -0.025985078706554587 0.01014464001187363 0.02168501429735786 0.0063323046607845716 -0.0044732745033299829 -0.0023659843751795973 0.013942697636892343 0.0048067384083530507 -0.018181942659622807 -0.029130144224481114 0.0011314137429705329 0.0052937003673351694 0.0248403286108974 0.068436721971428111 -0.010485048075563476 -0.0072136855657983501 -0.014946221581557602 -0.014162310824030478 -0.024098001276106562 0.024686180753185273 -0.0010537839415540983 0.0045172249618337101 0.00025840067647412427 0.0082780006925180956 0.030524903240477987 -0.016553006494562261 0.019275493486177166 0.024696897426054722 -0.0079653627907380741 -0.027712561320377416 0.021109446969268544 -0.012730432662926984 0.014071845911922138 0.018589149913107856 -0.019954840842409935 0.0021716157659329937
leaf_weight=4578 740 621 1543 4441 1174 3639 2373 486 1659 1001 7416 10757 3741 5088 9827 6889 5352 2157 403 3440 1759 714 8383 6242 1558 1821 1000 10407 7854 979 9126 10907 1319 443 513 4777 5963 1724 182 6136 2872 714 13516 1492
leaf_count=4578 740 621 1543 4441 1174 3639 2373 486 1659 1001 7416 10757 3741 5088 9827 6889 5352 2157 403 3440 1759 714 8383 6242 1558 1821 1000 10407 7854 979 9126 10907 1319 443 513 4777 5963 1724 182 6136 2872 714 13516 1492
internal_value=-0.000712332 -0.00671864 0.00769023 -0.011991 0.0115591 -0.000678501 -0.000170833 -0.00312047 -0.0168204 -0.00547926 0.00678149 0.00896717 -0.0114868 0.00116389 0.0155775 -0.00245348 -0.0124834 -0.0204679 -0.0281461 -0.00119167 0.00478785 0.00952417 -0.0062806 -0.0101949 -0.0175477 -0.0201437 -0.016879 0.0194268 0.00179128 -0.00523256 -0.00325826 0.00353952 0.027467 0.00897248 -0.00198745 0.0121664 -0.00914701 -0.0164865 -0.0185732 -0.00764211 0.00559581 0.0240196 -0.0192588 -0.0062342
internal_weight=177726 103642 74084 57408 50660 23424 46234 28992 32953 24455 23156 18173 8182 21126 27504 16273 15074 17879 3560 4983 17242 6673 9384 11594 2298 3480 1403 12900 10569 24414 16241 15995 2493 2715 956 14604 8173 2210 14319 7115 5245 1428 13698 5131
internal_count=177726 103642 74084 57408 50660 23424 46234 28992 32953 24455 23156 18173 8182 21126 27504 16273 15074 17879 3560 4983 17242 6673 9384 11594 2298 3480 1403 12900 10569 24414 16241 15995 2493 2715 956 14604 8173 2210 14319 7115 5245 1428 13698 5131
cat_boundaries=0 1 3 5 7 10 12 15 17 19 20 23 25 27 29 31 33 34 36 38 41 43 45 47 50 53 55 57 60 62 64 67 69 70 72 73 76 77 78 81
cat_threshold=340 2183594193 135712845 76099364 237115392 4060152529 276832536 2017780625 469926033 28 805306369 131072 1921094345 1487012144 1 2147483776 134217728 1611147276 58731024 16 1610613505 335675393 8 2228416 9487441 545827878 4194832 76023808 2097152 1075970122 9716801 605038848 65544208 16 3221225473 5538392 2149646464 134500416 67108900 71450722 24 8389124 4096 135267328 71303168 0 8388616 0 65538 64 203702308 37056 2 1879114433 1073741840 35782672 4097 1078233088 1275068800 2 0 9716736 0 1 33751106 1082130694 1 2097153 393228 16 0 2048 68 393216 67108868 6 256 64 2186379456 1082163201 5
is_linear=0
shrinkage=0.05


Tree=14
num_leaves=45
num_cat=24
split_feature=3 1 2 2 2 2 5 3 8 3 1 2 8 2 8 8 2 2 7 5 1 3 2 8 1 5 5 8 3 8 5 8 2 3 8 5 2 1 10 5 2 10 8 2
split_gain=3236.61 856.602 546.513 342.371 231.712 205.15 166.44 162.339 146.201 319.375 275.358 133.156 131.62 120.548 113.128 126.638 92.8135 91.5765 85.6212 87.1112 74.7526 72.4612 64.752 61.5314 61.0761 58.4599 55.2182 54.9666 108.841 55.9909 54.5539 53.7659 50.3136 50.2152 49.6557 45.0754 45.0187 43.8168 43.7994 42.5377 40.1794 36.9916 36.5658 35.9371
threshold=0 1 2 3 4 5 65.500000000000014 6 10.500000000000002 7 8 9 7.5000000000000009 10 7.5000000000000009 2.5000000000000004 11 12 1.0000000180025095e-35 289.50000000000006 13 14 15 3.5000000000000004 16 4.5000000000000009 132.50000000000003 9.5000000000000018 17 8.5000000000000018 16.500000000000004 3.5000000000000004 18 19 7.5000000000000009 415.50000000000006 20 21 16.500000000000004 236.50000000000003 22 12.500000000000002 7.5000000000000009 23
decision_type=9 9 9 9 9 9 2 9 2 9 9 9 2 9 2 2 9 9 2 2 9 9 9 2 9 2 2 2 9 2 2 2 9 9 2 2 9 9 2 2 9 2 2 9
left_child=2 5 16 33 27 12 20 14 11 10 -10 -6 22 41 15 37 -1 26 35 25 34 -15 -2 -13 -21 -20 -8 29 -29 -3 -14 -19 -32 -4 -5 -16 -23 -7 -22 -39 -25 -9 -33 -12
right_child=1 4 3 6 8 7 17 13 9 -11 43 23 30 21 18 -17 -18 31 19 24 38 36 -24 40 -26 -27 -28 28 -30 -31 32 42 -34 -35 -36 -37 -38 39 -40 -41 -42 -43 -44 -45
leaf_value=-0.023899475986989528 -0.010470022169217398 0.018246923578347375 0.03100575246680623 0.0062085088865803054 0.0022100907377568648 -0.025129761125853647 0.013566820555339365 -0.0056264480872755818 0.066765840942483182 -0.0063724977376975467 -0.021269292867618375 -0.01154808278182713 -0.02728545182823135 -0.015646615960482974 -0.014877986348961147 -0.0065750027501784332 -0.0040822120503778928 0.0045399965756329095 -0.03038262571962045 -0.025991679524169711 0.0057051511763026811 -0.0058129044226492678 -0.030332342253456736 -0.0024568235569313759 -0.016016284626826867 -0.011300650352931508 0.02347226417847699 -0.012502345095003177 0.030813496369654636 0.050285449877959736 -0.01931223585117078 0.017557980133836606 -0.025557287295551304 0.016400279441275544 -0.0061110937652696373 0.0014369552993661495 0.011709562966927534 -0.01440159750993188 0.013333067050283316 -0.0012815404401215758 -0.0095513786114923126 0.0063980880347516483 0.0092948279931059485 0.010955119763783095
leaf_weight=1241 5184 2379 6720 2854 7811 830 4969 2407 1561 4427 258 6721 780 5724 12537 15256 6554 5475 189 620 8236 230 549 10038 432 3916 7629 828 505 455 2042 6511 1685 3037 3153 643 771 4084 4460 651 8167 3396 9887 1924
leaf_count=1241 5184 2379 6720 2854 7811 830 4969 2407 1561 4427 258 6721 780 5724 12537 15256 6554 5475 189 620 8236 230 549 10038 432 3916 7629 828 505 455 2042 6511 1685 3037 3153 643 771 4084 4460 651 8167 3396 9887 1924
internal_value=-0.000790543 -0.00627605 0.0075082 0.00905531 -0.00103141 -0.0100927 0.00747217 -0.00880726 -0.00217636 0.00380661 0.014535 -0.00367016 -0.0165659 -0.00384431 -0.0103937 -0.00787426 -0.00497758 0.0095341 -0.0132601 -0.0187221 0.00367588 -0.00839644 -0.0115559 -0.00545396 -0.0315589 -0.0154324 0.0129362 0.0101867 0.00183796 0.0141496 -0.0229754 0.00756523 -0.0204588 0.0176666 -0.000922387 -0.0111229 0.00400593 -0.0143306 0.00584763 -0.0123815 -0.00394672 0.00143644 0.0090011 0.00301095
internal_weight=177726 107000 70726 62931 45074 61926 53174 51686 40907 8170 3743 32737 10240 12528 39158 20821 7795 34471 18337 5157 18703 6725 5733 24926 1052 4105 12598 4167 1333 2834 4507 21873 3727 9757 6007 13180 1001 5565 12696 4735 18205 5803 16398 2182
internal_count=177726 107000 70726 62931 45074 61926 53174 51686 40907 8170 3743 32737 10240 12528 39158 20821 7795 34471 18337 5157 18703 6725 5733 24926 1052 4105 12598 4167 1333 2834 4507 21873 3727 9757 6007 13180 1001 5565 12696 4735 18205 5803 16398 2182
cat_boundaries=0 1 4 11 18 25 32 33 34 37 44 51 58 65 67 68 74 76 77 82 83 90 92 99 106
cat_threshold=42 1912668881 1484785048 32 536871169 143347968 2283798564 4194312 536894240 4194318 5184 1065000 2181333132 1077955088 16777568 143400976 2147483649 84410368 168302184 2193762312 57344 64 268435480 268288 65552 57345 134217728 134217728 283115520 16796416 136 1024 20 256 393216 8196 90 1075052800 605061122 33554432 1056897 9207808 2149580800 84558344 16777216 0 0 1040 536870944 0 1 256 134414336 2097152 4194304 18944 0 1024 16787456 4194304 532480 2147647616 0 1073743872 264193 4229888 67108864 320 24576 0 0 8388608 16777984 136 0 8388608 20 8192 0 0 0 16640 32 268435456 0 4194304 8 0 1 256 0 8388608 2052 64 8388608 117720352 0 1073807360 10240 4 1048576 0 67114240 0 0 16384
is_linear=0
shrinkage=0.05


Tree=15
num_leaves=45
num_cat=23
split_feature=3 1 2 2 2 2 5 8 2 3 2 8 2 6 6 5 2 3 6 6 2 5 3 6 2 2 8 10 3 5 1 5 1 8 10 3 6 8 8 1 1 2 8 8
split_gain=2992.96 820.513 560.54 318.039 216.451 187.561 150.542 138.632 319.702 180.022 132.264 129.389 109.986 102.735 211.795 111.115 182.015 90.8417 89.863 83.8405 79.7265 75.8681 70.5237 69.742 67.8262 59.8776 59.5717 57.7076 57.4467 53.3561 64.5581 52.3844 52.2452 50.0892 48.2135 47.9612 41.349 40.6369 64.9143 42.5229 39.804 39.778 39.5644 62.9332
threshold=0 1 2 3 4 5 124.50000000000001 10.500000000000002 6 7 8 7.5000000000000009 9 4.5000000000000009 2.5000000000000004 299.50000000000006 10 11 1.5000000000000002 5.5000000000000009 12 75.500000000000014 13 5.5000000000000009 14 15 9.5000000000000018 16.500000000000004 16 100.50000000000001 17 16.500000000000004 18 8.5000000000000018 5.5000000000000009 19 4.5000000000000009 7.5000000000000009 3.5000000000000004 20 21 22 1.5000000000000002 8.5000000000000018
decision_type=9 9 9 9 9 9 2 2 9 9 9 2 9 2 2 2 9 9 2 2 9 2 9 2 9 9 2 2 9 2 9 2 9 2 2 9 2 2 2 9 9 9 2 2
left_child=1 5 20 28 25 11 27 12 9 -9 -8 24 -6 14 21 23 17 -17 -14 -20 -2 32 41 42 -1 -3 33 34 -4 30 -16 -13 -7 -27 -5 -28 -29 38 -36 -39 -33 -10 -15 -44
right_child=2 4 3 6 7 13 10 8 22 -11 -12 31 18 15 29 16 -18 -19 19 -21 -22 -23 -24 -25 -26 26 35 36 -30 -31 -32 40 -34 -35 37 -37 -38 39 -40 -41 -42 -43 43 -45
leaf_value=-0.0099782210764540972 -0.025455681098961416 0.031323468968596703 0.015703638146612964 0.017702159839840161 0.0019624693416899763 -0.012011544200627272 0.020097485729950015 0.066155329969158405 -0.017030312181821872 -0.0032754296251646278 0.0083325593462386938 -0.026189982452528328 -0.013665353115426339 -0.015982339627401355 0.0018968097681263064 -0.025090750783728591 -0.006392383612217523 -0.010519907730697338 -0.00211845087126184 -0.012165521654228163 -0.0057787362862680158 -0.010967811990968357 -0.008282207957083499 -0.015839319802058334 -0.030390433954976304 0.012157254392030015 0.015928224071212672 0.011864509252755713 0.029656834060380458 0.00038624901144402869 -0.0097234619975784201 -0.016220491976169333 -0.019179846430430331 0.047741525004421671 -0.0009094121965183777 -0.011998232284743726 0.0038640090003328243 -0.0034617841039976728 0.012592171085018422 0.0060818125334737294 -0.024059323873402472 0.011972023578946223 -0.00098730134120549322 -0.0093938268755305258
leaf_weight=4737 1015 681 2574 1225 6923 2074 13511 1348 271 509 14378 772 7479 498 2024 974 1031 246 14036 2731 6447 11875 3275 5638 587 2502 598 7514 6372 6445 6339 1494 7902 469 3596 818 2655 5416 5940 3441 1649 2290 3207 2220
leaf_count=4737 1015 681 2574 1225 6923 2074 13511 1348 271 509 14378 772 7479 498 2024 974 1031 246 14036 2731 6447 11875 3275 5638 587 2502 598 7514 6372 6445 6339 1494 7902 469 3596 818 2655 5416 5940 3441 1649 2290 3207 2220
internal_value=-0.000785479 -0.00627098 0.00688855 0.00834434 -0.0010833 -0.0100867 0.0069809 -0.00235131 0.00365917 0.0216658 0.00962207 -0.016645 -0.00383554 -0.00888319 -0.0075002 -0.0125597 -0.0227232 -0.0356911 -0.00542134 -0.00339059 -0.00610278 -0.0106288 -0.002104 -0.0105812 -0.011589 0.00862544 0.00644758 0.00451036 0.017117 -0.00288358 -0.00551835 -0.0235632 -0.0138432 0.0104847 0.00292588 -0.0019774 0.00756712 0.0022862 0.00455117 -0.000152422 -0.0206968 0.00410346 -0.00679325 -0.00555556
internal_weight=177726 103642 74084 66622 43930 59712 57676 38862 7693 1857 27889 9239 31169 50473 36659 13814 2251 1220 24246 16767 7462 21851 5836 11563 5324 5068 4387 29787 8946 14808 8363 3915 9976 2971 19618 1416 10169 18393 9536 8857 3143 2561 5925 5427
internal_count=177726 103642 74084 66622 43930 59712 57676 38862 7693 1857 27889 9239 31169 50473 36659 13814 2251 1220 24246 16767 7462 21851 5836 11563 5324 5068 4387 29787 8946 14808 8363 3915 9976 2971 19618 1416 10169 18393 9536 8857 3143 2561 5925 5427
cat_boundaries=0 1 4 11 18 25 32 39 40 47 54 61 62 69 70 75 82 83 85 87 88 91 92 99
cat_threshold=340 1921057497 1484784920 32 4194561 134959360 136314916 4194312 536895264 4194318 70656 1065000 2181333132 18448 67109056 134750224 2147549184 67633152 169350952 2193631496 40960 8256 268435480 268288 28 536928257 134217728 32 283115520 16796160 8 1024 0 67108896 256 131072 0 4194304 16908288 256 16852992 71303168 1078469120 2181218304 9437184 1090521104 17041417 1074003968 68190210 33554432 1048705 9207808 2149580801 84558336 0 0 0 0 0 0 1 16 256 134283264 136314880 4194304 2560 0 1024 320 24576 0 0 8388608 16777728 524800 2151680000 0 64 268435480 4096 16 130 8388608 8388864 128 1082130432 320 4489984 75497489 4 64 4 17825792 0 5376 0 0 16384
is_linear=0
shrinkage=0.05


Tree=16
num_leaves=45
num_cat=39
split_feature=3 0 0 1 1 1 0 1 0 0 0 8 1 3 1 3 0 0 0 3 0 3 0 0 6 3 1 1 0 1 0 0 8 0 1 3 0 1 0 8 0 1 8 0
split_gain=2704.86 1279.21 936.599 588.367 280.328 262.581 223.018 197.531 190.317 183.149 153.967 149.028 148.849 138.207 137.522 132.413 111.234 106.895 106.217 105.03 127.131 104.705 100.175 99.2689 98.4303 97.5285 87.5333 84.631 79.4691 78.5474 91.346 81.1826 76.4405 76.3269 74.8452 73.5253 72.5276 71.1954 68.6052 77.0718 65.0255 64.5181 63.8539 67.4439
threshold=0 1 2 3 4 5 6 7 8 9 10 10.500000000000002 11 12 13 14 15 16 17 18 19 20 21 22 4.5000000000000009 23 24 25 26 27 28 29 9.5000000000000018 30 31 32 33 34 35 7.5000000000000009 36 37 3.5000000000000004 38
decision_type=9 9 9 9 9 9 9 9 9 9 9 2 9 9 9 9 9 9 9 9 9 9 9 9 2 9 9 9 9 9 9 9 2 9 9 9 9 9 9 2 9 9 2 9
left_child=2 5 7 6 10 17 12 33 24 27 -4 21 35 28 19 23 -17 -2 -9 20 -10 -8 -23 -5 -7 -19 -20 -6 -13 31 -31 -12 -22 -1 36 -3 -26 -15 39 -14 -27 -11 43 -16
right_child=1 3 4 15 9 8 11 18 14 41 29 13 38 37 42 16 -18 25 26 -21 32 22 -24 -25 34 40 -28 -29 -30 30 -32 -33 -34 -35 -36 -37 -38 -39 -40 -41 -42 -43 -44 -45
leaf_value=-0.035615067071705024 -0.0021476770941851633 -0.0096642898375406579 0.03105819372232433 -0.021297445334671608 0.03897159711707035 0.013583716173482668 0.0068549099562743021 -0.009439257286337455 0.054107674819640322 0.0081761344439503069 -0.01601226091948852 -0.027995510775655066 -0.0022182283993905151 -0.01914192018851163 0.0032387771142602332 -0.0077218893619790067 0.0040801592535144151 0.0046231449534695273 -0.0068579204161268396 0.00073507799959462441 -0.00017079786786444175 -0.010661731742216891 -0.017731764334158653 -0.0064181248716964736 -0.023870742101956888 -0.026980655244238917 0.0053318307444012785 0.024992325738497037 -0.022316829731090872 0.016140198556778496 0.0038063104283054595 0.0049388010219490802 0.045779287527723068 -0.013332144184256335 0.0035203821960729242 0.0057873461581345546 0.0025200208218014277 0.00051051415541564227 -0.02232850047080337 -0.019014701839399017 -0.011288141081348369 0.017243988652620269 -0.0014031366527073375 -0.012407462179492741
leaf_weight=559 5466 6160 2094 2223 2319 9016 526 4141 828 4904 1429 1362 1142 1184 952 8448 7945 1010 4901 4909 1482 4434 14333 3581 321 1205 9831 9305 1757 4042 9230 1819 637 833 2324 1827 356 596 2239 1184 3258 15319 13429 2866
leaf_count=559 5466 6160 2094 2223 2319 9016 526 4141 828 4904 1429 1362 1142 1184 952 8448 7945 1010 4901 4909 1482 4434 14333 3581 321 1205 9831 9305 1757 4042 9230 1819 637 833 2324 1827 356 596 2239 1184 3258 15319 13429 2866
internal_value=-0.000797857 -0.00581254 0.00678862 -0.0107488 0.0104347 0.00024236 -0.0146324 -0.002291 0.00224886 0.0132859 0.00555198 -0.0174448 -0.00920236 -0.0252398 -0.000228965 -0.00431621 -0.00201488 -0.00656224 -0.000945295 0.00525044 0.0126987 -0.0154745 -0.0160862 -0.0108015 0.0074208 -0.0114992 0.00104463 0.0182998 -0.0315916 0.00392619 0.00563168 -0.00303867 0.00612964 -0.0203994 -0.000416528 -0.00507065 -0.0149199 -0.0138547 -0.0164044 -0.010274 -0.014677 0.0103964 -0.00272643 -0.00843373
internal_weight=177726 107000 70726 58941 50461 48059 36744 20265 37120 31847 18614 24192 12552 4899 25103 22197 16393 10939 18873 7856 2947 19293 18767 5804 12017 5473 14732 11624 3119 16520 13272 3248 2119 1392 3001 7987 677 1780 4565 2326 4463 20223 17247 3818
internal_count=177726 107000 70726 58941 50461 48059 36744 20265 37120 31847 18614 24192 12552 4899 25103 22197 16393 10939 18873 7856 2947 19293 18767 5804 12017 5473 14732 11624 3119 16520 13272 3248 2119 1392 3001 7987 677 1780 4565 2326 4463 20223 17247 3818
cat_boundaries=0 1 3 5 7 10 13 15 17 19 21 23 25 26 29 30 32 34 36 37 39 40 42 44 45 48 51 53 54 56 58 60 63 64 66 68 70 72 74 76
cat_threshold=42 2183594193 135712845 76099332 237111296 4060160723 411050264 1883251601 335708161 28 1610683081 1073741969 1 76580640 69731328 536870913 131072 2149646464 134611008 2228296 9716801 35651648 16400 2181046786 276832520 16 207767844 127044 82 16 605036800 61349904 2181300432 135270464 8914944 2097152 256 0 20480 192 134217730 41945088 545827846 2560 16 1346666512 201326848 2 64 65536 64 1611137026 8390656 1610613249 2147614849 1082433 134217889 5542476 8389124 2048 270532612 12582912 2 20 2097152 131072 838926529 256 1049120 67633152 2097152 393216 426048 134234368 65 32780
is_linear=0
shrinkage=0.05


Tree=17
num_leaves=45
num_cat=37
split_feature=3 0 0 2 2 2 0 0 2 0 1 0 2 2 2 8 0 0 1 0 6 8 1 0 0 3 5 0 0 3 2 6 2 2 0 1 8 3 8 0 0 2 3 0
split_gain=2495.08 1198.39 811.381 656.326 332.154 295.078 260.503 191.487 184.895 143.442 142.694 140.171 136.473 118.973 116.442 103.913 109.318 96.6168 94.0772 92.0912 87.1028 84.1387 123.339 83.4341 73.4401 121.848 81.5284 72.5603 70.2018 116.686 96.6065 66.3902 64.1082 61.6443 55.2097 65.66 54.8257 70.1018 145.925 100.656 71.6511 70.5664 54.1864 57.846
threshold=0 1 2 3 4 5 6 7 8 9 10 11 12 13 14 10.500000000000002 15 16 17 18 2.5000000000000004 10.500000000000002 19 20 21 22 62.500000000000007 23 24 25 26 5.5000000000000009 27 28 29 30 3.5000000000000004 31 7.5000000000000009 32 33 34 35 36
decision_type=9 9 9 9 9 9 9 9 9 9 9 9 9 9 9 2 9 9 9 9 2 2 9 9 9 9 2 9 9 9 9 2 9 9 9 9 2 9 2 9 9 9 9 9
left_child=1 3 8 11 9 17 13 21 -2 -4 24 20 -9 -6 -5 34 -17 -3 -10 -12 -1 28 -23 -16 25 -8 -26 -24 29 -7 -30 32 -22 -19 35 -13 -14 40 -39 -40 -38 -42 43 -25
right_child=2 5 4 14 6 7 10 12 18 -11 19 15 36 -15 23 16 -18 33 -20 -21 31 22 27 42 26 -27 -28 -29 30 -31 -32 -33 -34 -35 -36 -37 37 38 39 -41 41 -43 -44 -45
leaf_value=-0.019062306352550174 -0.023804021670643518 -0.0019780639961711646 -0.01707309230588119 0.0085298904982369535 0.030318577776541192 0.021646610386929305 -0.0089298019530842498 0.010606629118874424 0.010389777578956051 0.0050125743266687846 0.011455243252441584 -0.0068170357793208795 -0.0089077407100531369 0.021023617813796865 -0.00091595309307446193 -0.026639186675276268 -0.019137980229397979 -0.010474526507456956 -0.0047289198247058911 0.019993076225810799 -0.00010025537947864205 0.048078990792817217 -0.017816530616263933 -0.0010431239819957861 0.0012551607591513138 0.0098887955407941496 0.012180918635829929 0.015890436944182164 -0.0019228808726845738 -5.6932990570390812e-05 0.013024832743243016 -0.014255024310023146 -0.011398435133091507 -0.021912777391975009 -0.018152193656762905 -0.016602375172066974 -0.007549346708181204 0.0025756967650496843 -0.016620330468676416 -0.0045115791807099574 0.032886521219422142 -0.0060215905408205041 -0.0086733547356972699 -0.016753996367498369
leaf_weight=4979 2257 3627 2089 2308 4415 1896 1963 3855 2101 3843 8670 2144 4755 10122 5567 1226 2679 5024 10523 9788 2948 766 354 837 4424 2679 11210 2272 6633 1635 2862 1281 1636 1208 10317 2666 2187 5038 2659 4298 2338 694 9937 3016
leaf_count=4979 2257 3627 2089 2308 4415 1896 1963 3855 2101 3843 8670 2144 4755 10122 5567 1226 2679 5024 10523 9788 2948 766 354 837 4424 2679 11210 2272 6633 1635 2862 1281 1636 1208 10317 2666 2187 5038 2659 4298 2338 694 9937 3016
internal_value=-0.000778164 -0.00578667 0.00622857 -0.0111918 0.00885194 -0.000438487 0.0101021 0.00137982 -0.00420724 -0.00237294 0.00795478 -0.0159975 -0.00130448 0.0158143 -0.00456055 -0.0185957 -0.0258771 -0.00822272 -0.00184423 0.0111382 -0.0114244 0.00560019 0.0126179 -0.00582692 0.00505275 -0.000472915 0.00669266 0.00735964 0.00377706 0.00978537 0.00153077 -0.00730605 -0.00449389 -0.0119994 -0.0167284 -0.0121992 -0.0028277 -0.00151621 -0.00361933 -0.00831537 0.00331803 0.00828402 -0.00791304 -0.0129563
internal_weight=177726 103642 74084 51541 59203 52101 53271 42242 14881 5932 38734 29876 25824 14537 21665 19032 3905 9859 12624 18458 10844 16418 3392 19357 20276 4642 15634 2626 13026 3531 9495 5865 4584 6232 15127 4810 21969 17214 11995 6957 5219 3032 13790 3853
internal_count=177726 103642 74084 51541 59203 52101 53271 42242 14881 5932 38734 29876 25824 14537 21665 19032 3905 9859 12624 18458 10844 16418 3392 19357 20276 4642 15634 2626 13026 3531 9495 5865 4584 6232 15127 4810 21969 17214 11995 6957 5219 3032 13790 3853
cat_boundaries=0 1 3 5 12 19 26 28 30 37 39 42 44 51 58 65 67 69 72 74 77 79 81 82 84 86 87 94 101 107 109 111 112 114 116 123 124 126
cat_threshold=340 1821945134 62926352 76033540 169869312 553705489 16777731 4194306 2162201600 17852672 1073807376 1025 71303424 134938880 136314980 4194312 536926981 4194318 201728 536928513 150994945 2097186 81825800 50354976 42 4195328 35782720 9454657 2149646464 134533184 257 142739714 136314884 4194312 536898336 4194331 1280 3254845729 5652056 276267969 469811456 22 210797856 4195328 2148270600 646981794 4194304 270464 269156368 333825 134242304 1056784 2147493890 0 163905 0 1074003984 67125248 531496 583051392 0 8 2558918658 4096 71958536 1073741824 8390656 2147746000 135270464 2150633636 138493954 81 134283681 71997968 1179648 4194368 17 1216348200 33558016 1610711296 83894784 8 2097152 32768 2147483648 32768 16 1075904540 578813984 0 2164654336 1056772 33554448 134228233 536870928 16777728 0 2147483648 1056768 16 1 40960 0 2097184 67145728 16781600 34 2 58722816 570433536 8396800 256 528 69206024 33554433 655361 0 0 0 2182235392 1048576 0 1 16 68157696 8388608
is_linear=0
shrinkage=0.05


Tree=18
num_leaves=45
num_cat=39
split_feature=3 0 0 1 1 1 0 1 0 1 0 3 0 6 0 6 3 0 0 1 0 1 1 0 8 0 0 1 0 1 1 1 1 3 8 0 1 5 0 0 3 1 0 0
split_gain=2277.5 1165.49 700.876 451.35 271.199 270.521 214.697 203.01 141.298 193.717 169.298 131.64 128.479 125.249 123.013 117.198 108.6 107.864 104.515 98.4821 95.4563 88.4681 84.3842 117.786 97.2844 81.5521 79.7194 79.0861 74.1166 73.1705 72.5395 68.9131 68.5487 66.4853 77.8801 63.7588 85.1647 61.7865 60.1404 58.2866 62.2218 56.8554 75.6426 57.7235
threshold=0 1 2 3 4 5 6 7 8 9 10 11 12 2.5000000000000004 13 5.5000000000000009 14 15 16 17 18 19 20 21 10.500000000000002 22 23 24 25 26 27 28 29 30 6.5000000000000009 31 32 58.500000000000007 33 34 35 36 37 38
decision_type=9 9 9 9 9 9 9 9 9 9 9 9 9 2 9 2 9 9 9 9 9 9 9 9 2 9 9 9 9 9 9 9 9 9 2 9 9 2 9 9 9 9 9 9
left_child=1 3 7 8 17 26 19 20 9 11 -11 -1 -7 41 -9 28 18 29 -5 39 -2 37 24 -24 -8 -18 -4 -19 -15 -3 -14 -30 38 34 -21 36 -23 -16 -28 40 -6 43 -43 -10
right_child=2 4 5 16 6 12 22 14 13 10 -12 -13 30 15 21 -17 25 27 -20 33 -22 35 23 -25 -26 -27 32 -29 31 -31 -32 -33 -34 -35 -36 -37 -38 -39 -40 -41 -42 42 -44 -45
leaf_value=-0.023460761568038148 -0.028181655858469837 -0.00025761067365576151 0.013036494804502974 -0.0050282743142733184 -0.012726637233336181 0.015917779412476407 0.01096964347412064 -0.0083748619060194825 -0.023020277371149402 0.011861512157593002 -0.021640910778711265 -0.019318539229253497 -0.0026606935855608919 -0.0025924615519596905 -0.0079878710463739174 -0.015944923968186787 -0.0087387577799247166 -0.020906683816652734 -0.016369647871260742 -0.0013024244730291679 -0.004869092253828056 -0.01491199427434935 0.018355266956827227 0.0025790756200391451 0.045088359331657647 0.0021644182370850807 0.040100356912257822 -0.0015793194896508767 7.5718033853333652e-05 -0.018226075306699775 0.0072352917413885725 -0.011369653967357764 0.018935148835665262 -0.0018947598286998381 0.028891777456505313 0.010749543975496746 0.0076405446531623072 0.00316581598418626 0.023038542196085476 -0.0015316175035491155 0.0091373660639115558 -0.021571958712715014 -0.015804332639624691 -0.0064321996311716206
leaf_weight=1650 1312 888 6315 3500 4044 8274 3067 4281 795 603 2265 474 5055 4257 4133 3499 5744 1158 3098 2116 1314 979 2084 11868 932 6442 1958 6852 1163 3211 12957 5747 11203 7690 2126 8283 1994 6105 3169 3688 505 3756 5630 1542
leaf_count=1650 1312 888 6315 3500 4044 8274 3067 4281 795 603 2265 474 5055 4257 4133 3499 5744 1158 3098 2116 1314 979 2084 11868 932 6442 1958 6852 1163 3211 12957 5747 11203 7690 2126 8283 1994 6105 3169 3688 505 3756 5630 1542
internal_value=-0.000754532 -0.00572188 0.00569419 -0.0111121 -0.000337387 0.00932041 0.00173354 -0.000554363 -0.0147829 -0.022531 -0.0139333 -0.0340206 0.00586401 -0.0133092 0.000796975 -0.0102346 -0.00497499 -0.00685288 -0.0101392 -0.00180633 -0.0137709 0.0023391 0.00570959 0.00386764 0.0121103 -0.00217284 0.0133282 -0.00346633 -0.0077326 -0.0134461 0.00349018 -0.0109249 0.0151836 0.00109697 0.00611477 0.00539677 -0.000888367 -0.00102459 0.0200214 -0.00600825 -0.00979381 -0.0171671 -0.0189123 -0.0100341
internal_weight=177726 100394 77332 50165 50229 48931 38120 28401 31381 4992 2868 2124 26286 26389 25775 14666 18784 12109 6598 20169 2626 21494 17951 13952 3999 12186 22645 8010 11167 4099 18012 6910 16330 11932 4242 11256 2973 10238 5127 8237 4549 11723 9386 2337
internal_count=177726 100394 77332 50165 50229 48931 38120 28401 31381 4992 2868 2124 26286 26389 25775 14666 18784 12109 6598 20169 2626 21494 17951 13952 3999 12186 22645 8010 11167 4099 18012 6910 16330 11932 4242 11256 2973 10238 5127 8237 4549 11723 9386 2337
cat_boundaries=0 1 3 5 7 10 13 15 17 19 21 22 23 25 27 28 30 32 35 37 40 43 44 46 48 50 52 54 57 59 62 63 65 68 70 72 73 75 77 79
cat_threshold=404 1821945390 63449616 612970277 241309696 2986418897 411050396 1879118017 1073741968 1 2249271398 1222717618 67 33947984 70255621 805306369 131104 1073741828 8192 1 8388624 1073741824 16 2228288 9454593 8914944 2097152 16 2097409 69616648 1276117544 42469392 38052608 201523240 72 8397349 137216 1111724120 201326596 2 2151809572 138522690 24 2147483648 605038592 59252736 135299200 565776 536870913 144 76580360 4718592 805310464 1073741968 1610744713 268435712 24 2684354560 8388736 2214660164 134283392 64 384 9728 33554432 0 256 4 2097152 26494016 33816592 67108865 272 8704 142614664 8922112 54528528 135275528 524800
is_linear=0
shrinkage=0.05


Tree=19
num_leaves=45
num_cat=20
split_feature=3 1 2 2 2 3 2 5 5 2 2 2 4 5 2 5 3 9 2 6 9 6 6 6 3 2 6 6 6 6 1 6 6 10 3 5 6 6 5 5 3 3 2 9
split_gain=2076.85 599.984 349.27 245.506 211.006 228.368 267.839 239.325 134.604 115.45 105.3 105.15 100.762 97.5246 97.3664 100.042 85.3695 75.4887 74.0841 73.507 60.2135 56.7979 74.1835 52.5559 52.4265 51.2049 49.6604 48.4436 45.9753 52.5714 44.7132 47.0558 48.9723 44.1031 43.9629 42.514 40.0359 39.876 36.0554 38.4081 31.6603 30.8819 30.8108 39.7572
threshold=0 1 2 3 4 5 6 299.50000000000006 124.50000000000001 7 8 9 2.5000000000000004 98.500000000000014 10 31.500000000000004 11 1.0000000180025095e-35 12 2.5000000000000004 1.0000000180025095e-35 2.5000000000000004 4.5000000000000009 5.5000000000000009 13 14 4.5000000000000009 2.5000000000000004 1.5000000000000002 5.5000000000000009 15 4.5000000000000009 1.5000000000000002 12.500000000000002 16 180.50000000000003 1.5000000000000002 4.5000000000000009 354.50000000000006 820.50000000000011 17 18 19 1.0000000180025095e-35
decision_type=9 9 9 9 9 9 9 2 2 9 9 9 2 2 9 2 9 2 9 2 2 2 2 2 9 9 2 2 2 2 9 2 2 2 9 2 2 2 2 2 9 9 9 2
left_child=2 4 18 34 14 6 7 17 30 33 -10 25 38 28 -2 -16 35 26 -1 -17 -12 -15 -23 24 -21 -3 -6 40 -8 -30 -5 32 -32 -7 -4 36 -13 -38 -9 -40 -11 -29 43 -18
right_child=1 11 3 8 5 9 13 12 10 27 20 16 -14 21 15 19 42 -19 -20 23 -22 22 -24 -25 -26 -27 -28 41 29 -31 31 -33 -34 -35 -36 -37 37 -39 39 -41 -42 -43 -44 -45
leaf_value=-0.023444402232733603 -0.025890068150724824 0.027385562205996656 0.025216989759219422 0.00051840966935793318 -0.017571683174418696 -0.0034752530582135401 -0.014930100670572034 -0.021988918044177037 0.018284988289448235 -0.017447050033287361 0.003184121088243497 -0.015287648542285238 -0.0042366923052929717 -0.0093371107318147625 -0.017285129510524112 -0.013879359832332473 0.012579678398053729 -0.0068373048679236997 -0.0039972669048874863 0.0041153101510922555 0.012266022735142636 0.0035946166889031408 -0.0051564392568259404 -0.012196097707074582 -0.006359388715162801 0.0080287365339548507 -0.021452230800224882 -0.0043660288228917991 -0.0061965838654221344 -0.013162914337096121 0.0052292600985711871 0.00071753781592563963 0.010122253308189133 0.0062000037433798177 0.012843515405356443 0.0013701603219903992 -0.0012678114211176041 -0.0090162606722914325 -0.016483036691406716 -0.017787734981834068 -0.0055175173910267279 0.0079880753957468197 -0.00068223564140943447 0.00024265797603076344
leaf_weight=876 1381 520 6627 9112 1045 4256 3977 1092 10897 3008 8514 2020 254 6222 4566 6749 3823 2087 6054 1721 7303 4309 3145 1797 4374 4905 852 4917 8019 1955 5567 5035 8226 5730 2515 2107 2937 1695 221 228 2092 769 10069 4158
leaf_count=876 1381 520 6627 9112 1045 4256 3977 1092 10897 3008 8514 2020 254 6222 4566 6749 3823 2087 6054 1721 7303 4309 3145 1797 4374 4905 852 4917 8019 1955 5567 5035 8226 5730 2515 2107 2937 1695 221 228 2092 769 10069 4158
internal_value=-0.000759596 -0.00515372 0.00588809 0.00704636 -0.00761207 -0.0059718 -0.00853184 -0.0183192 0.00577528 -0.00185256 0.00831399 0.000548939 -0.0335097 -0.00647863 -0.0119235 -0.0109877 -0.000736418 -0.0115211 -0.00476945 -0.00897821 0.00569596 -0.00348055 -0.000536625 -0.00570198 -0.00348646 0.00689052 -0.0187401 -0.0054372 -0.00942226 -0.00760979 0.00335004 0.00474042 0.00625317 0.00202081 0.0146307 -0.0047839 -0.00674985 -0.00418826 -0.0383193 -0.026392 -0.00898039 -0.00226873 0.00122924 0.00354774
internal_weight=177726 107000 70726 63796 74766 54178 33406 5779 54654 20772 26714 32234 1795 27627 20588 19207 26809 3984 6930 14641 15817 13676 7454 7892 6095 5425 1897 10786 13951 9974 27940 18828 13793 9986 9142 8759 6652 4632 1541 449 5100 5686 18050 7981
internal_count=177726 107000 70726 63796 74766 54178 33406 5779 54654 20772 26714 32234 1795 27627 20588 19207 26809 3984 6930 14641 15817 13676 7454 7892 6095 5425 1897 10786 13951 9974 27940 18828 13793 9986 9142 8759 6652 4632 1541 449 5100 5686 18050 7981
cat_boundaries=0 1 4 11 18 25 26 33 40 47 54 61 62 69 70 77 80 81 82 83 90
cat_threshold=42 4060160731 1484793244 37 257 143347968 2097188 4194312 536894240 4194318 5184 1048616 2252636292 1077955088 1216 134750224 2147483649 67633152 536928273 150995457 134217760 283152384 16796416 137 33555456 16 0 0 0 0 0 32 1 2112 650160418 8658944 1040 537002018 32 24577 16787456 0 532736 2197995520 0 1090521088 17041409 169350952 2147614728 33603584 8256 268435480 268703744 84475932 32769 150994944 134217728 14680064 18944 8 1024 80 256 134414336 2097152 4194304 2560 0 1024 144 524800 2147483656 0 64 268435480 4096 16 2420163456 201326593 4 40 320 260 0 1048576 0 131072 143392768 0 8192
is_linear=0
shrinkage=0.05


Tree=20
num_leaves=45
num_cat=36
split_feature=3 0 0 2 2 2 2 0 0 3 0 0 2 6 2 2 1 6 2 0 2 3 8 2 6 6 3 2 8 0 1 0 0 0 0 10 0 1 0 8 2 0 0 1
split_gain=1893.62 984.348 709.313 533.125 214.994 205.83 169.718 163.798 155.789 216.609 151.592 146.791 145.687 138.348 120.109 112.484 108.713 92.646 89.0835 86.5517 87.1628 85.3993 104.419 83.4775 81.8202 100.104 79.6292 77.6578 83.0392 71.7063 69.1577 72.6195 68.4914 66.7675 66.4992 66.2857 65.1935 64.974 63.7466 61.9627 64.4613 67.1208 61.9232 61.4008
threshold=0 1 2 3 4 5 6 7 8 9 10 11 12 2.5000000000000004 13 14 15 5.5000000000000009 16 17 18 19 7.5000000000000009 20 2.5000000000000004 4.5000000000000009 21 22 9.5000000000000018 23 24 25 26 27 28 10.500000000000002 29 30 31 10.500000000000002 32 33 34 35
decision_type=9 9 9 9 9 9 9 9 9 9 9 9 9 2 9 9 9 2 9 9 9 9 2 9 2 2 9 9 2 9 9 9 9 9 9 2 9 9 9 2 9 9 9 9
left_child=2 5 6 8 11 29 -1 14 9 16 39 -4 -12 30 32 -5 26 19 -8 20 -15 22 34 -9 -17 35 -3 28 -23 -2 33 -32 -6 -10 -14 -26 37 -20 -30 40 -7 -42 -16 -24
right_child=1 3 4 15 7 10 18 23 13 -11 12 -13 21 17 42 24 -18 -19 36 -21 -22 27 43 -25 25 -27 -28 -29 38 -31 31 -33 -34 -35 -36 -37 -38 -39 -40 -41 41 -43 -44 -45
leaf_value=-0.021866426072263242 -0.0012526856510407193 -0.018985883056560217 0.037182265524782369 0.0092427171934147175 0.032833943504505525 -0.0011169300699868713 0.012798728377448654 0.0097650557778758695 -0.022277216797348082 0.015750024394688877 -0.0055724193412337699 0.018022438279205345 0.016200539311909269 0.00040994026669394223 -0.0003354929898391146 -0.012056460500000234 -0.019062855723597352 -0.014492367092472154 -0.0082786038740882747 -0.0027146089227594707 -0.011956108170210495 0.017572929102983716 0.047908714121065211 0.00029949797519936985 -0.012212622112947331 -0.0063853445160849016 -0.021218023465884691 -0.002779464158929951 -0.0148632627333804 -0.011659031165575774 -0.012331339058133873 -0.019746395385745533 0.015777762156401667 -0.0050439230027462811 -0.0070939101677844453 0.004751319743198046 -0.0058774029506831419 0.0098260941002319968 0.012550671440710587 0.020732001692528979 0.020508304718075396 0.0049802080495228501 0.016268622781128284 0.022820504594161951
leaf_weight=1924 3861 242 2043 2408 1733 3266 2184 12824 812 361 12572 5316 1293 1291 3171 10648 970 3806 1487 5326 5390 1935 857 8174 2094 5061 1490 8144 605 5657 3337 6724 14596 1622 2111 4813 10408 3263 428 2233 2240 3334 3603 2069
leaf_count=1924 3861 242 2043 2408 1733 3266 2184 12824 812 361 12572 5316 1293 1291 3171 10648 970 3806 1487 5326 5390 1935 857 8174 2094 5061 1490 8144 605 5657 3337 6724 14596 1622 2111 4813 10408 3263 428 2233 2240 3334 3603 2069
internal_value=-0.000763535 -0.00495935 0.00558414 -0.00950182 0.00864776 0.000103724 -0.00259909 0.00732357 -0.0138444 -0.0245851 0.00163881 0.0165626 -0.000206501 -0.0126739 0.0102302 -0.00405449 -0.0294617 -0.00957124 -0.00103158 -0.00741651 -0.0112016 0.0027504 0.0073817 0.00412224 -0.00514894 -0.00231451 -0.0370838 0.000107894 0.00701813 -0.00651763 -0.0166106 -0.018444 0.0125558 -0.0089198 0.00143948 0.00159983 -0.0023932 0.00245798 -0.00440465 0.00663629 0.00476244 0.00802292 0.0046138 0.0143199
internal_weight=177726 107000 70726 56395 51460 50605 19266 44101 31371 3063 41087 7359 30014 28308 23103 25024 2702 15813 17342 12007 6681 17442 6330 20998 22616 11968 1732 11112 2968 9518 12495 10061 16329 2434 3404 6907 15158 4750 1033 11073 8840 5574 6774 2926
internal_count=177726 107000 70726 56395 51460 50605 19266 44101 31371 3063 41087 7359 30014 28308 23103 25024 2702 15813 17342 12007 6681 17442 6330 20998 22616 11968 1732 11112 2968 9518 12495 10061 16329 2434 3404 6907 15158 4750 1033 11073 8840 5574 6774 2926
cat_boundaries=0 1 3 5 12 19 26 33 35 37 38 40 42 49 56 63 65 72 74 81 82 89 90 97 99 101 103 105 107 109 111 114 116 123 124 126 129
cat_threshold=42 2183594193 204918861 76099332 237109248 536928273 153092609 140509186 2162201600 17853184 0 1089 1050664 38043846 4204544 225 142614528 2147551233 67633152 16836609 150994945 32 148930856 16833280 9 4195328 257 142739522 2097156 4194312 536898336 4194314 1088 2183266522 9462869 1073741824 8192 272 2149646464 134479936 536870912 26498112 572588036 33344 10486018 2147505152 270372 2185232418 2408 8340 2147494152 33028 2148716560 17825824 1076101136 26881 34084136 46311424 8192 16 2558951424 6144 71303176 0 8388608 17104908 2249228428 16640 1049920 18350080 1 83888128 680011814 25167888 32768 0 0 0 8448 0 1 256 268439552 76546568 573696 2148974848 17334272 1075839008 17049857 256 1073741832 646971520 4489216 8336 135397392 6144 201940992 2147746000 135270464 8192 8388608 537953056 524288 2097216 64 135269388 524800 131072 67162113 65792 201457664 2151710720 4259840 2 16 67158017 262160 578814000 134217984 33947648 1048576 1073741824 134228225 2149580800 2147483792 1048641 131072 4 2
is_linear=0
shrinkage=0.05


Tree=21
num_leaves=45
num_cat=37
split_feature=3 0 0 2 2 0 2 0 3 2 2 2 0 2 2 0 6 2 5 3 0 6 0 2 3 0 0 2 3 0 2 0 3 2 0 0 9 0 2 8 6 0 6 0
split_gain=1760.64 938.029 608.396 523.782 215.313 213.881 200.735 160.146 208.428 136.107 130.868 128.898 117.177 123.816 110.626 112.136 109.374 106.76 88.7686 113.213 267.002 87.7271 89.826 89.3417 87.0833 82.262 80.2026 77.5265 75.2316 132.473 72.8377 71.0559 70.4917 70.1472 74.0816 67.4294 77.7543 66.8902 65.2032 85.2771 63.1127 68.4835 66.0808 63.9453
threshold=0 1 2 3 4 5 6 7 8 9 10 11 12 13 14 15 2.5000000000000004 16 148.50000000000003 17 18 5.5000000000000009 19 20 21 22 23 24 25 26 27 28 29 30 31 32 1.0000000180025095e-35 33 34 9.5000000000000018 4.5000000000000009 35 3.5000000000000004 36
decision_type=9 9 9 9 9 9 9 9 9 9 9 9 9 9 9 9 2 9 2 9 9 2 9 9 9 9 9 9 9 9 9 9 9 9 9 9 2 9 9 2 2 9 2 9
left_child=1 6 10 7 31 9 25 8 17 -6 -2 37 -8 40 32 -16 33 24 -13 26 27 22 -18 -24 -3 -1 -20 -21 29 -15 -12 -4 -5 34 -9 36 -35 -7 -30 -40 41 -14 -43 -42
right_child=2 3 4 14 5 11 12 16 -10 -11 30 18 13 28 15 -17 21 -19 19 20 -22 -23 23 -25 -26 -27 -28 -29 38 -31 -32 -33 -34 35 -36 -37 -38 -39 39 -41 43 42 -44 -45
leaf_value=-0.0022839997418818703 -0.023070500970762145 -0.01803658890373221 -0.025264349276373665 0.017008927943974728 0.027205917039198592 0.010300681039919452 0.0096339030740529748 -0.021884116264487132 0.01916636604317656 0.016114677578418002 0.0068543902065833608 0.0024741612147358262 0.010597048640583185 0.041199980080113191 -0.00038001931531899682 -0.0092737099660447197 -0.010282699093156024 -0.018523754008208028 0.0034266659791773791 -0.01025270625265789 -0.0054811778017220484 -0.014021672488847493 -0.0011683570839093216 -0.0094508885560445465 -0.020157122292590458 -0.01232521979722534 0.021978936493875036 0.019062700238642285 -0.0053063007372080202 0.0046253341845268634 -0.0054937530867006264 -0.002202212821417754 -0.007161158745674562 -0.017968264615342979 -0.0046884358835538103 -0.019056414020905799 -0.0037625141204527149 0.022916353266506741 0.016729604779955831 -0.004311772934969804 0.0087603926584367119 -0.005370556677933392 0.0039647316195896348 -0.0092385792070006304
leaf_weight=5261 1845 242 608 1850 4245 4388 8297 667 310 10791 2376 16509 2188 1489 8272 15566 3453 923 1803 416 4337 3866 5465 3243 1490 4362 6487 3232 2608 1922 9447 2500 890 1298 1787 7323 1594 5100 2353 1048 794 8883 2153 4045
leaf_count=5261 1845 242 608 1850 4245 4388 8297 667 310 10791 2376 16509 2188 1489 8272 15566 3453 923 1803 416 4337 3866 5465 3243 1490 4362 6487 3232 2608 1922 9447 2500 890 1298 1787 7323 1594 5100 2353 1048 794 8883 2153 4045
internal_value=-0.00074778 -0.00495504 0.00513807 -0.00915466 0.00729322 0.00798876 0.000432695 -0.0134997 -0.0245882 0.0131131 -0.00438661 0.00616338 0.00215703 0.000583785 -0.00397548 -0.00506961 -0.0123459 -0.029137 0.00467464 0.00729647 0.00303315 -0.00960567 -0.00751994 -0.00479468 -0.0365672 -0.00597426 0.0113855 0.0129852 0.005228 0.0111517 -0.00244655 -0.00551636 0.00552727 -0.0158221 -0.00811688 -0.0176479 -0.0110613 0.0112971 0.00185247 0.00640575 -0.00183976 -5.29341e-05 -0.00165671 -0.0067266
internal_weight=177726 103642 74084 58239 60416 57308 45403 31661 2965 15036 13668 42272 35780 27483 26578 23838 28696 2655 32784 16275 7985 16027 12161 8708 1732 9623 8290 3648 9420 3411 11823 3108 2740 12669 2454 10215 2892 9488 6009 3401 18063 13224 11036 4839
internal_count=177726 103642 74084 58239 60416 57308 45403 31661 2965 15036 13668 42272 35780 27483 26578 23838 28696 2655 32784 16275 7985 16027 12161 8708 1732 9623 8290 3648 9420 3411 11823 3108 2740 12669 2454 10215 2892 9488 6009 3401 18063 13224 11036 4839
cat_boundaries=0 1 3 5 12 19 21 28 30 31 38 45 52 54 61 68 70 77 78 80 82 89 90 92 94 100 101 103 110 112 113 120 122 124 126 133 135 137
cat_threshold=340 2150039761 202821709 76033540 35651584 553705473 16777729 4194338 2430636032 51473152 65568 1025 71303424 134942736 136314916 4194312 536926725 4194318 201792 2228288 9454657 2701191185 16777217 0 14717216 23076 1107296288 4197632 1073741824 8192 272 1056792 10242 256 164161 0 3221225488 67125248 257 142739712 136314880 8 536890112 4194330 1024 2088 113541252 550912 2214601920 159391744 2048 67373056 2147549312 134479872 35718144 33360 8388608 2366653448 159653890 2147549202 532553 34086184 2193664128 0 8224 3095527426 2147751936 4718600 1249903144 2625024 0 0 0 0 0 0 1 32 2281701809 139073552 537403398 2048 0 0 0 2147487744 1056768 32 1 256 2147680464 135270465 2147516705 21137408 537919492 1048832 4194304 16 131328 32 256 2097153 20553 1048588 4 16640 1179984 18382848 2147483649 83888160 2147483936 135404544 320 16777216 0 4194304 0 0 65536 1 135267340 524288 537952544 524288 536936881 139072024 266272 2048 0 33685504 268435456 0 16777216 2097216 1179648 0 32844
is_linear=0
shrinkage=0.05


Tree=22
num_leaves=45
num_cat=21
split_feature=3 1 1 1 5 1 6 6 1 5 3 8 10 5 9 1 6 5 1 6 3 8 1 8 1 8 3 1 8 8 5 8 1 3 1 1 8 1 8 3 5 1 6 8
split_gain=1574.64 482.895 308.696 170.913 150.626 150.822 115.634 157.32 123.794 200.587 112.282 112.162 105.182 101.74 87.433 68.8588 66.6796 64.9764 64.1126 60.1933 59.1455 185.931 247.616 87.8835 86.0235 55.9436 53.6719 47.6807 46.1271 45.5551 46.9014 45.3364 43.7537 56.7687 44.5057 42.3465 42.3411 41.3004 41.2321 36.5273 36.4494 34.839 34.8099 34.3711
threshold=0 1 2 3 20.500000000000004 4 1.5000000000000002 4.5000000000000009 5 299.50000000000006 6 4.5000000000000009 11.500000000000002 62.500000000000007 1.0000000180025095e-35 7 5.5000000000000009 1.0000000180025095e-35 8 3.5000000000000004 9 10.500000000000002 10 9.5000000000000018 11 7.5000000000000009 12 13 3.5000000000000004 8.5000000000000018 4.5000000000000009 7.5000000000000009 14 15 16 17 2.5000000000000004 18 1.5000000000000002 19 134.50000000000003 20 3.5000000000000004 3.5000000000000004
decision_type=9 9 9 9 2 9 2 2 9 2 9 2 2 2 2 9 2 2 9 2 9 2 9 2 9 2 9 9 2 2 2 2 9 9 9 9 2 9 2 9 2 9 2 2
left_child=1 11 32 31 17 -6 -7 12 9 38 -11 15 18 25 39 -1 -10 -3 -8 43 21 27 -23 24 -22 28 -27 -13 -5 36 -31 -4 -2 -34 -35 40 -19 -21 -9 -15 -16 -32 -20 -14
right_child=2 4 3 13 5 6 7 8 16 10 -12 20 19 14 35 -17 -18 29 42 37 23 22 -24 -25 -26 26 -28 -29 -30 30 41 -33 33 34 -36 -37 -38 -39 -40 -41 -42 -43 -44 -45
leaf_value=0.0022991554122382741 -0.016529033419146168 0.031174581129549763 0.021225375829014514 0.00023761580168406572 -0.02636699273418899 -0.010911013486677529 -0.015743410297132398 -0.020473442635189489 -0.0016066477423248406 -0.01737857686364655 -0.0036329849040098506 0.042517066796437256 -0.01017557452011756 0.0015381471145926807 0.011779369332832412 -0.010669398886296755 -0.0086428365315446461 -0.017683417468046053 -0.010379855692714946 0.00059295716785124914 -0.0027208361072775136 0.052611949419304804 0.0052803706837217914 -0.0071910563559070334 0.012435535391503938 0.0080011404306343792 -0.0036035368736931695 -0.0004515710035538856 0.011179692609215719 -0.021679891188661333 -0.0036247316704896451 0.011085459192324155 -0.0093995555634738825 0.011719386208641186 -0.0028326683392044141 0.0096261533853413961 -0.0088556557495103778 0.0059881616145464724 -0.005942733792252475 0.0090890309421713059 0.018344636677786099 -0.017818711845096858 0.0011461585497778537 -0.0006222856757662266
leaf_weight=1915 1367 133 6572 3813 1011 19010 3122 245 6561 1014 272 335 2521 7617 3493 4504 6080 1218 5231 3359 3143 1531 1791 3999 3257 1603 7263 6180 5697 346 409 4954 2069 1808 6479 10651 3846 2563 2525 9609 4337 2468 2451 9354
leaf_count=1915 1367 133 6572 3813 1011 19010 3122 245 6561 1014 272 335 2521 7617 3493 4504 6080 1218 5231 3359 3143 1531 1791 3999 3257 1603 7263 6180 5697 346 409 4954 2069 1808 6479 10651 3846 2563 2525 9609 4337 2468 2451 9354
internal_value=-0.000732026 -0.00486236 0.00463008 0.0059655 -0.00694721 -0.00613681 -0.00583196 -0.00445936 -0.00831587 -0.0159124 -0.0322706 0.000905682 -0.00220796 0.00478528 0.00634189 -0.00485278 -0.0058612 -0.0132423 -0.00609959 0.00015452 0.00273275 0.00550929 0.0151415 0.000100874 0.00373438 0.00176317 -0.00109407 0.000606293 0.00442692 -0.0137987 -0.0184455 0.0114945 -0.00284241 -0.0017268 0.000126552 0.00873059 -0.0108412 0.00427221 -0.00837545 0.00377917 0.0115306 -0.0163538 -0.00362715 -0.00189895
internal_weight=177726 100394 77332 65609 73739 65319 64308 45298 16697 4056 1286 26655 28601 54083 35707 6419 12641 8420 10804 17797 20236 9837 3322 10399 6400 18376 8866 6515 9510 8287 3223 11526 11723 10356 8287 18481 5064 5922 2770 17226 7830 2877 7682 11875
internal_count=177726 100394 77332 65609 73739 65319 64308 45298 16697 4056 1286 26655 28601 54083 35707 6419 12641 8420 10804 17797 20236 9837 3322 10399 6400 18376 8866 6515 9510 8287 3223 11526 11723 10356 8287 18481 5064 5922 2770 17226 7830 2877 7682 11875
cat_boundaries=0 1 4 6 9 10 12 13 16 18 19 22 25 26 28 29 30 31 34 37 38 40
cat_threshold=404 208852268 2188103779 82 1879179529 268566593 2359306278 6377610 65 1 268435456 8388752 16 68173860 2151743490 64 1073809600 268435596 384 131076 64 82 4362240 6389760 64 10 32 2146304 1 64 131072 33620688 8421648 24 33892352 402653568 5 8 262144 8388608
is_linear=0
shrinkage=0.05


Tree=23
num_leaves=45
num_cat=21
split_feature=3 1 2 2 5 2 5 8 3 1 2 2 6 6 2 5 3 10 2 2 6 6 2 2 5 6 8 8 1 2 3 4 8 2 9 5 6 6 8 2 8 9 9 1
split_gain=1433.88 456.038 300.615 178.293 158.745 173.263 102.461 102.399 245.161 209.912 156.121 96.6663 80.9787 153.297 121.806 171.218 123.868 94.8117 64.3052 61.4263 59.0118 58.0859 56.6239 55.8795 54.1157 49.3489 49.0657 78.4115 55.4554 51.5871 47.5748 46.249 44.742 45.5785 44.6608 43.7829 40.9484 39.1483 38.5628 61.7599 49.3708 38.2863 38.1317 35.249
threshold=0 1 2 3 20.500000000000004 4 134.50000000000003 10.500000000000002 5 6 7 8 1.5000000000000002 4.5000000000000009 9 299.50000000000006 10 12.500000000000002 11 12 2.5000000000000004 5.5000000000000009 13 14 1.0000000180025095e-35 5.5000000000000009 7.5000000000000009 3.5000000000000004 15 16 17 2.5000000000000004 7.5000000000000009 18 1.0000000180025095e-35 24.500000000000004 5.5000000000000009 2.5000000000000004 9.5000000000000018 19 8.5000000000000018 1.0000000180025095e-35 1.0000000180025095e-35 20
decision_type=9 9 9 9 2 9 2 2 9 9 9 9 2 2 9 2 9 2 9 9 2 2 9 9 2 2 2 2 9 9 9 2 2 9 2 2 2 2 2 9 2 2 2 9
left_child=1 7 18 30 24 32 26 10 9 -9 20 42 23 17 15 -15 31 19 -2 -14 -1 -22 34 -7 -3 37 27 29 -28 -5 -4 -17 33 -6 -19 -30 -16 -26 39 40 -12 -13 -8 -29
right_child=2 4 3 6 5 12 11 8 -10 -11 38 41 13 14 36 16 -18 22 -20 -21 21 -23 -24 -25 25 -27 28 43 35 -31 -32 -33 -34 -35 -36 -37 -38 -39 -40 -41 -42 -43 -44 -45
leaf_value=-0.011398560643205158 -0.020818993100923 0.025476188823142953 0.0095839450618770538 -0.0073632329819976368 -0.0066430115823679532 -0.0062001663172455649 0.010945551376185015 0.050565668822560618 -0.0047320714148329397 0.0074786757967846952 0.016083160715937222 0.0021950768601259442 -0.014971263238105671 -0.0069180972064480433 -0.0014844254036784023 -0.016784780791597415 -0.0073563593120999256 -0.0048611741722896064 -0.0044315476079563381 -0.0033768034984277941 0.0011345600649014576 -0.010691322428860152 0.0071204117505902498 -0.010600211368836987 -0.017353430109993472 -0.018143133515558383 0.0079346782437223328 -0.00083140790089060175 -0.0058995728531310299 0.0056610202376033425 0.022577535722677712 -0.0042126759638730473 -0.018295999626670667 -0.025020092890389197 0.0022675791341980945 0.001728885067707664 -0.007633173406664185 -0.0095966486860692372 -0.0051379020888068895 0.0037230622526051582 0.047316590988240148 0.0094397718983044287 0.018301203325915828 0.013060744236541201
leaf_weight=7014 936 133 2551 2029 1741 4978 5663 1498 3081 1750 1422 7745 3463 3222 5707 1021 482 5935 6306 8494 6531 1690 3052 13061 3371 1234 1942 1140 3358 4305 5851 124 1527 534 6417 9567 5343 3414 1197 5863 343 6880 6855 8956
leaf_count=7014 936 133 2551 2029 1741 4978 5663 1498 3081 1750 1422 7745 3463 3222 5707 1021 482 5935 6306 8494 6531 1690 3052 13061 3371 1234 1942 1140 3358 4305 5851 124 1527 534 6417 9567 5343 3414 1197 5863 343 6880 6855 8956
internal_value=-0.000699954 -0.00449678 0.00461171 0.00566026 -0.00663295 -0.0058102 0.00467921 0.000652982 0.00631221 0.0158686 -0.000835411 0.00692812 -0.00516482 -0.00399214 -0.00789672 -0.0144989 -0.0277505 -0.00172326 -0.00506067 -0.00506398 -0.00389964 -0.00102786 0.000869904 -0.00797993 -0.0132115 -0.0137361 0.00273029 0.00461351 0.000649089 0.000252605 0.0124703 -0.0365801 -0.0161595 -0.0117582 -0.000639055 -0.000537302 -0.00498192 -0.0120634 0.00445388 0.00576822 0.0139437 0.00415784 0.0101533 0.00734945
internal_weight=177726 103642 74084 66842 73253 65101 58440 30389 6329 3248 24060 27143 61299 43260 15899 4849 1627 27361 7242 11957 15235 8221 15404 18039 8152 8019 31297 16430 14867 6334 8402 1145 3802 2275 12352 12925 11050 6785 8825 7628 1765 14625 12518 10096
internal_count=177726 103642 74084 66842 73253 65101 58440 30389 6329 3248 24060 27143 61299 43260 15899 4849 1627 27361 7242 11957 15235 8221 15404 18039 8152 8019 31297 16430 14867 6334 8402 1145 3802 2275 12352 12925 11050 6785 8825 7628 1765 14625 12518 10096
cat_boundaries=0 1 4 11 18 25 26 29 36 43 50 51 58 65 72 79 82 89 90 96 103 106
cat_threshold=340 209109284 2253115619 90 4194561 134959360 136314916 4194312 536895232 4194318 70720 1052712 105152644 1073760784 67110112 134217744 16779264 67633152 536920065 150995456 32 283115520 18944 8 1024 256 131072 67108928 26 262144 0 2 50741281 0 4325376 4857856 16787456 2147483656 532736 2181480448 1056768 3221225488 17041409 0 0 0 256 16789504 1073807360 134226177 16 4194560 134283264 2097152 4194304 2560 0 1024 3223396352 32 8388608 38016 1053060 33554464 134217728 18950160 32785 4456704 2281738624 1057024 1073741858 2369 3223322628 41986210 4456448 134218120 131234 33554432 134226209 64 33168 18 536879104 2048 32768 33591296 557088 16 8 130 536887296 512 0 12582912 512 8 135795208 0 0 8256 24 4096 16 1311040 1073741953 22
is_linear=0
shrinkage=0.05


Tree=24
num_leaves=45
num_cat=38
split_feature=3 0 0 1 1 1 0 1 3 0 0 3 1 6 0 0 6 0 1 0 1 1 0 0 1 0 0 0 1 5 5 1 5 0 0 0 3 3 1 1 5 0 1 0
split_gain=1294.89 910.118 541.25 318.911 185.002 154.429 137.999 169.472 169.75 168.237 133.331 133.241 126.387 113.853 103.143 100.24 90.9632 85.9232 81.4828 80.8684 80.6072 70.9164 69.9818 68.5841 64.491 99.4518 63.8677 63.6326 63.0794 60.7506 59.1887 54.7855 52.5449 56.2378 50.8672 50.7553 49.6178 49.4103 48.1742 46.7187 62.3225 46.0383 45.2978 44.1575
threshold=0 1 2 3 4 5 6 7 8 9 10 11 12 2.5000000000000004 13 14 5.5000000000000009 15 16 17 18 19 20 21 22 23 24 25 26 287.50000000000006 58.500000000000007 27 400.50000000000006 28 29 30 31 32 33 34 73.500000000000014 35 36 37
decision_type=9 9 9 9 9 9 9 9 9 9 9 9 9 2 9 9 2 9 9 9 9 9 9 9 9 9 9 9 9 2 2 9 2 9 9 9 9 9 9 9 2 9 9 9
left_child=1 5 12 6 14 23 7 8 34 -9 11 20 19 32 -4 37 22 18 26 -2 -7 30 42 -1 25 -12 -6 31 36 -16 -17 -5 33 -8 -3 -31 41 -14 -13 -35 -41 -24 -15 -26
right_child=2 3 4 27 17 10 13 9 -10 -11 24 38 15 16 29 21 -18 -19 -20 -21 -22 -23 28 -25 43 -27 -28 -29 -30 35 -32 -33 -34 39 -36 -37 -38 -39 -40 40 -42 -43 -44 -45
leaf_value=-0.00054645878295702668 -0.024504773206302156 -0.017819565083361074 0.024375918820837374 0.0038529204114688244 0.035764400621323668 0.0062420543105973338 -0.016291231320387945 0.014237370433054942 -0.011986555269095745 -0.015589413169359545 0.010215523792312376 0.01628109394361751 -0.010636729747930486 -0.0093864351265414269 0.0012178236773437434 -0.0074406688756273659 -0.01139351235939275 0.010409115892260413 0.014482066557924368 -0.0033629798765744791 -0.0078220518012512737 0.0089633279526107005 -0.0011244733393060758 -0.009921295499532851 0.025132259382498114 -0.00044825711314162576 0.019885095024295529 0.00025016389962144724 0.0013568409578304686 0.018888237392065934 0.0015837052134591912 -0.0091800012630323339 -0.0036434501442464406 -0.028739674167081508 -0.016576545950671158 0.0042487810929429165 0.0073826433438201507 0.0081707820301460173 0.0012918555524495724 -0.016045838194592061 -0.0061068180209642225 -0.015237054263385003 -0.0041786979965475757 0.008402227113875815
leaf_weight=5161 1225 1542 2076 1284 1551 2294 6565 694 855 5600 6154 2862 3725 2936 14079 4315 3980 11452 13105 1324 7298 5915 640 5052 1912 7136 2092 8551 4878 1719 10508 6437 1132 341 509 3690 341 556 3287 2624 3167 1056 3099 3007
leaf_count=5161 1225 1542 2076 1284 1551 2294 6565 694 855 5600 6154 2862 3725 2936 14079 4315 3980 11452 13105 1324 7298 5915 640 5052 1912 7136 2092 8551 4878 1719 10508 6437 1132 341 509 3690 341 556 3287 2624 3167 1056 3099 3007
internal_value=-0.000674634 -0.00442014 0.00418789 -0.00863872 0.007301 0.000951939 -0.0110423 -0.0164278 -0.0264403 -0.0117703 0.00257362 -0.000796775 -0.0014323 -0.0094267 0.00381014 -0.000349594 -0.00668045 0.0099681 0.0122568 -0.0120164 -0.00447823 0.00108926 -0.00464865 -0.00443608 0.00548603 0.00366917 0.0189023 -0.00273308 -0.00120578 0.0026772 -0.000758444 -0.00602121 -0.0127956 -0.0137158 -0.0342795 0.00718247 -0.00857352 -0.00730599 0.00494398 -0.0102084 -0.0091105 -0.012075 -0.00857734 0.0103774
internal_weight=177726 100394 77332 56231 49764 44163 39959 9200 2906 6294 33950 15741 27568 30759 21564 25019 16930 28200 16748 2549 9592 20738 12950 10213 18209 13290 3643 16272 6915 19488 14823 7721 13829 12697 2051 5409 2037 4281 6149 6132 5791 1696 6035 4919
internal_count=177726 100394 77332 56231 49764 44163 39959 9200 2906 6294 33950 15741 27568 30759 21564 25019 16930 28200 16748 2549 9592 20738 12950 10213 18209 13290 3643 16272 6915 19488 14823 7721 13829 12697 2051 5409 2037 4281 6149 6132 5791 1696 6035 4919
cat_boundaries=0 1 3 5 7 10 13 15 17 18 19 21 22 24 26 28 30 33 35 38 41 43 45 48 50 52 54 56 59 61 62 64 65 66 68 69 71 73 75
cat_threshold=404 2150039761 202821709 612970277 241315840 2999263955 478159260 2017858457 335708165 28 1610684609 1075839104 1 1073750022 8704 513 276832400 16 1073741824 393296 68157445 16 805306369 131104 2097216 16384 8914944 2097152 1075970138 26494017 2216691716 134283392 64 8397349 135168 403701798 33122 16 1111724120 1275134212 6 705169440 8390672 2147746000 135270465 305447170 75628840 78 2147549312 393216 0 26493952 605564162 58720272 805380289 201326592 134221860 229442 88 201853960 62916624 1073741824 2147614864 1048660 260 40 2183397414 8560704 805568513 1081864 4194304 33562689 134225944 2162688 20488
is_linear=0
shrinkage=0.05


Tree=25
num_leaves=45
num_cat=38
split_feature=3 0 0 2 1 0 3 2 2 1 0 0 3 0 0 6 0 2 3 2 6 6 0 2 0 2 3 2 0 2 0 2 3 3 10 6 0 2 2 2 0 9 0 0
split_gain=1196.99 772.5 535.177 401.762 181.838 163.638 187.261 139.852 129.317 115.278 100.74 99.1942 112.786 140.791 117.02 96.4764 87.0583 86.9429 83.3921 83.1254 81.7685 87.9037 81.4125 81.1981 76.757 75.8802 72.1854 72.0181 71.7786 69.438 66.707 63.1695 62.9814 62.4573 61.1811 58.1207 69.1592 73.5746 57.9292 57.8379 58.157 68.7446 54.1241 53.7611
threshold=0 1 2 3 4 5 6 7 8 9 10 11 12 13 14 2.5000000000000004 15 16 17 18 2.5000000000000004 5.5000000000000009 19 20 21 22 23 24 25 26 27 28 29 30 13.500000000000002 5.5000000000000009 31 32 33 34 35 1.0000000180025095e-35 36 37
decision_type=9 9 9 9 9 9 9 9 9 9 9 9 9 9 9 2 9 9 9 9 2 2 9 9 9 9 9 9 9 9 9 9 9 9 2 2 9 9 9 9 9 2 9 9
left_child=1 7 8 5 16 6 9 30 42 32 25 18 14 23 -13 39 38 33 -9 24 -19 28 29 -14 -16 -6 -24 -18 -22 -10 -1 -15 -3 -5 -21 36 -17 -38 -4 40 -7 43 -2 -42
right_child=2 3 4 17 10 15 -8 11 22 -11 -12 12 13 31 19 35 27 20 -20 34 21 -23 26 -25 -26 -27 -28 -29 -30 -31 -32 -33 -34 -35 -36 -37 37 -39 -40 -41 41 -43 -44 -45
leaf_value=-0.011391137148897069 -0.025528341988997141 -0.018611097399218159 0.026207045717551305 0.01594670410437482 0.028885273037312073 -0.015350644667864163 0.01806979749044078 0.018580052179595425 -0.000599339400970228 -0.014358232094078646 0.010329334233610927 -0.0081585830597267709 0.00047145037200766463 -0.0075643013229144684 0.034774575367289041 -0.0089430397826343044 -0.014806392260775531 -0.010570510805804269 0.0012891338930929421 -0.0020598492182313023 -0.007160751404122756 -0.0089626034288801948 0.015056254145682691 0.015466053552852244 0.016161599976838938 0.016104033615819947 -0.0062205505542516082 0.0035305986216777386 0.0033815165028265649 0.012839779381006999 -0.001317428037039925 0.0047033874038752256 -0.016940499105400887 -0.0064546430809890309 0.01304215226660433 -0.011776957029948888 -0.00067747824086560884 -0.0087542570108527559 -0.0023239318616324945 -0.017609472616585044 -0.018571733999221973 -0.0046010783576688474 -0.0093683548814503803 -0.010747555657911245
leaf_weight=3762 711 312 1760 1675 2488 4750 314 2044 8136 842 21168 2518 5967 8492 771 3538 700 10977 1472 3325 2899 2510 673 2625 3715 7922 9126 17377 6983 2476 5659 1821 1534 841 3232 3937 5606 3270 520 2132 1246 3398 1027 1475
leaf_count=3762 711 312 1760 1675 2488 4750 314 2044 8136 842 21168 2518 5967 8492 771 3538 700 10977 1472 3325 2899 2510 673 2625 3715 7922 9126 17377 6983 2476 5659 1821 1534 841 3232 3937 5606 3270 520 2132 1246 3398 1027 1475
internal_value=-0.000681386 -0.00415043 0.00417173 -0.00796151 0.00694677 -0.0116766 -0.0228088 0.000738775 -0.00233539 -0.0270941 0.00932316 0.00215881 0.00129326 -0.00120275 0.0047712 -0.0105306 0.00325772 -0.00331531 0.0101248 0.00698905 -0.00426665 -0.00148483 -0.00121688 0.00352244 0.0122331 0.0133589 -0.00450097 0.00209266 0.000637523 0.00181698 -0.00468137 -0.00513901 -0.0341595 0.00550277 0.00338815 -0.00797811 -0.00629934 -0.00392753 0.0124454 -0.0137489 -0.01223 -0.00896557 -0.015389 -0.0149026
internal_weight=177726 103642 74084 58239 51935 32354 3002 45403 22149 2688 31578 35982 32466 18905 13561 29352 20357 25885 3516 11043 23369 12392 20411 8592 4486 10410 9799 18077 9882 10612 9421 10313 1846 2516 6557 16351 12414 8876 2280 13001 10869 6119 1738 2721
internal_count=177726 103642 74084 58239 51935 32354 3002 45403 22149 2688 31578 35982 32466 18905 13561 29352 20357 25885 3516 11043 23369 12392 20411 8592 4486 10410 9799 18077 9882 10612 9421 10313 1846 2516 6557 16351 12414 8876 2280 13001 10869 6119 1738 2721
cat_boundaries=0 1 3 5 12 15 17 18 25 32 34 36 37 38 40 42 44 51 52 59 61 68 70 77 78 85 87 94 96 103 104 105 107 114 121 128 130 132 134
cat_threshold=340 2150039761 202821709 76099108 237117952 16834577 16777729 4194338 2430637056 51472640 32 1025 2017723281 469925905 28 1073741824 8192 272 2701191185 16777217 258 14717216 8411680 33554464 4197632 257 134348800 136314884 4194312 536890112 4194314 1024 65 8388624 2228224 9716801 2147549184 260 2097345 426060 0 131085 2097216 16400 34086184 2193664128 8192 32 3095527426 2147489792 4194312 16 1311264 1050656 4489216 169214016 269549696 327680 16924672 66596 201466368 262144 536870960 8388608 2148679680 268435460 1 16393 2097152 134221824 1048584 2147483712 256 131136 0 1073741824 67108864 2 16777216 134217728 136314880 4194304 2564 4 5152 536914178 8396800 806363156 9439434 40992 2181316608 8388640 2147483665 74057 2097153 67551244 1075838980 32864 0 2181448704 17833988 1073807376 8257 256 320 537403398 2048 16777232 16777216 0 2147487744 1056768 32 1 16 10498 32768 33816576 16777472 262144 24576 16785424 0 4194304 2147517440 0 0 1 134218764 29363728 8389124 131072 605030402 33554432
is_linear=0
shrinkage=0.05


Tree=26
num_leaves=45
num_cat=35
split_feature=3 0 0 2 2 0 3 2 2 0 1 2 6 0 6 2 0 6 0 3 2 6 0 0 2 0 0 2 5 0 2 5 0 3 2 10 0 10 0 2 3 2 5 2
split_gain=1092.92 758.708 436.636 317.356 172.249 167.054 194.423 141.541 134.669 118.925 111.129 105.929 99.1853 110.06 98.3844 95.0883 90.5998 89.1465 84.7431 79.8875 75.3883 67.5405 63.9288 63.8577 62.6294 61.4734 60.8343 59.1906 63.6306 58.0962 58.0194 57.6689 79.5652 56.0067 55.0457 54.4667 52.4996 51.6861 50.3781 48.3198 47.7717 47.6872 46.8873 44.2934
threshold=0 1 2 3 4 5 6 7 8 9 10 11 4.5000000000000009 12 2.5000000000000004 13 14 2.5000000000000004 15 16 17 5.5000000000000009 18 19 20 21 22 23 132.50000000000003 24 25 75.500000000000014 26 27 28 16.500000000000004 29 10.500000000000002 30 31 32 33 246.50000000000003 34
decision_type=9 9 9 9 9 9 9 9 9 9 9 9 2 9 2 9 9 2 9 9 9 2 9 9 9 9 9 9 2 9 9 2 9 9 9 2 9 2 9 9 9 9 2 9
left_child=1 7 8 5 9 6 10 38 36 -4 19 25 13 -9 24 -10 20 29 -13 -3 -5 26 -14 33 31 -6 39 28 -20 -15 -18 -7 -33 -17 -31 -28 -2 -22 -1 -16 -24 -39 -25 -19
right_child=2 3 4 16 11 14 -8 12 15 -11 -12 18 22 17 21 23 30 43 27 -21 37 -23 40 42 -26 -27 35 -29 -30 34 -32 32 -34 -35 -36 -37 -38 41 -40 -41 -42 -43 -44 -45
leaf_value=0.0051822916577639495 -0.022255324070091422 -0.015136485463343674 0.025775875262670379 0.0036513623207516891 -0.017314235924538856 -0.014988142238324564 0.016700410058299166 0.012383896262967388 0.011540610655893929 0.0098957827807775733 -0.014528766445717765 0.016362971210761801 0.0031070633302716037 -0.006879370320958561 0.001470827830851551 -0.010138060345270084 -0.0058636461717934581 0.0021343897626624922 0.0059663755612428043 -0.016069026956235858 -0.016139208613810751 -0.011357769180783956 -0.0093260807659699685 -0.0022391795157296001 -0.017792304150710959 0.00072401072177151753 -0.0064214684584023409 0.0026306057006160732 0.014066696129141909 0.017355000212728379 0.0040236136003870436 -0.0012894557770829818 -0.012560159647948111 0.012297978729877913 0.000122976546811987 0.0010229177020110725 -0.0062722935191877665 -0.011013875833143005 -0.0068291993150027992 -0.0098749389097622219 -0.00054682447459893926 -0.004650428025827269 0.0052929314159589182 0.010893360069852344
leaf_weight=1521 1247 242 3935 1958 723 5391 303 5366 3160 4705 942 9515 3678 5406 586 4244 4077 3960 10062 1490 3817 3856 2761 11708 1879 1035 5806 14052 6796 1516 5819 2182 3271 557 5206 3085 1055 1613 8471 2792 2029 7122 4538 4249
leaf_count=1521 1247 242 3935 1958 723 5391 303 5366 3160 4705 942 9515 3678 5406 586 4244 4077 3960 10062 1490 3817 3856 2761 11708 1879 1035 5806 14052 6796 1516 5819 2182 3271 557 5206 3085 1055 1613 8471 2792 2029 7122 4538 4249
internal_value=-0.000711207 -0.00415223 0.00375604 -0.00800395 0.00646922 -0.0112942 -0.0225812 0.000752722 -0.00144613 0.0129017 -0.0269001 0.00514896 0.00228343 0.00383029 -0.010122 -0.000344799 -0.00371068 0.00214528 0.00567207 -0.0345006 -0.0062259 -0.00753178 -0.00240907 -0.00156005 -0.0134127 -0.00684389 -0.00571766 0.00439845 0.00639673 -0.000577177 -2.01898e-05 -0.0119127 -0.00829818 -0.00662025 0.00252525 -0.00353331 -0.0129758 -0.00765006 -0.0044791 -0.0114227 -0.00620833 -0.0055352 -6.15157e-05 0.00617006
internal_weight=177726 100394 77332 56231 50823 31825 2977 44163 26509 8640 2674 42183 34171 25703 28848 24207 24406 20337 40425 1732 14510 16125 8468 21047 12723 1758 12269 30910 16858 12128 9896 10844 5453 4801 6722 8891 2302 12552 9992 3378 4790 8735 16246 8209
internal_count=177726 100394 77332 56231 50823 31825 2977 44163 26509 8640 2674 42183 34171 25703 28848 24207 24406 20337 40425 1732 14510 16125 8468 21047 12723 1758 12269 30910 16858 12128 9896 10844 5453 4801 6722 8891 2302 12552 9992 3378 4790 8735 16246 8209
cat_boundaries=0 1 3 5 12 19 21 22 29 36 38 40 47 49 56 58 60 61 68 70 72 79 81 83 90 92 99 101 102 108 110 112 119 120 127 134
cat_threshold=404 2150039761 202821709 612970277 237121536 285270033 67109376 140509186 2430636032 51407616 40 1025 135280696 38010956 4205056 42208 8192 2168833 67125248 1073741824 8192 272 2147543057 134217728 290 14717344 23328 33 4197664 257 151128065 4 4194312 671107872 4194314 1024 2149712080 30688320 0 8388608 54788353 151191825 136314912 20971520 536906240 4194304 66624 2149646464 134217728 17106952 2789507204 540672 1104 18354176 3221491713 84019200 604548358 29368336 35782720 9453632 256 2148011048 8431616 8192 67109336 411566080 2185494528 88735744 2147549312 315468 8915456 2097152 16785424 0 4194306 2155909120 0 0 1 2147745794 5557328 545792004 2048 268500996 2224062976 33088 2148814849 160960512 2147483664 526593 262160 13 3760193540 134226000 262144 100942280 8916992 4521987 17434888 579904288 2621440 40 1048584 1050624 32768 1179712 134217728 262144 76030468 134352896 192 134217792 0 67108864 0 0 16785664 0 1 16 537985024 18 8388864 134218752 0 17 104 1090584580 528 0 2165326856 134217732 264208 16456
is_linear=0
shrinkage=0.05


Tree=27
num_leaves=45
num_cat=34
split_feature=3 0 0 2 0 1 2 2 2 8 0 8 3 0 0 1 0 0 3 9 0 0 2 2 2 2 2 2 10 8 1 0 0 0 0 2 2 10 9 8 0 8 0 6
split_gain=1006.98 691.305 395.758 293.545 191.199 255.183 168.704 125.73 120.822 108.971 116.603 124.847 203.213 106.059 98.372 95.6714 95.6189 94.4365 92.6836 90.6114 113.697 109.221 86.4381 84.2259 83.8546 83.7417 75.7756 70.6747 67.7479 65.9677 93.8899 62.9878 58.5447 52.4658 50.6788 49.3038 46.0132 45.8428 45.2314 76.9842 43.9083 62.5494 43.8167 43.4056
threshold=0 1 2 3 4 5 6 7 8 3.5000000000000004 9 7.5000000000000009 10 11 12 13 14 15 16 1.0000000180025095e-35 17 18 19 20 21 22 23 24 13.500000000000002 10.500000000000002 25 26 27 28 29 30 31 10.500000000000002 1.0000000180025095e-35 5.5000000000000009 32 9.5000000000000018 33 2.5000000000000004
decision_type=9 9 9 9 9 9 9 9 9 2 9 2 9 9 9 9 9 9 9 2 9 9 9 9 9 9 9 9 2 2 9 9 9 9 9 9 9 2 2 2 9 2 9 2
left_child=1 8 7 4 5 18 14 34 -1 13 29 -12 27 -10 -4 19 24 26 38 21 43 -6 -18 40 -8 -9 -5 -13 -23 36 -31 -27 -17 -15 -2 -19 -11 -28 -3 -40 41 -14 -25 -21
right_child=2 3 6 17 15 -7 16 25 9 10 11 12 23 33 -16 32 22 35 -20 20 -22 28 -24 42 -26 31 37 -29 -30 30 -32 -33 -34 -35 -36 -37 -38 -39 39 -41 -42 -43 -44 -45
leaf_value=-0.005030517633667542 -0.02089035124303262 -0.017846820031847409 0.024410441365488068 -0.010733527681686728 -0.016346297409109558 0.0069032182936296094 0.014043699377960151 0.011471393651483275 0.0083789243291514052 -0.0077967258038178838 0.0078806090215624292 0.043507586274037086 0.015342718057991611 -0.021153053165492142 0.012047054569238342 -0.007292744287617392 0.0080624014223261934 -0.0052480633931714597 0.0040952447426469306 -0.014652506884869132 -0.0010325349316216814 -0.014449382515597459 -0.0017370370172902216 -0.0078553908470758056 0.004301619364026588 -0.0083777522929833984 -0.011617085934630074 0.0078391142872942469 -0.0047367065033692207 0.038513518151007745 0.012013457593997402 -5.0504202656714851e-05 -0.016678774999868647 -0.0048497686575257664 -0.0050866074839123199 0.0037857240717882549 0.0078404032265985135 -0.0014460287053757572 0.017221305454114485 -0.013711817085207479 0.012711789991296175 -0.014948959619088105 -0.016189498358718257 -0.0055289187892944569
leaf_weight=9162 1313 771 4403 5425 2276 529 10351 2989 2069 856 6228 768 281 808 8080 1258 10893 4232 126 3013 6836 4472 9036 2516 7001 3771 2956 1339 4980 585 2817 18448 2573 4341 1047 5913 8549 6373 42 677 891 624 2329 3779
leaf_count=9162 1313 771 4403 5425 2276 529 10351 2989 2069 856 6228 768 281 808 8080 1258 10893 4232 126 3013 6836 4472 9036 2516 7001 3771 2956 1339 4980 585 2817 18448 2573 4341 1047 5913 8549 6373 42 677 891 624 2329 3779
internal_value=-0.000707831 -0.0040108 0.0035802 -0.00768745 -0.0109087 -0.0253132 0.00624221 -0.00122561 0.000671225 0.00200937 0.00343195 0.000433738 -0.00341792 -0.00346356 0.0112743 -0.00984176 0.00455472 -0.00363122 -0.0351784 -0.00872033 -0.00595098 -0.0119458 0.00218918 -0.00770561 0.00726875 -0.00019034 -0.00618396 0.010085 -0.00954344 0.0069322 0.0129042 -0.00124837 -0.0172221 -0.00729793 -0.0122363 8.37026e-05 0.00477937 -0.00344255 -0.0387333 -0.0299722 0.00155039 -0.00617486 -0.0111329 -0.0105263
internal_weight=177726 100394 77332 56231 31332 2145 49764 27568 44163 35001 27783 14976 8748 7218 12483 29187 37281 24899 1616 25356 13628 11728 19929 6641 17352 25208 14754 2107 9452 12807 3402 22219 3831 5149 2360 10145 9405 9329 1490 719 1796 905 4845 6792
internal_count=177726 100394 77332 56231 31332 2145 49764 27568 44163 35001 27783 14976 8748 7218 12483 29187 37281 24899 1616 25356 13628 11728 19929 6641 17352 25208 14754 2107 9452 12807 3402 22219 3831 5149 2360 10145 9405 9329 1490 719 1796 905 4845 6792
cat_boundaries=0 1 3 5 12 13 15 22 29 36 38 39 41 43 46 48 50 51 53 55 62 69 76 83 90 97 99 101 103 105 107 114 121 123 125
cat_threshold=404 2150039761 202821709 612970277 241315840 285270017 67109376 140509186 2430636032 51407616 9 1025 1073741824 0 8388608 403707944 33849420 4205056 2147525856 8192 2168833 67125248 257 151128065 4 4194312 671107872 4194314 1024 2164320273 134217728 290 14713120 285472 33554465 4195616 2147549313 135680064 384 2149646528 32776 1075970056 26231876 33620544 10485888 4 35782864 9454657 604548358 29368336 16 134751756 31466000 537919488 10240 33554436 81797152 32772 34881792 160989185 2147483658 264457 12 1048640 0 266240 403701780 262160 201334856 8212 2684365058 33028 1331225 9965568 3221487632 139521 16844808 2789507716 540672 1088 18354176 3221229569 84019200 1074855956 114 8388864 184812577 134 1073743920 72 262144 2080 0 2181169152 269484032 0 8192 1179648 65552 8914944 2097152 537952266 12584960 262144 4160 76030469 134352896 3760193556 134226000 262144 100942280 8916992 4521986 17434888 536870916 32 134217728 4104 1572868 2147483664 151128128 0 67141633 393280 5
is_linear=0
shrinkage=0.05


Tree=28
num_leaves=45
num_cat=27
split_feature=3 1 2 2 2 2 8 1 3 9 8 9 8 2 2 2 3 2 2 8 1 2 6 3 4 8 6 3 10 1 1 6 3 1 8 6 3 8 3 6 2 2 6 1
split_gain=924.505 310.615 202.034 133.085 123.03 97.0167 89.6512 233.541 153.756 85.9553 98.6379 80.343 119.343 69.6854 67.9255 63.6273 70.3184 59.1315 52.5082 49.6798 54.929 49.3023 48.0856 45.0484 44.7717 42.1684 38.0066 37.7843 37.3978 35.8956 35.6478 35.4489 35.1802 33.5546 32.7689 32.6215 40.9897 32.2797 42.0114 47.4656 37.7844 31.1945 30.2261 28.1456
threshold=0 1 2 3 4 5 10.500000000000002 6 7 1.0000000180025095e-35 7.5000000000000009 1.0000000180025095e-35 7.5000000000000009 8 9 10 11 12 13 9.5000000000000018 14 15 1.5000000000000002 16 2.5000000000000004 6.5000000000000009 2.5000000000000004 17 16.500000000000004 18 19 4.5000000000000009 20 21 7.5000000000000009 2.5000000000000004 22 5.5000000000000009 23 4.5000000000000009 24 25 5.5000000000000009 26
decision_type=9 9 9 9 9 9 2 9 9 2 2 2 2 9 9 9 9 9 9 2 9 9 2 9 2 2 2 9 2 9 9 2 9 9 2 2 9 2 9 2 9 9 2 9
left_child=1 4 18 23 -1 19 13 8 -8 21 29 17 33 22 -12 -14 -17 -6 -2 25 -21 24 -7 -4 41 30 34 -15 -23 -11 -3 -28 -9 35 -20 36 -13 -35 39 -39 -40 -5 -24 -16
right_child=2 5 3 9 11 6 7 32 -10 10 14 12 15 27 43 16 -18 -19 26 20 -22 28 42 -25 -26 -27 31 -29 -30 -31 -32 -33 -34 37 -36 -37 -38 38 40 -41 -42 -43 -44 -45
leaf_value=-0.020695974382069871 -0.028135861365572168 -0.020523931523711143 0.019696642257875555 -0.015020139474761952 0.0012191668373195354 -0.011235532175641667 0.046711359901944506 0.0049233055320263121 -0.0048480837750594589 0.00048706560029661007 -0.0025144696241449385 -0.00044817316494446537 -0.011902382694112996 0.0032518714868254197 0.012759715452950883 -0.0076695940484665052 0.0014278233590179436 -0.0091311931215312114 -0.0041848410767481251 -0.0095391636097825749 0.021203237008177035 0.0020056842307693001 -0.0018613938771952388 0.0071550098701268277 0.002964195260025049 0.038067818471562015 0.005204165406630535 -0.0024751440809117568 0.0099561707549699514 0.013680925129701073 0.013007828510493053 -0.0046827952038084319 -0.0053406410963869394 0.0013785759056541504 -0.018513134974155489 0.0025764878498681478 -0.014414831703731491 -0.0063126765893475219 0.0061441189366798106 -0.010565960078576476 -0.010055092131092147 -0.0018017140863879899 -0.0084515810197804183 0.0047905546983397218
leaf_weight=1215 411 138 5463 1457 1866 4404 1258 2683 498 1369 5088 3921 5392 6544 1781 6968 3517 26315 1452 963 332 10231 8079 2955 5313 1046 1767 9926 5519 13738 1240 1859 3156 1864 1735 5481 613 1258 1443 671 1231 4736 1620 9210
leaf_count=1215 411 138 5463 1457 1866 4404 1258 2683 498 1369 5088 3921 5392 6544 1781 6968 3517 26315 1452 963 332 10231 8079 2955 5313 1046 1767 9926 5519 13738 1240 1859 3156 1864 1735 5481 613 1258 1443 671 1231 4736 1620 9210
internal_value=-0.000665631 -0.00371435 0.00359948 0.0044579 -0.00596859 -0.000390243 -0.00114202 0.00371955 0.0196489 0.0036098 0.00540307 -0.00564988 -0.00395099 -0.00235011 0.00267741 -0.00704478 -0.00475941 -0.00760264 -0.00434061 0.00730759 -0.000579151 0.00155929 -0.00492808 0.0103346 -0.000929142 0.0115512 -0.00327569 -0.000139563 0.00337563 0.0083041 0.00580552 0.000220629 -0.00110275 -0.000970756 -0.00726388 0.000842893 -0.00229378 -0.0037749 -0.00602868 -0.0116297 -0.00193741 -0.00381883 -0.00296422 0.00488592
internal_weight=177726 103642 74084 66860 61755 41887 38168 7595 1756 58442 31186 60540 32359 30573 16079 15877 10485 28181 7224 3719 1295 27256 14103 8418 11506 2424 6813 16470 15750 15107 1378 3626 5839 16482 3187 10015 4534 6467 4603 1929 2674 6193 9699 10991
internal_count=177726 103642 74084 66860 61755 41887 38168 7595 1756 58442 31186 60540 32359 30573 16079 15877 10485 28181 7224 3719 1295 27256 14103 8418 11506 2424 6813 16470 15750 15107 1378 3626 5839 16482 3187 10015 4534 6467 4603 1929 2674 6193 9699 10991
cat_boundaries=0 1 4 11 18 25 32 35 36 43 50 57 58 65 72 74 81 82 83 86 89 90 92 93 94 101 107 110
cat_threshold=340 4068542161 1350567196 32 4194561 134942992 136314916 4194312 536895232 4194318 70688 1054760 100958212 1073760784 67110112 134225936 16779264 67633152 32769 150994944 32 283115520 18432 8 1024 169351016 2147493896 0 8256 268435480 268703744 20 131072 0 10 256 16 81 8388610 135168 33554432 1078067232 4335648 805568516 12591232 532480 33571072 16908288 32 18696 539058176 512 0 33800 17838976 0 320 16 2097152 113246368 8448 0 539099142 2 134217984 4194560 134283264 0 4194304 2048 0 1024 134234148 98304 620822660 3164202 2152202240 50364417 1703969 262192 270408 32 68 3146049 134217857 18 0 32768 4 320 1644232833 256 20 16 0 8388608 0 1024 0 0 1 553648128 18434 0 0 131072 16 2097728 134250884 18
is_linear=0
shrinkage=0.05


Tree=29
num_leaves=45
num_cat=36
split_feature=0 3 3 1 1 0 0 0 0 0 1 1 0 1 1 1 0 3 8 0 0 3 8 0 0 3 1 1 9 9 8 1 3 1 6 0 0 6 0 0 0 1 0 8
split_gain=863.322 516.027 395.296 206.65 161.807 283.005 154.117 140.733 132.899 123.709 106.652 105.715 90.4573 82.7864 81.676 80.8923 79.0494 131.182 78.9433 317.935 136.111 111.497 77.3267 72.3137 71.561 86.3848 75.0953 64.6789 64.3081 63.1906 66.3072 62.8812 60.4556 57.1433 56.5119 56.509 55.9487 55.5571 55.3352 55.1808 51.9929 49.2112 73.7465 46.5734
threshold=0 1 2 3 4 5 6 7 8 9 10 11 12 13 14 15 16 17 7.5000000000000009 18 19 20 4.5000000000000009 21 22 23 24 25 1.0000000180025095e-35 1.0000000180025095e-35 5.5000000000000009 26 27 28 5.5000000000000009 29 30 1.0000000180025095e-35 31 32 33 34 35 2.5000000000000004
decision_type=9 9 9 9 9 9 9 9 9 9 9 9 9 9 9 9 9 9 2 9 9 9 2 9 9 9 9 9 2 2 2 9 9 9 2 9 9 2 9 9 9 9 9 2
left_child=1 4 8 23 5 29 12 32 10 31 -2 24 -6 39 -9 -14 -15 -18 20 21 43 38 36 -3 25 26 -11 -7 -12 -1 -31 -4 41 -21 40 -19 -22 -8 -20 -10 -23 -5 -43 -13
right_child=2 3 9 7 6 27 37 14 13 11 28 18 15 16 -16 -17 17 35 19 33 22 34 -24 -25 -26 -27 -28 -29 -30 30 -32 -33 -34 -35 -36 -37 -38 -39 -40 -41 -42 42 -44 -45
leaf_value=-0.016452894025515148 0.033125441107353604 -0.019320094296293694 -0.011408079986659814 -0.009676335689495677 0.015938371873156183 -0.0031285718828451495 -0.014471072231352845 0.012272346919722366 0.014204996187357034 0.0018985565528049642 0.0066803193897737147 -0.0024866033367178411 0.010469843598819523 0.013096542217392138 0.0007623231767623029 -0.0054243645746201892 0.015674631306284683 -0.014211496766123833 0.030787691427700627 -0.0087840944315488723 -0.013419850437415183 -0.020347796537863755 6.4184499219277496e-05 -0.011567604824563361 0.0008151657809614244 0.00032608349809606365 0.03932848387972198 -0.014790130220552101 0.02026484181436803 0.016304934027689465 -0.012442599222741831 0.0080796060409374267 0.0056337099085361775 0.0034662426297956241 -0.019553598973268072 0.00051492341392939123 -0.003537496209756086 -0.0088104320929887521 -0.0099898900972551948 6.2847538736710004e-05 -0.011878669810013721 -0.012850037582767804 0.0010358545241879291 0.0091646696619293033
leaf_weight=825 1765 1089 779 5590 970 2210 2330 4860 2994 469 3996 1795 862 8199 23378 8027 4297 1030 383 2049 2751 1118 5421 2424 11539 1463 1022 1757 5151 53 740 8474 2069 6537 741 2834 2617 14860 541 10686 2827 3590 5457 5157
leaf_count=825 1765 1089 779 5590 970 2210 2330 4860 2994 469 3996 1795 862 8199 23378 8027 4297 1030 383 2049 2751 1118 5421 2424 11539 1463 1022 1757 5151 53 740 8474 2069 6537 741 2834 2617 14860 541 10686 2827 3590 5457 5157
internal_value=-0.000624557 -0.00442843 0.00256764 -0.00115439 -0.00928808 -0.017042 -0.00768136 -0.000240246 0.00629608 -0.000175067 0.0110236 -0.00122739 -0.00269024 0.00457571 0.00191164 -0.00427576 0.00697618 0.00348183 -0.00283438 -0.00561426 -0.000611578 -0.0148577 -0.00412538 -0.0128158 0.00231331 0.00924426 0.0176882 -0.00979381 0.00882931 -0.0346437 -0.0247793 0.00510094 -0.00387653 0.000442066 -0.017994 -0.00320083 -0.00838301 -0.0105407 0.00107066 0.00170197 -0.0156527 -0.00500785 -0.00272165 0.00484056
internal_weight=177726 81091 96635 48457 32634 5585 27049 44944 40952 55683 10912 46430 9859 30040 28238 8889 16360 8161 31937 14196 17741 5610 10789 3513 14493 2954 1491 3967 9147 1618 793 9253 16706 8586 4686 3864 5368 17190 924 13680 3945 14637 9047 6952
internal_count=177726 81091 96635 48457 32634 5585 27049 44944 40952 55683 10912 46430 9859 30040 28238 8889 16360 8161 31937 14196 17741 5610 10789 3513 14493 2954 1491 3967 9147 1618 793 9253 16706 8586 4686 3864 5368 17190 924 13680 3945 14637 9047 6952
cat_boundaries=0 2 3 4 6 8 9 11 13 15 17 20 23 24 27 30 33 35 36 38 40 41 43 45 46 49 51 54 55 58 60 62 64 66 68 71 73
cat_threshold=1854451494 56633872 20 42 536871105 8208 513 75530300 1073741824 1275101472 2105856 76032256 52436992 2228288 9454592 2147549312 134217792 135232 138477568 64 474143022 37867750 90 1073741824 1919979793 335728641 18 2217746468 71422027 65 3145732 268435456 2 2147483793 266313 32 3145752 75530248 3145808 75530248 448 8389124 16785408 2097152 20488 256 268468262 96 2 0 8388608 1610879241 1210155168 10 296 3758162561 8 1 65544 67108868 262144 1725440 24 8 1048584 557060 8 8421376 1077012738 1543569797 5 67633152 2105344
is_linear=0
shrinkage=0.05


Tree=30
num_leaves=45
num_cat=21
split_feature=3 1 2 5 2 2 8 5 2 10 6 5 2 6 3 3 2 6 6 2 8 2 5 8 1 2 2 6 3 5 5 6 10 1 6 5 8 6 2 2 8 3 8 1
split_gain=777.508 267.118 180.484 126.565 128.285 111.176 97.9703 94.611 81.9236 63.7647 76.1837 112.161 160.235 86.536 61.3631 58.5019 58.4426 53.5546 81.1138 52.1751 51.5614 51.5443 49.7015 49.6726 49.1791 46.7717 44.9923 39.9302 38.7484 38.6696 38.2316 38.0202 34.8482 34.4517 33.9335 33.5518 55.537 33.2998 37.7199 36.9438 32.0532 31.4594 46.2058 71.0194
threshold=0 1 2 20.500000000000004 3 4 3.5000000000000004 65.500000000000014 5 10.500000000000002 4.5000000000000009 296.50000000000006 6 3.5000000000000004 7 8 9 1.5000000000000002 5.5000000000000009 10 7.5000000000000009 11 1.0000000180025095e-35 3.5000000000000004 12 13 14 5.5000000000000009 15 299.50000000000006 76.500000000000014 3.5000000000000004 19.500000000000004 16 5.5000000000000009 4.5000000000000009 7.5000000000000009 2.5000000000000004 17 18 2.5000000000000004 19 10.500000000000002 20
decision_type=9 9 9 2 9 9 2 2 9 2 2 2 9 2 9 9 9 2 2 9 2 9 2 2 9 9 9 2 9 2 2 2 2 9 2 2 2 2 9 9 2 9 2 9
left_child=1 3 19 22 -5 28 16 20 -8 37 13 -12 14 25 -13 21 -3 41 -19 -2 23 40 -1 33 -17 -11 -22 31 -4 34 -27 -24 -26 -7 -23 36 -33 39 -39 -6 -9 42 -10 -44
right_child=2 6 5 4 9 7 8 15 17 10 11 12 -14 -15 -16 24 -18 18 -20 -21 26 29 27 -25 32 30 -28 -29 -30 -31 -32 35 -34 -35 -36 -37 -38 38 -40 -41 -42 -43 43 -45
leaf_value=0.031218596937628074 -0.026307205924322664 -0.009375133172748934 0.0052490989983367767 -0.019127453891732527 -0.0038916311701925111 -0.0077813792252220404 0.017756292372551254 -0.0025526141109595947 -0.0051581371422713025 -0.010006746823209629 -0.0032277776999444121 -0.011793258309603608 -0.0021498193203533635 0.0028523871565256488 -0.010142813716160727 0.00032971494601876652 -0.00032849263508832882 0.0034942681558107203 -0.0051400895215801936 -0.0044439983039229469 -0.0077731702568368645 -0.0011491753594631005 -0.014148447791899665 0.0080791671485025921 0.0099091699552311847 -0.0059590636795869628 0.00077120422039582697 -0.014486506273763709 0.017042404207702356 0.0044338136596095701 -0.00059714818421454654 0.0045093292712298011 0.017899583917610925 0.0053756248691164635 -0.012371038595853506 -0.0022341092966209676 -0.014694019797242774 -0.001338769393354733 -0.0086288471124565946 -0.01221386679195505 0.0082660977053525819 -0.0075064867895322076 0.039409420103264786 -0.0010603779396936019
leaf_weight=101 411 5354 2578 1199 1498 1979 1559 858 4056 2161 7824 804 892 5171 243 2845 3911 19231 3793 6899 3482 4422 4266 6470 17390 7429 6125 1162 6101 4224 10877 93 3010 2130 886 1905 140 4131 4175 5772 4274 4551 461 883
leaf_count=101 411 5354 2578 1199 1498 1979 1559 858 4056 2161 7824 804 892 5171 243 2845 3911 19231 3793 6899 3482 4422 4266 6470 17390 7429 6125 1162 6101 4224 10877 93 3010 2130 886 1905 140 4131 4175 5772 4274 4551 461 883
internal_value=-0.000608802 -0.00340466 0.00330256 -0.00557616 -0.00469565 0.00411925 -0.000437125 0.00332932 0.00078763 -0.00431188 -0.00313974 -0.00689849 -0.0176637 -0.0017084 -0.0307947 0.00480229 -0.0050027 0.000256177 0.00158096 -0.00415301 0.000564748 0.00232384 -0.0115756 0.00297287 0.00636207 -0.00316852 -0.00208702 -0.0120407 0.00939694 0.00014672 -0.00234221 -0.0104934 0.00722195 -0.00132636 -0.00269405 -0.00505145 -0.0229614 -0.00697869 -0.0048158 -0.00944979 0.00635939 -0.00280876 -0.000221811 0.0078125
internal_weight=177726 103642 74084 59843 52176 66774 43799 58095 34534 50977 35401 9763 1939 25638 1047 37909 9265 32975 23024 7310 20186 14664 7667 10579 23245 20467 9607 7566 8679 9532 18306 6404 20400 4109 5308 2138 233 15576 8306 7270 5132 9951 5400 1344
internal_count=177726 103642 74084 59843 52176 66774 43799 58095 34534 50977 35401 9763 1939 25638 1047 37909 9265 32975 23024 7310 20186 14664 7667 10579 23245 20467 9607 7566 8679 9532 18306 6404 20400 4109 5308 2138 233 15576 8306 7270 5132 9951 5400 1344
cat_boundaries=0 1 4 11 18 25 32 39 40 41 48 55 62 64 69 76 77 80 85 92 93 96
cat_threshold=340 4068542161 1350566940 32 4194561 137056512 136314916 4194312 536895232 4194318 70720 32769 150994944 32 14680064 18432 8 1024 1054760 100958212 1073768976 67110112 134488080 18941952 67633152 35133184 10240 33587200 8288 268435480 268288 16404 0 0 0 0 17825792 0 257 16 136 264212 536872960 12615682 33706400 41943040 1074003984 157696 4194560 134283264 0 4194304 2048 0 1024 553656336 8224 0 2199052304 17825824 262160 17041416 269549633 67223809 553664512 67109376 262400 134218752 1061632 17039360 0 0 33832960 0 2147483648 2056 130 4259904 75530498 2 8192 41943040 262400 2281701376 16782080 553713664 41943552 262144 201326592 2 0 134217729 260 4325376 67108864 2
is_linear=0
shrinkage=0.05


Tree=31
num_leaves=45
num_cat=24
split_feature=0 3 3 0 3 0 8 0 0 0 8 10 8 3 0 8 0 0 0 5 8 6 5 9 0 3 6 0 6 6 6 0 3 3 0 8 6 8 10 0 0 10 8 0
split_gain=783.345 424.439 336.919 140.721 148.357 126.772 134.942 159.154 120.35 116.503 103.234 89.1936 81.3867 271.891 202.13 101.301 80.6452 79.6482 74.4344 73.5671 65.8384 61.735 56.7598 55.7289 54.8099 59.1997 52.7516 57.4689 48.3154 47.4452 50.7759 46.0927 76.3182 57.7989 67.8887 48.9078 44.8174 43.882 42.8618 54.9472 42.816 42.676 41.8524 38.5935
threshold=0 1 2 3 4 5 10.500000000000002 6 7 8 10.500000000000002 11.500000000000002 7.5000000000000009 9 10 3.5000000000000004 11 12 13 1.0000000180025095e-35 1.5000000000000002 1.5000000000000002 138.50000000000003 1.0000000180025095e-35 14 15 5.5000000000000009 16 5.5000000000000009 2.5000000000000004 5.5000000000000009 17 18 19 20 5.5000000000000009 2.5000000000000004 4.5000000000000009 11.500000000000002 21 22 17.500000000000004 11.500000000000002 23
decision_type=9 9 9 9 9 9 2 9 9 9 2 2 2 9 9 2 9 9 9 2 2 2 2 2 9 9 2 9 2 2 2 9 9 9 9 2 2 2 2 9 9 2 2 9
left_child=1 5 8 4 -3 6 18 -8 23 10 24 -7 15 14 19 17 -15 -11 -1 -14 -20 -6 -10 -2 37 -26 27 -21 -23 -13 -31 32 -17 34 -33 -35 -5 -4 -37 -40 -12 -16 -29 -25
right_child=2 3 9 36 21 11 7 -9 22 12 40 29 13 16 41 31 -18 -19 20 26 -22 28 -24 43 25 -27 -28 42 -30 30 -32 33 -34 35 -36 38 -38 -39 39 -41 -42 -43 -44 -45
leaf_value=0.0047609493789395885 0.010341930221729946 0.01260283716408357 -0.011825822181558976 -0.0021167891077847724 -0.012399747696816166 -0.0098757787864507986 -0.015826759150283778 -0.010784484283415408 0.0030960682142971764 -0.011847675924012716 0.00032001081068699921 -0.0065332211054534243 0.04191965922262389 -0.0015632300326447414 -0.0042398624478115323 -0.0078845064162375144 0.0302019464503826 -0.00083034703266067218 -0.018462687329371001 -0.019340526603636225 -0.0080011482372071684 -0.00245092596384241 0.0082347233661853158 0.027524072643274888 0.007665087838779905 -0.0036428467955771596 -0.01745015611748826 -0.011761158112343607 -0.010647627944486605 0.0019447728370270423 -0.0053303599260906475 0.039428929906978577 0.0048461438088667382 0.013752511773883641 0.0048319511790625332 -0.014154243045812254 0.0039001077598674883 0.0005014564649713616 -0.0078979645195046862 0.013565919587318087 0.019992568208650741 0.0055920040988328926 0.0014190955628413827 0.016208762686345558
leaf_weight=788 4760 1997 1797 12410 6083 6236 1415 1866 14995 2204 809 4457 147 1990 4566 1821 2472 5670 972 1448 11405 11285 15045 2828 6300 2513 917 3242 2379 4283 1212 833 4776 1780 1224 827 14303 3498 811 905 2871 1580 682 3324
leaf_count=788 4760 1997 1797 12410 6083 6236 1415 1866 14995 2204 809 4457 147 1990 4566 1821 2472 5670 972 1448 11405 11285 15045 2828 6300 2513 917 3242 2379 4283 1212 833 4776 1780 1224 827 14303 3498 811 905 2871 1580 682 3324
internal_value=-0.000626245 -0.00424964 0.00241451 -0.00128025 -0.00426588 -0.00865703 -0.0117526 -0.0208321 0.00585665 -0.000117609 0.00321946 -0.00550685 -0.00168447 -0.00424783 -0.00800508 0.000410052 0.00635063 -0.00406401 -0.00949867 -0.0141948 -0.0104424 -0.0055803 0.00421963 0.0103552 0.00127587 0.00368922 -0.0150342 -0.0131422 -0.0037178 -0.00257235 0.000536852 0.00312476 0.000189193 0.00615023 0.0130382 0.00285022 0.00115069 -0.0027427 -0.00159261 0.00291375 0.0106793 -0.00151072 -0.00991357 0.0135078
internal_weight=177726 81091 96635 48457 21744 32634 16446 3281 40952 55683 17788 16188 37895 17044 12582 20851 4462 7874 13165 6436 12377 19747 30040 10912 14108 8813 6289 5372 13664 9952 5495 12977 6597 6380 2057 4323 26713 5295 2543 1716 3680 6146 3924 6152
internal_count=177726 81091 96635 48457 21744 32634 16446 3281 40952 55683 17788 16188 37895 17044 12582 20851 4462 7874 13165 6436 12377 19747 30040 10912 14108 8813 6289 5372 13664 9952 5495 12977 6597 6380 2057 4323 26713 5295 2543 1716 3680 6146 3924 6152
cat_boundaries=0 2 3 4 6 7 9 11 13 15 16 18 20 22 24 26 27 29 31 32 33 35 36 38 40
cat_threshold=1854451494 56633872 20 42 109586944 52436992 66 1610624006 2064 1610612736 2048 2228288 9454592 2147549376 135532608 84 3145752 75531272 3276800 76185601 1310721 656384 0 2048 0 1314816 20 8 8421376 131080 672781 132 4 1048592 67108864 3145744 64 134217792 2097216 1064960
is_linear=0
shrinkage=0.05


Tree=32
num_leaves=45
num_cat=36
split_feature=0 3 3 1 1 0 0 0 0 0 1 8 3 1 1 8 0 1 5 3 1 9 0 0 5 8 8 1 1 0 3 1 0 1 0 1 1 1 1 1 0 5 1 0
split_gain=713.84 384.463 305.28 190.88 161.961 269.863 136.063 111.33 110.737 105.602 100.44 95.1946 191.262 153.316 106.947 87.7448 147.183 89.3573 87.3512 80.837 80.6888 74.3086 73.0207 71.4305 70.8375 67.0769 59.1037 58.4772 57.7007 57.0603 61.3631 55.2953 55.119 53.8368 53.2802 53.0033 49.2462 48.5968 46.6035 44.6116 43.1688 43.0116 42.5589 42.4426
threshold=0 1 2 3 4 5 6 7 8 9 10 9.5000000000000018 11 12 13 10.500000000000002 14 15 75.500000000000014 16 17 1.0000000180025095e-35 18 19 296.50000000000006 11.500000000000002 4.5000000000000009 20 21 22 23 24 25 26 27 28 29 30 31 32 33 24.500000000000004 34 35
decision_type=9 9 9 9 9 9 9 9 9 9 9 2 9 9 9 2 9 9 2 9 9 2 9 9 2 2 2 9 9 9 9 9 9 9 9 9 9 9 9 9 9 2 9 9
left_child=1 4 7 22 5 21 -6 10 28 11 -2 14 23 -14 -4 17 36 34 27 26 -18 -1 -3 -13 -23 -25 33 -8 -5 30 -19 40 39 -10 -11 -9 -17 -34 -28 -20 -7 -37 -31 -29
right_child=2 3 9 8 6 31 18 35 19 15 -12 12 13 -15 -16 16 20 29 32 -21 -22 24 -24 25 -26 -27 38 43 -30 42 -32 -33 37 -35 -36 41 -38 -39 -40 -41 -42 -43 -44 -45
leaf_value=-0.014238213340414958 0.027147519698068036 -0.017539519680724178 0.027132485089399264 -0.00087195545465698079 0.015532951676946349 0.0096313767566498128 -0.0021794474211712656 0.0138113917182918 0.0084518901688027791 -0.0070222225561703544 0.01251132631849692 -0.015659632812613334 0.043330035345320234 -0.017328992981137971 -0.0018265416306961436 0.010052336383137928 0.034081282732883959 0.019423166243064234 -0.0035651173697325402 0.0065054190354618905 0.011173693439663951 0.00073591752903912067 -0.010112738704325162 -0.012761893487883725 -0.011950492959499827 0.0025744571360288627 -0.0008885849932865731 -0.0066277644614522241 0.006242596421457209 -0.0010257959665216311 -0.00015694275424498751 -0.013455945640421864 -0.0099436698675392302 -0.012252190105944989 0.00073210797606465539 -0.002895096120253432 -0.015266306988591683 -0.0036899364151456119 -0.0082809257143966596 0.004053802935936923 -0.0056702205274573817 0.0050894451022835191 0.0056168307080647021 -0.012221829765603959
leaf_weight=827 2271 1124 754 10543 967 461 1729 2147 594 5813 10649 1476 947 594 14793 452 786 1706 3045 2691 4236 201 2506 2501 593 877 9448 2265 13258 8870 1066 1939 3353 4615 4353 3104 864 6770 3678 1953 1749 22781 5595 6782
leaf_count=827 2271 1124 754 10543 967 461 1729 2147 594 5813 10649 1476 947 594 14793 452 786 1706 3045 2691 4236 201 2506 2501 593 877 9448 2265 13258 8870 1066 1939 3353 4615 4353 3104 864 6770 3678 1953 1749 22781 5595 6782
internal_value=-0.00060824 -0.00406715 0.00229448 -0.00124105 -0.00826186 -0.0158651 -0.0066235 0.00557102 -0.000346812 -0.000115813 0.00941222 -0.00281523 -0.00795152 0.00738233 -0.000704316 0.00163995 0.00694225 0.000414188 -0.0073127 -0.00299011 0.0108307 -0.0331392 -0.0122527 -0.0128084 -0.0224181 -0.00873672 -0.00417825 -0.0107554 0.00198858 0.00260625 0.00916607 -0.00905266 -0.0048641 -0.00868689 -0.00330189 0.00379787 -0.00791855 -0.00698214 -0.0023922 -0.000559105 -0.0036036 0.00316857 0.0013437 -0.0123606
internal_weight=177726 81091 96635 48457 32634 5770 26864 40952 44827 55683 12920 21942 6395 1541 15547 33741 6338 27403 25897 21026 5022 1621 3630 4854 794 3378 18335 10776 23801 17237 2772 4149 15121 5209 10166 28032 1316 10123 13126 4998 2210 25885 14465 9047
internal_count=177726 81091 96635 48457 32634 5770 26864 40952 44827 55683 12920 21942 6395 1541 15547 33741 6338 27403 25897 21026 5022 1621 3630 4854 794 3378 18335 10776 23801 17237 2772 4149 15121 5209 10166 28032 1316 10123 13126 4998 2210 25885 14465 9047
cat_boundaries=0 2 3 4 6 8 9 10 12 14 16 19 20 23 25 27 30 31 34 36 38 41 44 46 47 49 51 54 56 58 61 64 67 69 71 73 74
cat_threshold=1854451494 56633872 20 42 536871113 268443664 262657 75530300 1073741824 1073741824 2149711936 9454656 1744864806 4196368 1048601 76153857 200770 134316034 64 84 37916672 8388676 86 201326636 32896 2359360 32768 1753684105 1415577991 15 296 131328 1078001680 9 8389124 16785408 1048584 75497472 1081350 386 66 273095424 1210188164 4 2147483648 32768 16 0 8388608 167805216 6291968 2150629680 205602946 64 2147876864 1327116 2147551908 1080033460 33718276 268435716 16 1614946496 6291712 7 38160932 14729578 70 2181202050 1080033280 8945664 33554944 2449506304 8519680 75533056
is_linear=0
shrinkage=0.05


Tree=33
num_leaves=45
num_cat=36
split_feature=0 3 3 2 2 0 0 2 0 0 2 5 2 0 2 2 8 3 2 0 8 0 8 0 3 2 8 3 0 5 0 8 0 2 1 1 2 0 2 0 2 1 1 5
split_gain=646.76 358.687 273.77 223.578 175.412 250.674 114.316 104.476 101.891 100.428 105.325 98.2756 94.7452 94.4286 106.12 93.7175 95.454 128.617 114.99 96.8105 73.4833 72.722 72.1803 94.534 67.2769 61.3005 60.7636 59.6322 213.04 80.9483 58.1525 57.8957 57.3144 58.2439 55.6638 55.4681 54.7056 54.2094 67.0696 51.955 59.4549 50.9162 49.8192 48.7122
threshold=0 1 2 3 4 5 6 7 8 9 10 75.500000000000014 11 12 13 14 7.5000000000000009 15 16 17 3.5000000000000004 18 3.5000000000000004 19 20 21 9.5000000000000018 22 23 138.50000000000003 24 10.500000000000002 25 26 27 28 29 30 31 32 33 34 35 194.50000000000003
decision_type=9 9 9 9 9 9 9 9 9 9 9 2 9 9 9 9 2 9 9 9 2 9 2 9 9 9 2 9 9 2 9 2 9 9 9 9 9 9 9 9 9 9 9 2
left_child=1 4 7 21 5 31 -6 30 36 15 -11 34 -10 14 -9 26 20 19 -19 24 -17 -3 23 -12 -18 -21 -4 29 -29 -15 -2 43 -30 -34 -8 -7 -5 -24 -39 -13 -41 -28 -22 -1
right_child=2 3 9 8 6 35 11 13 12 10 22 39 -14 27 -16 16 17 18 -20 25 42 -23 37 -25 -26 -27 41 28 32 -31 -32 -33 33 -35 -36 -37 -38 38 -40 40 -42 -43 -44 -45
leaf_value=-0.0039142048337493579 0.010252197208975224 -0.017204593980441819 0.016514911298933028 0.0086284523418217358 0.014299809057865666 -0.0014354517908727661 -0.0021943541985537606 0.023888374947837132 0.011514279423025992 -0.011045968812765629 -0.009017288281103342 -0.01012894456897705 7.0327375936996003e-05 0.0047262529796877062 0.011755584772764994 -0.0061795484325301801 0.0069493970462026662 0.027187235955220119 -0.013785667806268366 -0.015082218445797569 0.0072869965761366067 -0.010537834278907919 0.0080284889154521033 0.004166004333835893 -0.011996292838211416 -0.0070312434648297176 0.023045940164149466 -0.012456269425702283 0.011915159508968421 0.015065702529285008 -0.0047236470394466882 -0.010874018325275753 -0.020177725716870633 0.004285013329255411 -0.010601756189314899 -0.011330071052807672 -0.0065010074730154745 -0.00083307649712265899 0.0082462167076284409 0.0071935998259590019 -0.0032961236500325094 -0.012512450899747474 -0.0033979554598146501 -0.013236762585674942
leaf_weight=386 2185 1194 1460 1141 988 1972 1778 3188 5388 1527 3325 2507 27619 7673 9621 4277 1181 1234 797 3077 3888 2804 10134 3299 1000 1474 236 2101 2697 6216 4072 627 317 2882 9663 1543 10311 10812 4644 1230 10958 571 2747 982
leaf_count=386 2185 1194 1460 1141 988 1972 1778 3188 5388 1527 3325 2507 27619 7673 9621 4277 1181 1234 797 3077 3888 2804 10134 3299 1000 1474 236 2101 2697 6216 4072 627 317 2882 9663 1543 10311 10812 4644 1230 10958 571 2747 982
internal_value=-0.000626808 -0.00391919 0.00213617 -0.00118947 -0.00797084 -0.0161051 -0.00631311 0.005239 -0.000169781 -0.000146338 0.00156588 -0.00694561 0.00124027 0.00631177 0.00972385 -0.00277879 -0.00388875 -0.00777702 0.00325821 -0.0110946 -0.000769795 -0.0125 0.0021754 -0.00247585 -0.00239617 -0.0152488 0.00682916 0.00431129 0.000867991 0.00629182 -0.000710069 -0.0302494 0.00573993 0.00119975 -0.010423 -0.00801418 -0.00423137 0.00338023 0.001513 -0.00424294 -0.00288572 -0.00415118 0.00252449 -0.0246345
internal_weight=177726 81091 96635 48457 32634 5510 27124 40952 44459 55683 33741 26136 33007 34695 12809 21942 19675 8763 2031 6732 10912 3998 32214 6624 2181 4551 2267 21886 7997 13889 6257 1995 5896 3199 11441 3515 11452 25590 15456 14695 12188 807 6635 1368
internal_count=177726 81091 96635 48457 32634 5510 27124 40952 44459 55683 33741 26136 33007 34695 12809 21942 19675 8763 2031 6732 10912 3998 32214 6624 2181 4551 2267 21886 7997 13889 6257 1995 5896 3199 11441 3515 11452 25590 15456 14695 12188 807 6635 1368
cat_boundaries=0 2 3 4 11 18 19 20 27 29 31 38 45 47 54 61 62 69 71 73 75 76 83 84 86 88 90 97 100 102 109 111 118 119 126 129 132
cat_threshold=1854451494 56633872 20 42 1073832192 153093073 136314884 6291456 553798404 65544 5184 16795680 8224 2 12845056 135272448 262144 1033 1073750020 1073741824 262533 143851522 2097184 38805544 536893957 4194314 16778304 76032000 2105344 1048601 76153857 2131984 687866368 256 6291729 52016 1 134218816 1054760 2227470346 40960 68158560 268992513 2147489792 67110912 2149712064 9458752 269494296 10308 4194304 168256 0 1074006016 67387392 538446380 637569056 256 150995200 268436150 268289 134242304 84 4096 0 0 2181186560 1572864 0 16777217 1 655361 8389124 16785408 393216 135286852 16 1073750032 1049104 0 2147779584 16779264 32 67111937 32 1114120 67371012 1179648 75546629 17 1 1048584 0 0 16384 0 0 67108864 1081382 386 66 0 8388608 4104 100704292 32 262480 403181600 2151677953 8 2147549312 135270464 553734144 32768 142606336 2174128264 134488068 4196368 67651849 10246 0 1048576 0 1048832 16777216 65536 67125312 4096 68 6 573931714 268566794 12
is_linear=0
shrinkage=0.05


Tree=34
num_leaves=45
num_cat=20
split_feature=3 1 2 2 5 2 5 8 2 2 2 8 8 2 8 8 3 2 2 5 8 5 6 6 5 8 2 8 1 3 2 5 5 3 5 2 8 2 6 6 1 8 6 6
split_gain=542.065 211.788 152.746 112.369 124.75 90.4505 84.9074 78.1545 68.485 67.918 51.8972 51.3627 58.9304 49.4472 48.9957 98.7377 90.3003 106.648 76.8387 97.68 89.0933 64.0187 48.0732 68.4791 46.4578 42.166 41.5506 40.3701 40.2624 39.2908 57.2139 42.4915 34.8215 32.476 31.5119 30.3503 30.2242 30.0403 29.5341 31.4868 29.3589 29.0041 28.9335 79.4781
threshold=0 1 2 3 20.500000000000004 4 124.50000000000001 3.5000000000000004 5 6 7 7.5000000000000009 3.5000000000000004 8 7.5000000000000009 3.5000000000000004 9 10 11 296.50000000000006 9.5000000000000018 360.50000000000006 1.5000000000000002 5.5000000000000009 98.500000000000014 8.5000000000000018 12 11.500000000000002 13 14 15 960.50000000000011 4.5000000000000009 16 354.50000000000006 17 5.5000000000000009 18 2.5000000000000004 4.5000000000000009 19 10.500000000000002 5.5000000000000009 4.5000000000000009
decision_type=9 9 9 9 2 9 2 2 9 9 9 2 2 9 2 2 9 9 9 2 2 2 2 2 2 2 9 2 9 9 9 2 2 9 2 9 2 9 2 2 9 2 2 2
left_child=1 3 13 -1 25 -4 11 10 -8 33 -3 12 26 -2 15 -6 17 -16 19 -18 -21 37 -11 35 27 -5 -7 41 -13 30 -17 -31 -27 -9 -10 -24 -33 -22 -15 -40 42 -20 43 -34
right_child=2 7 5 4 14 6 8 9 34 22 -12 28 -14 38 16 29 18 -19 24 20 21 -23 23 -25 -26 32 -28 -29 -30 31 -32 36 40 -35 -36 -37 -38 -39 39 -41 -42 -43 -44 -45
leaf_value=-0.01711086891329397 -0.016969690945603116 -0.0077574444032494699 0.013036186527542293 -0.0080799677066822895 -0.0062870215581190053 -0.0091804148255861702 0.009877551307572242 0.029234217367112826 0.00022258392474422406 -0.0035947601805301657 0.00043765512832248947 -0.005514635029882831 0.0079323587437428074 -0.012571862858304651 -0.013029836073767349 0.0016878180615198636 -0.0070982107766032979 0.0083837434076082691 -0.0071923615583339099 -0.0056623043387994572 -0.011832612837633883 -0.0069452352772524156 0.012956683029653816 -0.0045070815487237457 -0.0018116746764573423 -0.012378275677991291 0.0016764996898841257 0.00030996394521531911 0.00089880188843696198 0.0011919472732531855 -0.014588722072994898 0.015414530381116509 -0.01801613830464547 -0.0021870767626985255 0.0064332124447371193 0.0026390014442377765 -0.013220174357897874 -0.013064245403245762 0.0057424510150587138 -0.0049624120028788077 -0.0098147416308824488 -0.015750309559016556 -0.014819002303830937 0.0070667810412585637
leaf_weight=1289 936 5905 6108 4631 10276 1210 16930 823 9134 10075 3304 5041 9721 2591 1514 1996 3358 3629 4282 571 636 382 1683 3810 5775 370 4887 1257 9272 13860 1600 47 366 279 5218 17708 225 125 1467 1569 1976 1566 203 121
leaf_count=1289 936 5905 6108 4631 10276 1210 16930 823 9134 10075 3304 5041 9721 2591 1514 1996 3358 3629 4282 571 636 382 1683 3810 5775 370 4887 1257 9272 13860 1600 47 366 279 5218 17708 225 125 1467 1569 1976 1566 203 121
internal_value=-0.000620618 -0.00295508 0.00264529 -0.00488055 -0.00455798 0.00335327 0.00277502 -0.000301626 0.00460009 0.000794113 -0.00439244 0.000881152 0.00284486 -0.00463259 -0.00366641 -0.00226039 -0.00537129 0.000475451 -0.00704265 -0.012259 -0.0219953 -0.0300525 0.00038755 0.00164002 -0.00498061 -0.0105061 -0.00100869 -0.00769177 -0.00128904 0 -0.0046589 0.00118795 -0.0150856 0.0129496 0.00205403 0.0028441 -0.0183824 -0.0384363 -0.00284726 0.000494071 -0.0130908 -0.00943912 -0.022 -0.0157084
internal_weight=177726 103642 74084 60055 58766 67521 61413 43587 31282 34378 9209 30131 15818 6563 51099 28004 23095 5143 17952 5072 1714 1143 33276 23201 12880 7667 6097 7105 14313 17728 3596 14132 3036 1102 14352 19391 272 761 5627 3036 2666 5848 690 487
internal_count=177726 103642 74084 60055 58766 67521 61413 43587 31282 34378 9209 30131 15818 6563 51099 28004 23095 5143 17952 5072 1714 1143 33276 23201 12880 7667 6097 7105 14313 17728 3596 14132 3036 1102 14352 19391 272 761 5627 3036 2666 5848 690 487
cat_boundaries=0 1 4 11 18 25 32 39 46 53 54 61 68 75 78 79 86 87 94 101 103
cat_threshold=340 4068544217 1350566940 32 4194689 135991568 136314916 4194312 536891140 4194316 70656 32769 150994944 32 283115520 84480 8 1024 4136 33849352 1073744400 67110336 134479888 18941952 67633152 286607360 4194340 565504 2181488640 1056768 3221225489 17041417 34080256 43008 33587200 8256 268435456 268288 16 264212 2064 12615682 33968416 41943040 1074003984 157696 4194560 134283264 2097152 4194304 2560 0 1024 320 536895488 536871424 2097152 67141768 4352 2 256 2166439936 512 0 1024 17834112 0 1 536879104 2048 0 36864 557056 16 72 272924672 473956352 4 256 536870912 0 0 33928 4384 2 65 320 1050632 0 8388608 32 8912912 272629760 147456 0 0 0 0 0 0 1 64 16
is_linear=0
shrinkage=0.05


Tree=35
num_leaves=45
num_cat=37
split_feature=0 3 3 2 2 0 0 2 0 2 2 6 4 0 6 0 0 9 2 0 5 5 0 1 2 1 3 2 2 3 0 2 0 2 2 0 2 0 0 3 6 2 0 3
split_gain=594.259 348.854 203.042 202.936 160.928 219.584 122.691 116.696 110.565 98.9415 85.591 82.0258 81.0429 80.3384 106.357 74.9104 71.9853 69.854 68.6802 68.0144 67.6724 66.3985 64.1564 84.5179 62.638 62.3751 60.0985 60.0266 59.7047 55.5076 59.1826 51.0933 48.4032 47.4898 47.0715 62.7588 51.986 47.0573 45.9162 121.048 45.0891 41.6437 38.6621 88.8399
threshold=0 1 2 3 4 5 6 7 8 9 10 5.5000000000000009 2.5000000000000004 11 2.5000000000000004 12 13 1.0000000180025095e-35 14 15 289.50000000000006 80.500000000000014 16 17 18 19 20 21 22 23 24 25 26 27 28 29 30 31 32 33 1.0000000180025095e-35 34 35 36
decision_type=9 9 9 9 9 9 9 9 9 9 9 2 2 9 2 9 9 2 9 9 2 2 9 9 9 9 9 9 9 9 9 9 9 9 9 9 9 9 9 9 2 9 9 9
left_child=1 4 7 15 5 12 24 16 26 -4 -10 13 17 14 31 -3 -2 -1 -16 -9 -19 -8 23 -13 -6 32 34 42 29 30 -15 -11 -7 -18 -5 36 -36 -26 39 -30 -23 -28 43 -21
right_child=2 3 9 8 6 25 21 19 10 11 -12 22 -14 28 18 -17 33 20 -20 27 -22 40 -24 -25 37 -27 41 -29 38 -31 -32 -33 -34 -35 35 -37 -38 -39 -40 -41 -42 -43 -44 -45
leaf_value=-0.012273947378417785 0.0067812117163297053 -0.016127783014222487 -0.012056866616065781 -0.0083240259616892739 0.0056215934041006837 -0.0087833661438025679 -0.010146438892943638 0.013897314714102084 0.014396526451209968 0.013735778002825761 0.001149873780521321 -0.019296166473096839 0.022858554399397654 0.026766522006435808 0.012441901346470986 -0.0072204972968646702 0.012367615734700122 0.00058872760121438941 0.00092757754202646989 0.01125216353362566 -0.010464094758712614 -0.012766661518950862 -0.0025881248590309547 -0.0059395291150339709 0.013635295994544589 -0.010543570301140448 -0.0045702060401617839 -0.0011215707315238577 0.018189829681432148 0.00056634388470445669 0.012684207090787547 -0.0060077478584147194 0.0042777163048628442 0.0261064610725837 0.012664988153206925 0.00076160737308834665 -0.012883197789100532 -0.0040001202835036947 0.0012429114909559558 -0.0050803982821545635 -0.0034631282341207829 0.013064384633863136 0.0079438304331931053 -0.0093437398299816895
leaf_weight=824 2879 1821 2077 5427 1862 1264 6793 5782 4059 909 23936 576 98 1000 2470 2471 1206 196 10317 1845 590 1124 4530 1109 702 3789 753 7955 1768 1469 1963 12892 1045 1834 320 6736 3292 8747 13085 1232 7182 1557 14520 1720
leaf_count=824 2879 1821 2077 5427 1862 1264 6793 5782 4059 909 23936 576 98 1000 2470 2471 1206 196 10317 1845 590 1124 4530 1109 702 3789 753 7955 1768 1469 1963 12892 1045 1834 320 6736 3292 8747 13085 1232 7182 1557 14520 1720
internal_value=-0.000617805 -0.00365139 0.00213746 -0.00100433 -0.00754689 -0.0138562 -0.00567752 0.00496543 -3.47147e-05 0.000210262 0.00193358 0.000628164 -0.0296857 0.00134062 -0.00047372 -0.0113901 0.01141 -0.0325466 0.00281145 0.00376351 -0.021883 -0.00862731 -0.00477072 -0.0130678 -0.00173571 -0.00938114 -0.00308096 0.00267179 0.00369026 0.00882485 0.0127649 -0.00351786 -0.00286762 0.0167869 -0.00418435 -0.0022012 -0.00750966 -0.00338831 0.00227089 0.00784053 -0.00563448 0.00443966 0.00426361 -0.000405594
internal_weight=177726 84588 93138 50372 34216 7806 26410 37741 46080 55397 27995 53320 1708 47105 26588 4292 5919 1610 12787 31822 786 15099 6215 1685 11311 6098 18085 26040 20517 4432 2963 13801 2309 3040 15775 10348 3612 9449 16085 3000 8306 2310 18085 3565
internal_count=177726 84588 93138 50372 34216 7806 26410 37741 46080 55397 27995 53320 1708 47105 26588 4292 5919 1610 12787 31822 786 15099 6215 1685 11311 6098 18085 26040 20517 4432 2963 13801 2309 3040 15775 10348 3612 9449 16085 3000 8306 2310 18085 3565
cat_boundaries=0 2 3 4 11 18 19 21 28 30 37 44 46 48 50 57 59 61 63 70 72 73 80 87 88 90 97 99 106 113 115 122 123 124 125 132 134 135
cat_threshold=1854451494 65022480 20 40 1078026496 153224017 136314916 6291456 553667328 4259848 1088 16832560 8224 256 48496640 152045568 262176 1033 1073741824 1283490592 35652096 17901608 38043652 768 34000 142606336 3223324705 67387680 76032256 52437504 19958017 687866368 32 6291480 39680 8 4195360 1054760 575963146 4759552 84935713 268992512 33560576 83886088 1310745 705549 41943556 16787472 1310793 201883661 537133096 33556576 294912 33816896 286793732 327681 16785408 2149711936 16384 2097177 67239936 64 8388624 0 1081872 0 1048576 388 1073741841 83886400 0 8388608 296 268435472 2216698600 581632 2147897601 17432608 327696 10241 66596 76580864 12845056 26346560 8196 2152005634 83886080 262 2162816 134221824 1610612740 41945120 33024 150995008 268435472 2359296 134356992 603988742 4196368 16850944 37748740 0 32768 8388608 2147483681 256 1310720 9439360 4194560 1107073 9613348 1073741872 16787752 67633152 2105344 536872968 2147524640 0 4352 403177472 0 16384 1073741824 2147549184 16 1048576 0 0 425984 32768 0 256 327680 67633152 32
is_linear=0
shrinkage=0.05


Tree=36
num_leaves=45
num_cat=35
split_feature=0 3 3 2 2 0 2 0 2 0 0 0 1 2 0 4 2 3 0 5 0 2 1 0 5 2 10 2 2 2 1 0 6 2 0 0 5 6 0 6 6 2 2 3
split_gain=541.329 322.664 183.375 182.885 162.67 234.579 149.683 187.943 116.384 115.284 114.06 97.9138 88.6821 85.5714 72.8552 71.4268 68.4837 65.1639 63.0398 62.2125 59.1275 62.0533 58.4162 56.3088 54.9987 51.7657 50.8873 50.7639 48.7097 46.7147 45.4294 47.2208 49.4908 45.3236 90.8939 47.1768 44.7911 43.2297 42.4269 41.1097 40.7083 38.0003 37.3317 36.7164
threshold=0 1 2 3 4 5 6 7 8 9 10 11 12 13 14 2.5000000000000004 15 16 17 80.500000000000014 18 19 20 21 76.500000000000014 22 13.500000000000002 23 24 25 26 27 5.5000000000000009 28 29 30 24.500000000000004 3.5000000000000004 31 1.5000000000000002 1.0000000180025095e-35 32 33 34
decision_type=9 9 9 9 9 9 9 9 9 9 9 9 9 9 9 2 9 9 9 2 9 9 9 9 2 9 2 9 9 9 9 9 2 9 9 9 2 2 9 2 2 9 9 9
left_child=1 4 6 14 5 15 7 -2 -8 12 23 16 -4 18 -3 -1 -5 28 -11 37 21 -10 38 -6 30 -26 -22 -25 -13 -16 31 32 -15 35 -35 -28 -34 -12 -7 -30 -21 -42 -19 -37
right_child=2 3 9 11 10 22 8 -9 20 13 19 17 -14 24 29 -17 -18 42 -20 40 26 -23 -24 27 25 -27 33 -29 39 -31 -32 -33 36 34 -36 43 -38 -39 -40 -41 41 -43 -44 -45
leaf_value=-0.010144937143673214 0.029054156044638124 -0.015321148783342762 -0.0034587183311192262 -0.002310362007537026 0.013921892033600954 -0.0090507958896394302 -0.0097686473996334566 0.0084994202621753619 0.0071566631087674418 -0.011661453238361775 -0.012234410479928338 0.005386268585706855 0.012773486944322699 -0.005207430323724338 -0.021160045358149887 0.021595593694493737 0.0062868041037426438 -0.0035945001306914195 -0.0037779951450166108 -0.01203679523167106 0.0032853682827385547 -0.0094133646709431817 -0.010069213888273443 0.0060152073827399845 0.0094813757116409495 0.00087646551252603126 0.0058204324753448724 -0.003656521463760254 -0.010423621874446865 -0.0042516218326904779 0.005268041888806186 -0.00059484680506510237 -0.015345934363921565 0.021199832423233245 -0.00219179723402243 0.019041926833399361 -0.0053287639051545488 -0.0056645598176254036 0.0037458974079076948 -0.0029784099347592158 -0.0012109383986795398 -0.0087224885343957954 0.012475853211512867 0.0036863859948037536
leaf_weight=1606 2446 1666 1555 7690 894 1219 2189 6461 2416 1882 3787 1694 3613 4423 362 88 16000 860 7495 1130 16187 2867 3747 1169 2534 12934 4568 9252 5300 2674 2521 5296 416 1239 4135 5884 332 3002 1090 12140 4915 2317 1986 1745
leaf_count=1606 2446 1666 1555 7690 894 1219 2189 6461 2416 1882 3787 1694 3613 4423 362 88 16000 860 7495 1130 16187 2867 3747 1169 2534 12934 4568 9252 5300 2674 2521 5296 416 1239 4135 5884 332 3002 1090 12140 4915 2317 1986 1745
internal_value=-0.000607114 -0.00350245 0.00202259 -0.000956691 -0.00724888 -0.0136211 0.00407701 0.0099529 0.00280553 -0.00037316 -0.00537846 1.09457e-05 0.00662418 -0.0013305 -0.0103353 -0.0300469 0.00224051 -0.002392 -0.00547033 -0.00821516 0.00343525 -0.00148309 -0.0089845 -0.00157616 3.51296e-05 0.00204939 0.00420516 -0.00261241 -0.00344233 -0.00567958 -0.00236372 -0.00381311 -0.00720903 0.00606966 0.00222883 0.00775375 -0.0191176 -0.0117764 -0.00269513 -0.00422923 -0.00533365 -0.00395465 0.00465686 0.0101649
internal_weight=177726 84588 93138 50372 34216 7750 50137 8907 41230 43001 26466 45670 5168 37833 4702 1694 23690 21980 9377 15151 39041 5283 6056 11315 28456 15468 33758 10421 19134 3036 12988 10467 5171 17571 5374 12197 748 6789 2309 17440 8362 7232 2846 7629
internal_count=177726 84588 93138 50372 34216 7750 50137 8907 41230 43001 26466 45670 5168 37833 4702 1694 23690 21980 9377 15151 39041 5283 6056 11315 28456 15468 33758 10421 19134 3036 12988 10467 5171 17571 5374 12197 748 6789 2309 17440 8362 7232 2846 7629
cat_boundaries=0 2 3 4 11 18 19 26 28 35 37 39 41 44 51 53 60 61 63 65 72 74 75 82 89 96 103 106 108 115 116 118 120 127 134 135
cat_threshold=1854451494 65022480 20 296 1614897408 152044369 136314912 6291456 553667328 65544 263264 18929680 67117088 256 48496640 152045568 2147745792 1033 1073741824 1574440 50628652 8704 132176 8388608 1075906593 67125280 2162689 1070144 82180 143851536 136314912 71303200 134248965 33554444 4326400 2149646336 64 1283490592 35652096 1744864806 8390672 537333825 142614528 67 36756513 150997504 4194306 14811392 559360 1073741857 1065 41476 16787456 285212689 2180 16388 33853848 8396836 1077936147 549120 296 1048585 132096 65536 659456 537133072 8192 4227328 264 285212928 2151940112 16787521 0 8388608 1073741824 536879108 41943170 134479872 135266304 134369280 2149650448 134348864 0 1081856 0 1048576 4 1073741825 16793664 268441656 2214592526 24576 64 268959744 2147483651 67633152 1073741824 16777217 0 4194304 16779264 0 1024 34971970 268468496 3 16 67130381 285222928 2147483648 16388 2181349504 537395232 2151940114 524545 2097360 2149580881 134218828 603988772 4196368 1074069504 1048592 262144 2165358848 260 65536 134234112 1048576 536870912 0 163840 32768 0 131328 288
is_linear=0
shrinkage=0.05


Tree=37
num_leaves=45
num_cat=37
split_feature=0 3 3 2 0 2 0 2 2 5 0 2 0 2 8 0 0 2 5 2 0 5 0 0 0 8 3 2 2 2 2 2 2 2 8 3 2 0 5 3 0 0 2 0
split_gain=498.848 269.933 206.016 173.413 227.539 157.259 91.5984 114.444 84.7266 84.2506 83.179 87.8696 82.2773 72.7723 71.3119 65.9664 65.6017 64.906 62.3662 58.0187 56.5162 52.7218 59.3808 59.0479 50.0943 97.3042 62.9319 56.367 47.7549 46.8412 46.5653 42.581 40.1026 40.0505 41.129 40.4458 39.752 37.8778 36.3027 49.2003 212.253 75.8349 52.2526 48.5026
threshold=0 1 2 3 4 5 6 7 8 76.500000000000014 9 10 11 12 10.500000000000002 13 14 15 184.50000000000003 16 17 20.500000000000004 18 19 20 8.5000000000000018 21 22 23 24 25 26 27 28 4.5000000000000009 29 30 31 24.500000000000004 32 33 34 35 36
decision_type=9 9 9 9 9 9 9 9 9 2 9 9 9 9 2 9 9 9 2 9 9 2 9 9 9 2 9 9 9 9 9 9 9 9 2 9 9 9 2 9 9 9 9 9
left_child=1 3 6 4 14 15 7 -2 37 20 31 21 33 -14 18 -3 -11 -8 -1 -9 28 23 -23 -12 25 27 36 -13 -5 -19 -6 -10 -26 -7 35 -35 -27 -4 -31 41 42 -40 -41 -42
right_child=2 5 8 9 30 12 17 19 10 16 11 24 13 -15 -16 -17 -18 29 -20 -21 -22 22 -24 -25 32 26 -28 -29 -30 38 -32 -33 -34 34 -36 -37 -38 -39 39 40 43 -43 -44 -45
leaf_value=-0.0026589757357480593 0.022764942840181313 -0.014954202115372307 -0.014867624670504554 -0.0096656729764809726 -0.0010848374465513122 0.0065114360994164679 0.010727654795074027 -0.0180187510706625 -0.0022417377157441633 0.0038047147686677829 -0.011054354343832685 -0.0059725913554829983 0.011103575518679066 0.00011785679772219337 -0.0086499493488095443 -0.0051833080328967836 -0.0041275077820252084 -0.0074843927009485946 -0.011528714044883688 0.010952701161531797 -0.0088125630469911547 -0.0038722893793279758 0.0012905480070588727 -0.0021195702431444086 0.01456476546882537 0.03749640625132309 0.0099207134181807273 0.0089739477822928966 0.0046005398471628822 -0.0031910537761085989 -0.0091601331205553582 0.0081135582381053339 -0.00072319098138093904 0.013435514897870787 -0.0031505830731847319 -0.0125709304050792 0.031015160645251547 -0.0032205532893014978 0.015568680910123773 -0.016409804531905575 -0.01457067707293306 0.0031417305131419384 0.010960234631291678 -0.0049964572060044732
leaf_weight=438 2454 1925 1299 766 1890 1401 3723 410 2064 2763 1952 2032 4106 25501 647 1865 11359 1620 1013 9313 9056 14430 11862 2162 471 525 1318 1936 1206 3263 1795 7079 9779 226 8304 2894 486 1329 5174 204 1150 8634 3542 2360
leaf_count=438 2454 1925 1299 766 1890 1401 3723 410 2064 2763 1952 2032 4106 25501 647 1865 11359 1620 1013 9313 9056 14430 11862 2162 471 525 1318 1936 1206 3263 1795 7079 9779 226 8304 2894 486 1329 5174 204 1150 8634 3542 2360
internal_value=-0.000598674 -0.00362276 0.0017215 -0.0072375 -0.015044 -0.00120263 0.00440189 0.00805366 -0.000188988 -0.0054372 0.000222793 -0.000627089 -0.000329862 0.00111929 -0.0281784 -0.0109474 -0.00288203 0.00290094 -0.0221571 0.00560464 -0.00871418 -0.00222251 -0.00139967 -0.00748663 0.00230416 0.005811 0.013933 0.00105847 -0.00100908 0.00201294 -0.00751015 0.0045832 0.000146199 -0.00367355 -0.00465279 -0.00955128 0.0232615 -0.00894617 0.00256194 0.00332321 -1.37627e-05 0.00507309 0.00825346 -0.00883523
internal_weight=177726 77155 100571 30933 5783 46222 41847 12177 58724 25150 56096 46953 42432 29607 2098 3790 14122 29670 1451 9723 11028 30406 26292 4114 16547 6297 2329 3968 1972 25947 3685 9143 10250 12825 11424 3120 1011 2628 24327 21064 7256 13808 3746 3510
internal_count=177726 77155 100571 30933 5783 46222 41847 12177 58724 25150 56096 46953 42432 29607 2098 3790 14122 29670 1451 9723 11028 30406 26292 4114 16547 6297 2329 3968 1972 25947 3685 9143 10250 12825 11424 3120 1011 2628 24327 21064 7256 13808 3746 3510
cat_boundaries=0 2 3 4 11 12 19 21 28 35 37 44 46 53 55 57 64 71 72 74 76 78 79 86 93 100 107 114 121 128 129 133 135 136 138 140 147 149
cat_threshold=1854418726 56633872 20 42 18929664 0 8388608 46137344 135268480 2147745792 1033 1073750020 1073831937 153240273 2097152 6291456 553798400 4259848 70720 2228288 9454656 269484048 10242 4194304 164160 524288 3221225474 67125248 2164293905 150995456 134217760 6291737 56064 1073741864 4195360 2147549312 135266304 539063296 537919504 8388610 2172702720 184557604 37748738 67111177 76032000 35659776 1054760 2252374026 0 16786544 268992513 268288 67110912 41943588 16787472 1207959808 512 16850984 38044296 2630400 34000 159383552 3223322657 2304 0 209715712 2113568 4096 2560 4194312 16778240 1149239808 2129944 9065473 1048593 75632708 2097169 413760 256 1073741836 41943040 256 132096 1048576 2147549200 8192 8200 0 0 32768 16777216 0 2048 268435841 143804418 134217796 5242920 1075201 10 17040448 0 0 0 0 0 0 1 262148 33554464 0 33951744 270008320 17 134349120 2052 41986176 4194304 0 268435472 4096 134742032 16781320 100704292 24608 262480 403181568 2147483650 16908296 66 0 0 0 131072 2151088128 9212940 32 2147483793 134877185 1146888 67895300 1048576 0 0 0 0 0 67108864 65536 67371012
is_linear=0
shrinkage=0.05


Tree=38
num_leaves=45
num_cat=34
split_feature=0 3 3 2 0 2 2 6 0 2 0 6 6 0 0 0 0 6 0 1 2 0 2 0 2 2 2 1 6 2 2 5 5 2 6 2 5 3 0 0 0 0 0 6
split_gain=449.972 282.901 160.542 159.697 274.149 146.23 107.875 93.6634 96.0524 94.8968 90.8324 85.9068 88.6466 111.323 81.1128 72.6775 71.3838 68.7077 63.6092 89.5279 63.3526 62.9204 62.62 62.2676 56.2432 55.1943 53.8633 53.3594 49.992 49.471 46.9248 46.3553 59.5033 45.9809 44.2218 40.8117 38.5651 64.4968 205.3 76.456 59.3622 45.6788 36.6119 41.4591
threshold=0 1 2 3 4 5 6 3.5000000000000004 7 8 9 5.5000000000000009 2.5000000000000004 10 11 12 13 5.5000000000000009 14 15 16 17 18 19 20 21 22 23 1.5000000000000002 24 25 192.50000000000003 8.5000000000000018 26 5.5000000000000009 27 136.50000000000003 28 29 30 31 32 33 4.5000000000000009
decision_type=9 9 9 9 9 9 9 2 9 9 9 2 2 9 9 9 9 2 9 9 9 9 9 9 9 9 9 9 2 9 9 2 2 9 2 9 2 9 9 9 9 9 9 2
left_child=1 3 6 4 31 16 15 9 -9 10 -5 12 13 20 25 29 -3 -10 19 -13 -4 -11 -14 30 -16 -7 -25 -6 -26 -2 -8 32 -1 -15 -30 -18 41 39 -39 -38 -40 -28 -24 -44
right_child=2 5 11 7 27 14 23 8 17 21 -12 18 22 33 24 -17 35 -19 -20 -21 -22 -23 42 26 28 -27 36 -29 34 -31 -32 -33 -34 -35 -36 -37 37 38 40 -41 -42 -43 43 -45
leaf_value=-0.0094317393114170534 0.029816332442579887 -0.014496267076264668 -0.0055034829815260927 -0.005452426973219654 -0.0011165155866390609 0.0079406086131031343 0.023180498197984446 -0.0041957717502930873 0.0047475019435868019 0.0064972235391481843 -0.011014789148431814 -0.018621868436320046 0.012445940895660913 -0.01628071854580785 0.0058510286706295218 0.0075996130398550028 -0.0015313837940304277 -0.0035763505402847786 -0.0033379188801685778 -0.0058121341838412305 0.0088773147174743168 -0.0095977288225297941 0.0054638913861434386 -0.0067595562703385292 -0.0091877957999531908 0.00039730688395838158 -0.0025892794265344136 -0.014479045164150429 -0.00019692061906493308 0.013500800154309834 0.0056122137640523652 -0.010054142898105701 -0.0016177113496282703 -0.0042506323698605743 -0.007881941172018703 -0.017228043828506536 0.022261685608595518 0.015070672023948073 -0.016272144896162188 0.006640344236964202 -0.0016737135069336607 0.0052135410044581226 0.00266357420761707 -0.0022945587632311028
leaf_weight=122 1003 1302 2616 5042 2080 7392 1860 6873 3238 1854 8147 599 2480 1067 2309 3664 1845 1281 5141 1146 7452 1643 5620 1705 6093 14501 6702 597 11477 881 1883 1300 338 15473 2359 859 2299 2207 954 4511 2484 8261 11673 5393
leaf_count=122 1003 1302 2616 5042 2080 7392 1860 6873 3238 1854 8147 599 2480 1067 2309 3664 1845 1281 5141 1146 7452 1643 5620 1705 6093 14501 6702 597 11477 881 1883 1300 338 15473 2359 859 2299 2207 954 4511 2484 8261 11673 5393
internal_value=-0.0005998 -0.0033597 0.00169338 -0.00696234 -0.0157747 -0.000925291 0.0042057 -0.00556465 -0.00207163 -0.00795277 -0.0098909 4.77246e-05 0.000745548 -0.00126654 -9.40169e-05 0.0106513 -0.0100598 0.00358799 -0.00519895 -0.0134188 0.00287756 -0.00061306 0.00287292 0.00311473 -0.00222042 0.00206593 0.00233241 -0.00563826 -0.00307688 0.0186378 0.00917932 -0.0310734 -0.0176087 -0.00378852 -0.00141659 -0.00537951 0.00286933 0.00492573 0.000963749 0.00819648 -0.00667053 0.00115953 0.00204441 0.000890138
internal_weight=177726 80652 97074 32515 4437 48137 38414 28078 11392 16686 13189 58660 51774 26608 44131 5548 4006 4519 6886 1745 10068 3497 25166 32866 22238 21893 29123 2677 19929 1884 3743 1760 460 16540 13836 2704 27418 12455 5645 6810 3438 14963 22686 17066
internal_count=177726 80652 97074 32515 4437 48137 38414 28078 11392 16686 13189 58660 51774 26608 44131 5548 4006 4519 6886 1745 10068 3497 25166 32866 22238 21893 29123 2677 19929 1884 3743 1760 460 16540 13836 2704 27418 12455 5645 6810 3438 14963 22686 17066
cat_boundaries=0 2 3 4 11 12 19 26 28 35 37 39 41 43 45 47 49 56 58 65 66 73 80 87 89 96 103 110 117 118 120 122 124 126 128
cat_threshold=1854418726 65022480 20 40 16816128 0 0 12582912 135268352 2147483648 1033 1073741828 1078026241 154288721 2097188 6291456 16796416 4259840 328768 17891368 38043656 8960 34000 159383552 3223390241 67387424 680011814 8388624 2383924 114 8650752 2315703296 16785664 262176 2112 1811940096 2097152 2149777600 135544896 1744832038 8390672 2149646352 1070144 516 16787472 2097177 67239936 536870976 8388624 537223184 16777264 134217728 21270792 268994816 16 201327936 1283457056 37751312 537139208 67119168 8683520 67371072 294125712 65538 17301504 2228288 268441912 100925454 24576 80 268992512 2147483651 67633152 1052680 541106178 4751360 2215658529 402685952 2365448 67110952 257 142737666 136314880 20971528 1075713 10 16778304 0 8388608 1048576 0 0 80 0 1073741824 67125248 8208 2306 0 393224 768 262144 8193 17829888 150995456 8650752 6291456 25721088 35 8 90112 1049105 0 0 768 4194304 327680 32 2147483793 136257 65672 68435972 98304 67371012 65680 201987136 2147549320 67112968
is_linear=0
shrinkage=0.05


Tree=39
num_leaves=45
num_cat=37
split_feature=0 3 0 2 2 3 0 0 0 3 1 0 0 2 2 2 9 2 3 2 0 2 2 0 0 0 3 5 5 6 10 6 2 5 0 2 0 0 2 2 0 2 2 0
split_gain=415.581 236.804 282.976 217.207 177.029 174.397 186.588 152.321 136.491 200.62 124.344 111.059 102.53 95.77 93.1587 91.9232 83.4041 69.3346 75.8933 71.9922 69.0407 67.6872 67.6706 64.2184 62.3374 61.8378 58.1326 55.3749 52.3251 46.4635 45.7138 43.5723 43.0663 44.0294 42.924 61.1737 41.8521 41.4566 41.3043 40.8615 45.9081 39.4544 39.321 36.5787
threshold=0 1 2 3 4 5 6 7 8 9 10 11 12 13 14 15 1.0000000180025095e-35 16 17 18 19 20 21 22 23 24 25 296.50000000000006 76.500000000000014 3.5000000000000004 10.500000000000002 5.5000000000000009 26 136.50000000000003 27 28 29 30 31 32 33 34 35 36
decision_type=9 9 9 9 9 9 9 9 9 9 9 9 9 9 9 9 2 9 9 9 9 9 9 9 9 9 9 2 2 2 2 2 9 2 9 9 9 9 9 9 9 9 9 9
left_child=1 2 4 7 16 6 14 22 9 20 31 32 -4 -8 -2 -10 -1 25 19 23 -7 -13 -3 -19 -6 -17 38 -18 -14 -26 -29 41 -5 -34 35 -20 -21 -24 -9 -16 -41 -11 -27 -12
right_child=5 3 12 11 24 8 13 26 15 10 43 21 28 -15 39 17 27 18 34 36 -22 -23 37 -25 29 42 -28 30 -30 -31 -32 -33 33 -35 -36 -37 -38 -39 -40 40 -42 -43 -44 -45
leaf_value=-0.011139992797556184 0.019102888205470427 -0.017458355240836759 0.0057778584109339781 -0.0088508677915755795 0.0046540728272881976 0.0082076847297532837 0.013029476901507665 -0.015028033131294645 0.012476399925226356 -0.0084018918540993311 0.010880886701970417 0.0094592728761657141 -0.0075396819931121302 -0.0014990290625359504 -0.015870128059925694 -0.0097783926463353571 -0.00012985856161840115 -0.0013794149625932063 -0.013704662977535122 -0.0094648409030294259 0.027074509680064442 0.00060649322698904664 0.0077469935718162686 0.025071065064484466 -0.014498112931029129 -0.00074382412355536442 0.004197585501643464 -0.00015938065052827912 -0.0024964133096308742 -0.004858983961127084 -0.0089465033157912991 -0.012192966784089265 -0.0053270829298087468 0.0020583882428266143 -0.0011170264522440854 -0.0026575575521513017 0.0046420023910486606 -0.00371819557489661 -0.012781383196405661 0.0030362441308664835 0.017252757808537144 -0.00044882348929009552 -0.011498922240430105 0.002441838192911272
leaf_weight=1074 7330 437 2105 3722 610 2449 2713 639 1648 1068 4521 4800 5696 12825 397 3642 293 1501 1847 1884 1563 24741 1408 3061 1957 4508 300 159 7521 1299 438 1295 8706 4859 19207 5559 1931 3157 3234 3671 3547 7964 673 5767
leaf_count=1074 7330 437 2105 3722 610 2449 2713 639 1648 1068 4521 4800 5696 12825 397 3642 293 1501 1847 1884 1563 24741 1408 3061 1957 4508 300 159 7521 1299 438 1295 8706 4859 19207 5559 1931 3157 3234 3671 3547 7964 673 5767
internal_value=-0.000605989 -0.00336616 -0.0078726 -0.00166301 -0.0172432 0.00151172 0.00466828 -0.00869352 0.000138378 0.00313553 0.00114182 -0.000283957 -0.0042982 0.000829689 0.00865597 -0.00148556 -0.0294833 -0.00192251 -0.000922857 0.00322523 0.0133516 0.00157863 -0.0027933 0.00745844 -0.0109649 -0.00588135 -0.0157423 -0.0183146 -0.00593105 -0.0137171 -0.0270519 -0.0027329 -0.00346592 -0.0021547 -0.00222928 -0.00546117 -0.00184314 -0.000972678 -0.0173963 0.00476721 0.00563088 -0.00150576 -0.00235985 0.0050301
internal_weight=177726 77155 21152 56003 5830 100571 30483 9175 70088 24627 20615 46828 15322 15538 14945 45461 1964 43813 34990 8377 4012 29541 5002 4562 3866 8823 4173 890 13217 3256 597 10327 17287 13565 26613 7406 3815 4565 3873 7615 7218 9032 5181 10288
internal_count=177726 77155 21152 56003 5830 100571 30483 9175 70088 24627 20615 46828 15322 15538 14945 45461 1964 43813 34990 8377 4012 29541 5002 4562 3866 8823 4173 890 13217 3256 597 10327 17287 13565 26613 7406 3815 4565 3873 7615 7218 9032 5181 10288
cat_boundaries=0 2 3 5 12 19 20 22 24 26 27 30 32 34 41 48 55 62 63 70 72 79 86 88 89 91 92 99 101 108 110 112 119 126 128 135 142 144
cat_threshold=1854418726 56633872 16 1074268162 4196352 1073799169 153240145 2097152 148930560 553667456 4259840 70656 0 0 0 33816576 0 0 1 34 3375176 76825604 1778912290 4196864 2149712065 134348865 8 1883444109 1289814243 3 67645184 35659776 67109120 2097152 2108 37782028 524544 33089 142606336 3223322681 24832 286261512 262208 138420228 147776 537395200 2147483696 67135753 538443816 2189459456 294914 134225984 268828802 2147483649 135004176 18915329 671089408 134217728 14942360 50359040 2096 4203616 384 265216 10272 4194304 33686528 8388608 1074003968 67108865 131200 134217729 1052712 105938946 295168 1056864 268468228 268288 67108896 1073741824 151126016 0 12582912 16779264 0 1024 1081344 10223620 1073741824 1146880 76808196 356 286589056 13631872 134512896 16778376 8196 1073741882 134242400 1048584 75514880 262144 1050624 0 0 32768 1073741824 67108865 294912 53248 1107296258 4194304 16384 150994944 2097152 12582912 2688 0 1024 0 234881536 2113568 0 2560 4194312 1024 1245184 263168 537935872 134217728 32768 138412288 402692096 3254779905 1024 8192 256 134217728 262160 16777728 2096 8256 2149580864 131072
is_linear=0
shrinkage=0.05


Tree=40
num_leaves=45
num_cat=34
split_feature=0 3 3 2 0 8 0 0 2 2 2 0 2 2 0 3 9 2 0 2 5 2 0 0 8 0 0 2 8 3 5 10 0 2 0 8 2 3 0 0 2 8 10 0
split_gain=389.176 210.489 177.15 138.591 292.943 119.087 313.118 145.345 108.779 96.6214 89.7538 89.4607 93.0005 89.1606 141.905 84.2697 88.5747 81.1115 80.1968 77.7572 77.2279 71.7606 70.538 67.5375 65.6274 114.085 64.433 62.502 63.2389 54.6409 53.9196 53.6744 52.3908 51.3989 50.3025 53.6667 57.1079 48.5534 86.9899 54.1065 47.3448 47.2178 47.1374 46.4913
threshold=0 1 2 3 4 7.5000000000000009 5 6 7 8 9 10 11 12 13 14 1.0000000180025095e-35 15 16 17 77.500000000000014 18 19 20 3.5000000000000004 21 22 23 3.5000000000000004 24 296.50000000000006 10.500000000000002 25 26 27 7.5000000000000009 28 29 30 31 32 4.5000000000000009 10.500000000000002 33
decision_type=9 9 9 9 9 2 9 9 9 9 9 9 9 9 9 9 2 9 9 9 2 9 9 9 2 9 9 9 2 9 2 2 9 9 9 2 9 9 9 9 9 2 2 9
left_child=1 3 8 4 15 7 19 21 -2 23 -6 -5 22 14 -10 -1 -17 -8 29 -7 40 -4 -13 -3 25 -15 -12 -9 43 -11 -18 -22 -19 -20 -26 37 -37 39 -39 -36 -14 -23 -32 -29
right_child=2 9 5 11 10 6 17 27 13 18 26 12 20 24 -16 16 30 32 33 -21 31 41 -24 -25 34 -27 -28 28 -30 -31 42 -33 -34 -35 35 36 -38 38 -40 -41 -42 -43 -44 -45
leaf_value=0.0095056097189054611 -0.0086860020758150244 -0.016236107776014731 0.0060666342440506395 0.0038032723724394368 -0.0014604680796748704 -0.011139068431239142 -0.0082783355845849286 -0.0030479631134582631 0.024285930717232274 -0.0050628364922738478 0.0023479308088528109 0.014286678835197958 -0.0037453634257253233 -0.0084226535332121381 0.0071205721710885022 -0.010052297555762913 0.0010002772879102728 0.011918330635928655 -0.0010297526705419946 -0.0030483379193816662 -0.0084199055930474585 -0.0081301394934546033 -0.0035497134932217459 -0.0024504500848069322 0.009620473389366958 0.0083314066019029246 -0.011093678810707731 0.020014110984376388 0.013319082038736524 0.0087099981997522894 -0.0001348161947802795 -0.0013615537509236943 0.0020749425941323399 0.0057355846680866244 0.033342872348028324 -0.0077741550330340031 0.0031886075128581218 0.01352736399551936 -0.0094784472233258935 0.011378799984086752 -0.0086382789791616017 -0.0008449411682407205 -0.0086624725249445141 -0.00056987442748669963
leaf_weight=156 1948 1441 2085 3774 4490 6314 1445 1689 2646 8564 556 1578 2682 4626 6943 793 171 2355 7711 2550 5990 4786 2134 2000 13789 3739 2638 705 5758 1317 150 13113 6122 14415 828 2477 7477 1902 1631 3055 10829 4771 431 3152
leaf_count=156 1948 1441 2085 3774 4490 6314 1445 1689 2646 8564 556 1578 2682 4626 6943 793 171 2355 7711 2550 5990 4786 2134 2000 13789 3739 2638 705 5758 1317 150 13113 6122 14415 828 2477 7477 1902 1631 3055 10829 4771 431 3152
internal_value=-0.000617242 -0.00306264 0.00162118 -0.00516921 -0.0106386 -0.000795362 -0.00374747 0.0016212 0.00359597 -0.00012127 -0.00645958 -0.00388681 -0.00464828 0.00405614 0.00838108 -0.0293688 -0.0329582 0.00235602 0.000735547 -0.0105702 -0.00550208 -0.00230003 0.00284793 -0.00807012 0.00300501 -0.000926479 -0.0128589 0.00565671 0.00721558 -0.00300778 -0.0208777 -0.00345757 0.00422411 0.00240784 0.00406143 0.00226697 -0.000130601 0.00548813 0.00122777 0.00933727 -0.00839686 -0.004134 -0.0281411 0.0022686
internal_weight=177726 84933 92793 49485 9385 41732 18786 22946 51061 35448 7684 40100 36326 49113 9589 1701 1545 9922 32007 8864 32614 11642 3712 3441 39524 8365 3194 11304 9615 9881 752 19103 8477 22126 31159 17370 9954 7416 3533 3883 13511 9557 581 3857
internal_count=177726 84933 92793 49485 9385 41732 18786 22946 51061 35448 7684 40100 36326 49113 9589 1701 1545 9922 32007 8864 32614 11642 3712 3441 39524 8365 3194 11304 9615 9881 752 19103 8477 22126 31159 17370 9954 7416 3533 3883 13511 9557 581 3857
cat_boundaries=0 2 3 4 11 12 14 16 23 30 37 39 46 53 55 56 63 65 72 79 81 83 85 87 94 95 97 104 106 113 114 116 118 125 127
cat_threshold=1854451494 56764944 276 298 822132737 2 4456480 146800640 51406976 136 134218761 1073741824 3145816 75531273 458760 1856581 16772 143852048 136314880 71303200 134511109 12 4326400 541131008 153239809 136314980 0 679627552 4194314 332800 0 0 0 0 0 0 1 1073742336 131072 532008 2148542592 8192 1056840 948305952 2181302304 4718592 1574440 297000 4727360 132176 8519680 1075906561 67649568 2162816 1070144 260 1092632576 151028256 0 4587784 286296320 262144 3072 8924672 35651584 1074094080 1049168 0 2178319360 16779264 32 67128321 1610620936 41943648 8683520 146801672 4100 2147549184 157696 243302434 2560 67117604 133136 3407873 68964421 536870914 4194304 299024 50331648 0 2495488 35074 1074004001 134216 168 2147549184 4160 17834000 9447524 4219136 34000912 4100 1075839008 524320 3276864 1851461 536875024 8388 36 34603008 805830944 2 256 32 262296 134251520 128 75497472 0 0 0 147584 524304 4194321 67239936 2097152 32776
is_linear=0
shrinkage=0.05


Tree=41
num_leaves=45
num_cat=35
split_feature=0 3 3 1 0 1 0 0 3 3 9 1 1 1 0 1 6 6 1 0 0 3 8 1 5 0 0 0 0 0 1 0 0 3 0 0 0 8 8 6 5 1 1 1
split_gain=354.487 179.692 178.747 137.854 179.541 165.874 137.545 118.392 142.588 94.3075 89.5369 87.5854 85.7815 85.2499 79.4774 76.2325 71.1249 77.1582 70.2185 68.2729 67.8846 65.4283 110.811 83.1973 65.292 64.5467 62.0877 61.7129 60.4396 57.8862 54.5727 53.7093 52.9586 52.7224 52.0081 49.7817 46.1891 42.266 48.4084 41.9287 39.7964 38.6392 38.4944 37.6908
threshold=0 1 2 3 4 5 6 7 8 9 1.0000000180025095e-35 10 11 12 13 14 3.5000000000000004 5.5000000000000009 15 16 17 18 8.5000000000000018 19 296.50000000000006 20 21 22 23 24 25 26 27 28 29 30 31 7.5000000000000009 4.5000000000000009 4.5000000000000009 386.50000000000006 32 33 34
decision_type=9 9 9 9 9 9 9 9 9 9 2 9 9 9 9 9 2 2 9 9 9 9 2 9 2 9 9 9 9 9 9 9 9 9 9 9 9 2 2 2 2 9 9 9
left_child=1 3 6 25 5 9 -2 8 28 -5 -11 31 39 14 -3 20 18 27 -6 -7 -9 22 -17 35 -12 41 30 37 -4 33 -23 -8 -13 -15 -20 -24 -25 38 -18 -10 -22 -1 -28 -36
right_child=2 13 7 4 16 19 11 15 12 10 24 32 -14 29 -16 21 17 -19 34 -21 40 26 23 36 -26 -27 42 -29 -30 -31 -32 -33 -34 -35 43 -37 -38 -39 -40 -41 -42 -43 -44 -45
leaf_value=0.0099996202474566878 0.017441303518233198 -0.0060974927040282623 0.028065991487738629 -0.0027795865627426976 -0.0010584705392231886 0.0072973936125236621 0.010055964993139389 -0.0089638815030698045 -0.000456230114710543 -0.0094122567188645104 0.0016383185811761959 0.013391816212999098 0.0050163224615971114 0.0087607732911674455 0.0011416491469779411 -0.0013505380798810975 -0.0033081225125137117 -0.0064216025658245055 -0.0019057134608781558 -0.012118647864626415 -0.0032334635733601183 -0.011958905495364819 0.013380581697993062 0.026575937822996505 -0.0075465330667439275 0.0018575909019872495 0.010539081273041496 0.0032335932512023604 0.0077048971808068916 0.0061027713336852425 -0.0018836788542870909 -0.0038998495046928096 0.0046001780049422679 -0.011781765638810416 -0.01526211307526474 0.035360906602127783 -0.011094029319841277 -0.010337384553413832 0.0033755137782714995 -0.0063843297679066387 0.0059338894838661567 -0.0071600226806151634 -0.0010030493136314433 -0.0093490881154603186
leaf_weight=365 7029 10511 1158 290 3012 718 3111 4961 6235 771 141 5133 9897 759 10101 4648 1317 3768 2470 812 9218 1916 718 518 578 9163 1637 3626 2449 10977 2688 7535 6338 1906 631 1239 774 2116 1329 2383 1544 4243 15600 11393
leaf_count=365 7029 10511 1158 290 3012 718 3111 4961 6235 771 141 5133 9897 759 10101 4648 1317 3768 2470 812 9218 1916 718 518 578 9163 1637 3626 2449 10977 2688 7535 6338 1906 631 1239 774 2116 1329 2383 1544 4243 15600 11393
internal_value=-0.00064425 -0.0030843 0.00139913 -0.00510021 -0.00685525 -0.0178916 0.00467142 -1.25753e-05 0.00298663 -0.0282682 -0.0334 0.00273196 0.00121188 -0.000332711 -0.00236156 -0.00147237 -0.00561809 -0.0026818 -0.00766023 -0.00571429 -0.00428717 1.68079e-05 0.00391425 0.0110034 -0.0209318 -0.000896161 -0.00139353 -1.19218e-05 0.012068 0.0027322 -0.0065453 -0.00053491 0.00576169 -0.00386916 -0.00910094 0.0174631 0.00107527 -0.00375105 0.000453515 -0.00243394 -0.00205162 -0.00571676 -1.44953e-05 -0.010462
internal_weight=177726 80997 96729 46743 32972 3310 29146 67583 22122 1780 1490 22117 18515 34254 20612 45461 29662 12156 17506 1530 15723 29738 7897 3249 719 13771 21841 8388 3607 13642 4604 10646 11471 2665 14494 1957 1292 4762 2646 8618 10762 4608 17237 12024
internal_count=177726 80997 96729 46743 32972 3310 29146 67583 22122 1780 1490 22117 18515 34254 20612 45461 29662 12156 17506 1530 15723 29738 7897 3249 719 13771 21841 8388 3607 13642 4604 10646 11471 2665 14494 1957 1292 4762 2646 8618 10762 4608 17237 12024
cat_boundaries=0 2 3 4 7 9 11 13 15 16 17 20 23 26 28 31 34 35 37 38 41 43 45 47 49 51 54 56 58 59 60 62 64 67 70 72
cat_threshold=1854418726 56764944 276 34 11983140 1342427490 70 1073741824 8192 0 8388608 32840 76562436 2149712065 134217793 8 260 844104257 67256369 1 1883706125 1289814241 3 1883753417 1545797920 4 1082665732 35782656 2684697169 1476432152 22 512 144711684 16 1073741824 98304 75759620 384 33685760 14876740 8 603990274 16777216 1048584 67126272 713040390 131088 2149580865 64 67633696 2097152 2228224 10485763 64 3276800 557056 2555904 267272 74 536871680 1081344 9977860 0 1852428 36 98370 64 337657860 4194403 1 1 16
is_linear=0
shrinkage=0.05


Tree=42
num_leaves=45
num_cat=29
split_feature=0 2 2 9 0 0 8 2 0 8 0 8 0 2 2 0 10 2 0 5 6 6 2 2 0 2 6 5 2 0 2 8 2 2 2 5 0 10 0 0 2 0 5 6
split_gain=324.57 139.874 107.257 120.63 188.868 146.751 112.305 102.337 106.506 97.5135 150.479 109.251 149.157 92.8186 87.8682 83.1364 78.405 74.2316 71.093 66.1088 59.9109 64.0754 59.7141 57.0888 54.4435 49.9927 49.9193 47.2267 45.8387 42.8182 42.8947 42.8121 48.6876 41.721 40.5627 60.1562 98.22 58.2171 52.2285 47.3411 40.0451 36.7698 36.7456 36.6866
threshold=0 1 2 1.0000000180025095e-35 3 4 10.500000000000002 5 6 3.5000000000000004 7 7.5000000000000009 8 9 10 11 13.500000000000002 12 13 21.500000000000004 1.5000000000000002 5.5000000000000009 14 15 16 17 2.5000000000000004 214.50000000000003 18 19 20 10.500000000000002 21 22 23 296.50000000000006 24 14.500000000000002 25 26 27 28 184.50000000000003 5.5000000000000009
decision_type=9 9 9 2 9 9 2 9 9 2 9 2 9 9 9 9 2 9 9 2 2 2 9 9 9 9 2 2 9 9 9 2 9 9 9 2 9 2 9 9 9 9 2 2
left_child=1 18 3 4 6 26 -3 8 -2 10 23 15 13 -13 43 22 -6 -17 -1 -16 -4 27 -11 -9 40 -26 -5 33 -12 30 -10 32 -15 -22 35 39 37 -37 -36 -7 -21 -18 -19 -14
right_child=7 2 20 5 16 34 -8 9 29 11 28 12 14 31 19 17 41 42 -20 24 21 -23 -24 -25 25 -27 -28 -29 -30 -31 -32 -33 -34 -35 38 36 -38 -39 -40 -41 -42 -43 -44 -45
leaf_value=-0.0020012160107645838 0.024947392523642066 -0.0071458273318349454 -0.0050453402403618569 -0.012063123067652837 -0.0080212646218273172 -0.0011514562238801819 -0.0098650315892010402 -0.013913932646787669 -0.01863378752123377 0.015268259222009374 0.0082068816237318831 -0.0054314808405369012 0.0065097615727473749 0.0011836015294528824 -0.0094060580306114597 -0.00047638073596241172 0.0038855839580103357 0.0085106150936604119 -0.012352940213682013 -0.0027987613310842987 0.0090375437637613912 -0.0053187954241440188 -0.00097320514493169923 -0.0073054441805281761 0.0024290083335538615 -0.0056704057127918931 -0.004755059592376632 0.0049440301740333982 -0.0005856641133725305 0.0092170439737271799 0.0046540993773319661 0.012834805777887748 0.01349180143233477 -0.00098532057535591919 -0.0097952397339541482 -0.0013976365841546047 0.0081625162539743171 -0.0071692064134067316 0.0019348388844376342 0.0055868567015376798 -0.012264696744673776 -0.0035324648672824255 0.016400571765203355 -0.0083330644945850026
leaf_weight=1243 1265 2550 12180 2824 7061 3732 1795 1578 477 1509 3424 2890 4501 5975 2460 3186 2416 9609 2478 2739 1924 4554 9250 7015 6075 4397 3207 8512 6186 3783 658 5805 2192 12425 2145 491 919 646 2067 6425 2731 4900 4945 582
leaf_count=1243 1265 2550 12180 2824 7061 3732 1795 1578 477 1509 3424 2890 4501 5975 2460 3186 2416 9609 2478 2739 1924 4554 9250 7015 6075 4397 3207 8512 6186 3783 658 5805 2192 12425 2145 491 919 646 2067 6425 2731 4900 4945 582
internal_value=-0.000631309 -0.0028756 -0.00243801 -0.00422453 -0.0071894 -0.00175454 -0.0163146 0.0014028 0.00761343 0.000960843 -0.00229358 0.00182146 0.000147471 0.003734 -0.00242818 0.00419138 -0.00441718 0.00629296 -0.0123425 -0.00403541 -0.000579472 0.000716761 0.000719658 -0.00709636 -0.00286037 -0.000744133 -0.00841748 0.00179563 0.00200624 0.00426136 -0.00423581 0.00542126 0.00309171 4.52993e-05 0.000696684 0.00215577 -0.00564202 -0.015388 -0.00352913 0.00373634 -0.00689781 -0.000792783 0.00780692 0.003387
internal_weight=177726 84494 80773 41178 18722 22456 4345 93232 6183 87049 18203 68846 40347 16862 23485 28499 14377 17740 3721 18402 39595 27415 10759 8593 15942 10472 6031 22861 9610 4918 1135 13972 8167 14349 16425 12213 2056 1137 4212 10157 5470 7316 14554 5083
internal_count=177726 84494 80773 41178 18722 22456 4345 93232 6183 87049 18203 68846 40347 16862 23485 28499 14377 17740 3721 18402 39595 27415 10759 8593 15942 10472 6031 22861 9610 4918 1135 13972 8167 14349 16425 12213 2056 1137 4212 10157 5470 7316 14554 5083
cat_boundaries=0 2 9 16 18 20 27 29 31 33 40 47 49 56 58 65 72 74 81 88 90 97 104 111 118 120 122 124 131 133
cat_threshold=1854418726 65153552 4210944 153227265 2097188 148897792 654396032 136 328704 1629593604 16960 8650752 2147521536 9445668 1078001700 4097 1610612736 10240 524804 6299664 135791200 38012940 287296 134217792 8519680 2166364160 67911700 0 1070144 1343489 68965444 2149777408 1855556 1612726272 2365588096 136314912 4227464 17070848 8 134352128 268437516 25166240 256 135208 1081620 1111818289 151126336 98313 807948 262144 25165952 2097408 10878984 1088272 37814305 133184 1611137026 12583424 1073745928 41040 4227072 33554432 537399808 1073741856 133184 81925 537919792 4194560 16814112 534528 262168 1024 88 32768 17047552 2149580800 12582912 2147533825 671088640 0 2049 2180124 8388802 32768 1360000 17833984 1073741827 8448 2147483648 67141637 1048576 0 0 0 0 0 67371008 75776 288 256 2182221824 537952260 4456450 16777289 5672 33554720 0 67109328 268435456 1 67764224 16842756 0 0 2147483648 9445632 65536 1 1677721600 33554432 603987968 25297408 167781408 16777728 8208 40962 32800 22298880 268455968 2 8201 134218498 6291472
is_linear=0
shrinkage=0.05


Tree=43
num_leaves=45
num_cat=19
split_feature=3 2 8 2 2 8 3 1 5 5 5 8 2 2 8 8 5 5 3 8 2 2 10 2 8 8 1 6 10 6 2 2 5 10 8 8 1 3 2 8 6 5 8 3
split_gain=272.068 128.403 112.198 103.577 101.259 120.241 93.1606 151.825 146.736 96.3779 77.9939 77.8669 87.8723 70.8943 69.8261 65.9043 63.8114 62.6442 57.3812 56.7136 49.7659 49.6589 48.1786 43.5858 43.3768 42.2998 39.1605 36.7323 36.4304 35.5569 34.7235 34.4487 34.2967 32.4917 29.4327 29.2555 185.338 88.7381 41.2326 36.6173 29.2333 28.8473 28.4959 28.2579
threshold=0 1 3.5000000000000004 2 3 7.5000000000000009 4 5 299.50000000000006 370.50000000000006 4.5000000000000009 7.5000000000000009 6 7 3.5000000000000004 1.5000000000000002 31.500000000000004 77.500000000000014 8 10.500000000000002 9 10 17.500000000000004 11 8.5000000000000018 9.5000000000000018 12 1.0000000180025095e-35 13.500000000000002 2.5000000000000004 13 14 80.500000000000014 11.500000000000002 7.5000000000000009 10.500000000000002 15 16 17 9.5000000000000018 4.5000000000000009 1050.5000000000002 7.5000000000000009 18
decision_type=9 9 2 9 9 2 9 9 2 2 2 2 9 9 2 2 2 2 9 2 9 9 2 9 2 2 9 2 2 2 9 9 2 2 2 2 9 9 9 2 2 2 2 9
left_child=1 6 20 30 5 18 8 28 10 19 25 12 14 -13 -5 -12 -7 -15 -4 33 -3 -9 -18 -6 -17 -1 -19 -20 -8 -22 -2 -14 -29 34 -10 38 37 -37 -25 -40 -16 -11 -23 -32
right_child=3 2 4 11 23 16 7 21 9 41 15 13 31 17 40 24 22 26 27 -21 29 42 -24 35 -26 -27 -28 32 -30 -31 43 -33 -34 -35 -36 36 -38 -39 39 -41 -42 -43 -44 -45
leaf_value=-0.0080213925217191683 -0.021340084628441669 0.0010455075986393503 -0.007959856057006021 -0.004987920698314963 0.015608253204673385 -0.0081555195091079398 -0.0023387557308157335 -0.014810636817463819 -0.017861848544300396 -3.0574803974153801e-05 -0.013387473168980285 0.0089955779103393363 0.014623255795061152 -0.0040912114926430375 0.0083328697098362884 0.00036282781293573986 -0.0052275706906727342 0.0057702777155185349 -0.0045989671698086652 -0.0072467798785570501 -0.009371002954991792 -0.0025124503994115644 0.0014383158690237153 -0.0014488050030954437 -0.0081098777018745929 -0.0085425156752834581 -0.00072690974876923333 0.00045441657210982812 0.0071382553080641458 -0.0034415063059739463 -0.0081047399535904893 0.0068007253049254153 0.0050553752333969033 -0.0076061729800639029 0.0054780786888353142 -0.0072352567654898172 -0.00050986684488950611 0.036548231639960772 0.0064734005522559647 -0.0068552499330153845 -0.0020212782025426424 -0.010160113962764422 -0.0087122550235467552 -0.0016013608774204269
leaf_weight=146 288 2835 2509 4755 1151 4656 3227 1141 95 487 427 2872 4378 11136 4211 3034 12067 8022 1732 534 6453 2444 3944 12685 1848 197 10751 5191 3364 7955 2149 22649 5702 622 84 348 5275 1396 5644 1237 2017 181 1783 4104
leaf_count=146 288 2835 2509 4755 1151 4656 3227 1141 95 487 427 2872 4378 11136 4211 3034 12067 8022 1732 534 6453 2444 3944 12685 1848 197 10751 5191 3364 7955 2149 22649 5702 622 84 348 5275 1396 5644 1237 2017 181 1783 4104
internal_value=-0.000647626 -0.00236445 -0.00148286 0.00158129 -0.0005123 -0.00226886 -0.00599266 -0.00322918 -0.0103001 -0.0219421 -0.0061925 0.00213768 0.00367798 0.000352338 -9.55153e-05 -0.00469957 -0.00474912 -0.000369331 0.00111669 -0.0297004 -0.00506002 -0.00946448 -0.00325089 0.00175521 -0.00305203 -0.0293003 0.00139296 0.00248912 0.00185578 -0.00624913 -0.00443444 0.00520953 0.00356651 -0.0212859 -0.00251397 0.00134048 0.00411027 0.018187 0.000347542 0.00346104 0.00338793 -0.00643713 -0.00692707 -0.00363244
internal_weight=177726 100394 80780 77332 63537 35801 19614 11959 7655 2003 5652 70791 38010 32781 10983 5309 20667 29909 15134 1335 17243 5368 16011 27736 4882 343 18773 12625 6591 14408 6541 27027 10893 801 179 26585 7019 1744 19566 6881 6228 668 4227 6253
internal_count=177726 100394 80780 77332 63537 35801 19614 11959 7655 2003 5652 70791 38010 32781 10983 5309 20667 29909 15134 1335 17243 5368 16011 27736 4882 343 18773 12625 6591 14408 6541 27027 10893 801 179 26585 7019 1744 19566 6881 6228 668 4227 6253
cat_boundaries=0 1 8 15 22 23 25 32 39 40 47 54 61 64 71 78 81 82 89 90
cat_threshold=404 285261825 136315392 138412066 283115520 51411744 137 33555457 4194625 151736577 2149580836 4333568 872435200 4194316 66560 1612783632 75497488 256 2231408009 65664 65570 138545416 16 0 8388608 570697856 68167714 256 4137 45344 264242 16789600 10376 100663336 256 67113153 1060897 6161 16908288 256 1076368936 8388626 262144 17826896 131078 2147549218 134742280 0 134217728 0 6291456 16804352 8 1024 526080 10240 8192 80 2416050176 1074006016 16384 102863744 79724592 67 0 134283264 0 4194304 2048 0 1024 403701804 541360704 168321088 16778368 25165824 2149584897 67782656 131072 4 18 20 4 32864 0 33964032 536870916 2151677952 83894848 64
is_linear=0
shrinkage=0.05


Tree=44
num_leaves=45
num_cat=36
split_feature=0 3 3 0 2 0 0 3 6 2 6 0 2 2 2 9 10 1 0 1 8 0 8 3 2 0 3 2 0 0 8 0 2 0 1 8 0 0 2 2 3 3 0 0
split_gain=292.441 155.261 143.008 124.895 116.046 254.873 101.962 107.451 82.1763 97.307 89.7413 82.7161 82.1253 82.0147 79.708 79.5902 72.0588 67.1428 66.587 65.6517 63.8892 71.262 92.2967 78.0005 69.5832 68.9939 67.3305 60.9793 60.0347 57.4045 56.2901 55.9499 54.7168 52.4741 51.1723 47.9624 127.567 70.1476 50.9885 47.7227 46.7529 46.6002 44.9957 44.264
threshold=0 1 2 3 4 5 6 7 3.5000000000000004 8 5.5000000000000009 9 10 11 12 1.0000000180025095e-35 12.500000000000002 13 14 15 3.5000000000000004 16 9.5000000000000018 17 18 19 20 21 22 23 8.5000000000000018 24 25 26 27 7.5000000000000009 28 29 30 31 32 33 34 35
decision_type=9 9 9 9 9 9 9 9 2 9 2 9 9 9 9 2 2 9 9 9 2 9 2 9 9 9 9 9 9 9 2 9 9 9 9 2 9 9 9 9 9 9 9 9
left_child=2 3 4 32 5 15 7 28 9 31 11 -10 -5 29 -8 -1 -17 -9 41 -7 25 22 34 -24 -23 -16 27 30 -3 -4 -26 -6 -2 -21 -22 37 40 -28 -38 42 -37 -15 -20 -11
right_child=1 6 13 12 8 19 14 17 10 43 -12 -13 -14 18 20 16 -18 -19 39 33 21 24 23 -25 26 -27 35 -29 -30 -31 -32 -33 -34 -35 -36 36 38 -39 -40 -41 -42 -43 -44 -45
leaf_value=-0.0078170802323756228 -0.021721800689022644 0.028671616108051825 -0.014918188309147033 0.012430012518995094 -0.0021895010593218078 -0.0012938792903560592 0.014383025076052471 -0.002474821645569514 -0.0015924488561513629 -0.0064864046275634364 -0.0051063266774081413 0.0044341085004494856 0.0018541129826078419 -0.0053670088607540196 -0.01035608960193859 0.00059828316778829944 -0.0061956339637695874 0.0052095935049524924 -0.0085488450959892992 0.00045782222560331043 -0.0096369719575050035 -0.0086378346706069593 0.027915967008450865 -0.012169221481835468 0.008046865878688669 -0.0010408723533318566 -0.0037749653016080687 0.00076655856983054438 0.007039001299591275 -0.0038361465321307187 0.029848588653951416 -0.0091348976839033726 0.017153490587613809 -0.009473782630874051 0.0025947273179902867 -0.014341300526360025 -0.0035905464600824444 0.0059911457113989153 0.005676933831725856 0.0044924733622807803 -0.0042305901900163926 0.0077187872381842548 0.001702908800014924 0.0030415866878595213
leaf_weight=882 227 917 1116 3267 3280 4292 1483 7457 5359 3859 4562 5303 18850 7557 4779 236 581 8473 2277 665 1115 1413 182 1369 1721 5300 4245 3766 2271 2182 1618 10554 6802 1947 2173 2599 2602 5829 4794 14837 3477 1214 5071 5223
leaf_count=882 227 917 1116 3267 3280 4292 1483 7457 5359 3859 4562 5303 18850 7557 4779 236 581 8473 2277 665 1115 1413 182 1369 1721 5300 4245 3766 2271 2182 1618 10554 6802 1947 2173 2599 2602 5829 4794 14837 3477 1214 5071 5223
internal_value=-0.000614992 0.00124097 -0.00283124 0.00429071 -0.00462965 -0.00987461 -7.47119e-05 0.00301652 -0.0034443 -0.00533688 -0.00059774 0.00191334 0.00244272 -0.000376488 -0.00129448 -0.0271796 -0.0160955 0.00133626 0.000423045 -0.00558288 -0.0016556 -0.000692356 -0.00634151 -0.0164088 0.000162125 -0.00518405 0.00066371 0.00492621 0.0113821 -0.00785973 0.00983876 -0.00797457 0.0100938 -0.011823 -0.00161192 -0.000624045 -0.00257571 0.00198531 0.00183635 0.00188105 -0.00793625 -0.00326273 -0.00141343 -0.00130884
internal_weight=177726 96729 80997 29146 46743 8603 67583 19118 38140 22916 15224 10662 22117 34254 48465 1699 817 15930 30956 6904 46982 36903 4839 1551 32064 10079 30651 7105 3188 3298 3339 13834 7029 2612 3288 23546 13472 10074 7396 22185 6076 8771 7348 9082
internal_count=177726 96729 80997 29146 46743 8603 67583 19118 38140 22916 15224 10662 22117 34254 48465 1699 817 15930 30956 6904 46982 36903 4839 1551 32064 10079 30651 7105 3188 3298 3339 13834 7029 2612 3288 23546 13472 10074 7396 22185 6076 8771 7348 9082
cat_boundaries=0 2 3 4 6 13 14 16 17 24 26 33 40 47 50 52 54 56 57 64 66 67 74 76 78 80 86 88 91 93 95 102 109 110 111 113 115
cat_threshold=1854418726 56764944 34 276 32840 76562436 16384 0 12582944 146800640 51406976 128 1025 1073741824 2149580993 134217793 8 2467844 67108946 262402 2248184832 8392980 33 133192 680012038 8208 2076 4456556 576 320 8921088 3223322673 286976 541065472 153239617 2097188 0 671238944 4194338 332800 1572936 2181070849 294912 134217792 268632202 2147483648 135069716 1885803277 1222705249 3 8924672 2097152 0 8388608 8 75497472 320 2149613568 671089280 134225920 23330952 281344 3 50332704 1081344 68703236 384 264192 10272 4194304 132096 8912896 1074003968 24577 2149580801 64 8708 133136 1610615552 131072 2048 134217728 2097184 8 8391168 1077936128 536871426 4196352 1073872897 276856832 66 1310736 33800 65536 1856516 1073758208 25167904 0 33722624 17825796 262144 67135816 286334976 545270016 4219136 33976336 8392704 1073741832 524328 16 168 1073742112 33685504 604514562 54525952
is_linear=0
shrinkage=0.05


Tree=45
num_leaves=45
num_cat=34
split_feature=0 3 3 0 2 0 0 3 9 2 10 2 10 2 2 5 1 2 2 0 8 3 8 0 0 0 1 2 2 8 0 2 3 0 8 0 0 0 0 0 2 2 8 5
split_gain=270.546 142.233 132.524 116.256 109.024 254.036 92.7279 83.948 80.9964 77.6692 75.2233 73.9277 70.4275 70.2395 68.8536 66.0232 60.0023 58.4434 57.6936 57.0858 56.7095 85.2074 93.1615 180.429 78.8813 77.0649 84.5261 74.4033 70.2452 69.6277 67.6061 66.2542 58.5596 54.5921 51.7758 50.8902 50.3093 49.7039 49.4107 49.2105 90.1572 61.536 48.0125 47.3771
threshold=0 1 2 3 4 5 6 7 1.0000000180025095e-35 8 10.500000000000002 9 12.500000000000002 10 11 289.50000000000006 12 13 14 15 3.5000000000000004 16 7.5000000000000009 17 18 19 20 21 22 8.5000000000000018 23 24 25 26 9.5000000000000018 27 28 29 30 31 32 33 7.5000000000000009 16.500000000000004
decision_type=9 9 9 9 9 9 9 9 2 9 2 9 2 9 9 2 9 9 9 9 2 9 2 9 9 9 9 9 9 2 9 9 9 9 2 9 9 9 9 9 9 9 2 2
left_child=2 3 4 17 5 8 7 35 -1 36 14 -5 -10 -9 37 -14 -7 -2 -8 -11 24 28 25 30 -20 26 -23 -25 29 -22 34 -32 -33 43 -24 -3 -4 -6 42 40 -12 -41 -18 -16
right_child=1 6 9 11 10 16 18 13 12 19 39 -13 15 -15 33 -17 38 -19 20 -21 21 22 23 27 -26 -27 -28 -29 -30 -31 31 32 -34 -35 -36 -37 -38 -39 -40 41 -42 -43 -44 -45
leaf_value=-0.0074442294707394614 0.012950463343430597 0.003081538639123044 -0.014578746852451131 0.015665437632781144 0.0072053527222529449 -0.0012291853258382557 -0.01230401074587097 -0.0091180821344335038 0.00060506234272313943 -0.0032948438915423543 -0.0059952792584602151 0.006207513549811661 0.00078905646975888652 0.0047641482413008918 -0.027604107739057495 -0.0070700295093981073 0.0016931040850457603 -0.00072719040059012754 -0.0094478755653609869 0.0023745529158009427 0.0062826703810236473 -0.011342037786014204 -0.0071878315578004729 -0.0045536087103626392 -0.00068386927802417956 0.0056452831000736838 0.00049817910643628065 0.0054005764973881548 -0.00058662873919151926 0.026585425290722588 0.0086477246185636021 -0.011012486463615146 -0.0028213698000877142 -0.010816910762249152 -0.015935568910947263 0.025399074690034707 -0.0037423376225462685 -0.0070651706302810929 -0.010153489882543894 -0.0039403902471669581 0.0015898115551793491 0.0023564059433925592 -0.010811038216745499 -0.0022705333873683344
leaf_weight=881 2159 796 1045 7403 1226 4292 977 2158 235 8745 7266 7549 149 10353 249 431 863 12035 4343 22118 2466 1099 795 4146 7114 7987 4565 5772 3863 2220 670 2767 2941 6240 1393 1158 2346 1085 1276 5326 4516 9161 446 3101
leaf_count=881 2159 796 1045 7403 1226 4292 977 2158 235 8745 7266 7549 149 10353 249 431 863 12035 4343 22118 2466 1099 795 4146 7114 7987 4565 5772 3863 2220 670 2767 2941 6240 1393 1158 2346 1085 1276 5326 4516 9161 446 3101
internal_value=-0.00060205 0.00118308 -0.00273371 0.00410207 -0.00446495 -0.00955959 -7.61913e-05 0.0034715 -0.0268464 -0.000370651 -0.00331849 0.00717818 -0.0156442 0.00196071 -0.00661709 -0.025 -0.00526354 0.000858913 -0.00104276 0.00041946 -0.0008159 5.89912e-05 -0.00112148 -0.0034354 -0.00392337 0.00201084 -0.00244977 0.00115834 0.00449235 0.00860307 -0.00874534 -0.00612085 -0.00786988 -0.00847917 -0.016333 0.0130855 -0.0075419 0.00114175 -0.0112717 -0.00182535 -0.0042232 0.000127613 -0.00435936 -0.00330357
internal_weight=177726 96729 80997 29146 46743 8573 67583 14465 1696 34254 38170 14952 815 12511 11901 580 6877 14194 53118 30863 52141 40684 32135 18484 11457 13651 5664 9918 8549 4686 8566 6378 5708 9590 2188 1954 3391 2311 2585 26269 11782 14487 1309 3350
internal_count=177726 96729 80997 29146 46743 8573 67583 14465 1696 34254 38170 14952 815 12511 11901 580 6877 14194 53118 30863 52141 40684 32135 18484 11457 13651 5664 9918 8549 4686 8566 6378 5708 9590 2188 1954 3391 2311 2585 26269 11782 14487 1309 3350
cat_boundaries=0 2 3 4 6 13 14 16 17 24 31 38 45 47 54 61 63 64 66 68 70 73 80 87 89 96 97 99 101 103 105 107 109 116 123
cat_threshold=1854418726 56764944 34 276 2147745937 134778953 16384 0 4194336 146800640 51406976 128 1025 1073741824 2149580993 134217792 8 541065472 153239745 2097188 4202496 671238944 4194346 332800 286261512 262208 138944516 147776 538476544 2149580848 67135753 1310736 50331648 134217728 4194592 402692368 1073741824 134217985 36888 1051152 262402 1310984 268435712 48 67117128 0 8388608 2076 4227148 2121984 294912 8388608 3223322681 24832 2129921 134218240 0 6291456 19200 0 4195360 8924672 2097152 384 1310744 75531272 1081344 68703232 65544 68965380 256 8421380 18 1073758216 25168162 0 60199168 17825796 0 83912960 1312768 10272 32768 2147615808 277348352 3221487616 24577 8 8421376 16793612 2304 0 4096 134250500 0 67109192 16 1652559616 2228224 128 134217728 8708 133120 1317011488 37881872 671613442 6294032 579349510 10240 1628446736 67142208 0 2182353152 256 1073807409 218783816 539080720 8398896 8651008 165184 134746372 2147745794 134219776
is_linear=0
shrinkage=0.05


Tree=46
num_leaves=45
num_cat=20
split_feature=3 1 5 1 1 10 5 8 3 1 1 6 1 5 6 3 8 8 8 1 8 5 1 6 1 5 1 8 8 1 1 1 3 1 6 8 5 6 6 4 1 10 5 1
split_gain=209.843 105.73 87.4901 84.1761 68.0742 56.553 54.3321 54.0132 188.546 124.045 80.3928 52.1914 81.6677 132.751 70.8305 65.9962 49.8108 43.8906 55.8699 46.1797 37.2312 39.8824 36.6055 35.8926 52.7282 35.7163 37.4045 33.8804 64.3591 30.9404 29.855 29.2258 29.051 28.6565 28.2795 26.4541 25.683 24.5958 24.7841 24.1506 24.0018 23.7134 23.5687 22.7139
threshold=0 1 20.500000000000004 2 3 10.500000000000002 348.50000000000006 10.500000000000002 4 5 6 4.5000000000000009 7 296.50000000000006 3.5000000000000004 8 7.5000000000000009 3.5000000000000004 9.5000000000000018 9 8.5000000000000018 4.5000000000000009 10 3.5000000000000004 11 18.500000000000004 12 7.5000000000000009 3.5000000000000004 13 14 15 16 17 2.5000000000000004 11.500000000000002 96.500000000000014 4.5000000000000009 1.5000000000000002 2.5000000000000004 18 19.500000000000004 820.50000000000011 19
decision_type=9 9 2 9 9 2 2 2 9 9 9 2 9 2 2 9 2 2 2 9 2 2 9 2 9 2 9 2 2 9 9 9 9 9 2 2 2 2 2 2 9 2 2 9
left_child=3 2 20 6 -4 23 25 10 9 -9 34 14 13 -13 22 -15 37 32 19 -19 -2 33 36 31 -25 -1 -27 28 30 -29 -28 -6 -12 -22 -3 43 -7 38 -5 -17 -10 -11 -14 -23
right_child=1 7 4 16 5 11 -8 8 40 41 17 12 42 15 -16 39 -18 18 -20 -21 21 35 -24 24 -26 26 27 29 -30 -31 -32 -33 -34 -35 -36 -37 -38 -39 -40 -41 -42 -43 -44 -45
leaf_value=-0.0082243511706961373 -0.0050536686664048036 -0.01093200452420664 -0.013159308217075847 0.0049133988010765742 -0.002515655392908378 -0.029041625816438245 0.005299084253818565 0.031004061750810087 -0.0080621367132948877 0.0028443274140083521 0.022128049233685478 -0.0028970489832418015 -0.00081007263274035513 -0.0035639986222093301 0.0035139841859315626 -0.0043187503726727526 0.0015800797563030767 0.021583875532372294 -0.0061274438758316622 0.0023922003913197766 -0.0039944659516348707 -0.014322686614990627 -0.0010539443564111129 0.0030886606975066735 -0.0038179826869784387 -0.0098715640986606137 0.006432277704070833 0.0063427468368981062 0.0071487092310868585 -0.0036866233164792985 -0.0049166029698234914 -0.0081543983270981335 -0.0037348323789497817 -0.0074657803575773731 -0.0020912517333965875 -0.0014241100005837892 -0.011519509851175941 0.0029406872621160264 0.010240396927409252 -0.0020112945036264043 -0.00036523480096954945 0.015372167823767997 0.0112910782027296 -0.0082424050067431819
leaf_weight=2366 5034 4485 1026 6079 2429 181 5883 1688 1542 1760 399 2503 6852 317 5568 760 16891 1484 2849 13011 140 435 21530 2577 3886 1274 1046 1083 7323 10745 4217 8137 6461 235 5060 704 391 4739 9080 54 3457 280 74 1691
leaf_count=2366 5034 4485 1026 6079 2429 181 5883 1688 1542 1760 399 2503 6852 317 5568 760 16891 1484 2849 13011 140 435 21530 2577 3886 1274 1046 1083 7323 10745 4217 8137 6461 235 5060 704 391 4739 9080 54 3457 280 74 1691
internal_value=-0.000580669 -0.00197739 -0.00325255 0.00153246 -0.00254864 -0.00230961 -0.000263646 -4.00132e-05 0.00346625 0.0119583 -0.000946695 -0.00124248 -0.00423295 -0.0102909 -0.000101193 -0.0245358 0.00318895 0.000586438 0.00192574 0.00318386 -0.0080653 -0.0122777 -0.00137092 -0.00470668 -0.00177162 -0.00117987 -0.00063843 -0.000200622 0.00160496 -0.00212208 -0.00261258 -0.00650199 -0.00279883 -0.0276 -0.00482993 -0.0102473 -0.0137457 0.00488491 0.0058678 -0.0319175 -0.00288481 0.00360976 -0.00103806 -0.0130292
internal_weight=177726 107000 64524 70726 56285 55259 33937 42476 8727 3728 33749 38230 10560 3634 27670 1131 36789 24204 17344 14495 8239 3205 22102 17029 6463 28054 25688 24414 12586 11828 5263 10566 6860 375 9545 2830 572 19898 15159 814 4999 2040 6926 2126
internal_count=177726 107000 64524 70726 56285 55259 33937 42476 8727 3728 33749 38230 10560 3634 27670 1131 36789 24204 17344 14495 8239 3205 22102 17029 6463 28054 25688 24414 12586 11828 5263 10566 6860 375 9545 2830 572 19898 15159 814 4999 2040 6926 2126
cat_boundaries=0 1 4 7 8 9 12 15 17 18 20 21 23 24 27 29 32 33 34 37 39
cat_threshold=42 4060430297 1218446489 33 1883554049 335708416 20 1 256 131076 67108932 10 131072 268435460 2 536875016 1218445457 388 67125284 49152 2684355088 2718171392 134217744 1 0 256 16 294912 67108864 2416185864 142606337 1 64 33620032 131108 37855296 68 64 16
is_linear=0
shrinkage=0.05


Tree=47
num_leaves=45
num_cat=21
split_feature=3 2 3 8 1 8 2 8 8 2 2 5 2 5 5 3 5 5 5 5 10 2 8 2 2 3 2 10 5 8 3 1 1 8 1 8 6 2 6 3 8 3 10 6
split_gain=195.011 103.373 89.3023 117.538 108.754 85.8281 80.4006 94.1193 77.9549 98.4476 76.4709 69.5962 57.6849 62.6964 56.6897 49.9671 49.8037 49.5934 76.6347 57.5581 49.1636 47.0404 47.3908 43.4399 42.198 37.0587 35.3811 33.8443 31.5654 31.4135 171.531 79.9084 34.5154 33.3664 37.759 30.3199 30.1669 29.7611 29.4526 32.4066 28.9112 28.5755 27.6477 30.6282
threshold=0 1 2 10.500000000000002 3 3.5000000000000004 4 7.5000000000000009 7.5000000000000009 5 6 200.50000000000003 7 77.500000000000014 31.500000000000004 8 242.50000000000003 4.5000000000000009 305.50000000000006 386.50000000000006 17.500000000000004 9 3.5000000000000004 10 11 12 13 13.500000000000002 62.500000000000007 10.500000000000002 14 15 16 9.5000000000000018 17 8.5000000000000018 1.0000000180025095e-35 18 3.5000000000000004 19 1.5000000000000002 20 16.500000000000004 4.5000000000000009
decision_type=9 9 9 2 9 2 9 2 2 9 9 2 9 2 2 9 2 2 2 2 2 9 2 9 9 9 9 2 2 2 9 9 9 2 9 2 2 9 2 9 2 9 2 2
left_child=1 2 3 11 27 23 7 15 9 -2 -10 -1 -12 -14 -9 -7 37 -5 -19 -20 -16 40 26 -3 41 -24 -23 -4 -17 32 -31 -32 -26 34 35 -34 -30 -6 39 -25 -11 -8 -13 -44
right_child=8 5 4 17 16 6 24 14 10 21 12 42 13 -15 20 28 -18 18 19 -21 -22 22 25 38 29 -27 -28 -29 36 30 31 -33 33 -35 -36 -37 -38 -39 -40 -41 -42 -43 43 -45
leaf_value=-0.0010689712527457151 -0.0046769789445117787 0.00093788188810011168 -0.0019229995239882893 -0.0067980861177594169 -0.0071286892477781753 -0.0076982652823868736 0.025126406301369288 -0.0070102465223152669 0.0078591797155342698 0.02850602115990062 -0.0084644708562049194 -0.0027085414438548228 -0.0039921703964092004 0.0018509466208533555 -0.0045539468151324812 -0.00036884649813397898 -0.002010775391264469 -0.0065193248988062976 -0.006280001849253267 0.0066521277065696889 0.001630880442337468 -0.0038648561662143477 -0.0032194421226349637 -0.0061259370995516539 -0.0038171953140161644 0.0078096849742158138 0.0034371076818429328 0.0068696057460606976 -0.0035347837565573637 -0.0031939127608554331 0.031672435853834301 0.006727361121046594 0.011352858979826897 -0.0056481863958971314 0.0018660107736575672 0.031342695313014861 0.0048780286488582852 -0.013694370576013488 -0.0020235799583671276 -0.016558191258888699 0.011023054245954289 0.0010826626515745897 -0.010941066868516406 -0.0066653347732215096
leaf_weight=3612 4181 3250 3227 182 1976 2372 750 4809 3011 405 3655 1248 11094 17802 12303 5244 2424 1074 566 86 3949 3651 1864 5864 5337 18021 9987 3364 962 3527 1519 1348 883 2412 10893 338 6278 946 5718 2281 3661 616 534 502
leaf_count=3612 4181 3250 3227 182 1976 2372 750 4809 3011 405 3655 1248 11094 17802 12303 5244 2424 1074 566 86 3949 3651 1864 5864 5337 18021 9987 3364 962 3527 1519 1348 883 2412 10893 338 6278 946 5718 2281 3661 616 534 502
internal_value=-0.000577293 -0.0020308 -0.00527315 -0.00943179 -0.00254876 -0.00123663 -0.000390305 -0.00194979 0.00130977 0.00277472 -0.000410551 -0.00595319 -0.00111637 -0.000366706 -0.0041 0.0010972 -0.00784167 -0.0202306 -0.017613 -0.031135 -0.0026889 0.00358387 0.00296574 -0.00437971 0.00163753 0.00452351 0.000696583 0.00174973 0.00236113 0.00118971 0.00423835 0.0132951 0.000208931 0.00147221 0.00254251 0.0108448 0.00450276 -0.0122519 -0.0055972 -0.00753223 0.00866045 0.0101744 -0.0127846 -0.0188224
internal_weight=177726 100394 19741 7804 11937 80653 63540 35917 77332 41770 35562 5896 32551 28896 21061 14856 5346 1908 1726 652 16252 37589 33523 17113 27623 19885 13638 6591 12484 26257 6394 2867 19863 14526 12114 1221 7240 2922 13863 8145 4066 1366 2284 1036
internal_count=177726 100394 19741 7804 11937 80653 63540 35917 77332 41770 35562 5896 32551 28896 21061 14856 5346 1908 1726 652 16252 37589 33523 17113 27623 19885 13638 6591 12484 26257 6394 2867 19863 14526 12114 1221 7240 2922 13863 8145 4066 1366 2284 1036
cat_boundaries=0 1 8 9 11 18 25 32 39 40 47 54 61 62 69 70 73 76 78 83 84 85
cat_threshold=404 2954936337 136314880 4194304 283115520 51403680 131208 33555457 16 0 8388608 1090592768 75498000 134217762 2365621513 134291456 65571 134351112 38021505 16795681 4 4198400 67136032 4196380 16847904 10377 101711913 4194560 67113153 1585185 6161 16908288 805306628 694288512 136323172 4333568 805325312 4194314 83008 256 403701804 4489792 169893952 16786560 25165824 2149584897 67897344 1074271784 9437714 134479874 17826896 139270 2147549218 134742280 526080 43136 8396800 112 2416050176 1342441472 16384 64 536940544 67117326 4718624 32769 655616 262144 24648 20 393220 4 18 131073 268501004 2 201343012 2113536 2952806400 0 0 10485760 1069440 20 256
is_linear=0
shrinkage=0.05


Tree=48
num_leaves=45
num_cat=35
split_feature=0 3 0 2 0 2 3 0 2 0 6 8 0 0 3 6 2 9 3 2 2 0 2 2 2 0 0 2 0 8 0 0 2 10 5 0 10 2 2 2 0 10 2 0
split_gain=254.841 150.453 234.283 144.009 128.15 170.585 92.1602 110.988 85.5844 84.2119 80.9533 79.5045 128.224 77.4806 81.3299 76.9024 73.5695 71.6564 59.7244 59.4898 59.2978 56.4892 55.4585 54.859 54.0651 53.9903 52.1262 51.8318 51.6706 52.0214 56.409 50.3042 63.3982 47.3749 58.2542 47.1192 47.0313 50.38 44.3499 43.3983 40.1362 38.9036 38.4891 38.1981
threshold=0 1 2 3 4 5 6 7 8 9 5.5000000000000009 7.5000000000000009 10 11 12 2.5000000000000004 13 1.0000000180025095e-35 14 15 16 17 18 19 20 21 22 23 24 10.500000000000002 25 26 27 7.5000000000000009 252.50000000000003 28 10.500000000000002 29 30 31 32 18.500000000000004 33 34
decision_type=9 9 9 9 9 9 9 9 9 9 2 2 9 9 9 2 9 2 9 9 9 9 9 9 9 9 9 9 9 2 9 9 9 2 2 9 2 9 9 9 9 2 9 9
left_child=1 2 3 17 16 31 7 22 40 -4 13 21 -13 14 20 24 -3 43 42 -17 25 -11 -2 -23 -15 -8 41 -16 -5 30 -30 32 -6 -19 -35 38 37 -26 -12 -37 -9 -10 -7 -1
right_child=6 4 9 28 5 18 10 8 26 11 35 12 -14 15 27 19 -18 33 -20 -21 -22 23 -24 -25 36 -27 -28 -29 29 -31 -32 -33 -34 34 -36 39 -38 -39 -40 -41 -42 -43 -44 -45
leaf_value=-0.0068435377612732998 -0.0038815895222254261 0.0064178999891711169 0.0063985495034835976 0.0060543732862158584 -0.0023312011181643557 0.011262308037895109 0.012716435661803117 0.0054203039320156691 0.0022352037427031623 -0.013171964281233387 0.0059818689656803044 0.002971170220737718 -0.011203661919237343 -0.016510837118324042 -0.016010013424557764 0.0095997910226405924 -0.00055168879691840371 0.0010010179429246981 0.0064892646419196847 0.0011465883806516476 0.019443267425581987 0.009014170188583975 0.016942483493904658 -0.00091719175605737841 -0.010452938454118677 -0.0016409669424641837 -0.0027974430959671007 0.0018326440781690546 0.0062202775084047703 -0.018054625958976969 -0.0086548902133539891 -0.011186052754891974 -0.017936418017650484 0.00026246383040563482 -0.0058456717476143396 0.0013414055142529581 -7.6568606491034263e-05 -0.002824120923835194 -0.0057271936238745547 -0.0085994516059646042 0.0161950466393763 0.014967732280937618 -0.0032882364887075357 -0.011630170101801007
leaf_weight=785 697 7465 2105 616 2444 580 1715 1780 6998 806 1590 1477 4186 745 418 2685 16629 139 3128 23075 2018 1208 5005 5540 2682 1725 10117 4443 483 873 1951 4062 373 221 503 1145 18419 5569 1934 3989 1938 1884 21322 259
leaf_count=785 697 7465 2105 616 2444 580 1715 1780 6998 806 1590 1477 4186 745 418 2685 16629 139 3128 23075 2018 1208 5005 5540 2682 1725 10117 4443 483 873 1951 4062 373 221 503 1145 18419 5569 1934 3989 1938 1884 21322 259
internal_value=-0.000550285 -0.00271172 -0.00630375 -0.0148288 -0.00135415 -0.00343213 0.00110806 0.00351929 0.00195142 -0.00305244 0.000157978 -0.0045324 -0.00901466 0.000776451 0.00473908 6.5808e-06 0.00139811 -0.0261085 -0.00151358 0.00196817 0.00892465 -0.00117818 0.0097514 0.00032554 -0.00183659 0.00489855 0.000591825 3.07945e-05 -0.00929316 -0.0117727 -0.00805259 -0.0104006 -0.00521755 -0.0155852 -0.0207182 -0.00437745 -0.00146177 -0.00459944 8.48896e-05 -0.00742613 0.00887876 0.00338507 -0.00243702 -0.0350575
internal_weight=177726 77155 21152 5830 56003 31909 100571 28419 22717 15322 72152 13217 5663 63494 10319 53175 24094 1907 25030 25760 5458 7554 5702 6748 27415 3440 18999 4861 3923 3307 2434 6879 2817 863 724 8658 26670 8251 3524 5134 3718 8882 21902 1044
internal_count=177726 77155 21152 5830 56003 31909 100571 28419 22717 15322 72152 13217 5663 63494 10319 53175 24094 1907 25030 25760 5458 7554 5702 6748 27415 3440 18999 4861 3923 3307 2434 6879 2817 863 724 8658 26670 8251 3524 5134 3718 8882 21902 1044
cat_boundaries=0 2 3 5 12 14 21 22 24 31 33 35 37 38 45 46 53 60 61 67 74 81 82 84 91 92 94 96 102 104 111 118 125 127 134 135
cat_threshold=1854418726 56633872 16 1074268162 4196352 1073741824 0 0 262144 1048576 0 1 1744830498 4196880 1342267392 152044112 4194306 163618848 16804736 56 1024 32 32776 76562436 1050684 38043756 512 465 8396800 3223322657 17064192 67109120 2097152 8397824 33554432 2149580992 64 24 1153032 575700994 303104 2299543592 285220868 6192 40 300 537137192 16777408 8683520 67371072 428475280 4194304 134873088 1076101124 432 0 2148942848 0 1073807392 16779265 8389664 2064 134217736 2097184 294921 8405760 4194336 1074003988 1048592 0 32768 16777220 48 24896 2164264960 150995456 8388608 2097152 8936224 33554432 262144 2149580800 3604544 819200 1048592 16777216 0 4194560 419432448 0 139520 1073741824 0 2048 42469632 33554432 90112 152043520 4194304 16809984 256 48 2147745984 134516805 536895488 8290 32768 50432 152043524 4194321 67109120 8208 2144 0 2147487744 0 16 257 65548 1050656 0 34751808 1048580 2147549184 67126280 2149974080 134774849 4128 8 2147500032 80 402685952 0 524288 1073741824
is_linear=0
shrinkage=0.05


Tree=49
num_leaves=45
num_cat=32
split_feature=0 3 0 3 2 0 2 2 0 3 2 6 0 0 2 9 6 10 6 0 5 2 0 0 5 2 2 5 10 2 0 6 0 2 2 0 0 2 2 1 5 10 0 2
split_gain=233.09 108.786 108.432 105.176 123.212 192.188 81.6818 81.027 76.334 135.128 101.869 67.0048 78.7634 66.265 64.673 61.4111 57.0407 56.7661 55.461 55.1851 50.6488 50.463 47.2326 46.0627 45.7266 45.4642 45.3667 50.1688 45.2269 57.1141 45.6291 41.6843 38.3844 54.4589 37.1979 35.7506 34.897 52.9712 44.8672 34.8245 41.1035 34.4866 34.2613 34.0765
threshold=0 1 2 3 4 5 6 7 8 9 10 3.5000000000000004 11 12 13 1.0000000180025095e-35 1.5000000000000002 12.500000000000002 5.5000000000000009 14 73.500000000000014 15 16 17 273.50000000000006 18 19 23.500000000000004 10.500000000000002 20 21 5.5000000000000009 22 23 24 25 26 27 28 29 8.5000000000000018 18.500000000000004 30 31
decision_type=9 9 9 9 9 9 9 9 9 9 9 2 9 9 9 2 2 2 2 9 2 9 9 9 2 9 9 2 2 9 9 2 9 9 9 9 9 9 9 9 2 2 9 9
left_child=3 2 21 4 5 15 32 35 9 19 23 13 -13 20 -11 -1 36 -17 25 -3 -6 -2 41 -10 -19 -16 -18 -28 29 30 -12 -14 33 -5 -15 -4 38 -38 -8 40 -7 -9 -23 -20
right_child=1 8 7 6 11 39 16 22 10 14 28 12 31 34 18 17 26 24 43 -21 -22 42 -24 -25 -26 -27 27 -29 -30 -31 -32 -33 -34 -35 -36 -37 37 -39 -40 -41 -42 -43 -44 -45
leaf_value=-0.006706606487261452 -0.0049216285167662079 0.024924014212431091 0.0051492887354148923 -0.016681585662785447 -0.006195410132941801 -0.024115451313142917 -0.008613316988144144 0.0021194009869048291 -0.0015549051169018058 0.012379832420834415 0.0055283470068499541 -0.0029419532628350842 0.005077617333401313 -0.0013215083650975235 -0.0080385770421149468 0.00042046332822199829 0.0084503527911731942 -0.00021773990529139198 -0.018538544852034818 0.0075560827825076121 0.00087103443858683744 0.028481353795315158 -0.0026317795927844113 -0.0094382915400725645 -0.0059367607989176951 0.0012914869050818568 -0.0067365085242652783 0.0010670324912688267 0.0009230717354476504 -0.0070770141966656208 -0.0030692533902919763 -0.0019074839348702745 -0.004035634525155163 -0.004134977808821866 -0.008060507711043002 0.014345605984922228 -0.015421003265889049 -0.0036840017334367316 0.0053360578925290116 -0.0062464602955053994 0.00086507463074037005 0.014095124172947971 0.013129137576190898 -0.0045017782591807833
leaf_weight=1019 713 917 1610 781 3228 73 1954 7034 2839 1898 2102 5625 3218 1112 652 302 3128 217 766 3707 4481 748 10122 4229 434 19344 3194 21535 26241 5803 3804 1264 2699 610 5712 2059 1534 5424 3323 1154 1680 1892 5627 1918
leaf_count=1019 713 917 1610 781 3228 73 1954 7034 2839 1898 2102 5625 3218 1112 652 302 3128 217 766 3707 4481 748 10122 4229 434 19344 3194 21535 26241 5803 3804 1264 2699 610 5712 2059 1534 5424 3323 1154 1680 1892 5627 1918
internal_value=-0.000524965 0.000999183 0.00355023 -0.00267599 -0.00498662 -0.0122418 -0.00113143 0.00186342 -2.55961e-05 0.00196495 -0.00131696 -0.00354564 -0.000420501 -0.00572146 0.000488043 -0.0242684 -0.000443868 -0.0152676 -0.000255619 0.00979715 -0.00253271 0.00894618 0.00055095 -0.00682396 -0.0235791 0.00065013 0.000805902 8.69073e-05 -0.000289779 -0.00287386 0.000591616 0.00451915 -0.00785366 -0.0145967 -0.00930641 0.00865724 -0.00328974 -0.00561137 -0.000217515 -0.00402811 0.000425411 0.00320054 0.0103602 -0.00700447
internal_weight=177726 104025 29805 73701 29519 4879 44182 22717 74220 29202 45018 24640 10107 14533 24578 1972 40092 953 22680 4624 7709 7088 19048 7068 651 19996 27857 24729 37950 11709 5906 4482 4090 1391 6824 3669 12235 6958 5277 2907 1753 8926 6375 2684
internal_count=177726 104025 29805 73701 29519 4879 44182 22717 74220 29202 45018 24640 10107 14533 24578 1972 40092 953 22680 4624 7709 7088 19048 7068 651 19996 27857 24729 37950 11709 5906 4482 4090 1391 6824 3669 12235 6958 5277 2907 1753 8926 6375 2684
cat_boundaries=0 2 3 5 6 13 14 21 28 30 31 38 40 42 49 51 57 59 61 67 74 81 83 85 92 99 101 103 110 117 119 121 128
cat_threshold=1854418724 56633872 32 32778 76562436 20 16799744 67108864 0 12582912 135268480 2147745792 1033 1073750020 1610620928 162677329 6291460 6291584 16927488 4259848 66560 1050684 38043756 512 465 8396800 1080033313 17064192 2149712081 134217793 8 3145856 671089410 320 6295952 18944 1073743930 9312 679487780 16 1820328736 2097664 67076 603982370 8659200 134221952 1056916 268304 151527488 2149580801 64 2064 134217792 2097184 32777 9437984 1077936160 3604544 819200 8 676872 2147483648 0 32768 4194304 402688288 1 4136 2789474562 134258944 84934737 268963844 6145 67239936 1627389992 26249296 294912 2182480960 419700992 2147483649 149504 65544 1446912 33563140 8208 1073741824 8388624 6291456 0 16796416 0 1024 1074003980 512 262144 135532800 524292 48 201351424 2147876928 134774849 713032740 2064 1310720 4204834 134218016 1081609 8388644 1073741858 24832 268435476 264 40960 2214989912 537407520 0 67242248 0 8388608 0 1048576 1074012160 1048576 0 262144 16777472 0 2049
is_linear=0
shrinkage=0.05


Tree=50
num_leaves=45
num_cat=35
split_feature=0 3 1 0 1 3 0 10 1 0 6 0 3 6 9 0 1 0 0 0 1 1 1 1 9 8 10 0 1 0 1 0 3 1 0 1 10 1 0 0 10 0 1 0
split_gain=214.41 102.568 81.1829 104.208 108.197 77.5603 88.4658 77.4988 67.4925 65.292 61.5082 61.232 69.8008 65.6345 59.5111 66.5493 58.8991 62.152 53.792 51.8965 50.6997 50.5477 49.7831 47.3403 45.9638 58.9781 52.9625 45.7616 44.2567 43.9908 50.1901 43.7714 53.6933 42.8871 41.6121 38.4694 37.4197 35.0483 33.93 33.5572 33.7415 31.1662 30.4711 29.856
threshold=0 1 2 3 4 5 6 14.500000000000002 7 8 5.5000000000000009 9 10 2.5000000000000004 1.0000000180025095e-35 11 12 13 14 15 16 17 18 19 1.0000000180025095e-35 5.5000000000000009 11.500000000000002 20 21 22 23 24 25 26 27 28 11.500000000000002 29 30 31 9.5000000000000018 32 33 34
decision_type=9 9 9 9 9 9 9 2 9 9 2 9 9 2 2 9 9 9 9 9 9 9 9 9 2 2 2 9 9 9 9 9 9 9 9 9 2 9 9 9 2 9 9 9
left_child=1 2 3 4 24 6 28 14 9 -3 11 12 33 37 -5 -16 27 21 -6 -4 -9 -18 -15 -14 -1 -26 -27 -8 -2 30 -12 32 -10 38 -22 -31 41 -13 -7 -39 -41 -32 -17 -30
right_child=5 8 19 7 18 10 16 20 31 -11 29 13 23 22 15 42 17 -19 -20 -21 34 -23 -24 -25 25 26 -28 -29 43 35 36 -33 -34 -35 -36 -37 -38 39 -40 40 -42 -43 -44 -45
leaf_value=-0.005864573173679455 -0.004675547090927901 -0.0061377640340786414 -0.004587184385743015 -0.0076084927550208684 0.0095825682602839642 0.010863843618175341 0.0077978008230591648 -0.015723448032518125 0.0076934091390104212 0.00038681605192524286 -0.00099779273854188623 -0.0095834195675207692 -0.0084166571627047777 0.0088545919314760198 -0.0081491349974621829 0.011991051569131096 -0.0080637512484896031 0.008863783944562843 -0.0094082817704943481 0.0018292105225271805 0.0018438221365140034 0.011048162508756267 0.0010805924779326516 0.0059025772419062155 0.018376093474252599 0.00032094385218764399 -0.0045203925580135588 -0.0041520395691013127 0.027054228387272429 0.0037453602532008024 -0.0141108483023631 0.0051601116778495996 -0.0068545621215443725 0.019536797260330554 -0.0020742545138628418 -0.0061681779119130975 -0.012175172178295269 0.0016026409561319622 -0.0012773635957956165 -0.0095307553199728504 -0.0018126065891434396 0.0014524731333415255 -0.0011776173945197033 0.012656559010655384
leaf_weight=915 699 8672 5679 7846 703 2029 2259 329 1410 12004 1646 2170 1677 2589 3287 131 2363 9799 800 8959 5282 1562 20657 2911 68 230 567 6812 721 2191 317 10757 3146 1621 7836 1758 1619 8883 1290 3300 10196 393 5873 3770
leaf_count=915 699 8672 5679 7846 703 2029 2259 329 1410 12004 1646 2170 1677 2589 3287 131 2363 9799 800 8959 5282 1562 20657 2911 68 230 567 6812 721 2191 317 10757 3146 1621 7836 1758 1619 8883 1290 3300 10196 393 5873 3770
internal_value=-0.000491768 -0.00231587 -0.00381635 -0.00516132 -0.0136198 0.00116149 0.0033631 -0.0042492 -0.000293064 -0.00215605 0.000216835 0.000787642 0.00444538 5.75254e-05 -0.00648013 -0.00377247 0.00201929 0.00408475 -0.00366821 -0.000703168 -0.00140924 -0.00123253 0.00196163 0 -0.0219553 -0.013815 -0.0176286 -0.00110671 0.00925 -0.00391217 -0.00761606 0.00222215 -0.00188349 0.00856566 -0.000914077 -0.000164183 -0.0123343 -0.00174549 0.00527185 -0.00115458 -0.00272471 -0.0028169 -0.000631859 0.0110753
internal_weight=177726 84494 48505 33867 3283 93232 27985 30584 35989 20676 65247 57323 9528 47795 17137 9291 22795 13724 1503 14638 13447 3925 23246 4588 1780 865 797 9071 5190 7924 3975 15313 4556 4940 13118 3949 2329 24549 3319 22379 13496 710 6004 4491
internal_count=177726 84494 48505 33867 3283 93232 27985 30584 35989 20676 65247 57323 9528 47795 17137 9291 22795 13724 1503 14638 13447 3925 23246 4588 1780 865 797 9071 5190 7924 3975 15313 4556 4940 13118 3949 2329 24549 3319 22379 13496 710 6004 4491
cat_boundaries=0 2 3 6 8 10 11 13 16 18 20 21 23 26 28 29 31 32 35 38 41 43 46 48 51 53 54 57 59 62 65 66 68 70 71 73
cat_threshold=1854418726 65153552 276 4064355267 14689308 9 1073741824 8192 0 8388608 34 32776 68173828 1883753153 1344471328 4 1082665476 2228224 2149580929 64 24 34087428 6291472 307233601 67125297 1 2147483777 32833 1073741824 603991298 25165824 536870913 537133088 1216413954 64 344211524 196730 8 1614876749 1140916336 11 1179648 32832 537133057 2228228 4 3342361 68699144 5484676 474022156 68 67635744 6299664 74 309731586 8396812 1 201851650 20971536 33554498 1082130700 5 4026798865 1207967898 16 2149580801 196688 135544832 3145744 1064960 536870912 0 1048576
is_linear=0
shrinkage=0.05


Tree=51
num_leaves=45
num_cat=28
split_feature=3 2 8 2 8 2 2 2 8 3 8 2 2 8 2 2 8 3 1 1 8 8 3 2 8 2 3 8 2 2 4 2 2 6 2 10 2 2 2 6 6 3 6 1
split_gain=130.574 81.713 74.5302 81.8446 70.1014 86.2415 63.4991 57.657 110.171 70.9849 56.2966 49.9888 48.9041 45.6736 43.9288 43.9094 41.2377 151.847 88.4299 71.5628 37.3315 48.5773 34.3439 53.8136 33.2853 39.9298 28.6187 28.5003 28.3917 27.5004 25.9719 25.8692 25.7658 24.4689 24.3562 24.3601 24.1324 23.6521 22.7407 22.1571 32.0044 23.5064 21.5289 26.3994
threshold=0 1 3.5000000000000004 2 7.5000000000000009 3 4 5 7.5000000000000009 6 3.5000000000000004 7 8 7.5000000000000009 9 10 10.500000000000002 11 12 13 11.500000000000002 10.500000000000002 14 15 9.5000000000000018 16 17 2.5000000000000004 18 19 2.5000000000000004 20 21 1.5000000000000002 22 17.500000000000004 23 24 25 2.5000000000000004 5.5000000000000009 26 4.5000000000000009 27
decision_type=9 9 2 9 2 9 9 9 2 9 2 9 9 2 9 9 2 9 9 9 2 2 9 9 2 9 9 2 9 9 2 9 9 2 9 2 9 9 9 2 2 9 2 9
left_child=4 -2 11 13 5 27 -6 8 39 -10 14 30 -8 38 -7 -11 19 18 -18 -9 21 -14 23 -13 25 -21 -27 -1 -29 42 -3 -22 -23 -15 -16 -36 -35 -24 -4 -5 -41 -42 -12 -44
right_child=1 2 3 7 6 10 12 16 9 15 29 22 20 33 34 -17 17 -19 -20 24 31 32 37 -25 -26 26 -28 28 -30 -31 -32 -33 -34 36 35 -37 -38 -39 -40 40 41 -43 43 -45
leaf_value=-0.011188081563382185 0.013778822039642891 -0.0096441549346215696 0.00040636382603233826 -0.0009978031141453902 -0.008370147110404241 -0.0036607462229440338 0.0066846755740478051 -0.0052045195940754636 -0.003852491036114103 0.0066151688206534942 0.0069115835378599005 0.0012883837654018239 5.5386511557586894e-05 -0.014332485430963224 0.0025125689574819476 -0.0048669430354329364 0.030877562559140894 -0.0015119517313581577 0.0063804251214983898 0.015741732074110781 -0.0034043186069465381 -0.010185848914763341 0.0040651539178031991 -0.0072924950182383323 -0.0047060496371807261 -0.0023918277404443525 0.0032021658364650429 -0.0180292659244564 0.00014123909396737412 0.010874929934979061 -0.0035810211806306062 0.0079125684924177386 -0.002200101684791306 -0.015493187066817016 0.006069435232960641 0.022291717026174163 -0.0051965942378521535 -0.0017725131507339122 -0.011095719981593517 0.0023887245496585496 0.0033688640201530286 -0.0067939174953690453 -0.0064352035588243544 0.0048439700058384941
leaf_weight=1418 1145 2935 1560 9218 2865 4797 2669 6437 22245 4027 7417 2047 16773 650 6662 2375 1512 4192 1446 1661 1274 2887 1579 6019 2796 3716 9093 209 2835 9599 1187 3660 2818 278 1247 543 1227 7933 381 8890 739 1712 1056 1997
leaf_count=1418 1145 2935 1560 9218 2865 4797 2669 6437 22245 4027 7417 2047 16773 650 6662 2375 1512 4192 1446 1661 1274 2887 1579 6019 2796 3716 9093 209 2835 9599 1187 3660 2818 278 1247 543 1227 7933 381 8890 739 1712 1056 1997
internal_value=-0.000482203 -0.00158396 -0.00172814 -0.0010546 0.00118469 0.00265484 -0.00050082 -0.00070127 -0.00176365 -0.00376828 0.00352856 -0.00434101 0.000177794 -0.0079396 0.00100008 0.000873362 0.000993099 0.00432168 0.0129717 -1.05472e-05 -0.000452192 -0.00131684 -0.00317262 -0.00557207 0.00166705 0.00263303 0.0016811 -0.00386852 -0.0011498 0.00519956 -0.00929332 0.00348602 -0.00530237 -0.0129698 0.0031671 0.00833333 -0.00946844 -0.00113422 -0.00239567 0.00102875 0.0025086 -0.00254998 0.00341603 -0.000114641
internal_weight=177726 107000 105855 84155 70726 37780 32946 80059 49206 28647 33318 21700 30081 4096 13249 6402 30853 7150 2958 23703 27412 22478 17578 8066 17266 14470 12809 4462 3044 20069 4122 4934 5705 2155 8452 1790 1505 9512 1941 20559 11341 2451 10470 3053
internal_count=177726 107000 105855 84155 70726 37780 32946 80059 49206 28647 33318 21700 30081 4096 13249 6402 30853 7150 2958 23703 27412 22478 17578 8066 17266 14470 12809 4462 3044 20069 4122 4934 5705 2155 8452 1790 1505 9512 1941 20559 11341 2451 10470 3053
cat_boundaries=0 1 8 15 22 29 36 37 44 51 58 65 66 69 72 73 80 87 88 95 102 109 116 123 130 137 144 145 148
cat_threshold=42 168298048 2151819530 2121728 64 2952921096 268441600 20 287342592 153092096 138412066 6291464 16870272 168 33555456 10625 149536 4 4198409 1067552 4458524 16782368 805306628 149029248 136339556 4202496 8407552 4194314 279624 1610702864 536871441 0 2374014208 135303168 2147549187 67109121 84 2147747857 16777216 8421376 4256 33560832 1074003984 134145 10377 100663336 4194560 193 135274529 2065 16777216 805376000 2214600974 4751392 33587360 537567488 2147483680 8264 65552 16 0 2147484672 1081344 2147549185 67108865 256 131076 67108868 10 131088 12 8 260 1073778728 1081344 4456450 22282240 8913030 34 134750280 4136 128 8650752 8192 32 262144 81920 256 257 16416 0 4194304 2048 0 16782336 262144 45089472 2154784 1327184 536875264 1075839010 8201 262144 2147516416 32768 1310976 256 1074003968 8448 16777232 40962 0 2181349376 16777472 2147745792 67110912 1048624 0 256 2147631168 8388612 1073741826 16641 2097152 0 0 4194304 2560 0 1024 1612718092 42992128 134217728 33792 17834020 2147549185 67109120 0 0 134217728 4194312 16778112 32 1024 196 537133313 65536 2
is_linear=0
shrinkage=0.05


Tree=52
num_leaves=45
num_cat=38
split_feature=0 3 8 0 0 2 2 8 5 3 2 0 0 3 0 0 2 0 3 0 0 2 0 2 2 0 1 0 1 2 2 2 2 10 8 3 2 10 1 2 0 2 2 2
split_gain=191.933 92.781 91.6164 209.015 98.365 78.7877 75.5527 72.0215 70.5681 64.3149 60.4095 64.292 64.1245 62.4911 64.3854 59.6794 67.1492 52.2833 58.3073 51.9938 50.2279 48.8881 48.2058 46.1094 45.5436 43.4004 43.0957 41.4608 42.3795 40.3361 38.6268 38.3926 38.3531 38.0002 37.042 41.842 36.4971 35.636 35.4895 35.2754 34.9106 34.8791 34.5307 34.2893
threshold=0 1 10.500000000000002 2 3 4 5 1.5000000000000002 62.500000000000007 6 7 8 9 10 11 12 13 14 15 16 17 18 19 20 21 22 23 24 25 26 27 28 29 12.500000000000002 4.5000000000000009 30 31 10.500000000000002 32 33 34 35 36 37
decision_type=9 9 2 9 9 9 9 2 2 9 9 9 9 9 9 9 9 9 9 9 9 9 9 9 9 9 9 9 9 9 9 9 9 2 2 9 9 2 9 9 9 9 9 9
left_child=1 2 4 32 30 20 -2 25 17 15 11 -11 13 14 -12 41 -17 18 -8 34 -3 -19 31 -21 -14 -6 -5 28 -15 -24 -1 -9 -4 38 35 -7 -16 -26 -20 -13 -28 -10 -22 -36
right_child=6 5 3 26 7 19 8 22 9 10 12 39 24 27 36 16 -18 21 33 23 42 -23 29 -25 37 -27 40 -29 -30 -31 -32 -33 -34 -35 43 -37 -38 -39 -40 -41 -42 -43 -44 -45
leaf_value=0.0026315041381438364 -0.0079522677351998201 -0.01343531251949334 -0.0048516790395297278 0.016337797251378551 -0.0011861690056470032 -0.012640287184024391 -0.0042815449159515186 -0.0043004981473444949 0.021484587627528876 -0.0063497249778979364 0.0039323952404915598 0.0054726674083984466 -0.00089226753079754695 0.010358096492573599 0.010555658720423423 -0.00067382779413264213 0.010521879671865898 0.0047065894103458742 -0.0066646945487554678 0.0094031291769185905 0.0019822411104685497 -0.0035823931625743933 0.0049595907774608872 0.00028397087526685908 -0.0010717932077264792 -0.011652077978984404 -0.0050607578219608595 0.0070825315200181652 -0.010534592634692048 -0.0023708122642547183 -0.0023876033459691026 -0.011705835684184743 -0.010221458095326486 0.0097519342194011815 0.005841354988785275 -0.002151029280592698 0.023975538296693178 0.0071517777774805502 0.0052265473874153262 -0.0051826034582437459 0.0026883377317306056 0.010963872931609265 -0.010119307816927948 -0.0025462939706798805
leaf_weight=5751 1966 1274 478 309 383 1829 2573 2164 1241 4674 2747 3817 14102 583 1822 6203 6183 3399 1719 3269 1272 17270 1429 29045 2235 962 2399 3018 1326 11070 4052 1588 2424 5109 1323 2294 1557 4617 1713 1722 1207 3542 1043 9023
leaf_count=5751 1966 1274 478 309 383 1829 2573 2164 1241 4674 2747 3817 14102 583 1822 6203 6183 3399 1719 3269 1272 17270 1429 29045 2235 962 2399 3018 1326 11070 4052 1588 2424 5109 1323 2294 1557 4617 1713 1722 1207 3542 1043 9023
internal_value=-0.000445067 -0.00216908 -0.00417811 -0.00936629 -0.00288879 -0.000803859 0.0011208 -0.00512325 0.00133031 0.00234808 0.00129766 -0.0020493 0.00236593 0.00544608 0.00881682 0.00492753 0.00308971 -0.00057106 0.00219346 -0.00025538 -0.00793276 -0.00205764 -0.0042059 0.000860042 0.000739363 -0.0162454 -0.00179618 0.0012457 -0.00450756 -0.00270605 0.00112606 -0.00917065 -0.0195055 0.0041808 -0.00274536 -0.00675479 0.0134405 0.00408044 0.00011655 0.00159488 -0.00334624 0.00967035 -0.00350538 -0.0011502
internal_weight=177726 84588 34216 6817 27399 50372 93138 17596 91172 59389 42220 10213 32007 11053 6126 17169 12386 31783 11114 46783 3589 20669 16251 32314 20954 1345 3915 4927 1909 12499 9803 3752 2902 8541 14469 4123 3379 6852 3432 5539 3606 4783 2315 10346
internal_count=177726 84588 34216 6817 27399 50372 93138 17596 91172 59389 42220 10213 32007 11053 6126 17169 12386 31783 11114 46783 3589 20669 16251 32314 20954 1345 3915 4927 1909 12499 9803 3752 2902 8541 14469 4123 3379 6852 3432 5539 3606 4783 2315 10346
cat_boundaries=0 2 3 5 7 14 21 22 29 31 33 34 36 38 45 47 48 50 52 59 60 67 74 76 79 81 83 90 97 104 111 112 119 122 129 131 138 145 152
cat_threshold=1854451494 65022480 20 1744830980 8390656 201327360 12593664 1077936256 154272593 136314912 6299648 16796420 4194312 328800 6324481 671154176 4 350224384 55809 131084 4260864 32 2148616320 16810000 12583008 440 41943328 2185232416 83886369 2555913 202014720 2149712065 134873152 24 131200 134742016 65608 68699136 806625280 2157969920 141082656 34865224 1048864 2 67110920 2149843016 1359872 76 76032256 2105856 100663812 8398848 525832 16777216 0 262272 268435472 65552 67641664 11268 1054752 2697232394 8192 67109921 269123585 2181044224 84541440 262160 68168674 256 2164659200 16785408 1073807377 26696 557092 2097152 3150084 0 2 2147483713 131072 108003328 67108996 65536 1048592 262144 1048576 8192 2147483648 67119360 1074020360 1081920 0 2307932416 132 327680 134242625 1073741852 96 262144 2168750080 16777220 48 320 24576 112 0 132096 0 16 2368 264 1074003972 480 0 2181186560 1048580 65536 64 4554752 343933200 67 1130624 0 8388608 40 32 37748736 1 67109154 37749264 823132160 0 0 131136 256 0 256 128 16 136314880 0 16777472 0 64 268437768 100706344 0 32913 940052512 327696 8
is_linear=0
shrinkage=0.05


Tree=53
num_leaves=45
num_cat=31
split_feature=0 5 3 1 0 3 1 5 0 3 0 1 0 3 0 1 0 1 0 8 1 1 1 5 10 8 7 0 0 10 9 0 1 0 8 10 3 8 3 0 1 0 0 8
split_gain=177.258 91.6666 85.5837 78.0109 82.1396 82.3781 69.5685 71.3535 72.7404 59.8494 99.4522 90.7669 85.8001 70.528 63.9354 59.7127 55.4065 53.9665 50.4465 48.0074 47.3281 46.8976 46.0379 78.1829 53.8308 51.8589 86.7313 50.1703 45.6633 44.7531 44.5501 44.4741 40.9572 40.6907 40.46 39.7665 39.6786 38.6817 58.6963 36.1465 34.6937 32.799 31.2732 30.2093
threshold=0 437.50000000000006 1 2 3 4 5 26.500000000000004 6 7 8 9 10 11 12 13 14 15 16 10.500000000000002 17 18 19 184.50000000000003 18.500000000000004 7.5000000000000009 1.0000000180025095e-35 20 21 14.500000000000002 1.0000000180025095e-35 22 23 24 2.5000000000000004 1.5000000000000002 25 7.5000000000000009 26 27 28 29 30 3.5000000000000004
decision_type=9 2 9 9 9 9 9 2 9 9 9 9 9 9 9 9 9 9 9 2 9 9 9 2 2 2 2 9 9 2 2 9 9 9 2 2 9 2 9 9 9 9 9 2
left_child=9 2 6 18 36 34 28 8 19 11 13 12 21 -11 20 -15 22 -12 -4 -8 -13 -1 23 -9 25 -25 -27 -24 -2 30 42 40 -31 -32 -6 -28 -5 38 -22 -39 -3 -7 -18 -16
right_child=1 31 3 4 5 41 7 16 -10 10 17 14 -14 15 43 -17 29 -19 -20 -21 37 -23 27 24 -26 26 35 -29 -30 32 33 -33 -34 -35 -36 -37 -38 39 -40 -41 -42 -43 -44 -45
leaf_value=-0.0036742906834048572 -0.0045716267420172433 0.0018630602604703395 -0.0091188545196868899 -0.0079826407548036996 0.0079112341057609222 -0.0012792646409503839 -0.010485537195025763 3.8365319473565586e-05 -0.0036587892405785861 0.020899349906391407 -0.0047292558597614165 -0.0079520417321065472 0.012238896990530919 -0.0027123942433617265 -0.010038919569541494 0.0096905803821151666 -0.0096061988325436276 -0.0001469431175078917 -0.0024085147051878587 -0.011223522726976033 0.02287149762389127 0.017595935159989008 0.014819564148512038 -0.0066919430352282878 -0.0082679803669796579 -0.0070007302332718681 -0.010149795770689148 -0.007399599935611529 0.0015501655789299186 -0.012733071100884626 -0.0091468582996469261 -0.00032182097023614187 4.9425042179429561e-05 -0.00057836047709415865 -0.007460407213700471 0.00079159031297015023 0.0067024993763527335 0.011094316281679435 -0.00071947462868804379 -0.0055809293986378572 0.013958186184606682 0.012672848251691172 -0.0053489849457776413 -0.00014833622725365925
leaf_weight=3737 4898 1319 2652 1204 1118 914 1686 526 4062 1010 4924 688 11464 1889 2825 3783 1776 35858 9009 482 2013 931 528 341 390 171 63 2234 9087 349 1390 3809 10549 6326 7943 302 12275 1310 799 1307 1937 1522 4704 11622
leaf_count=3737 4898 1319 2652 1204 1118 914 1686 526 4062 1010 4924 688 11464 1889 2825 3783 1776 35858 9009 482 2013 931 528 341 390 171 63 2234 9087 349 1390 3809 10549 6326 7943 302 12275 1310 799 1307 1937 1522 4704 11622
internal_value=-0.000418622 -0.00191609 -0.00236356 -0.00052801 0.00104859 -0.00205527 -0.00371135 -0.00487754 -0.00974318 0.00124629 7.37246e-05 0.00276249 0.00556932 0.00572325 0.000558958 0.00353749 -0.00385679 -0.000853108 -0.00390284 -0.0171258 0.00483924 -0.000149637 -0.00892662 -0.0151692 -0.0219811 -0.0151083 -0.00541045 -0.00483405 -0.000718114 -0.0029318 -0.00478304 0.0035598 -0.000523032 -0.00221617 -0.00424981 0.00835616 0.0036956 0.00640743 0.0104908 0.00204433 0.00783833 0.00609158 -0.00783951 -0.00125545
internal_weight=177726 93566 86501 36637 24976 11497 49864 35879 6230 84160 47464 36696 16132 6682 20564 5672 29649 40782 11661 2168 6117 4668 4555 1793 1267 877 536 2762 13985 25094 14196 7065 10898 7716 9061 365 13479 5429 2812 2617 3256 2436 6480 14447
internal_count=177726 93566 86501 36637 24976 11497 49864 35879 6230 84160 47464 36696 16132 6682 20564 5672 29649 40782 11661 2168 6117 4668 4555 1793 1267 877 536 2762 13985 25094 14196 7065 10898 7716 9061 365 13479 5429 2812 2617 3256 2436 6480 14447
cat_boundaries=0 2 3 6 8 9 12 14 15 17 20 22 23 25 28 30 33 35 37 40 42 43 45 47 48 50 51 52 54 57 59 61
cat_threshold=2150039768 203215949 276 1879528065 1344405792 4 1779475458 25176576 162 3602468 4378978 86 1779441664 10240 290 2149580864 64 2214994468 413249930 86 2149580864 557125 8 200 68206596 543498305 8396800 1 1073741828 33562624 537276681 69763 19 1073752576 16777216 1076890051 16 401920 142672130 66 1 8388624 1073741824 603991298 25165824 235405605 50464784 536870913 513 6291472 8 32 72 16388 3523252672 1208057868 1 8391425 35651584 67635232 16910336
is_linear=0
shrinkage=0.05


Tree=54
num_leaves=45
num_cat=31
split_feature=0 6 6 2 1 2 10 2 0 0 2 8 0 6 2 2 0 2 6 2 0 2 0 6 0 0 0 8 1 2 2 0 10 6 8 8 0 2 0 0 0 1 2 10
split_gain=162.542 97.1116 90.9826 87.367 69.966 64.7963 61.8582 61.1977 58.6065 50.391 42.5403 48.107 40.4379 40.0746 38.5123 38.3507 47.0933 37.7176 36.7198 47.3077 48.6236 42.5528 59.8382 35.6073 34.8668 34.8212 34.0983 52.5011 37.1767 33.8157 32.6203 32.0216 31.9606 31.6218 55.7357 31.3665 30.8611 30.3322 30.2491 30.1283 28.4958 33.1305 28.4335 28.3679
threshold=0 2.5000000000000004 5.5000000000000009 1 2 3 10.500000000000002 4 5 6 7 7.5000000000000009 8 5.5000000000000009 9 10 11 12 1.5000000000000002 13 14 15 16 3.5000000000000004 17 18 19 4.5000000000000009 20 21 22 23 22.500000000000004 4.5000000000000009 6.5000000000000009 4.5000000000000009 24 25 26 27 28 29 30 21.500000000000004
decision_type=9 2 2 9 9 9 2 9 9 9 9 2 9 2 9 9 9 9 2 9 9 9 9 2 9 9 9 2 9 9 9 9 2 2 2 2 9 9 9 9 9 9 9 2
left_child=7 3 4 8 12 -5 15 39 32 10 -6 24 -3 18 -11 36 -17 -4 19 20 -9 22 -20 37 -12 -19 28 38 -8 -24 -29 -15 -2 35 -35 -26 -7 -16 -28 42 41 -13 -1 -42
right_child=1 2 17 5 9 6 26 13 -10 14 11 40 -14 31 23 16 -18 25 21 -21 -22 -23 29 -25 33 -27 27 30 -30 -31 -32 -33 -34 34 -36 -37 -38 -39 -40 -41 43 -43 -44 -45
leaf_value=-0.016566612802046434 -0.0017265558202477771 0.0075546741468079832 -0.015376623066792529 0.0066953955727873772 0.0031718857139003799 -0.0056729352868751031 -0.0011456132983198475 0.017187891457490601 -0.010704978621308148 -0.0043353715475348831 0.0018846344412788596 -0.014501670753450047 0.0015532325392613512 0.0057904425040261609 -0.0052841019587040244 -0.010297881271820908 0.0034780834196993017 -0.0071278273644170501 0.016272839900994474 -0.0012426884658329309 0.0021133110371613253 0.0026456290794864613 -0.0062965282751086373 0.003533034389775808 -0.0068603732405518843 -0.001205267084663425 0.0015248032281738435 0.0066491705293124544 -0.0062715403492520812 0.0070251639712737074 -0.00083254380465778164 -0.004186865715211807 0.10371683780055352 -0.0027905915492048741 -0.006510157893326993 0.0051195161649848558 -0.010713752707109048 0.0056704935814243188 -0.0085552169699187192 -0.0021517211319964538 -0.0016766790441218649 -0.0023129753312275958 -0.0040415905955028088 -0.0051186386636439601
leaf_weight=375 1042 4701 399 1855 2637 2833 6243 1345 3084 1533 3006 1005 6427 2087 2838 1699 2324 3949 2065 18094 3935 39814 944 8488 1324 7330 1093 3776 6099 2170 6149 7261 51 1080 432 1418 4953 1837 2704 1678 4270 467 656 256
leaf_count=375 1042 4701 399 1855 2637 2833 6243 1345 3084 1533 3006 1005 6427 2087 2838 1699 2324 3949 2065 18094 3935 39814 944 8488 1324 7330 1093 3776 6099 2170 6149 7261 51 1080 432 1418 4953 1837 2704 1678 4270 467 656 256
internal_value=-0.000412433 -0.00178704 -0.000354889 -0.00352921 0.000737074 -0.00280336 -0.0032508 0.00125071 -0.0104012 -0.00049835 -0.00244892 -0.00360265 0.00413001 0.00150852 0.00161159 -0.0062537 -0.00226878 -0.00425587 0.00192856 0.000320869 0.00448015 0.00276376 0.00702447 0.00248615 -0.000867769 -0.00370715 -0.0018915 -0.000174774 -0.00379696 0.00262484 0.00173804 -0.00156183 -0.000407978 -0.0037758 -0.00958995 -0.000583516 -0.00829913 -0.00101604 -0.00517514 -0.00612357 -0.00691897 -0.0129555 -0.0128242 -0.00491623
internal_weight=177726 97302 53397 43905 41719 39728 37873 80424 4177 30591 15895 13258 11128 77715 14696 11809 4023 11678 68367 23374 5280 44993 5179 13163 7260 11279 26064 13722 12342 3114 9925 9348 1093 4254 1512 2742 7786 4675 3797 2709 5998 1472 1031 4526
internal_count=177726 97302 53397 43905 41719 39728 37873 80424 4177 30591 15895 13258 11128 77715 14696 11809 4023 11678 68367 23374 5280 44993 5179 13163 7260 11279 26064 13722 12342 3114 9925 9348 1093 4254 1512 2742 7786 4675 3797 2709 5998 1472 1031 4526
cat_boundaries=0 2 9 12 19 26 28 30 37 39 46 53 55 62 69 71 78 80 82 84 86 89 94 101 103 105 111 113 115 117 118 125
cat_threshold=2150039768 203211853 2684371200 220332352 10485792 207618048 553675524 4196352 132096 2763315260 134402118 78 17301536 38043780 4997120 8388833 403079184 2149781504 150994944 39879041 151061136 2097152 14680104 134531585 0 4260896 537920770 4194816 1788346661 8527872 262148 32784 32768 134349825 545260068 2147483665 201326912 235405345 56756736 16641 32900 262144 4195329 8391168 3221225496 218104896 1074012180 50 33024 2198261776 9437184 49 16704 1611147777 18886672 536870912 8224 32 29360136 536873476 1078001664 16777472 1343226912 10248 311552 17842369 546308096 2149910529 218243072 2097152 135529536 554697752 104988674 270848 84148288 16916532 1075838987 524288 2147483736 1590344 537919493 8388608 11012 39985664 1141385732 52439568 2186686471 402751746 65 1048592 67108864 270336 16777216 16777216 1378304 1058848 32768 17858824 8912896 1074004003 24577 64 1343556 1115695360 58734592 1073815552 2147483728 32768 2181070848 16777216 65539 257 12713984 327680 1360960 536870916 8388608 37814467 0 150995072 2097152 2097152 2560 0 1024
is_linear=0
shrinkage=0.05


Tree=55
num_leaves=45
num_cat=32
split_feature=0 6 2 6 0 2 10 3 2 0 0 3 2 2 9 0 2 5 2 2 2 0 2 2 2 3 5 0 2 2 0 2 0 5 10 5 6 0 0 2 0 5 10 0
split_gain=144.76 90.3433 87.1626 81.4473 59.6201 59.486 57.3141 57.1716 94.0071 87.4078 87.0214 60.2473 58.232 54.0913 52.1597 83.6776 55.1319 49.8655 48.0468 47.4306 46.9154 56.9458 46.5104 44.1236 40.9033 40.3798 36.7966 50.6581 39.8812 36.6539 41.0941 36.1989 35.9817 37.5879 36.1205 42.4593 49.4356 33.7291 32.7405 61.6298 31.6127 31.4378 30.2851 29.77
threshold=0 2.5000000000000004 1 5.5000000000000009 2 3 10.500000000000002 4 5 6 7 8 9 10 1.0000000180025095e-35 11 12 531.50000000000011 13 14 15 16 17 18 19 20 68.500000000000014 21 22 23 24 25 26 26.500000000000004 20.500000000000004 275.50000000000006 4.5000000000000009 27 28 29 30 102.50000000000001 22.500000000000004 31
decision_type=9 2 9 2 9 9 2 9 9 9 9 9 9 9 2 9 9 2 9 9 9 9 9 9 9 9 2 9 9 9 9 9 9 2 2 2 2 9 9 9 9 2 2 9
left_child=7 2 4 13 42 43 29 8 -1 18 11 -9 -13 37 15 22 -17 24 -10 -12 21 -16 -15 -11 -5 32 -8 28 -28 30 -7 -21 34 -34 35 -24 -37 -3 39 -33 -31 -6 -2 -4
right_child=1 3 5 17 41 6 26 10 9 23 19 12 -14 14 20 16 -18 -19 -20 31 -22 -23 25 -25 -26 -27 27 -29 -30 40 -32 38 33 -35 -36 36 -38 -39 -40 -41 -42 -43 -44 -45
leaf_value=-0.0057747879683352713 -0.0010478472399805927 -0.00016701954634550377 -0.0018519382236108163 -0.011984146950574448 -0.015262270603171098 -0.010195005380327617 -0.0044406293699196242 0.022683443503982683 0.016943090889199697 0.013354868545230027 0.0032102765701697957 -0.0043736955221510441 0.0098101500190489691 -0.00028592601332720901 9.8127224877930802e-05 0.0077298667617353659 -0.00076320742041152689 0.008000591549196568 0.0028881878467634571 -0.0050035305223125387 -0.00015557154311499901 0.0075063682023162716 -0.015811521590228524 0.0020485150363986626 -0.0036178244140989248 -0.0035013768202392438 -0.0073097266284480825 0.0024714928817643812 -0.00096620636810219602 -0.01048071392911213 0.0033999467185921563 -0.0083991609605257086 -0.015076780200707025 -0.0014342092700447145 -0.0075506998707536689 -0.0091925150332283056 0.00031848513116772281 0.01098703217266387 -5.0641608278029215e-05 0.00017287652266136379 -0.0055925180445864538 -0.010355564673321039 0.098530995910525845 0.011142483387968832
leaf_weight=2921 790 985 761 855 749 1577 9617 769 4953 2469 4940 1163 3253 2587 4187 2614 8175 414 2488 3892 10930 5415 497 22294 10409 2451 2548 8198 6050 4739 2302 2753 388 1150 184 71 221 1864 25031 3498 3408 2011 51 1104
leaf_count=2921 790 985 761 855 749 1577 9617 769 4953 2469 4940 1163 3253 2587 4187 2614 8175 414 2488 3892 10930 5415 497 22294 10409 2451 2548 8198 6050 4739 2302 2753 388 1150 184 71 221 1864 25031 3498 3408 2011 51 1104
internal_value=-0.000392177 -0.00168941 -0.00336978 -0.00030807 -0.0108142 -0.00270129 -0.00312492 0.00117736 0.00269105 0.00347054 3.3106e-06 0.0060924 0.00381835 0.000725089 0.000236626 -0.00170139 0.0011251 -0.00399897 0.00822037 -0.000785066 0.00196766 0.00451519 -0.00573489 0.00204053 -0.00462536 -0.00856798 -0.00182297 -0.000410812 -0.00309015 -0.00598703 -0.00196709 -0.00142963 -0.0130305 -0.00813953 -0.0206002 -0.0161597 -0.0010274 0.00736271 -0.00086284 -0.00409679 -0.00788893 -0.0143682 0.000881316 0.006
internal_weight=177726 97302 43905 53397 3601 40304 38439 80424 35125 32204 45299 5185 4416 41719 38870 18338 10789 11678 7441 40114 20532 9602 7549 24763 11264 4962 26413 16796 8598 12026 3879 35174 2511 1538 973 789 292 2849 31282 6251 8147 2760 841 1865
internal_count=177726 97302 43905 53397 3601 40304 38439 80424 35125 32204 45299 5185 4416 41719 38870 18338 10789 11678 7441 40114 20532 9602 7549 24763 11264 4962 26413 16796 8598 12026 3879 35174 2511 1538 973 789 292 2849 31282 6251 8147 2760 841 1865
cat_boundaries=0 2 9 11 18 19 26 28 30 31 38 45 47 54 61 68 75 77 84 91 98 99 101 108 115 117 124 126 128 130 137 139 141
cat_threshold=2150039768 203211853 2684387584 220332352 144703520 207618048 553675524 37750784 132096 537920768 20971520 17301536 574914692 4472832 8388833 403079184 2149781504 150994944 290 90369 2291335680 136314880 4198408 151280161 4194312 4326408 8 68174848 2149580800 64 8 8212 16 0 4490240 256 65536 2049 5656 2776924457 142622720 67108888 805307136 4128 671776 1754277888 8529920 32769 1059346 8448 18219072 57348 1074003971 10560 286523392 34856 33024 33702976 0 1073741826 67133441 2684362764 41943424 134479874 201334912 134361108 2151743488 201457672 16842756 3155970 2392064 2165621185 8941600 2151942144 8192 578822180 20983824 537919492 4194896 32768 168186945 143654948 4522000 67109128 1056 38021152 8704 263296 8192 1076168737 17063936 536936464 8224 32 29360136 545262340 1078263840 16777472 336 1149774342 52437520 92176 2156931122 256 4104 9437216 1073741859 24872 269555720 2156931592 8192 1049864 528416 1074003970 67119113 1611147776 18886672 35949729 687898624 4194304 10879328 559360 33 17042464 1074790400 2048 76554758 12593152 65544 67126272 0 1058880 0 16384 0 262144 8193 739279911 6423056 134750978 14682640
is_linear=0
shrinkage=0.05


Tree=56
num_leaves=45
num_cat=33
split_feature=0 6 6 1 1 3 0 0 1 3 1 1 1 0 8 3 0 0 0 3 0 8 10 1 0 0 0 8 0 1 3 0 3 1 3 9 10 8 0 10 0 10 3 1
split_gain=132.98 81.1113 75.0245 61.5759 54.6945 53.2457 77.1951 72.548 69.9677 59.3609 50.5218 49.9729 48.0932 52.7248 42.8752 67.5299 68.3836 45.7159 42.8434 42.4428 42.3399 42.263 41.0819 48.5985 58.6879 38.9029 38.1603 36.1182 35.2782 46.5283 44.3092 35.2506 35.0085 34.6081 33.61 34.8617 35.625 33.2211 61.3694 44.8913 34.7375 32.7121 31.4783 30.5727
threshold=0 2.5000000000000004 5.5000000000000009 1 2 3 4 5 6 7 8 9 10 11 10.500000000000002 12 13 14 15 16 17 9.5000000000000018 10.500000000000002 18 19 20 21 8.5000000000000018 22 23 24 25 26 27 28 1.0000000180025095e-35 13.500000000000002 6.5000000000000009 29 16.500000000000004 30 7.5000000000000009 31 32
decision_type=9 2 2 9 9 9 9 9 9 9 9 9 9 9 2 9 9 9 9 9 9 2 2 9 9 9 9 2 9 9 9 9 9 9 9 2 2 2 9 2 9 2 9 9
left_child=5 3 4 22 31 7 9 8 -1 -7 32 -11 28 19 -12 16 -16 -17 34 21 33 25 -2 24 -24 -14 -25 -13 29 -8 -31 -3 -9 42 35 36 -6 40 39 -39 -37 -20 -5 -4
right_child=1 2 43 20 18 6 12 10 -10 11 14 27 13 -15 15 17 -18 -19 41 -21 -22 -23 23 26 -26 -27 -28 -29 -30 30 -32 -33 -34 -35 -36 37 -38 38 -40 -41 -42 -43 -44 -45
leaf_value=0.00036499810000176496 -0.0078786273890734514 0.0079260713696699178 -0.0086515081462423156 -0.0019782530557673483 -0.010680697505094273 0.018609044234691174 0.00045064998753477641 0.00016691628802467662 0.014434380019432825 0.010044333494617542 0.0032256093093284699 0.0028851423413796986 0.0014059469856769426 0.0028594336653550824 0.020438084176148175 0.035346818708544704 -0.0067143709151797244 0.012316517482392231 -0.0067345173258894862 0.0017499703818579793 0.001095868373998815 -0.01794695057839962 0.0035417156569645947 -0.004611696086300715 -0.011338808032630598 -0.014286086301080671 -0.00055411545037820087 -0.0087462953628492102 -0.0016643830361390501 -0.014143131676153714 -0.007067618192943409 0.0015587336548105791 -0.0087354014112618113 0.0023777933226168282 0.00107533709447607 0.0061145560375698077 -0.00078011209013926781 -0.0034982333572490809 0.0011673852129571172 -0.0068261913561378784 -0.00032880634279381927 0.0022211092600103568 -0.0092180999060524019 -0.0024068425237027016
leaf_weight=3080 9048 3806 2241 1008 2193 1010 832 9841 6255 3036 11261 1553 801 11493 488 585 1015 458 1570 1571 11348 442 461 7746 1477 542 9611 1083 21573 510 853 7208 2142 1469 5562 747 2647 986 2037 541 1166 13256 1737 9437
leaf_count=3080 9048 3806 2241 1008 2193 1010 832 9841 6255 3036 11261 1553 801 11493 488 585 1015 458 1570 1571 11348 442 461 7746 1477 542 9611 1083 21573 510 853 7208 2142 1469 5562 747 2647 986 2037 541 1166 13256 1737 9437
internal_value=-0.000367982 -0.00161131 -0.000302451 -0.00320351 0.000689134 0.00113634 3.3106e-06 0.00259713 0.00637239 0.00496115 0.00122868 0.00295671 -0.000855619 0.00137627 0.00328943 0.00915161 0.00228024 0.0188509 -0.000395572 -0.00412953 -0.000674287 -0.00938719 -0.00459034 -0.00328842 -0.0107803 -0.00502606 -0.00244429 -0.00207861 -0.00224998 -0.00827664 -0.0139476 0.00371009 -0.0011465 -0.00494792 -0.00219963 -0.00388787 -0.00698347 -0.00115939 -0.00401235 -0.0115485 0.00415578 0.0015368 -0.00825771 -0.00384484
internal_weight=177726 97302 53397 43905 41719 80424 45299 35125 9335 6682 25790 5672 38617 14849 13807 2546 1503 1043 30705 3356 15562 1785 28343 19295 1938 1343 17357 2636 23768 2195 1363 11014 11983 4214 15879 10317 4840 5477 3564 1527 1913 14826 2745 11678
internal_count=177726 97302 53397 43905 41719 80424 45299 35125 9335 6682 25790 5672 38617 14849 13807 2546 1503 1043 30705 3356 15562 1785 28343 19295 1938 1343 17357 2636 23768 2195 1363 11014 11983 4214 15879 10317 4840 5477 3564 1527 1913 14826 2745 11678
cat_boundaries=0 2 5 8 9 11 13 16 17 20 23 26 28 29 31 33 35 36 38 41 43 45 47 49 52 53 55 56 59 60 62 64 65 68
cat_threshold=2150039768 203211853 1921499603 1409290524 12 2763311164 138596422 78 290 2149580864 64 136 68174848 4063297733 67273078 16 8 1885344451 1281441845 73 2182086786 1409286582 6 2723557673 1352765587 23 0 312320 32 262208 134479884 2293776 135004160 1788346661 8527872 68 1075323392 2107392 545259521 67108888 8 536880128 4200448 0 49152 109587458 52439568 8 67108864 5378048 1073741840 5 8 168296481 23200256 34 3149824 14876672 2 278 1074266116 8396800 1209532448 8388608 326 805339649 1076011008 20
is_linear=0
shrinkage=0.05


Tree=57
num_leaves=45
num_cat=34
split_feature=0 5 2 10 2 0 2 2 3 0 0 2 2 5 2 2 0 0 2 2 0 2 2 0 6 2 0 0 3 10 5 8 0 2 0 0 0 5 2 5 0 8 2 0
split_gain=124.331 79.8062 67.8068 66.4938 65.5697 73.8756 55.7068 47.9466 55.63 74.3045 74.1193 56.8993 53.3916 47.3119 45.2579 44.5563 43.9026 43.5751 46.5356 41.2144 44.3162 40.6719 40.0033 39.7424 36.8996 38.1844 53.3075 36.833 35.4319 35.3886 44.121 33.313 61.9692 43.4053 42.378 36.2127 33.1311 31.577 31.009 34.5929 30.5292 30.2008 30.0572 30.7663
threshold=0 405.50000000000006 1 10.500000000000002 2 3 4 5 6 7 8 9 10 43.500000000000007 11 12 13 14 15 16 17 18 19 20 3.5000000000000004 21 22 23 24 18.500000000000004 198.50000000000003 10.500000000000002 25 26 27 28 29 78.500000000000014 30 31.500000000000004 31 11.500000000000002 32 33
decision_type=9 2 9 2 9 9 9 9 9 9 9 9 9 2 9 9 9 9 9 9 9 9 9 9 2 9 9 9 9 2 2 2 9 9 9 9 9 2 9 2 9 2 9 9
left_child=7 2 -2 6 5 37 16 -1 10 11 12 -10 -9 23 -12 -8 -4 18 -3 36 28 -19 40 -6 -17 27 -27 -26 -21 -30 -31 42 -33 34 -34 -35 -15 -5 39 41 -11 -24 -16 -44
right_child=1 17 3 4 13 -7 15 8 9 22 14 -13 -14 19 31 24 -18 21 -20 20 -22 -23 38 -25 25 26 -28 -29 29 30 -32 32 33 35 -36 -37 -38 -39 -40 -41 -42 -43 43 -45
leaf_value=-0.0046177772456444059 0.0035446581997189311 -0.0048202250825344576 -0.009334155017727953 -0.013983412315106981 0.00072096904719837207 3.6764926691121302e-05 -0.012871775398910955 0.014588942316855391 0.018920341406109389 -0.00055539300277629433 -0.002822793079090502 0.0034984759379904917 0.0026356821057370583 -0.0005683090803780211 0.011502274663631008 -0.0078968019179510209 0.0045614898809966612 0.011613194677790456 0.0075773560611198778 0.00010700747739692263 -0.00060172260390605197 0.0013576665215136786 -0.0043702856356524992 -0.004140701380066736 0.006837215324096502 -0.010230125100376609 -0.00027913262707883745 -0.0026343489646959792 -0.0014775292397509632 -0.00019569906900140932 -0.0070850894380728533 0.026373954934865874 0.0042409521685288889 -0.004791801363790771 0.031636925057746394 0.015762451732785156 0.0033335535589277265 -0.0090913539855500807 0.0063151286873255443 0.00048097450213906991 -0.0053717534531937733 0.005604099391440554 0.0064445286399887232 -0.0013885989381249965
leaf_weight=2794 5912 2658 730 593 3928 1637 1193 5331 1169 4145 6021 5338 3677 9858 1653 12682 2640 2650 1389 1380 14065 2003 5268 10767 1539 1535 1773 2746 1778 358 596 359 225 1390 256 814 11453 1439 2977 20182 4553 429 5282 8561
leaf_count=2794 5912 2658 730 593 3928 1637 1193 5331 1169 4145 6021 5338 3677 9858 1653 12682 2640 2650 1389 1380 14065 2003 5268 10767 1539 1535 1773 2746 1778 358 596 359 225 1390 256 814 11453 1439 2977 20182 4553 429 5282 8561
internal_value=-0.00034435 -0.00154657 -0.00199544 -0.00236518 -0.00143642 -0.00789617 -0.00452935 0.00111023 0.00134209 0.000173584 0.00287531 0.00510204 0.00675316 -0.000997361 0.0014509 -0.00546606 0.0014497 0.00302299 -0.000776436 -9.62318e-05 -0.00184472 0.00631568 -0.000681504 -0.00341953 -0.00490757 -0.0021533 -0.00617842 0.00096624 -0.00640466 -0.00970095 -0.0175052 0.00267385 0.00745729 0.00476809 0.0182281 0.00176152 0.00139534 -0.0142507 0.000214786 -0.000341844 -0.00365181 -0.00378269 0.00173593 0.000970909
internal_weight=177726 97302 88602 82690 57852 3669 24838 80424 77630 44061 33569 6507 9008 54183 24561 21468 3370 8700 4047 39488 18177 4653 37554 14695 20275 7593 3308 4285 4112 2732 954 18540 3044 2685 481 2204 21311 2032 28856 25879 8698 5697 15496 13843
internal_count=177726 97302 88602 82690 57852 3669 24838 80424 77630 44061 33569 6507 9008 54183 24561 21468 3370 8700 4047 39488 18177 4653 37554 14695 20275 7593 3308 4285 4112 2732 954 18540 3044 2685 481 2204 21311 2032 28856 25879 8698 5697 15496 13843
cat_boundaries=0 2 9 16 18 25 32 33 35 37 44 51 58 65 67 69 76 83 85 92 99 101 107 109 111 112 114 121 123 125 127 134 136 143 145
cat_threshold=2150039768 203211853 34080296 574914597 532480 1048624 2416214035 135168 101318656 98560 2300706824 4472866 148897792 620768000 136 332832 1317544740 137232 268472321 2156921496 138674434 320 536871168 33 16801832 39879041 687931920 2097156 14680104 402704899 0 4260896 290 2149580864 64 136 68174848 16 10306 0 16781312 17825792 17 8520 286524416 2147518500 33024 33948992 0 1073741824 67135745 286271488 2226126852 134267136 33558784 553652256 2181038090 655624 553910528 131392 2097184 4198529 9443460 0 134218816 1073752578 8192 1619044866 14688768 1073766420 8421748 288 2298744896 1048864 1074003984 67133697 19922944 68165890 32768 2181218497 142737536 3223652352 18496 1082140672 16777216 1073815568 1083458 262144 35049536 26214656 48 4218881 1334304 43040 4194560 17171776 524576 262177 17066048 75500035 60817408 2052 16777216 0 2198224896 16794112 262160 1275076612 23207952 1174449152 4325888 102 0 262144 8 32 0 131072 1048576 1 16777216 2147745856 77 2293776 557057 613943589 44050432 3238076436 68157506 8388608 2182139920 17825920 1073743888 257 393232 557057 1056 272384 8192 263296 532480 1074003969 286720 458816 134250496
is_linear=0
shrinkage=0.05


Tree=58
num_leaves=45
num_cat=35
split_feature=0 6 6 3 0 1 0 3 3 0 1 1 1 1 0 0 3 5 1 0 0 10 1 1 0 3 1 1 1 0 10 5 0 5 5 0 1 0 3 1 1 0 0 5
split_gain=112.773 76.8285 67.1853 56.181 73.1982 82.408 68.9195 52.9901 52.7325 56.4056 58.5895 50.254 50.2324 44.9632 58.228 57.757 80.1982 44.1684 43.1186 40.7763 40.2179 35.6539 33.3423 32.4894 51.4643 30.8832 34.7309 30.8701 30.3197 36.2798 33.8741 33.5657 30.0009 29.135 28.6809 39.9595 28.0272 26.824 28.7058 35.3201 34.7349 26.6465 26.5019 26.1862
threshold=0 2.5000000000000004 5.5000000000000009 1 2 3 4 5 6 7 8 9 10 11 12 13 14 531.50000000000011 15 16 17 10.500000000000002 18 19 20 21 22 23 24 25 20.500000000000004 28.500000000000004 26 246.50000000000003 49.500000000000007 27 28 29 30 31 32 33 34 166.50000000000003
decision_type=9 2 2 9 9 9 9 9 9 9 9 9 9 9 9 9 9 2 9 9 9 2 9 9 9 9 9 9 9 9 2 2 9 2 2 9 9 9 9 9 9 9 9 2
left_child=1 11 8 4 5 -2 7 27 9 10 -3 20 19 14 25 16 -15 -4 -18 -6 -1 -13 32 24 -23 -8 41 -5 30 -30 -12 -31 -11 -22 -25 -36 -16 38 39 -14 -40 -27 -7 -24
right_child=3 2 17 6 12 42 13 -9 -10 22 28 21 37 15 36 -17 18 -19 -20 -21 33 23 43 34 -26 26 -28 -29 29 31 -32 -33 -34 -35 35 -37 -38 -39 40 -41 -42 -43 -44 -45
leaf_value=-0.0056897164040078836 -0.0052623490981727368 0.0075059335770450769 -0.0043830535838596868 0.0062242590167215957 -0.0059159296183409317 0.020232253272346502 0.0029761738143912701 -0.00189601971907164 0.0032661166830062153 0.0037164274036995517 -0.00246469461508424 -0.0075893962087326466 0.0075413913240385934 -0.0064459932695122291 -0.0049763217057831044 0.0034493571800813918 -0.0018838107140534356 0.0083656891532640117 0.0087466702769392057 0.0086306811109767567 -0.0015760396282515354 0.0021132525609113802 0.00082476559154410773 -0.0051250173497580376 -0.010935322794414511 -0.0038436799428709814 -0.0041415376754263353 0.019715489238894858 0.0054269735143368976 -0.010983662489892488 -0.0062193376477582335 -0.0011071500576489508 -0.0037929470482554353 0.0079061350917789871 0.0012732656831599522 -0.0047327868431465032 6.3684902801097737e-05 0.00044070708890480152 -0.028412665923239624 -0.0084395331517700851 -0.0069093173463253615 -0.011147557110652052 0.0081814835061699738 0.0059804091713605741
leaf_weight=3585 2427 1191 9867 2464 1181 961 935 1657 13629 1481 2512 7753 1325 4408 2978 10281 2335 373 1879 5313 7371 618 5057 3773 1248 933 4626 1064 1163 815 423 3634 3189 2354 6141 5014 17677 12919 660 1363 1138 1405 13284 3322
leaf_count=3585 2427 1191 9867 2464 1181 961 935 1657 13629 1481 2512 7753 1325 4408 2978 10281 2335 373 1879 5313 7371 618 5057 3773 1248 933 4626 1064 1163 815 423 3634 3189 2354 6141 5014 17677 12919 660 1363 1138 1405 13284 3322
internal_value=-0.000343788 -0.00166641 -0.000308642 0.000855476 0.00225352 0.00479559 -0.000222214 0.00524543 0.000697496 -0.000774225 -0.00365203 -0.0033402 0.000478899 -0.00082057 -0.00207254 0.00107069 -0.00194625 -0.00388672 0.00298295 0.00422817 -0.000863363 -0.00468095 0.00137453 -0.00338811 -0.00959488 -0.00572133 -0.00686837 0.00870548 -0.00510109 -0.0029349 -0.00921902 -0.00498991 -0.00200855 0.000806369 -0.0026041 -0.00133124 -0.000675054 -0.000921619 -0.00424822 -0.000963677 -0.00912611 -0.0118399 0.00624693 0.00326022
internal_weight=177726 84513 46656 93213 40571 16672 52642 5185 36416 22787 9738 37857 23899 47457 28554 18903 8622 10240 4214 6494 13310 24547 13049 16794 1866 7899 6964 3528 8547 5612 2935 4449 4670 9725 14928 11155 20655 17405 4486 2688 1798 2338 14245 8379
internal_count=177726 84513 46656 93213 40571 16672 52642 5185 36416 22787 9738 37857 23899 47457 28554 18903 8622 10240 4214 6494 13310 24547 13049 16794 1866 7899 6964 3528 8547 5612 2935 4449 4670 9725 14928 11155 20655 17405 4486 2688 1798 2338 14245 8379
cat_boundaries=0 2 3 5 8 10 11 12 14 17 20 23 26 28 30 31 34 36 38 41 44 46 47 50 52 55 57 59 61 64 66 67 69 72 74 76
cat_threshold=1846062887 56764944 290 131208 76825604 1613826501 270532872 24 2149580800 64 24 278 1611145223 141312 3758235684 67141840 72 2356165412 14934115 83 2818713892 270578060 22 2718314753 1486983635 23 1114120 210780160 64 9225225 4 1348502060 67108868 64 2148532224 64 1074274816 2107392 1346576577 201433336 1 1610612737 201326616 8 1611148288 4204544 4 262400 1350602883 2 38150150 8429576 268436033 283189536 19 1073741825 131072 33557024 6291456 1778418981 4333568 537276673 134283264 16 2157969408 4160 34 33882176 146866176 1344278531 1082196048 64 65536 142622720 0 1048576
is_linear=0
shrinkage=0.05


Tree=59
num_leaves=45
num_cat=29
split_feature=2 6 6 10 2 2 6 6 2 2 2 2 2 2 8 10 2 8 2 1 6 2 2 3 2 3 1 10 2 8 3 1 8 2 3 8 2 1 2 3 8 10 1 1
split_gain=96.9633 77.8501 95.5613 64.0932 76.8934 56.396 49.2953 63.1185 77.8744 64.7274 60.9911 48.7279 43.6233 40.6021 36.0877 34.1462 33.2574 31.3389 30.6924 29.9646 29.3548 40.3749 32.892 27.031 31.2562 26.0554 31.7979 23.5448 22.6295 22.0681 23.1635 21.8233 20.9402 32.3089 20.6724 31.6636 23.1228 19.6029 19.5214 19.4083 22.4376 20.9558 18.6229 17.8987
threshold=0 1.5000000000000002 5.5000000000000009 10.500000000000002 1 2 4.5000000000000009 3.5000000000000004 3 4 5 6 7 8 3.5000000000000004 10.500000000000002 9 7.5000000000000009 10 11 3.5000000000000004 12 13 14 15 16 17 22.500000000000004 18 7.5000000000000009 19 20 7.5000000000000009 21 22 1.5000000000000002 23 24 25 26 10.500000000000002 11.500000000000002 27 28
decision_type=9 2 2 2 9 9 2 2 9 9 9 9 9 9 2 2 9 2 9 9 2 9 9 9 9 9 9 2 9 2 9 9 2 9 9 2 9 9 9 9 2 2 9 9
left_child=-1 5 3 4 -3 -2 7 9 -9 38 -8 17 -11 -4 34 18 -10 27 -13 -12 21 -6 -22 24 -15 26 -16 -7 -25 31 -31 -18 37 -34 35 36 -14 -27 -5 40 -35 -42 -43 -24
right_child=1 2 13 6 20 11 10 8 16 12 19 15 14 23 25 -17 29 -19 -20 -21 22 -23 43 28 -26 32 -28 -29 -30 30 -32 -33 33 39 -36 -37 -38 -39 -40 -41 41 42 -44 -45
leaf_value=-0.011312203480733125 0.0068630374692068953 0.0050622737423476061 -0.010136149808155248 0.015966785027538666 -0.0070542721615837415 -0.0047960836822742662 0.0042551006370158328 0.010828387574497923 -0.0017170662390841641 -0.0047449447215922036 -0.0067626808722617395 -0.0064674823909503139 0.037031754463066772 -0.0076967056878211705 0.011134326453230909 -0.0010499333443984072 0.0035353915650858103 -0.012086872895033934 -0.0023706881792209034 -0.00059714113342181356 0.0022890075351680974 -0.00077226822911309341 -0.00097171315961362974 -0.0058600974705043333 0.0049349901566875798 0.0099464158055993408 0.0005075870600014798 0.093294467879096898 -0.0015263650549240115 0.010835776322100955 0.0007950889936486627 0.009877649612708617 -0.002826237804112819 0.0026682175048991178 -0.0052281861415323649 -0.0031658576926738126 0.0031589800228811141 0.0020900777086321986 0.0078865823766397728 0.0011960939854962216 -0.017605860285585927 0.027313075976035408 0.011948560195189121 -0.0058175163713701135
leaf_weight=1427 2756 4038 1665 460 7555 1794 3402 2578 1121 2813 1591 6731 336 1667 1542 32044 5757 1970 7601 11713 6346 6741 4705 3953 4163 2354 1257 67 9696 1032 5417 2205 6509 697 3455 1735 488 5905 4809 3676 79 411 300 1165
leaf_count=1427 2756 4038 1665 460 7555 1794 3402 2578 1121 2813 1591 6731 336 1667 1542 32044 5757 1970 7601 11713 6346 6741 4705 3953 4163 2354 1257 67 9696 1032 5417 2205 6509 697 3455 1735 488 5905 4809 3676 79 411 300 1165
internal_value=-0.000321281 -0.000215814 0.000472692 0.00110576 -0.000811784 -0.00181919 0.00192345 0.00264672 0.0050635 0.00145821 -0.000454926 -0.00220145 0.00060031 -0.00258702 0.00118244 -0.00175268 0.00371896 -0.0076152 -0.00378175 -0.00198288 -0.00179097 -0.0033296 8.18599e-06 -0.00194212 0.000907534 0.00209415 0.00660377 -0.00298227 -0.00315909 0.00436516 0.00219414 0.00612911 0.0014568 9.42426e-05 -0.00226139 0.00114831 0.0092233 0.00338419 0.00658269 0.00304465 0.00784903 0.0136709 0.0163854 -0.00268707
internal_weight=177726 176299 123336 102192 30550 52963 71642 54936 18110 36826 16706 50207 31557 21144 28744 46376 15532 3831 14332 13304 26512 14296 12216 19479 5830 22730 2799 1861 13649 14411 6449 7962 19931 11672 6014 2559 824 8259 5269 5163 1487 790 711 5870
internal_count=177726 176299 123336 102192 30550 52963 71642 54936 18110 36826 16706 50207 31557 21144 28744 46376 15532 3831 14332 13304 26512 14296 12216 19479 5830 22730 2799 1861 13649 14411 6449 7962 19931 11672 6014 2559 824 8259 5269 5163 1487 790 711 5870
cat_boundaries=0 7 14 21 28 35 42 49 56 63 70 77 80 87 94 95 102 103 106 113 114 117 124 125 132 135 142 143 146 149
cat_threshold=256 134287360 1024 283115520 67176448 68157444 66560 8 46443152 8228 336 269361696 1073741833 155688 271057440 33858060 4997186 8321 268468224 2149914624 83886080 17117212 2231402946 8388608 219152392 536891684 4194306 16777280 17826824 574619680 140509216 278769 134357140 1107562497 134742016 553918480 2231378512 8192 37952 26256148 2082 131392 16777216 622854416 144703524 67108904 17457952 33554570 917536 2418393089 2166399640 786432 134218752 17846273 32 21233728 1610612740 2147492608 2129952 17043593 687890980 1078198274 16777216 268435488 41953792 4194340 4353 159424512 1074006016 134217728 2147512348 2148532322 0 2164294928 143654916 4194353 256 805310475 138420428 4 1091663877 16777294 2097408 2147537032 4484 33816592 134217792 22533 16777474 2130176 2164445320 16793600 2147811376 67108928 162 0 0 0 1196096 33024 17 2056 138 302186560 8388864 66 16777224 16777216 0 0 256 65568 8449 256 36087937 1088504066 2 1073754128 1048640 8396800 2182119680 536871712 10 16384 104 0 0 0 2148532224 256 0 67108865 812650531 4210946 4 1024 574619648 134217760 160 131200 1107300353 134742016 256 131072 1073741888 4 611590467 8388641 16
is_linear=0
shrinkage=0.05


Tree=60
num_leaves=45
num_cat=36
split_feature=5 0 2 2 3 0 0 1 0 0 5 0 2 1 0 2 10 2 2 3 2 0 0 3 0 2 0 0 1 8 0 3 2 2 9 5 0 2 10 8 0 1 1 0
split_gain=99.462 101.514 71.8096 65.8546 61.8016 72.2028 58.8953 63.608 57.0019 56.7046 56.6335 52.7931 55.1519 52.0498 53.6749 46.9239 45.9248 45.3191 44.2188 39.9829 39.7933 47.5468 38.3146 41.3015 38.2143 35.0067 34.7583 33.9706 33.7244 33.35 32.5287 64.9508 44.8627 38.2888 35.897 70.3005 56.4799 49.6919 41.3261 38.6255 38.3794 37.3034 32.8351 32.1266
threshold=400.50000000000006 0 1 2 3 4 5 6 7 8 26.500000000000004 9 10 11 12 13 9.5000000000000018 14 15 16 17 18 19 20 21 22 23 24 25 10.500000000000002 26 27 28 29 1.0000000180025095e-35 296.50000000000006 30 31 13.500000000000002 7.5000000000000009 32 33 34 35
decision_type=2 9 9 9 9 9 9 9 9 9 2 9 9 9 9 9 2 9 9 9 9 9 9 9 9 9 9 9 9 2 9 9 9 9 2 2 9 9 2 2 9 9 9 9
left_child=1 2 9 -3 5 25 7 8 19 -1 13 15 27 14 -4 -2 18 -7 -12 -6 21 -18 23 -8 -15 -5 -20 -13 -19 -9 32 34 -22 -33 37 36 -36 -32 -37 42 -39 -40 -38 -35
right_child=11 3 10 4 6 17 22 29 -10 -11 16 12 -14 24 -16 -17 20 28 26 -21 30 -23 -24 -25 -26 -27 -28 -29 -30 -31 31 33 -34 43 35 38 39 40 41 -41 -42 -43 -44 -45
leaf_value=-0.012269785402567996 -0.0041851313783963897 -0.0057737192357387836 -0.0027415355849478244 -0.0031834911661412059 0.012868553966187425 -0.0029699667427025458 0.0098020846853840663 -0.0043677580972552475 -0.004517743251975315 -0.0043673942133560031 0.0028208872815291943 -0.015234477821984428 0.0090734010998691824 -0.0036404706110076445 -0.0095499777060917904 0.0048654482610918206 0.0023020452299548967 0.014033905213280063 -0.001595200822796411 -0.00069719766958543103 0.0080072067611881691 -0.0064328082356136136 -6.6987291487863307e-05 -0.0017034181003714956 0.0039058197106062844 0.010705736066668893 -0.0081982850061770082 0.0024296591460389763 0.0027297066710691986 -0.011173723019708421 0.0058458520605629786 0.024896444054842527 0.0006337608145908669 0.005003878258021466 0.0095158755494968057 0.00053479566848868847 0.005103313013880873 -0.0019201074613304503 -0.0029384381922679006 -0.006899124901652543 -0.0070978743352587475 -0.0034828891367215567 -0.0044324809806301439 -0.0018009106952352723
leaf_weight=872 3269 3750 4013 1090 1092 6466 3116 5823 1635 2330 2262 488 8111 2734 3707 2583 1885 1342 4619 744 3577 4290 30767 1476 2423 8691 6897 1589 19080 1422 364 307 14007 4860 952 230 1107 2481 458 1613 2107 273 716 6108
leaf_count=872 3269 3750 4013 1090 1092 6466 3116 5823 1635 2330 2262 488 8111 2734 3707 2583 1885 1342 4619 744 3577 4290 30767 1476 2423 8691 6897 1589 19080 1422 364 307 14007 4860 952 230 1107 2481 458 1613 2107 273 716 6108
internal_value=-0.000307777 -0.000680331 -0.00202388 0.000487839 0.000781835 0.00231331 -0.000437236 -0.00368264 0.00188164 -0.00933998 -0.00169722 0.00344763 0.00561875 -0.00470218 -0.00729625 -0.00034118 -0.00104292 0.00097405 -0.00357091 0.00790899 -0.000274622 -0.00400162 0.000547089 0.00480226 -0.000803174 0.0059902 -0.00482388 -0.00165309 0.00212901 -0.00634735 0.000314016 -0.000986751 0.00190974 0.00163491 -0.00385511 -0.00101888 0.00166363 -0.00692649 -0.0132674 -0.00133488 -0.00832971 -0.0190834 0.00364783 0.00113864
internal_weight=177726 161686 75192 86494 82744 36669 46075 10716 3471 3202 71990 16040 10188 12877 7720 5852 59113 26888 13778 1836 45335 6175 35359 4592 5157 9781 11516 2077 20422 7245 39160 21576 17584 11275 10301 5349 4388 4952 961 3436 4588 731 1823 10968
internal_count=177726 161686 75192 86494 82744 36669 46075 10716 3471 3202 71990 16040 10188 12877 7720 5852 59113 26888 13778 1836 45335 6175 35359 4592 5157 9781 11516 2077 20422 7245 39160 21576 17584 11275 10301 5349 4388 4952 961 3436 4588 731 1823 10968
cat_boundaries=0 2 9 16 17 19 21 24 26 28 30 37 39 41 48 55 62 63 70 72 74 75 77 84 86 88 91 93 94 101 107 109 114 116 118 121 122
cat_threshold=1854418725 56769040 2416001280 153239552 6291488 146800640 41973920 138 134288384 35686661 134283920 2359296 14692392 1051139 2097152 66912 290 10 76563456 1048586 75514880 1343303886 205586468 9 1048586 67108864 75506944 35782656 3768691210 15605760 1074004096 81797936 8484 2164261280 159408256 33554464 16779264 39166720 339738896 1149241860 37753360 1064960 2693824630 4194596 2164527104 1048864 262162 83910657 286339072 2156920896 134267140 100663552 687894528 1073741826 131080 16777216 34636312 8448 262480 823132160 33 84041736 4 1074831365 545259593 286722 69206016 605029124 4194309 17039656 1745355776 20971520 2149580800 64 24 1275602948 4198928 24576 64 8480 1081345 151015680 4194313 16777224 713042176 33686016 33554608 16384 3225430050 45184 20 201327649 21107216 28 2064 101755170 134217984 1310857 285245440 3223586848 67264576 16779264 4196352 0 0 402685952 266240 1082130432 2048 262144 16 0 33555456 16777216 1082655492 2097152 33554432 8388608 33562624 8388608 3 1610623488
is_linear=0
shrinkage=0.05


Tree=61
num_leaves=45
num_cat=35
split_feature=0 6 2 2 6 2 5 2 2 0 2 0 0 3 2 0 0 2 5 0 2 0 0 2 2 0 2 0 10 2 0 2 5 0 8 3 0 0 0 8 0 8 0 0
split_gain=91.5699 52.3534 62.8776 53.9533 51.6906 51.8124 42.4733 63.9419 54.2968 47.323 41.3046 49.0424 39.9114 38.9708 66.3768 66.5113 52.8371 45.9285 38.0492 42.2334 37.1008 35.8613 35.7195 42.0496 36.5144 34.9373 34.4006 33.2375 32.3512 34.8145 31.9532 34.914 31.8857 30.9757 37.4692 36.2918 30.5094 28.3016 27.1124 26.693 74.3036 54.3771 89.3212 65.3699
threshold=0 2.5000000000000004 1 2 5.5000000000000009 3 302.50000000000006 4 5 6 7 8 9 10 11 12 13 14 31.500000000000004 15 16 17 18 19 20 21 22 23 10.500000000000002 24 25 26 531.50000000000011 27 4.5000000000000009 28 29 30 31 11.500000000000002 32 9.5000000000000018 33 34
decision_type=9 2 9 9 2 9 2 9 9 9 9 9 9 9 9 9 9 9 2 9 9 9 9 9 9 9 9 9 2 9 9 9 2 9 2 9 9 9 9 2 9 2 9 9
left_child=1 2 -1 12 5 27 8 21 9 -2 11 -7 -4 14 16 -16 -10 30 19 -12 25 -8 23 -9 33 -6 -17 -3 29 -5 31 -15 38 -24 -35 -36 -19 -28 -22 41 -41 43 -43 -38
right_child=6 4 3 28 20 10 7 22 13 -11 18 -13 -14 17 15 26 -18 36 -20 -21 32 -23 24 -25 -26 -27 37 -29 -30 -31 -32 -33 -34 34 35 -37 39 -39 -40 40 -42 42 -44 -45
leaf_value=0.0081161996510741973 -0.0112497352918264 -0.0056326963280680879 0.0001770240616955854 -0.0072818735429082404 -0.0022855358394148597 0.00027681849435036155 0.0051397083379829851 0.0032751252461011627 -0.0097589352976765777 -0.0004780594327173926 0.0029029833600927261 -0.010852601160136928 -0.013367430567118067 0.0078659401028528097 0.0071771857661532936 -0.0017358077164833397 0.0004328684516501147 0.0032846046545397024 0.0007378614207134538 -0.0048916497824177674 0.0007016461509934069 0.01851446144071861 0.017148178159394446 -0.0072082918270726772 0.00020448871845346606 -0.013181797672564527 -0.0040059812303971931 0.0074600752128208053 -0.0018613990431493644 -0.0020320065194751437 -0.0062896385416297057 -0.0054385514930541451 0.0077849522475379358 -0.0062707497038661415 0.024100877269434176 0.00050214134136931097 0.0032703022179446984 0.0087105933531968823 -0.0042818705054642357 0.014138743853178704 -0.005304019254295334 0.0028659899587548249 -0.0091829361795177315 -0.003026200937901913
leaf_weight=1148 1384 607 539 6938 789 617 1889 2156 1644 1889 1572 566 1381 1220 13435 9917 2072 8124 25228 4778 3065 1543 1241 2513 3969 846 1745 3323 24563 3903 3148 1915 265 758 845 901 8481 4775 5433 1193 975 1836 3497 9100
leaf_count=1148 1384 607 539 6938 789 617 1889 2156 1644 1889 1572 566 1381 1220 13435 9917 2072 8124 25228 4778 3065 1543 1241 2513 3969 846 1745 3323 24563 3903 3148 1915 265 758 845 901 8481 4775 5433 1193 975 1836 3497 9100
internal_value=-0.0002999 -0.00147772 -0.00284623 -0.00320084 -0.000359957 0.000521926 0.000793599 0.00315207 0.000305174 -0.00598538 -0.000129688 -0.00926236 -0.0113472 0.000587656 0.0018394 0.00262365 -0.00445518 -0.000477227 0.000215272 -0.00324409 -0.00347182 0.00918071 0.00147261 -0.00197692 0.00356033 -0.0103647 0.000489451 0.00593909 -0.00275597 -0.00503182 -0.00439377 -0.000810811 -0.00217144 0.0070972 0.00385839 0.00790378 0.000264933 0.00330781 -0.00270652 -0.0005978 0.0047048 -0.00109976 -0.00552222 0.000241738
internal_weight=177726 85561 38472 37324 47089 36691 92165 15815 76350 3273 32761 1183 1920 73077 33588 29872 3716 39489 31578 6350 10398 3432 12383 4669 7714 1635 16437 3930 35404 10841 6283 3135 8763 3745 2504 1746 33206 6520 8498 25082 2168 22914 5333 17581
internal_count=177726 85561 38472 37324 47089 36691 92165 15815 76350 3273 32761 1183 1920 73077 33588 29872 3716 39489 31578 6350 10398 3432 12383 4669 7714 1635 16437 3930 35404 10841 6283 3135 8763 3745 2504 1746 33206 6520 8498 25082 2168 22914 5333 17581
cat_boundaries=0 2 9 16 23 30 37 39 46 48 50 51 58 60 62 69 71 78 80 82 89 96 98 105 107 114 116 123 125 126 128 130 132 134 136 138
cat_threshold=1855500068 48376336 285736992 37782148 4997122 8388641 402817168 2149650432 150994944 2147484416 228720672 142606368 205520904 19200 4196352 132128 536 2781086241 142622720 68165640 805307140 4194352 655456 3153920 50595842 136609792 168199256 131328 3221487617 67371112 2097425 151060497 6815748 4194569 1071649 1075838976 1376 2147745802 135565380 285294592 167903232 4456454 8388608 133248 1073741832 150995968 1243121184 12593152 1611664384 2048 290 90116 2163343936 134250496 1093632 151265284 2185232392 131080 2228234 85214208 2097169 16794696 17040416 34816 8388608 2491408 269123968 262176 17047552 67111424 48234496 554762256 8224 32 72 536873732 3225747458 16785664 262171 84705345 2293770 16827400 1074069520 2151711084 12582912 1048864 1060900 18 10496 536952832 1049472 8388864 16384 672154116 33554448 24577 738724128 46148096 823398400 8 32 2181316608 805863680 2 67127296 9728 8192 1610694676 8530 33024 2198262016 25165828 17 16704 2490577 32841 0 0 0 0 0 262144 8192 2147483793 64 304 2149646464 134742080 2147483712 524356 1116767232 8390672 131072 68424717 393218 20484 89 67141641
is_linear=0
shrinkage=0.05


Tree=62
num_leaves=45
num_cat=40
split_feature=0 2 3 0 0 2 2 2 2 0 3 0 2 2 0 8 0 8 3 8 0 0 1 1 0 2 1 8 0 3 3 0 0 2 1 0 3 3 3 0 0 1 1 0
split_gain=85.119 62.3311 49.6765 155.819 149.417 122.784 110.822 53.1586 52.7849 52.5604 64.1069 43.9775 42.4875 40.1639 39.6295 38.6198 67.2491 62.9399 127.381 93.0418 89.9525 84.5636 78.7071 62.1175 55.5259 50.4443 44.4307 43.5526 42.6009 41.749 39.835 61.7693 43.6088 37.8588 36.0905 35.572 49.6652 35.937 34.6848 59.0059 46.3822 33.7251 32.3148 32.2912
threshold=0 1 2 3 4 5 6 7 8 9 10 11 12 13 14 11.500000000000002 15 7.5000000000000009 16 3.5000000000000004 17 18 19 20 21 22 23 10.500000000000002 24 25 26 27 28 29 30 31 32 33 34 35 36 37 38 39
decision_type=9 9 9 9 9 9 9 9 9 9 9 9 9 9 9 2 9 2 9 2 9 9 9 9 9 9 9 2 9 9 9 9 9 9 9 9 9 9 9 9 9 9 9 9
left_child=13 -2 3 7 5 9 -6 -3 14 -4 -11 42 -12 -1 -5 17 -17 19 20 24 34 25 38 -23 -15 -20 -22 -25 -29 -30 31 -24 33 -32 -19 37 -37 -7 40 -40 41 -21 -10 -28
right_child=1 2 4 8 6 35 -8 -9 11 10 12 -13 -14 15 -16 16 -18 18 21 22 26 23 30 27 -26 -27 43 28 29 -31 32 -33 -34 -35 -36 36 -38 -39 39 -41 -42 -43 -44 -45
leaf_value=-0.0046159045390898159 -0.009774900498284278 -0.0054086632985715817 -0.0019623851530560649 0.00084521926086027492 0.007659557073004853 -0.0087044064963933809 7.0285918820073298e-05 -0.001679286409964148 -0.0033385466661251307 0.0074441828819817981 -0.012683126059551115 -0.002447111729666232 -0.0071367322465770546 0.002430518574392504 0.010353323783724595 0.012643762871088949 -5.2386138856530545e-05 0.030658794642951365 0.0068560245727929351 0.02891542128471021 -0.018192234067652604 -0.00790042715134095 0.026887361165476187 0.0013493787803178115 -0.0041573108821141352 -0.0014672277364350507 0.049611044356515512 -0.020319484639174767 -0.015179856471866204 0.0012841401045376177 0.012493594988045054 0.010034932644824447 0.0068604310622683131 -0.0035515693265677165 0.0023714007279207697 -0.0030169486806896628 0.0073951740135230377 0.0069921241436579074 -0.015615137030485294 -0.0021260398621911094 -0.0014331288607797865 0.00018195771397746532 0.0031031915613556229 0.0019258734949532119
leaf_weight=2720 1551 9104 4008 3883 10163 533 16892 3356 2763 594 1992 16340 4211 7823 2026 2881 3179 1554 4190 335 489 8002 1002 4582 8304 6392 135 257 382 941 342 4825 10422 3242 433 10914 1710 3595 503 1733 2181 238 6115 889
leaf_count=2720 1551 9104 4008 3883 10163 533 16892 3356 2763 594 1992 16340 4211 7823 2026 2881 3179 1554 4190 335 489 8002 1002 4582 8304 6392 135 257 382 941 342 4825 10422 3242 433 10914 1710 3595 503 1733 2181 238 6115 889
internal_value=-0.000297649 -0.00126504 -0.00110733 -0.00236599 -0.000102523 -0.00269344 0.00253649 -0.00708901 -0.000473713 -0.00684697 -0.00952696 -0.00147059 -0.0110333 0.000939912 0.00377598 0.0011559 0.0049835 0.000820857 -0.000994831 0.00207326 0.00792023 -0.00225804 0.00399428 -0.00478341 -0.000883611 0.00112349 -0.00128037 -0.00100454 -0.00816456 -0.0043886 0.00540493 0.00888299 0.00395263 -0.0008069 0.0148973 -1.19318e-05 -0.00132975 0.0040116 -0.00162 -0.0062333 0.00213459 0.0146655 0.00136139 0.00464217
internal_weight=177726 99750 98199 43587 54612 27557 27055 12460 31127 10805 6797 25218 6203 77976 5909 75256 6060 69196 28246 40950 3500 24746 24823 14164 16127 10582 1513 6162 1580 1323 19833 5827 14006 3584 1987 16752 12624 4128 4990 2236 2754 573 8878 1024
internal_count=177726 99750 98199 43587 54612 27557 27055 12460 31127 10805 6797 25218 6203 77976 5909 75256 6060 69196 28246 40950 3500 24746 24823 14164 16127 10582 1513 6162 1580 1323 19833 5827 14006 3584 1987 16752 12624 4128 4990 2236 2754 573 8878 1024
cat_boundaries=0 2 9 10 12 14 21 28 35 42 44 45 47 53 60 62 64 65 67 69 72 75 77 84 87 89 90 91 93 95 102 105 107 108 109 110 112 114 115 118 119
cat_threshold=2150039760 203211853 2147483904 136515584 36 283115520 68224 1140850828 332800 272 1209532418 4205056 612904709 35782672 1404929 1067040 4202496 134398088 671637796 4194322 134217728 1404929 34635872 5021696 2282766721 24582 4096 201342976 1091858436 9437184 256 2249326848 152051716 2147549201 16926785 3675656 2155915392 256 426120 939917328 4524065 16384 545785856 33554432 8 67110657 35782672 356352 0 4202496 0 260 18 39944193 687931920 2097412 14680096 134531075 8 4260896 637575428 58720272 2147614848 68420684 256 262288 134497356 2149777408 1851460 1746272528 1073897476 3 2456986562 71303186 5 2149777600 134250505 537141276 5251138 32 18108416 32 3221291058 24585 1610616869 1082163202 8 0 67141632 16 32 128 68173824 65536 1851396 537919496 1056768 32768 64 0 33 147456 575045632 75563012 14 8388609 131088 44 194 52 64 67371016 2147483712 67649536 537001984 1891672992 14745608 65 2097152
is_linear=0
shrinkage=0.05


Tree=63
num_leaves=45
num_cat=31
split_feature=5 0 3 0 1 0 1 1 6 0 0 1 8 0 6 1 0 0 10 8 1 0 1 8 1 0 0 3 3 0 10 1 1 0 0 10 6 0 0 6 5 0 0 8
split_gain=83.4192 77.0397 72.1813 89.0923 67.1131 78.1954 66.155 46.4235 46.3515 46.019 45.8634 48.8747 45.096 49.142 40.4582 52.4614 39.5376 39.0857 35.8168 35.4895 33.4181 39.596 32.3578 32.1244 31.7006 31.8897 31.0462 30.9463 29.3808 29.2205 28.4269 31.3445 29.5763 27.9865 27.9063 27.4986 54.3911 42.0898 34.6002 32.7425 37.1261 35.6419 32.2555 30.1866
threshold=378.50000000000006 0 1 2 3 4 5 6 2.5000000000000004 7 8 9 7.5000000000000009 10 4.5000000000000009 11 12 13 9.5000000000000018 7.5000000000000009 14 15 16 11.500000000000002 17 18 19 20 21 22 9.5000000000000018 23 24 25 26 10.500000000000002 5.5000000000000009 27 28 2.5000000000000004 363.50000000000006 29 30 10.500000000000002
decision_type=2 9 9 9 9 9 9 9 2 9 9 9 2 9 2 9 9 9 2 2 9 9 9 2 9 9 9 9 9 9 2 9 9 9 9 2 2 9 9 2 2 9 9 2
left_child=1 6 3 7 5 -4 9 -3 30 27 22 26 13 -5 15 -10 -6 -13 -17 -9 -14 -22 -2 29 -16 -26 -12 -1 -20 -21 32 -32 -8 -30 -25 38 39 -38 -18 42 41 -41 -37 -43
right_child=10 2 4 12 16 -7 8 19 14 -11 11 17 20 -15 24 18 35 -19 28 23 21 -23 -24 34 25 -27 -28 -29 33 -31 31 -33 -34 -35 -36 36 37 -39 -40 40 -42 43 -44 -45
leaf_value=-0.010693412161938809 -0.0027312804485501996 0.01149749139204085 -0.0070916758087174736 0.021923434203098714 0.0039980383034421089 -0.00049245968965047073 -0.0091645799577087361 0.0014396805458490869 0.0057480067465651603 -0.0030024691874011942 0.015555583063300777 -0.0079288504548644789 -0.0033350924318238718 0.0089968022468553521 -0.0024250315852982597 -0.0075620854395418774 0.00071933089946502049 0.004265151328161354 0.01167597991201455 -0.01689066816946001 -0.0014679272963606606 0.010411146857862553 0.0056346579803669087 0.015815063922727367 0.0029480319832878468 -0.0025072521884350776 0.0054969961639752766 -0.0030768579334161245 -0.0046364444370677552 -0.0037736666808156683 0.004057854303900133 -0.002942336352731667 -0.00075348235928239255 0.0026529789180160025 -0.002691047993768059 0.0023458644217205535 0.024469612093238082 -0.0046875536664701296 -0.0045125454750107657 0.00062723737223075175 -0.0013802075501856638 0.0055630714438939634 -0.0030849486077964561 -0.0012680590953625948
leaf_weight=2125 4914 1384 5672 1511 8931 8217 4288 7002 5011 4400 2630 1207 2308 6428 8412 2731 4930 2884 518 1187 2195 3111 1578 338 3081 2622 5100 796 2671 4033 1745 15840 1653 5068 586 5920 363 4188 8717 6840 207 5345 7914 1125
leaf_count=2125 4914 1384 5672 1511 8931 8217 4288 7002 5011 4400 2630 1207 2308 6428 8412 2731 4930 2884 518 1187 2195 3111 1578 338 3081 2622 5100 796 2671 4033 1745 15840 1653 5068 586 5920 363 4188 8717 6840 207 5345 7914 1125
internal_value=-0.000293711 -0.000660862 0.00020414 0.00224471 -0.000693926 -0.00379524 -0.00205754 -0.000570839 -0.00144828 -0.00651344 0.00290231 0.00475446 0.00487374 0.00751354 -0.000149432 0.00157197 9.72656e-05 0.000329188 -0.000363702 -0.00148981 0.00212766 0.00430775 -0.000476776 -0.00426432 -0.0021006 0.000778925 0.00709302 -0.0113784 0.0012777 -0.00578544 -0.00311145 -0.00210122 -0.00610167 0.000496838 0.004329 -0.000499352 0.000304056 -0.0047572 -0.00237781 0.00114621 0.00289635 0.00322314 -0.000563828 0.00587963
internal_weight=177726 159413 98452 30083 68369 13889 60961 14530 53640 7321 18313 11821 15553 7939 30114 15999 54480 4091 10988 13146 7614 5306 6492 6144 14115 5703 7730 2921 8257 5220 23526 17585 5941 7739 924 45549 31902 4551 13647 27351 13517 13310 13834 6470
internal_count=177726 159413 98452 30083 68369 13889 60961 14530 53640 7321 18313 11821 15553 7939 30114 15999 54480 4091 10988 13146 7614 5306 6492 6144 14115 5703 7730 2921 8257 5220 23526 17585 5941 7739 924 45549 31902 4551 13647 27351 13517 13310 13834 6470
cat_boundaries=0 2 3 5 8 10 12 15 17 19 22 24 27 29 31 34 36 39 42 44 46 47 48 50 53 56 58 60 62 64 66 68
cat_threshold=1309159205 39991312 34 2156134544 134513225 1887713281 1478755747 6 2693890050 210797060 805307033 1208025232 2147553380 1073742208 6 100672004 2228240 1621208586 48497152 2759303360 1556095232 6 2 84934656 1150685222 4346212 78 2155937920 135266304 2181169200 67248128 4653059 71434384 1 163842 67109888 304152858 1084293396 68 7504192 81928288 85 1275592737 4327440 33554677 14408 292 72 2147483776 134250496 68167712 164195 18 39297026 270696704 4 134742053 10240 262272 262208 0 32836 2228312 67371012 163922 25477124 539263042 311360
is_linear=0
shrinkage=0.05


Tree=64
num_leaves=45
num_cat=24
split_feature=5 6 6 10 1 1 3 1 3 1 1 1 8 8 8 8 3 8 3 3 1 3 1 5 1 8 3 8 1 1 10 1 4 1 1 10 4 5 1 8 3 8 5 1
split_gain=76.7128 61.6528 88.6422 58.419 46.1067 41.0427 40.2508 35.6276 32.495 32.4419 32.1125 32.0376 30.1711 50.0677 29.2214 28.6571 29.5587 27.7034 41.8471 32.0455 35.3442 27.287 37.458 29.77 40.2801 26.0516 25.8903 24.8389 24.4179 24.053 24.0376 23.1131 21.9587 21.7964 21.7282 28.9945 21.7084 21.6218 21.5681 21.5574 21.3146 22.3863 21.2259 22.7769
threshold=400.50000000000006 1.5000000000000002 5.5000000000000009 10.500000000000002 0 1 2 3 4 5 6 7 7.5000000000000009 3.5000000000000004 8.5000000000000018 4.5000000000000009 8 7.5000000000000009 9 10 11 12 13 296.50000000000006 14 3.5000000000000004 15 7.5000000000000009 16 17 12.500000000000002 18 2.5000000000000004 19 20 5.5000000000000009 2.5000000000000004 35.500000000000007 21 10.500000000000002 22 1.5000000000000002 27.500000000000004 23
decision_type=2 2 2 2 9 9 9 9 9 9 9 9 2 2 2 2 9 2 9 9 9 9 9 2 9 2 9 2 9 9 2 9 2 9 9 2 2 2 9 2 9 2 2 9
left_child=1 4 3 5 8 6 28 -2 -1 12 -4 -6 13 40 -10 16 -13 19 29 38 -21 22 -15 -23 30 -7 33 -27 -3 -19 -25 -29 -9 -14 35 -20 -32 -30 -17 -31 -5 -42 -12 -44
right_child=7 2 10 9 11 25 -8 32 14 -11 42 15 26 21 -16 17 -18 18 34 20 -22 23 -24 24 -26 27 -28 31 37 39 36 -33 -34 -35 -36 -37 -38 -39 -40 -41 41 -43 43 -45
leaf_value=-0.012865117667598023 0.010669929240454091 0.015626943366349077 -0.0076349442036596771 -0.001792862914623028 0.005725370936543784 -0.0081274285741606 0.003548969849337147 -8.2301340103940748e-05 -0.0016273398275130524 0.0034381432748428866 -0.0048826471557585766 -0.0068497918774162898 0.0065525382258028678 0.0064285517666836049 -0.008499385886658618 0.0024706614649573468 -0.0014320606343781739 -0.010234245616660753 0.018590770504758113 0.0027854831934660041 -0.011852951397549461 0.0054076200381801276 -0.0078645765609171026 0.005336350337804341 0.0043349635530420651 0.0007411080912106627 -0.0012092870111280131 -0.0087360817996608494 -0.0087602153025038276 0.002439245534543655 -0.0025412216079142127 -0.0030996135620878829 0.0044687260406180099 -0.0029541023023458069 -0.0052722763758949577 -0.0018067151620394018 0.0026427648062620325 -0.0019171892676967063 0.01356909935653814 0.019962066743356155 0.014282902864074699 -0.00072995951891272623 0.0012134646627136481 -0.0033180598593968214
leaf_weight=1157 2691 472 2264 6490 2526 3325 6733 6628 3350 21859 3738 5709 2582 1114 2197 5986 5087 261 182 1774 1502 10195 1079 71 1118 5021 16797 1349 1395 1518 377 5790 6721 997 8768 5839 116 4223 1079 1067 983 1705 4683 9208
leaf_count=1157 2691 472 2264 6490 2526 3325 6733 6628 3350 21859 3738 5709 2582 1114 2197 5986 5087 261 182 1774 1502 10195 1079 71 1118 5021 16797 1349 1395 1518 377 5790 6721 997 8768 5839 116 4223 1079 1067 983 1705 4683 9208
internal_value=-0.000299337 -0.000626523 7.91668e-06 0.000650915 -0.00212908 -0.001247 0.000845477 0.00299875 -0.00597259 0.00147137 -0.00302368 -0.00150334 0.000682954 0.00191414 -0.00436387 -0.00185911 -0.0040478 -0.00101516 -0.00222002 0.00103955 -0.00304321 0.0037882 -0.00133908 0.00473206 -0.00142687 -0.00297838 -0.000721437 -0.00190789 -0.00209836 0.00332633 -0.0121951 -0.00380305 0.00193503 0.00313458 -0.00328738 -0.000969988 -0.0163286 -0.00302061 0.00293286 0.00479769 -0.000958815 0.00277984 -0.00229888 -0.00140019
internal_weight=177726 161686 113684 93791 48002 28308 12823 16040 6704 65483 19893 41298 43624 23248 5547 38772 10796 27976 17635 10341 3276 14070 2193 11877 1682 15485 20376 12160 6090 2846 564 7139 13349 3579 14789 6021 493 5618 7065 2585 9178 2688 17629 13891
internal_count=177726 161686 113684 93791 48002 28308 12823 16040 6704 65483 19893 41298 43624 23248 5547 38772 10796 27976 17635 10341 3276 14070 2193 11877 1682 15485 20376 12160 6090 2846 564 7139 13349 3579 14789 6021 493 5618 7065 2585 9178 2688 17629 13891
cat_boundaries=0 2 5 6 9 10 13 16 19 20 21 22 25 26 29 32 33 36 39 42 45 48 50 51 54
cat_threshold=1887441747 1342178320 2519085068 205529303 94 84 2757197888 339738624 2 384 2187669643 1558192369 55 2955149321 1073905696 18 67108904 6484065 80 408 384 52 4300928 75497730 4 386 69763 12582912 4 2181042176 10485776 2 450 67112972 71303234 64 3408000 134217730 1 1073742529 98312 1 38010882 211812480 7 170919936 67174784 3 2187567232 8388872 284 101716802 134221832 73
is_linear=0
shrinkage=0.05


Tree=65
num_leaves=45
num_cat=37
split_feature=2 5 0 1 0 2 1 0 0 0 2 3 0 5 0 2 0 2 3 0 8 0 2 0 5 2 6 0 0 2 0 2 2 0 2 3 0 9 0 0 3 2 2 5
split_gain=76.0153 75.4983 105.584 89.1751 87.8958 65.9623 61.3671 50.1022 47.1114 43.3806 42.7217 36.8537 63.4664 37.1328 36.1809 34.085 32.8986 59.2157 41.49 42.1196 43.3895 38.7006 37.5779 45.2881 31.638 31.1772 30.6927 40.9506 31.2992 29.8155 29.6975 42.4429 33.9119 29.4537 28.858 27.8683 27.799 28.681 39.2632 30.0298 38.5996 28.4913 26.2089 25.0938
threshold=0 76.500000000000014 1 2 3 4 5 6 7 8 9 10 11 27.500000000000004 12 13 14 15 16 17 1.5000000000000002 18 19 20 252.50000000000003 21 3.5000000000000004 22 23 24 25 26 27 28 29 30 31 1.0000000180025095e-35 32 33 34 35 36 568.50000000000011
decision_type=9 2 9 9 9 9 9 9 9 9 9 9 9 2 9 9 9 9 9 9 2 9 9 9 2 9 2 9 9 9 9 9 9 9 9 9 9 2 9 9 9 9 9 2
left_child=14 4 3 16 15 7 8 -4 -6 34 36 12 -8 33 -1 -2 25 21 19 29 -21 -18 -20 -24 -9 -3 27 -15 -28 -19 31 -12 -32 -13 -5 -34 -7 38 -38 40 -39 -41 -22 -40
right_child=1 2 5 9 6 10 11 24 -10 -11 30 13 -14 26 -16 -17 17 18 22 20 42 -23 23 -25 -26 -27 28 -29 -30 -31 32 -33 35 -35 -36 -37 37 39 43 41 -42 -43 -44 -45
leaf_value=-0.005541454503055804 0.0019604060959947322 -0.0047058551329069555 -5.2577088870076066e-06 -0.00026269993824505898 0.025068651540036326 0.0060368374160769678 0.0084273377142688784 0.0074062355558068178 0.0017673104423867826 -0.0004027456978074051 -0.010243892013103573 -0.0075811209644314516 -0.0071560915802003746 -0.00058111929294827334 -0.014174117266598547 -0.0015560825351991327 -0.0043158553732165926 0.0079941678569952941 0.0046147090370329156 -0.012105400103838111 -0.0034906651815019064 -0.0163191225545803 -0.014661718284101356 0.0023935907263677061 0.015532560523572393 0.00059094381915765222 -0.0033554858993628312 -0.0060659705491293518 0.0018540387163880345 -0.0037496202472650179 -0.0046616755427955512 -0.0010176740630788107 -0.0016064968869180741 -0.0034633351120540003 0.0066858372485776533 0.0051056939468990484 -0.0034716454448730839 0.019612190961439794 0.0019210308338602933 0.0050463661701042441 0.0016326106920295904 -0.00062355827442663883 -0.00055300195643444294 0.016768771874663829
leaf_weight=433 14971 3642 2366 2289 465 8765 1910 3823 1467 12679 2069 6788 1345 4990 471 11984 891 658 2233 405 2774 911 650 948 1953 6958 4361 8322 4804 1391 1915 5587 3571 7704 5237 7029 5992 1602 6898 5583 2095 5449 922 426
leaf_count=433 14971 3642 2366 2289 465 8765 1910 3823 1467 12679 2069 6788 1345 4990 471 11984 891 658 2233 405 2774 911 650 948 1953 6958 4361 8322 4804 1391 1915 5587 3571 7704 5237 7029 5992 1602 6898 5583 2095 5449 922 426
internal_value=-0.000278519 -0.000204149 0.000623428 -0.00131227 -0.00149397 0.00188921 -0.00291941 0.00609666 0.00576725 0.00109572 0.00128705 -0.00333797 0.0017611 -0.00378728 -0.0146608 0.000736139 -0.00348546 -0.00530399 -0.00378841 -0.00633117 -0.00925566 -0.0136313 0.000299401 -0.00553483 0.00860698 -0.00146089 -0.00251591 -0.00404898 -0.000289143 -0.000461389 -0.00056241 -0.00301331 0.000938124 -0.0057618 0.00410032 0.00204524 0.00230038 0.00153092 -0.000150195 0.0030518 0.00694632 0.00173882 -0.00757576 0.00230434
internal_weight=177726 176822 107711 42588 69111 65123 42156 8142 1932 20205 56981 40224 3255 36969 904 26955 22383 11783 9981 6150 4101 1802 3831 1598 5776 10600 22477 13312 9165 2049 20171 7656 12515 14492 7526 10600 36810 28045 13316 14729 3697 11032 3696 7324
internal_count=177726 176822 107711 42588 69111 65123 42156 8142 1932 20205 56981 40224 3255 36969 904 26955 22383 11783 9981 6150 4101 1802 3831 1598 5776 10600 22477 13312 9165 2049 20171 7656 12515 14492 7526 10600 36810 28045 13316 14729 3697 11032 3696 7324
cat_boundaries=0 7 9 12 14 21 24 26 28 30 37 38 40 42 49 51 58 59 61 63 70 72 79 81 83 90 92 99 106 108 115 116 118 120 122 123 130 137
cat_threshold=0 134287360 1024 268435456 67176448 68157444 1024 1689005582 44212224 270557379 277070208 92 3232170562 110542849 152051712 38012930 8667712 135274496 136 1076172816 67506256 2292205606 1073811525 4 2182184960 83886620 536873008 18884616 1075842056 10649600 376976 2150670336 532486 2181092416 822116356 4194304 4202505 138 771787956 4205632 3827966162 155748441 533040 0 0 2147615808 524304 65537 84025673 76284430 41943040 1130497 2 8388644 10490880 4 8 64 408 1024 2269184 1610615808 8192 2052 32768 262144 4194368 512 4194336 24577 9216 2228224 2324 8322 8667136 138416160 536871552 4194353 139328 135277721 150995456 134254004 150996048 536870912 2304 0 0 0 48 8192 2182152225 139725384 0 553648168 136314880 71303432 1049344 8 150995200 2183137537 92405761 4194336 31457329 151585 2181038121 32 705176752 2629700 285474816 2185232896 40960 33587464 1060864 1073807360 256 208 2181103744 5242956 1081408 67656193 1048576 67639808 36 262160 2147524608 8192 33558592 536870916 0 8193 10240 34880 0 0 0 262144 16801793
is_linear=0
shrinkage=0.05


Tree=66
num_leaves=45
num_cat=37
split_feature=2 5 0 0 1 1 2 5 0 4 1 0 3 0 10 5 0 0 0 2 0 3 0 0 2 2 0 2 2 3 0 0 0 3 3 1 0 3 1 0 10 0 5 0
split_gain=73.0908 68.5413 94.6909 81.4842 75.4372 65.8189 60.034 40.283 48.5473 38.3766 38.6824 47.8009 38.1496 34.8945 33.5454 33.6594 33.5204 33.071 31.6393 29.6083 103.429 39.9852 65.0323 45.4293 52.2593 29.4771 30.2288 30.7707 29.7784 29.7079 28.6728 27.7583 27.7066 34.1884 26.5735 26.2766 31.2076 27.3678 25.1391 26.8005 25.1097 29.4586 41.4508 24.4137
threshold=0 76.500000000000014 1 2 3 4 5 194.50000000000003 6 3.5000000000000004 7 8 9 10 17.500000000000004 27.500000000000004 11 12 13 14 15 16 17 18 19 20 21 22 23 24 25 26 27 28 29 30 31 32 33 34 18.500000000000004 35 190.50000000000003 36
decision_type=9 2 9 9 9 9 9 2 9 2 9 9 9 9 2 2 9 9 9 9 9 9 9 9 9 9 9 9 9 9 9 9 9 9 9 9 9 9 9 9 2 9 2 9
left_child=17 3 4 5 19 16 7 31 -9 10 11 34 18 -6 15 35 -2 -1 -7 20 -3 22 40 24 -23 43 27 -27 -28 -30 -16 -4 33 38 -5 -14 -37 -38 -12 -40 -21 42 -42 -8
right_child=1 2 6 9 13 12 25 8 -10 -11 32 -13 14 -15 30 -17 -18 -19 -20 21 -22 23 -24 -25 -26 26 28 -29 29 -31 -32 -33 -34 -35 -36 36 37 -39 39 -41 41 -43 -44 -45
leaf_value=-0.0021680139098358255 0.023981004605655512 -0.012874065192948668 0.0080492254856311014 -0.00043518401481559279 0.0052460843170042794 0.0089868886202521155 0.0055855503734053014 0.016041827274157084 0.0043312092206270192 -0.01298123374358875 0.013651592692098858 0.00060418379504553201 -0.0050317976880746964 -0.00012309633256090137 0.0027018502771736456 -0.0039735744377677826 0.0024794632911885328 -0.012328863395321349 -0.0041930141921504519 -0.004028975847932637 -0.00022561652149586387 -0.013823623339947501 -0.00077655196568355851 0.0030137250474321811 -0.00020247629816614321 -0.0083230012370726254 -0.0050189316181729398 -0.00096733501349695057 -0.0013074374699077241 0.0056949616239825862 -0.0038619602102932362 2.8360739146385262e-05 0.00016123572076457427 0.00025828192943722073 -0.0094800389334096184 -0.0045647484941238881 -0.0035237196741236877 -0.016112680319372474 -0.0061146708465512406 0.01021134720829453 0.00097367875840018723 -0.0068158240260202344 -0.0066622642632855862 0.0014513851947120793
leaf_weight=498 417 1302 3090 843 5136 1266 5838 2536 3242 1018 2800 3687 4122 14450 2493 12354 1299 747 1120 4165 1855 758 6435 5310 1594 2377 1682 4859 4439 6499 4600 4786 20597 4431 1851 1338 718 1840 881 1429 125 821 512 25566
leaf_count=498 417 1302 3090 843 5136 1266 5838 2536 3242 1018 2800 3687 4122 14450 2493 12354 1299 747 1120 4165 1855 758 6435 5310 1594 2377 1682 4859 4439 6499 4600 4786 20597 4431 1851 1338 718 1840 881 1429 125 821 512 25566
internal_value=-0.000286959 -0.000201427 0.000589046 -0.00142973 -0.00124667 -0.00330145 0.00178978 0.00473507 0.00790931 0.000145151 0.000412114 -0.00312158 -0.0038495 0.00103082 -0.00437671 -0.00540939 0.0061993 -0.0123108 0.00221202 -0.00319614 -0.00768866 -0.00247339 -0.00426748 0.000351929 -0.00541914 0.00100449 -0.000503373 -0.00307756 0.000973872 0.00192729 -0.00141689 0.00241239 0.00116094 0.00338708 -0.00817308 -0.00793215 -0.0108807 -0.0141355 0.00617188 0.00228448 -0.00819279 -0.0138546 -0.0218702 0.00195773
internal_weight=177726 176481 107377 69104 42463 31567 64914 13654 5778 37537 36519 6381 29851 19586 27465 20372 1716 1245 2386 22877 3157 19720 12058 7662 2352 51260 19856 7236 12620 10938 7093 7876 30138 9541 2694 8018 3896 2558 5110 2310 5623 1458 637 31404
internal_count=177726 176481 107377 69104 42463 31567 64914 13654 5778 37537 36519 6381 29851 19586 27465 20372 1716 1245 2386 22877 3157 19720 12058 7662 2352 51260 19856 7236 12620 10938 7093 7876 30138 9541 2694 8018 3896 2558 5110 2310 5623 1458 637 31404
cat_boundaries=0 7 9 11 14 17 24 26 29 31 32 34 36 38 40 47 49 50 52 54 60 67 69 76 83 84 86 88 90 91 92 95 97 98 101 103 104 106
cat_threshold=256 134287360 1024 272629760 67176448 68157572 1024 1689005582 44212224 169348540 23608916 270557379 277070208 94 2149580838 1073811526 4 152051712 38012930 8667712 168861696 136 1074075664 67502160 134349232 5774336 536955778 2199906 5 2223087617 9715720 138 1075841024 2260992 1050672 2107392 1680998480 88615513 134218932 4205632 5324800 2 8388646 144712704 128 4194304 393280 77604864 2269184 408 1612720130 8388608 9732 35782656 8209 1048576 262144 0 536887332 18 376976 2150670336 532484 2147505217 285245444 2153775104 4202505 2182152225 22282824 268435456 553648688 136314880 83886344 1053440 9 134283520 2149580801 629276929 4194338 77594672 8536097 33554442 65568 216 1049608 6299152 2315256256 206062144 2424834 9748480 418 336 168198144 268574752 66 33556904 16789524 68 172064 75497600 82 327680 262144 1073741824 2147549185 17825868
is_linear=0
shrinkage=0.05


Tree=67
num_leaves=45
num_cat=39
split_feature=2 5 0 0 2 2 2 2 2 0 8 0 8 3 0 3 0 0 1 3 0 2 2 2 2 10 0 0 1 3 0 1 0 0 0 2 6 2 0 2 1 0 2 0
split_gain=67.69 65.4718 97.8484 76.7614 81.0546 74.9648 61.5051 60.6523 49.3734 66.0981 46.8122 103.975 84.7033 110.595 101.411 113.657 87.4081 67.204 66.2852 55.5599 55.8498 51.9794 50.7346 46.2967 43.9769 40.9463 37.6108 36.8964 35.6732 35.0515 49.8648 33.0064 32.8044 32.6744 32.0906 32.0141 32.0055 31.9547 31.1998 30.677 30.4537 30.299 29.8618 29.0575
threshold=0 246.50000000000003 1 2 3 4 5 6 7 8 3.5000000000000004 9 7.5000000000000009 10 11 12 13 14 15 16 17 18 19 20 21 16.500000000000004 22 23 24 25 26 27 28 29 30 31 4.5000000000000009 32 33 34 35 36 37 38
decision_type=9 2 9 9 9 9 9 9 9 9 2 9 2 9 9 9 9 9 9 9 9 9 9 9 9 2 9 9 9 9 9 9 9 9 9 9 2 9 9 9 9 9 9 9
left_child=32 3 7 4 27 41 26 -3 -7 28 11 39 13 16 15 18 -12 35 -14 -17 37 34 -18 -16 -6 29 -5 -2 -10 30 -26 -22 -1 -27 -13 -15 -25 -21 -20 -8 -19 -4 -11 -41
right_child=1 2 5 6 24 8 10 -9 9 42 12 21 14 17 23 19 22 40 38 20 31 -23 -24 36 25 33 -28 -29 -30 -31 -32 -33 -34 -35 -36 -37 -38 -39 -40 43 -42 -43 -44 -45
leaf_value=-0.0034213184614032889 -0.013104867678116434 0.0060084347179985903 0.0059220761521543604 -0.0091680870204405296 0.0063380424709666818 0.0058478644909188754 -0.0013646638727433935 -0.0015185173949369567 0.0010931377588005997 -0.0036406213684945926 0.011266612055112668 -0.011165582197686092 0.025686712955392623 -0.009839207151493147 -0.0021022270505020534 -0.0072692729623603626 0.014570660623388649 -0.002536171873869464 0.015241168956041919 -0.0027688575197786116 -0.010075144461560838 -0.0014589815995701028 0.0018095022596883671 0.0057442773016384563 -0.0080501649356793832 -0.0034001440425926567 -0.00076270308300326886 -0.0046708830766792773 -0.012654184884787046 -0.0039397744558393732 0.0084531706445559306 -0.0029652889870510849 -0.013654702578427333 0.0018750404618892325 -0.0070785839510537525 -0.0041620885363426452 -0.00031308390198775404 0.0049185394438993058 -0.0091744935520516272 0.0016020686225983961 0.0077451968040108624 0.015698624229755521 0.0060165719260971591 0.01289423780598139
leaf_weight=427 1593 3427 1780 1512 1216 8271 2384 20118 726 1710 6530 1219 895 896 4208 5685 1142 2158 543 3209 3021 5733 11867 10283 771 4867 1647 1877 1541 25109 1689 2406 560 8999 3551 2641 3693 2987 822 1925 2764 2863 4485 1976
leaf_count=427 1593 3427 1780 1512 1216 8271 2384 20118 726 1710 6530 1219 895 896 4208 5685 1142 2158 543 3209 3021 5733 11867 10283 771 4867 1647 1877 1541 25109 1689 2406 560 8999 3551 2641 3693 2987 822 1925 2764 2863 4485 1976
internal_value=-0.000298212 -0.000224895 0.00142361 -0.000786691 -0.00243112 0.00387169 9.85917e-05 -0.000800255 0.00230843 -0.000377715 0.000361002 -0.00199547 0.000962738 0.00304665 -0.000582751 -0.00307999 0.00511279 -0.00172984 0.00744493 -0.00445779 -0.00247142 -0.00503662 0.00273831 0.00210509 -0.00183188 -0.00210761 -0.00673714 -0.00977011 -0.00766359 -0.00322282 0.00246964 -0.00617068 -0.0132899 0.000108178 -0.00889121 -0.00697773 0.0034892 0.000773445 0.000472727 0.00308975 0.00204785 0.0094885 0.00229654 0.00581693
internal_weight=177726 176739 44921 131818 46121 21376 85697 23545 16733 8462 82538 16788 65750 27998 37752 19568 19539 8459 2260 17308 11623 10503 13009 18184 42651 41435 3159 3470 2267 27569 2460 5427 987 13866 4770 3537 13976 6196 1365 6285 4922 4643 6195 3901
internal_count=177726 176739 44921 131818 46121 21376 85697 23545 16733 8462 82538 16788 65750 27998 37752 19568 19539 8459 2260 17308 11623 10503 13009 18184 42651 41435 3159 3470 2267 27569 2460 5427 987 13866 4770 3537 13976 6196 1365 6285 4922 4643 6195 3901
cat_boundaries=0 7 9 11 18 24 31 38 45 47 49 50 52 53 55 57 60 61 63 70 77 84 91 93 95 98 99 101 104 106 108 110 117 124 126 133 136 138 145 147
cat_threshold=256 134287360 1024 268435456 67176448 68157444 1024 1622519306 61253121 235417381 39860304 3506700289 8388680 6324514 14684169 16790304 1077936130 134234112 1417217 4491266 8388608 34918400 402784512 1074004017 2684436497 3549830 136839936 8192 135172 1075839016 278560 1073741824 71712904 6826496 38928472 268440322 2149584896 2088 2686468240 537928452 4456450 151127040 32772 2164744 4481089 34078832 4194304 2293960 226525193 52 538050778 209748489 386 1074790466 228098560 2148597826 227279372 38207488 1073741824 74 16 1179666 513 1074013216 16 4194304 33722368 288 2147745810 8257 1074790408 0 0 4194368 16777728 2147483649 8192 1074794496 25166080 4227072 37782792 26214944 4456450 133440 527904 100698658 134217728 240 269762580 2048 16908288 1610907784 25560077 33563172 6208 4030730240 1075838976 84 138 134227969 35651584 276005184 67207200 69 2753701072 218671192 534532 33564672 1082130432 1573376 8200 0 0 2148532288 256 0 83894592 0 0 32768 46546944 557824 262146 8201 536871048 142606337 1074008064 80 32768 33686528 524544 262160 2377 35029312 1145110662 10 100663557 67649620 33556484 16908328 24612 4194745 546321058 33554432 16908288 128 209715201
is_linear=0
shrinkage=0.05


Tree=68
num_leaves=45
num_cat=40
split_feature=2 8 0 8 0 3 0 3 0 2 0 3 0 2 2 2 1 1 0 3 3 1 0 6 0 0 2 1 2 0 2 2 2 8 0 3 0 0 0 2 2 3 0 0
split_gain=65.1802 58.6833 210.111 124.832 166.439 176.907 133.975 119.865 132.846 105.548 89.116 91.381 160.271 81.0424 78.3849 71.5194 68.7601 65.2233 63.1753 62.8476 58.2743 56.0992 55.9418 53.9325 59.6698 50.0652 82.4378 60.0762 45.7487 41.5658 45.2887 41.3303 41.1664 39.8815 39.2149 39.1981 44.8985 40.8772 38.6508 87.1631 44.0059 37.247 58.5361 37.2087
threshold=0 3.5000000000000004 1 7.5000000000000009 2 3 4 5 6 7 8 9 10 11 12 13 14 15 16 17 18 19 20 4.5000000000000009 21 22 23 24 25 26 27 28 29 10.500000000000002 30 31 32 33 34 35 36 37 38 39
decision_type=9 2 9 2 9 9 9 9 9 9 9 9 9 9 9 9 9 9 9 9 9 9 9 2 9 9 9 9 9 9 9 9 9 2 9 9 9 9 9 9 9 9 9 9
left_child=-1 2 28 6 5 16 7 8 -3 18 13 12 21 -6 -13 34 -5 -9 20 -7 -4 23 32 24 -12 26 -16 -27 -2 30 -17 -14 -19 -18 -8 37 -37 -11 39 -10 -40 42 -31 -33
right_child=1 3 9 4 10 19 15 17 38 35 11 14 31 -15 25 29 33 22 -20 -21 -22 -23 -24 -25 -26 27 -28 -29 -30 41 -32 43 -34 -35 -36 36 -38 -39 40 -41 -42 -43 -44 -45
leaf_value=-0.010759169980046333 0.0092873949729377469 0.026952299991828008 -0.012355981216773605 -0.0052704572334796342 -0.0067768384837754774 -0.010976915692200545 0.0022938390229093552 -0.0031190809651162835 -0.005687719332132574 -0.0092610791773626976 -0.0067270670463620902 -0.0091001284495786823 -0.0021770560172428956 0.0038669630076930694 0.012220591477102971 0.0039145582823731321 0.0038907188499403889 -0.0052060054135552453 -0.0068150603559750562 -0.0066740210956948431 -0.0088482053023234263 0.013187155345530877 0.0037426554436704065 0.00090297656082108943 0.0020309836543435655 -0.0028536378313178097 0.00096862345972892339 0.0023914407728151455 0.0009870836744024559 0.015367717535591558 -0.0048280106928517592 -0.0036725071027443271 0.0031939584196326865 0.030357754097739643 -0.0082750453705040198 -0.0072959784077913266 0.0053453650196996112 -0.0013075218929204492 0.022217167972966318 0.011447344574729358 0.0078879182630903211 0.00012988852745215995 0.0025984254075474391 -0.010834650586579959
leaf_weight=586 2869 2406 1412 1174 1423 4819 856 1691 1888 2348 281 2325 2696 19773 3011 1890 955 1372 5899 4916 1391 1597 12443 710 305 11820 7511 9708 13719 1084 5175 3119 1234 871 3073 1686 3382 4455 1886 2717 4221 11447 4915 4667
leaf_count=586 2869 2406 1412 1174 1423 4819 856 1691 1888 2348 281 2325 2696 19773 3011 1890 955 1372 5899 4916 1391 1597 12443 710 305 11820 7511 9708 13719 1084 5175 3119 1234 871 3073 1686 3382 4455 1886 2717 4221 11447 4915 4667
internal_value=-0.000271204 -0.000215636 -0.00198192 0.000253252 -0.00100819 -0.00625736 0.00202065 0.00435918 0.00793723 -0.00535636 -3.77052e-05 -0.00123534 -0.00474038 0.00265962 0.000129417 -0.000435852 0.00435216 0.00155224 -0.00953857 -0.00952796 -0.0157305 0.00566655 0.00259977 -0.00206738 -0.0133106 0.00077355 0.00359856 -0.000608227 0.00220508 0.0005689 -0.00266431 -0.00761533 -0.00405199 0.0104031 -0.00668952 -0.00228516 0.00104372 -0.00476295 0.00554001 0.00206934 0.00814942 0.00187901 0.0050674 -0.00946639
internal_weight=177726 177140 37161 139979 81681 12735 58298 29858 13118 20573 68946 47750 13375 21196 34375 28440 3000 16740 8702 9735 2803 2893 15049 1296 586 32050 10522 21528 16588 24511 7065 10482 2606 1826 3929 11871 5068 6803 10712 4605 6107 17446 5999 7786
internal_count=177726 177140 37161 139979 81681 12735 58298 29858 13118 20573 68946 47750 13375 21196 34375 28440 3000 16740 8702 9735 2803 2893 15049 1296 586 32050 10522 21528 16588 24511 7065 10482 2606 1826 3929 11871 5068 6803 10712 4605 6107 17446 5999 7786
cat_boundaries=0 6 8 10 11 13 14 16 23 25 26 28 35 42 49 52 55 57 58 59 62 64 65 67 74 77 84 86 93 100 107 109 110 112 114 116 123 130 131 133 135
cat_threshold=4194304 134287360 1024 268435456 67176448 68157440 2149778172 197167129 536871436 8431616 450 3761637586 211324417 36 1048578 68159488 536947713 603990122 4194304 168096 143360 1074006040 9281 2155971584 35411012 18 1140859136 16908288 2113536 16778120 136314912 4194569 25348 4194304 134218752 536940548 6422530 134504484 155197568 680018560 2147483658 524352 2416017665 37748768 262438 157417489 553656356 2162688 134219040 573845603 1216380930 19 671355152 6357125 10 1083190274 1052672 20 24 4228 8454160 2 1074790402 135266304 1073741824 136445969 4194832 1329176 51383072 2097152 9572353 286261248 1078003712 83910656 16232905 67305472 68 2164268 541065746 4202496 263192 16785408 1075841033 67117376 8455436 52432896 4116 2128 8192 33559808 8442112 2147485730 67266624 262156 33312 0 53504 135266320 2147811376 9280 4 0 0 33701888 16777216 32 65 66057 16797760 284 134742016 3031104 41987073 13888 2684487680 33793 352256 1048576 0 18120776 17152 4194312 67109120 538009624 1048584 4227072 139460608 804 0 67109888 88 513 131080 33816768 203424265
is_linear=0
shrinkage=0.05


Tree=69
num_leaves=45
num_cat=36
split_feature=5 0 3 0 1 0 8 0 0 8 10 1 0 8 1 0 0 1 0 8 0 1 8 0 1 1 0 1 1 3 8 1 3 0 0 1 0 3 1 3 0 1 0 1
split_gain=62.1371 55.1217 54.4004 73.1995 51.2315 62.4523 51.4056 95.2774 54.5801 47.814 42.7177 40.7442 42.1659 39.5253 37.1491 38.2633 36.3321 35.5484 34.9756 33.8171 32.6397 31.1106 30.3086 36.3511 31.6882 29.6794 29.3267 32.1138 28.6182 28.0828 30.5607 27.5987 27.1836 41.7724 27.3352 31.6486 37.7717 31.0426 27.0995 26.4724 32.4189 49.6764 28.1622 30.3797
threshold=400.50000000000006 0 1 2 3 4 3.5000000000000004 5 6 8.5000000000000018 15.500000000000002 7 8 7.5000000000000009 9 10 11 12 13 11.500000000000002 14 15 7.5000000000000009 16 17 18 19 20 21 22 6.5000000000000009 23 24 25 26 27 28 29 30 31 32 33 34 35
decision_type=2 9 9 9 9 9 2 9 9 2 2 9 9 2 9 9 9 9 9 2 9 9 2 9 9 9 9 9 9 9 2 9 9 9 9 9 9 9 9 9 9 9 9 9
left_child=1 10 3 22 5 -4 7 25 9 29 14 12 -12 26 15 -1 17 -13 31 28 -21 -18 23 -3 -24 -6 27 -5 -15 30 -8 -2 33 -16 -34 36 37 -36 -31 40 41 -20 43 -41
right_child=18 2 4 13 6 -7 8 -9 -10 -11 11 16 -14 19 32 -17 21 -19 39 20 -22 -23 24 -25 -26 -27 -28 -29 -30 38 -32 -33 34 -35 35 -37 -38 -39 -40 42 -42 -43 -44 -45
leaf_value=-0.0055471976832771053 0.011237825587209939 0.018570610552142375 -0.0064265514991730778 -0.002160508647630155 -0.0081301605875372506 -0.00038622397315115633 0.0087697861800917626 0.00071952452456888196 0.0012326644463276249 -0.0066228205311090532 -0.014941960995762943 -0.0050815045468100232 -0.00096770541147534481 -0.0083350128209727873 0.0097329290666979106 0.0022074236266013182 -0.0026396919661931615 0.0032388323418685028 -0.016753917738613153 0.01549042802782663 -0.0017805540171835776 0.0014117874022828714 -0.004307272861565581 0.0075584456412496788 0.0056003746411638633 -0.0016793982569616396 -0.00017135462082149556 0.015359499958045954 -0.00067457439342966672 0.0092106909375152309 -0.0038398369982482472 0.0029522708496988129 -0.0016741148036701183 -0.0031936182618695023 0.0048665175306698508 -0.0046568342158574477 -0.0046901258191360514 -0.01867687288017315 -0.0069686584622472569 -0.0093384781209183264 0.01047302211785886 0.0048686700197678179 0.0025774753216274929 -0.0009291890906620526
leaf_weight=2235 2951 1531 4690 812 3543 6135 1182 6742 38997 3328 712 1470 962 3608 928 5516 6212 9649 274 511 723 5161 1646 5095 4806 1190 6152 2434 3088 356 899 2792 9857 1244 106 17085 1044 560 1477 1001 2238 943 3140 2701
leaf_count=2235 2951 1531 4690 812 3543 6135 1182 6742 38997 3328 712 1470 962 3608 928 5516 6212 9649 274 511 723 5161 1646 5095 4806 1190 6152 2434 3088 356 899 2792 9857 1244 106 17085 1044 560 1477 1001 2238 943 3140 2701
internal_value=-0.000293711 -0.000588177 0.000147037 0.00190689 -0.000633853 -0.00378865 -4.15772e-05 -0.00303704 0.000701789 -0.00328185 -0.00174738 -9.93131e-05 -0.00760095 -0.000224939 -0.0027803 0.000315681 0.000462181 0.00249349 0.00267456 -0.00282472 0.0047812 -0.0015242 0.00472952 0.00710836 0.00229386 -0.00846511 0.0019685 0.00580467 -0.0042264 0.000459888 0.00442372 0.00579698 -0.00355776 0.00183318 -0.00396692 -0.00508641 -0.0115698 -0.020858 -0.00404232 0.000926555 0.00448773 -0.00207824 -0.000875657 -0.00382543
internal_weight=177726 161686 98945 30406 68539 10825 57714 11475 46239 7242 62741 24166 1674 17328 38575 7751 22492 11119 16040 7930 1234 11373 13078 6626 6452 4733 9398 3246 6696 3914 2081 5743 30824 2172 28652 18795 1710 666 1833 10297 3455 1217 6842 3702
internal_count=177726 161686 98945 30406 68539 10825 57714 11475 46239 7242 62741 24166 1674 17328 38575 7751 22492 11119 16040 7930 1234 11373 13078 6626 6452 4733 9398 3246 6696 3914 2081 5743 30824 2172 28652 18795 1710 666 1833 10297 3455 1217 6842 3702
cat_boundaries=0 2 3 5 8 10 12 14 16 18 21 23 25 28 30 32 35 37 39 41 43 45 48 49 52 53 55 57 59 61 62 65 66 68 70 72 74
cat_threshold=773336869 39987216 34 1075937354 93864964 1887713793 1344275650 6 3229712394 210797068 1082556416 18372160 2097226 25165824 545275904 136380448 100672001 4325392 613441588 404873318 22 10752 37756928 202376737 4325392 131200 1077944332 1 235012581 1104984 2147745920 134479936 37003595 339775616 94 2 84934656 272695299 71303312 33784142 75530496 131200 134251008 2685403139 71368962 2986377219 201408534 65 20 541524160 1346437392 6 138 604504100 4204544 571484672 33554432 3221226377 272 67110148 2228224 16 4194336 138444800 80 164 2157981192 19529732 32896 1073807620 1613832218 214180352 33554432 8486960
is_linear=0
shrinkage=0.05


Tree=70
num_leaves=45
num_cat=32
split_feature=2 5 0 0 2 2 0 2 5 0 3 0 0 0 3 0 6 0 5 0 2 0 0 2 2 2 8 0 2 0 2 3 2 10 0 5 8 2 3 10 0 6 8 5
split_gain=61.9901 59.0322 76.0367 69.0982 61.2056 50.779 81.4385 53.885 48.9567 41.4835 38.9716 67.4762 49.5074 37.5216 37.4896 38.4876 35.668 38.9338 31.6556 30.7051 30.6595 30.2544 28.1698 41.0503 32.4761 27.921 27.9097 32.571 31.3518 26.4551 25.3417 25.2511 26.7434 24.4267 37.7927 48.5034 27.9684 24.0982 23.3799 23.3543 26.4391 28.532 64.8197 37.3
threshold=0 76.500000000000014 1 2 3 4 5 6 1.0000000180025095e-35 7 8 9 10 11 12 13 3.5000000000000004 14 196.50000000000003 15 16 17 18 19 20 21 9.5000000000000018 22 23 24 25 26 27 18.500000000000004 28 188.50000000000003 5.5000000000000009 29 30 8.5000000000000018 31 4.5000000000000009 9.5000000000000018 305.50000000000006
decision_type=9 2 9 9 9 9 9 9 2 9 9 9 9 9 9 9 2 9 2 9 9 9 9 9 9 9 2 9 9 9 9 9 9 2 9 2 2 9 9 2 9 2 2 2
left_child=13 3 5 25 18 6 -3 10 9 -5 11 30 -12 -1 15 -10 22 26 -4 -20 -6 -9 23 -16 -24 29 28 -28 -18 38 -7 -26 -33 39 35 36 -35 -23 -2 -13 -41 -42 -43 -44
right_child=1 2 4 8 20 7 -8 21 14 -11 12 33 -14 -15 16 -17 17 -19 19 -21 -22 37 24 -25 31 -27 27 -29 -30 -31 -32 32 -34 34 -36 -37 -38 -39 -40 40 41 42 43 -45
leaf_value=-0.0020038874298009212 0.016373181932744597 -0.010366720526845064 0.0028673242223225537 0.023189150730317156 -0.0039647426070641206 0.0057823718648211571 -0.00059424002380394645 0.0046488405600881083 0.0079971873825197218 0.0010483471585966131 -0.0058880064731054397 -0.010174675030241699 0.0037650249679390458 -0.01304436655388091 -0.011968751300124364 -0.0044528220689965536 -0.0048735751368490683 -0.0029543280126441726 0.016477868132232711 0.0064008988038077533 0.0015304676281248598 -0.00047484329822406471 0.0081710706488017596 -0.006474080293507334 -0.0049257959515468302 -0.0015827449223973389 0.0046153585105348288 -0.0073973196643652879 0.0040901938605285241 0.00076182426437155788 -0.0017428742479078331 -0.011489068957455007 0.00055230747316201698 0.0053274594204084985 -0.00496419938603116 -0.0059842228772607475 -0.00065631265493788511 0.0033806754913441039 0.0013809387984817401 -0.0088820948470686254 -0.0029001549392325635 -0.001327586012714438 -0.0072218411855113187 0.0023614886644287934
leaf_weight=579 1340 2147 4801 452 2449 1711 3846 6043 1810 1488 2116 1275 4916 636 525 1289 700 8450 1742 2412 47606 13332 503 8143 6695 9911 637 1347 3279 15969 2815 757 4527 68 1201 683 96 3200 1276 1772 2184 674 83 241
leaf_count=579 1340 2147 4801 452 2449 1711 3846 6043 1810 1488 2116 1275 4916 636 525 1289 700 8450 1742 2412 47606 13332 503 8143 6695 9911 637 1347 3279 15969 2815 757 4527 68 1201 683 96 3200 1276 1772 2184 674 83 241
internal_value=-0.000260513 -0.000182698 0.000550678 -0.00132276 0.00175534 -0.000918142 -0.00522239 -0.000308817 -0.002647 0.00510309 -0.00220962 -0.00385156 0.000781028 -0.0114694 -0.00303657 0.00223545 -0.00349563 -0.00157844 0.00556051 0.00876264 0.0010736 0.00136152 -0.00480378 -0.0069947 -0.0032741 0.000564793 0.00151515 -0.00332661 0.00393315 0.00170745 0.0010582 -0.00379932 -0.00120892 -0.00653433 -0.0112793 -0.0193116 0.00487805 0.000253899 0.00635948 -0.00498475 -0.00343157 -0.000689223 0.00631263 0.0246914
internal_weight=177726 176511 107413 69098 59010 48403 5993 42410 40602 1940 19835 12803 7032 1215 38662 3099 35563 14413 8955 4154 50055 22575 21150 8668 12482 28496 5963 1984 3979 18585 4526 11979 5284 8277 2048 847 164 16532 2616 6229 4954 3182 998 324
internal_count=177726 176511 107413 69098 59010 48403 5993 42410 40602 1940 19835 12803 7032 1215 38662 3099 35563 14413 8955 4154 50055 22575 21150 8668 12482 28496 5963 1984 3979 18585 4526 11979 5284 8277 2048 847 164 16532 2616 6229 4954 3182 998 324
cat_boundaries=0 7 9 11 18 25 27 34 36 37 39 41 43 44 46 48 50 57 59 61 68 75 82 84 91 93 100 101 108 109 116 117 118
cat_threshold=2151678208 134287360 1028 270532608 67176448 68157568 1152 1690054190 60989440 3232178754 110542849 286269440 2187594242 9191936 168828928 0 1073813520 393232 269598720 2166374914 8667426 209724416 536875008 1078067224 393280 75768832 172032 536881300 34613328 2129920 20975912 34603172 33 90369 134220080 2107392 408 75499044 35823616 11812 35651584 607781744 222857289 138 738231476 4729920 101221385 23071308 134349072 5262336 35651713 562167937 136314880 4194328 41964067 33554441 4259872 1075842056 16809984 235406368 6826052 0 0 0 0 16777472 0 10240 16777216 0 0 0 16777216 2147483649 8448 860720 0 0 2148680704 16 65537 84549961 1 18874892 0 0 0 1179648 16777472 2147811328 8192 2097154 9437184 536873088 10256 0 264 1048608 32 8192 84 8192 0 0 294912 256 0 16910344 1073741832 1073741825 416 532480 2181447873 8446720 33818626 201328648 290 538978306
is_linear=0
shrinkage=0.05


Tree=71
num_leaves=45
num_cat=38
split_feature=2 5 0 2 2 0 2 0 8 0 8 3 0 3 0 0 2 2 2 2 2 0 2 1 0 0 2 2 1 2 0 10 2 8 3 0 0 1 7 0 2 0 0 3
split_gain=56.8043 54.0541 82.6271 63.9197 55.7342 54.5394 54.2584 47.7504 45.1728 85.3969 67.9987 86.2398 78.5345 118.58 78.4965 63.2471 55.7114 49.1797 42.1611 40.5929 40.0833 56.23 38.7438 37.4927 36.9054 36.3677 35.4045 34.6415 34.2795 33.9583 32.0625 31.8954 31.5389 37.6121 30.5583 44.9399 32.8341 38.2631 29.536 34.9799 29.4216 46.0948 29.3902 29.1307
threshold=0 246.50000000000003 1 2 3 4 5 6 3.5000000000000004 7 7.5000000000000009 8 9 10 11 12 13 14 15 16 17 18 19 20 21 22 23 24 25 26 27 16.500000000000004 28 7.5000000000000009 29 30 31 32 1.0000000180025095e-35 33 34 35 36 37
decision_type=9 2 9 9 9 9 9 9 2 9 2 9 9 9 9 9 9 9 9 9 9 9 9 9 9 9 9 9 9 9 9 2 9 2 9 9 9 9 2 9 9 9 9 9
left_child=-1 4 6 25 7 19 -3 -2 9 22 11 14 13 16 -10 27 -12 34 -16 30 -5 32 -7 -15 -25 -4 -8 -13 -17 -21 -6 43 33 -22 35 -14 37 -36 39 -19 41 -11 -33 -31
right_child=1 2 3 20 5 8 26 -9 10 40 12 15 17 23 18 28 -18 38 -20 29 21 -23 -24 24 -26 -27 -28 -29 -30 31 -32 42 -34 -35 36 -37 -38 -39 -40 -41 -42 -43 -44 -45
leaf_value=-0.0086792287434953874 -0.010436451564133128 0.0059744543068976147 0.0028369950267327915 0.0055923148971950502 -0.00059114635643862663 -0.0074757909392027151 0.00069504344675216934 -0.0019849842686119642 0.0098699364636884897 2.1194620039932667e-05 -0.0013135732000805755 -0.0088626264018921708 -0.020863555176456074 -0.0057037279261273671 0.015823451422062519 -0.0022991590031864462 0.021165099039921854 0.010875125834447098 0.00128943587653525 0.0076446658776591295 -0.0055048683622456133 0.0023173854435566995 -0.0012537250087195863 -0.010531240916623176 0.00096065147999417351 0.014263994588623624 -0.0023587358202035338 -0.0043895384436715371 0.0080776134824282319 0.002932590361107934 -0.010315894618100336 0.0028217644487323113 -0.0017942925823091539 -0.0183815498141504 -0.00090718287527750139 -0.0034289031873085407 -0.0021458341742894627 0.037289403481482034 -0.00056745210955254648 0.0030575027867436599 -0.00063470375397848839 0.016158232040921528 -0.0018533935478118131 -0.0035496814691794946
leaf_weight=989 1072 2999 1800 7808 1132 5128 8936 2366 7539 1738 777 697 426 11521 627 2465 1243 3235 11905 1073 519 6062 4615 523 4208 3342 12039 2850 2600 2311 1737 5408 1027 397 474 1896 2539 438 3972 7716 4386 1465 7882 23844
leaf_count=989 1072 2999 1800 7808 1132 5128 8936 2366 7539 1738 777 697 426 11521 627 2465 1243 3235 11905 1073 519 6062 4615 523 4208 3342 12039 2850 2600 2311 1737 5408 1027 397 474 1896 2539 438 3972 7716 4386 1465 7882 23844
internal_value=-0.000272892 -0.000205661 0.00129204 0.00358455 -0.000716193 -0.000547593 -0.000712975 -0.00698956 0.000188839 -0.00208862 0.000772346 0.00262002 -0.000587662 -0.0029756 0.00441462 -0.00156576 0.00842365 0.0015213 0.00198533 -0.00198977 0.00200657 -0.000480349 -0.00518302 -0.00439675 -0.000643324 0.00842391 -0.00161306 -0.00667697 0.0020197 -0.00158162 -0.00772838 -0.00182106 -0.0078597 -0.0145788 -0.00239495 -0.00681818 0.000592314 0.00867679 0.0030369 0.0043786 0.00188841 0.00552443 0.000173062 -0.00283502
internal_weight=177726 176737 44929 20955 131808 128370 23974 3438 84983 17332 67651 28683 38968 18272 20071 8612 2020 20696 12532 43387 15813 8005 9743 16252 4731 5142 20975 3547 5065 40518 2869 39445 1943 916 5773 2322 3451 912 14923 10951 7589 3203 13290 26155
internal_count=177726 176737 44929 20955 131808 128370 23974 3438 84983 17332 67651 28683 38968 18272 20071 8612 2020 20696 12532 43387 15813 8005 9743 16252 4731 5142 20975 3547 5065 40518 2869 39445 1943 916 5773 2322 3451 912 14923 10951 7589 3203 13290 26155
cat_boundaries=0 7 9 16 23 25 32 34 36 37 39 40 42 44 51 58 65 72 79 81 88 91 93 95 102 109 112 119 121 128 129 131 133 136 138 145 147 149 150
cat_threshold=256 134287360 1024 268435456 67176448 68157568 1024 1622519306 61769217 1433601 4229638 8388608 34918400 402817284 264217 262144 2151792641 2121865 6816516 4198408 4128 1073741860 278560 235417381 39860240 1073741824 73662600 6826496 38797392 285217536 2149847040 2152 537143172 33956436 1620344850 1983044 52 537919706 209748489 386 3224371266 228098560 2148597824 228327948 17051648 32 0 1048576 403177728 4194304 10241 1611665424 25168640 134250496 33596672 26477316 262145 657728 1611661336 16 0 0 0 2147483648 8192 1361313792 2172649536 32802 2097153 25174784 4194307 134217728 2703228944 34873600 138674434 142737416 0 1075904546 71327809 33554544 4194304 536871996 1050688 0 35029056 256 2147745810 8193 309764450 79724610 68 0 8421376 67109189 67133460 538189844 9584736 295168 2147665065 142639234 1073741856 16384 8200 2048 0 1048640 256 2147483648 83894592 576098624 1078132868 2 525856 100698658 134217728 112 1310740 2048 16908352 11520 39854096 1342177280 10485840 0 2147483648 16794112 0 134219776 390 2147483648 393216 2097152 17694720 272629760 65668 4 10485760 1441856 1032 32 32768 2148794432 17833988 2147483651 67117056 2147483776 201327617 134219265 6295568 138
is_linear=0
shrinkage=0.05


Tree=72
num_leaves=45
num_cat=32
split_feature=6 6 0 2 2 0 2 2 0 2 2 2 0 2 0 5 8 0 2 10 0 10 2 0 5 2 0 0 2 0 2 5 3 0 3 4 10 0 0 0 1 8 10 0
split_gain=59.3978 84.7435 66.4891 63.3616 62.6766 54.5817 48.4963 45.0132 44.1729 49.8986 41.4094 41.3619 39.5856 39.2329 36.6054 29.9153 44.4695 38.371 33.3158 31.1478 30.4568 29.8443 34.315 42.8966 29.3573 35.995 35.6978 32.5296 29.1916 28.1947 34.0267 27.9635 27.1097 42.1895 26.7214 25.857 42.2224 46.7927 30.4474 25.2766 27.8543 25.4958 25.1991 25.044
threshold=2.5000000000000004 5.5000000000000009 0 1 2 3 4 5 6 7 8 9 10 11 12 31.500000000000004 7.5000000000000009 13 14 16.500000000000004 15 9.5000000000000018 16 17 75.500000000000014 18 19 20 21 22 23 601.50000000000011 24 25 26 2.5000000000000004 18.500000000000004 27 28 29 30 3.5000000000000004 18.500000000000004 31
decision_type=2 2 9 9 9 9 9 9 9 9 9 9 9 9 9 2 2 9 9 2 9 2 9 9 2 9 9 9 9 9 9 2 9 9 9 2 2 9 9 9 9 2 2 9
left_child=2 5 4 12 32 11 14 -5 13 -10 -6 -2 -4 -3 -7 16 17 19 29 -13 -20 22 23 -9 27 26 -26 -23 -8 30 -17 -11 33 -1 -19 36 -31 -38 -37 -24 -41 -42 -33 -27
right_child=1 8 3 7 10 6 28 21 9 31 -12 15 -14 -15 -16 18 -18 34 20 -21 -22 24 39 -25 25 43 -28 -29 -30 35 -32 42 -34 -35 -36 38 37 -39 -40 40 41 -43 -44 -45
leaf_value=0.01243476890380037 -0.0059636769019457969 -0.0060173960678290873 -0.0011820104524378483 -0.0094608313257590615 -0.011687455633394557 0.0021723742697785267 -0.0027823697820059004 -0.018119146678958444 -0.012928658112865069 -0.00021678415842133481 0.00018742991904465713 0.0011232074217470745 0.011039741828198672 0.00063964608601141393 0.012442032319286462 -0.00091142969851321087 -0.0056773242124184336 0.0082220446676964983 0.0046623447296824886 0.017900909138961901 0.00022102349152279823 -0.0068682355466352435 -0.0062436650982723337 -0.0042483143613255394 0.00064408726549423099 -0.0013467130304986919 -0.0090196135564307063 -0.0021307789949791323 0.0022388930451008484 0.00029823635276234051 -0.0093876199623065051 0.012768212939502661 0.010727752836004285 -0.011321337664057664 -0.0059216795900871588 0.01016330517712194 -0.0041580919004750253 0.0028158310755160842 -0.00063759665957648375 0.014979667481154875 -0.012335412211339547 6.4888649029593015e-05 -0.0070959382816132123 0.0022265860659104022
leaf_weight=296 2158 5616 1190 784 928 2086 1484 1404 678 12749 15481 851 1534 2009 2228 885 2863 122 7457 528 9275 5043 4666 1833 1785 11363 2534 11020 35796 4480 694 246 4606 429 1709 1099 729 467 1274 546 871 3567 51 10312
leaf_count=296 2158 5616 1190 784 928 2086 1484 1404 678 12749 15481 851 1534 2009 2228 885 2863 122 7457 528 9275 5043 4666 1833 1785 11363 2534 11020 35796 4480 694 246 4606 429 1709 1099 729 467 1274 546 871 3567 51 10312
internal_value=-0.000281332 0.000547501 -0.00128941 -0.00216722 0.00107126 0.00132769 0.00254783 -0.00253149 -0.00223664 -0.000538809 -0.000459833 -0.000140169 0.00526701 -0.00528487 0.00756244 0.000306692 -0.00285691 0.0011838 0.00103566 0.0074514 0.00238323 -0.00236016 -0.00446574 -0.00891592 -0.00171553 -0.000677079 -0.00483945 -0.003396 0.00196567 -0.00130733 -0.00739459 0.000153186 0.00577607 -0.00319728 -0.00355785 -0.000105472 -0.00193798 -0.0102843 0.00427729 -0.00296066 -0.000480577 -0.00179856 0.0153199 0.000154485
internal_weight=177726 97534 80192 58452 21740 76185 41594 55728 21349 13724 16409 34591 2724 7625 4314 32433 6073 3210 26360 1379 16732 54944 12887 3237 42057 25994 4319 16063 37280 9628 1579 13046 5331 725 1831 8049 5676 1196 2373 9650 4984 4438 297 21675
internal_count=177726 97534 80192 58452 21740 76185 41594 55728 21349 13724 16409 34591 2724 7625 4314 32433 6073 3210 26360 1379 16732 54944 12887 3237 42057 25994 4319 16063 37280 9628 1579 13046 5331 725 1831 8049 5676 1196 2373 9650 4984 4438 297 21675
cat_boundaries=0 2 9 16 18 25 32 34 41 48 55 57 64 66 68 75 77 84 86 93 95 97 104 106 113 114 116 117 119 121 123 126 128
cat_threshold=2158166464 202686528 35127329 33857676 278594 161 268599440 2149847041 155189248 270533676 38799364 4202532 1048769 9437184 329763 67633161 1788355886 143042628 32920 88080616 8404992 10485768 554590992 4196352 393248 2147485056 203423744 8388608 69206016 18944 0 394240 2304948 103416320 1073741824 2147492608 32800 17039368 134228516 1077936128 16778496 17074177 754974872 2097408 134221864 268605984 4194312 134217728 1362133249 33554572 4464676 12584192 18352256 1075906560 16778240 1074539010 56764940 536879124 135266320 32768 2160246792 563104000 2151940114 155657 2147910272 101733904 1107296558 142641152 536895504 145762912 8388608 2101257 142606592 27 134217737 1242047488 163908 18452 25165920 0 5636360 134222084 4194320 320 1175465477 4202525 270565376 17828432 134750500 142868480 546316324 4194346 18472 169116676 41949716 168297505 2628620 270604324 41975812 136577028 134217777 268503040 33816608 134218752 1024 134512640 536879104 1059392 0 0 0 2 9 136 2147614848 32832 192 1241513986 8396864 1241514028 10304 1275364905 56629265 2415919236 201334812 1 1678289422 44043792
is_linear=0
shrinkage=0.05


Tree=73
num_leaves=45
num_cat=32
split_feature=6 6 0 0 1 0 1 1 0 0 5 0 1 3 0 3 5 8 1 0 0 0 5 1 0 1 1 0 3 0 1 8 3 8 8 3 8 1 1 0 5 5 0 0
split_gain=54.0559 75.611 60.3262 49.0656 45.2308 39.2818 35.8991 35.2867 50.5064 32.6813 26.0727 43.2418 42.8339 27.9669 30.164 27.7392 25.655 41.7796 34.5821 32.6456 32.4725 30.6034 25.3549 24.3771 47.5925 22.6582 22.3818 33.9699 43.3394 25.016 28.3873 22.6179 21.1763 20.6605 23.1063 20.293 34.7997 20.1194 19.8229 51.1935 26.9732 20.6232 33.3859 29.2518
threshold=2.5000000000000004 5.5000000000000009 0 1 2 3 4 5 6 7 374.50000000000006 8 9 10 11 12 31.500000000000004 7.5000000000000009 13 14 15 16 879.50000000000011 17 18 19 20 21 22 23 24 3.5000000000000004 25 6.5000000000000009 1.5000000000000002 26 5.5000000000000009 27 28 29 232.50000000000003 26.500000000000004 30 31
decision_type=2 2 9 9 9 9 9 9 9 9 2 9 9 9 9 9 2 2 9 9 9 9 2 9 9 9 9 9 9 9 9 2 9 2 2 9 2 9 9 9 2 2 9 9
left_child=2 3 4 16 9 6 -3 8 -4 -1 13 15 -13 14 -9 -12 17 21 19 -18 25 -2 26 24 -5 33 27 28 -7 30 -28 -29 -23 34 -20 36 -11 -19 39 -15 -41 42 -40 -43
right_child=1 5 7 23 -6 22 -8 10 -10 35 11 12 -14 38 -16 -17 18 37 20 -21 -22 32 -24 -25 -26 -27 29 31 -30 -31 -32 -33 -34 -35 -36 -37 -38 -39 41 40 -42 43 -44 -45
leaf_value=0.0015796216665953545 0.006723705989011914 -0.00028168979803770976 0.0084923509639582614 -0.0034492543423390422 0.0030271683979732622 -0.0045098980788406242 -0.0066661080319704753 -0.022207481635376204 -0.0044685794600570093 -0.0098388096755942182 -0.024108138600217023 -0.0041020320857864338 0.011160162399906248 -0.0015742525783940477 0.026425595603981878 -0.003058552250517882 0.0050544905559170242 -0.0092433025184987701 -0.027445123847175769 8.7101117672550027e-05 -5.7826335123689624e-06 0.0084876805885619085 0.0095830077889592982 0.0020208011885999078 0.011708692941495886 -0.0020247291162188708 -0.014535524486130736 -0.0051677810614567006 0.0054531050390327022 -0.0051349335562923095 0.0014505167497864903 0.0061766269406958842 -0.0042497274737804238 -0.012199136519332611 0.0001852353695618314 -0.0083543672840720017 0.019198491604278101 -0.0014141528478249787 -0.001008619859847959 -0.01319516860105714 -0.0056308347332604258 -0.0042899315926419688 -0.0081565916610910841 -0.00093859289609985472
leaf_weight=2283 1290 2467 2533 702 16620 2161 4697 100 2449 159 133 1182 2260 2022 383 2629 6376 1708 93 9335 9479 133 152 38773 2119 1952 235 723 1026 3679 2640 3569 1982 531 421 2421 257 1291 3733 999 721 12956 4791 21561
leaf_count=2283 1290 2467 2533 702 16620 2161 4697 100 2449 159 133 1182 2260 2022 383 2629 6376 1708 93 9335 9479 133 152 38773 2119 1952 235 723 1026 3679 2640 3569 1982 531 421 2421 257 1291 3733 999 721 12956 4791 21561
internal_value=-0.000261639 0.000529046 -0.00122331 0.001266 0.00102529 -0.0021008 -0.0051157 -0.00205946 0.00196314 -0.00307992 -0.00243455 0.000612508 0.00434531 -0.00283502 0.00902637 -0.0040404 -0.000125719 -0.00298251 0.000523291 0.0020832 -0.00144161 0.000807636 -0.000574146 0.00242284 0.00690569 -0.0059694 -0.000794556 0.00107491 -0.00283078 -0.00292505 0.000571924 0.0039749 -0.00289412 -0.0118957 -0.00486381 -0.00665613 0.00352113 -0.00728576 -0.00295878 -0.00644989 -0.0127746 -0.00265383 -0.00485687 -0.00211055
internal_weight=177726 97534 80192 76185 21740 21349 7164 58452 4982 5120 53470 6204 3442 47266 483 2762 34591 6404 28187 15711 12476 3405 14185 41594 2821 2997 14033 7479 3187 6554 2875 4292 2115 1045 514 2837 416 2999 46783 3742 1720 43041 8524 34517
internal_count=177726 97534 80192 76185 21740 21349 7164 58452 4982 5120 53470 6204 3442 47266 483 2762 34591 6404 28187 15711 12476 3405 14185 41594 2821 2997 14033 7479 3187 6554 2875 4292 2115 1045 514 2837 416 2999 46783 3742 1720 43041 8524 34517
cat_boundaries=0 2 4 7 9 12 15 17 19 21 24 25 27 28 31 33 35 37 40 42 44 47 49 50 52 55 56 57 60 63 65 67 69
cat_threshold=2158166464 202686528 1788355886 143042628 1610941385 268566899 2 2304948 103415808 5583238 1476468908 21 201326600 6406337 82 638879261 50861056 131264 201359360 1612229130 50864129 3489665107 1073741868 1 2 1343521 16 64 1188530440 1346519120 79 1208493056 163908 9216 425984 1073742126 142641152 2885697556 131090 8 67273216 72353280 2105536 134316296 639664738 148897814 73 1644168203 155218432 280 1644168267 21035088 268697604 1073741856 16 192 16 38895680 4194384 2 545259539 1342178312 8 1611965464 61344773 571211790 46147612 67372548 56634396
is_linear=0
shrinkage=0.05


Tree=74
num_leaves=45
num_cat=34
split_feature=2 10 0 2 8 6 6 2 0 0 2 0 2 2 2 2 2 0 2 5 2 0 2 2 5 0 0 10 0 2 0 0 2 10 5 0 0 2 0 0 2 0 10 0
split_gain=54.5934 52.3322 60.0426 59.7508 52.5809 46.6814 57.6287 50.516 77.1651 58.1397 54.2902 47.2143 50.4253 46.3195 45.773 45.7572 44.5555 43.8077 40.7008 37.8113 39.7534 36.8591 35.8104 33.3177 29.7252 28.8317 27.969 32.994 27.3678 31.6765 27.303 25.0754 24.8515 23.875 22.7391 25.5291 22.6766 22.3589 21.5498 21.3161 21.3079 23.3231 21.0182 45.9157
threshold=0 9.5000000000000018 1 2 3.5000000000000004 5.5000000000000009 1.5000000000000002 3 4 5 6 7 8 9 10 11 12 13 14 960.50000000000011 15 16 17 18 370.50000000000006 19 20 11.500000000000002 21 22 23 24 25 5.5000000000000009 46.500000000000007 26 27 28 29 30 31 32 2.5000000000000004 33
decision_type=9 2 9 9 2 2 2 9 9 9 9 9 9 9 9 9 9 9 9 2 9 9 9 9 2 9 9 2 9 9 9 9 9 2 2 9 9 9 9 9 9 9 2 9
left_child=21 2 4 -4 -2 6 7 8 37 16 28 12 -8 30 -6 -5 31 18 26 20 -19 -1 38 -14 42 -26 -7 -28 -11 -30 -13 -9 -16 -34 35 -25 -10 -3 -15 -35 -20 -42 43 -17
right_child=1 5 3 15 14 17 11 9 36 10 -12 13 23 22 32 24 -18 19 40 -21 -22 -23 -24 34 25 -27 27 -29 29 -31 -32 -33 33 39 -36 -37 -38 -39 -40 -41 41 -43 -44 -45
leaf_value=-0.0010036743979853213 -0.005875829082217377 0.0075404084734892523 -0.010424876173134541 0.0065204673232437012 0.0093294167248685108 -0.016175027836982315 0.0072277137111519622 -0.0042930000969005457 -0.014563401479950545 0.0028872605989935132 -0.00036919788422600246 0.0016639172938875291 -0.010703548064062519 0.0016991746279783838 -0.0076358527556487981 -0.0061165952681253829 -0.0032295843331847877 -0.014637733018254426 -0.0037183595137706086 0.0091884989753246212 0.00033136340198519632 -0.01168432271358243 0.0019355531735522015 -0.0065085664764603203 -0.0020511906951130757 0.009357918246112774 0.0028642895531025337 -0.004911946203042597 0.007660784404807758 0.024261649966938359 0.011747294899324518 0.005793486323363739 0.008665778289310944 0.0031172661396377701 0.00035637570973519052 -0.00080011020070198675 -0.0070714684955829393 -0.0082864952593214077 -0.006411382350740469 -0.0024576956163904762 -0.0091402689581528314 0.0095566480071375484 -0.0047213789189710755 0.0082532175257884373
leaf_weight=630 3180 1387 2576 1338 3370 782 2953 1071 651 3228 12537 1568 557 1158 846 681 14427 460 4907 96 9179 683 38868 2120 936 821 151 625 2382 536 2017 2099 1197 2260 22029 6230 2212 361 1298 4259 230 671 16867 1292
leaf_count=630 3180 1387 2576 1338 3370 782 2953 1071 651 3228 12537 1568 557 1158 846 681 14427 460 4907 96 9179 683 38868 2120 936 821 151 625 2382 536 2017 2099 1197 2260 22029 6230 2212 361 1298 4259 230 671 16867 1292
internal_value=-0.000274017 -0.000198103 -0.0017982 -0.00332572 0.000681127 0.00026537 0.000614509 -0.000908513 -0.00583207 -0.000281069 0.00166105 0.00140486 -4.42491e-06 0.00246778 0.00220416 -0.00247665 -0.00234282 -0.00217824 -0.00508406 2.56542e-05 -0.000285299 -0.010393 0.00199352 -0.000601047 -0.00305964 0.00315879 -0.0122449 -0.00534351 0.00550682 0.00901639 0.00791377 0.00301887 0.00025665 0.00115195 -0.000376781 -0.0025988 -0.0108771 0.00244596 -0.00385239 -3.83494e-05 -0.00314541 0.00389682 -0.00364119 0.00124176
internal_weight=177726 176413 39623 24511 15112 136790 119689 40891 4611 36280 18683 78798 33889 44909 11932 21935 17597 17101 7366 9735 9639 1313 41324 30936 20597 1757 1558 776 6146 2918 3585 3170 8562 7716 30379 8350 2863 1748 2456 6519 5808 901 18840 1973
internal_count=177726 176413 39623 24511 15112 136790 119689 40891 4611 36280 18683 78798 33889 44909 11932 21935 17597 17101 7366 9735 9639 1313 41324 30936 20597 1757 1558 776 6146 2918 3585 3170 8562 7716 30379 8350 2863 1748 2456 6519 5808 901 18840 1973
cat_boundaries=0 7 9 16 23 25 27 34 36 43 50 57 64 71 73 79 86 88 95 102 104 106 108 115 117 119 126 128 130 137 139 141 148 150 152
cat_threshold=4194560 136384513 1030 270532608 67176448 68157568 1152 2192245200 168691204 2052 2172649570 2097184 22020257 9962244 1111818240 320 16818312 616562704 145236256 213909504 148260 10 264224 674663752 43566084 1746414350 65555988 2097152 2198907148 4194304 1052817 412123136 2149908497 67133441 177775932 176594948 524844 624984576 10493952 89391112 813826692 262176 134742080 553690240 2227175456 142623232 4203744 155669 4263936 131104 8 8391202 256 1446144 805831424 1073807376 16787528 268472321 33589912 139206656 8388672 805322784 2147483651 134365224 1343242276 8904 294912 33554528 403222528 2359296 151519232 2183867188 103417352 536879124 16 32768 12865544 554713856 2151940098 65536 16786176 0 17039688 134251040 1077936129 16777216 1614447568 222300249 2147487781 536881668 4456448 209719297 948994176 262176 185335808 270567425 42074120 134479872 256 0 2164737 32 739287049 97566728 2181242900 36175872 2147844176 67153929 0 16785416 0 1052688 8421376 2147549200 67117057 2214592514 16782873 526346 48237056 1073741844 16785680 32768 4195400 143933476 2151940098 134348800 134743040 139268 100737024 4198920 8200 0 8448 4194304 804 2 2048 2361409 68181017 2155872272 134479872 1074020352 1048576 0 2181201984 8388608 48 67135753 592640 33554440 1610908678 67117056
is_linear=0
shrinkage=0.05


Tree=75
num_leaves=45
num_cat=38
split_feature=2 6 6 0 2 2 0 2 0 2 0 2 0 2 2 1 2 0 2 0 2 3 0 0 2 3 2 2 0 0 0 8 2 2 0 8 3 0 0 0 1 8 8 2
split_gain=50.9847 46.3472 62.7407 51.8 53.7855 52.6589 45.2422 43.3164 48.5802 39.2257 36.3744 35.4235 34.0443 37.5083 31.4543 30.5218 29.7615 50.5197 28.6686 26.519 25.7892 24.7817 96.6847 74.9145 80.8729 49.2359 36.7751 36.6239 29.6597 27.7315 26.0856 25.7031 24.1299 23.6387 33.3992 23.5377 47.3482 32.0597 26.7508 23.542 29.1341 31.4203 23.5164 44.1477
threshold=0 2.5000000000000004 5.5000000000000009 1 2 3 4 5 6 7 8 9 10 11 12 13 14 15 16 17 18 19 20 21 22 23 24 25 26 27 28 4.5000000000000009 29 30 31 6.5000000000000009 32 33 34 35 36 9.5000000000000018 10.500000000000002 37
decision_type=9 2 2 9 9 9 9 9 9 9 9 9 9 9 9 9 9 9 9 9 9 9 9 9 9 9 9 9 9 9 9 2 9 9 9 2 9 9 9 9 9 2 2 9
left_child=19 3 6 4 -2 10 14 8 -8 -6 11 -5 15 -14 -3 -4 17 20 35 -1 -7 22 27 25 29 28 30 -18 32 31 -24 -25 -23 34 -9 36 38 -38 -16 -37 41 -41 -26 -44
right_child=1 2 12 5 9 16 7 33 -10 -11 -12 -13 13 -15 18 -17 21 -19 -20 -21 -22 23 26 24 42 -27 -28 -29 -30 -31 -32 -33 -34 -35 -36 39 37 -39 -40 40 -42 -43 43 -45
leaf_value=-0.00069279656325708374 -0.0057436705651163437 -0.0039872483378475014 0.0018067011301589387 -0.0066159429146756881 0.010005884375142389 0.0095389312481370513 0.013116190500211268 -0.005236522850731385 0.0036425218440457987 0.00095545761311149338 0.0087701463347621411 0.012338051838463166 -0.010828693754755155 7.2428718584149898e-05 -0.0002211976380094516 -0.0053860362761711609 0.0096706711318357234 -0.0093497391313570165 0.0017110771057430086 -0.01210598624166264 -0.004860786251921493 0.0019346046742299229 -0.0054594455647572404 -0.025043025499539653 -0.0033435026631566836 -0.0014683137048082219 -0.0068038741751988126 -0.00021128950027187734 0.0011423096012066203 -0.0062017323174728195 0.004848973862277792 -0.0096773290732858844 0.010940720474061775 0.0020812408007192642 0.0013657280165169984 -0.00031261999573474757 0.010414695645481803 0.00017929926823322397 -0.018227061964736082 -0.018232224728904092 -0.0045026527118824048 0.024126026391787282 0.024840624415081072 -0.00037849459256502629
leaf_weight=242 2568 1866 1153 1323 2930 625 1330 1209 2619 17844 1815 384 908 13926 439 5278 853 2766 13625 404 740 1040 924 305 8065 11389 7096 5006 3462 4999 952 628 2232 36903 1400 5476 1644 4347 468 233 4307 45 451 1507
leaf_count=242 2568 1866 1153 1323 2930 625 1330 1209 2619 17844 1815 384 908 13926 439 5278 853 2766 13625 404 740 1040 924 305 8065 11389 7096 5006 3462 4999 952 628 2232 36903 1400 5476 1644 4347 468 233 4307 45 451 1507
internal_value=-0.000263327 -0.000211757 0.000521734 -0.00110382 0.000877869 -0.00192145 0.00119416 0.00224863 0.00723668 0.00172248 0.00399207 -0.00125218 -0.00187867 -0.000559148 -0.000218731 -0.00491383 -0.0023148 -0.00638735 0.000166699 -0.0141768 0.00149091 -0.00196958 -0.00367563 -0.00122624 -0.00372377 0.000973363 -0.00693609 0.0013205 0.00435943 -0.00834736 -0.00068929 -0.0162778 0.00776965 0.00174839 -0.0028446 -0.00120514 0.00104378 0.00265789 -0.00954198 -0.00274824 -0.00538629 -0.0208333 -0.00098176 0.00393258
internal_weight=177726 177080 97176 79904 23342 56562 75911 43461 3949 20774 3522 1707 21265 14834 32450 6431 53040 4131 30584 646 1365 48909 14831 34078 15955 18123 8972 5859 6734 5932 1876 933 3272 39512 2609 16959 6898 5991 907 10061 4585 278 10023 1958
internal_count=177726 177080 97176 79904 23342 56562 75911 43461 3949 20774 3522 1707 21265 14834 32450 6431 53040 4131 30584 646 1365 48909 14831 34078 15955 18123 8972 5859 6734 5932 1876 933 3272 39512 2609 16959 6898 5991 907 10061 4585 278 10023 1958
cat_boundaries=0 6 8 15 22 24 31 33 40 42 49 51 58 65 68 75 77 84 86 92 93 95 97 104 105 112 119 121 123 125 132 139 141 142 144 146 148 149 156
cat_threshold=256 134287360 1024 268435456 67176448 68157440 2158166464 211075136 17084417 83887000 134217984 138416168 285774624 4194312 134217792 35127328 33858188 278594 16777313 268468240 2149847041 150994976 1788355948 142911556 34312 88080616 12599296 6291464 554590992 2097152 4456480 2361361 17432584 1344275500 575670276 4726788 1048705 9437184 329731 83903496 1074571298 6433285 1048608 41472 16384 16777281 0 2359296 16777248 2173876 103415808 1073741824 2164269312 32800 17039433 671097380 1078198272 16778496 1361346593 45088908 14680070 12583168 18350208 1073809409 1024 5509506 1342185516 17 2147484800 622987345 13107232 69206016 1065760 4196482 394240 538223616 17304580 537946112 2147493920 270624 2183140505 411042048 262144 151519241 674636304 67110977 0 16 0 0 288 2 80 604022789 19537932 1242824762 4209169 352261 2156920832 134225924 135561496 25174020 56 24840 14 1075847184 8388608 0 1347840 524288 16 67135496 270348 1048576 0 32768 16785408 65584 2048 134217778 4196864 10240 2097156 524314 4197889 262160 0 0 39194624 524288 32 67111177 3489744928 33718276 134479908 150994977 276856832 3255042088 134218816 69667456 19023360 256 33554500 142649344 1117259048 4 1753228640 8196 536870912 536870912 32 0 131072 134217728 0 2048
is_linear=0
shrinkage=0.05


Tree=76
num_leaves=45
num_cat=39
split_feature=2 5 2 0 0 8 0 8 0 0 3 8 0 2 2 0 3 2 2 8 2 2 0 2 0 2 2 2 0 0 2 2 2 2 0 0 0 3 2 0 3 0 0 0
split_gain=48.2973 46.5103 41.2514 48.7487 40.0739 36.4705 115.472 57.8432 122.869 121.118 121.445 98.7916 83.7628 77.2246 64.1193 62.7872 57.8388 56.9196 54.3678 53.7529 50.1207 50.029 46.8655 63.6935 46.509 45.2365 44.9726 43.6813 42.9829 42.281 57.9402 44.0508 41.2365 39.0344 46.5303 40.9119 35.5919 34.3423 38.1473 35.8469 34.0452 35.6095 33.7164 32.4389
threshold=0 400.50000000000006 1 2 3 11.500000000000002 4 7.5000000000000009 5 6 7 4.5000000000000009 8 9 10 11 12 13 14 10.500000000000002 15 16 17 18 19 20 21 22 23 24 25 26 27 28 29 30 31 32 33 34 35 36 37 38
decision_type=9 2 9 9 9 2 9 2 9 9 9 2 9 9 9 9 9 9 9 2 9 9 9 9 9 9 9 9 9 9 9 9 9 9 9 9 9 9 9 9 9 9 9 9
left_child=-1 5 3 -3 -4 7 26 8 11 10 12 14 -9 -11 42 -16 18 -12 43 32 -18 -13 23 -22 27 -24 -7 -23 -20 31 -31 -15 -14 35 -35 -8 -19 39 -39 -26 -17 -42 -2 -10
right_child=1 2 4 -5 -6 6 33 9 16 13 17 21 19 29 15 40 20 36 28 -21 22 24 25 -25 37 -27 -28 -29 -30 30 -32 -33 -34 34 -36 -37 -38 38 -40 -41 41 -43 -44 -45
leaf_value=-0.0079398667862747557 0.010637987695521168 0.0012077670749100823 0.0083466891963653207 0.016183623075099542 -0.00020659092414563319 0.0021245558874880277 0.0020548912449959655 -0.0044209077871988304 0.017453380296622311 -0.0076225269841907724 -0.0091573527497894047 -0.0062418159673558243 0.029409631017010232 0.0068942483456957528 -0.010084308963644607 -0.0045083200803242461 -0.0028023981645802112 -0.0071877926803758825 0.018316896598792747 0.052169895698463802 0.0037098003416656589 0.012437260847768096 0.010218427026836497 0.015275457326357733 -0.01524191431394214 0.0014798392034490627 -0.0043821829022322959 0.0019845345149744455 -0.0067155028345354641 -0.0032569043297615233 0.0014087855068492527 0.00022944871833852076 -0.0024914445734855908 0.008547018924036481 -0.0035463986756532565 0.012291346143660087 -0.0015624132803386094 0.012752140767906895 -7.5658424327995633e-05 -0.0017696707420838038 0.01058843705389665 -0.0048224180915168897 -0.0027846490902259827 -0.0012254872873845525
leaf_weight=624 1243 1732 2425 1674 10188 1813 1627 1370 1138 2416 6940 996 247 4315 4851 8591 2759 3611 332 494 4148 1355 2065 2650 953 28026 3643 5684 4766 11760 15268 7739 633 2074 2230 2880 5769 723 6449 2556 1223 2371 1240 2135
leaf_count=624 1243 1732 2425 1674 10188 1813 1627 1370 1138 2416 6940 996 247 4315 4851 8591 2759 3611 332 494 4148 1355 2065 2650 953 28026 3643 5684 4766 11760 15268 7739 633 2074 2230 2880 5769 723 6449 2556 1223 2371 1240 2135
internal_value=-0.000262201 -0.00021286 0.00235658 0.00723068 0.00103383 -0.000468392 0.00194505 -0.000702921 0.00012869 -0.00188732 -0.00518507 -0.00198588 0.00453885 -0.000371013 -0.00447513 -0.00556729 0.00181245 -0.0068218 -0.00196277 0.0132225 0.00260981 0.000609105 0.00309629 0.00684489 0.00122391 0.00224743 -0.00376875 0.00437651 -0.00518794 0.000166274 -0.000932022 0.00262765 0.00590909 0.00548124 0.00206305 0.00873367 -0.0042705 -0.00085586 0.00112782 -0.00490196 -0.00364494 0.000443951 0.00302848 0.00306122
internal_weight=177726 177102 16019 3406 12613 161083 14267 146816 86254 60562 19064 38235 2744 41498 19519 17036 48019 16320 8371 1374 39648 18716 36889 6798 17720 30091 5456 7039 5098 39082 27028 12054 880 8811 4304 4507 9380 10681 7172 3509 12185 3594 2483 3273
internal_count=177726 177102 16019 3406 12613 161083 14267 146816 86254 60562 19064 38235 2744 41498 19519 17036 48019 16320 8371 1374 39648 18716 36889 6798 17720 30091 5456 7039 5098 39082 27028 12054 880 8811 4304 4507 9380 10681 7172 3509 12185 3594 2483 3273
cat_boundaries=0 6 13 15 17 19 21 23 24 26 33 40 42 43 50 57 64 71 73 80 82 89 96 103 105 107 114 121 128 135 137 139 141 142 149 151 152 154 156 158
cat_threshold=0 134287360 1024 270532608 67110912 68157568 10240 2197817992 10764288 169267224 1192196 1 72 615099139 188629521 100663623 17827920 1714488152 62965760 1318694177 36597828 527086 211855384 258 2082 67149840 1612742916 2162295064 140795904 138421512 16793604 2 524288 537953064 12615680 4481280 134227265 16809984 2153775137 67242048 8399872 659456 448 1074839568 33362 2105344 2189820936 562037248 2151677985 201343296 1053744 603990032 134217728 283968 1576960 2152005650 16796681 297249 27168 2097188 266281 9437698 1077938208 17104968 2415921152 33554592 256 75497488 17866756 3221225473 16777504 2097216 26249216 1611661340 2148532544 0 33603648 573696 262160 24577 1108355104 663552 1345847308 2151809290 8397568 20971648 17051648 2147483649 134234112 537927696 2160 0 33969408 294682624 0 67240264 537214984 64 4227072 294912 536871712 327696 8 520 1 3231778048 34099264 268525584 16785538 8421376 2231406592 9179936 40 151006280 327680 33587298 33024 2172944384 524320 2147549232 16786496 1048584 0 0 2147500032 0 262144 67108864 17852424 1050656 0 2148700160 26263808 268699697 83894272 2147885060 138158100 273444 135791120 516 144744456 262 1048592 8216 0 33024 8404992 32 149512 257 35913732 284 1174503424 33562624 8457505 36323332 536871558 71303185
is_linear=0
shrinkage=0.05


Tree=77
num_leaves=45
num_cat=35
split_feature=2 10 0 2 2 6 6 2 0 0 2 0 2 2 0 2 2 2 0 2 2 0 2 2 0 2 6 0 0 0 10 0 2 0 0 5 0 0 2 0 10 5 5 0
split_gain=48.3565 46.0169 52.7885 53.004 49.1452 42.0782 46.812 44.7804 72.8369 45.9192 60.5991 43.5383 49.0849 48.4043 41.2148 42.9706 39.6749 39.4261 36.7992 36.6906 35.3385 34.7987 33.5588 28.7603 29.5463 25.4925 25.2904 36.7876 25.4229 25.2314 24.3758 23.9368 30.0953 23.327 22.5589 23.1215 22.4294 21.5781 21.4633 20.4267 20.3476 25.4846 20.2794 32.2523
threshold=0 9.5000000000000018 1 2 3 5.5000000000000009 1.5000000000000002 4 5 6 7 8 9 10 11 12 13 14 15 16 17 18 19 20 21 22 3.5000000000000004 23 24 25 5.5000000000000009 26 27 28 29 49.500000000000007 30 31 32 33 11.500000000000002 13.500000000000002 45.500000000000007 34
decision_type=9 2 9 9 9 2 2 9 9 9 9 9 9 9 9 9 9 9 9 9 9 9 9 9 9 9 2 9 9 9 2 9 9 9 9 2 9 9 9 9 2 2 2 9
left_child=39 2 4 29 -2 6 7 8 -3 16 -11 13 31 18 20 21 -9 36 -8 37 -7 40 -6 24 -14 33 28 -28 -19 -4 -24 -13 -33 -18 35 -32 -5 -15 -12 -1 41 -16 43 -25
right_child=1 5 3 17 22 14 11 9 -10 10 38 12 23 19 15 -17 25 26 -20 -21 -22 -23 30 42 -26 -27 27 -29 -30 -31 34 32 -34 -35 -36 -37 -38 -39 -40 -41 -42 -43 -44 -45
leaf_value=-0.0017965821536193973 0.0064593838856657933 -0.012076701746786612 -0.014319593541508897 0.015063587552452988 -0.0080989803679018934 0.002248552570599405 0.0043063406230543144 0.0028881971464835288 0.0010737992279928443 -0.0019446298765073589 0.011382238368927556 0.001896794908097077 0.00035192437674372301 0.0023857831785741414 0.0030505878476340068 -0.0019244832306939521 -0.00013963016730770273 -0.011457687956055829 -0.0075231291328967448 0.0027275198273704841 -0.0038315433784477217 -0.014324119898914418 0.0072242901843647574 0.0015592839375890095 -0.0074783840231782139 -0.0019951889917629111 0.0028275159038294029 -0.0029787295154160122 -0.003796041824443186 -0.0057937956095960533 -0.0046360538412550502 0.0045903304345884686 0.019531081396886266 -0.012936370109090057 -0.0042236353576125766 0.0065793491564516476 0.00053643708366579452 0.01010725005863824 0.003481422616553076 -0.010653928731897484 -0.0040700611949982144 0.00083477884996324692 0.00062884335848428232 -0.0034971673185527855
leaf_weight=213 3791 1579 1042 608 1159 4933 558 3255 1490 9212 1714 1774 1101 1701 46 7788 573 2046 1523 28590 2138 1237 1477 3572 1213 14936 3100 4953 11055 1557 1381 1102 641 1145 4351 2306 954 1757 7153 411 848 160 29152 6431
leaf_count=213 3791 1579 1042 608 1159 4933 558 3255 1490 9212 1714 1774 1101 1701 46 7788 573 2046 1523 28590 2138 1237 1477 3572 1213 14936 3100 4953 11055 1557 1381 1102 641 1145 4351 2306 954 1757 7153 411 848 160 29152 6431
internal_value=-0.000253761 -0.00020439 -0.00170186 -0.00307799 0.000708117 0.000229388 0.000560031 -0.00080985 -0.00660929 -0.000339492 0.00148433 0.00127093 0.000248911 0.00261724 -0.00208746 -0.00413817 -0.00199558 -0.00230133 -0.00475849 0.00309751 0.000840277 -0.0101478 -0.00102958 -0.000232648 -0.00563683 -0.00298248 -0.00286808 -0.000664349 -0.00422487 -0.00983135 -4.72441e-05 0.00591154 0.0100685 -0.00873843 -0.00113212 0.00174466 0.00534351 0.00795848 0.0044328 -0.0140379 -0.00338346 0.0106796 8.80889e-05 -0.00185444
internal_weight=177726 177102 39780 25315 14465 137322 120172 41057 3069 37988 18079 79115 44986 34129 17150 10079 19909 22716 2081 32048 7071 2291 10674 41469 2314 16654 21154 8053 13101 2599 9515 3517 1743 1718 8038 3687 1562 3458 8867 624 1054 206 39155 10003
internal_count=177726 177102 39780 25315 14465 137322 120172 41057 3069 37988 18079 79115 44986 34129 17150 10079 19909 22716 2081 32048 7071 2291 10674 41469 2314 16654 21154 8053 13101 2599 9515 3517 1743 1718 8038 3687 1562 3458 8867 624 1054 206 39155 10003
cat_boundaries=0 6 8 15 22 29 31 33 40 42 49 56 58 64 71 78 80 87 94 96 103 110 112 119 121 123 125 127 134 136 138 140 142 149 151 153
cat_threshold=0 134287360 1024 270532608 67110912 68157568 2192245200 168690692 264192 2172649570 2097184 22020257 9966336 1078263808 320 2048 8398890 2105600 1442064 806126336 1073807361 16787776 16810368 618659856 144711972 209715200 148260 10 789504 2391351985 206991896 1746414094 65555997 1880189972 706 278528 2185396264 537407488 1107296256 134217760 2215054018 91770441 524808 2772435200 10510336 89129136 2424439300 262176 657472 268439553 536871556 7077892 201330945 412123136 32 155452672 1283753024 26540117 1610620948 17825792 32768 21254216 562053888 3225681938 1343242276 8908 294912 37748769 940093440 1076101121 150994976 268439553 33557144 139206656 142606400 822100000 2147483651 134365224 67110976 69223432 553657744 115343362 142606848 1088 159796 4259843 131072 538191892 1083504 32768 2185384000 26214656 2147745808 67125249 539493153 239206920 20 2167439636 0 12584008 143683620 2151940098 132096 287361281 42082313 2 8192 16797729 2164745 16843808 540574737 33566736 2684354568 2165311744 0 17039488 9437184 65536 147464 67145218 71342600 67109888 88080384 10756 30450248 1207969032 168079380 0 256 8192 17825792 276824068 32 133184 134742018 13109764 2148007952 134479876 1074790927 26249296 2214985730 16778753 2097160 2198898944 0 1048705 269516800 2149842944 67108864 539501072 134219857 1613766665 42237952
is_linear=0
shrinkage=0.05


Tree=78
num_leaves=45
num_cat=39
split_feature=5 2 0 2 2 2 6 0 6 0 2 2 3 0 0 2 2 0 0 0 0 3 1 0 2 6 0 0 3 0 2 2 0 2 3 0 2 2 0 2 0 3 5 1
split_gain=43.4763 77.2532 68.7596 61.0704 48.8557 41.4758 34.5803 41.3344 40.2443 48.6722 58.0965 44.1254 50.4664 40.7119 37.2331 34.7531 34.217 34.9245 33.6367 32.651 30.4235 30.2497 31.1843 29.9414 27.8835 27.0793 27.3088 26.9305 25.6321 28.8019 25.3762 25.1798 23.0659 35.6621 32.8582 25.4778 22.9134 22.686 30.2099 21.3022 50.9762 20.7195 20.3645 20.0146
threshold=246.50000000000003 0 1 2 3 4 1.5000000000000002 5 5.5000000000000009 6 7 8 9 10 11 12 13 14 15 16 17 18 19 20 21 3.5000000000000004 22 23 24 25 26 27 28 29 30 31 32 33 34 35 36 37 98.500000000000014 38
decision_type=2 9 9 9 9 9 2 9 2 9 9 9 9 9 9 9 9 9 9 9 9 9 9 9 9 2 9 9 9 9 9 9 9 9 9 9 9 9 9 9 9 9 2 9
left_child=1 20 4 19 -2 23 7 15 9 11 13 12 18 30 21 -3 17 42 -8 -4 -1 22 -10 -5 -6 26 31 -27 29 -13 -11 -14 34 -34 35 -7 -30 38 -36 40 -12 -17 -9 -23
right_child=2 6 3 5 24 32 8 16 14 10 39 28 25 -15 -16 41 -18 -19 -20 -21 -22 43 -24 -25 -26 27 -28 -29 36 -31 -32 -33 33 -35 37 -37 -38 -39 -40 -41 -42 -43 -44 -45
leaf_value=-0.010536995295003777 0.0057401809760229631 -0.0058543558770422117 0.0035714929379644048 0.0013637907474743916 0.0012199686170898949 0.0016002019487093124 0.021687549362201203 -0.019076133690401356 0.0046101458923510363 0.0057561013197954258 0.00015765651249136092 -0.00083537992590283501 0.00051452341539000854 -0.0054281063487670259 -0.0033616351692531744 0.0056697374848020989 -0.0025185252006127423 -0.003783526782706981 0.0018626478019410976 0.014446642307130232 -0.002037129020655737 0.0056816881103323204 -0.0019433885175094397 -0.01129758928581211 -0.001756871556363035 -0.0040167738576590674 -0.0080699936170295864 0.0010538214270163881 -0.0050367957561958006 0.010785470457390379 -0.0047742283661385831 -0.0076380377579867154 -0.0014448108149644702 0.0084785267846033737 0.0076869594067909171 -0.0066686095437152428 0.0017621916969780662 0.010104009753078826 -0.006607956461015624 0.0016205661702261955 0.014361231317232792 -0.0012232613847161123 -0.011904553562701793 -0.0061675555209924852
leaf_weight=1259 2768 1847 2483 849 6981 1970 362 236 2425 1486 1768 1437 3062 2551 10515 5092 26530 928 1365 2784 1267 452 1676 1047 14390 3344 5289 5222 1485 2565 889 1232 1597 5234 1007 1842 1745 1489 824 39556 1487 3032 730 1627
leaf_count=1259 2768 1847 2483 849 6981 1970 362 236 2425 1486 1768 1437 3062 2551 10515 5092 26530 928 1365 2784 1267 452 1676 1047 14390 3344 5289 5222 1485 2565 889 1232 1597 5234 1007 1842 1745 1489 824 39556 1487 3032 730 1627
internal_value=-0.000245321 -0.000702471 0.00109246 0.00317468 -0.000730879 0.00162266 -0.000533687 -0.0017932 -5.46209e-06 0.000489679 0.00145035 -0.00120215 -0.00241879 -0.0036872 -0.00222522 0.000976856 -0.0027643 -0.0092437 0.00572827 0.00783589 -0.00934543 0.00085622 0.00334468 -0.00529906 -0.00154109 -0.00319676 -0.00502452 -0.00115573 0.00214029 0.00481057 0.00102725 -0.00204461 0.00256566 0.00464113 0.000574069 -0.00259027 -0.00117284 0.0042042 0.000461706 0.00204222 0.00592649 0.00238505 -0.0158811 -0.004045
internal_weight=177726 132461 45265 21126 24139 15859 129935 38395 91540 74845 47737 27108 19876 4926 16695 9971 28424 1894 1727 5267 2526 6180 4101 1896 21371 18149 9583 8566 7232 4002 2375 4294 13963 6831 7132 3812 3230 3320 1831 42811 3255 8124 966 2079
internal_count=177726 132461 45265 21126 24139 15859 129935 38395 91540 74845 47737 27108 19876 4926 16695 9971 28424 1894 1727 5267 2526 6180 4101 1896 21371 18149 9583 8566 7232 4002 2375 4294 13963 6831 7132 3812 3230 3320 1831 42811 3255 8124 966 2079
cat_boundaries=0 7 9 16 23 30 32 34 41 48 49 51 53 60 66 68 69 71 73 74 77 79 86 88 90 91 93 100 107 109 116 117 119 126 133 135 140 142 143 146
cat_threshold=2151743489 136339592 6816518 4194312 67115008 1142947876 279584 1622519306 61769217 1433601 4229638 8388608 34918400 402817284 2105 262144 1073741824 82051208 6826496 5242960 285217536 3223326720 18536 1107296516 94507048 4 4194464 595593859 4194304 16844800 1085440192 9740352 244876581 8665168 1611939876 2156923392 142868512 68169984 268468224 2147811329 16779520 822353920 8388880 32768 2189743104 419431168 4261906 150995209 200 2149908626 139986433 1117029448 26538068 1628721176 304 0 16814144 525056 0 64 2064 17861232 134225920 67109297 679493920 2058 2382963224 21106200 67141636 100663749 68182036 2693573508 47506964 54 574619840 12591104 2 2348810369 67113052 806363141 672284768 33024 33736073 142639234 262176 16777216 43024641 266256 176160773 12288 296 68681728 8658944 538198016 0 0 1048832 0 1 16779264 537141248 0 0 2181301248 0 65538 9 134873136 139479048 2064 537919488 4456448 134219089 1060864 1107296258 138412072 178 134873088 1064968 16400 544 0 131136 557056 0 67117056 2048 8576 256 25297152 0 262144 25856 134348848 2048 17304328 37749040 16384 2097377 562061844 1073750146 173539853 294 1245184 32788 65
is_linear=0
shrinkage=0.05


Tree=79
num_leaves=45
num_cat=36
split_feature=2 10 0 2 6 6 0 0 2 2 0 2 2 5 0 2 2 2 1 0 3 2 0 0 2 2 0 2 5 1 2 0 2 0 2 0 0 10 0 2 0 0 9 5
split_gain=45.8042 41.4915 58.5403 48.511 47.1498 94.585 69.7825 64.6372 53.3908 47.1206 80.9916 45.7933 45.6956 44.7337 44.3446 64.6085 43.5252 42.2422 37.6098 36.7087 36.1887 34.5577 33.1533 33.1232 32.0061 31.1378 29.5845 30.0177 29.0644 29.205 27.9805 27.7096 27.3356 25.2311 24.2082 23.9949 23.7337 23.2905 82.0878 28.9634 28.3135 27.8052 26.5477 40.6579
threshold=0 10.500000000000002 1 2 4.5000000000000009 3.5000000000000004 3 4 5 6 7 8 9 83.500000000000014 10 11 12 13 14 15 16 17 18 19 20 21 22 23 196.50000000000003 24 25 26 27 28 29 30 31 20.500000000000004 32 33 34 35 1.0000000180025095e-35 310.50000000000006
decision_type=9 2 9 9 2 2 9 9 9 9 9 9 9 2 9 9 9 9 9 9 9 9 9 9 9 9 9 9 2 9 9 9 9 9 9 9 9 2 9 9 9 9 2 2
left_child=-1 2 3 -2 5 9 8 11 -7 10 25 -6 -9 -12 15 20 -8 -4 19 -16 -11 22 -19 -23 -14 35 -20 -28 31 -30 -25 -17 -5 -22 -18 -3 -31 39 -39 40 42 -40 43 -13
right_child=1 4 17 32 7 6 16 12 -10 14 13 37 24 -15 18 28 34 21 26 -21 33 23 -24 30 -26 -27 27 -29 29 36 -32 -33 -34 -35 -36 -37 -38 38 41 -41 -42 -43 -44 -45
leaf_value=-0.0089765209066838322 0.0051272254085734277 0.018967993511352546 0.0035339492181250989 -0.0088927244321365447 -0.0034691919862036655 0.0085748556110141205 2.7627488854864438e-05 0.0023718559551252128 -0.00058047997053211069 -0.0044261400822907639 -0.018081679467871026 0.0016257969369456783 -0.0081513121151203793 -0.0077934050324953603 -0.00047196746009365854 -0.0051545139992227266 0.010519531244219333 -0.0035017575180567861 -0.0016761277691926979 0.0062023071467991134 -0.0033288205732572573 -0.0078970853233659051 0.00086144595592037027 -0.0091994767309887711 -0.0029249565718622948 -0.0054319188573515344 0.012979609127459359 0.0013261672044262874 0.01556705772823716 -0.0032615630101524243 -0.001822841186392743 0.00054604054317066721 -0.00057092876985211929 0.0062433904879336368 0.0062743033595914271 0.0031002767497245844 0.0048688601804773085 -0.0025841110827128466 0.011655381729886706 0.0010512457047148983 0.0023413732274042533 -0.002268580172202439 0.0012744208915983048 0.0022180233132609683
leaf_weight=473 7307 409 2024 803 2992 1709 1815 2433 6895 7357 289 695 1526 1444 5489 3444 1628 7807 12563 12286 2014 6425 7339 1376 14588 806 943 8045 610 1701 8279 9769 10887 1480 6153 759 4868 230 373 5852 1542 674 1349 276
leaf_count=473 7307 409 2024 803 2992 1709 1815 2433 6895 7357 289 695 1526 1444 5489 3444 1628 7807 12563 12286 2014 6425 7339 1376 14588 806 943 8045 610 1701 8279 9769 10887 1480 6153 759 4868 230 373 5852 1542 674 1349 276
internal_value=-0.000254887 -0.00021296 -0.00139625 0.00081812 0.000281586 0.00085752 0.00408791 -0.00135567 0.000812631 6.59702e-05 -0.00542104 0.00121132 -0.00328986 -0.0132817 0.000354921 -0.0010511 0.00701645 -0.00266085 0.00147193 0.00317402 -0.00416628 -0.003115 -0.00139879 -0.00472965 -0.00425453 0.0015121 6.72511e-05 0.00225606 0.000607784 0.00316897 -0.00287118 -0.000783319 -0.00117949 2.85388e-05 0.00864459 0.00670628 0.00218118 0.0027043 -0.00364135 0.00354128 0.00689566 0.00241249 0.0103863 0.0167353
internal_weight=177726 177253 52247 18997 125006 92476 18200 32530 8604 74276 3707 13983 18547 1733 70569 31243 9596 33250 39326 17775 10851 31226 15146 16080 16114 1974 21551 8988 20392 7179 9655 13213 11690 3494 7781 1168 6569 10991 1277 9714 3862 1047 2320 971
internal_count=177726 177253 52247 18997 125006 92476 18200 32530 8604 74276 3707 13983 18547 1733 70569 31243 9596 33250 39326 17775 10851 31226 15146 16080 16114 1974 21551 8988 20392 7179 9655 13213 11690 3494 7781 1168 6569 10991 1277 9714 3862 1047 2320 971
cat_boundaries=0 6 8 15 17 19 26 33 35 42 49 51 58 65 72 75 77 78 85 87 89 96 101 103 110 113 120 122 129 131 138 140 142 143 150 152 154
cat_threshold=4194304 69632 1026 268435456 67176448 68157440 2192247000 169608196 1064968 12591104 294944 26611985 268993056 1073807360 83912713 1787896943 143056912 1812201570 59821660 536944648 2214625546 32768 101712904 805327108 4194336 67109192 33153 2367816344 9183236 144703488 16673 128 38076448 1614187728 254331921 1610694660 20980002 4227104 8667136 671089184 4259890 16804096 270811408 35660112 2138112 10519680 9961492 67616 17728 1174940984 61615636 287399952 546343170 256 33800 563118592 43 3081 17825792 41986824 4456480 33559872 159948800 1078198312 3080 36865 113281692 811008 134218816 268591104 41 40 70494312 10670269 67 2282750017 49160 52 268437548 2148663296 138412288 2248179736 17338624 2147483648 218130432 738206213 73418817 1142195460 2269248 32769 0 4194560 16777288 822083840 3221225475 67108864 0 8 270336 134217728 288 545751686 134352897 268435480 43010 4227072 1 536870912 2162722 524288 2754609281 272630016 16 536870912 150995232 2097152 5243041 143655428 37814272 1280 34081824 33562628 2164264992 2149581076 0 4195336 4100 4456450 134349824 1074274608 25700356 337948 16777296 8397056 20971528 536887588 18 16777536 2360384 84443136 526344 50334208 1073741824 18096136 2214627344 256 16777280 8438016 2147483648 67241025 1745092608 17829440 0 25201688
is_linear=0
shrinkage=0.05


Tree=80
num_leaves=45
num_cat=31
split_feature=8 8 3 3 1 2 8 2 8 8 2 2 2 2 3 2 2 1 2 2 2 8 8 2 2 6 1 2 2 8 8 2 2 2 2 10 10 10 3 1 1 3 2 2
split_gain=42.3354 96.5595 85.4536 82.6174 129.569 79.1521 75.4351 72.2508 72.0144 81.8682 62.2426 61.7092 59.6298 54.4469 48.6355 48.3746 38.0552 37.4394 37.2929 36.3139 32.347 30.0946 29.9941 26.893 26.515 26.2167 25.8889 24.9131 23.4099 22.9955 45.9757 39.8951 38.8822 27.9627 22.097 20.9982 20.4496 19.8986 19.8132 19.6672 19.6041 19.3268 18.8039 18.303
threshold=3.5000000000000004 7.5000000000000009 0 1 2 3 10.500000000000002 4 11.500000000000002 10.500000000000002 5 6 7 8 9 10 11 12 13 14 15 6.5000000000000009 2.5000000000000004 16 17 1.0000000180025095e-35 18 19 20 5.5000000000000009 4.5000000000000009 21 22 23 24 21.500000000000004 20.500000000000004 17.500000000000004 25 26 27 28 29 30
decision_type=2 2 9 9 9 9 2 9 2 2 9 9 9 9 9 9 9 9 9 9 9 2 2 9 9 2 9 9 9 2 2 9 9 9 9 2 2 2 9 9 9 9 9 9
left_child=7 2 5 4 28 16 -6 -1 9 11 -8 -5 36 -11 22 35 21 -13 -16 -14 -7 -2 23 -9 -24 34 -15 -20 -3 30 33 -32 41 -27 -21 -10 -4 42 39 -19 -17 -31 -28 -40
right_child=1 3 12 8 6 20 10 14 15 13 -12 17 19 26 18 40 -18 38 27 25 -22 -23 24 -25 -26 29 37 -29 -30 32 31 -33 -34 -35 -36 -37 -38 -39 43 -41 -42 -43 -44 -45
leaf_value=-0.0085736652370483231 0.001693065167137864 -0.0023596044409616604 0.011904605829557935 -0.0052686094815995073 0.0024895886445704175 -0.0068865303178838773 0.024983518866996724 0.017354998636887855 -0.0008377165471780357 -0.010254109165668402 0.010837189712253004 0.0044297831452710049 -0.0034315357025133 0.0030100209150763059 -0.004640732700356298 0.0022888113656941932 0.0031962684887374307 -0.0086057569791030911 0.0043814434602456268 -0.0027949634646162514 -0.0035869089385602627 0.052878589619653527 0.015202001747854821 0.0028496677757008371 -0.0050891454006639081 0.0070191338002430666 -0.0033222980829808015 -0.0011606274547338036 -0.010710080860098975 -0.002445310196649975 0.00014706447819042291 0.0098849545026620037 0.0032578962893042851 -9.1390596568041715e-05 0.0043987197260392024 -0.004294072805541344 -0.0021198875704299736 -0.0013826052901990849 -0.003444727961499128 0.011380755459183068 0.0051325672122584879 0.00037252106329838667 -0.0071623065234645792 -0.00064425152205799252
leaf_weight=3511 114 2465 2716 4950 4978 1271 1358 1040 3464 1763 2965 3695 1576 1062 6189 5338 4042 382 679 3545 7825 160 229 6308 3273 1482 2759 16074 1197 1833 1740 6152 14037 5408 2393 426 271 3100 6262 1163 3511 3926 6069 25025
leaf_count=3511 114 2465 2716 4950 4978 1271 1358 1040 3464 1763 2965 3695 1576 1062 6189 5338 4042 382 679 3545 7825 160 229 6308 3273 1482 2759 16074 1197 1833 1740 6152 14037 5408 2393 426 271 3100 6262 1163 3511 3926 6069 25025
internal_value=-0.00024926 0.00014848 0.00170026 -0.000959332 0.00270177 -0.00180301 0.00583718 -0.00174651 -0.0016476 -0.00241686 0.0106755 -0.00127902 0.00274235 -0.00561581 -0.00103544 0.0017466 0.00376791 -0.000567917 -0.00233967 0.00225642 -0.00444762 0.0214789 0.00172192 0.00353838 -0.00208452 0.00254651 -0.00448462 -0.00111257 -0.00525599 0.00307421 0.00456636 0.00717182 0.00195999 0.001582 -0.000522061 -0.00289744 0.00955956 -0.00515162 -0.00110529 0.00440514 0.00378711 -0.00149939 -0.00636611 -0.00137873
internal_weight=177726 140423 58491 81932 12963 13412 9301 37303 68969 56230 4323 41477 45079 14753 33792 12739 4316 36527 22942 42092 9096 274 10850 7348 3502 40516 12990 16753 3662 34578 14782 7892 19796 6890 5938 3890 2987 11928 32832 1545 8849 5759 8828 31287
internal_count=177726 140423 58491 81932 12963 13412 9301 37303 68969 56230 4323 41477 45079 14753 33792 12739 4316 36527 22942 42092 9096 274 10850 7348 3502 40516 12990 16753 3662 34578 14782 7892 19796 6890 5938 3890 2987 11928 32832 1545 8849 5759 8828 31287
cat_boundaries=0 1 2 5 12 19 26 32 39 46 47 54 61 64 71 78 85 92 99 102 109 116 123 130 136 143 144 146 149 150 157 164
cat_threshold=450 256 1890655169 1476558882 65 570431536 536881152 134250496 38152 9966112 268304 83902537 2684618753 83896616 8388864 416 138016 395284 16909312 0 2080 0 131072 1048576 0 131080 1881194752 163711056 144711680 8520968 553650304 2080 806948872 205652250 143130624 4202624 131202 1 674816 1090535436 8880 4202528 155451392 25184512 262144 67109888 98 536952836 2153808770 32800 17039376 268453924 2151940098 25861 0 10240 32768 0 512 266240 16384 2350910212 134258944 2 0 32768 4227072 33951744 34078720 1073741825 67127297 2147486113 8388640 8486 2097176 1083424 6619136 50331648 268517384 13632048 256 68157584 16795648 2097153 532480 8 541360192 57344 1048576 0 1075838976 67109120 8 37781504 32 262145 16384 3 256 536875019 1476534414 3 1080590880 8389120 134217730 4194369 17039360 65538 524288 17113088 0 0 32768 671629316 38010880 67112256 1074003984 40960 0 1081344 25690628 2147483696 67108864 270340 2099328 4194304 8655873 16777472 3221225504 262209 8196 2048 0 17408 16777472 2147483704 24580 64 0 2164659264 17301508 1073741824 8457 66 0 65536 39887630 335568938 5 16 537919504 1048840 32768 1048641 36 34 1 73728 2147492132 4 37748736 8393220 4194306 16795912
is_linear=0
shrinkage=0.05


Tree=81
num_leaves=45
num_cat=40
split_feature=8 0 8 0 3 0 2 3 0 0 3 0 2 0 2 2 3 0 0 0 3 0 2 1 2 0 2 3 0 2 2 1 0 2 1 0 5 8 0 0 2 2 3 0
split_gain=40.9047 165.932 82.027 125.302 174.33 92.792 77.2042 70.8333 132.621 66.0684 91.8829 109.554 79.6928 76.8439 62.7385 62.1646 61.3566 59.6407 59.3958 56.5233 55.5304 59.256 53.4602 52.0106 49.6898 51.3346 47.1611 46.2962 75.1141 45.1994 44.9167 44.0202 43.3928 43.3909 38.0361 37.946 37.6139 35.5298 56.5926 37.9342 39.5238 35.1816 33.5017 35.111
threshold=3.5000000000000004 0 7.5000000000000009 1 2 3 4 5 6 7 8 9 10 11 12 13 14 15 16 17 18 19 20 21 22 23 24 25 26 27 28 29 30 31 32 33 78.500000000000014 9.5000000000000018 34 35 36 37 38 39
decision_type=2 9 2 9 9 9 9 9 9 9 9 9 9 9 9 9 9 9 9 9 9 9 9 9 9 9 9 9 9 9 9 9 9 9 9 9 2 2 9 9 9 9 9 9
left_child=1 24 5 4 31 7 17 8 -2 14 11 20 13 -12 -5 -7 37 42 33 29 -11 -22 -14 -20 -1 -26 35 28 34 -10 -29 -4 -24 -9 -16 -13 -34 38 -6 -39 -41 -27 -3 -44
right_child=2 6 3 9 16 15 -8 18 19 10 12 26 22 -15 27 -17 -18 -19 23 -21 21 -23 32 -25 25 41 -28 30 -30 -31 -32 -33 36 -35 -36 -37 -38 39 -40 40 -42 -43 43 -45
leaf_value=-0.0063471491079144411 0.022890263866722639 -0.010865061825941597 -0.016666327277313899 -0.0044126392956540831 0.0059324094121545878 -0.0056402796544972713 -0.0026866660983135282 0.0099608816142545478 -0.0099628142803422359 0.015166419377220708 -0.0010453889006590388 -0.0089551152188599385 -0.0081813904314246514 0.012160826518688668 -0.0024046027537413918 0.0002338947835359484 -0.0050227333433451229 -0.0055246593814847755 0.0041515743737125521 0.0079468747544510724 0.030637919067785548 -0.010684436281648441 0.0028268167984194627 -0.0012917439727464397 0.0076910125862300841 -0.00075408572577275736 -0.0014480253167712177 0.012057281711094704 -0.0037521807436376566 0.0037613460050426543 0.0022506992550083262 0.01758765865671651 -0.0043961678122776465 0.0013419363214208114 0.016031353735601217 -0.0039379404021169578 0.00030028955164121965 -0.017735256580619117 -0.0097245705155617704 -0.0036682739946906767 -0.014090512972260084 0.005427182941644149 -0.020181791495866495 -0.0010493252466741265
leaf_weight=1217 2423 1402 125 2440 450 3345 11733 3514 954 1122 2557 4740 2397 3194 467 23062 4796 4387 3279 8956 114 330 9392 7803 4809 9431 3735 1508 4319 1603 15743 1587 6626 3552 809 3144 8327 889 1217 1114 790 3133 528 663
leaf_count=1217 2423 1402 125 2440 450 3345 11733 3514 954 1122 2557 4740 2397 3194 467 23062 4796 4387 3279 8956 114 330 9392 7803 4809 9431 3735 1508 4319 1603 15743 1587 6626 3552 809 3144 8327 889 1217 1114 790 3133 528 663
internal_value=-0.000256012 -0.00172774 0.000134949 -0.000886101 -0.00585717 0.0015652 -0.00504994 0.00337135 0.00605191 -0.000116944 -0.00125197 -0.00477075 0.000176907 0.0055112 0.00193311 -0.000630276 -0.00856896 -0.00921316 0.00131072 0.00380543 0.00761421 -0.00726872 -0.00097189 -0.000973675 0.00161828 0.00230398 -0.00644509 0.00274764 -0.00120428 -0.0027464 0.00402931 0.00876887 -0.000268939 0.00488977 0.00940902 -0.00863947 -0.00194146 -0.0127964 -0.00704859 -0.0162728 -0.012069 0.000620328 -0.0152324 -0.00886761
internal_weight=177726 37303 140423 81932 10968 58491 18713 32084 13936 70964 45678 13185 32493 5751 25286 26407 9256 6980 18148 11513 1566 444 26742 11082 18590 17373 11619 22846 5595 2557 17251 1712 24345 7066 1276 7884 14953 4460 1667 2793 1904 12564 2593 1191
internal_count=177726 37303 140423 81932 10968 58491 18713 32084 13936 70964 45678 13185 32493 5751 25286 26407 9256 6980 18148 11513 1566 444 26742 11082 18590 17373 11619 22846 5595 2557 17251 1712 24345 7066 1276 7884 14953 4460 1667 2793 1904 12564 2593 1191
cat_boundaries=0 2 4 5 7 14 15 17 19 20 22 29 31 38 45 46 48 50 52 53 55 62 65 72 74 81 82 84 91 97 100 102 109 111 113 115 117 124 131 132 134
cat_threshold=2686649340 197167129 536871428 8423424 258 3761670866 211324417 541146113 603990296 0 37024 8525824 1074006040 9281 36 1048578 68159488 3229721600 35411012 82 67109120 16908288 1050649 68160364 2 2232368 16785413 1073809425 16908544 68421962 88219648 555745288 2298487564 136314912 4194696 16788260 1077936128 134349824 2415919361 56655904 4194598 153223185 553658372 6356992 151519232 20 1083190274 3149828 2147650240 35841 2147648000 1024 16 0 16777216 536907780 14811136 4218884 222306432 680024192 2147483658 540680 1412505647 1140883738 21 537135104 2231402792 12845344 257 526624 0 3080 588 16812040 1074790416 80 8388608 2182218752 419438596 1 67258625 76 2155872256 4160 90112 1048576 32768 1081352 18688 51 8200 75776 2128 8448 67403776 8388608 2147485728 536870913 1073741824 1 137756675 4194832 1074800640 33597746 8388608 2147516416 528388 327696 84033601 37945408 67108864 138020915 4194320 0 34816 0 34816 2121728 0 0 2147648512 0 0 257 268460081 8398864 32768 2199294016 554696704 2147483698 147521 24 9216 2101252
is_linear=0
shrinkage=0.05


Tree=82
num_leaves=45
num_cat=38
split_feature=2 5 0 1 2 0 1 3 0 3 1 0 0 0 0 8 0 3 3 0 2 4 2 0 5 1 0 0 9 0 8 0 2 3 0 2 0 3 0 0 2 2 2 2
split_gain=40.6298 40.8679 51.1691 49.8099 48.5089 44.9774 42.2822 36.9838 91.9869 42.8699 36.1244 44.3615 31.2302 29.255 27.6045 27.6639 26.3535 47.7135 32.3623 25.7214 26.7196 25.5765 25.4219 58.8124 24.5302 36.037 44.7836 33.2991 24.3521 24.1014 33.407 37.2585 28.7198 28.0296 49.2373 23.9914 27.2217 36.3344 29.7479 25.0506 26.2809 22.5557 22.0695 22.0011
threshold=0 76.500000000000014 1 2 3 4 5 6 7 8 9 10 11 12 13 6.5000000000000009 14 15 16 17 18 3.5000000000000004 19 20 26.500000000000004 21 22 23 1.0000000180025095e-35 24 1.5000000000000002 25 26 27 28 29 30 31 32 33 34 35 36 37
decision_type=9 2 9 9 9 9 9 9 9 9 9 9 9 9 9 2 9 9 9 9 9 2 9 9 2 9 9 9 2 9 2 9 9 9 9 9 9 9 9 9 9 9 9 9
left_child=-1 5 3 22 12 6 13 8 9 -8 11 -7 -4 -2 15 -11 17 -12 21 -5 -21 -18 23 -3 25 26 -9 -27 -28 30 31 -24 -31 42 -35 36 37 38 -6 40 -37 -20 -32 -41
right_child=1 2 4 19 35 10 7 24 -10 14 16 -13 -14 -15 -16 -17 18 -19 41 20 -22 -23 29 -25 -26 27 28 -29 -30 32 33 -33 -34 34 -36 39 -38 -39 -40 43 -42 -43 -44 -45
leaf_value=-0.0082217197544164934 0.018291855570095408 -0.016113980586023199 0.0081333930477375926 -0.00036494785291866231 -0.0076576555880161941 -0.0055925486673204855 0.0028796109496462829 -0.0017425350053892038 0.0044148968708742518 -0.013754862830617044 -0.0031189418614083753 0.00037956269989553038 0.0014992543371735003 0.0011267494209533213 -0.011648862918433046 0.0049665303077896655 -0.0029743021525780126 0.005188011844698243 0.012698722022937581 -0.00057207068028681813 0.0049588628093458547 -0.02479873053714006 0.001411961208036014 -0.0025376544452886066 -0.0025326763034626276 8.0253149251086064e-06 -0.014305117799493448 -0.007345272382994439 -0.0088755969141111231 0.0064046802802568198 0.0052327123072347884 -0.010825950160615628 -0.0011524884550603743 -0.018846188780348286 -0.0024085487604302461 -0.01646281379306733 0.0035907350631401605 0.0029295036548669276 -0.0012786164805007163 -0.0031471487747535055 -0.0026555587783695491 0.00046763625772165977 -0.0011190762001613952 0.0013641073486934108
leaf_weight=370 475 565 7428 12436 660 3833 766 1156 4365 283 1997 5527 7294 1409 1137 444 4763 8736 567 3931 5934 268 288 1416 14672 3119 1256 2422 1262 1236 906 545 10159 687 1442 208 12863 9923 7745 2046 5710 10657 5203 9617
leaf_count=370 475 565 7428 12436 660 3833 766 1156 4365 283 1997 5527 7294 1409 1137 444 4763 8736 567 3931 5934 268 288 1416 14672 3119 1256 2422 1262 1236 906 545 10159 687 1442 208 12863 9923 7745 2046 5710 10657 5203 9617
internal_value=-0.000247009 -0.000211991 0.000394486 -0.000900398 0.001307 -0.00116185 -0.00250488 -0.00294898 0.000249822 -0.00712121 4.95077e-05 -0.0026254 0.00382161 0.00475185 -0.011206 -0.00345997 0.00097785 0.00289956 -0.000292038 0.000773161 0.00267848 -0.00362031 -0.00256268 -0.00796082 -0.00388542 -0.00590884 -0.00974484 -0.00334174 -0.0134889 -0.00203653 -0.00395882 -0.0135054 -0.000504165 -0.0029983 -0.00792426 0.000547333 0.00137976 0.000141782 -0.0022757 -0.000929453 -0.00357625 0.00120171 -0.00126655 0.000415489
internal_weight=177726 177356 108242 44748 63494 69114 32766 30882 6995 2630 36348 9360 14722 1884 1864 727 26988 10733 16255 22301 9865 5031 22447 1981 23887 9215 3674 5541 2518 20466 9071 833 11395 8238 2129 48772 31191 18328 8405 17581 5918 11224 6109 11663
internal_count=177726 177356 108242 44748 63494 69114 32766 30882 6995 2630 36348 9360 14722 1884 1864 727 26988 10733 16255 22301 9865 5031 22447 1981 23887 9215 3674 5541 2518 20466 9071 833 11395 8238 2129 48772 31191 18328 8405 17581 5918 11224 6109 11663
cat_boundaries=0 6 8 11 18 20 23 24 26 27 30 32 34 36 38 40 41 42 44 51 58 60 62 64 66 68 70 77 78 80 87 89 90 92 94 101 108 115 122
cat_threshold=0 69632 1024 0 67110912 68157440 1689071119 44212224 1342202563 277021056 92 152084480 37750786 8667716 34660352 136 1073813520 397392 169381300 141049428 2157971494 1342246982 4 142 34052 2626580 136 806439814 2199906 3 67117577 60047368 2315255952 206326848 1050928 2107392 32768 4112 2105354 60080136 204 160 604250631 33562624 268697600 2283012612 8448 33603624 17833984 1074069504 256 5243136 2 8388644 136323072 65664 4194313 263232 11010048 172032 138715200 12583089 33590656 14356 558388 138936896 1612719104 10616832 538968064 10485760 536870912 131328 262144 64 147488 35651586 65536 56 2097152 2228224 268714128 2148835396 532480 2281706560 16810244 6553604 71311369 168951824 205806593 216 0 67108864 2148532256 22299144 0 134217728 2097152 128 268435968 8 134217728 512 0 0 262144 0 65537 67108936 1073817616 33152 0 0 536871424 32 67108864 3223322881 629277057 4194338 14680081 578834432 2181038080 65568
is_linear=0
shrinkage=0.05


Tree=83
num_leaves=45
num_cat=40
split_feature=8 0 8 0 3 0 3 0 3 0 0 1 3 1 0 1 3 1 3 0 1 1 1 0 1 0 1 3 0 8 0 0 1 1 0 1 0 0 3 0 1 1 5 0
split_gain=39.1721 141.575 75.0568 115.204 140.441 87.2772 70.5968 106.311 53.2932 79.2575 60.6449 56.1853 52.4202 50.7479 49.9415 56.7988 50.8201 48.4476 47.5211 46.1861 46.0756 43.5939 43.0153 42.1448 42.0946 40.0823 39.741 39.4658 139.867 39.4557 42.8624 39.3909 37.4457 35.8168 34.5546 32.9051 32.2658 31.9371 39.8685 30.0552 29.9113 29.7795 39.7736 27.98
threshold=3.5000000000000004 0 7.5000000000000009 1 2 3 4 5 6 7 8 9 10 11 12 13 14 15 16 17 18 19 20 21 22 23 24 25 26 11.500000000000002 27 28 29 30 31 32 33 34 35 36 37 38 13.500000000000002 39
decision_type=2 9 2 9 9 9 9 9 9 9 9 9 9 9 9 9 9 9 9 9 9 9 9 9 9 9 9 9 9 2 9 9 9 9 9 9 9 9 9 9 9 9 2 9
left_child=1 31 5 4 23 6 7 -2 9 11 26 -7 -3 -11 16 37 20 25 29 -8 -5 -12 -18 -4 -25 -14 -10 28 35 -6 -31 41 -21 -29 -9 -17 -35 38 -16 -34 -13 -1 -43 -20
right_child=2 12 3 14 18 8 19 34 10 13 21 40 17 -15 15 27 22 -19 43 32 -22 -23 -24 24 -26 -27 -28 33 -30 30 -32 -33 39 36 -36 -37 -38 -39 -40 -41 -42 42 -44 -45
leaf_value=-8.6801315960671754e-05 0.021763998066032443 0.0066396662706465831 -0.0035783508535806919 -0.0046894961089041847 -0.0050758859889168733 0.0033828080608998279 0.0080599576177688478 -0.0031404381220715206 0.003137614152193552 -0.0062017575153872299 -0.0013515434733608945 -0.005671716647796316 -0.0092284856737752108 0.0025929783568222481 0.029025401568690601 0.008524620711345493 -0.0017372119214662087 -0.0029372074700464547 -0.0037912277683671588 0.0073780927897941721 0.0039237915113608966 0.007062159564240467 0.0064615556304895242 0.022898134912438639 0.00086793890581746136 -0.0049075598990562857 -0.0030553494138124363 -0.0036489582997573603 -0.0059815101796345084 0.029728742096521123 0.0013390502747316181 0.0003012938344753302 -0.0082212512906387706 -0.002207201551907284 0.0076775207094137328 9.0510485107764274e-05 0.0017023754928923108 0.00068489049015951764 0.0054780847896018121 -0.0001187535805268869 -0.01449251804590619 0.033180628195477971 0.0086024587249383996 -0.0081399836480873372
leaf_weight=1232 2423 1113 994 3850 4877 226 3687 1325 2506 2282 3325 1358 3974 5678 576 1536 1950 8810 2520 1357 4168 8397 8437 1229 850 4816 5613 3779 8266 190 730 15041 1256 8900 8122 1799 16411 2907 1811 9059 1877 215 2102 6152
leaf_count=1232 2423 1113 994 3850 4877 226 3687 1325 2506 2282 3325 1358 3974 5678 576 1536 1950 8810 2520 1357 4168 8397 8437 1229 850 4816 5613 3779 8266 190 730 15041 1256 8900 8122 1799 16411 2907 1811 9059 1877 215 2102 6152
internal_value=-0.000241945 -0.00168217 0.000140646 -0.000836059 -0.00442685 0.00150878 0.00357759 0.00647306 -0.000294193 -0.00301373 0.00127198 -0.00932008 -0.00475084 -0.000263488 0.000142857 -0.000738124 0.0023432 -0.00541738 -0.00648871 0.00133711 -0.000647733 0.00357143 0.00465038 0.00527084 0.00931067 -0.00804545 -0.00204822 -0.0013722 -0.00383688 -0.00297055 0.00652174 0.0014086 -0.000205444 -0.000388316 0.00406577 0.00479821 0.000290273 0.00412896 0.00840634 -0.00123487 -0.0110169 0.00613936 0.00947572 -0.00883437
internal_weight=177726 37303 140423 81932 17542 58491 27229 11870 31262 11421 19841 3461 18713 7960 64390 45985 18405 17600 14469 15359 8018 11722 10387 3073 2079 8790 8119 40691 11601 5797 920 18590 11672 29090 9447 3335 25311 5294 2387 10315 3235 3549 2317 8672
internal_count=177726 37303 140423 81932 17542 58491 27229 11870 31262 11421 19841 3461 18713 7960 64390 45985 18405 17600 14469 15359 8018 11722 10387 3073 2079 8790 8119 40691 11601 5797 920 18590 11672 29090 9447 3335 25311 5294 2387 10315 3235 3549 2317 8672
cat_boundaries=0 2 4 5 7 8 10 11 13 15 17 18 21 23 26 27 30 31 33 36 38 41 43 46 48 51 52 54 55 57 60 62 64 67 69 71 72 74 77 80 81
cat_threshold=2686649340 197167129 536871630 8431616 386 2687765202 211324417 36 1048578 68159488 390 75013 36044812 1082721324 54538240 536879136 134250632 66 33955847 1543504028 25 2155938816 37507140 209846544 268448133 26 228 1076070465 10522888 6 96 2147484160 35841 2688750533 134414468 1 2952962081 1545609499 3759190021 1476530197 90 2 40960 37978630 67174476 64 1150331904 3674116 2487562432 1413480707 71 18 1140891904 16908288 10 524 34816 1409359913 67141786 16 268724361 100712482 2147484160 1024 38117440 1073741824 1 67641632 218103817 136970289 201458696 256 1048578 1048576 36999172 1082134784 19 541327655 1285554182 3 194
is_linear=0
shrinkage=0.05


Tree=84
num_leaves=45
num_cat=39
split_feature=2 6 6 2 0 2 0 0 2 2 0 2 2 2 2 0 2 0 2 2 3 0 3 0 0 2 2 2 8 6 3 0 0 2 2 0 0 8 0 2 0 0 0 0
split_gain=42.0922 36.8236 47.8081 59.9365 50.7476 47.7063 47.2714 45.9651 65.5351 43.1948 38.0451 50.6886 46.4577 42.5842 34.5585 33.4301 29.7652 29.4612 27.3568 25.9512 25.6498 29.2129 23.5172 79.7348 65.1468 50.1278 32.9747 31.4994 23.5003 23.421 26.8918 38.6018 33.3196 31.0459 25.0155 32.9516 22.4882 22.2959 78.3052 23.2546 23.5834 22.2321 21.6192 21.3423
threshold=0 2.5000000000000004 4.5000000000000009 1 2 3 4 5 6 7 8 9 10 11 12 13 14 15 16 17 18 19 20 21 22 23 24 25 9.5000000000000018 3.5000000000000004 26 27 28 29 30 31 32 10.500000000000002 33 34 35 36 37 38
decision_type=9 2 2 9 9 9 9 9 9 9 9 9 9 9 9 9 9 9 9 9 9 9 9 9 9 9 9 9 2 2 9 9 9 9 9 9 9 2 9 9 9 9 9 9
left_child=-1 10 3 6 5 17 -3 8 -5 43 11 -2 20 -13 15 -9 -11 28 -14 41 -12 -22 24 25 -20 -24 36 -25 -4 30 32 -32 33 -16 35 -31 -26 39 -39 40 -28 -7 -41 -6
right_child=1 2 4 7 9 19 -8 14 -10 16 12 13 18 -15 29 -17 -18 -19 22 -21 21 -23 23 27 26 -27 37 -29 -30 34 31 -33 -34 -35 -36 -37 -38 38 -40 42 -42 -43 -44 -45
leaf_value=-0.0075878751100717295 0.008757685156911799 0.0014801216843229493 0.0010953878615725388 0.0027845322630435047 -0.0081424799551870382 0.0023716827867059976 0.013626501451668849 -0.0077956450942217263 -0.0025830999225184173 0.0030348425261240461 -0.0013239871544418859 0.0024229809269252335 -0.0054384023898638948 -0.0029147707064951737 -0.0075457372431801534 0.00066758223155306557 0.0003187670521548003 0.0059531088436967222 -0.005934897642872256 -0.0030705238372986665 0.00084544038111318282 0.016480897194716106 0.00086641363032239358 -0.00086095365785304745 -0.0004098593368925818 -0.0062102851030779622 -0.0031673512224786541 0.0039920302049027247 -0.007483117636820958 0.010076879064750367 -0.0036143042643326465 0.0059154925038957529 0.0018073308812835754 0.0032015589195276807 0.001538000203112533 0.0042043242778533607 0.0063127438390772235 0.021758127668617247 -0.002600570802841512 -0.011285165121224905 0.0019002156967197871 -0.0088125664266039301 -0.0027159435372633546 -0.0030158249439315114
leaf_weight=370 2432 1926 1025 6508 609 252 2001 805 10373 2860 963 11493 4004 7221 1668 1017 21252 2206 10019 14561 651 843 3920 8227 1148 6802 3035 8824 527 1085 2128 6660 4067 588 6067 7509 1217 789 1242 1903 3548 719 1750 912
leaf_count=370 2432 1926 1025 6508 609 252 2001 805 10373 2860 963 11493 4004 7221 1668 1017 21252 2206 10019 14561 651 843 3920 8227 1148 6802 3035 8824 527 1085 2128 6660 4067 588 6067 7509 1217 789 1242 1903 3548 719 1750 912
internal_value=-0.000218876 -0.000183237 0.000470074 0.00149613 -0.000726799 -0.00266321 0.00742951 0.00101372 -0.0010923 0.000731194 -0.000977746 0.000841369 -0.00163087 -4.27259e-05 0.00213897 -0.00453057 0.00124782 0.00238854 -0.00192424 -0.00388624 0.00508715 0.00917553 -0.00161918 -0.000620883 -0.0027432 -0.00399739 -0.00061467 0.00150343 -0.00288092 0.00254852 0.00116802 0.00295522 -0.00131849 -0.00617829 0.00397313 0.00570665 0.00477895 -0.00165757 0.00312654 -0.00260844 -0.000826634 -0.0117737 -0.00580126 -0.00741346
internal_weight=177726 177356 97325 52402 44923 19290 3927 48475 16881 25633 80031 21146 58885 18714 31594 1822 24112 3758 56428 15532 2457 1494 52424 27773 24651 10722 14632 17051 1552 29772 15111 8788 6323 2256 14661 8594 2365 12267 2031 10236 6583 971 3653 1521
internal_count=177726 177356 97325 52402 44923 19290 3927 48475 16881 25633 80031 21146 58885 18714 31594 1822 24112 3758 56428 15532 2457 1494 52424 27773 24651 10722 14632 17051 1552 29772 15111 8788 6323 2256 14661 8594 2365 12267 2031 10236 6583 971 3653 1521
cat_boundaries=0 6 13 15 22 24 26 33 40 42 49 56 63 70 72 79 81 88 95 96 98 99 101 103 110 117 124 125 127 129 136 143 145 147 149 156 158 160 162 164
cat_threshold=0 69632 1024 268435456 67110912 1048576 1672 541065250 8405248 84148248 537289508 4198401 917536 45559580 137503745 18171916 2172652304 32 8438033 1572884 65568 540928 2383849358 105932868 681116768 63220288 2320 2224065032 32768 16385 277348352 3221225530 218128457 2099464 2160066850 32 12845193 940572836 1073807362 16777472 2158035392 211075136 807404584 46139396 4759556 1048705 9437184 67618 67781640 35127296 33857677 2147485762 33 268730384 2149847040 134217760 1073741828 537919586 8404992 2189575488 532516 3255042049 16777473 2115873 33587716 134225924 2097185 8454288 3255042090 16778304 1143218828 136446996 285274113 235012180 134217728 12352 25739776 2147485696 132160 10561540 139265 2684355840 765462608 13107232 69206016 8405536 4196482 394248 32768 139460608 4194560 153092168 16785408 3225419779 1024 26 1074406947 50343957 464 67644933 2761756 136053818 37755393 268435480 256 2359552 54662336 538447872 1073741832 83888193 8212 32 32768 32784 151527424 65552 8256 32784 2147615488 2146560 59002960 554176512 40 26625 148 2248149248 68288512 1140893711 9 1073750016 0 0 2182251520 0 0 2049 538259476 218104272 0 2161279040 403705856 0 67117312 1073873408 2621440 1073783297 16778268 10245 2622476 1075927048 1049088 0 2147747200 1048580 33554432 542721 1107429380 19406852 10813952 8193 637536260 656408 3221749763 21501976
is_linear=0
shrinkage=0.05


Tree=85
num_leaves=45
num_cat=36
split_feature=5 10 0 2 2 0 0 2 6 0 2 2 5 0 2 0 2 0 2 2 0 0 2 0 2 5 2 8 0 0 0 1 1 2 0 5 6 2 0 2 0 0 0 2
split_gain=41.9888 42.8295 58.3099 52.1551 42.8197 70.001 45.3306 41.0287 40.6611 43.3587 39.5312 38.3212 34.3774 32.7961 41.3828 37.435 35.665 43.775 30.8404 30.8118 32.9988 27.9933 26.4721 25.5288 30.6485 24.5964 23.4405 23.3323 39.6995 23.2809 23.0965 34.0339 24.9861 22.2479 21.8178 21.3027 20.5962 27.1289 30.4792 23.6222 27.2586 25.0052 20.3466 20.303
threshold=378.50000000000006 10.500000000000002 0 1 2 3 4 5 5.5000000000000009 6 7 8 49.500000000000007 9 10 11 12 13 14 15 16 17 18 19 20 66.500000000000014 21 4.5000000000000009 22 23 24 25 26 27 28 1.0000000180025095e-35 1.5000000000000002 29 30 31 32 33 34 35
decision_type=2 2 9 9 9 9 9 9 2 9 9 9 2 9 9 9 9 9 9 9 9 9 9 9 9 2 9 2 9 9 9 9 9 9 9 2 2 9 9 9 9 9 9 9
left_child=1 2 3 -1 5 -2 7 27 11 26 -4 21 29 14 15 -13 17 -15 -12 20 -11 -3 34 -20 -25 30 -10 28 -6 -5 32 -32 -16 -27 -14 -31 39 38 -38 40 -18 -41 -24 -8
right_child=4 8 10 12 6 -7 43 -9 9 19 18 13 22 16 25 -17 36 -19 23 -21 -22 -23 42 24 -26 33 -28 -29 -30 35 31 -33 -34 -35 -36 -37 37 -39 -40 41 -42 -43 -44 -45
leaf_value=-0.0081149220729130507 -0.013698309829690404 0.001154437068617198 0.0043626550944494413 0.0017732352798289109 0.0073657972593467406 0.0011468443344071267 0.00012197227070763761 0.0070645750791345999 -0.0044222214937293556 -0.0016218988866091466 -0.002151931670616758 0.011533248449348766 0.00099664997537004542 0.010644855894893945 0.0008763904402756457 -0.00044843698387029288 -0.013211750302568338 0.00046702276641746865 -0.0077385341520745865 -0.00249469095981138 -0.011897804432306201 -0.0081048799051490657 -0.0068986361691285251 -0.0099708628101088746 -0.0026918075307141745 -0.0031330952915058444 0.0019775215442297267 8.7801781341934063e-06 -0.008171315586608708 0.011015806785292093 0.00083171083321764705 -0.0051843580998639617 -0.0051104411824793028 0.00061499515049079638 0.0079338762618366976 -0.0055966158249657564 0.0019657955294882456 0.0017270510593024868 -0.005303770138885589 0.0083508434862434085 -0.0019178034485165308 -0.00044983087005907586 0.00079119394429078005 0.0083497586099652854
leaf_weight=1242 934 553 1515 1375 397 2339 1413 1800 917 746 15692 1698 2653 2289 1470 1865 503 2599 4520 8773 868 1039 498 832 6037 3532 3254 3396 1145 370 7364 2553 5292 20428 4852 3901 1705 27205 2070 1508 886 12947 3862 6889
leaf_count=1242 934 553 1515 1375 397 2339 1413 1800 917 746 15692 1698 2653 2289 1470 1865 503 2599 4520 8773 868 1039 498 832 6037 3532 3254 3396 1145 370 7364 2553 5292 20428 4852 3901 1705 27205 2070 1508 886 12947 3862 6889
internal_value=-0.000211562 -0.000472044 -0.00173288 0.000434366 0.00205592 -0.00312214 0.00318272 0.000133373 6.06796e-05 -0.00240418 -0.00315318 0.000428692 0.00113863 0.000556691 -0.000443319 0.00471592 0.00141139 0.00547162 -0.00359344 -0.004131 -0.010468 -0.00724095 0.00266751 -0.00557505 -0.00364152 -0.000896701 0.00190146 -0.00222312 -0.00732815 -0.00207226 -0.00237125 -0.000831067 -0.00462197 0.000129382 0.0044644 -0.00388928 0.000986463 0.0017366 -0.0022325 -0.000479677 -0.00668335 0.000120982 -0.000434783 0.00565448
internal_weight=177726 159413 47349 18753 18313 3273 15040 6738 112064 14558 28596 97506 17511 95914 44202 3563 51712 4888 27081 10387 1614 1592 11865 11389 6869 40639 4171 4938 1542 5646 16679 9917 6762 23960 7505 4271 46824 30980 3775 15844 1389 14455 4360 8302
internal_count=177726 159413 47349 18753 18313 3273 15040 6738 112064 14558 28596 97506 17511 95914 44202 3563 51712 4888 27081 10387 1614 1592 11865 11389 6869 40639 4171 4938 1542 5646 16679 9917 6762 23960 7505 4271 46824 30980 3775 15844 1389 14455 4360 8302
cat_boundaries=0 2 9 16 18 20 27 29 36 43 45 52 54 61 63 70 77 79 81 88 90 97 104 106 108 110 113 115 122 124 131 133 140 142 144 146 153
cat_threshold=2192279768 168690692 3221229856 2183137558 8192 4199432 9451524 4456458 134219008 256 618692912 292 2164261089 151044256 38010880 67373056 1075839668 38282240 3767774216 229933569 537249936 1048646 32768 134272000 9441280 1073741840 20996353 1275068480 92594260 36865 46170782 811264 134217792 285524000 2147483689 134217760 2151680001 134421129 9175078 134217728 268437505 128 33820708 177745213 177088532 1611400744 71336230 2097152 83886241 393348 4456464 17432640 1573181 655376 285226880 549503264 576 20971712 536887312 37816322 201457664 1611072130 17843200 1074806824 2148534560 138444800 2256700688 536879104 2 67135496 1610620932 8192 32800 21237832 553698052 4456450 8 547663617 5245449 706283025 167799376 17039364 8744 2097440 2182217745 268436224 3221291008 16934921 1074005762 2142288 805371904 16777280 2097152 23072929 8913408 1078001664 132160 1074020360 64 0 427264 134217984 327714 256 2147483656 151027713 42467328 33816576 169346080 532500 38928416 1149239313 71 98400 4194466 270532880 596639824 138420224 10485824 537944096 1073809409 134300928 36208712 33554436 1076199460 8198 2097152 75501593 557568 2147745824 16786760 69206082 90182729 536870928 2231369746 136315136 4096 8401664 8 16793600 2214690816 68175432 2097152 68157504 0 132096 1342193668 2147491976 8388608 134217984 12544 34 151011368
is_linear=0
shrinkage=0.05


Tree=86
num_leaves=45
num_cat=21
split_feature=2 5 2 2 10 10 6 2 6 2 6 2 2 2 2 6 6 2 2 2 5 5 2 8 10 8 2 2 3 8 3 5 3 2 8 2 4 5 5 2 8 8 5 5
split_gain=36.6994 36.1675 45.4783 44.3792 38.4496 43.0022 39.9948 38.5364 37.2207 32.0525 30.2929 30.8721 27.3072 26.4278 23.9011 21.7812 35.3597 35.3307 28.1355 23.2777 22.7872 20.9089 20.5344 20.361 29.9615 21.7535 19.3421 19.1558 18.7364 17.0283 20.8302 19.39 20.2587 17.4963 15.539 16.0548 15.9846 19.1084 15.5343 15.0903 15.0813 27.7065 14.4142 15.8802
threshold=0 246.50000000000003 1 2 10.500000000000002 5.5000000000000009 3.5000000000000004 3 5.5000000000000009 4 1.5000000000000002 5 6 7 8 4.5000000000000009 3.5000000000000004 9 10 11 33.500000000000007 1698.0000000000002 12 1.5000000000000002 19.500000000000004 2.5000000000000004 13 14 15 7.5000000000000009 16 102.50000000000001 17 18 3.5000000000000004 19 2.5000000000000004 106.50000000000001 196.50000000000003 20 11.500000000000002 10.500000000000002 4.5000000000000009 174.50000000000003
decision_type=9 2 9 9 2 2 2 9 2 9 2 9 9 9 9 2 2 9 9 9 2 2 9 2 2 2 9 9 9 2 9 2 9 9 2 9 2 2 2 9 2 2 2 2
left_child=-1 2 -2 -3 5 13 9 42 10 -7 11 -6 -12 28 -10 16 18 -18 20 -17 23 27 -13 24 -14 -25 -11 -5 -4 30 33 32 39 38 35 -28 -36 40 -19 -31 41 -38 -8 -44
right_child=1 3 4 21 8 6 7 -9 14 26 12 22 15 -15 -16 19 17 29 -20 -21 -22 -23 -24 25 -26 -27 34 -29 -30 31 -32 -33 -34 -35 36 -37 37 -39 -40 -41 -42 -43 43 -45
leaf_value=-0.0069393573936737092 -0.0049885103355204359 0.0059466448226079167 0.010670333370100305 -0.0027899731206708247 -0.0072745037616107483 -0.0079274618908940272 -0.014365409721064393 0.00087003335324082893 -0.0053152699723899022 0.0054174054059512372 -0.0023112285823958137 0.0096486272687235537 -0.0012649570542408674 -0.003753875503302884 -0.0011443836048501189 -0.00098271759441950486 0.0099301013071853138 0.01205167005964527 0.0037598592181736835 0.0025666490441253187 0.0006393721448461954 0.012872707099189241 -0.00062695804573744687 -0.014830058022623556 0.042576377963595119 -0.0029498109382806838 -0.017811261034770588 0.00043579824970101382 0.00099383098212368903 0.010531018707201318 0.002848552497396151 0.0050204012775758372 -0.0020408010300416281 0.003393183819682333 -0.0017158150873438196 -0.0052871539317642996 -0.014548831241352894 -0.0010545083272059663 -0.00050215024836546278 -0.00053055152282251714 0.010840736155457704 -0.018359339238559182 -0.0027321872002135095 -0.0090015439862135005
leaf_weight=412 2137 5162 1793 2290 1650 6039 71 9978 1891 877 3073 647 264 1077 10579 9155 1264 670 11722 2478 9141 681 24351 317 102 3158 789 37014 1881 398 3760 1687 2421 1506 9927 1917 656 946 109 562 77 201 2295 601
leaf_count=412 2137 5162 1793 2290 1650 6039 71 9978 1891 877 3073 647 264 1077 10579 9155 1264 670 11722 2478 9141 681 24351 317 102 3158 789 37014 1881 398 3760 1687 2421 1506 9927 1917 656 946 109 562 77 201 2295 601
internal_value=-0.000201434 -0.000166362 -0.000583731 0.00105544 -0.000464472 -0.00177508 -0.00239134 -0.000196987 9.95545e-05 -0.00371693 0.000502964 -0.000866857 0.00120783 0.00268365 -0.00243785 0.00149618 0.00208867 0.00427002 0.00099579 -0.000391129 -0.000608067 0.000491311 -0.000427863 -0.00384015 0.00737705 -0.00502158 -0.0025 0.000340932 0.00469598 0.00335791 0.00515302 0.00122336 -0.000961254 0.00891068 -0.00293672 -0.00635625 -0.0021555 -0.00638298 0.015019 0.00515464 -0.0114561 -0.0133606 -0.00518979 -0.0046616
internal_weight=177726 177314 132167 45147 130030 39125 34374 12945 90905 21429 78435 26648 51787 4751 12470 48714 37081 12377 24704 11633 12982 39985 24998 3841 366 3475 15390 39304 3674 11113 6045 5068 3381 2285 14513 2706 11807 1880 779 960 934 857 2967 2896
internal_count=177726 177314 132167 45147 130030 39125 34374 12945 90905 21429 78435 26648 51787 4751 12470 48714 37081 12377 24704 11633 12982 39985 24998 3841 366 3475 15390 39304 3674 11113 6045 5068 3381 2285 14513 2706 11807 1880 779 960 934 857 2967 2896
cat_boundaries=0 6 13 20 27 34 41 48 55 62 69 76 83 89 96 103 104 105 106 113 120 127
cat_threshold=0 69632 1024 268435456 67110912 68157568 2151710721 136339597 6816516 8 268439584 1075970084 279584 134512641 138690696 6818304 34652160 402817280 2496517 32 538247184 544 0 5248256 143654916 2151677952 84017473 1074012180 16777538 0 71353344 150995460 4456466 139584 553648144 2160 134225920 4198432 8413952 8 524288 1610694660 9439744 142606368 142610448 134250497 2147549185 33554696 16400 2048 0 2182270976 16777728 0 67119369 90112 17826112 32768 266304 134218496 4456450 8 12296 16810336 32768 67108992 536887556 4194304 16908352 17051696 16777552 40960 2266006528 18366724 4194306 16779328 1048584 32800 0 2182496320 536871424 4194320 84027393 2622500 33587458 0 128 134250496 4456450 32 41976352 0 337 536911872 2147549184 16777224 6293764 16941312 268435492 144703648 553648771 37814272 83951616 102 24 260 0 0 0 33603584 16777216 0 8193 8 1050624 0 33554432 256 0 1 0 0 0 1179648 0 0 1
is_linear=0
shrinkage=0.05


Tree=87
num_leaves=45
num_cat=39
split_feature=8 0 8 0 3 0 0 2 0 2 2 2 3 0 3 0 2 2 2 0 3 0 1 2 8 0 0 2 0 0 2 2 0 2 8 0 0 2 1 5 2 0 0 2
split_gain=36.3153 131.724 65.928 100.408 146.348 80.4134 74.9453 73.81 67.6407 64.1125 61.3919 61.1895 61.1486 93.7244 52.7861 81.0636 61.1218 50.0477 49.4954 49.4724 48.5991 47.9661 47.7643 47.4205 45.789 43.8235 42.3077 41.2219 37.2629 35.9344 72.1302 38.8802 32.7478 36.8679 32.3387 55.2144 33.7578 40.9173 32.0043 29.6679 28.5262 28.145 27.7708 27.5597
threshold=3.5000000000000004 0 7.5000000000000009 1 2 3 4 5 6 7 8 9 10 11 12 13 14 15 16 17 18 19 20 21 10.500000000000002 22 23 24 25 26 27 28 29 30 9.5000000000000018 31 32 33 34 13.500000000000002 35 36 37 38
decision_type=2 9 2 9 9 9 9 9 9 9 9 9 9 9 9 9 9 9 9 9 9 9 9 9 2 9 9 9 9 9 9 9 9 9 2 9 9 9 9 2 9 9 9 9
left_child=1 23 5 4 7 12 20 8 -4 -8 -7 26 13 -2 15 22 21 42 28 -18 34 -16 -12 -1 -10 -14 38 -20 -5 30 -15 -31 39 -34 35 -6 -36 -38 -3 -25 -22 -9 -17 -11
right_child=2 11 3 18 6 10 9 41 24 43 14 -13 25 29 16 17 19 -19 27 -21 40 -23 -24 32 -26 -27 -28 -29 -30 31 -32 -33 33 -35 36 -37 37 -39 -40 -41 -42 -43 -44 -45
leaf_value=-0.0043405004156369499 0.020786860956029808 -0.0034879162943913244 0.024569366830623402 -0.0085255043487617362 0.0061165797417986282 -0.0062138010401061637 0.0044917850756933334 0.004939947863591876 -0.0042901725569865993 -0.00910374130387861 0.0068748798299712033 -0.0020089147461883616 0.0073180845276940134 -0.0073050242992274035 -0.00024585705200517451 0.0023597351117639886 -0.0023544089431636662 0.0048390384059485347 0.0062244938002777367 0.0024459840368768419 -0.0076207193363329378 0.0147773464386547 -0.011898065157222526 0.021012822377602006 0.020861158872184139 -0.00058816382050271292 -0.0047931704036909169 0.00066153811801846765 7.142833548350325e-05 0.017543292665627108 0.0084740618709265303 0.004563036921880626 0.0089078346674586473 -0.0001071780981429571 -0.015885917015255435 -0.0086455528869177518 -0.0028615445198251158 -0.012736756309480424 -0.013033065299117156 0.0056511872128524434 0.00079690694165091003 -0.0077526454663856105 -0.0055242202210582575 -0.0025926750940022726
leaf_weight=1455 2082 1442 1932 1161 450 1010 3100 653 1208 1476 210 12045 4193 1431 846 1815 5616 3384 3452 14160 3025 1542 3092 358 806 8618 5537 36694 1188 2459 2123 2965 1730 9325 889 1217 1114 790 1604 3807 1675 1592 2945 19510
leaf_count=1455 2082 1442 1932 1161 450 1010 3100 653 1208 1476 210 12045 4193 1431 846 1815 5616 3384 3452 14160 3025 1542 3092 358 806 8618 5537 36694 1188 2459 2123 2965 1730 9325 889 1217 1114 790 1604 3807 1675 1592 2945 19510
internal_value=-0.000182866 -0.00156958 0.000185511 -0.000729874 -0.00254645 0.00146775 -0.00386096 0.00450734 0.00861982 -0.00239459 -7.21917e-05 -0.00423975 0.00369959 0.00642276 0.000294468 -0.00246159 0.00171823 0.000220751 0.000956358 0.000803599 -0.00770992 0.00925771 -0.00905797 0.00173509 0.00217391 0.00134545 -0.00746538 0.00136966 -0.00608309 0.00419448 0.000280584 0.00675377 0.00256074 0.00113421 -0.0114541 -0.00596881 -0.0147691 -0.010815 -0.0122055 0.00633533 -0.00414013 -0.00272727 -0.00308176 -0.00338636
internal_weight=177726 37303 140423 81932 39437 58491 33246 6191 3946 24086 34620 20628 23871 11060 33610 11446 22164 8144 42495 19776 9160 2388 3302 16675 2014 12811 8583 40146 2349 8978 3554 5424 15220 11055 4460 1667 2793 1904 3046 4165 4700 2245 4760 20986
internal_count=177726 37303 140423 81932 39437 58491 33246 6191 3946 24086 34620 20628 23871 11060 33610 11446 22164 8144 42495 19776 9160 2388 3302 16675 2014 12811 8583 40146 2349 8978 3554 5424 15220 11055 4460 1667 2793 1904 3046 4165 4700 2245 4760 20986
cat_boundaries=0 2 4 5 7 9 16 18 25 32 39 40 42 43 45 52 59 66 68 69 71 73 80 82 84 91 93 95 102 109 111 118 120 122 129 131 138 140 142 149
cat_threshold=2686649324 197167129 605291263 209758737 386 2148797138 211324417 536871428 8423424 536936456 134219872 256 2181448704 285212672 2151743488 67248137 537133720 142608912 17825792 252707084 288 1052808 134352932 1078003729 134349888 2418049280 33554465 294 153092112 536881152 2162697 150994976 541142017 603990320 0 169128 137216 1074006040 9217 36 1048578 68157440 262 2171141 36044812 1114140 547356952 10485760 1081792 32768 2147483680 412736 16396 592 0 2182534272 17842176 2147483648 142664 1090519296 677511428 136339488 138412296 17042080 4456450 134873088 1082197032 54530048 20 11018272 37769232 536879137 32776 537151520 2701164840 8667136 134217985 526624 2048 19464 2147484224 35841 1083190274 1576960 297009 109052002 8650756 77856801 537956353 3221291056 4 3389759744 5509120 2147486208 33793 1056768 1048576 0 1343560 2848 4194352 67108864 806445064 1048576 32768 2282750216 804 0 67118336 588 34824 2163720 46137410 4202784 1192 8413184 65537 201335040 0 34816 0 34816 2121728 0 0 2147648512 0 0 257 268566626 8388620 1056788 151030016 2097152 2181464064 142606592 4194338 67125505 537919684 142606337 1073741864 20983824 1610612736 4194322 8650756 17040385 813754880 2147483680 16384
is_linear=0
shrinkage=0.05


Tree=88
num_leaves=45
num_cat=39
split_feature=5 2 0 2 0 8 0 2 0 9 0 0 2 2 2 2 0 0 2 2 8 0 8 0 0 2 0 0 3 0 2 0 0 2 3 2 0 3 0 0 3 0 2 3
split_gain=36.1637 35.7635 35.4392 31.5845 45.0259 29.0244 98.0349 61.7612 53.9902 45.3421 141.019 105.875 78.3888 76.8745 55.9985 47.7448 47.6038 47.1935 38.727 36.5055 49.0618 52.3865 35.5405 59.8092 37.525 47.1348 67.1971 34.9616 32.7656 31.5978 29.8185 29.2036 28.9323 28.3633 39.1504 28.1969 28.8573 27.9064 29.0247 27.6986 27.5676 27.1351 37.8209 26.9306
threshold=400.50000000000006 0 1 2 3 11.500000000000002 4 5 6 1.0000000180025095e-35 7 8 9 10 11 12 13 14 15 16 10.500000000000002 17 5.5000000000000009 18 19 20 21 22 23 24 25 26 27 28 29 30 31 32 33 34 35 36 37 38
decision_type=2 9 9 9 9 2 9 9 9 2 9 9 9 9 9 9 9 9 9 9 2 9 2 9 9 9 9 9 9 9 9 9 9 9 9 9 9 9 9 9 9 9 9 9
left_child=1 2 -1 4 -2 9 7 8 -7 10 14 13 29 31 17 27 -16 -3 -18 20 37 40 23 43 33 26 -26 -13 32 -12 39 -11 -25 34 -24 36 -8 38 -14 -28 -22 -21 -43 -17
right_child=3 5 -4 -5 -6 6 35 -9 -10 11 12 15 19 -15 16 22 18 -19 -20 41 21 -23 24 28 25 -27 30 -29 -30 -31 -32 -33 -34 -35 -36 -37 -38 -39 -40 -41 -42 42 -44 -45
leaf_value=-0.00017905311916272676 0.00050737645185329201 -0.01017712359125398 -0.0074759101059862949 0.00077492115803388386 0.014897247912763367 0.015056251782503714 0.009394988485123738 -0.0032255493837578422 -0.0017220691878380935 -0.00099518838889651735 0.0019106182111893633 -0.0054361267178639873 -0.010650011126888643 -0.0012837335476756863 0.0012548816131723651 0.015919884255709706 0.0078491671664181369 -0.0032169581478280087 -0.0041520693075891351 -0.00087206022763192115 0.03016386159341098 0.0017122712563260368 0.0062623772351240621 -0.018712984143232681 0.013905115663194174 -0.00011006143523262235 -0.010410551498401577 0.000238021531355892 0.006751363340566874 -0.005645530610908717 0.013349940659007676 -0.01091657128794158 -0.00036891594883881051 0.0068451375182998269 -0.0043853074975180656 0.0083386854645417958 -0.004885308423257218 0.0079171705588308109 0.011487113936714389 0.0022064436924525812 0.0097359045308267229 0.0059338096754046887 -8.6312059258397691e-05 0.00072213340886612132
leaf_weight=2160 1561 3521 2294 12884 1595 832 602 5733 817 979 1302 2490 762 22686 5648 2308 487 6050 11401 9912 457 458 4089 427 1618 29783 692 3909 2914 4367 503 2609 1021 4522 1404 5125 865 1267 359 2188 277 6128 6163 557
leaf_count=2160 1561 3521 2294 12884 1595 832 602 5733 817 979 1302 2490 762 22686 5648 2308 487 6050 11401 9912 457 458 4089 427 1618 29783 692 3909 2914 4367 503 2609 1021 4522 1404 5125 865 1267 359 2188 277 6128 6163 557
internal_value=-0.000200871 -0.000425516 -0.00483871 0.00206359 0.00653822 -0.000300174 0.00187491 -0.00208333 0.00641953 -0.000512362 -0.00158216 0.000227275 0.000696078 -0.00240831 -0.00422429 0.00141268 -0.00254189 -0.00730091 -0.00433686 0.00186679 0.00654596 0.014849 0.00191406 0.00516812 0.00138954 0.000612175 0.00509878 -0.00266032 0.00146386 -0.00462229 0.00107574 -0.00919956 -0.00466392 0.00408479 0.00166273 0.00630112 0.000169262 0.00242881 -0.00331565 -0.000899654 0.0229839 0.00110971 0.00267864 0.0107652
internal_weight=177726 161686 4454 16040 3156 157232 13974 7382 1649 143258 58559 84699 31452 26274 27107 58425 17536 9571 11888 25783 3580 1192 52026 7227 44799 34784 5001 6399 4362 5669 3383 3588 1448 10015 5493 6592 1467 2388 1121 2880 734 22203 12291 2865
internal_count=177726 161686 4454 16040 3156 157232 13974 7382 1649 143258 58559 84699 31452 26274 27107 58425 17536 9571 11888 25783 3580 1192 52026 7227 44799 34784 5001 6399 4362 5669 3383 3588 1448 10015 5493 6592 1467 2388 1121 2880 734 22203 12291 2865
cat_boundaries=0 7 9 16 18 20 27 29 31 33 39 46 53 60 62 64 71 78 80 82 84 91 93 95 96 98 104 106 108 115 116 123 125 126 128 130 131 133 140 141
cat_threshold=2153775364 2149797892 2098180 408944648 76552192 67108996 328960 707824016 229024841 2147526912 2197815432 14958592 35049496 1188100 1 72 615033347 188629521 1714423645 62970945 1075216 2352 33024 1280 16777216 4456464 67239944 1108345885 4199489 1788128291 70925888 67830668 40116252 554727449 51421192 4489216 16777473 557830 2147745840 268533760 50331680 146800928 8519680 9092 1 134217728 1090846736 201329098 32 2164298112 156192 262170 134217824 43008 29361104 142622720 75502848 553680896 6357025 50462792 570459138 7168 9710594 68163584 33288 16809984 138428672 1024 0 33 16777216 268960256 608174690 134217984 8519808 554049536 2057 17301568 2753180 184811524 1075060818 67142720 9439232 68704256 17563689 704675848 524320 16777233 549648 3255048216 134217728 539001968 131072 2726338610 16778304 456 2148073736 37765128 17039368 0 0 0 541440 3221225488 196736 35659776 2281704448 9443840 17842176 134219816 32800 34996224 17152 2147745792 67110913 294 538001424 41264 4227104 263424 402653184 2151940098 67127360 142606464 1974788 324 67240400 33865741 33554433 134251072 256 2148008208 176439297 1024 8390912 32 2147505216 32 4194306 8192 308
is_linear=0
shrinkage=0.05


Tree=89
num_leaves=45
num_cat=35
split_feature=5 2 0 0 2 10 0 2 2 7 0 2 2 5 2 0 2 2 2 2 0 0 10 0 8 5 8 2 0 3 0 0 0 2 8 0 0 2 2 3 3 2 0 0
split_gain=32.3887 35.0206 65.4477 37.4503 34.9128 31.2571 52.2368 44.9068 35.2567 33.6253 53.7816 36.4676 33.6886 33.4565 30.3817 28.7367 66.3926 62.1839 34.4909 34.352 33.9333 31.0645 26.9876 50.1313 28.1752 27.5823 62.9686 26.9784 28.4553 29.3501 26.0381 25.1579 25.0905 24.4154 26.634 103.644 30.5526 31.1583 23.9114 22.2428 22.0448 20.5462 25.096 22.8293
threshold=378.50000000000006 0 1 2 3 10.500000000000002 4 5 6 1.0000000180025095e-35 7 8 9 49.500000000000007 10 11 12 13 14 15 16 17 20.500000000000004 18 6.5000000000000009 313.50000000000006 10.500000000000002 19 20 21 22 23 24 25 10.500000000000002 26 27 28 29 30 31 32 33 34
decision_type=2 9 9 9 9 2 9 9 9 2 9 9 9 2 9 9 9 9 9 9 9 9 2 9 2 2 2 9 9 9 9 9 9 9 2 9 9 9 9 9 9 9 9 9
left_child=5 2 -2 4 -3 6 7 -1 -8 12 11 22 -7 32 30 16 -14 21 -19 20 -18 -17 25 24 -24 -11 -27 28 29 -15 -12 -4 -9 -10 36 39 37 -35 -38 -36 -22 43 -43 -16
right_child=1 3 31 -5 -6 9 8 13 33 10 14 -13 15 27 41 17 19 18 -20 -21 40 -23 23 -25 -26 26 -28 -29 -30 -31 -32 -33 -34 34 35 -37 38 -39 -40 -41 -42 42 -44 -45
leaf_value=-0.0074376126984495227 0.005316103269137451 -0.0018198085289756749 -0.016807643613743251 0.0055137398209978098 0.0063576536522443163 -0.0066977135730223215 0.0038728993872097386 0.0014576829606536834 -0.0074674635682849769 0.0020157708225288689 0.0098375080515463176 -0.0018633161952114176 -0.0028692303704478451 0.00086454139222234003 -0.0070912097644554644 -0.0085078257635227313 -0.005515853822108327 0.0051179752028477493 0.0012484425201042871 0.00031157827028243106 -0.0083001738472349377 -0.00073341504141634102 0.00014656698539080722 0.0023700492701843158 -0.0021829528545184692 0.00015259057666247577 0.0020713082526258616 0.0045777023959342354 0.0012965145897780085 -0.016082744324411986 -0.0062701980194846858 -0.005262240374374583 -0.0043405369261702246 0.0091989099051451775 -0.016455910966971854 -0.0033892594633732954 -0.0016886379126910935 -0.0011690787549407057 -0.0063114142979114642 -0.0069592166407234923 0.0094680260453962051 -0.0035413493458353821 0.0036385484010127869 -0.0012230603241969896
leaf_weight=1422 1439 4401 473 9018 1418 589 1732 1531 1373 4948 270 3359 13123 408 2089 1318 608 10914 26794 22782 156 2914 60 522 140 300 227 8892 2773 510 3461 1564 4483 1370 739 3501 8939 2936 6536 204 2931 1045 2167 11347
leaf_count=1422 1439 4401 473 9018 1418 589 1732 1531 1373 4948 270 3359 13123 408 2089 1318 608 10914 26794 22782 156 2914 60 522 140 300 227 8892 2773 510 3461 1564 4483 1370 739 3501 8939 2936 6536 204 2931 1045 2167 11347
internal_value=-0.000203122 0.00178835 -0.00272519 0.00284569 -0.000283067 -0.000431897 -0.00150901 0.000431874 -0.00292977 2.3201e-05 -0.00141139 0.00168304 0.000546092 0.0010883 -0.00286184 0.000632741 -0.000333249 0.0015447 0.00218994 0.00110809 0.00557355 -0.00419613 0.00395521 -0.00512465 -0.0257143 0.00515982 0.0160342 0.00255503 -0.00104026 -0.00862069 -0.00693665 -0.00847582 -0.00197872 -0.00339738 -0.00302661 -0.00652565 -0.00224205 0.00148285 -0.00327737 -0.0211438 0.007701 -0.00194501 0.00164494 -0.00280381
internal_weight=177726 18313 3476 14837 5819 159413 47349 20019 27330 112064 29935 9556 82129 18597 20379 81540 39600 41940 37708 26477 3695 4232 6197 722 200 5475 527 12583 3691 918 3731 2037 6014 25598 24225 4444 19781 4306 15475 943 3087 16648 3212 13436
internal_count=177726 18313 3476 14837 5819 159413 47349 20019 27330 112064 29935 9556 82129 18597 20379 81540 39600 41940 37708 26477 3695 4232 6197 722 200 5475 527 12583 3691 918 3731 2037 6014 25598 24225 4444 19781 4306 15475 943 3087 16648 3212 13436
cat_boundaries=0 7 9 11 18 20 27 34 36 43 50 57 59 66 73 80 87 89 91 92 99 101 102 103 105 107 114 116 118 125 132 133 134 141 143 145
cat_threshold=256 618692898 292 2164261089 151044256 37750800 67373056 571181313 221290069 3759908872 228852225 537223184 2148532308 32768 167826688 9441280 1074003968 8481 2192279768 168694788 3221229840 2183137542 4202496 4199432 546330628 4456458 134219008 32769 46172830 811264 134217792 16826400 2147483688 134217768 1275330624 29409884 1091837976 1083920 0 2186285128 1622272 2147483650 67126345 1 135816 262146 134217728 67110912 128 33820704 5 672137728 136315136 25432136 805358368 3225419779 67133448 1318585661 42741268 2434793488 729817089 24576 33588224 26247968 1073807361 17409 1611940096 2214635536 141033508 10490144 269090817 4096 16777544 287311368 62914850 0 4227209 563085328 39845889 201867265 1049888 4227362 134217728 93331633 268566661 4460560 17432640 1024 8398852 401408 16941056 1073741824 537946113 16777240 32768 27312448 151003168 49 67108928 131072 136192 184 538968065 2097692 532480 42469376 33816576 16842772 16777280 2097152 6291617 143659648 1078001664 1088 1074790912 34880 1074790400 76580864 537935872 0 32768 2182087680 536872960 2 18432 1073762336 135266560 134250528 2206258432 524544 262145 16916480 52 2 1073815576 8421448 32 2186428416 134225920 262160 17304577 2150739072 401408 44042241 136445952
is_linear=0
shrinkage=0.05


Tree=90
num_leaves=45
num_cat=33
split_feature=6 6 0 0 1 1 10 0 0 1 1 0 1 0 0 0 3 1 0 1 1 10 0 0 0 1 1 0 0 10 3 0 0 1 3 10 1 5 5 0 10 5 1 9
split_gain=34.5348 35.841 45.3135 44.7223 38.0525 35.4664 30.1513 44.5406 38.2904 34.0061 30.5761 31.4497 29.7055 77.6561 29.0443 27.8807 45.7699 27.8466 32.3046 26.9785 25.938 24.5524 64.6345 24.4018 23.1969 23.3656 22.1335 21.0097 19.8097 19.1212 29.1134 54.279 26.4776 20.7488 19.0691 18.829 30.1813 19.2716 18.8122 30.6626 25.7074 22.995 23.2872 25.9367
threshold=2.5000000000000004 4.5000000000000009 0 1 2 3 11.500000000000002 4 5 6 7 8 9 10 11 12 13 14 15 16 17 20.500000000000004 18 19 20 21 22 23 24 12.500000000000002 25 26 27 28 29 17.500000000000004 30 732.50000000000011 313.50000000000006 31 5.5000000000000009 1050.5000000000002 32 1.0000000180025095e-35
decision_type=2 2 9 9 9 9 2 9 9 9 9 9 9 9 9 9 9 9 9 9 9 2 9 9 9 9 9 9 9 2 9 9 9 9 9 2 9 2 2 9 2 2 9 2
left_child=6 3 5 4 -2 14 7 20 9 -8 24 34 13 -5 -3 16 -14 18 -9 23 -1 38 -23 -4 25 -10 27 -15 -19 30 31 -25 -31 -34 -12 36 -6 -38 -21 40 -40 42 -42 -44
right_child=1 2 19 12 35 -7 8 17 10 -11 11 -13 15 26 -16 -17 -18 28 -20 21 -22 22 -24 29 -26 -27 -28 -29 -30 32 -32 -33 33 -35 -36 -37 37 -39 39 -41 41 -43 43 -45
leaf_value=-0.0020886702436981653 0.010321259604391808 0.0052379544198388585 0.0066094160186813411 -0.0052392273203470674 -0.0025526478544383282 -0.0031338660279163545 0.00017780185078302148 -0.00108047961480916 -0.00051502315374732659 -0.003713129854898778 -0.0059769007196590401 0.0011621488656167413 -0.0034387614157186499 -0.001077441378071281 -0.0019043140689260719 0.0022379061015000978 0.0011756734837724547 -0.00052994360009626657 -0.0094192873406996717 -0.00078132430750064714 0.0038694959381811115 -0.0037541970655224051 0.00067843348538110812 0.0068981374632293042 0.0050837706905059793 0.010689356674402262 0.00018126737298485574 0.010208954679714189 -0.0040797802461685741 0.0024101938582425987 0.0006348027688025615 0.0021317031571432389 -0.0025324129956710629 0.00038827118121493865 -0.001621797042529266 0.0057883150029226843 0.0031779558658845521 0.019933072015034359 -0.0035945554798422711 -0.0016553614616842461 0.0019557810368623862 -0.005275980103379433 0.0021399839625598454 0.002203796389749213
leaf_weight=4585 1655 2480 1218 3809 2439 13995 11476 1505 6770 11436 1587 6378 3095 464 2801 22195 6849 6980 3206 10202 4456 498 958 443 9522 630 2736 788 9003 3205 2643 1353 2018 887 2658 2877 5423 189 170 1037 322 74 314 397
leaf_count=4585 1655 2480 1218 3809 2439 13995 11476 1505 6770 11436 1587 6378 3095 464 2801 22195 6849 6980 3206 10202 4456 498 958 443 9522 630 2736 788 9003 3205 2643 1353 2018 887 2658 2877 5423 189 170 1037 322 74 314 397
internal_value=-0.000206498 0.000425493 -0.000609797 0.00131286 0.0039109 -0.00244219 -0.00097516 -0.0022381 -0.00023089 -0.00174069 0.00102522 -0.00107684 0.000493166 -0.0022736 0.00104895 0.00116489 -0.00103476 -0.00351623 -0.00689473 0.000763136 0.000690531 -0.000722357 -0.00686813 0.00252611 0.00234467 0.000242915 0.0026013 0.00808241 -0.00251673 0.00174732 0.00424645 0.00913621 -6.54664e-05 -0.0035163 -0.00440658 0.00283416 0.00159608 0.00361081 -7.98977e-06 0.00406223 0.00920746 0.0120596 0.0139884 0.018932
internal_weight=177726 97534 45015 52519 12583 19276 80192 29735 50457 22912 27545 10623 39936 7797 5281 32139 9944 20694 4711 25739 9041 13972 1456 11767 16922 7400 3988 1252 15983 10549 4439 1796 6110 2905 4245 10928 8051 5612 12516 2314 1277 1107 1033 711
internal_count=177726 97534 45015 52519 12583 19276 80192 29735 50457 22912 27545 10623 39936 7797 5281 32139 9944 20694 4711 25739 9041 13972 1456 11767 16922 7400 3988 1252 15983 10549 4439 1796 6110 2905 4245 10928 8051 5612 12516 2314 1277 1107 1033 711
cat_boundaries=0 2 4 7 10 12 14 17 20 22 24 26 28 30 31 34 36 39 42 44 46 48 50 51 53 55 56 58 60 63 64 67 69 72
cat_threshold=45558684 137495553 2230800 2626569 604242212 135414 64 214012838 1073750030 17 3264285128 144444416 1243122202 36441117 3459356866 270778643 88 108177964 1086497020 66 2759925764 8524288 134294497 270643321 747118593 126255632 36832024 136314880 537986154 147859456 16 805701713 1073909810 11 537297922 52461584 103891682 341905555 75 3794121029 1342308618 12 1074266145 33818688 2 20971524 537069028 20975616 41066500 1082130452 193 328036 134242308 136847926 16457 146 67634176 67895304 3422584865 41945680 36700226 268501120 64 390 3226568713 476069888 16 3221783617 67659840 541065216 12 4
is_linear=0
shrinkage=0.05


Tree=91
num_leaves=45
num_cat=40
split_feature=8 0 2 8 0 3 2 0 0 2 2 0 0 1 3 3 0 2 0 2 2 8 8 0 2 2 3 0 0 3 3 0 0 2 2 0 0 2 0 2 2 2 2 0
split_gain=30.3759 103.912 45.3001 43.7904 162.056 126.05 82.7498 82.1966 72.294 63.3597 62.4771 59.3135 58.9366 54.3406 53.1926 51.6769 101.161 72.271 66.458 62.5711 52.8229 50.4363 43.3277 43.1326 41.8299 39.856 39.1467 38.2521 38.0191 65.9237 37.7428 36.6766 36.5955 35.5856 35.3752 35.2212 34.2208 33.8832 32.2087 32.7966 31.9139 30.8312 30.7183 45.5477
threshold=11.500000000000002 0 1 9.5000000000000018 2 3 4 5 6 7 8 9 10 11 12 13 14 15 16 17 18 8.5000000000000018 10.500000000000002 19 20 21 22 23 24 25 26 27 28 29 30 31 32 33 34 35 36 37 38 39
decision_type=2 9 9 2 9 9 9 9 9 9 9 9 9 9 9 9 9 9 9 9 9 2 2 9 9 9 9 9 9 9 9 9 9 9 9 9 9 9 9 9 9 9 9 9
left_child=3 2 32 8 5 11 36 14 10 12 33 22 21 -13 -7 16 25 31 19 -17 23 -10 -5 -20 -3 -11 -9 -26 29 -8 35 -18 -2 -1 -21 41 -6 -28 -32 -40 -14 -22 -37 -44
right_child=1 24 -4 4 6 7 28 26 9 15 -12 13 40 -15 -16 18 17 -19 20 34 30 -23 -24 -25 27 -27 37 -29 -30 -31 38 -33 -34 -35 -36 42 -38 -39 39 -41 -42 -43 43 -45
leaf_value=-0.021215860092415474 -0.00420449143567152 0.0093158392623556158 -0.0030448513176439709 -0.0079965575556899815 -0.010956059956323413 0.0011475559828453331 0.02068946545092273 0.01535980879328902 0.0067795627221209466 0.0019714037298783683 0.010362720386619451 -0.013945064653342174 -0.002943919602775358 -0.0043544671945223773 -0.014069224234984712 0.0078298555133825675 0.014404905128717194 -0.0042848789098242357 -0.016581637505593595 -0.0026690981145469639 -0.0015262767030344432 0.016556352803105502 -0.017676539619179973 -0.003243810873805643 -0.0035524938504844176 -0.011567377403416859 0.019560783529368686 0.0075930903271571593 0.00014937452643114525 0.0019929412186354247 -0.0019981617588972879 0.00083396286363805478 0.0098098962218295602 0.00030613565445705151 0.0013924872321395831 -0.0015434597220659208 -0.0021925480260097164 -0.0024672925939229319 -0.00036134743231545642 0.0048115007994761431 0.020046144320463838 -0.0058680723974624321 -0.0014706892018578333 0.0067006889233850401
leaf_weight=218 689 3824 5991 475 1198 821 1411 808 3129 749 4140 942 2511 3260 1565 6269 1881 6342 677 5278 6760 734 577 3802 1488 5858 404 2495 14288 4565 8171 4486 1228 2553 22859 8727 1450 3613 10176 10053 249 4847 3061 3104
leaf_count=218 689 3824 5991 475 1198 821 1411 808 3129 749 4140 942 2511 3260 1565 6269 1881 6342 677 5278 6760 734 577 3802 1488 5858 404 2495 14288 4565 8171 4486 1228 2553 22859 8727 1450 3613 10176 10053 249 4847 3061 3104
internal_value=-0.000192994 0.00190582 -0.00213438 -0.000396578 -0.00195183 -0.00653707 0.000545328 -0.00223653 3.79045e-05 -0.000249305 0.0050065 -0.012424 0.00450023 -0.00971035 -0.00980801 -0.000527805 -0.00288213 -0.000271248 -4.26467e-05 0.0017056 -0.00105577 0.0084818 -0.0230697 -0.00627088 0.00599335 -0.00789633 0.00152017 0.00239169 0.00163263 0.00497828 -0.000629223 0.0034891 0.00454074 -0.000809061 0.000698121 -0.00198612 -0.00775019 -0.000509064 0.0006371 0.0017071 -0.00108303 -0.0040501 -0.000375788 0.00232389
internal_weight=177726 15715 7908 162011 35377 12465 22912 7211 126634 119723 6911 5254 6623 4202 2386 113100 19316 12709 93784 34406 59378 3863 1052 4479 7807 6607 4825 3983 20264 5976 54899 6367 1917 2771 28137 26499 2648 4017 28400 20229 2760 11607 14892 6165
internal_count=177726 15715 7908 162011 35377 12465 22912 7211 126634 119723 6911 5254 6623 4202 2386 113100 19316 12709 93784 34406 59378 3863 1052 4479 7807 6607 4825 3983 20264 5976 54899 6367 1917 2771 28137 26499 2648 4017 28400 20229 2760 11607 14892 6165
cat_boundaries=0 2 9 11 12 19 21 23 30 37 39 41 44 45 46 48 55 57 64 71 73 80 87 88 90 92 93 94 96 98 105 112 114 116 123 125 132 139 146 153 155
cat_threshold=1714685789 197187584 537946112 35192 33024 33559552 17825792 4194306 67242056 739246641 77638145 20 1628510472 1059328 136323104 155197704 535040 1074003968 201327616 67109376 67150336 0 67143680 169345640 673448578 1074285120 8192 262168 16781312 67911696 1611923472 2147491906 2097408 4198472 4864 3221487648 83910657 1048576 8423424 2281940921 164643845 8198 4194320 5 322 384 2352611397 47845952 536894464 1091584 32768 33867080 8916992 2181300275 8193 2922381393 29499968 268501120 68190468 2 156242345 50332544 2147483657 11336 268443009 83920929 6 2097193 68159617 4196378 50332672 3072 1052676 1090527256 1050656 0 2148700160 26222852 2147485745 16785664 5120 2128 136314880 1049600 17302016 1111752704 16908288 256 9011362 67240001 10617856 33559644 264 20 537136770 278532 606077184 184584192 1048576 0 0 4104 0 0 83886080 2684399616 8527880 145006624 33555520 537432102 1073807360 131072 8825856 17429 1110026380 34996224 18096128 0 0 1052936 16777248 4194304 2304 8913026 170131468 335872 2182086924 2129952 4329856 553829152 1073741824 8489 1048616 537133570 16384 0 16 0 67649536 1073782784 64 8650752 2176849152 260 0 134226241 1074036736 64 256 2198212864 16777216 2147745824 73 65924 36438024
is_linear=0
shrinkage=0.05


Tree=92
num_leaves=45
num_cat=27
split_feature=6 6 2 2 2 2 10 2 10 2 2 2 2 2 3 8 3 1 3 2 10 2 2 8 3 2 8 2 3 6 2 2 2 2 6 10 4 2 8 10 6 4 1 8
split_gain=31.6973 35.9459 39.5506 30.9656 29.0902 28.831 25.127 32.7615 20.5454 19.9258 19.4188 17.3859 16.8705 16.6027 16.7974 14.2562 20.3589 30.8343 20.2026 21.1582 23.3611 17.1528 15.3601 19.9041 18.9669 19.095 14.6238 15.4848 13.8681 33.1923 38.9912 31.3005 23.24 18.7565 16.5091 15.7873 22.6123 19.138 15.1617 13.8987 13.7699 14.6491 13.369 13.2933
threshold=2.5000000000000004 5.5000000000000009 0 1 2 3 11.500000000000002 4 3.5000000000000004 5 6 7 8 9 10 4.5000000000000009 11 12 13 14 22.500000000000004 15 16 5.5000000000000009 17 18 10.500000000000002 19 20 3.5000000000000004 21 22 23 24 4.5000000000000009 21.500000000000004 2.5000000000000004 25 10.500000000000002 21.500000000000004 4.5000000000000009 1.5000000000000002 26 3.5000000000000004
decision_type=2 2 9 9 9 9 2 9 2 9 9 9 9 9 9 2 9 9 9 9 2 9 9 2 9 9 2 9 9 2 9 9 9 9 2 2 2 9 2 2 2 2 9 2
left_child=5 2 -2 -3 -4 -1 7 -7 12 -8 -5 -10 -9 14 -11 18 17 -17 19 20 -15 -20 23 42 -24 -26 27 -25 32 30 -30 39 40 -33 -35 37 38 -36 -37 -31 -6 -42 -18 -13
right_child=1 3 4 10 28 6 9 8 11 13 -12 43 -14 15 -16 16 22 -19 21 -21 -22 -23 24 26 25 -27 -28 -29 29 31 -32 33 -34 34 35 36 -38 -39 -40 -41 41 -43 -44 -45
leaf_value=-0.0040307450879048749 0.0054737608112229224 -0.0075855526312767268 -0.005276863368725771 0.0053895119102678416 0.0045628158685825371 0.0039434980476007022 0.0072694663905634675 0.0085350859172818594 -0.005628884963932196 0.020713825635573405 -0.00083245230253251598 -0.0064416987189741901 -0.0036279534127527991 0.00098421625883332586 -0.0033464566957716493 -0.012092284786999342 -0.009749796472303186 0.014361165993653347 -0.015730915481059132 -0.003854057701051833 0.08458490236762739 0.0018682622396538453 -0.0010184636006430048 -0.00073214676783781019 -0.0051527408685757177 0.0052000052231129749 0.0046408052902193967 0.0043878265668897964 0.0028207147329581518 0.0021660382658779788 -0.0030289050090223204 -0.0031446026256669035 0.0003441069300236133 0.0015798909909525982 -0.0044232979656158465 -0.004625829167807816 0.01219157246065849 0.00013445226502938336 -0.0014296587351591312 0.0092800101730423079 -0.0059733348240525903 0.0011864900152907421 0.011838565691491221 -0.0018635074409639519
leaf_weight=3989 2940 1389 649 615 7819 1968 1128 1140 1362 200 19345 4700 692 1049 6419 645 118 276 230 4950 63 4937 10847 6336 784 3527 3245 1866 4115 8661 10881 1131 18503 8854 933 301 100 7137 134 506 42 3479 1253 18468
leaf_count=3989 2940 1389 649 615 7819 1968 1128 1140 1362 200 19345 4700 692 1049 6419 645 118 276 230 4950 63 4937 10847 6336 784 3527 3245 1866 4115 8661 10881 1131 18503 8854 933 301 100 7137 134 506 42 3479 1253 18468
internal_value=-0.000213812 0.000391658 0.000899783 -0.00142161 0.000670944 -0.000950219 -0.000732815 -0.00191317 -0.00237752 -3.44662e-05 -0.000916375 -0.00275989 0.00272926 -0.000193562 -0.00251169 0.000189356 0.000776897 -0.00649839 -0.00132247 -0.00327734 0.00294118 0.000975468 0.00101837 0.00229186 -5.93354e-05 0.00274242 0.00161178 0.000487686 0.000765777 0.000188247 -0.00170712 0.00121231 0.0015928 3.22581e-05 0.000437919 -0.00112144 -0.00943925 -0.000570012 -0.0143678 0.00360139 0.00337445 0.000781028 0.00798687 -0.00243334
internal_weight=177726 97534 76185 21349 73245 80192 76203 28330 26362 47873 19960 24530 1832 46745 6619 40126 28897 921 11229 6062 1112 5167 27976 12818 15158 4311 11447 8202 72596 42753 14996 27757 29843 18590 17459 8605 535 8070 435 9167 11340 3521 1371 23168
internal_count=177726 97534 76185 21349 73245 80192 76203 28330 26362 47873 19960 24530 1832 46745 6619 40126 28897 921 11229 6062 1112 5167 27976 12818 15158 4311 11447 8202 72596 42753 14996 27757 29843 18590 17459 8605 535 8070 435 9167 11340 3521 1371 23168
cat_boundaries=0 7 14 21 28 35 42 48 55 62 69 70 71 74 75 82 89 96 97 104 111 112 119 126 133 140 147 149
cat_threshold=904 625213442 8929280 67108872 2684772868 272633856 393264 1610612996 2147492096 2105344 27525257 687874596 1078198274 17301504 274726912 33619973 6 1 33556480 33554432 1024 2147484033 86114896 8913184 73400320 134248995 4194440 33816576 823134244 2319485064 134225920 142606401 262160 3221291009 16778272 2622496 37748740 578 8321 268566672 2496514 134742016 268437505 33589360 134217984 256 524288 2048 16 536870912 2113536 8 18350084 2048 524544 0 0 0 2182268160 16777216 0 2313 553949196 2281965696 134250496 142873632 262400 3221225504 16780328 64 64 33685504 8388608 64 408 1073750032 1081344 0 33088 18350080 0 256 16 8 0 0 0 16 8192 1343291392 1057032 6316036 2165440536 9437188 16 24576 180 0 0 0 320 0 33619968 67240192 65536 0 2097152 2148663296 1048576 0 24576 232 1024 9470496 262400 134627648 159416480 3221227538 67133696 537784340 8272 0 32674816 8982800 34 16777280 553721873 2281702016 33024 2148582624 151032097 0 542792 16778273 8389152 4227328 134217984 134250656 1073741824 134758408 0 1081344 0 0 269484032 2147483664 67117056 0 256
is_linear=0
shrinkage=0.05


Tree=93
num_leaves=45
num_cat=40
split_feature=8 0 8 0 3 2 0 0 2 2 2 0 2 2 2 0 0 8 3 0 0 0 3 0 0 2 1 3 2 0 2 0 2 2 0 0 2 3 2 2 0 2 2 8
split_gain=29.9796 110.42 63.9774 86.7501 137.287 65.1855 64.8755 61.897 56.7298 56.7033 55.9216 68.4956 52.7795 51.6578 46.1116 43.6029 43.0342 42.364 42.337 66.8689 47.9241 42.2769 42.2536 88.2322 44.8535 37.1983 36.2134 35.8389 34.7084 35.2907 31.3591 30.9769 30.7281 30.0526 29.3565 29.3219 39.6972 29.1214 40.8191 38.594 37.7357 29.071 26.9485 26.8068
threshold=3.5000000000000004 0 7.5000000000000009 1 2 3 4 5 6 7 8 9 10 11 12 13 14 10.500000000000002 15 16 17 18 19 20 21 22 23 24 25 26 27 28 29 30 31 32 33 34 35 36 37 38 39 1.5000000000000002
decision_type=2 9 2 9 9 9 9 9 9 9 9 9 9 9 9 9 9 2 9 9 9 9 9 9 9 9 9 9 9 9 9 9 9 9 9 9 9 9 9 9 9 9 9 2
left_child=1 14 6 4 5 7 8 17 21 16 11 -5 -8 31 -1 27 -6 -4 19 -15 25 -2 23 -14 -24 -20 -17 -11 29 -25 -12 -3 -26 -13 -7 36 -10 38 -37 -39 -40 -16 -22 -43
right_child=2 13 3 10 9 34 12 -9 35 15 30 33 22 18 41 26 -18 -19 20 -21 42 -23 24 28 32 -27 -28 -29 -30 -31 -32 -33 -34 -35 -36 37 -38 39 40 -41 -42 43 -44 -45
leaf_value=-0.0040413181828860998 -0.011892331908486325 -0.0020333348515812924 -0.0059644779757225264 -0.010918489458229036 -0.0056562042657463734 0.0022911320308048543 0.013965258278711791 0.023310314802102106 0.0038877373557938189 -0.0049245619199071999 0.0058636544527194195 0.0077096895164438578 0.01793269159877987 -0.010030063487365305 0.0083672675545856234 0.00066411225284144235 0.0044638338376922606 0.022444109848091115 -0.013082229815402718 -0.0027194063914349866 -0.0010870391527499025 -0.0027257429877289188 0.0067464230153989283 -0.0079535159180127886 0.0031016502192504404 -0.0016627962044466482 -0.004541714919312395 -0.0078826068806708456 0.006137934863052863 0.0024048373939821958 0.00050363210390805269 -0.01542333002442911 -0.00087243037333379909 -0.0038009981576699104 -0.010347455365286189 0.0077352308622016426 -0.0057765065001043232 0.013675790325226556 0.0014063111924646266 0.0020055553424529692 -0.0063417803525332109 0.0041111181199005534 0.0050019833750216021 -0.00013862898317305584
leaf_weight=1375 850 500 843 2036 1063 1073 1643 1871 1235 3736 3108 920 1966 2465 2376 3593 1948 479 985 7424 3871 2867 4157 912 2873 1577 12264 4367 8650 2018 43150 1073 10281 609 872 614 2861 1091 2169 11145 3159 4520 2733 8404
leaf_count=1375 850 500 843 2036 1063 1073 1643 1871 1235 3736 3108 920 1966 2465 2376 3593 1948 479 985 7424 3871 2867 4157 912 2873 1577 12264 4367 8650 2018 43150 1073 10281 609 872 614 2861 1091 2169 11145 3159 4520 2733 8404
internal_value=-0.000210436 -0.00147039 0.000124267 -0.000777474 -0.00280364 0.00468143 0.00138739 0.00906962 -0.000474982 -0.00423075 0.000528766 -0.0054965 0.00287604 -0.00391511 0.00155529 -0.0050438 0.00223436 0.000750751 -0.00319171 -0.00546015 -0.000741064 -0.0061846 0.00240872 0.00449985 0.000770741 -0.00653188 -0.00351358 -0.00803032 0.00283003 -0.00187075 0.000994208 -0.0126027 -0.000660893 0.00250162 -0.00253197 0.000480165 -0.00333658 0.00134154 -0.0015289 0.00273559 -0.00294118 0.00234487 0.00151194 0.00140714
internal_weight=177726 37303 140423 81932 32109 5138 58491 3193 25991 26971 49823 3565 32500 20628 16675 23960 3011 1322 19055 9889 9166 3717 30857 13546 17311 2562 15857 8103 11580 2930 46258 1573 13154 1529 1945 22274 4096 18178 5942 12236 5328 15300 6604 12924
internal_count=177726 37303 140423 81932 32109 5138 58491 3193 25991 26971 49823 3565 32500 20628 16675 23960 3011 1322 19055 9889 9166 3717 30857 13546 17311 2562 15857 8103 11580 2930 46258 1573 13154 1529 1945 22274 4096 18178 5942 12236 5328 15300 6604 12924
cat_boundaries=0 2 4 5 12 14 16 23 30 37 39 46 53 60 62 64 65 67 69 71 72 74 76 83 86 87 94 96 103 105 112 118 120 122 129 130 137 144 146 153 160
cat_threshold=2686649324 197167129 537133822 142649361 386 536870920 134219872 256 2182529024 16777216 2185297920 84017161 210347309 57036892 102 8193 2415927584 37748768 4456742 136445969 536881188 6357001 134742048 1048576 2921333000 4489504 134222152 8496 1074006017 134350848 1612775424 2824995072 134242336 138420488 265120 4194314 134873088 3465715713 68293184 2684426272 536912138 147111936 138412033 537397796 0 134758400 541068289 67119360 4194560 160 137216 264216 1024 537151520 2164293896 12861440 134218113 526624 0 19464 536871428 8423424 650 134252544 280 1083181058 1053248 67379201 2883588 4 38010896 38 1048578 68165632 2147615232 35841 90112 17825792 0 49152 292 3221225472 10241 3224437376 1478631712 66 104 294916 2150629892 8228 20217928 16826368 6553649 16779272 570556928 1025 2147748001 100927595 4 77594785 538083345 48 64 67108881 926784 16400 16777904 0 1086464 16797696 38076433 16779528 536870912 2151677952 0 4194304 800 2 536871124 142614529 8455176 33558528 1073811476 2064 0 33850624 25166080 34 67135552 262 262148 34816 32768 4198656 256 264208 17408 8 75499776 8192 1081416 0 1073741856 17188864 201851168 4456464 2164224 46137874 8192 1064 16801796 262155 201335040 269746208 2182086664 40992 2197979209 1057028 32 201334792
is_linear=0
shrinkage=0.05


Tree=94
num_leaves=45
num_cat=35
split_feature=5 0 3 1 0 1 1 0 0 1 0 10 0 0 1 0 8 8 0 1 1 5 8 0 8 3 0 0 0 1 5 0 1 0 0 3 3 0 0 1 8 0 0 1
split_gain=31.4059 51.5053 41.1577 39.9133 35.4562 48.4873 34.2972 34.0172 33.4164 33.2889 30.8176 28.6108 45.1174 36.7039 41.8579 30.8668 25.8843 25.1009 28.668 24.1311 23.7401 26.817 23.9698 35.2045 27.6296 45.0305 79.8036 44.0212 31.7891 23.3905 36.2973 23.3681 23.1242 23.0847 23.0429 22.105 22.0335 37.4384 31.6132 24.6681 23.4208 46.3424 30.0591 21.8607
threshold=208.50000000000003 0 1 2 3 4 5 6 7 8 9 10.500000000000002 10 11 12 13 9.5000000000000018 3.5000000000000004 14 15 16 72.500000000000014 11.500000000000002 17 8.5000000000000018 18 19 20 21 22 21.500000000000004 23 24 25 26 27 28 29 30 31 9.5000000000000018 32 33 34
decision_type=2 9 9 9 9 9 9 9 9 9 9 2 9 9 9 9 2 2 9 9 9 2 2 9 2 9 9 9 9 9 2 9 9 9 9 9 9 9 9 9 2 9 9 9
left_child=3 2 7 8 9 16 10 32 -1 -4 -3 12 17 14 15 35 34 18 -5 31 -15 22 24 -24 28 26 -26 -27 -22 -29 -31 -8 -2 -23 -6 -13 37 -16 -38 -39 42 -42 -41 -9
right_child=1 6 4 11 5 -7 19 43 -10 -11 -12 13 -14 20 36 -17 -18 -19 -20 -21 21 33 23 -25 25 27 -28 29 -30 30 -32 -33 -34 -35 -36 -37 38 39 -40 40 41 -43 -44 -45
leaf_value=-0.0062227321667300776 0.010718346904498112 -0.0050654291061954411 -0.00019712242311449303 -0.011475379629619011 -0.0078179830814882664 0.002306316020106025 0.00086045153038816213 -0.0025001795973067509 -0.0010189039824607393 0.0094424516591791862 0.0018989091410619469 0.0063443515882547824 -0.0035443752598541185 0.0029234880416728116 0.0095832149596552455 -0.0063622496304964974 -0.0092339534241477235 0.0012670341820517962 -4.222812543765997e-05 0.0031632266641190344 -0.004078482668044137 0.0024859285655013277 -0.0012701517874196379 0.0099398412210859495 -0.0085180804547464357 -0.00016338674147345356 0.020967876587116907 -0.0072087691157599783 0.0001527576999269309 -0.011763694299375328 -0.0060262478926439824 0.020030179529046978 9.9766145269963857e-05 -0.0015841958162782167 0.00082649240692628809 -0.0012086953693177583 0.0011127540537126835 0.0038338846117264625 0.006731463072517741 0.0065693610349996379 -0.011936795345873094 0.00033261376091783259 -0.00065555955475829486 -0.0012816663901423775
leaf_weight=3000 705 2125 1694 1159 917 5156 403 5599 4816 2685 3020 608 17932 5402 1284 2771 845 12649 2011 19574 5779 9419 1146 1150 905 1720 733 3731 10213 258 392 777 2579 8618 1732 1861 6080 1210 8364 1196 846 915 4556 9191
leaf_count=3000 705 2125 1694 1159 917 5156 403 5599 4816 2685 3020 608 17932 5402 1284 2771 845 12649 2011 19574 5779 9419 1146 1150 905 1720 733 3731 10213 258 392 777 2579 8618 1732 1861 6080 1210 8364 1196 846 915 4556 9191
internal_value=-0.000191868 0.000775411 -0.000596214 -0.000648587 0.00154536 -0.000311778 0.00242194 -0.00214001 -0.00410171 0.0052062 -0.00123181 -0.000409146 -0.0016281 0.00011054 0.00149995 -0.00255238 -0.0048516 0.000319035 -0.00365931 0.00332788 -0.000723583 -0.00110723 -0.00213432 0.0027439 -0.0026063 -0.00505879 0.00230583 -0.00702831 -0.00141946 -0.00969028 -0.0184848 0.0102521 0.00245902 0.000374231 -0.00243488 0.00151271 0.00236908 0.000564041 0.00361838 -0.000612619 -0.00168151 -0.00672913 -0.000139082 -0.00316216
internal_weight=177726 57002 31103 120724 13029 8650 25899 18074 7816 4379 5145 112908 33751 79157 29691 5240 3494 15819 3170 20754 49466 44064 26027 2296 23731 7739 1638 6101 15992 4381 650 1180 3284 18037 2649 2469 24451 10007 14444 8723 7513 1761 5752 14790
internal_count=177726 57002 31103 120724 13029 8650 25899 18074 7816 4379 5145 112908 33751 79157 29691 5240 3494 15819 3170 20754 49466 44064 26027 2296 23731 7739 1638 6101 15992 4381 650 1180 3284 18037 2649 2469 24451 10007 14444 8723 7513 1761 5752 14790
cat_boundaries=0 2 3 6 8 11 14 16 18 21 23 25 27 30 32 34 36 39 41 42 44 46 48 51 53 55 57 59 60 61 63 65 68 70 72 75
cat_threshold=1622519326 61243393 282 270533507 1210319968 4 537233426 16777216 270795202 134414592 64 3221231627 4194348 25 516 35651585 2819400129 17171992 369299459 69222400 71 34078752 206601728 3267078356 168690696 1612980746 89309257 3759413248 335614208 49 1612972040 71303169 1084301440 34210816 68428032 33232 1217419300 268587012 90 102239508 34082304 328 2324857056 34091008 9569281 34093072 33588256 170660884 38240256 8396800 1 2281701440 28684 1147072 8454456 135300496 136844820 2106880 2228225 74 216 2097152 16908296 538976256 4325449 134324288 14 8 522 67141633 8 32769 2455838848 1350705208 80
is_linear=0
shrinkage=0.05


Tree=95
num_leaves=45
num_cat=38
split_feature=5 2 2 0 2 2 0 10 0 2 0 2 2 10 3 0 2 2 0 2 0 2 0 5 2 0 0 2 5 0 2 0 2 9 0 3 0 2 0 2 0 0 0 3
split_gain=28.3693 54.436 38.8543 41.8012 55.1809 36.4284 28.2333 27.3472 51.5473 41.5658 34.4043 38.133 35.6554 34.5564 26.5849 54.6981 25.8783 25.3337 24.9893 24.7673 35.7046 28.1443 22.1748 21.6553 21.333 21.2317 20.4832 27.7958 20.1304 34.5893 26.1525 27.0581 22.4191 21.9151 19.6529 19.3356 42.7388 35.9742 34.3534 18.7304 24.7003 18.3121 18.1726 18.0114
threshold=218.50000000000003 0 1 2 3 4 5 17.500000000000004 6 7 8 9 10 5.5000000000000009 11 12 13 14 15 16 17 18 19 18.500000000000004 20 21 22 23 29.500000000000004 24 25 26 27 1.0000000180025095e-35 28 29 30 31 32 33 34 35 36 37
decision_type=2 9 9 9 9 9 9 2 9 9 9 9 9 2 9 9 9 9 9 9 9 9 9 2 9 9 9 9 2 9 9 9 9 2 9 9 9 9 9 9 9 9 9 9
left_child=1 34 6 4 -4 42 -2 10 17 25 12 -12 26 -14 15 -15 -6 18 -9 -7 21 -21 -11 24 41 -10 27 -3 29 32 31 -30 -16 39 -1 36 -19 -38 -37 40 -31 -13 -5 -28
right_child=2 7 3 5 16 19 -8 8 9 22 11 23 13 14 28 -17 -18 35 -20 20 -22 -23 -24 -25 -26 -27 43 -29 30 33 -32 -33 -34 -35 -36 38 37 -39 -40 -41 -42 -43 -44 -45
leaf_value=-0.0078001028862151106 0.015273370219432526 -0.011769059349578254 0.0079371954272469802 -0.0010750116087005824 0.0023781630474292051 -0.00081895329809809079 0.0019809931039570629 0.0013424284356557403 0.0023610715246787043 0.0038632222146888443 -0.0026185705997276544 -0.0076603911030905915 0.0047632097941824108 0.011115058749484614 -0.006404046740147995 -0.0037052202973892668 -0.0026127338923816693 0.0062356846224668194 -0.01598989366594359 0.010596356742783308 -0.00074559253370853895 0.0013916581612671841 -0.0011937693923957161 0.001099693732746293 0.0015775079691749572 0.0062147987149088757 -0.0077531118457571935 0.0061477852287933682 -0.016837077840683719 0.0026668545226365414 -0.0018822983697945773 -0.0028084177438114258 0.00023846132033907564 -0.0041705493908593214 -0.0022853420896312704 -0.0051380805225188179 0.021392574196526733 -0.0054531816272446187 0.00012328472931628643 -0.0074862233241538073 -0.012793890232674122 -0.00095687953005098585 -0.0095719867950120052 0.007941618010561197
leaf_weight=879 1373 570 5171 767 7788 18870 2351 219 4342 2899 7943 1583 2107 1254 1258 1565 3174 3865 336 2093 7694 3565 5322 30226 1069 5760 156 355 444 114 25766 1074 3160 2560 1255 3431 248 3115 4141 1788 558 2426 984 2108
leaf_count=879 1373 570 5171 767 7788 18870 2351 219 4342 2899 7943 1583 2107 1254 1258 1565 3174 3865 336 2093 7694 3565 5322 30226 1069 5760 156 355 444 114 25766 1074 3160 2560 1255 3431 248 3115 4141 1788 558 2426 984 2108
internal_value=-0.000174426 -0.000590818 0.000783949 0.000417032 0.00251192 -0.00057823 0.00570434 -0.000451664 0.00076014 0.00255005 -0.000915036 9.13147e-05 -0.0018853 -0.00227567 -0.00260868 0.00206787 0.000501276 -0.00137651 -0.0117699 -0.000195458 0.00145188 0.00446366 -9.11189e-05 0.000795718 -0.00222529 0.00469739 0.00320413 -0.00304813 -0.00296744 -0.00495868 -0.00227972 -0.00863874 -0.00171635 -0.00779324 -0.00848881 -0.000979068 0.000870406 -0.00324637 -0.00274334 -0.0111789 -0.0183284 -0.003894 -0.00758092 0.00576077
internal_weight=177726 123896 53830 50106 16133 33973 3724 121762 33678 18323 88084 43247 44837 41648 39541 2819 10962 15355 555 32222 13352 5658 8221 35304 5078 10102 3189 925 36722 9438 27284 1518 4418 5020 2134 14800 7228 3363 7572 2460 672 4009 1751 2264
internal_count=177726 123896 53830 50106 16133 33973 3724 121762 33678 18323 88084 43247 44837 41648 39541 2819 10962 15355 555 32222 13352 5658 8221 35304 5078 10102 3189 925 36722 9438 27284 1518 4418 5020 2134 14800 7228 3363 7572 2460 672 4009 1751 2264
cat_boundaries=0 7 14 16 23 30 32 34 41 43 50 57 58 60 67 74 76 83 85 92 94 101 103 105 112 114 121 123 130 132 133 135 141 143 150 152 154 156 157
cat_threshold=2151677957 144711816 14680354 4198416 343934976 1142948000 279584 138412225 138674184 1075841554 34611216 402784512 2365445 24 2382889409 72359004 286621696 41977862 142868480 2172915712 4 65562 67372033 18907392 622598 33570816 27262976 51390465 37814280 84148224 1714037036 68219392 646850724 244098624 1074077736 16 0 2181358600 32784 264193 84017216 202966901 8026133 536953880 1051154 32768 33564040 134877488 262153 17301824 1075349032 100663842 134250496 134226024 282656 65537 17303552 136 67109925 4327441 1612734480 24784 4227072 4374536 563085312 33554464 26944 1074855952 16777216 134217728 8 16384 65537 16779264 537395364 176161856 1342259216 44040257 142868480 2147750056 545292324 50 76801 1084360214 134758912 1318912 1057536 4194560 134235392 512 1073741824 96 2150696016 2232320 512 0 0 2148712448 0 16 10249 2147582992 19011592 590400 4206593 1048584 0 0 0 0 65536 2048 67175268 5267457 17039376 536870992 8192 8388737 537952772 262162 256 67175713 139280 0 0 0 1344512 134217744 2147483648 67117057 2158142414 101993472 290 537272480 75793408 0 0 32768 1081344 524288 2151940112 141440 243532800 12288 0 0 33570816 16777216 0 67108864 1048576 6144 2717919360 218103872 537954856 178692096 2
is_linear=0
shrinkage=0.05


Tree=96
num_leaves=45
num_cat=33
split_feature=6 6 2 0 0 2 0 2 2 2 0 0 2 2 2 2 3 0 0 2 0 0 2 6 2 2 0 0 2 5 0 5 5 2 8 10 0 8 0 10 6 2 0 0
split_gain=32.169 36.453 32.6824 53.9535 29.2248 41.852 29.0784 33.2668 29.7527 28.5413 59.5123 33.9488 52.8867 37.3211 33.7679 27.7713 27.5474 58.0774 30.1621 33.7982 26.3728 24.2635 22.2331 21.8131 26.2888 25.3871 26.3676 22.3652 25.2919 21.7954 21.5362 20.8587 20.0153 18.9133 18.7868 33.998 53.4776 45.2133 54.9954 40.4917 21.2615 19.7129 19.4377 19.198
threshold=2.5000000000000004 5.5000000000000009 0 1 2 3 4 5 6 7 8 9 10 11 12 13 14 15 16 17 18 19 20 3.5000000000000004 21 22 23 24 25 568.50000000000011 26 1698.0000000000002 236.50000000000003 27 6.5000000000000009 19.500000000000004 28 9.5000000000000018 29 13.500000000000002 4.5000000000000009 30 31 32
decision_type=2 2 9 9 9 9 9 9 9 9 9 9 9 9 9 9 9 9 9 9 9 9 9 2 9 9 9 9 9 2 9 2 2 9 2 2 9 2 9 2 2 9 9 9
left_child=9 2 3 -2 5 -4 7 -3 -8 10 14 12 -11 20 -1 21 17 -14 19 -18 -13 -6 -17 25 -25 30 33 28 -26 -9 -7 -15 -21 -27 43 37 -37 -36 39 -39 -41 42 -40 -29
right_child=1 6 4 -5 15 23 8 29 -10 11 -12 13 16 31 -16 22 18 -19 -20 32 -22 -23 -24 24 27 26 -28 34 -30 -31 -32 -33 -34 -35 35 36 -38 38 41 40 -42 -43 -44 -45
leaf_value=0.0097565290863020245 -0.00085338268298857387 -0.012326393199366781 -0.0028444483691132619 0.011511469593399737 0.0057165576344997866 0.00037230098529112413 -0.0068592194681818047 -0.0030464754247690631 0.00033593721947967615 0.0065960151224752966 -0.0064983116460430174 0.019393133486119929 -0.0054817873419181042 -0.001563333880586798 -0.0029746650730254789 -0.0041048028395943353 -0.014594664395542604 0.0091434233706487074 -3.5463719290673711e-05 -0.0089765551543519451 0.0017324620519579615 -0.00012243505503881647 -0.00021831938258238539 0.0047327074592013359 0.0047530066222166885 0.013999147006211543 -0.0015690029046973365 0.0040323711551495615 -0.0013863136774008523 0.011633250101614385 -0.0078866010114988731 0.013767848866639532 0.0089071468650825433 0.0035546438814276246 -0.0023444735880929352 -0.0032912607526020101 -0.0019217793007797468 0.00061919536579043148 0.020325406232913592 0.0012053655767470641 0.002082033935254024 -0.0038483789328137398 0.0007134999713154567 -0.001236345462462457
leaf_weight=929 1306 554 1981 1564 1653 1297 926 6812 12849 5613 3758 385 1432 51291 919 2030 1014 2715 7928 1846 1478 1675 32498 5635 5626 503 4388 2365 985 208 1196 250 634 4108 2460 262 673 215 216 71 315 828 751 1584
leaf_count=929 1306 554 1981 1564 1653 1297 926 6812 12849 5613 3758 385 1432 51291 919 2030 1014 2715 7928 1846 1478 1675 32498 5635 5626 503 4388 2365 985 208 1196 250 634 4108 2460 262 673 215 216 71 315 828 751 1584
internal_value=-0.000200871 0.000409088 0.000920785 0.00614583 0.000715309 0.0017466 -0.00141693 -0.00390295 -4.71527e-05 -0.000942737 -0.00438034 -0.000683683 0.00100982 -0.00135545 0.00296017 -0.000250885 -0.000491046 0.00299495 -0.00175822 -0.00562215 0.00557928 0.00410425 -0.000671724 0.00216495 0.00308833 0.000400278 0.00163725 0.00206894 0.00431204 -0.00295875 -0.00405513 -0.00160715 -0.0024498 0.00427397 0.00054359 -0.00126921 -0.01 0.000411862 0.0053005 0.0182488 0.0282383 0.000858726 0.00568066 0.00320334
internal_weight=177726 97534 76185 2870 73315 35459 21349 7574 13775 80192 5606 74586 21182 53404 1848 37856 15569 4147 11422 3494 1863 3328 34528 33478 21986 11492 8999 16351 6611 7020 2493 51541 2480 4611 9740 5791 935 4856 2396 601 386 1795 967 3949
internal_count=177726 97534 76185 2870 73315 35459 21349 7574 13775 80192 5606 74586 21182 53404 1848 37856 15569 4147 11422 3494 1863 3328 34528 33478 21986 11492 8999 16351 6611 7020 2493 51541 2480 4611 9740 5791 935 4856 2396 601 386 1795 967 3949
cat_boundaries=0 7 9 11 18 20 27 34 41 43 45 52 59 64 71 72 74 76 82 84 86 93 99 105 107 109 116 118 125 126 127 134 136 138
cat_threshold=904 625213440 8929280 83886088 2684772896 272633856 196656 2315395982 240964612 3291097746 124261912 2097185 33587972 260 134218849 276826256 33816617 151782464 3223661488 170525696 536936452 1048592 0 8 554729472 2147745794 132104 1073741824 2164269824 32 17044489 671099428 1074004000 16777280 2147484049 86114320 8388896 73400320 134773539 4194432 33816576 538348648 84461568 2191589825 211189824 538969096 47188000 4210688 1048705 9568256 1107626019 83903497 303562752 33865741 2147756614 142614560 268730384 2101248 134217728 2147483648 16 32 4194304 134226176 536875025 2147519235 256 134218848 134250512 262185 17563968 16 41943168 202375232 2147549185 393216 1400832 0 32768 36936 536870916 16 135266320 4734976 570426721 134627329 1345127424 36700172 136585222 12583057 17827840 2164736 1024 356352 2283798608 136323072 46272640 17830148 2 81940 2147493968 8192 34640000 1052672 2 2105874 19403800 2215249920 73401864 536872980 1048584 32768 2148843520 524288 2064 8201 3223462546 33558528 1073741824 32 0 262144 150994944 2048 67111168 1073741824 1073741952 1048576 1048576 0 2148827136 0 2147483648 67119368 2 17301504 1073742480 16777232
is_linear=0
shrinkage=0.05


Tree=97
num_leaves=45
num_cat=36
split_feature=6 6 2 0 0 2 0 2 2 2 2 0 0 2 2 0 2 10 2 0 0 0 2 0 2 2 0 0 5 4 5 2 0 2 2 0 5 2 5 0 2 0 0 0
split_gain=29.6258 30.1693 47.31 55.6205 36.2098 37.377 34.9001 40.8364 33.5194 32.7973 27.4074 61.5281 28.9124 50.4541 35.7456 31.7787 26.8581 26.8348 29.2476 31.0256 28.3411 25.8838 25.0864 24.1493 31.4742 23.0346 26.003 22.6193 22.3726 22.5481 21.9321 20.681 21.9318 20.4051 20.3723 20.5745 20.3164 19.5548 18.9448 34.1178 18.6339 19.6844 18.3666 17.9687
threshold=2.5000000000000004 4.5000000000000009 0 1 2 3 4 5 6 7 8 9 10 11 12 13 14 13.500000000000002 15 16 17 18 19 20 21 22 23 24 1105.5000000000002 2.5000000000000004 1050.5000000000002 25 26 27 28 29 136.50000000000003 30 18.500000000000004 31 32 33 34 35
decision_type=2 2 9 9 9 9 9 9 9 9 9 9 9 9 9 9 9 2 9 9 9 9 9 9 9 9 9 9 2 2 2 9 9 9 9 9 2 9 2 9 9 9 9 9
left_child=10 2 3 33 5 -4 8 42 -3 21 11 -1 13 -12 15 -14 27 18 20 -20 -11 -6 -10 24 -19 -15 -27 -9 30 -30 -24 32 -25 43 -13 -36 -33 -28 39 -16 -7 -42 -8 -2
right_child=1 6 4 -5 9 40 7 16 22 17 12 34 14 25 38 -17 -18 23 19 -21 -22 -23 28 31 -26 26 37 -29 29 -31 -32 36 -34 -35 35 -37 -38 -39 -40 -41 41 -43 -44 -45
leaf_value=-0.0095396628485831872 -0.011950557858868028 -0.0041703700294676519 0.0020542702923740165 0.011880871132231031 0.00047008469125782437 -0.0085733612219493129 0.0075935856504535937 -0.00089942858481493755 0.014553801227524962 -0.0011960102962496834 0.0072535577750845017 -0.0065022859690250789 0.01138639655287137 0.00082268611197276471 -0.0074644950880484728 -0.00012455535576636479 -0.0020253675425257523 0.0085341458159646898 0.0025905301437889774 -0.0047353208313746847 0.0048300784074907233 -0.00583416802724206 0.00077193986751283861 0.0053243924354425161 1.4983216568564828e-05 0.0030366757182554993 -0.011059930461550072 -0.010432372711541505 -0.0057688990527661917 0.0019120489759304029 0.0090031321283415237 0.0045952185702093033 -0.0024274266994863125 0.0061519023719068758 -0.001978715885094942 0.0044326148524873269 0.0095359949690489668 -0.0042566111882482941 -0.0012136288194990463 -0.00024080215556397666 -0.0032088259948270473 -8.8131643493583042e-06 2.4669929685988692e-05 -0.00042294546577084093
leaf_weight=1825 287 2316 5793 1945 1036 854 1645 358 100 3940 3286 604 908 16682 2503 1297 18332 808 2278 3210 5561 870 18261 1227 6009 1336 861 509 91 77 48 4133 1279 524 1686 1473 2563 2775 42058 2898 4815 4784 3278 603
leaf_count=1825 287 2316 5793 1945 1036 854 1645 358 100 3940 3286 604 908 16682 2503 1297 18332 808 2278 3210 5561 870 18261 1227 6009 1336 861 509 91 77 48 4133 1279 524 1686 1473 2563 2775 42058 2898 4815 4784 3278 603
internal_value=-0.000200871 0.000384481 0.00119861 0.00693084 0.000805369 -0.00112574 -0.000565367 -0.0018606 0.000930488 0.0017586 -0.000912809 -0.00428725 -0.000659394 0.000729459 -0.00135685 0.00485327 -0.00290229 0.00215036 0.000630462 -0.00227355 0.00230785 -0.0045929 0.00163824 0.00357388 0.00131097 -0.00014771 -0.00313127 -0.0114595 0.00149565 -0.0166667 0.00166312 0.00524316 0.00135135 -0.000632022 -0.000622847 0.000994004 0.0066955 -0.0053209 -0.00164634 -0.00443436 -0.00291026 -0.00227391 0.00219947 -0.00522222
internal_weight=177726 97534 52519 3359 49160 16246 45015 24122 20893 32914 80192 5588 74604 24940 49664 2205 19199 31008 14989 5488 9501 1906 18577 16019 6817 21654 4972 867 18477 168 18309 9202 2506 1414 3763 3159 6696 3636 47459 5401 10453 9599 4923 890
internal_count=177726 97534 52519 3359 49160 16246 45015 24122 20893 32914 80192 5588 74604 24940 49664 2205 19199 31008 14989 5488 9501 1906 18577 16019 6817 21654 4972 867 18477 168 18309 9202 2506 1414 3763 3159 6696 3636 47459 5401 10453 9599 4923 890
cat_boundaries=0 7 9 11 18 20 27 34 41 48 50 52 59 66 68 75 82 84 86 88 95 97 104 111 113 115 122 124 130 137 139 146 148 155 157 159 161
cat_threshold=1672 675545123 8405248 83886088 805724960 4198401 655392 2349213581 240134212 680592488 29665856 2320 2249230856 32768 278528 16814084 3221487658 134242377 1812496483 130071132 20185096 25166162 134225952 8439056 1573396 65568 543040 262408 290 136314880 12861704 940575396 1073807361 16793856 2119969 33555204 134225924 2097313 8423568 2181300266 1088 2164261249 86114896 8388864 73400320 134511395 4194432 33816576 101253147 139596376 2191589832 215394368 538969128 47220736 4767744 1048705 9568256 1107363874 83903496 1377305088 172269837 2370112 142614560 268435472 2101249 134217728 739246097 541713 1 139460608 4194560 83886216 822091808 3221225474 131104 537927680 11542728 4489248 2147881296 134746112 2097152 10497 3255446033 69222404 2150146307 67125277 2181204243 68702217 268468225 201457664 0 0 0 2048 131072 3254781972 236077056 16842768 1048592 0 5505024 524292 1073741840 67108864 268517380 2684354692 8228 2147927312 285736960 2147745809 139521 33554504 135266368 10945032 671745 1048592 2224037888 32 5374976 134746112 1073743872 67119112 2794113 528384 8 134217728 0 16777216 805307168 1 2147483777 84017664 0 2097152 280576 4194432 262144 3357674148 10759169 1052688 134225920 0 150999072 4 8 134217728 1208101937 525329 1359253508 2097284 262176 12587008 135268352 65536 3072 536870944 25438720 34604312 134743040 201335425 4194304
is_linear=0
shrinkage=0.05


Tree=98
num_leaves=45
num_cat=37
split_feature=6 6 2 0 2 0 10 0 2 0 2 2 2 2 2 2 0 0 8 0 1 2 0 0 2 0 2 2 0 10 0 2 0 0 2 2 10 0 2 8 0 2 1 0
split_gain=25.7283 27.7669 26.7577 45.9075 25.8696 28.5801 24.2092 36.4337 40.4807 32.5698 47.8925 42.276 32.5425 29.9489 29.4997 29.1267 28.5413 24.1565 24.016 37.8607 28.5251 23.9336 33.7235 23.4541 37.2926 25.7173 24.6203 21.102 20.7408 20.4465 19.5416 19.4116 21.7657 19.2323 19.1313 19.1054 19.0126 20.5735 17.9716 19.7876 72.7351 37.1302 30.7471 28.2628
threshold=2.5000000000000004 5.5000000000000009 0 1 2 3 11.500000000000002 4 5 6 7 8 9 10 11 12 13 14 10.500000000000002 15 16 17 18 19 20 21 22 23 24 22.500000000000004 25 26 27 28 29 30 12.500000000000002 31 32 10.500000000000002 33 34 35 36
decision_type=2 2 9 9 9 9 2 9 9 9 9 9 9 9 9 9 9 9 2 9 9 9 9 9 9 9 9 9 9 2 9 9 9 9 9 9 2 9 9 2 9 9 9 9
left_child=6 2 3 -2 5 -3 7 13 16 11 30 -8 28 -1 -10 -13 -9 21 -17 -20 -21 22 -6 24 25 -4 36 -18 -12 -30 35 32 -19 -22 -15 -11 37 -25 -28 43 42 -42 -41 -40
right_child=1 4 23 -5 17 -7 9 8 14 10 12 15 -14 34 -16 18 27 31 19 20 33 -23 -24 26 -26 -27 38 -29 29 -31 -32 -33 -34 -35 -36 -37 -38 -39 39 40 41 -43 -44 -45
leaf_value=-0.007941029643906139 -0.0007565027930656721 -0.012463439272164712 0.00039931846217101664 0.0086035413177634589 -0.01302191297228047 -0.0019696075990552342 -0.0064224791269508422 0.0091298554700793184 -0.0095015582449701937 0.0081203410518261073 0.0010270445894376978 0.0046788638905095326 0.0011300023837651969 0.013339009224699933 -0.0035637618542498032 -0.0021154734019454727 -0.016646434401173572 -0.00035850248474827431 -0.0039735664668585141 0.00068935115944526173 0.017631484790146125 -0.00051796374435462706 -0.0018650455178610304 -0.011263545897251485 0.0013351762834462599 -0.0069883901792211489 0.002571884688096682 0.0027944413002970458 0.010147961585306221 0.067799178169083679 -0.0080315757944873223 -9.4295988970705125e-05 0.0090669238357074973 0.006706287665058131 0.0012166883006206831 -0.0090663627474908189 -0.0008623668053852285 -0.0014526313213665877 -0.0022627622722567408 -0.0038849134266640498 -0.0031925887383443042 0.0067113416910096427 -0.0099341828957487648 0.0010464281476517234
leaf_weight=1326 1656 452 747 1958 1013 728 2365 993 814 239 1027 1732 18952 348 16991 17950 367 488 1318 1601 439 3907 1838 488 35157 1159 1598 503 1794 93 1849 12230 693 882 8393 216 1183 432 6866 1242 1739 1849 1368 18743
leaf_count=1326 1656 452 747 1958 1013 728 2365 993 814 239 1027 1732 18952 348 16991 17950 367 488 1318 1601 439 3907 1838 488 35157 1159 1598 503 1794 93 1849 12230 693 882 8393 216 1183 432 6866 1242 1739 1849 1368 18743
internal_value=-0.000190743 0.000354748 0.000801339 0.00499448 -0.00123893 -0.00840336 -0.0008542 -0.00198588 -0.00323712 -0.000187288 0.0011373 -0.0014051 0.00186049 0.000461447 -0.00397137 -0.000773024 0.00376401 -0.000815204 -0.00126126 0.00212264 0.00528649 -0.00325059 -0.00672842 0.000591753 0.00147142 -0.00532359 -0.000326595 -0.00284091 0.00677155 0.00988403 -0.00570441 0.000413531 0.00650714 0.0107062 0.00152554 0.00354839 -0.00556081 -0.0109783 4.489e-06 -0.000256152 -0.00279122 0.00183435 -0.00912214 0.000357296
internal_weight=177726 97534 76185 3614 21349 1180 80192 29735 19668 50457 24170 26287 21866 10067 17805 23922 1863 20169 22190 4240 2922 6758 2851 72571 37063 1906 35508 870 2914 1887 2304 13411 1181 1321 8741 455 2103 920 33405 31807 6198 3588 2610 25609
internal_count=177726 97534 76185 3614 21349 1180 80192 29735 19668 50457 24170 26287 21866 10067 17805 23922 1863 20169 22190 4240 2922 6758 2851 72571 37063 1906 35508 870 2914 1887 2304 13411 1181 1321 8741 455 2103 920 33405 31807 6198 3588 2610 25609
cat_boundaries=0 7 9 16 18 20 27 29 36 43 50 57 64 71 73 75 77 80 87 89 91 98 100 107 113 115 117 124 126 128 135 142 144 151 153 160 163 165
cat_threshold=524952 2235826176 8929280 67108904 2684772868 272633856 851984 135733646 123508756 1610612992 2164269056 2105344 31719561 671097380 1074069506 17301504 1175036056 89672216 3266382282 144444416 18089992 2185267864 270592 4199489 36864 3221225504 150995040 1243187998 53218333 537919493 2350908120 10780672 138416176 563236 1073741832 150994944 17303560 629148544 138936576 67109896 806373632 65568 263200 270532616 563087618 4194304 9438345 831520768 2424867 1280 266264 2181040392 256 328 1585668 4194354 320 2147484673 25165824 0 136 159934980 4196352 131072 1074806817 2151710724 2367520 155197488 569364 268296 134873088 671385136 4342284 3223661232 170009600 1049090 17304592 274825346 79691808 6 335896 1048576 32768 16384 26263552 2147483664 67243017 2097200 2236416 3290671762 124261916 270534689 35590 134217986 9217 2224 2181300265 16778304 69337216 39850520 1361314816 169869416 6561796 8396945 286263296 1075906560 1056 1050632 16 0 0 4096 1073741856 9440 9454080 67109056 9437248 1378308 168822898 0 256 26247168 2147483648 150528 1213448 13943300 12 33554437 536870912 8389136 32768 1 8390656 2147483649 16778240 537919488 512 32768 4096 524292 0 16777216 705429601 9472000 536870913 133635 256 16778240 48 262177 16908352 571474248 142772224 90112 0 0 2182397952 134217728 2 16384 229376 1149239585 66 8389633 1318977
is_linear=0
shrinkage=0.05


Tree=99
num_leaves=45
num_cat=19
split_feature=5 10 10 1 1 3 1 5 4 8 1 8 3 8 5 8 1 1 1 4 3 1 1 8 10 3 4 8 1 1 1 5 10 6 10 5 6 10 3 5 1 1 6 5
split_gain=26.7304 26.1137 29.1555 31.734 25.4016 29.7979 23.3811 24.3835 33.5534 20.6106 29.1345 20.0246 46.7091 46.4128 44.1255 50.6369 27.5889 22.0006 19.4544 19.4523 19.3964 27.0008 20.3388 19.2047 18.7411 28.2247 21.9765 18.1558 40.5207 22.3236 19.7461 16.7527 32.3991 39.755 32.2292 28.703 18.2354 17.4857 16.0643 22.4073 15.9778 15.9611 15.8893 15.3769
threshold=541.50000000000011 9.5000000000000018 5.5000000000000009 0 1 2 3 76.500000000000014 3.5000000000000004 3.5000000000000004 4 9.5000000000000018 5 11.500000000000002 4.5000000000000009 8.5000000000000018 6 7 8 1.5000000000000002 9 10 11 10.500000000000002 7.5000000000000009 12 2.5000000000000004 10.500000000000002 13 14 15 299.50000000000006 21.500000000000004 3.5000000000000004 15.500000000000002 348.50000000000006 2.5000000000000004 12.500000000000002 16 188.50000000000003 17 18 5.5000000000000009 1105.5000000000002
decision_type=2 2 2 9 9 9 9 2 2 2 9 2 9 2 2 2 9 9 9 2 9 9 9 2 2 9 2 2 9 9 9 2 2 2 2 2 2 2 9 2 9 9 2 2
left_child=1 2 4 -4 -1 -6 38 8 11 10 -5 14 16 -14 15 17 23 -8 24 -16 22 -22 -9 -13 -2 26 43 30 -29 -30 -24 -31 33 36 37 -34 -33 -35 -3 -40 -25 -21 -32 -26
right_child=18 6 3 9 5 -7 7 20 -10 -11 -12 12 13 -15 19 -17 -18 -19 -20 41 21 -23 27 40 25 -27 -28 28 29 31 42 32 35 34 -36 -37 -38 -39 39 -41 -42 -43 -44 -45
leaf_value=-0.0044683675113202708 0.0078022990192878399 0.0057585835854117862 0.0024394589041090986 -0.0024244381956015138 0.01014431362716669 -8.2043332383774381e-05 0.0014442474822183749 0.0051362066938877241 -0.0094098686065368156 -0.0017574527365589176 -0.010693673607888822 -4.0744344252030556e-05 -0.0038947325589813345 0.0010245034627102913 0.012930500686663527 0.015434813937029968 -0.0045701097265974048 0.012607976286992291 0.0042015991093725452 0.0019657170652494396 0.00463390065207146 0.00075907528768814903 -0.0033935055250278569 0.0044496370893362227 -0.0027599458409061752 -0.00015588598011287425 0.011082906524028808 0.01501055265011988 -0.015318992484618515 -0.0011588322557999464 0.00023136223624293796 0.0018730825234045791 -0.0044712164533446761 0.0071816976613471722 0.0019390715874700567 0.0063192261280599297 -0.0036993639293626313 -0.0049221139709542013 -0.0026408469963040029 -0.00045564555481084626 0.022041508013599921 -0.00060492770067663857 -0.003515156545852638 -0.0030703037560314895
leaf_weight=1139 190 830 1750 4105 2237 3125 1871 1770 1324 23753 2153 690 8228 2977 137 418 677 387 5886 7687 9374 24077 4978 773 185 1358 72 973 258 2873 14417 323 67 56 312 43 155 80 6853 12878 655 23571 1968 93
leaf_count=1139 190 830 1750 4105 2237 3125 1871 1770 1324 23753 2153 690 8228 2977 137 418 677 387 5886 7687 9374 24077 4978 773 185 1358 72 973 258 2873 14417 323 67 56 312 43 155 80 6853 12878 655 23571 1968 93
internal_value=-0.000192994 -0.000324228 -0.00147405 -0.00209849 0.00157668 0.00301564 9.87242e-06 0.000296502 -0.00053143 -0.00247993 -0.00503356 -0.000315159 -0.00190714 -0.00334819 0.000338998 0.00650224 0.00386809 0.00354296 0.00267215 -0.000186335 0.000959108 0.00177371 -5.30354e-06 0.00667293 -0.00172956 -0.00339578 -0.0158333 -0.000352657 0.00231518 0.000155614 -0.00099471 0.00110998 0.00656371 0.00961123 0.0203125 -0.0190909 -0.00041841 0 -0.00153857 -0.00182615 0.010014 -0.000268731 -0.000155535 -0.0226619
internal_weight=177726 169942 38262 31761 6501 5362 131680 111119 49395 30011 6258 48071 14000 11205 34071 2676 2795 2258 7784 31395 61724 33451 28273 2118 1898 1708 350 26503 5140 4167 21363 3909 1036 926 448 110 478 136 20561 19731 1428 31258 16385 278
internal_count=177726 169942 38262 31761 6501 5362 131680 111119 49395 30011 6258 48071 14000 11205 34071 2676 2795 2258 7784 31395 61724 33451 28273 2118 1898 1708 350 26503 5140 4167 21363 3909 1036 926 448 110 478 136 20561 19731 1428 31258 16385 278
cat_boundaries=0 3 5 6 9 12 13 16 18 21 22 25 27 28 31 34 37 38 40 43
cat_threshold=335807008 205545667 16 807665925 6390028 102 268699145 1313088753 20 2184413314 268533760 7 392 33783872 8421632 1 65572 258 1344288792 12681232 80 402 1712363794 135176 72 67199040 2281472 16 131200 12 10 2159022336 0 64 539101584 268435724 10 66 65536 8421632 1073408 277020676 72
is_linear=0
shrinkage=0.05


Tree=100
num_leaves=45
num_cat=17
split_feature=8 8 2 2 2 8 2 2 2 2 5 1 8 1 4 4 2 10 1 8 5 8 5 2 10 2 8 6 6 5 10 10 10 2 8 2 10 5 5 2 10 5 2 6
split_gain=25.0968 54.5663 52.7988 44.7619 43.6073 42.8327 37.2842 35.7431 35.3241 31.8751 29.3802 34.1795 26.7679 26.3914 25.3856 21.2113 19.5402 19.4472 19.2539 19.1706 23.6174 47.9051 20.918 18.4602 17.2839 18.7041 16.7848 15.7219 15.372 20.1306 14.5853 14.5551 19.4632 14.103 13.759 18.3337 13.7032 17.4921 13.2229 25.1119 29.0263 22.4075 19.5104 13.189
threshold=3.5000000000000004 7.5000000000000009 0 1 2 11.500000000000002 3 4 5 6 102.50000000000001 7 10.500000000000002 8 3.5000000000000004 2.5000000000000004 9 18.500000000000004 10 9.5000000000000018 1.0000000180025095e-35 8.5000000000000018 6.5000000000000009 11 18.500000000000004 12 2.5000000000000004 2.5000000000000004 1.0000000180025095e-35 138.50000000000003 22.500000000000004 21.500000000000004 18.500000000000004 13 9.5000000000000018 14 21.500000000000004 14.500000000000002 374.50000000000006 15 9.5000000000000018 1050.5000000000002 16 3.5000000000000004
decision_type=2 2 9 9 9 2 9 9 9 9 2 9 2 9 2 2 9 2 9 2 2 2 2 9 2 9 2 2 2 2 2 2 2 9 2 9 2 2 2 9 2 2 9 2
left_child=2 4 15 12 -2 7 -7 -5 -4 -6 14 34 16 -14 18 -1 17 -3 -9 20 21 -20 27 30 -25 -26 -27 -21 -19 -30 -10 32 43 -28 35 -12 -8 -38 42 40 -40 -42 -11 -29
right_child=1 3 8 5 9 6 36 10 23 38 11 -13 13 -15 -16 -17 -18 28 19 22 -22 -23 -24 24 25 26 33 31 29 -31 -32 -33 -34 -35 -36 -37 37 -39 39 -41 41 -43 -44 -45
leaf_value=-0.0098225504994837176 -0.0019047982815476039 -0.00060445573042208214 0.0099642278454205712 -0.0036420552129172758 0.0079093393899024814 0.0030881105721866533 -0.00022550545082135055 -0.0030985246254046084 -0.0018698263204078303 -0.0027671256991787076 -0.0057703179086522199 0.00098890732453940102 0.00080953109513585704 0.01267389379208534 -0.012795975503400859 -0.0010686165897331513 0.0033988543793395222 -0.0086392976167119721 -0.0073752681732296432 -0.017305667109472466 0.00015182047226107722 0.014663073240178459 -0.001594161106684683 -0.0004246784361056716 -0.0038769911830758481 0.0049962727307119592 -0.0047133502633949281 -0.018737367055218758 0.0019325469675045004 -0.013896158995397735 0.0067274383342507517 -0.0083211558030481299 0.0013517892095605167 0.011622608409467989 -0.0040268977123203214 0.00079416428726231114 -0.0013868876071061354 -0.0036537039643197212 0.0094557864527702543 0.0067682377045867664 -0.0015546687213374934 -0.0064578075287447141 0.0012569887839348317 -0.00066989519027738087
leaf_weight=2211 6273 2294 549 3884 2021 7157 6672 14395 17179 1619 820 17165 1586 2158 978 1117 2033 114 277 445 5113 404 5934 12710 506 1767 572 89 260 180 512 49 150 180 5057 3833 44 588 282 3878 1027 181 43210 253
leaf_count=2211 6273 2294 549 3884 2021 7157 6672 14395 17179 1619 820 17165 1586 2158 978 1117 2033 114 277 445 5113 404 5934 12710 506 1767 572 89 260 180 512 49 150 180 5057 3833 44 588 282 3878 1027 181 43210 253
internal_value=-0.000186242 0.000119995 -0.00133903 -0.000712786 0.00128652 -0.00111366 0.00132425 -0.00171295 -0.00074886 0.00175959 -0.00138434 -0.000202791 0.00269253 0.00587607 -0.0025154 -0.00733972 0.000256095 -0.00241428 -0.00222989 -0.000809494 0.0013117 0.0100587 -0.00258671 -0.000957052 0.000288981 0.00368595 0.00543693 -0.00933063 -0.0108303 -0.00659091 -0.00206486 -0.00360444 -0.00101626 -0.000797872 -0.00257202 -0.000612508 -0.0011895 -0.00822785 0.00151075 0.00385618 -0.00166667 -0.00504967 0.00123023 -0.00760234
internal_weight=177726 140423 37303 81932 58491 73307 14461 58846 33975 52218 54962 26875 8625 3744 28087 3328 4881 2848 27109 12714 5794 681 6920 33426 15735 3025 2519 986 554 440 17691 541 492 752 9710 4653 7304 632 50197 5368 1490 1208 44829 342
internal_count=177726 140423 37303 81932 58491 73307 14461 58846 33975 52218 54962 26875 8625 3744 28087 3328 4881 2848 27109 12714 5794 681 6920 33426 15735 3025 2519 986 554 440 17691 541 492 752 9710 4653 7304 632 50197 5368 1490 1208 44829 342
cat_boundaries=0 7 14 21 28 35 41 48 51 54 58 61 68 74 81 88 95 102
cat_threshold=537135617 620767496 12582912 384 138016 395284 16778272 2147747969 100927529 268435714 67239984 2147622913 1411452944 65568 2149581184 44040225 294 69599248 68200464 2162817 50335776 17850376 25165904 4202496 2182123784 554696960 2081 201457928 1092665600 566366740 144711680 4202752 562038912 32 540672 2654208 46154240 2105860 4194312 17039360 2101249 537400352 2818711834 143147008 4202880 196736 4096 541696 1342177475 1075908749 84 2155872640 134226176 4 0 8 0 131072 843063360 339738626 77 2152739856 2148532258 557312 33738785 8913024 1073741832 157705 1073823744 0 0 64 1056768 65568 0 0 0 2147483648 0 0 67108864 0 2147483648 0 8389632 1052704 4194314 16777472 268435460 71336448 0 50331713 4128 262160 67110921 296960 16777344 270336 134221832 8388612 1111490592 262464
is_linear=0
shrinkage=0.05


Tree=101
num_leaves=45
num_cat=33
split_feature=5 6 6 0 1 1 0 1 8 0 10 3 0 1 0 10 0 5 10 0 1 1 0 0 1 1 0 1 0 3 0 8 0 0 1 1 1 1 0 10 1 3 8 0
split_gain=24.2076 23.2002 25.9767 34.7143 47.6426 39.0546 32.5335 38.1193 30.3525 35.3898 30.8791 30.9185 28.5941 28.163 25.4211 24.7529 24.2301 27.4957 23.3533 27.6357 41.0635 26.7992 28.072 24.8384 35.6654 31.3584 25.5381 22.599 40.5485 22.159 38.2517 34.3174 69.5301 22.7562 22.1918 21.6956 21.5922 20.797 27.3593 20.2282 20.0095 20.2151 19.9347 31.5368
threshold=1698.0000000000002 2.5000000000000004 4.5000000000000009 0 1 2 3 4 7.5000000000000009 5 12.500000000000002 6 7 8 9 7.5000000000000009 10 415.50000000000006 10.500000000000002 11 12 13 14 15 16 17 18 19 20 21 22 7.5000000000000009 23 24 25 26 27 28 29 10.500000000000002 30 31 11.500000000000002 32
decision_type=2 2 2 9 9 9 9 9 2 9 2 9 9 9 9 2 9 2 2 9 9 9 9 9 9 9 9 9 9 9 9 2 9 9 9 9 9 9 9 2 9 9 2 9
left_child=1 18 3 4 -3 -5 7 8 14 10 -10 -12 -9 16 -4 27 39 -18 23 20 -20 22 -21 25 26 -1 -25 28 -7 30 -17 33 -33 36 -34 -22 -31 38 -6 -8 41 -11 -23 -44
right_child=-2 2 6 5 37 15 13 12 9 40 11 -13 -14 -15 -16 29 17 -19 19 21 35 42 -24 24 -26 -27 -28 -29 -30 31 -32 32 34 -35 -36 -37 -38 -39 -40 -41 -42 -43 43 -45
leaf_value=-0.00063140598468039997 0.011578042540155709 0.0061151223360395692 0.00070019765534690701 0.0020929909488849319 0.001239797923867636 -0.018693835599506659 0.0068658850983176478 0.0034960118179367785 -0.0033858065092075896 0.018033082914334485 -0.012680540106691863 -0.0057730233527146409 -0.0017784430359513827 -0.00023922642563104226 -0.0037810847254163061 -0.0068957833713682087 7.0134336475641271e-05 0.0094138520972876574 -0.0032800914197373024 -0.0054145744612026986 0.012940217427100609 -0.00050595660162223728 -0.00061549799461271815 0.0009643074859540413 0.0020293383807753695 -0.0063787836307323048 -0.0079147129818323402 -0.012804770196363557 0.0065631882366371632 -0.011969702945140459 0.00061761064750761598 -0.0080664453553361392 -0.005223402813124123 0.00021519528360353091 0.0030907930574893606 0.0028024867799240961 0.010797749561495679 0.0016135261856325856 -0.010292002158279235 0.0028224429929783359 -0.0074537756755828416 -0.0023592006406862962 -0.0024245044145920994 0.0051543856729471711
leaf_weight=4483 719 5916 4295 11339 853 477 809 3400 604 404 667 354 4314 16185 2755 2385 5173 291 3388 4316 669 28476 4800 2432 6533 6988 3767 676 596 114 2017 2060 312 3600 2395 11425 1704 17033 787 2105 1046 2564 987 1513
leaf_count=4483 719 5916 4295 11339 853 477 809 3400 604 404 667 354 4314 16185 2755 2385 5173 291 3388 4316 669 28476 4800 2432 6533 6988 3767 676 596 114 2017 2060 312 3600 2395 11425 1704 17033 787 2105 1046 2564 987 1513
internal_value=-0.000185116 -0.000222308 0.000296205 0.00105426 0.00242083 -0.000160737 -0.000584886 -0.00205996 -0.00374439 -0.00648165 -0.0126911 -0.0180705 0.000712066 0.000640947 -0.00156028 -0.00172519 0.00299237 0.00102302 -0.000854256 -0.000289704 0.001504 -0.000982495 -0.00336401 -0.00215056 -0.000627845 -0.00383677 -0.00334192 -0.00734706 -0.00272392 -0.00105231 -0.00401179 0.000230505 -0.00286344 0.00295312 0.00241075 0.00286682 0.00749453 0.00118022 -0.00418182 0.00666895 -0.00392644 -0.0018133 -0.000280772 0.004
internal_weight=177726 177007 97230 52264 24589 27675 44966 20403 12689 5639 1625 1021 7714 24563 7050 16336 8378 5464 79777 55574 15482 40092 9116 24203 12732 11471 6199 1749 1073 14587 4402 10185 4767 5418 2707 12094 1818 18673 1640 2914 4014 2968 30976 2500
internal_count=177726 177007 97230 52264 24589 27675 44966 20403 12689 5639 1625 1021 7714 24563 7050 16336 8378 5464 79777 55574 15482 40092 9116 24203 12732 11471 6199 1749 1073 14587 4402 10185 4767 5418 2707 12094 1818 18673 1640 2914 4014 2968 30976 2500
cat_boundaries=0 2 5 8 10 13 15 16 18 21 23 25 27 30 33 35 37 40 43 45 48 50 51 53 55 57 59 61 63 66 68 71 72 74
cat_threshold=3257051792 138040333 604389700 205282 64 4105213964 1556234308 30 37170076 138023937 3131310187 216142225 70 2097176 134742016 280 36897304 2101248 102777571 337645715 72 2359964 134873089 201359362 96469004 2149843393 206757952 3221619587 469827683 16 813695549 1277174814 5 1150921218 50334217 1678151173 90239065 1648668995 268599608 73 3596624160 474079372 81 2151162176 1442816 38141952 16 64 134742122 79956032 260 201326925 42213968 537657380 79727104 67633484 75499536 139264 8216 67117100 2269200 0 65536 1074797064 1415581697 24 35815440 137495553 33554496 142737664 6 256 547040802 58721280
is_linear=0
shrinkage=0.05


Tree=102
num_leaves=45
num_cat=38
split_feature=2 5 0 5 8 0 0 0 2 1 2 1 8 0 2 8 0 0 2 2 2 2 2 0 3 0 0 2 2 2 0 2 3 0 0 0 3 0 2 0 10 2 0 3
split_gain=24.4832 23.8795 49.0522 29.8852 38.544 50.5307 47.8695 38.2751 32.1382 27.9825 24.7676 23.7842 23.5786 81.1955 45.1226 45.0216 125.989 80.1034 54.5605 45.2133 42.9015 42.3771 41.8658 55.6166 35.0045 50.9641 41.9138 74.9728 49.3022 31.1063 29.5335 28.317 28.2374 42.0178 33.3325 27.3785 29.3328 59.322 44.7912 27.0086 26.0619 25.1774 24.8168 23.3062
threshold=0 19.500000000000004 1 12.500000000000002 9.5000000000000018 2 3 4 5 6 7 8 3.5000000000000004 9 10 5.5000000000000009 11 12 13 14 15 16 17 18 19 20 21 22 23 24 25 26 27 28 29 30 31 32 33 34 4.5000000000000009 35 36 37
decision_type=9 2 9 2 2 9 9 9 9 9 9 9 2 9 9 2 9 9 9 9 9 9 9 9 9 9 9 9 9 9 9 9 9 9 9 9 9 9 9 9 2 9 9 9
left_child=-1 2 -2 4 6 11 10 -5 -8 -9 -4 -6 13 21 30 16 20 18 -17 42 -14 -3 23 -19 25 -20 27 -26 -28 39 31 -15 34 -34 -16 36 37 -31 -38 -24 -40 -23 -18 -22
right_child=1 12 3 7 5 -7 8 9 -10 -11 -12 -13 15 14 32 17 19 22 24 -21 43 41 29 -25 26 -27 28 -29 -30 35 -32 -33 33 -35 -36 -37 38 -39 40 -41 -42 -43 -44 -45
leaf_value=0.018125133459711961 -0.0040471113814291304 -0.0079279354932091078 -0.0068140183933906228 0.0010038779166001766 -0.012792644370291673 0.0045410657118016397 -0.00079334991231449494 -0.0090339625294048927 0.010826142320460197 -0.0046035766558347518 0.0040624230587544335 -0.00069831159968978271 -0.0028493905272637399 -0.017567101125460585 -0.0059912931522893955 -0.00604804342342064 4.1845163713838401e-05 -0.00091583095748060117 0.0016495102255787708 -0.0018438687728149702 -0.0010955802199237752 0.005455255928732217 -0.0074555924754995621 0.0088811632034269238 -0.011758796158349261 -0.0055111744422894132 -0.0020241775478707425 -0.001046835788428968 0.0040874862879413448 -0.0085048918248288811 -0.0035033155561548512 -0.0066134937028568212 -0.0029440701996381827 0.0096280164397938746 -0.0011308844236278454 -1.9298887627627884e-05 0.011179787755675392 0.0028052976140207522 0.01265885427253154 0.000496972223185288 0.0016540051770048303 0.000818087224019648 0.012879035224951575 0.009570188113007555
leaf_weight=371 5996 829 1006 2794 797 1013 838 503 2668 3288 842 391 964 625 2095 2002 1032 2439 2228 10282 712 3880 1355 4279 1463 6107 7400 5077 9017 1244 2853 2369 2835 2073 4694 42881 2822 1981 423 980 10390 10625 999 8264
leaf_count=371 5996 829 1006 2794 797 1013 838 503 2668 3288 842 391 964 625 2095 2002 1032 2439 2228 10282 712 3880 1355 4279 1463 6107 7400 5077 9017 1244 2853 2369 2835 2073 4694 42881 2822 1981 423 980 10390 10625 999 8264
internal_value=-0.000194119 -0.000221295 -0.00184247 -0.000233216 0.00191264 -0.00365743 0.00420247 -0.00269552 0.0076223 -0.00595896 -0.00231432 -0.010601 -1.36752e-05 -0.00120445 -0.00352626 0.000301188 0.00233901 -0.000143014 -0.0021559 -0.00104277 0.00652261 0.00145334 0.000831347 0.00457788 -0.00164207 -0.00441582 -0.000633518 -0.00401527 0.000715286 0.000425217 -0.00711115 -0.0105859 -0.00172973 0.00115901 -0.00381674 0.000646851 0.00235329 -0.00193199 0.00336753 -0.00522388 0.00189873 0.00208405 0.00575698 0.00760071
internal_weight=177726 177355 20136 14140 7555 2201 5354 6585 3506 3791 1848 1188 157219 32878 17544 124341 22253 102088 33294 12313 9940 15334 68794 6718 31292 8335 22957 6540 16417 62076 5847 2994 11697 4908 6789 59741 16860 3225 13635 2335 10813 14505 2031 8976
internal_count=177726 177355 20136 14140 7555 2201 5354 6585 3506 3791 1848 1188 157219 32878 17544 124341 22253 102088 33294 12313 9940 15334 68794 6718 31292 8335 22957 6540 16417 62076 5847 2994 11697 4908 6789 59741 16860 3225 13635 2335 10813 14505 2031 8976
cat_boundaries=0 7 9 11 13 15 22 24 31 33 35 42 44 46 53 60 67 74 81 83 84 86 88 95 102 109 111 118 119 121 123 125 126 128 135 137 144 146 147
cat_threshold=168296448 262144 3221228048 0 2151809024 16781312 16 1754343552 151651920 102893164 12615681 2217509123 100929536 69239558 116654080 13344 0 0 33555456 17563648 262160 72 1310784 8448 1032 0 0 33734656 16777216 16 9 4235268 75497490 2686649084 163612697 542187521 603990074 0 168096 8402944 1074006040 134243328 3225330522 69240920 295710 14714904 18907412 2106260 136314880 8388617 672137728 33 16448 538216452 68157826 4227104 12861696 33568 4194339 134365224 538181632 28319744 32768 25428225 546353188 4456482 67108864 537135104 2231402760 8388896 385 2336 0 3072 2164557841 67151917 524288 76546193 537919489 264208 66656 2685480128 50340868 16 295168 2097160 776 2129928 1392640 1048576 0 22020352 256 0 67108872 537141248 4194410 24576 36077632 25167872 1078198290 67120384 270532736 685965312 8405026 138420544 51360 100663306 155189252 1150331906 1069572 0 67119106 0 0 8392704 262160 16384 284 203161858 4079684 1083213824 33566784 8456320 1725444 70 0 656388 1122304 0 33024 163840 411041792 3225485312 67108864 2785157281 135157252 2162688 583008850 0 50216 25165824 2424841 201335048 75565061 35275781 194
is_linear=0
shrinkage=0.05


Tree=103
num_leaves=45
num_cat=33
split_feature=10 10 0 1 0 0 1 3 0 1 0 1 1 7 0 1 1 8 0 10 5 0 0 10 3 0 5 0 8 1 0 10 0 10 1 0 0 0 1 1 0 3 0 1
split_gain=22.3442 33.3269 65.5992 28.1049 33.9661 29.1003 25.9403 24.7792 23.5747 22.4049 20.5667 19.2213 18.6776 18.3752 35.6903 34.0139 28.3916 34.095 55.4763 53.959 33.4685 26.9097 26.0989 32.2163 39.5723 28.3174 23.9171 24.275 21.0502 17.7231 34.4226 18.6397 17.5428 17.0841 32.7978 46.3273 35.778 29.2028 36.8121 24.7795 36.1647 22.9397 47.9592 28.661
threshold=9.5000000000000018 5.5000000000000009 0 1 2 3 4 5 6 7 8 9 10 1.0000000180025095e-35 11 12 13 9.5000000000000018 14 21.500000000000004 275.50000000000006 15 16 14.500000000000002 17 18 198.50000000000003 19 1.5000000000000002 20 21 10.500000000000002 22 13.500000000000002 23 24 25 26 27 28 29 30 31 32
decision_type=2 2 9 9 9 9 9 9 9 9 9 9 9 2 9 9 9 2 9 2 2 9 9 2 9 9 2 9 2 9 9 2 9 2 9 9 9 9 9 9 9 9 9 9
left_child=1 2 6 4 -3 9 -1 10 12 -5 -8 -4 -9 33 16 21 17 22 19 20 -19 -16 23 26 25 28 32 -28 -25 30 31 -17 -15 34 35 -2 -36 38 -35 40 -39 42 -41 -44
right_child=13 3 11 5 -6 -7 7 8 -10 -11 -12 -13 -14 14 15 29 -18 18 -20 -21 -22 -23 -24 24 -26 -27 27 -29 -30 -31 -32 -33 -34 37 36 -37 -38 39 -40 41 -42 -43 43 -45
leaf_value=-0.012744729119521027 0.0041104053749047523 0.0087699069977019827 0.0098262069719757487 -0.0039022032025065379 -0.00063365246678339651 -0.0036127248638883726 0.017586316598259068 0.0088182968959893866 -0.0063127720007343131 0.0010605365670805279 -0.0025636172254494384 -0.00053684042895125745 -0.002194449868112733 0.00286337207939672 -0.0022491459878332012 0.010372632846191344 -0.0007258947209104361 0.0039916696969691827 -0.0018223911856344534 -0.00075289184109180178 0.0021487316201431587 -0.008771206127396864 0.0044961021807109706 0.00075037318480990775 0.0029043215150756142 -0.00027726434397538083 0.0066572442472488504 0.0021966451356436045 -0.0025336829799911145 -0.0016668744740181763 -0.0032627812553926551 0.011040720855640541 -0.0065786607560091807 -0.0014332774018571998 0.00078956576101619775 -0.0011932682706281895 -0.0029395127723752857 0.021432153037202889 0.0023477811929460083 -0.0076545797050829424 0.0022270636461186239 0.0016234214312360442 -0.0017267403184224152 0.015612196273887703
leaf_weight=434 8280 716 2708 5030 1105 16918 429 335 1131 9259 436 702 746 597 1142 78 8429 1140 1047 139 424 1330 2505 56 876 481 150 211 777 14533 754 508 565 13962 5720 10234 10021 574 5810 1758 1576 42346 1097 657
leaf_count=434 8280 716 2708 5030 1105 16918 429 335 1131 9259 436 702 746 597 1142 78 8429 1140 1047 139 424 1330 2505 56 876 481 150 211 777 14533 754 508 565 13962 5720 10234 10021 574 5810 1758 1576 42346 1097 657
internal_value=-0.000199183 -0.00124033 0.00191446 -0.00190142 0.00412343 -0.00225358 -0.0028827 -0.00124717 -0.00405041 -0.00059095 0.00588571 0.00684211 0.0012374 0.000102702 -0.000872923 -0.00241079 0.000749698 0.00270662 0.00734545 0.0128722 0.015601 -0.00785657 0.000659376 -0.00200107 -0.00589041 -0.0113293 0.00357846 0.0148199 -0.0169039 -0.00155827 0.00392593 0.0129195 8.60585e-05 0.000444455 -0.000465625 0.000960916 -0.00214272 0.000904397 -0.000712769 0.00157024 0.00680556 0.00132336 -0.00255537 0.00328798
internal_weight=177726 39949 6921 33028 1821 31207 3511 3077 2212 14289 865 3410 1081 137777 35742 18345 17397 8968 2750 1703 1564 2472 6218 3713 2190 1314 1523 361 833 15873 1340 586 1162 102035 34255 18514 15741 67780 19772 48008 2150 45858 3512 1754
internal_count=177726 39949 6921 33028 1821 31207 3511 3077 2212 14289 865 3410 1081 137777 35742 18345 17397 8968 2750 1703 1564 2472 6218 3713 2190 1314 1523 361 833 15873 1340 586 1162 102035 34255 18514 15741 67780 19772 48008 2150 45858 3512 1754
cat_boundaries=0 2 5 7 9 11 12 14 17 19 22 25 27 30 33 35 37 39 40 42 43 46 48 50 53 55 57 59 62 64 66 67 69 71
cat_threshold=3968114959 83124241 335807016 205545667 16 2686061068 31237140 3934421362 243663876 805568516 1073840388 98 2818572559 6291473 1077977090 10715196 9 1149280256 286721 574857280 8454420 7 130 8388624 67 1821114467 130083420 941883456 138543312 64 2720007010 484573209 72 1611399264 100671580 3221376 656385 1611137122 100680212 24 1610612736 67108864 1610612736 67113348 1073745960 1 35761172 3674112 536870912 100663812 613851458 279151012 71 1619168533 154291281 3257478156 248816192 1652624396 25429568 574959958 346038712 23 201327124 188560 2283151553 69345280 194 2284847267 40554520 839057417 142671872
is_linear=0
shrinkage=0.05


Tree=104
num_leaves=45
num_cat=40
split_feature=5 2 0 0 2 3 0 2 0 2 2 2 2 0 0 2 0 9 0 2 0 1 3 2 0 3 1 6 3 2 0 1 1 2 0 0 3 0 2 0 2 5 0 0
split_gain=22.6578 50.5835 55.3686 54.6165 41.9912 38.1466 55.7612 45.2474 44.6904 61.0506 39.9545 36.5728 35.636 43.2794 34.122 46.3921 34.6217 30.9051 59.9597 51.7117 49.9564 32.3246 33.727 31.8595 29.9144 38.9839 29.1656 29.119 26.243 25.2372 29.3208 22.9389 21.8528 21.7836 21.3272 20.8939 20.6913 40.6335 36.0106 27.0071 26.7812 22.932 21.2584 20.2617
threshold=168.50000000000003 0 1 2 3 4 5 6 7 8 9 10 11 12 13 14 15 1.0000000180025095e-35 16 17 18 19 20 21 22 23 24 2.5000000000000004 25 26 27 28 29 30 31 32 33 34 35 36 37 15.500000000000002 38 39
decision_type=2 9 9 9 9 9 9 9 9 9 9 9 9 9 9 9 9 2 9 9 9 9 9 9 9 9 9 2 9 9 9 9 9 9 9 9 9 9 9 9 9 2 9 9
left_child=12 2 32 4 -3 8 10 -8 9 -5 -7 -10 13 -1 15 24 -17 18 19 28 21 43 27 -20 -14 -26 34 -23 31 -11 -31 -16 -2 -6 -22 -34 39 41 -39 -18 42 -38 -41 -19
right_child=1 3 -4 5 33 6 7 -9 11 29 -12 -13 14 -15 17 16 36 20 23 -21 26 22 -24 -25 25 -27 -28 -29 -30 30 -32 -33 35 -35 -36 -37 37 38 -40 40 -42 -43 -44 -45
leaf_value=0.001398462339383988 -0.0060988724104547587 0.0057218773435017134 0.0096568361222758529 -0.0065137095828180381 -0.0059521574842836657 0.0025913626466648743 0.0025140293157836949 -0.0024259767817493175 0.0057492759027443444 0.0051851915541021535 -0.0028494063980610885 -0.00063548551278460599 7.0827738689294159e-05 -0.011673195658713498 -0.0057329968449027994 0.0013882992101101278 -0.0010962456860520442 0.010126972967163937 0.0013729524288806751 -7.8951227738377483e-05 -0.0096066917282382983 -0.012892856314206808 0.0035615443844195572 -0.0033205531291991722 -0.003991794963919504 0.0038270353352917066 -0.00059019238978057502 -0.00055572316281795047 -0.0054996684432023768 0.0034154464767208099 -0.0041951113474121065 -0.010394070894602647 -0.0033373314160130675 0.00051389358076272542 -0.0025369803441754159 0.0075981055295583858 -0.0095401056991507305 0.010153345343942789 2.1156308133674086e-05 -0.0061812205334886407 -0.0067259034355040409 -0.0023426706590336356 0.014198902632323797 0.0027521894378072288
leaf_weight=715 1398 8828 4750 1950 978 1541 7439 3761 5265 2119 12562 3143 15473 1265 1440 5640 7890 1936 8246 3102 2222 675 3935 4340 1534 12833 14258 920 3719 1390 2583 2368 785 10020 2116 1429 262 1081 1921 373 4926 1912 405 2278
leaf_count=715 1398 8828 4750 1950 978 1541 7439 3761 5265 2119 12562 3143 15473 1265 1440 5640 7890 1936 8246 3102 2222 675 3935 4340 1534 12833 14258 920 3719 1390 2583 2368 785 10020 2116 1429 262 1081 1921 373 4926 1912 405 2278
internal_value=-0.000202559 0.000498277 0.00414477 2.4355e-06 0.00216273 -0.00102363 -0.00224193 0.000392507 0.000850547 -0.00181321 -0.00433288 0.00339748 -0.000657327 -0.00728643 -0.000532533 0.000342794 -0.00127355 -0.00145351 -0.00280638 -0.00556913 -0.000345801 0.0025528 3.61011e-05 -0.000468403 0.00166499 0.00330737 -0.00186499 -0.00607477 -0.00780815 0.000655523 -0.0016947 -0.0107386 -0.000524572 9.99273e-05 -0.00545078 0.00256295 -0.00230564 0.000385654 0.00415007 -0.0033299 -0.0059503 -0.00480769 0.00266497 0.00584754
internal_weight=177726 69941 8362 61579 19826 41753 25303 11200 16450 8042 14103 8408 107785 1980 105805 54250 24410 51555 23215 10629 28340 9744 5530 12586 29840 14367 18596 1595 7527 6092 3973 3808 3612 10998 4338 2214 18770 5176 3002 13594 5704 2174 778 4214
internal_count=177726 69941 8362 61579 19826 41753 25303 11200 16450 8042 14103 8408 107785 1980 105805 54250 24410 51555 23215 10629 28340 9744 5530 12586 29840 14367 18596 1595 7527 6092 3973 3808 3612 10998 4338 2214 18770 5176 3002 13594 5704 2174 778 4214
cat_boundaries=0 7 9 11 18 19 21 28 30 37 44 51 58 60 62 69 71 73 80 82 85 86 93 95 96 99 100 107 109 112 114 121 123 125 126 128 135 137 144 146 148
cat_threshold=2315517953 4456449 1107298832 105922560 402817288 2166364176 24 2156365647 26361936 2390753733 4216404 269484032 2382367234 278784 2156167264 33554432 327690 84238401 36 1613832218 211189760 1073750032 142616722 32800 2147915089 25174020 1073741824 11265 2240032 36603913 269566224 2155905056 134225920 161742848 160 4194312 67125248 1610612868 721453488 8388608 17039528 33575424 33816576 132096 286353408 110133280 4227104 151027992 166 0 134242561 3221258245 142616586 14721024 4194561 411062304 1142947842 278784 671941696 180154373 3768754715 261521417 856632 33280 16640 2233864264 17867268 4456480 67108865 1075838978 67108865 169085984 531520 553926656 1048592 0 2182107136 16777472 16 67118089 1313824 546816 570534118 40962 10 80 554255880 48 0 2182250560 17572096 4194305 83886152 2684387858 201326593 200 684065155 138444931 2 276 4 33554504 7078148 2147647488 1061376 1073741824 134219777 1056 294920 4194304 75497728 66 32768 4356 18874496 555892872 4194340 134217872 536885891 4194304 134217728 67698948 4194836 8389123 25165888 420 8217 152076288 8192 0 0 33587200 524288 0 72 536879633 160464896 536871936 0 0 1049600 2048 16 139264 2147614728 8 1051648 526336
is_linear=0
shrinkage=0.05


Tree=105
num_leaves=45
num_cat=36
split_feature=8 0 9 0 0 1 0 1 1 1 0 3 1 0 1 0 3 0 0 0 1 1 0 5 3 1 1 0 8 0 3 3 8 1 0 5 0 3 0 1 8 0 0 10
split_gain=22.8198 77.5476 37.0354 120.647 96.7733 60.8781 45.0636 48.7573 34.615 33.6871 40.1879 39.6744 33.3349 29.5252 28.5649 43.7182 27.8139 53.8867 48.3259 27.7751 34.1695 26.4692 26.3478 49.5152 28.7491 25.8703 25.8543 37.6137 25.427 39.0273 31.633 25.3524 24.8021 24.0198 23.5232 22.262 22.2448 22.0115 29.388 22.0106 26.9021 34.4122 24.4124 24.7308
threshold=11.500000000000002 0 1.0000000180025095e-35 1 2 3 4 5 6 7 8 9 10 11 12 13 14 15 16 17 18 19 20 178.50000000000003 21 22 23 24 7.5000000000000009 25 26 27 5.5000000000000009 28 29 48.500000000000007 30 31 32 33 9.5000000000000018 34 35 16.500000000000004
decision_type=2 9 2 9 9 9 9 9 9 9 9 9 9 9 9 9 9 9 9 9 9 9 9 2 9 9 9 9 2 9 9 9 2 9 9 2 9 9 9 9 2 9 9 2
left_child=2 25 3 8 5 -4 7 -5 22 10 -6 -12 -8 21 28 -16 17 -11 -18 20 -9 -10 23 -1 -25 36 27 -3 34 30 35 -17 -13 -34 -7 -30 -2 38 -15 -19 42 -42 -41 -44
right_child=1 26 4 6 9 14 12 19 13 16 11 32 -14 37 15 31 18 39 -20 -21 -22 -23 -24 24 -26 -27 -28 -29 29 -31 -32 -33 33 -35 -36 -37 -38 -39 -40 40 41 -43 43 -45
leaf_value=-0.014540622327327019 0.018317681465302105 -0.0089670201768355506 -0.0055266350801787658 -0.0024553275120720477 0.00076020083201866484 -0.0036976473708943084 -0.0071675552097985153 0.021579168501028589 -0.0025891762852799042 -0.0061885694747632171 -0.00071000599807944384 0.017486851391295782 -0.00040742863525983219 -0.00050964801975786898 0.010505105021459338 -0.0022284271374281017 0.0061045794435098388 -0.0036829973661070773 -0.00059441028821020654 0.0022044397977107888 0.0047333941310460648 0.0038475989146068202 -0.0055189767718722086 -0.022030056430921641 0.0074391933469674766 0.0083868356169663934 -0.0019986987470229645 0.005122587596026274 -0.011779741358635243 -0.00054662337908806258 0.0024130267809531012 0.0045381905972715136 0.0012590085763010573 0.0071829963578785129 0.0008035060399836536 -0.005465693945374878 -0.00019439629966276907 -0.0034154195545659464 -0.013671997305765439 0.0076491185403143374 -0.0057189014421002715 0.0031709554399467934 0.001871133376548212 -0.0017711168468588724
leaf_weight=418 511 517 7224 3092 16347 1775 1661 769 3353 2762 2893 1594 30876 495 1713 2868 5998 1386 8970 7125 3117 2461 4972 108 111 4111 6215 2061 1495 8189 920 2008 3379 7003 9626 2580 2300 7337 771 2251 460 697 2101 1106
leaf_count=418 511 517 7224 3092 16347 1775 1661 769 3353 2762 2893 1594 30876 495 1713 2868 5998 1386 8970 7125 3117 2461 4972 108 111 4111 6215 2061 1495 8189 920 2008 3379 7003 9626 2580 2300 7337 771 2251 460 697 2101 1106
internal_value=-0.000161485 0.00165765 -0.00033794 -0.00124201 0.000294195 -0.00164549 0.000152197 0.00251187 -0.00448692 0.00160209 0.00270608 0.004587 -0.000871048 -0.003185 -0.000686249 0.00223519 0.000262228 -0.00167549 0.00165576 0.0040695 0.0074692 -0.000429258 -0.00782168 -0.0173879 0.00159817 0.00561166 -0.00145973 0.00274343 -0.00146981 -0.00296572 -0.00644356 -0.0001842 0.00585683 0.00497014 0.000258749 -0.00833537 0.00189649 -0.0050447 -0.0111285 0.000405692 0.00160755 -0.00531547 0.00307805 0.000264221
internal_weight=177726 15715 162011 66666 95345 38398 46640 14103 20026 56947 31216 14869 32537 14417 31174 6589 25731 10763 14968 11011 3886 5814 5609 637 219 6922 8793 2578 24585 13184 4995 4876 11976 10382 11401 4075 2811 8603 1266 8001 6615 1157 5458 3207
internal_count=177726 15715 162011 66666 95345 38398 46640 14103 20026 56947 31216 14869 32537 14417 31174 6589 25731 10763 14968 11011 3886 5814 5609 637 219 6922 8793 2578 24585 13184 4995 4876 11976 10382 11401 4075 2811 8603 1266 8001 6615 1157 5458 3207
cat_boundaries=0 2 4 6 9 11 14 16 19 21 22 24 26 29 30 31 33 35 37 40 43 45 46 49 52 54 56 57 58 61 63 65 66 68 71 73 75
cat_threshold=2290788482 71181916 143928352 70924800 2215314332 56893468 537273096 1210060828 1 2147484556 21004300 1081344689 207659392 64 1914710273 69243160 2792860588 136368130 1 713065569 142623809 450 3623907868 32771 134480928 6144 2188478659 281051266 8 67239952 402 3145762 135402048 137364512 203034688 516 16777224 139264 268501018 2 5345346 142622724 65 1024 2048 32 1355030659 415354990 1 3225428034 469860701 73 538968352 16812032 148 2105356 52 44 4227968 49152 1 65800 35651584 0 1318916 8 0 2753024 268435457 67248528 26 1744830528 8421376 671121472 76072960
is_linear=0
shrinkage=0.05


Tree=106
num_leaves=45
num_cat=38
split_feature=5 2 0 2 2 0 2 10 0 2 0 2 2 0 2 2 0 2 5 5 0 2 5 2 0 0 2 0 2 0 0 0 2 1 0 2 10 0 0 0 2 1 0 0
split_gain=21.7214 37.7701 37.0694 50.4775 42.8574 33.1947 30.0157 28.4392 50.4612 41.6125 29.9554 33.465 32.9018 30.1129 36.4582 28.6173 25.8447 22.3436 22.6382 25.2722 25.9691 21.9239 21.8937 21.7054 20.4381 20.3923 19.4838 25.4041 19.344 18.6913 18.578 17.8211 22.5468 19.3136 17.4357 18.2711 17.0224 20.2401 16.9228 16.8817 16.8384 16.8066 33.2709 16.0362
threshold=252.50000000000003 0 1 2 3 4 5 17.500000000000004 6 7 8 9 10 11 12 13 14 15 33.500000000000007 1.0000000180025095e-35 16 17 18.500000000000004 18 19 20 21 22 23 24 25 26 27 28 29 30 8.5000000000000018 31 32 33 34 35 36 37
decision_type=2 9 9 9 9 9 9 2 9 9 9 9 9 9 9 9 9 9 2 2 9 9 2 9 9 9 9 9 9 9 9 9 9 9 9 9 2 9 9 9 9 9 9 9
left_child=1 5 6 29 16 -1 -2 10 15 39 11 13 24 14 36 30 -5 43 19 -19 40 -8 31 -15 -12 -25 27 -24 -17 -4 -9 32 -14 -33 35 -11 -3 -38 -28 -10 -21 42 -36 -13
right_child=2 7 3 4 -6 -7 21 8 9 34 12 17 22 23 -16 28 -18 18 -20 20 -22 -23 26 25 -26 -27 38 -29 -30 -31 -32 33 -34 -35 41 -37 37 -39 -40 -41 -42 -43 -44 -45
leaf_value=0.00085810737371989638 0.0088977598984433144 -0.016326940749829311 -0.0024099368608991867 0.012732993368228952 -0.00034320032521601985 -0.0065161752977708209 -0.0037528560709547965 -0.0010664588818697807 0.0021227108896106186 7.0992680484321954e-05 -0.0006627010104006348 -0.00027801460661354692 -0.0097495176664761651 0.0011000606217647091 0.0059714741534902527 0.008855237600557387 0.001428120168465541 0.022525230756046233 -0.00092610477494230463 -0.0088043048771102479 -0.0054742787898692915 0.0023111503902246036 -0.0017013208077972077 0.010740001857731156 -0.0074892214790321272 0.0084034401100426381 0.00048386533868992614 0.0020006046313995164 -0.00028080468136413298 -0.012314647837706395 -0.0075460756261637287 -0.0030149225316571161 -0.00017695459144403405 0.0042328484600027364 0.0021940900042407593 0.011502107236568599 -0.0098760422274879415 0.0073615119743947804 0.0034296378312089759 0.0058633734848756065 -0.00050393212660886923 -0.0002079141974536028 -0.014578264360477709 -0.0073947469204650677
leaf_weight=961 3457 356 470 1321 23017 1701 1260 1701 4188 1530 1947 748 1433 1553 685 336 2227 86 29329 319 5417 11143 9118 532 1459 1114 12199 6684 11909 673 2047 1535 1186 1155 450 1038 714 484 9725 6258 5498 6402 402 1959
leaf_count=961 3457 356 470 1321 23017 1701 1260 1701 4188 1530 1947 748 1433 1553 685 336 2227 86 29329 319 5417 11143 9118 532 1459 1114 12199 6684 11909 673 2047 1535 1186 1155 450 1038 714 484 9725 6258 5498 6402 402 1959
internal_value=-0.000162047 -0.000477049 0.000807932 -0.000295837 0.000148636 -0.00636228 0.00273472 -0.000357398 0.00083423 0.00249038 -0.000811151 -0.00167609 9.79527e-05 0.00201909 -0.0024233 -0.00126539 0.00525576 -0.00213993 -0.00184584 -0.00374558 -0.00395229 0.00158302 0.000472761 0.00512621 -0.00462529 0.00911836 0.000895934 -0.000442702 -9.38392e-05 -0.0105377 -0.00508249 -0.00253343 -0.00545835 0.000333333 0.000152563 0.00368503 -0.00664962 -0.00383973 0.00186013 0.0046863 -0.00162176 -0.00110132 -0.00765661 -0.00653294
internal_weight=177726 134158 43568 27708 26565 2662 15860 131496 36261 20268 95235 48794 46441 5438 2239 15993 3548 43356 40649 11320 11234 12403 43035 3199 3406 1646 37726 15802 12245 1143 3748 5309 2619 2690 9822 2568 1554 1198 21924 10446 5817 7254 852 2707
internal_count=177726 134158 43568 27708 26565 2662 15860 131496 36261 20268 95235 48794 46441 5438 2239 15993 3548 43356 40649 11320 11234 12403 43035 3199 3406 1646 37726 15802 12245 1143 3748 5309 2619 2690 9822 2568 1554 1198 21924 10446 5817 7254 852 2707
cat_boundaries=0 7 9 16 23 25 32 34 41 43 50 57 59 66 73 75 82 84 91 98 100 102 109 111 118 120 122 124 131 133 135 142 144 146 148 155 158 160 162
cat_threshold=2147581953 2449613 10486528 8192 335550592 1143078924 16416 2391310821 68171868 18874752 33587206 16418 10485888 721420290 4259848 88342528 2148532225 558236296 136839680 38831120 268571008 1075843076 32 1217397776 163076109 19169281 42264598 4194304 9703424 8519680 327737 67108865 646850980 244066880 1074012168 256 0 2193671304 536903700 264225 84017216 135825269 75134997 538447400 2265088544 134234112 376 135004416 1 17303552 553649208 2147617280 827392 4195752 134873088 262305 134742336 33280 68179985 8 16809984 0 264 524544 0 16779264 1074798608 25166096 134217760 132168 256 67585 16787456 1612777496 147341312 270798852 143654914 4202500 14946433 545259572 2147485698 1344 557925 71327745 2048 687997856 2097152 138413232 1061506 1111490560 151191584 537922592 512 0 64 135004160 1 2048 2785476736 134513672 1574240 131072 1074814980 17826096 4194304 168083456 1082116 33554448 16916480 2760245256 59015680 553664512 134219776 32768 0 537403392 0 320 540018688 182714881 638058916 8398848 3791857792 150995520 0 0 0 2182103040 0 16 8200 4423744 8388608 3145808 2232320 16 1050640 0 393280 0 4259840 2057 512 22529 3794077826 134218760 2147582992 18911240 0 0 0 1049600 0 4194304 8192 2418016257 1077936178 2 134252041 16826376 135266336 72876032
is_linear=0
shrinkage=0.05


Tree=107
num_leaves=45
num_cat=37
split_feature=5 10 2 0 2 0 10 2 2 0 5 0 7 0 2 0 8 0 8 0 2 2 0 3 0 3 0 2 2 2 2 0 0 0 2 0 2 2 3 0 2 2 2 2
split_gain=19.853 20.0639 36.6017 42.0186 31.1397 31.5686 22.7738 25.8461 22.5439 24.0324 26.1917 22.1619 22.111 27.9301 18.4873 33.9012 18.0714 60.4222 32.2811 97.1199 80.5588 46.4663 44.2511 64.1278 71.8448 54.7507 70.6351 65.8137 57.7616 49.12 48.851 41.7009 36.5344 36.4895 35.6722 33.723 31.3524 30.7152 30.0838 42.0633 29.936 28.2549 26.6787 26.325
threshold=1698.0000000000002 9.5000000000000018 0 1 2 3 5.5000000000000009 4 5 6 426.50000000000006 7 1.0000000180025095e-35 8 9 10 11.500000000000002 11 9.5000000000000018 12 13 14 15 16 17 18 19 20 21 22 23 24 25 26 27 28 29 30 31 32 33 34 35 36
decision_type=2 2 9 9 9 9 2 9 9 9 2 9 2 9 9 9 2 9 2 9 9 9 9 9 9 9 9 9 9 9 9 9 9 9 9 9 9 9 9 9 9 9 9 9
left_child=1 2 3 -1 11 6 7 -6 9 10 -7 -4 -10 -14 15 -3 18 42 22 20 -20 33 25 24 40 26 27 -16 -28 -27 35 -31 34 -21 -32 -25 -34 -33 39 -22 -24 -19 -18 -26
right_child=-2 14 4 -5 5 8 -8 -9 12 -11 -12 -13 13 -15 16 -17 17 41 19 21 38 -23 23 30 43 29 28 -29 -30 31 32 37 36 -35 -36 -37 -38 -39 -40 -41 -42 -43 -44 -45
leaf_value=-0.00024011987143246483 0.010954071670629839 -0.0061320483795697066 -0.0020661052046389793 -0.012642399004071554 0.0089080513232638447 -0.0087768449151479581 -0.00013589221242371607 -0.002912886482927657 -0.0024931367096955761 -0.0022046944004219249 0.0034248220046892877 0.0052078039890445134 0.0047717825538338594 -0.00043652979444496203 -0.0039954444108973195 0.00053914588239707413 0.0032910301897046026 -0.0029045441927298523 -0.0069593831471692182 0.0092979991887847564 0.025177523879869476 -0.00095204138877735822 0.012328551583172332 0.010638714193899258 -0.0009775016936652281 -0.0047297439663745392 -0.010278789846482943 0.0040666094876549074 -0.0033330497607919674 0.0047844050236819707 -0.0036931765975754347 -0.001312174137689387 -0.0044973501258449679 0.001511554822416117 0.0028479692936441261 0.00025644800602318553 8.693749042685551e-05 0.0032813592616869783 -0.0031664797046660424 -0.0008815554101715751 -0.00086282714509449418 0.0052074777904384476 -0.0028633038049430239 0.013261438438992013
leaf_weight=980 719 1618 627 1024 1766 2076 11009 611 13581 3112 201 963 1217 2616 3497 1986 1245 503 4975 1850 474 8194 539 1352 501 4170 2872 3676 4596 9543 1700 11559 6092 5835 11813 990 21346 3467 4748 895 3684 5228 4324 3952
leaf_count=980 719 1618 627 1024 1766 2076 11009 611 13581 3112 201 963 1217 2616 3497 1986 1245 503 4975 1850 474 8194 539 1352 501 4170 2872 3676 4596 9543 1700 11559 6092 5835 11813 990 21346 3467 4748 895 3684 5228 4324 3952
internal_value=-0.000155295 -0.000188976 -0.00117764 -0.00774578 -0.00082696 -0.00112848 0.000798746 0.00523769 -0.00225968 -0.00508427 -0.00898557 0.006 -0.00138315 0.00196974 9.76506e-05 -0.0034311 0.00019307 0.00210619 1.63506e-05 -0.00151088 -0.00509818 0.000997545 0.000448353 0.00143231 0.00535344 -0.000730583 -0.00321821 0.000327161 -0.00661942 0.00053741 0.000645452 0.0013894 0.000242914 0.00378817 0.00237004 0.00765306 -0.000805159 -0.000252727 -0.00124857 0.00525743 0.000673281 0.00570458 -0.00160423 0.00978042
internal_weight=177726 177007 39783 2004 37779 36189 13386 2377 22803 5389 2277 1590 17414 3833 137224 3604 133620 11300 122320 26971 11092 15879 95349 51969 8676 43380 14641 7173 7468 28739 43293 24569 40951 7685 13513 2342 27438 15026 6117 1369 4223 5731 5569 4453
internal_count=177726 177007 39783 2004 37779 36189 13386 2377 22803 5389 2277 1590 17414 3833 137224 3604 133620 11300 122320 26971 11092 15879 95349 51969 8676 43380 14641 7173 7468 28739 43293 24569 40951 7685 13513 2342 27438 15026 6117 1369 4223 5731 5569 4453
cat_boundaries=0 7 9 16 18 25 32 34 36 38 45 47 49 51 58 65 67 68 70 71 73 80 87 94 101 103 105 107 114 116 123 130 131 133 140 147 154 161
cat_threshold=2147745792 2166391140 2097152 6299817 43135110 1111752704 64 2293376937 167953997 268439809 641729160 138952704 142610448 805568512 65545 151011368 2189494770 168691204 0 1050624 0 2182234112 16777984 0 10497 1050652 2 0 17825792 134218496 0 257 1075847684 23109720 177515874 34099788 69239808 79734792 4194560 536941184 524294 404750336 738265121 67174537 21250212 1252762219 105153608 641009020 193513985 739287603 75540993 1090609180 10576 134225920 2147779648 25739264 32 67112192 2367504 2239758456 33024 2147930233 32768 50 2368 2190093736 170808412 68 604078661 25198593 452 42470568 167792704 1073774604 58722368 4194304 2169639960 17301632 4194320 134228233 352272 1048608 4227328 33849368 525060 3221227522 67635456 268703777 243400760 8437760 16537 655360 2097170 66568 271075881 2349252624 24576 83886240 9068544 35651584 34078720 2181177600 656392 604045889 25200640 10488832 33554524 538247168 5242880 138412320 5509128 1053184 1073741856 133384 606109714 67151873 1610612736 9445664 136347904 33947712 299012 4194336 132424 65540 1345602 4194560 2182484224 17859332 264192 67117057 450 536871441 8390656 262144 4194304 0 4456448 0 0 134352137 536870916 33042 32768 67372032 268443648 2151680002 67109952 1048576 2168 32800 33686528 286294016 4194304 67108872 2147483664 25165824 262144 8519680 4 0 131072
is_linear=0
shrinkage=0.05


Tree=108
num_leaves=45
num_cat=27
split_feature=5 2 2 10 10 2 2 2 6 1 1 3 1 3 3 2 2 5 5 2 10 6 6 6 8 1 3 2 2 8 2 3 2 3 3 2 5 1 5 5 8 2 10 3
split_gain=20.2705 36.2904 36.1005 25.3497 28.5913 29.094 25.2383 23.9834 23.0038 23.0553 22.9559 22.7941 18.0797 18.3858 18.0455 35.9795 18.7038 17.7206 16.2809 16.0302 15.1315 13.4597 14.827 23.3232 18.4584 16.0067 13.6639 13.9782 13.3848 12.8157 32.2561 17.314 15.2721 15.1897 12.6514 12.6103 12.2482 12.0862 15.5844 11.8495 13.4525 11.8327 11.1332 15.9837
threshold=218.50000000000003 0 1 10.500000000000002 5.5000000000000009 2 3 4 3.5000000000000004 5 6 7 8 9 10 11 12 33.500000000000007 186.50000000000003 13 22.500000000000004 5.5000000000000009 3.5000000000000004 4.5000000000000009 7.5000000000000009 14 15 16 17 2.5000000000000004 18 19 20 21 22 23 820.50000000000011 24 13.500000000000002 32.500000000000007 6.5000000000000009 25 19.500000000000004 26
decision_type=2 9 9 2 2 9 9 9 2 9 9 9 9 9 9 9 9 2 2 9 2 2 2 2 2 9 9 9 9 2 9 9 9 9 9 9 2 9 2 2 2 9 2 9
left_child=1 -1 -2 4 12 -6 11 -4 10 17 -7 28 13 -3 16 -16 36 -10 -19 -8 -13 22 41 24 26 -26 27 -24 -5 30 -12 -32 -31 -34 -23 -11 -9 38 -25 40 -35 -21 -43 -44
right_child=2 3 7 6 5 8 19 14 9 35 29 20 -14 -15 15 -17 -18 18 -20 21 -22 34 23 37 25 -27 -28 -29 -30 32 31 -33 33 39 -36 -37 -38 -39 -40 -41 -42 42 43 -45
leaf_value=-0.004106357618805209 0.0057356573511504584 0.013506763589058602 -0.0036632825195116181 -0.010988751392575161 -0.0062765509968128082 0.0056956829839888146 0.005198448906542719 0.0024274388050324449 -0.0087021649747673815 0.00032391346949032785 -0.016717660480545467 -0.00093651715444642569 -0.0027672421587812746 0.0018130981417836924 0.0060285872766393696 0.00016111717522471203 -0.00032841788223381688 0.00018462611446546929 -0.0091056660422753396 0.001736464345840111 0.0092644389033397223 0.010097130589487014 0.0075844969444587296 0.0075326728959799949 0.003750848680853569 -0.00028864519199882642 0.0047788217107555377 -0.001385522574757614 -0.0019625785902329441 -0.0041045915917688669 -0.01165630110435999 0.0033999359747985958 -0.019298457257498614 -0.011922927519552685 -0.001142742053237944 0.0050487087202326815 0.020132772145916855 -0.00052350259595374535 0.0011910269064942748 0.00099322993118331209 -0.0011242010597150077 -0.0006751051874448633 -0.010278355037663429 0.0017920368365346496
leaf_weight=2412 2232 1005 1744 1024 1083 962 1215 3488 1010 6446 946 6981 1125 2224 6388 13552 26201 2305 305 6474 395 299 263 212 1118 3837 4458 1056 1767 8690 583 899 349 714 9683 1660 225 8262 1435 5094 1204 29013 354 7034
leaf_count=2412 2232 1005 1744 1024 1083 962 1215 3488 1010 6446 946 6981 1125 2224 6388 13552 26201 2305 305 6474 395 299 263 212 1118 3837 4458 1056 1767 8690 583 899 349 714 9683 1660 225 8262 1435 5094 1204 29013 354 7034
internal_value=-0.000152482 -0.000504455 0.000657626 -0.000383558 -0.00148344 -0.0019969 9.07163e-05 0.000387537 -0.0017144 3.41122e-05 -0.00276992 -0.00224526 0.00231971 0.00421426 0.000589604 0.00175439 -0.000187141 -0.00327824 -0.00111111 0.000408843 -0.000785269 0.000314252 0.00058253 0.00168354 0.00329855 0.00105954 0.00521897 0.000714823 -0.00608711 -0.00316134 -0.0065486 -0.00187668 -0.00265093 -0.000970018 -0.00139251 0.00151552 0.0031292 -6.55969e-05 0.00383223 -0.000455711 -0.00380605 5.24781e-05 -0.000297987 0.00143476
internal_weight=177726 123896 53830 121484 36604 32250 84880 51598 31167 11726 19441 10167 4354 3229 49854 19940 29914 3620 2610 74713 7376 73498 63516 20641 10732 4955 5777 1319 2791 18479 2428 1482 16051 7361 9982 8106 3713 9909 1647 7012 1918 42875 36401 7388
internal_count=177726 123896 53830 121484 36604 32250 84880 51598 31167 11726 19441 10167 4354 3229 49854 19940 29914 3620 2610 74713 7376 73498 63516 20641 10732 4955 5777 1319 2791 18479 2428 1482 16051 7361 9982 8106 3713 9909 1647 7012 1918 42875 36401 7388
cat_boundaries=0 7 14 21 28 35 38 41 42 45 46 47 54 61 68 71 72 79 86 93 94 101 102 103 110 112 119 120
cat_threshold=2688548865 2308972680 10747938 4206608 75500032 1142947874 16416 2298478657 138674184 1074268690 5251088 268600064 2101253 16 268764208 322 0 67109000 135270416 4196353 656384 17894160 542116433 134258944 134479872 268468480 2147549312 33825032 2097408 2822144 268451844 270532736 18948259 37748744 88539136 2421161984 1489043528 82 2483028000 205594701 16 400 39034882 1082163216 7 98 282 269486080 8388816 35913984 33701888 1052672 32 18729 270336 2147510912 4202496 294984 536870912 264208 1032 1075840032 33587234 16384 168 1056900 4194304 134348800 1188293 32770 64 322 4104 0 0 33587264 524288 0 2048 1048576 1048576 256 262144 256 0 33554688 8 1048576 0 33587200 256 262160 8193 396 1073766404 16 32768 2147795968 16793604 262144 8512 64 130 12288 1050656 0 2147664128 4 262144 10248 69985 268533776 268959744 256 4194368 16449 150994944 264193 67634176 64
is_linear=0
shrinkage=0.05


Tree=109
num_leaves=45
num_cat=33
split_feature=6 6 0 1 0 1 0 5 1 0 3 1 0 1 0 1 5 1 0 8 3 0 1 0 8 10 0 3 8 1 0 3 6 0 0 1 10 0 3 8 1 0 1 3
split_gain=19.3513 27.3044 22.8549 24.4522 25.2759 23.4962 21.6705 21.5829 21.9074 19.8848 26.7379 36.0644 49.828 33.6594 19.2606 19.245 18.0106 17.7682 18.8922 21.7615 33.2399 23.3417 17.9886 16.8212 31.8085 16.4249 16.0281 39.9766 18.3247 17.3184 26.5795 27.538 15.5351 15.5258 15.3491 15.2043 17.8399 23.7603 28.1949 25.5181 18.7888 18.5793 20.6765 18.8076
threshold=2.5000000000000004 5.5000000000000009 0 1 2 3 4 38.500000000000007 5 6 7 8 9 10 11 12 960.50000000000011 13 14 10.500000000000002 15 16 17 18 8.5000000000000018 21.500000000000004 19 20 7.5000000000000009 21 22 23 3.5000000000000004 24 25 26 12.500000000000002 27 28 7.5000000000000009 29 30 31 32
decision_type=2 2 9 9 9 9 9 2 9 9 9 9 9 9 9 9 2 9 9 2 9 9 9 9 2 2 9 9 2 9 9 9 2 9 9 9 2 9 9 2 9 9 9 9
left_child=9 6 5 4 -4 33 35 8 -6 17 11 34 -13 -12 -5 23 -16 18 -1 -20 21 22 -21 24 -8 -26 27 -15 -29 30 31 -28 -25 -3 -11 -2 37 38 -37 40 -40 42 -38 -44
right_child=1 2 3 14 7 -7 15 -9 -10 10 13 12 -14 26 16 -17 -18 -19 19 20 -22 -23 -24 32 25 -27 29 28 -30 -31 -32 -33 -34 -35 -36 36 41 -39 39 -41 -42 -43 43 -45
leaf_value=-0.0043229501216227387 0.0011818068773147951 -0.012691933178224181 0.0042649719398157376 -0.0066669989596735814 -0.0082404481920769941 0.0012952415465818492 0.0027650165019149965 0.00055033696104873073 0.0010291787102114092 -0.013807019948212762 0.0061629421066383919 0.0058089666493904846 -0.0031754074141256972 -0.0075479602692335619 -0.0019342793991098174 0.00072179948821271133 0.0070962429883467465 -0.00047231219217608311 -0.0024982159165162889 0.042059738965535498 -0.0019070030863251931 0.0072334979818475592 0.016578115030047587 -0.0022816215046653288 0.009279836670079122 -0.0065115449237149849 -0.0054701910690705376 0.016260896229306376 0.0052852169020711492 -0.0015655003877270562 0.0043574007137329451 0.001754713735122418 0.002617068950521956 0.00042635604918593866 -0.0036538870978448865 -0.0078380962097825361 -0.00083067184876389755 -0.0031030056355991573 0.0065880281179963975 -0.0023482374526380689 -0.0012406374669914233 -0.00075140805085094353 0.0024212996309855074 0.0090234059472237959
leaf_weight=7863 11687 418 976 2213 306 8032 1448 1752 229 1032 2179 2988 5933 522 7011 34600 62 26438 6944 107 872 480 148 1345 1010 79 2122 823 694 9678 6601 3104 2530 350 1664 855 2711 5296 1706 1836 589 6839 2254 1400
leaf_count=7863 11687 418 976 2213 306 8032 1448 1752 229 1032 2179 2988 5933 522 7011 34600 62 26438 6944 107 872 480 148 1345 1010 79 2122 823 694 9678 6601 3104 2530 350 1664 855 2711 5296 1706 1836 589 6839 2254 1400
internal_value=-0.000131663 0.000341419 -0.00123893 -0.00260769 0.00111518 0.000715096 0.000784275 -0.00176317 -0.0105607 -0.000707053 0.000136546 -0.00185344 -0.000319113 0.00103564 -0.00391566 0.00156501 -0.00263307 -0.00144184 -0.0027338 -0.00110384 0.00413815 0.0118792 0.0239623 0.00407973 0.00724382 0.0137282 0.000483994 0.00470961 0.00880812 8.13386e-05 0.00136437 -0.0012987 0.00199485 -0.00758355 -0.00691057 -0.000126482 -0.000859721 -0.00242171 6.0048e-05 0.00177493 0.00529412 0.000355953 0.00229804 0.00474891
internal_weight=177726 97534 21349 12549 3263 8800 76185 2287 535 80192 37340 11617 8921 25723 9286 41012 7073 42852 16414 8551 1607 735 255 6412 2537 1089 23544 2039 1517 21505 11827 5226 3875 768 2696 35173 23486 10282 4986 4131 2295 13204 6365 3654
internal_count=177726 97534 21349 12549 3263 8800 76185 2287 535 80192 37340 11617 8921 25723 9286 41012 7073 42852 16414 8551 1607 735 255 6412 2537 1089 23544 2039 1517 21505 11827 5226 3875 768 2696 35173 23486 10282 4986 4131 2295 13204 6365 3654
cat_boundaries=0 2 5 7 10 12 13 15 16 19 21 24 26 29 32 34 35 37 39 41 43 44 47 49 50 52 54 57 59 60 63 65 68 69
cat_threshold=177767499 26523733 5517634 1476469166 81 1075970304 71320576 1319168 1342374051 16 714868076 144107588 4194368 1678413367 6829597 394 1647581333 402792472 75 35717256 134236224 68161572 134225936 67 2171136 69338112 612632919 67244178 8 818295383 1140985892 12 67144211 4194825 264 1074267172 524288 131072 1073741824 3223388176 524297 33554432 84934656 16 4062445578 1084362756 28 135528584 33556544 16 1081409 1343509 134283648 202555392 3565654556 1342357546 30 579863620 8536068 6 574628096 142671872 1 134480196 134498372 33554913 6300096 1 46
is_linear=0
shrinkage=0.05


Tree=110
num_leaves=45
num_cat=41
split_feature=2 9 0 0 2 2 2 2 2 2 2 3 0 2 0 2 2 0 2 0 0 0 10 2 0 0 0 2 0 0 1 0 0 5 0 2 3 0 2 0 2 3 0 1
split_gain=19.8132 18.4579 95.1822 82.4727 76.8728 68.301 59.8692 46.3127 42.7128 34.5615 31.6413 32.4941 54.8208 63.0032 47.6794 46.7757 31.2922 29.0705 28.8139 28.2249 27.5864 26.4587 23.6689 25.5389 30.2314 26.2506 22.6816 22.3587 32.0281 25.231 27.867 21.9976 21.8054 21.2293 20.4643 19.3632 19.2637 41.2983 40.6586 37.0721 31.9343 22.2488 18.8439 21.2921
threshold=0 1.0000000180025095e-35 1 2 3 4 5 6 7 8 9 10 11 12 13 14 15 16 17 18 19 20 16.500000000000004 21 22 23 24 25 26 27 28 29 30 12.500000000000002 31 32 33 34 35 36 37 38 39 40
decision_type=9 2 9 9 9 9 9 9 9 9 9 9 9 9 9 9 9 9 9 9 9 9 2 9 9 9 9 9 9 9 9 9 9 2 9 9 9 9 9 9 9 9 9 9
left_child=-1 2 6 4 34 31 19 20 32 17 21 12 16 -14 15 42 -12 -7 26 -2 -6 -10 27 24 -24 -25 35 28 -20 30 -29 -4 -5 -27 -3 -8 39 38 -38 -9 -39 -40 -13 -44
right_child=1 3 5 8 7 9 18 36 10 -11 11 14 13 -15 -16 -17 -18 -19 22 -21 -22 -23 23 25 -26 33 -28 29 -30 -31 -32 -33 -34 -35 -36 -37 37 40 41 -41 -42 -43 43 -45
leaf_value=0.016609039167299389 0.013043887336220417 -0.0044324649184366736 -0.011591754536126564 0.00039179529515498412 0.010250012137374642 0.0091526996594850866 0.0087588712137373539 -0.0063746674304260625 0.001350621226501425 0.00083519782084938714 -0.016072704354711021 0.0034668980499837246 -0.0058462732245975983 0.0042094066608032834 0.00086230658238350966 0.0012892359899208895 -0.0031673409030242741 0.0017345128841984249 0.0055048870291281365 0.00038400150079531681 0.0015109810893049191 0.012918508375266403 -0.0046689189170594616 0.00018519721085366592 0.01064080941756302 0.011037779746038791 -0.0086143738518543022 0.00025441889629767011 -0.0019953801148072741 -0.0024829956019351788 -0.010710830827556417 -0.0024057279895805918 -0.0055640847552477536 -0.0043712056595613556 -0.0082190898459216961 -0.0048214077597888488 0.011063293362285698 0.0045246290304199804 -0.0034660896407428866 -0.00062632541944484534 -0.0027538446618817214 0.0050508478772647641 0.029428082880743212 0.0099602009097653748
leaf_weight=329 929 2843 685 1253 672 2266 326 3848 1094 34898 911 3067 2225 5836 29552 6023 1520 3044 1739 1551 2536 1386 566 5055 1682 162 2128 789 3100 13547 2889 2176 1714 4107 2892 558 703 2089 1369 8712 7759 3251 425 3520
leaf_count=329 929 2843 685 1253 672 2266 326 3848 1094 34898 911 3067 2225 5836 29552 6023 1520 3044 1739 1551 2536 1386 566 5055 1682 162 2128 789 3100 13547 2889 2176 1714 4107 2892 558 703 2089 1369 8712 7759 3251 425 3520
internal_value=-0.000129413 -0.000152474 -0.000701364 0.000321429 -0.00153746 0.000920402 -0.00248607 -0.000550906 0.00148626 0.00145209 0.00179866 0.00153987 -0.0009522 0.00103457 0.00215391 0.00467229 -0.00751741 0.00520677 -0.00299525 0.00502008 0.00512741 0.00730924 -0.00257386 -0.000743173 0.00403012 -0.00189629 -0.00767704 -0.00353517 -0.000525882 -0.00437772 -0.00805315 -0.00653083 -0.00435002 -0.00477915 -0.00684943 -0.000894855 -0.0012094 -9.88077e-06 0.0035346 -0.00265712 -0.00192737 0.00181425 0.00744802 0.00974716
internal_weight=177726 177397 82197 95200 36674 43069 39128 30939 58526 40208 55559 53079 10492 8061 42587 13035 2431 5310 36648 2480 3208 2480 33636 11572 2248 9324 3012 22064 4839 17225 3678 2861 2967 4269 5735 884 27731 15171 5323 12560 9848 4620 7012 3945
internal_count=177726 177397 82197 95200 36674 43069 39128 30939 58526 40208 55559 53079 10492 8061 42587 13035 2431 5310 36648 2480 3208 2480 33636 11572 2248 9324 3012 22064 4839 17225 3678 2861 2967 4269 5735 884 27731 15171 5323 12560 9848 4620 7012 3945
cat_boundaries=0 7 9 11 18 25 32 39 46 53 60 61 63 70 72 79 86 88 95 97 98 100 107 109 111 113 120 122 124 127 129 131 133 139 140 142 149 151 158 159 161 162
cat_threshold=168296448 0 3221228048 0 2151809024 16781312 16 1790192673 211451392 2215314332 40116252 285315329 54566948 138412290 8520713 545268097 8 134217984 2164529184 3235974 4210688 16785569 671090838 2147745824 16384 36864 63209632 146817280 8396873 671350919 2097185 131072 540035084 2751595266 786436 4128 546820 65584 1088 2130176 2160197889 10493988 73412616 17829888 6357152 50593856 272663940 37748800 134217766 12718088 17833984 37750793 17039620 2164527137 303116 4767744 16778385 8396928 1074006024 138412064 448 1211105314 9962048 1610686464 655360592 0 2148794624 540704 2147483650 67641608 45096960 85596160 1879113752 1048656 0 2148958464 33568 0 67135488 8200 0 0 34635776 768 0 1 525188 19136540 2684356100 134218056 36 134222208 8942368 1073743882 1028 545521696 134764544 2147549200 143926272 218237953 1090783240 2064 8192 33571840 285214720 2147745792 67108864 1115949056 134742016 1243612193 67771392 8652800 75510784 269822113 2685403142 786432 4587568 33587200 2147549184 543072 1241515008 143658496 1024 68687872 5243523 88 66 834 20971588 1748241504 655360 67305872 35659780 536870912 8 32 256 8388896 2 36 2214724352 33816576 8192 16 0 1081344 0 4456449 67108864 2214593284 2097160 8192 8388608 0 49600 32768 33554432 16785416 392 8192 68161536 536870917
is_linear=0
shrinkage=0.05


Tree=111
num_leaves=45
num_cat=29
split_feature=5 0 1 1 10 0 1 6 6 0 0 1 1 1 0 1 1 8 0 10 1 1 0 0 9 0 1 0 1 10 5 0 1 5 10 8 0 8 0 0 1 5 0 5
split_gain=18.2626 40.123 22.1685 19.4775 18.7568 29.9073 28.4508 23.5197 56.4124 51.7544 43.2038 36.4706 29.9037 29.4089 26.6972 43.9323 32.9363 26.4758 43.7592 48.7034 33.7831 21.8503 27.5432 27.5189 21.689 27.9236 39.6291 27.3511 27.8471 23.8245 21.3682 20.6877 20.4517 20.2346 20.0321 19.3931 56.6549 24.1893 18.1816 17.9026 31.2757 21.589 19.3952 27.9894
threshold=541.50000000000011 0 1 2 10.500000000000002 3 4 4.5000000000000009 3.5000000000000004 5 6 7 8 9 10 11 12 9.5000000000000018 13 21.500000000000004 14 15 16 17 1.0000000180025095e-35 18 19 20 21 22.500000000000004 18.500000000000004 22 23 273.50000000000006 15.500000000000002 10.500000000000002 24 11.500000000000002 25 26 27 493.50000000000006 28 150.50000000000003
decision_type=2 9 9 9 2 9 9 2 2 9 9 9 9 9 9 9 9 2 9 2 9 9 9 9 2 9 9 9 9 2 2 9 9 2 2 2 9 2 9 9 9 2 9 2
left_child=4 2 -2 -3 5 6 -1 8 14 12 13 -11 33 -9 15 31 38 -15 19 20 34 22 35 30 25 -17 29 32 -29 -27 -23 -6 -26 -10 -19 -7 37 -37 -16 40 42 -42 43 -12
right_child=1 3 -4 -5 7 21 -8 10 9 11 39 -13 -14 17 16 24 -18 18 -20 -21 -22 23 -24 -25 27 26 -28 28 -30 -31 -32 -33 -34 -35 -36 36 -38 -39 -40 -41 41 -43 -44 -45
leaf_value=-0.0024252008735484391 0.026415939348169926 -0.0021709879771747544 0.0071633339361972977 0.0032869240532319658 0.00045856596830604616 -0.0013564347247789683 0.0014755661843243062 -0.0009414853029675041 -0.001141557872966459 -0.0010546295922487015 -0.0088203836870082326 0.004798305483401522 0.0026790394161444243 0.00056058620998500341 0.00042623524233149636 0.0037499142272864661 0.00040822319349382853 0.0020081413706030922 0.00015367061816616291 -0.00064073656485335586 0.00053610301607672222 -0.010473402463676507 0.0012332098314207286 -0.0043711859006101087 0.010192802281924053 0.0029947356919272196 -0.003432319174130033 -0.0011005686723489117 0.0090072359582190654 0.076548349587117231 0.00014210858582721088 -0.0040517753874223404 0.0036621495639329819 -0.0049196795626625161 0.0022605716852833468 -0.015304799972125938 -0.0010265182163764154 -0.0086470919526491618 -0.0028853491095018145 -0.00088365462056306805 -0.0017802133401127853 -0.019187980512781824 -0.0061912112049341385 -0.016153358399723771
leaf_weight=1674 231 2972 2786 1795 3530 6956 15214 2980 3217 1713 126 9365 2652 4549 4047 4738 19104 285 947 126 217 521 8621 9466 3060 854 4906 4485 1918 56 5922 5115 3307 551 495 298 1142 208 15718 15605 5022 91 952 189
leaf_count=1674 231 2972 2786 1795 3530 6956 15214 2980 3217 1713 126 9365 2652 4549 4047 4738 19104 285 947 126 217 521 8621 9466 3060 854 4906 4485 1918 56 5922 5115 3307 551 495 298 1142 208 15718 15605 5022 91 952 189
internal_value=-0.00014573 0.00222251 0.00672283 -0.000638476 -0.000254204 -0.00106753 0.000645047 8.50567e-05 0.000503758 0.00304606 -0.00108599 0.00511364 -0.000528771 0.00171194 -0.000124227 0.000945933 -0.0010044 0.00356766 0.00826087 0.014872 0.0187061 -0.00194002 -0.000704961 -0.00327596 0.00207423 0.000397953 -0.00192242 0.00346124 0.00114611 0.0076087 -0.000751588 -0.00209705 0.00577858 -0.00338804 0.0234177 -0.0027049 -0.00758495 -0.0213178 -0.00243489 -0.00230734 -0.00453834 -0.00278157 -0.0115505 -0.0223077
internal_weight=177726 7784 3017 4767 169942 50022 16888 119920 88336 17498 31584 11078 6420 9599 70838 31969 38869 6619 2070 1123 997 33134 17225 15909 23324 10554 5816 12770 6403 910 6443 8645 6367 3768 780 8604 1648 506 19765 21985 6380 5113 1267 315
internal_count=177726 7784 3017 4767 169942 50022 16888 119920 88336 17498 31584 11078 6420 9599 70838 31969 38869 6619 2070 1123 997 33134 17225 15909 23324 10554 5816 12770 6403 910 6443 8645 6367 3768 780 8604 1648 506 19765 21985 6380 5113 1267 315
cat_boundaries=0 2 5 8 10 13 15 17 20 23 26 28 31 34 36 38 41 43 45 47 49 51 53 55 58 60 62 64 67 69
cat_threshold=234883383 186793040 538247168 256 2 1110479184 14778624 86 2192248024 168559616 1140861186 1076003240 8 1787888749 143015936 1208221696 92332636 2149593120 341946419 66 2451997056 12583192 3 268873862 1279402416 22 682959043 208851009 2013266307 1476468843 53 2699240025 1151352988 4 1073741824 67117140 33554496 8388608 2791383335 205554141 81 201589281 30459985 134218273 30427221 2162881 141688897 32868 32784 546316290 68337728 38928388 12714260 137625664 71323648 2184183812 14712960 2 513 34880 33718280 8200 35727376 135921664 2097216 8519680 72 2097152 131072
is_linear=0
shrinkage=0.05


Tree=112
num_leaves=45
num_cat=40
split_feature=6 2 0 9 2 0 2 0 2 0 2 2 2 0 1 0 0 0 0 2 5 0 1 0 2 2 0 0 2 0 3 0 2 0 2 2 2 5 0 0 2 0 2 3
split_gain=18.0928 25.3052 47.0854 22.234 21.1311 39.1524 19.441 46.4077 31.3435 20.5094 36.9404 32.9271 26.8561 23.8423 23.6614 30.755 22.1169 21.4135 18.4926 18.3755 18.0742 48.3999 24.926 23.5338 37.3583 27.4204 33.5006 22.8223 22.7284 21.1547 20.5444 43.2507 24.9423 24.194 31.1203 26.501 17.489 17.1151 17.3139 17.0958 17.0155 16.931 27.221 18.2899
threshold=2.5000000000000004 0 1 1.0000000180025095e-35 2 3 4 5 6 7 8 9 10 11 12 13 14 15 16 17 31.500000000000004 18 19 20 21 22 23 24 25 26 27 28 29 30 31 32 33 238.50000000000003 34 35 36 37 38 39
decision_type=2 9 9 2 9 9 9 9 9 9 9 9 9 9 9 9 9 9 9 9 2 9 9 9 9 9 9 9 9 9 9 9 9 9 9 9 9 2 9 9 9 9 9 9
left_child=6 2 3 18 5 -3 7 8 -1 11 16 -8 13 -12 17 19 -11 -13 -2 -16 21 22 29 24 27 26 -25 28 -22 -6 31 32 -27 34 41 -35 -7 39 -39 -9 -33 42 43 -32
right_child=1 4 -4 -5 20 36 9 37 -10 10 12 14 -14 -15 15 -17 -18 -19 -20 -21 23 -23 -24 25 -26 30 -28 -29 -30 -31 33 40 -34 35 -36 -37 -38 38 -40 -41 -42 -43 -44 -45
leaf_value=0.011453377642660079 -0.0034959672459968227 -0.0055733848426390512 -0.00070227079161921946 0.008939111526357452 0.0021005124723408515 0.003254371332928141 0.0041720771510771028 -0.0035673655239689241 -0.0016543164020557056 0.00079824271181584423 0.0012890184473647094 0.0014227549302336052 0.00047013980165769856 -0.0076001244608476792 0.0017658224207259656 -0.0052767396463880402 0.009051609686978157 -0.0014821425362636755 0.012623691607895983 -0.0039453739072191464 -0.022002634719230585 -0.0020665657124715798 0.0028097970284667291 0.0070281762926225682 0.0015094493265181198 0.011940090100887368 -0.00065403965504373662 -7.3132619774679553e-05 -0.0018405018821299802 -0.0099177606661562563 0.0079031563341600327 -0.016476608941580428 0.00047148026090717556 -0.0040080523685838811 -0.0013713009598854604 -0.00045038103533667773 -0.0038810957586176255 -0.00657723096620414 0.00045896072873853334 -0.0088421955138412757 -0.00033509778627352493 0.0050700378637419724 0.0050168712475597626 -0.0045598091820737152
leaf_weight=734 430 739 1832 1012 224 731 1894 1063 1116 1859 1739 7874 27319 2851 3392 7042 1755 15226 177 2846 215 11339 5408 2198 26945 2129 1778 4832 1270 304 157 285 1381 6545 6080 7730 359 891 1281 1310 7056 3838 969 1571
leaf_count=734 430 739 1832 1012 224 731 1894 1063 1116 1859 1739 7874 27319 2851 3392 7042 1755 15226 177 2846 215 11339 5408 2198 26945 2129 1778 4832 1270 304 157 285 1381 6545 6080 7730 359 891 1281 1310 7056 3838 969 1571
internal_value=-0.000134477 0.000322964 0.00452181 0.0107121 0.00016845 -0.00513866 -0.000690842 -0.00333333 0.00333333 -0.000461338 0.00040385 -0.00126424 -0.000139415 -0.00367391 -0.00159934 -0.00328066 0.00518764 -0.000631761 0.00321252 -0.00072023 0.000274213 -0.00118379 0.00247225 0.000610171 0.00160195 -0.000180938 0.00376317 -0.00185712 -0.00725753 -0.00780669 -0.000597335 0.00123838 0.00579545 -0.00133829 0.000257426 -0.00274764 0.000909091 -0.0060483 -0.00285451 -0.00899705 -0.00094545 0.00265088 -0.000387883 -0.00414269
internal_weight=177726 97534 3451 1619 94083 1829 80192 6395 1850 73797 35523 38274 31909 4590 36380 13280 3614 23100 607 6238 92254 17275 5936 74979 33262 41717 3976 6317 1485 528 37741 10851 3510 26890 12615 14275 1090 4545 2172 2373 7341 6535 2697 1728
internal_count=177726 97534 3451 1619 94083 1829 80192 6395 1850 73797 35523 38274 31909 4590 36380 13280 3614 23100 607 6238 92254 17275 5936 74979 33262 41717 3976 6317 1485 528 37741 10851 3510 26890 12615 14275 1090 4545 2172 2373 7341 6535 2697 1728
cat_boundaries=0 7 9 16 18 25 27 34 36 43 50 57 59 62 64 66 68 70 77 79 81 83 90 96 98 100 106 108 109 111 118 120 127 134 141 143 145 151 153 160 161
cat_threshold=2147517065 84017160 8929536 67108880 2150523392 71307264 33947668 1681755185 86122569 1080033344 86021 2105350 129 100663442 2097161 155190304 3792668714 1342464 2147516816 86114384 8388640 69206024 134507299 4194432 38141952 538223936 84460544 2147483648 0 0 8 8992 0 131072 1679732260 19420189 268454952 542148610 4734978 135274881 276955136 1107298306 1056 34078720 168043148 136577350 4194368 805343248 2149847041 134217792 17039364 142631564 2359552 37749824 536907796 1 134744128 33554881 102014976 3326190410 8462352 65 1141768736 2102292 33554905 42344512 537929728 16793609 1681130544 131073 268451840 2161115394 0 17962000 1048580 56 16794656 539397707 43565064 1319168 33056 3456762624 90707549 16640 2161117952 138412064 155459840 8395040 2147811362 8200 264448 2155875072 32 22290432 8392992 65568 2400372 33972224 2147484416 67109892 0 1048576 0 256 32 2147483682 539002435 524288 96 536977410 1449984 268435456 4194304 0 2181054464 0 1073741840 24841 9438397 33605632 554770432 178 294912 35787776 4 262160 67135561 17899524 176 294912 33559560 1081348 1074003984 67133513 1073741824 5 2097152 0 33554432 9 16778272 1074331833 146157568 1218576428 144975877 268435456 33587200 0 0 2048 16 1049608 49152 0 16 0 4096 0 262160 8265 6
is_linear=0
shrinkage=0.05


Tree=113
num_leaves=45
num_cat=39
split_feature=2 6 6 2 0 2 0 2 0 2 2 0 10 0 2 2 2 2 0 2 0 2 0 2 2 0 0 2 0 2 0 2 0 0 0 3 0 0 8 0 8 3 3 1
split_gain=18.3692 16.4898 43.602 52.555 45.7924 35.0475 30.9262 30.4598 29.3357 35.9592 34.9486 26.1937 25.8329 35.3996 52.5309 41.2145 33.7255 30.8192 34.8621 29.8828 59.0468 28.2568 26.3688 30.2481 25.5666 22.0015 21.5549 20.5167 20.9427 20.4203 19.9612 26.8545 19.7326 19.4933 19.0592 18.5325 28.0281 19.0096 20.1193 18.0526 17.9457 24.304 17.6501 17.3126
threshold=0 3.5000000000000004 4.5000000000000009 1 2 3 4 5 6 7 8 9 13.500000000000002 10 11 12 13 14 15 16 17 18 19 20 21 22 23 24 25 26 27 28 29 30 31 32 33 34 6.5000000000000009 35 7.5000000000000009 36 37 38
decision_type=9 2 2 9 9 9 9 9 9 9 9 9 2 9 9 9 9 9 9 9 9 9 9 9 9 9 9 9 9 9 9 9 9 9 9 9 9 9 2 9 2 9 9 9
left_child=-1 7 3 6 5 35 -3 11 10 25 -4 -2 13 14 -9 26 39 18 -16 20 21 -14 23 30 33 -10 -15 34 40 -24 31 -21 42 -11 -6 36 -5 38 -37 -17 43 -42 -25 -29
right_child=1 2 8 4 27 -7 -8 12 9 24 -12 -13 19 15 17 16 -18 -19 -20 22 -22 -23 29 32 -26 -27 -28 28 -30 -31 -32 -33 -34 -35 -36 37 -38 -39 -40 -41 41 -43 -44 -45
leaf_value=0.015837704594741122 -0.00990212899346124 0.0017789962152633344 0.001670230196119127 0.012401221099985482 0.00058342803569110262 0.00035059164073232286 0.012709693990451611 0.0041944710832114655 0.0013590836004615248 0.0046546768393747051 -0.0026540530690453788 -0.0013516601530441437 0.015586318991278481 -0.0010041134915359407 -0.018712971605563594 -3.8775145055436338e-05 -0.0001835399592550746 -0.0034434598710674615 -0.0051702286543850564 -0.0043770959939109346 -0.0054734019695930284 -0.00071990905909293803 0.0080128806944807229 -0.0049232547735245441 0.00014628549782181034 -0.0076689278663345968 -0.011961954499418248 -0.0054926185657870226 0.0013344772660939643 0.0013883892109348263 0.0030499661254901225 0.0060795826583471494 -0.0032851408872275559 0.00099611589762730051 -0.0057540275221861009 0.0076394183673045629 -0.0007227388634537202 0.0096434517959344546 -0.0014115309672664946 0.0084650471416275914 0.011433953465410596 -0.0063966399037880713 0.0014229653237105566 0.0017618443708699361
leaf_weight=339 436 640 3862 435 653 3123 901 2636 563 985 13942 455 665 904 498 958 24754 18648 697 2494 3613 775 1494 740 22529 959 1048 624 10310 27218 5000 520 6877 2124 1072 499 1175 2069 589 1819 246 1691 4439 1708
leaf_count=339 436 640 3862 435 653 3123 901 2636 563 985 13942 455 665 904 498 958 24754 18648 697 2494 3613 775 1494 740 22529 959 1048 624 10310 27218 5000 520 6877 2124 1072 499 1175 2069 589 1819 246 1691 4439 1708
internal_value=-0.000141791 -0.000164321 0.00042787 0.00206917 0.00149562 0.00462025 0.0109929 -0.000556764 -0.00051152 0.000522635 -0.00208825 -0.00971143 -0.000478702 -0.00127401 -0.00276802 -0.00013393 0.00036491 -0.00364932 -0.0114108 0.000288846 -0.00336757 0.00517241 0.000668142 -0.000722112 0.000966937 -0.00691906 -0.00713558 -1.83891e-05 0.000592912 0.00163986 0.00165753 -0.00155423 -0.00230399 0.00521 -0.0051585 0.00731631 0.00290123 0.00955163 0.00409836 0.00557948 -0.00234868 -0.0059112 2.89073e-05 0.000600343
internal_weight=177726 177387 70699 25735 24194 7890 1541 106688 44964 27160 17804 891 105797 51962 22479 29483 27531 19843 1195 53835 5053 1440 48782 20070 25638 1522 1952 16304 14579 28712 8014 3014 12056 3109 1725 4767 1610 3157 1088 2777 4269 1937 5179 2332
internal_count=177726 177387 70699 25735 24194 7890 1541 106688 44964 27160 17804 891 105797 51962 22479 29483 27531 19843 1195 53835 5053 1440 48782 20070 25638 1522 1952 16304 14579 28712 8014 3014 12056 3109 1725 4767 1610 3157 1088 2777 4269 1937 5179 2332
cat_boundaries=0 7 13 15 22 24 31 33 40 47 49 51 58 65 72 78 80 87 89 96 98 105 112 114 116 123 125 132 134 140 142 144 146 147 149 151 153 154 155 158
cat_threshold=168296448 0 3221228048 4 2151809024 16781312 16 268 222298378 8413440 96469000 268720416 1 3289026304 69862924 536881152 8423504 32768 2147930176 135798788 4259842 67118344 2383816204 7521292 2149581056 86183936 8388608 270532608 67438593 67108992 4456452 45558548 137495553 2097420 2696938016 134217760 8651145 939524256 1073807368 17301760 538198028 2172660528 32 8438017 1575428 65568 2368 1613504700 38193165 71206403 74103308 268437544 47221384 138723328 1053776 537427968 1075838976 201327648 285213193 1048776 6291456 16777264 524816 38012928 134349824 1074861092 2717917700 135004416 201326857 276828544 2149580801 16777224 17895428 134217984 8480 134217984 29348 8 2621440 69902348 301076 2155889176 135012354 79692800 402657538 32 50331752 1076626504 203984897 0 8 8192 1024 402653440 0 64 3859295336 59510276 822149128 5275650 6324512 2164539520 17309700 2152005650 134217984 285276177 218267716 256 12352 25215488 4196352 132160 738231520 67117124 3800039856 143917056 1342195744 44075008 4456480 266529 17858560 1074069504 17302536 545259625 142868496 268436480 38797602 100 16777601 536870916 264201 525312 34089984 50594816 536936456 1081346 32768 2147500032 524288 65552 100672544 50594816 1073742888 117440588 1048651 47458320 326 1073875456 69206016 1073775104 67109380 3254855816 134479936 256 132 270704832 1075904512 2
is_linear=0
shrinkage=0.05


Tree=114
num_leaves=45
num_cat=23
split_feature=5 8 3 2 3 2 8 2 8 8 2 2 2 8 2 1 1 2 5 2 2 5 3 2 2 10 5 5 3 2 6 10 10 5 5 6 8 1 2 5 6 2 1 10
split_gain=17.7673 17.4122 72.1538 68.2711 43.6605 89.9907 44.2555 37.8378 37.5213 52.5336 48.6839 37.6264 35.7551 34.0172 36.6525 31.5436 28.4504 28.4135 27.4052 29.5345 22.6393 22.2179 21.9021 19.8159 19.6802 19.3648 19.4608 19.1653 18.6373 17.9838 20.1022 17.6508 22.7882 18.3913 17.6092 41.6824 17.432 36.5494 21.258 17.1744 18.2157 20.6615 17.1282 16.9242
threshold=1698.0000000000002 7.5000000000000009 0 1 2 3 10.500000000000002 4 11.500000000000002 10.500000000000002 5 6 7 3.5000000000000004 8 9 10 11 102.50000000000001 12 13 162.50000000000003 14 15 16 21.500000000000004 17.500000000000004 469.50000000000006 17 18 3.5000000000000004 21.500000000000004 16.500000000000004 260.50000000000006 732.50000000000011 1.5000000000000002 6.5000000000000009 19 20 182.50000000000003 5.5000000000000009 21 22 7.5000000000000009
decision_type=2 2 9 9 9 9 2 9 2 2 9 9 9 2 9 9 9 9 2 9 9 2 9 9 9 2 2 2 9 9 2 2 2 2 2 2 2 9 9 2 2 9 9 2
left_child=1 2 3 36 5 -3 24 -4 9 10 -6 -11 25 14 -9 -8 -5 -15 28 -20 -16 22 -13 -19 -7 -10 -27 -17 -12 30 34 32 -32 -34 -23 -36 38 43 -1 -26 41 -41 -24 -38
right_child=-2 4 7 16 8 6 15 13 12 11 18 21 -14 17 20 27 -18 23 19 -21 -22 29 42 -25 39 26 -28 -29 -30 -31 31 -33 33 -35 35 -37 37 -39 -40 40 -42 -43 -44 -45
leaf_value=-0.019330724986768178 0.009888715144685296 -0.0052463063532847245 0.0061844332435936795 -0.0013020016763202859 -0.004289168247830699 0.01737080710716522 0.017910404115656097 -0.0048315294278602318 -0.00077078063470463758 -0.0088815596159805537 0.0030027875242306435 0.023411259132887552 0.0024256674615819821 -0.0030316429596658478 0.0033398984145662893 0.0034499906593701058 -0.0067525422835097966 0.0064191263983657933 -0.00099621708671362714 0.0024695179448900929 -0.00040538640442835949 0.00054240677199141052 -0.010551730360948419 0.0011806689454485347 0.0039611799892154687 -0.001423010348351872 -0.0048430311347424371 0.031832398477042868 -0.0018074922179965704 -0.0028995589543145185 0.0029940581252955682 -0.0007767770622306825 0.0042764282767474128 0.0020447711662738622 0.0016928322471590263 -0.027598160288926213 0.0063777756792862857 0.044562755732619301 0.0063557354621095359 -0.0099193864122939408 -0.015993872299306457 0.0029787736907941178 -0.0038495301095177628 -0.0026774300607152941
leaf_weight=139 719 3074 2623 5168 4623 269 2189 3066 3326 1311 1879 102 8937 2013 2741 2176 7836 1953 7612 10340 25018 1324 759 43516 3423 42 379 136 16855 2683 550 75 115 199 62 94 48 198 915 518 219 896 7440 166
leaf_count=139 719 3074 2623 5168 4623 269 2189 3066 3326 1311 1879 102 8937 2013 2741 2176 7836 1953 7612 10340 25018 1324 759 43516 3423 42 379 136 16855 2683 550 75 115 199 62 94 48 198 915 518 219 896 7440 166
internal_value=-0.000124911 -0.000156773 0.000301887 -0.0029489 -0.000692955 0.00197521 0.0043107 0.00088337 -0.00119403 -0.00175017 -0.000836379 -0.00431562 0.00126143 0.000685036 -0.000608273 0.0079649 -0.00410327 0.00152479 -0.000226183 0.00116979 -3.42108e-05 -0.00351525 -0.00511384 0.00178214 0.00123005 -0.00283471 -0.0129454 0.0038329 -0.001564 -0.000921207 0.00220255 0.00793397 0.0099537 0.0207006 -0.00141892 -0.0173077 0.00724932 0.0160194 0.00388994 0.000513225 -0.00370484 -0.00162659 -0.00540261 0.000892857
internal_weight=177726 177007 95400 14470 81607 12900 9826 80930 68707 56023 41309 14714 12684 78307 30825 4501 13004 47482 36686 17952 27759 13403 8301 45469 5325 3747 421 2312 18734 5102 2419 939 864 314 1480 156 1466 412 1054 5056 1633 1414 8199 214
internal_count=177726 177007 95400 14470 81607 12900 9826 80930 68707 56023 41309 14714 12684 78307 30825 4501 13004 47482 36686 17952 27759 13403 8301 45469 5325 3747 421 2312 18734 5102 2419 939 864 314 1480 156 1466 412 1054 5056 1633 1414 8199 214
cat_boundaries=0 1 8 9 16 23 30 37 44 51 54 57 64 71 78 79 86 92 93 100 102 108 115 118
cat_threshold=256 1056288 43008 32768 262464 545850112 4456480 16384 256 553660420 135266816 2129920 89166216 134746884 18 67633472 405307404 541458944 1218986048 4202752 282648 2147487744 917504 1344307456 2713880660 144711680 2229256 562036864 2080 16640 1090519052 10912 4202496 150994944 25184512 0 67108864 536936452 2153808770 32800 17039376 276842532 2151940098 25861 537140224 83888424 256 160 9046786 264216 1056 33947648 69337100 30 538025984 8409344 85 416 41951233 4202790 2359312 68722720 6619136 50335744 538009620 298 4227072 46153984 1081860 4194315 16787456 1077936384 41992256 270340 150995976 50372612 2162691 67109184 128 536940544 67109146 0 128 131076 8 19456 0 10272 0 1024 16777216 2147549184 74 8192 142606656 33024 2156938568 536870948 262160 2305 537137152 131072 0 10240 32768 0 0 262144 327680 64 256 147456 1048576 0 16777216 32928 4259968 4
is_linear=0
shrinkage=0.05


Tree=115
num_leaves=45
num_cat=38
split_feature=4 0 2 0 5 8 0 2 8 0 3 0 2 2 2 2 0 3 0 3 0 2 1 0 8 2 2 2 2 2 2 0 3 0 2 3 2 0 0 0 0 0 1 5
split_gain=18.6858 49.687 36.2327 17.3783 16.8604 15.0994 87.9563 44.2096 38.4361 70.007 96.9979 51.2441 47.2338 45.6931 39.8901 38.94 72.4544 36.488 43.0904 36.1474 46.7021 39.4227 39.003 34.2511 34.0296 39.4699 33.4542 32.8456 32.5469 31.2384 30.9331 30.983 28.6322 28.2479 28.0356 37.4298 27.1454 32.2303 26.65 26.5921 26.4726 24.0817 24.9189 23.9125
threshold=3.5000000000000004 0 1 2 1698.0000000000002 3.5000000000000004 3 4 7.5000000000000009 5 6 7 8 9 10 11 12 13 14 15 16 17 18 19 1.5000000000000002 20 21 22 23 24 25 26 27 28 29 30 31 32 33 34 35 36 37 11.500000000000002
decision_type=2 9 9 9 2 2 9 9 2 9 9 9 9 9 9 9 9 9 9 9 9 9 9 9 2 9 9 9 9 9 9 9 9 9 9 9 9 9 9 9 9 9 9 2
left_child=4 -2 3 -3 5 6 24 23 11 10 27 14 -12 -13 -7 16 -11 -14 29 36 21 -21 33 -8 34 -26 -18 40 -16 39 31 32 -9 -22 35 -1 37 -15 -38 -19 -10 42 -32 -37
right_child=1 2 -4 -5 -6 8 7 30 9 15 12 13 17 19 28 -17 26 18 -20 20 22 -23 -24 -25 25 -27 -28 -29 -30 -31 41 -33 -34 -35 -36 43 38 -39 -40 -41 -42 -43 -44 -45
leaf_value=0.026496685364248186 0.0042848805466779716 -0.0033422656513072109 -0.0079030960484275624 0.0093100410717899991 0.0099553552894046 0.0034316390783644627 -0.027333506985242662 0.011075630289820138 0.016268867991691905 -0.0085834810766248996 -0.0071237934008802021 0.016471778786273705 -0.0048530487414854334 0.01771570424526658 -0.010314416325847137 0.00074993727191573494 0.0096701307889890849 -0.0011815611081866352 -0.0043991832064568344 0.012256714370053002 -0.0068325067219562278 -0.0011416382614437227 -0.0071244521259753836 -0.0053963391157272949 -0.0042461134830725058 0.003118735873157297 -0.0035989658064749298 -0.00031448604164187603 -0.001347886650193661 -0.00050653633664726196 0.012578664181919375 -0.00087292146529498464 -0.0055616190426256767 0.018640630845900296 0.0010862833686405894 0.010978076605308175 0.0052377104445914258 0.0024129439067459347 0.00070117334063901084 0.010105509440835004 0.0026081813929167532 -0.00092851319422811998 0.00087256050834015337 0.0021227394303571455
leaf_weight=987 2217 334 3802 412 685 3758 253 407 1293 2442 2744 803 7099 666 573 45812 1222 459 5588 1789 327 2109 3866 2150 1846 4221 1090 2694 13534 5856 835 10955 6546 448 1200 76 10305 1099 16702 870 1214 3849 1514 1075
leaf_count=987 2217 334 3802 412 685 3758 253 407 1293 2442 2744 803 7099 666 573 45812 1222 459 5588 1789 327 2109 3866 2150 1846 4221 1090 2694 13534 5856 835 10955 6546 448 1200 76 10305 1099 16702 870 1214 3849 1514 1075
internal_value=-0.00012041 -0.00269771 -0.00568232 0.00436508 -1.84253e-05 -4.9919e-05 -0.000960628 -0.0024341 0.000193507 -0.000521159 -0.00253531 0.0011942 -0.00395121 0.00222957 -0.00101538 0.000587235 -0.00371537 -0.00309828 -0.00149808 0.00197342 -0.000883144 0.00314739 -0.0042679 -0.00888935 0.00319172 0.000964233 0.00262705 0.00361735 -0.00223489 0.00106324 -0.0017872 -0.00284072 -0.00545024 0.00592357 0.00724985 0.0106611 0.00282121 0.0088169 0.00242625 0.0079537 0.00772745 0.00125644 0.00523527 0.00443583
internal_weight=177726 6765 4548 746 170961 170276 35914 26509 134362 78383 27817 55979 22616 38114 17865 50566 4754 19872 12773 37311 8539 3898 4641 2403 9405 6067 2312 5201 14107 7185 24106 17908 6953 775 3338 2138 28772 1765 27007 1329 2507 6198 2349 1151
internal_count=177726 6765 4548 746 170961 170276 35914 26509 134362 78383 27817 55979 22616 38114 17865 50566 4754 19872 12773 37311 8539 3898 4641 2403 9405 6067 2312 5201 14107 7185 24106 17908 6953 775 3338 2138 28772 1765 27007 1329 2507 6198 2349 1151
cat_boundaries=0 2 9 11 13 20 22 23 25 32 39 46 53 55 56 58 59 61 68 71 73 80 87 94 101 108 115 117 118 120 127 128 135 137 139 141 143 145 148
cat_threshold=1084600 104112644 1056785 32 0 10650944 17842176 262168 16448 145564480 142742536 66284 163612696 541592576 603990282 4202496 134217856 135968 264216 16384 536871638 142649873 450 143238188 54808580 1076216084 4229206 8396800 17040384 562579472 2147483680 16777224 2953320448 2701263114 143147008 4194465 10368 0 134742016 1363980 1051400 8192 34603464 8425472 3221227554 67259392 1074855940 2824995584 24608 138420488 279168 3 202000384 1175858208 103153676 16 536870994 529 60 570821248 67152897 24592 10272 32768 1097792 1576960 2151940096 67108873 1141125123 1140887562 1 2106368 4 1610895380 2165342248 0 1311040 9963808 1073741856 19457 1114112 2147483648 8192 0 0 0 67125248 1048584 100665376 256 34000896 268439552 2151743488 84025352 2147483648 2248146976 4194560 16777233 10240 4259840 150995200 17827840 0 16416 4360 32 19 67128576 1056785 17825840 557056 2181484592 42467328 1073741824 9289 76851457 104468544 66 2147483985 11534408 24576 8240 32768 2148978752 524544 1073741858 67127297 296 1074855944 71336080 4489472 134217744 540692 2147483656 1024 3758097042 76549120 2251292739 143297024 536870914 512 536871568 142608896 2795906306 33558528 876609568 2170884 64
is_linear=0
shrinkage=0.05


Tree=116
num_leaves=45
num_cat=39
split_feature=2 4 0 2 2 0 8 0 8 0 0 2 3 2 2 2 0 2 0 2 0 1 2 0 0 2 2 8 2 0 2 2 2 0 0 2 3 0 2 2 0 0 2 8
split_gain=16.196 16.2409 43.4862 33.3175 13.8504 17.3322 13.7197 79.4045 34.5822 118.837 57.257 44.9453 43.5066 38.7135 34.1433 33.595 37.3046 32.7315 31.9878 33.2367 31.5813 32.7295 31.4207 68.8395 38.88 42.2156 30.3824 30.1936 29.0586 28.8373 37.3904 36.5078 28.7817 27.4114 27.3466 32.4586 29.4535 37.9347 26.6802 26.5805 30.7607 24.3411 23.22 22.5967
threshold=0 3.5000000000000004 1 2 3 4 3.5000000000000004 5 5.5000000000000009 6 7 8 9 10 11 12 13 14 15 16 17 18 19 20 21 22 23 1.5000000000000002 24 25 26 27 28 29 30 31 32 33 34 35 36 37 38 7.5000000000000009
decision_type=9 2 9 9 9 9 2 9 2 9 9 9 9 9 9 9 9 9 9 9 9 9 9 9 9 9 9 2 9 9 9 9 9 9 9 9 9 9 9 9 9 9 9 2
left_child=-1 6 4 -4 5 -3 7 27 9 17 11 -10 13 -13 -11 16 -9 -8 19 -15 21 -14 23 38 25 -24 -27 -2 33 30 -17 -31 -29 -20 35 -16 37 -36 -12 40 -38 -41 -26 -23
right_child=1 2 3 -5 -6 -7 8 15 10 14 22 12 20 18 34 29 -18 -19 28 -21 -22 43 24 -25 42 26 -28 32 -30 31 -32 -33 -34 -35 36 -37 39 -39 -40 41 -42 -43 -44 -45
leaf_value=0.019556634559578082 0.0085924550418142957 0.00050060923240980435 -0.0088366637192921257 0.0013270324644783949 -0.0012121328642157869 0.013207368071819409 -0.001155267847124275 -0.00013779290156230585 -0.0059913300305701016 0.0076977967917766232 -0.006770457729096813 -0.0039126872344951774 0.022733217703236708 -0.028373305980891658 0.0019760011688816251 -0.0061628750412050966 -0.012522670229397403 0.0084899592735098676 -0.001410128939948325 -0.00059843968236406595 -0.0013227298829840695 -0.0048068923319469214 -0.0043272615497921222 0.0089405679931455328 -0.0031493793803465233 0.0090831302309412054 0.0026727259508239291 -0.0038052386952144471 0.0011111653227715791 0.005376363250639205 -0.0006311666890796042 -0.00074587462435399265 0.0026823780789286878 0.010866695065318689 -0.010069280959375933 -0.009744080484711426 -0.001427571720968296 -0.00031800298502235872 0.00058994308450555089 -0.0039033135053205825 0.010620392194068762 0.0024010684597914945 -0.00012107251179759304 0.0068832537806682303
leaf_weight=248 2657 740 3207 1111 1085 616 989 933 2954 1060 1003 11728 577 110 839 4511 1319 7838 162 265 3182 650 880 4239 2778 1343 11369 1112 1474 1177 4366 16215 3720 375 1413 1636 1010 3238 2015 1990 2020 2041 63579 1952
leaf_count=248 2657 740 3207 1111 1085 616 989 933 2954 1060 1003 11728 577 110 839 4511 1319 7838 162 265 3182 650 880 4239 2778 1343 11369 1112 1474 1177 4366 16215 3720 375 1413 1636 1010 3238 2015 1990 2020 2041 63579 1952
internal_value=-0.000115346 -0.00013353 -0.00253736 -0.00554529 0.00279478 0.00614934 -3.83671e-05 -0.000905304 0.00019338 0.00191078 -0.000180323 -0.00237425 -0.00154015 -0.00308694 -0.000763584 -0.00210823 -0.00795756 0.00652371 0.00271285 -0.0105195 0.00189138 0.00540922 0.000409329 0.00355718 0.000123188 0.00255845 0.00329351 0.00367382 0.00522019 -0.00160394 -0.00392146 -0.000419492 0.0013245 0.0150823 -0.00141227 -0.00617706 -0.000400955 -0.00348638 -0.00221268 0.00163343 0.00516447 -0.00102697 -0.00037594 0.00298622
internal_weight=177726 177478 6759 4318 2441 1356 170719 36010 134709 24074 110635 23429 20475 14114 15247 28521 2252 8827 2386 375 6361 3179 87206 7257 79949 13592 12712 7489 2011 26269 8877 17392 4832 537 14187 2475 11712 4651 3018 7061 3030 4031 66357 2602
internal_count=177726 177478 6759 4318 2441 1356 170719 36010 134709 24074 110635 23429 20475 14114 15247 28521 2252 8827 2386 375 6361 3179 87206 7257 79949 13592 12712 7489 2011 26269 8877 17392 4832 537 14187 2475 11712 4651 3018 7061 3030 4031 66357 2602
cat_boundaries=0 7 9 16 23 25 27 29 31 38 39 46 53 60 62 69 71 76 78 80 87 89 91 98 105 110 112 119 125 132 134 136 143 144 146 152 159 161 163 170
cat_threshold=168296448 0 1073743888 4 2151677960 16781312 16 3181752 104112660 262144 1048640 40960 2203340800 2336 2151677954 67112193 8192 0 8192 2151858176 553664512 2 3337 33968 68190224 66124 29394968 3224675098 69240904 540 12625928 1090552084 2154856468 140509184 17826888 687866112 3221225505 134348864 52 539238400 576 8396800 2181484544 8912900 4194320 67125513 536905732 67109250 12582944 1280 33284 1073807395 134367232 536873984 67111176 4194304 128 135712 395288 148512 2223243681 101327937 1074003968 17833984 32768 17826049 8405028 4456498 83886144 0 32768 1048576 0 0 0 512 532 2048 1107329216 67109121 17074209 2232690732 514 17825920 537526273 272631824 589888 537144704 50873349 8390656 18371584 268435456 134251010 6291488 266265 16796160 1 8 1052688 0 270336 1088 143654912 2 67240960 1048584 0 256 256 2592 9480448 70922820 356352 2148532274 40960 2147794952 8396804 32 8264 272748544 2689630854 0 41 553705472 2097185 266240 2164301858 0 1048640 9971968 0 19457 520 4194304 8456224 1576960 335872 0 32768 180288 2304 0 67108872 326 1089 42337300 0 68157440 0 17825792 0 4194304 1342177296 2144 0 34787328 16777472 262152 257 201851012 167772672 637535232 63201281 2097284 12718208 286820 14689344 142643328 33620098 4472832
is_linear=0
shrinkage=0.05


Tree=117
num_leaves=45
num_cat=20
split_feature=5 5 8 8 1 1 3 1 10 2 10 6 2 2 2 5 5 2 5 2 5 5 10 6 2 2 8 2 3 5 2 2 4 1 3 9 8 2 5 4 10 2 8 5
split_gain=17.0919 30.3793 30.3847 33.1913 24.2556 23.0625 20.7398 18.3758 17.8891 18.5919 20.4261 12.8048 20.6834 16.371 15.102 14.9922 15.6952 14.9384 13.5525 28.1809 17.9531 26.8544 17.6134 15.2511 18.3491 12.9153 12.6374 11.893 12.2255 11.8328 22.6726 19.7523 19.7747 15.8659 15.0899 18.9418 13.7767 20.1206 12.2537 15.5753 11.782 12.9593 11.2442 12.2258
threshold=19.500000000000004 9.5000000000000018 9.5000000000000018 8.5000000000000018 0 1 2 3 20.500000000000004 4 11.500000000000002 2.5000000000000004 5 6 7 228.50000000000003 66.500000000000014 8 541.50000000000011 9 1105.5000000000002 1333.0000000000002 10.500000000000002 5.5000000000000009 10 11 1.5000000000000002 12 13 287.50000000000006 14 15 3.5000000000000004 16 17 1.0000000180025095e-35 4.5000000000000009 18 108.50000000000001 2.5000000000000004 14.500000000000002 19 2.5000000000000004 34.500000000000007
decision_type=2 2 2 2 9 9 9 9 2 9 2 2 9 9 9 2 2 9 2 9 2 2 2 2 9 9 2 9 9 2 9 9 2 9 9 2 2 9 2 2 2 9 2 2
left_child=1 2 3 5 -5 26 -3 -8 9 -4 -11 12 15 -13 -15 16 -2 -14 23 20 22 -22 -20 -16 42 -21 -1 -26 -29 31 -31 32 -19 -34 35 -33 -36 -38 -37 -40 41 -7 -25 -44
right_child=11 6 8 4 -6 40 7 -9 -10 10 -12 13 17 14 18 -17 -18 29 19 25 21 -23 -24 24 27 -27 -28 28 -30 30 -32 34 33 -35 36 38 37 -39 39 -41 -42 -43 43 -45
leaf_value=0.026677514567652549 0.005178551361919248 0.0021775276149851586 -0.0050802376749990111 0.012485979920428859 7.0851036395341849e-05 -0.0034172423517242925 -0.0084691726106168163 -0.0023851911505650362 -0.0017942443121118784 -0.0071852332324752084 0.0020590056875408823 0.0029267561427243961 0.0025489271294425134 -0.0021289306594771658 0.00042987073448248482 -0.00053982831367680448 -0.0057738478191335903 0.00010589998251651079 0.0092584852871794351 0.017494178456565101 -0.0038726306332184271 0.0020998659072681727 -0.0014733405173073867 0.0031692198003064999 -0.0065014090747588134 0.006171427998112467 0.010162150061224973 -0.0023415346359810132 0.0002001879221017855 0.0035086718756777687 -0.00044070700408159192 0.0010745114865946647 -0.014135895553765487 -0.0023678395294673307 -0.0040896445960968584 -0.016130834471957425 -0.0068791077306277985 0.00017402910741685652 0.0031896822481489065 -0.012017642065860236 0.0032818116850829916 0.0019038395478044924 -0.0040492346874158262 0.00069921547714887075
leaf_weight=89 217 886 1167 462 251 1493 825 10886 287 327 485 2583 2750 1770 61101 2579 1224 34733 205 230 142 129 532 1223 758 2235 217 4962 3708 4860 9154 397 647 1029 3616 333 1455 8074 224 126 2029 776 858 5692
leaf_count=89 217 886 1167 462 251 1493 825 10886 287 327 485 2583 2750 1770 61101 2579 1224 34733 205 230 142 129 532 1223 758 2235 217 4962 3708 4860 9154 397 647 1029 3616 333 1455 8074 224 126 2029 776 858 5692
internal_value=-0.000121535 -0.00149158 0.00100884 0.00307504 0.0131136 0.00152042 -0.00299675 -0.00355345 -0.00383936 -0.00214755 0.00364964 5.39525e-05 -0.000441065 0.000464425 0.000342888 -0.0039206 -0.00801527 -0.00023291 0.000442013 0.00349842 -0.00353635 -0.0145756 0.000474898 0.000306506 -0.00100866 0.00636364 0.014557 -0.00248993 -0.00195853 -0.00038665 0.000899101 -0.000742584 -0.000124935 -0.00542959 -0.00232174 -0.00798165 -0.00185101 -0.000855284 -0.013104 -0.00657143 0.000557103 -0.00191714 0.000790184 -3.05344e-05
internal_weight=177726 20180 7583 5317 713 4604 12597 11711 2266 1979 812 157546 71418 86128 83545 4020 1441 67398 81775 3473 1008 271 737 78302 17201 2465 306 9428 8670 64648 14014 50634 36409 1676 14225 1080 13145 9529 683 350 4298 2269 7773 6550
internal_count=177726 20180 7583 5317 713 4604 12597 11711 2266 1979 812 157546 71418 86128 83545 4020 1441 67398 81775 3473 1008 271 737 78302 17201 2465 306 9428 8670 64648 14014 50634 36409 1676 14225 1080 13145 9529 683 350 4298 2269 7773 6550
cat_boundaries=0 3 5 6 9 16 23 30 37 44 51 58 65 71 72 79 86 89 90 97 104
cat_threshold=33554468 2 64 1343490 1073741952 194 1311488 71311552 16 4136 0 0 1229824 524304 0 8 2147516816 86114304 12582944 69206024 134380071 4194440 409600 32897 604110856 8930048 335552528 2166514181 71307264 393236 1080033344 33902597 136323078 25165953 100663426 304087044 20972576 37748736 38043781 289350 134217729 301990016 2149847040 150996008 1327108 1089538 0 320 4128 2147745794 67108865 286550016 1084256 4194304 2182088000 8390656 2147485744 134236232 0 2064 32768 266240 8388864 0 8 536936704 2147491840 0 6553608 536870944 1074069507 344 1345595392 24578 136347648 51807280 16809984 1073741843 65 1627414532 2828010288 0 2186330304 16777216 67587 67110977 275775488 16 64 192 2048 64 136314880 8394000 545292288 1073741856 256 8 0 0 33719296 17301520 0 526337
is_linear=0
shrinkage=0.05


Tree=118
num_leaves=45
num_cat=24
split_feature=10 10 6 6 1 8 1 1 5 6 1 1 1 3 10 1 5 1 1 1 10 1 5 3 8 1 10 5 1 1 5 3 1 5 5 8 3 1 1 8 3 1 1 5
split_gain=15.8756 22.8319 20.9594 45.2253 34.9268 24.7343 20.255 18.1057 18.6473 17.9286 30.7478 20.1362 17.9181 16.5103 16.1856 19.2602 15.4266 15.4259 12.6568 11.9732 11.7783 19.2976 13.7877 10.5885 13.1284 18.6234 12.5654 12.0221 11.0887 10.3682 10.3357 10.2062 9.90804 9.84381 9.68554 9.628 29.6409 46.1054 25.4163 24.1826 23.5497 22.9814 20.5988 18.6376
threshold=10.500000000000002 4.5000000000000009 4.5000000000000009 3.5000000000000004 0 5.5000000000000009 1 2 697.50000000000011 3.5000000000000004 3 4 5 6 19.500000000000004 7 178.50000000000003 8 9 10 21.500000000000004 11 192.50000000000003 12 2.5000000000000004 13 8.5000000000000018 27.500000000000004 14 15 437.50000000000006 16 17 12.500000000000002 342.50000000000006 7.5000000000000009 18 19 20 6.5000000000000009 21 22 23 24.500000000000004
decision_type=2 2 2 2 9 2 9 9 2 2 9 9 9 9 2 9 2 9 9 9 2 9 2 9 2 9 2 2 9 9 2 9 9 2 2 2 9 9 9 2 9 9 9 2
left_child=1 7 3 6 -5 12 16 8 -1 11 30 31 34 -14 18 -16 -2 -15 -7 -4 35 22 -22 -13 25 -25 32 -28 -29 -18 -11 -3 -26 -23 -6 36 37 39 -38 -8 42 -42 -37 -41
right_child=2 9 19 4 5 14 20 -9 -10 10 -12 23 13 17 15 -17 29 -19 -20 -21 21 33 -24 24 26 -27 27 28 -30 -31 -32 -33 -34 -35 -36 40 38 -39 -40 43 41 -43 -44 -45
leaf_value=0.0042535492629761978 0.00062252370354591862 -0.018021570106739073 -0.0015248242644100075 0.0050532413932644019 -0.0012241492917335784 0.0023270931811554818 0.0011188330122168578 -0.00075681577124324666 0.025299683871093426 0.00080159294556260148 -0.001931027073752123 0.0013358959347187116 0.0043035616632792319 -0.004510158152874511 -0.0040183909188340472 0.00098552779430758903 0.00016096472587169287 0.0046121166085992486 -0.0002759685860155292 -0.00016203393404157218 0.002439895610233367 -0.0073650149253376212 0.010977328675599777 0.004600887576385204 0.0067628455591161934 -0.012031721093914255 -0.006486580874196974 -0.0043230237152002138 0.0050138245496335609 0.0072223657219182115 0.0085610011470035885 -0.0029118683535428016 -0.0049010418651976419 -0.00094507063493114445 -0.027251601095021585 -0.0036422654663104681 0.0071076721230208979 -0.0081275418095715594 0.00019311926874217012 0.063681513028486486 -0.0034531334268479985 0.0020022396063248626 -0.0006467004209528616 0.026295382824581028
leaf_weight=3275 10405 537 8931 3659 457 3305 1102 2334 105 10316 6338 4537 3127 599 1115 926 960 915 4054 23666 1943 76 702 276 242 885 588 639 2445 2154 548 16807 2549 1507 88 7485 2132 3799 23454 56 2373 7811 8253 251
leaf_count=3275 10405 537 8931 3659 457 3305 1102 2334 105 10316 6338 4537 3127 599 1115 926 960 915 4054 23666 1943 76 702 276 242 885 588 639 2445 2154 548 16807 2549 1507 88 7485 2132 3799 23454 56 2373 7811 8253 251
internal_value=-0.000100154 -0.000830774 0.000205499 0.000588946 0.00281995 0.00171965 4.23029e-05 0.00215261 0.00448378 -0.00119575 8.71992e-05 -0.00194374 0.00449287 0.00549344 0.000191489 -0.00374816 0.00179245 0.0011811 0.00128414 -0.000885051 -0.000346163 0.00219962 0.00480226 -0.000382056 -0.00151952 -0.00641688 -0.000642117 0.00127996 0.00252918 0.00488118 0.00170131 -0.00303676 -0.00317091 -0.00216573 -0.00405405 -0.000536004 6.17003e-05 -0.00337294 0.000761838 0.00433404 -0.00124605 0.00062782 -0.00245745 0.0167752
internal_weight=177726 52421 125305 92708 18245 14586 74463 5714 3380 46707 17202 29505 5186 4641 9400 2041 13519 1514 7359 32597 60944 4228 2645 12161 7624 1161 6463 3672 3084 3114 10864 17344 2791 1583 545 56716 30794 5208 25586 1409 25922 10184 15738 307
internal_count=177726 52421 125305 92708 18245 14586 74463 5714 3380 46707 17202 29505 5186 4641 9400 2041 13519 1514 7359 32597 60944 4228 2645 12161 7624 1161 6463 3672 3084 3114 10864 17344 2791 1583 545 56716 30794 5208 25586 1409 25922 10184 15738 307
cat_boundaries=0 3 6 9 12 15 17 18 21 24 27 30 32 33 35 38 41 42 45 46 49 52 53 56 59
cat_threshold=1888553303 1073872968 24 67422312 138596784 66 41132352 79691800 3 2718400647 67150227 7 1644685763 1342345528 8 262176 6324482 56 33947648 4259856 71 33554560 8388608 2 33685664 71368962 66 681859145 205685234 85 2723152262 1149239300 96 269484032 134283268 8392704 134291460 66 64 134238240 64 64 4608 67117122 80 384 12288 10485762 4 1611665412 1342177280 17 240 4035973766 268500992 24 2686591239 75497548 4
is_linear=0
shrinkage=0.05


Tree=119
num_leaves=45
num_cat=39
split_feature=8 0 1 0 8 0 1 3 0 0 3 3 0 1 1 1 8 0 0 0 0 0 1 3 0 3 1 1 1 0 0 3 0 0 0 1 0 8 8 0 0 1 1 0
split_gain=15.6182 64.1043 27.0611 55.4642 25.2759 64.1555 66.5733 57.2391 81.846 65.536 63.9716 54.8346 122.24 54.7665 53.9215 51.0381 50.1713 42.4863 41.8891 41.1184 36.0741 35.945 37.2451 35.9001 36.4273 34.6485 33.2038 31.6585 30.7335 37.7818 29.1453 29.0893 46.1124 26.7077 26.3989 27.8913 25.5435 26.2967 25.3247 58.1764 37.1689 25.2113 24.5145 36.6307
threshold=11.500000000000002 0 1 2 7.5000000000000009 3 4 5 6 7 8 9 10 11 12 13 10.500000000000002 14 15 16 17 18 19 20 21 22 23 24 25 26 27 28 29 30 31 32 33 6.5000000000000009 9.5000000000000018 34 35 36 37 38
decision_type=2 9 9 9 2 9 9 9 9 9 9 9 9 9 9 9 2 9 9 9 9 9 9 9 9 9 9 9 9 9 9 9 9 9 9 9 9 2 2 9 9 9 9 9
left_child=4 -2 3 -3 7 -6 11 8 15 10 21 12 -7 33 36 -1 -14 -18 27 23 -17 22 -9 38 41 -21 -23 -13 29 42 -30 32 -32 -12 35 -15 -10 -38 39 -8 -40 -25 43 -11
right_child=1 2 -4 -5 5 6 19 9 14 28 13 18 16 34 -16 20 17 -19 -20 25 -22 26 -24 24 -26 -27 -28 -29 30 -31 31 -33 -34 -35 -36 -37 37 -39 40 -41 -42 -43 -44 -45
leaf_value=-0.017369206389077064 0.0069795132912397586 -0.0053797683586959888 -0.0012312694159569593 0.0095252790546204568 0.00093175268897502947 0.026594037793975178 0.0065470715167016752 -0.0024310868826508238 0.024422301131775931 -0.0068868078526566848 -0.00065878196231423664 0.0068111918555833657 -0.010094758895270195 -0.011894323828564196 -0.0038381748525911255 -0.0094237088541115569 0.027526300041898155 -0.018651015336050746 -0.0033629191398054092 -0.0055890499080337224 -0.00011875933693462627 -0.00060190058447330281 0.0010057926118067996 -0.021934480359601993 -0.0010576085054499029 -0.00023112454750027212 -0.0074127777765074405 -0.00010054286777299027 0.0061798177110433672 -0.00025357033869831679 0.010511568496986506 0.0035293740405574594 -0.0040501728926756577 -0.02212999320352697 0.0011005707110353646 0.011056476926742016 0.00037592720700302396 0.010933397200329388 -0.0089524446264167227 -0.0068499997895272394 -0.0048570644476169768 -0.006768113604914628 0.0046219274307661038 0.0025120690578806283
leaf_weight=2058 5108 694 8776 1137 21224 1489 411 3909 584 1057 342 1478 1401 250 3998 1097 445 285 8589 1554 2441 2099 5331 297 6051 9069 4511 7524 8087 19279 696 7438 2606 428 8473 2170 4625 1029 1385 2003 1445 1567 10394 2892
leaf_count=2058 5108 694 8776 1137 21224 1489 411 3909 584 1057 342 1478 1401 250 3998 1097 445 285 8589 1554 2441 2099 5331 297 6051 9069 4511 7524 8087 19279 696 7438 2606 428 8473 2170 4625 1029 1385 2003 1445 1567 10394 2892
internal_value=-0.000101842 0.00140312 -0.000814731 0.00469853 -0.000247823 -0.000998988 -0.00206764 0.000271416 -0.00247444 0.000815285 -0.00116085 -3.063e-05 0.00556474 0.0016491 0.000185438 -0.00733143 -0.00212518 0.00849315 -0.00118459 -0.00388366 -0.00366404 -0.00322825 -0.00121081 -0.00575215 -0.00361514 -0.00156588 -0.0060423 0.0011984 0.00185192 0.000945528 0.00346924 0.00175814 -0.00214372 -0.0111538 0.00256351 0.00716049 0.00308899 0.00204802 -0.0089646 -0.00521955 -0.0121908 -0.00971185 0.0028879 -0.00046729
internal_weight=177726 15715 10607 1831 162011 66217 44993 95794 15832 79962 27513 21211 3620 11663 10236 5596 2131 730 17591 23782 3538 15850 9240 13159 7915 10623 6610 9002 52449 33622 18827 10740 3302 770 10893 2420 6238 5654 5244 2414 2830 1864 14343 3949
internal_count=177726 15715 10607 1831 162011 66217 44993 95794 15832 79962 27513 21211 3620 11663 10236 5596 2131 730 17591 23782 3538 15850 9240 13159 7915 10623 6610 9002 52449 33622 18827 10740 3302 770 10893 2420 6238 5654 5244 2414 2830 1864 14343 3949
cat_boundaries=0 2 5 7 9 12 13 15 17 18 19 21 23 26 29 31 33 35 37 39 42 43 45 46 49 52 55 57 59 60 62 64 66 69 71 73 75 78 80 82
cat_threshold=2290755714 71180300 3489665090 469831836 72 639729696 176195584 1252107521 55070784 338920220 209904012 11 384 204996725 183403076 1082764584 35410948 28 256 537660056 136318488 67657 384 2421633057 279167234 69 6488257 134283264 67 2147614756 67371012 2149449754 68553220 537791126 209750528 134217732 34112064 1074266408 34341892 2150904097 144736278 20 24 132 67143680 198 2109639 1216356360 3 3146500 134348800 2 2993045840 279179521 83 102891716 29534728 137364048 69240897 6 2 155189760 1073850632 34078724 101376 1048580 537919488 1207959552 4 8454656 67110912 0 67143680 537395728 8423424 2147483648 65536 68 2952921168 2166784 4 131592
is_linear=0
shrinkage=0.05


Tree=120
num_leaves=45
num_cat=18
split_feature=4 5 2 5 10 2 2 10 1 5 2 8 10 1 2 6 2 5 6 2 2 2 2 8 2 2 5 10 1 8 10 5 5 5 1 5 5 6 5 2 10 5 8 2
split_gain=15.2564 26.8486 29.666 15.6553 14.5698 28.7374 25.3785 25.063 18.8136 19.5584 16.0985 20.5646 15.0401 14.3355 12.6408 12.5589 24.25 21.3753 16.1903 42.732 28.0551 23.4778 20.9781 15.4496 23.6045 20.3533 23.8914 22.5363 16.4919 18.6229 29.0924 25.1344 20.9143 16.5641 14.9479 19.2556 15.9566 13.8717 12.787 11.8801 11.8777 11.6575 11.6536 23.8782
threshold=3.5000000000000004 110.50000000000001 0 1698.0000000000002 9.5000000000000018 1 2 5.5000000000000009 3 697.50000000000011 4 2.5000000000000004 7.5000000000000009 5 6 5.5000000000000009 7 1050.5000000000002 3.5000000000000004 8 9 10 11 6.5000000000000009 12 13 1105.5000000000002 21.500000000000004 14 10.500000000000002 15.500000000000002 302.50000000000006 310.50000000000006 9.5000000000000018 15 256.50000000000006 11.500000000000002 4.5000000000000009 172.50000000000003 16 16.500000000000004 6.5000000000000009 4.5000000000000009 17
decision_type=2 2 9 2 2 9 9 2 9 2 9 2 2 9 9 2 9 2 2 9 9 9 9 2 9 9 2 2 9 2 2 2 2 2 9 2 2 2 2 9 2 2 2 9
left_child=3 -2 -3 4 5 -1 -7 8 9 -8 11 13 14 -9 -12 18 -17 -18 21 37 -21 -6 -23 24 -22 -25 27 28 29 40 32 33 38 -32 -29 36 -36 39 -31 -20 -27 -26 43 -24
right_child=1 2 -4 -5 15 6 7 10 -10 -11 12 -13 -14 -15 -16 16 17 -19 19 20 23 22 42 25 41 26 -28 34 -30 30 31 -33 -34 -35 35 -37 -38 -39 -40 -41 -42 -43 -44 -45
leaf_value=0.0021882179788627722 -0.007950622820402254 0.0049363569219199157 -0.0031191356510066105 0.0091055021267267278 -0.0029412584965265165 -0.0054773838845555119 0.0043032454902124598 -0.0028830998491934713 -0.00093666280644468804 0.028303880797824754 -0.0045772307838238937 -0.0017214249168053808 0.00098203990082378068 -0.010779956160581156 0.0037420105762140999 -0.0074911765701420096 -0.00042948101380181348 0.0081775388120894806 0.0052200989540005516 -0.0017975587157514905 -0.0010268107740916189 0.0044558831808447609 0.010391564948951793 0.002239314783619978 0.0083441142149112135 0.001573218222266934 -0.0032568926836841986 -8.6270344739836083e-05 -0.0008117163005861239 -9.7488701026837721e-05 0.0010297951064618921 0.0015010242165229616 -0.0037419890287043235 0.005216158600568308 -0.0011784503221032806 -0.0054247262352076281 -0.0031244435660182758 0.0023115826858309484 0.016387599444580826 0.013055802051989408 -0.0016923125476137196 0.0021672057282370095 0.00032185352581791117 -0.0012020725152099123
leaf_weight=1787 2703 2033 2029 685 3013 2072 3445 1113 2461 89 3027 14376 8280 1064 532 1002 15403 83 1063 4569 2848 2110 695 4538 176 1362 84 362 7340 481 67 259 89 454 49 170 306 1492 108 532 790 9913 53356 19316
leaf_count=1787 2703 2033 2029 685 3013 2072 3445 1113 2461 89 3027 14376 8280 1064 532 1002 15403 83 1063 4569 2848 2110 695 4538 176 1362 84 362 7340 481 67 259 89 454 49 170 306 1492 108 532 790 9913 53356 19316
internal_value=-0.000117597 -0.00244642 0.000123092 -2.54444e-05 -5.57918e-05 -0.000915128 -0.00121884 -0.000893973 0.00204337 0.00437359 -0.00151451 -0.00252068 -0.000105494 -0.00705099 -0.00282383 0.000193138 -0.00109777 -0.000606608 0.000377352 0.0012388 0.000725533 -2.93031e-05 0.000143733 0.00129225 0.00258561 0.000276444 -0.000808817 -0.000620934 0 0.00276243 0.00713306 0.0137179 -0.000442478 0.00738964 -0.00828636 -0.0135514 -0.0071831 0.00686148 0.00297114 0.0101254 -0.000185874 0.00371819 2.04424e-06 -0.00102694
internal_weight=177726 6765 4062 170961 170276 38246 36459 34387 5995 3534 28392 16553 11839 2177 3559 132030 16488 15486 115542 37052 33965 78490 75477 29396 12937 16459 11921 11837 10950 3610 1458 780 678 521 887 525 355 3087 589 1595 2152 10089 73367 20011
internal_count=177726 6765 4062 170961 170276 38246 36459 34387 5995 3534 28392 16553 11839 2177 3559 132030 16488 15486 115542 37052 33965 78490 75477 29396 12937 16459 11921 11837 10950 3610 1458 780 678 521 887 525 355 3087 589 1595 2152 10089 73367 20011
cat_boundaries=0 7 14 21 24 31 34 41 48 55 62 69 76 83 90 93 96 102 108
cat_threshold=537993216 2080 8192 2148974912 537919492 2147745808 24649 268439809 641729176 138952704 134217744 269224448 65547 151011368 2148532256 2166391140 2097184 6299809 43126918 1111752704 64 106082688 8388624 67 33859612 134348802 8192 34784264 150994944 48 67240193 1278016 8 64 536870912 1056768 0 2147488000 16640 2147483648 10240 536936448 2164260866 0 17039369 151044640 1078198275 16777216 264 2904555848 10510336 20972672 1331508 4194306 262144 268438529 47327908 134479908 273 0 2147551241 201352192 16879873 622989336 8937472 411041792 805586992 160 4456448 38274048 38043685 2181300288 8321 2147614848 1076236293 168296448 1074790432 0 256 134611008 537405440 16 17301832 335888 18 256 202801224 536881152 1074004000 16777544 656 8388658 8 33587200 65792 4 264 2149581120 8192 16778368 1048580 2 2097164 17024 32 264 16809984 2147483648
is_linear=0
shrinkage=0.05


Tree=121
num_leaves=45
num_cat=25
split_feature=2 4 2 5 8 5 2 8 8 2 2 3 2 4 2 2 2 8 1 8 1 4 3 8 2 8 2 5 3 2 5 1 3 6 1 8 3 2 2 5 1 8 8 1
split_gain=15.2086 14.1233 27.7738 17.6177 15.6893 14.272 12.7747 12.7113 29.7718 39.7489 28.6701 24.6857 34.9682 24.3067 23.0415 22.5301 21.7832 26.3857 25.1309 19.4553 29.0872 18.9112 16.5251 20.1325 19.415 16.1812 15.5845 15.324 14.0773 14.7822 13.4018 13.0901 13.0456 12.569 12.0468 12.5972 12.0236 17.3346 12.5349 32.2009 14.3001 12.3974 13.3242 11.8385
threshold=0 3.5000000000000004 1 45.500000000000007 11.500000000000002 1698.0000000000002 2 3.5000000000000004 5.5000000000000009 3 4 5 6 2.5000000000000004 7 8 9 9.5000000000000018 10 8.5000000000000018 11 2.5000000000000004 12 4.5000000000000009 13 7.5000000000000009 14 19.500000000000004 15 16 1.0000000180025095e-35 17 18 4.5000000000000009 19 1.5000000000000002 20 21 22 9.5000000000000018 23 2.5000000000000004 1.5000000000000002 24
decision_type=9 2 9 2 2 2 9 2 2 9 9 9 9 2 9 9 9 2 9 2 9 2 9 2 9 2 9 2 9 9 2 9 9 2 9 2 9 9 9 2 9 2 2 9
left_child=-1 5 -3 4 -4 7 -5 10 9 28 13 12 -12 33 22 -13 17 19 21 25 -21 32 23 43 -25 -10 -18 30 -9 -30 -28 -32 -19 -2 -14 -36 37 -17 -38 40 -40 42 -39 -11
right_child=1 2 3 6 -6 -7 -8 8 16 14 11 15 34 -15 -16 36 26 18 -20 20 -22 -23 -24 24 -26 -27 27 -29 29 -31 31 -33 -34 -35 35 -37 38 41 39 -41 -42 -43 -44 -45
leaf_value=0.018139069721058776 -0.010940888554842709 0.0044299246498105405 -0.016194903786253333 -0.0082781147129871221 0.017116430924400051 0.0085986569553316572 -0.0015546002623721079 0.00053357888335601176 0.0068425528537618078 0.013472819850579543 0.0032432927698275273 0.0046514576751304215 -0.010411392852209267 0.00058963708813761792 -0.0023012169463547893 0.020086081651692289 -0.0024925061934409688 0.0083327936518243547 0.012076880093018145 0.012101000710378607 0.0044300022010816285 0.0024557197153521229 -0.00014734383461090239 0.014194888576068904 0.0042080304045116479 -0.002371852332626323 0.010960390420407929 -5.2459801548920831e-05 0.006359462172328279 0.015101421263484911 0.0020778429331465178 -0.0021065232071029007 -0.006615739934218246 -0.00022919274475910191 -0.00021613571496874041 -0.0071771724494286235 -0.0011845704512793655 -0.0012562784558559305 0.002926090851615948 6.3275138999691063e-05 0.017449179510263015 -0.0073984583477486772 0.010936378148372306 -0.00035912407837432884
leaf_weight=248 1589 1088 792 605 57 684 4217 1301 1859 443 1051 1554 648 951 3755 476 3180 261 498 452 528 1091 7113 806 2804 899 255 89501 4349 332 1037 8976 1676 379 1127 2550 11438 483 221 12186 165 514 494 3093
leaf_count=248 1589 1088 792 605 57 684 4217 1301 1859 443 1051 1554 648 951 3755 476 3180 261 498 452 528 1091 7113 806 2804 899 255 89501 4349 332 1037 8976 1676 379 1127 2550 11438 483 221 12186 165 514 494 3093
internal_value=-0.000115346 -0.000132967 -0.00237461 -0.00377574 -0.010424 -4.42247e-05 -0.00261302 -7.32202e-05 0.000150139 0.00174612 -0.000909954 -0.00048759 -0.00358336 -0.00565039 0.00057146 0.000118006 -0.000197345 0.00244707 -0.000652297 0.00537721 0.0114286 -0.00236998 0.00148924 0.00318614 0.00581717 0.00322698 -0.000384133 -0.000274106 0.0052737 0.00655511 -0.00210362 -0.00239189 -0.00534331 -0.00884146 -0.00557093 -0.0044345 -0.000232809 0.00351543 -0.000541216 0.000548402 0.0147668 0.000832778 0.00414534 0.00050905
internal_weight=177726 177478 6759 5671 849 170719 4822 170035 134209 23996 35826 32907 5376 2919 18014 27531 110213 7264 3526 3738 980 3028 14259 7146 3610 2758 102949 99769 5982 4681 10268 10013 1937 1968 4325 3677 25977 1967 24010 12572 386 1491 977 3536
internal_count=177726 177478 6759 5671 849 170719 4822 170035 134209 23996 35826 32907 5376 2919 18014 27531 110213 7264 3526 3738 980 3028 14259 7146 3610 2758 102949 99769 5982 4681 10268 10013 1937 1968 4325 3677 25977 1967 24010 12572 386 1491 977 3536
cat_boundaries=0 7 14 21 28 35 36 43 50 57 64 67 69 70 77 84 85 92 95 96 99 100 105 112 113 115
cat_threshold=168296448 0 1073743888 4 2151677960 16781312 16 537993216 8390656 8192 165184 554713092 2147745808 2112 262160 64 32768 16781312 2337 0 67108864 805306372 67109766 12582944 171980064 768 65537 134630433 2684357120 620759304 12582912 416 33690368 395292 16778272 384 1073762360 32784 134217984 1310784 524288 34 532480 96272 2168 0 2148974664 25167876 3221225514 8200 6324480 46416384 278532 151004168 553648128 2162689 67109184 264361 637804553 268960512 176 655361 270927888 65540 268437548 33026 4 2316 2 176 8192 64 0 1343488 0 1073741858 8200 2149614596 6492294 10485792 146809920 65682 160 138690560 384 536870912 516 0 167777536 768 65537 18433 65536 268435457 68 32 2147516610 268501120 4 66 0 0 0 2182365184 1048576 269751353 1056770 524320 33849408 9961634 2147483680 24585 33554432 65664 4194320
is_linear=0
shrinkage=0.05


Tree=122
num_leaves=45
num_cat=41
split_feature=2 8 0 2 0 2 9 0 0 2 2 2 2 3 0 0 2 2 2 0 0 2 2 0 2 2 0 2 0 1 0 0 3 2 2 3 8 0 0 0 2 3 2 2
split_gain=15.1804 13.0547 55.0736 41.1302 37.2166 28.5503 23.9324 86.7008 70.7635 69.2908 60.7434 46.2194 33.484 36.1551 82.0799 67.3818 52.0078 49.5529 45.8431 45.163 42.9904 32.8335 32.8297 32.0539 31.0958 30.1176 26.8229 25.7941 25.6068 24.1588 38.6959 37.8384 32.8385 24.0616 23.9989 23.0916 54.0474 50.3602 46.239 40.7618 41.841 40.3884 31.6283 27.0877
threshold=0 11.500000000000002 1 2 3 4 1.0000000180025095e-35 5 6 7 8 9 10 11 12 13 14 15 16 17 18 19 20 21 22 23 24 25 26 27 28 29 30 31 32 33 10.500000000000002 34 35 36 37 38 39 40
decision_type=9 2 9 9 9 9 2 9 9 9 9 9 9 9 9 9 9 9 9 9 9 9 9 9 9 9 9 9 9 9 9 9 9 9 9 9 2 9 9 9 9 9 9 9
left_child=-1 6 5 4 -4 -3 7 11 10 26 -8 -2 -10 14 24 18 19 23 -15 -17 -18 -11 -12 -16 -14 -13 27 -9 -19 31 33 32 -27 -31 -22 39 38 41 42 43 -41 -38 -37 -23
right_child=1 2 3 -5 -6 -7 8 9 12 21 22 25 13 15 17 16 20 28 -20 -21 34 35 -24 -25 -26 29 -28 -29 -30 30 -32 -33 -34 -35 -36 36 37 -39 -40 40 -42 -43 -44 -45
leaf_value=0.017232116235005836 0.0029904386908302496 0.0098622578695983631 -0.0015196563668139042 -0.0017221150734673702 0.010892166683195148 0.0018703666359935812 -0.0056060866732666886 0.0069176792215032926 0.0046049067746565921 0.0083896925083968409 0.0034157035062659883 -0.0099958889028556874 -0.0082094800617346867 -0.00080349619522793745 0.0082348172724132588 0.011756989142792957 -0.0058698743483328319 -0.005590942641928099 0.0075360937987451193 0.00082424142979131698 0.0017156258683949711 -0.0045856988669179203 -0.0010910299334979336 0.00095050561310400239 -0.0023381532309015075 -0.0015789764785465899 -0.010852800425813342 -0.006255785484843646 0.00037335690879834461 -0.0022627165515181459 -0.0018361965687619553 -0.0030955814789904168 0.0042773714798285071 -0.0088292716204437516 -0.0033265390589937911 0.019611506745977517 0.0018596222865783385 0.002364650223955489 -0.0017828822103221455 -0.0036122442342365504 0.00080468450846956643 0.031628440240241529 0.0010426820718675289 0.0062158004180752294
leaf_weight=248 1946 2730 725 7865 843 3535 4698 546 3143 701 1895 652 2571 2567 2146 2782 3658 2539 11346 5421 8028 567 21662 14479 3752 1895 1446 603 2089 1283 9836 8889 4394 3184 2460 972 404 1575 4969 6279 10285 878 1452 3788
leaf_count=248 1946 2730 725 7865 843 3535 4698 546 3143 701 1895 652 2571 2567 2146 2782 3658 2539 11346 5421 8028 567 21662 14479 3752 1895 1446 603 2089 1283 9836 8889 4394 3184 2460 972 404 1575 4969 6279 10285 878 1452 3788
internal_value=-0.000104093 -0.000121698 0.00125494 -0.00115959 0.00621039 0.00488446 -0.000255285 -0.000982808 0.000253056 0.000758521 -0.00184504 -0.002853 0.00113821 0.000889613 -0.000474879 0.00192711 0.00022586 0.0010135 0.00465776 0.00339097 -0.00161062 0.001399 -0.000808334 0.00228735 -0.00547134 -0.00333577 -0.00708253 -0.00133736 -0.00355757 -0.00309756 -0.00457277 -0.00170529 0.00126211 -0.00843199 1.90512e-05 0.00115623 0.00309942 0.00894295 0.000845394 0.000203068 -0.000929166 0.0162539 0.00649137 0.00450172
internal_weight=177726 177478 15698 9433 1568 6265 161780 66544 95236 34465 28255 32079 66981 63838 27576 36262 22349 21253 13913 8203 14146 31870 23557 16625 6323 30133 2595 1149 4628 29481 14303 15178 6289 4467 10488 31169 10250 2857 7393 20919 16564 1282 2424 4355
internal_count=177726 177478 15698 9433 1568 6265 161780 66544 95236 34465 28255 32079 66981 63838 27576 36262 22349 21253 13913 8203 14146 31870 23557 16625 6323 30133 2595 1149 4628 29481 14303 15178 6289 4467 10488 31169 10250 2857 7393 20919 16564 1282 2424 4355
cat_boundaries=0 7 9 16 18 25 27 29 36 43 50 57 58 60 62 69 76 83 85 87 94 101 103 110 117 119 124 126 129 131 133 134 140 147 148 150 152 154 161 162 169 176
cat_threshold=168296448 0 1073743888 4 2151677960 16781312 16 2290788514 71180316 1058832 34872 256 5120 17825792 4194306 67240008 572851968 180387840 1090781192 1050624 0 2148696320 26239236 2147483696 8452 1754573858 213548544 2148205196 40116252 2165315752 17915917 4235264 134217985 536877442 2097184 32 69888 62949540 138412288 134348808 8397184 2147483657 134875424 268472328 2202321040 146800640 8200 553680902 2153840673 131072 2164527145 671358988 4735552 150995088 8521856 1107560448 134217760 464 137363506 1049088 170918962 85463040 268435460 102793744 2130176 2193752321 555237376 2147483673 16804096 1074800656 2288 2130176 2181465152 768 2151743489 150593 8452 2147647616 2392096 48496641 537427968 2151677985 16777216 8396801 166464 67117313 163840 256 205521408 134217984 12582920 17039360 9 17564736 538984452 2147615490 270368 2101344 1742852 65586 1088 8388608 166912 1073750032 80 256 67240960 17826048 65568 67256385 2151940352 201326592 36 16777344 139808 264200 1024 2148074260 33849356 8 0 4235264 257 536875264 545300481 218158144 6717641 1216430084 67 1059842 68163584 1610646530 134241280 26 1610613812 0 0 1086720 8392704 2 537946112 1048640 134479904 1065032 8964 2 67108865 54 2818581 4456516 2147484612 4194321 131080 16809996 303121 2130096 0 50610240 1098244 2147549186 201326601 8 16 2080 0 33575936 0 0 67135489 536887300 48 32 17829888 8912896 16 18432
is_linear=0
shrinkage=0.05


Tree=123
num_leaves=45
num_cat=37
split_feature=5 2 0 2 3 0 2 0 2 2 2 0 2 0 0 2 0 3 0 4 0 5 2 2 3 8 2 0 2 0 0 2 3 0 10 0 9 0 0 2 8 0 2 0
split_gain=13.428 45.6549 47.9183 44.5303 33.7677 43.8825 44.1064 35.5742 50.6594 36.0732 34.6886 30.048 26.8579 44.9458 29.2089 40.4397 35.0706 27.5762 50.8392 26.0765 28.3656 22.8877 22.6566 20.7868 20.1497 20.0269 43.1081 27.8469 23.5198 21.9639 20.8531 23.6153 19.8952 73.7321 22.14 34.9748 25.4257 49.4036 41.0216 34.9354 24.8244 23.7011 21.7842 21.3226
threshold=160.50000000000003 0 1 2 3 4 5 6 7 8 9 10 11 12 13 14 15 16 17 3.5000000000000004 18 262.50000000000006 19 20 21 8.5000000000000018 22 23 24 25 26 27 28 29 17.500000000000004 30 1.0000000180025095e-35 31 32 33 11.500000000000002 34 35 36
decision_type=2 9 9 9 9 9 9 9 9 9 9 9 9 9 9 9 9 9 9 2 9 2 9 9 9 2 9 9 9 9 9 9 9 9 2 9 2 9 9 9 2 9 9 9
left_child=12 11 4 -4 7 6 -6 8 -3 -9 -7 -2 13 -1 15 16 24 18 -17 32 -21 -8 -11 -5 -14 30 29 -28 -29 -27 -24 -32 33 -16 36 -36 37 39 -38 40 -34 -40 43 -39
right_child=1 2 3 23 5 10 21 9 -10 22 -12 -13 14 -15 19 17 -18 -19 -20 20 -22 -23 25 -25 -26 26 27 28 -30 -31 31 -33 34 -35 35 -37 38 42 41 -41 -42 -43 -44 -45
leaf_value=0.0013359280467688751 -0.00043068032773824764 0.0025402402685451076 0.0038676472527633845 -0.0086822061009133537 0.0033964596408774697 -0.0026982872643487605 -0.0045670263277420636 0.016895073239127735 -0.0062402611219932519 -0.0026807517899874681 0.00013142856947434556 0.0063424766726204763 0.012315484975735702 -0.009765533032428126 0.0070084655550292979 0.0081212668713057101 -0.0026695254926131342 0.0021656556795736914 -0.0085562797563769732 -0.0019984258083919904 -0.012265227620110531 9.7059690197273676e-05 0.0099581566754864195 -3.0246405721501281e-05 0.00059509123675305364 -0.00069690708853283327 -0.00012959051891900942 -0.022285574532531351 -0.0021503123713991381 0.012012160329285449 0.016768451512826733 0.00074900999055279585 -0.011357760230654572 -0.0028574571445354304 -0.0016946670551386961 0.0018732140263852837 -0.0029965481359993554 0.0014792305018190594 0.0087653277881556742 -0.0024074444229952642 -0.0013259567345619339 0.00038141137235844227 -0.00057164937153399988 -0.0091567639714959185
leaf_weight=819 2844 2270 12821 486 3845 9740 2596 412 2894 793 3261 6290 539 1236 2691 530 8361 21499 913 1211 1023 3216 1634 13173 1789 846 773 339 341 797 222 2990 2116 2556 5664 11033 9583 366 1571 2483 482 13861 13793 1024
leaf_count=819 2844 2270 12821 486 3845 9740 2596 412 2894 793 3261 6290 539 1236 2691 530 8361 21499 913 1211 1023 3216 1634 13173 1789 846 773 339 341 797 222 2990 2116 2556 5664 11033 9583 366 1571 2483 482 13861 13793 1024
internal_value=-0.000118722 0.000404365 -7.16998e-05 0.00155153 -0.00123448 -0.00243515 0.000118961 0.000666853 -0.00264785 0.00253904 -0.00433095 0.00370735 -0.000479823 -0.00612591 -0.000366641 0.000842722 -0.00169642 0.00202597 -0.00464556 -0.000952251 -0.00626679 -0.00262796 0.00184677 -0.000435292 0.00372113 0.00265342 -0.000484496 -0.00673274 -0.014058 0.00505142 0.00466364 0.00229671 -0.000775776 0.00217805 -0.00102604 0.000530035 -0.00160008 -0.0029165 -0.00053368 -0.00717934 -0.0112347 0.00106204 -0.00148424 -0.00742857
internal_weight=177726 72583 63449 26480 36969 22658 9657 14311 5164 9147 13001 9134 105143 2055 103088 33631 10689 22942 1443 69457 2234 5812 8735 13659 2328 7942 3096 1453 680 1643 4846 3212 67223 5247 61976 16697 45279 20264 25015 5081 2598 15432 15183 1390
internal_count=177726 72583 63449 26480 36969 22658 9657 14311 5164 9147 13001 9134 105143 2055 103088 33631 10689 22942 1443 69457 2234 5812 8735 13659 2328 7942 3096 1453 680 1643 4846 3212 67223 5247 61976 16697 45279 20264 25015 5081 2598 15432 15183 1390
cat_boundaries=0 7 9 16 17 19 26 28 35 42 49 51 58 60 62 69 71 72 74 76 83 90 91 98 100 106 108 110 116 117 119 121 123 125 132 134 141 143
cat_threshold=184811521 4194313 1107560464 38846592 270696712 2166364160 24 1613178430 244752897 1081344 109095492 11042880 2155872352 184549408 1073807379 270337 36 394788 33726465 1075847184 209718066 138412288 262457 143675396 48 10240 2237988 33685505 65540 2316304960 2105604 2147615001 1075712 1073741856 134220801 2048 67108928 0 134480128 8192 0 134217984 2181136 75508288 134250496 2147877184 152051716 65569 83896385 2156300613 27396120 3222274053 9447514 2129920 4194561 142622752 1075841024 279808 1821443392 150628429 1075978266 127303688 553677824 16777504 8192 62528 790784 2147811344 655432 1075838978 67108864 8 2228240 131080 135302817 136339989 2147516436 169869824 2113540 10489889 2560 1077936136 67108864 128 537088256 0 67108864 73858 4194304 134414336 68 0 1048576 4227360 2164260936 9437216 32 24577 537198616 9437184 537985024 0 0 131072 0 2 1073741840 142639616 65538 135299584 269484032 0 0 8 1048578 16 136 2885715237 4195409 638060704 134750784 1049632 531521 2282750725 4202517 16392 0 0 2148532224 285212928 18 9 2048 526336 262688 32768 0 1310848 34820 262145 67635200 2257059840 134218256
is_linear=0
shrinkage=0.05


Tree=124
num_leaves=45
num_cat=31
split_feature=4 0 1 0 5 1 0 5 0 10 0 1 10 1 1 0 3 0 0 5 8 0 3 0 1 4 0 1 1 0 3 0 1 8 0 0 10 10 5 1 0 5 3 0
split_gain=13.2553 42.1376 15.763 22.0655 14.4608 15.3414 14.1033 13.8972 12.9451 12.9339 25.8403 29.2822 26.5141 22.9153 19.088 25.8303 17.6419 16.7842 15.303 15.2132 20.4053 39.9383 18.5291 20.4055 18.3141 16.2078 15.1288 25.9588 20.7351 32.3341 20.1132 28.1324 18.1522 17.677 15.3937 15.3089 16.7221 16.6369 15.1526 15.1079 14.9536 16.4004 14.6023 16.1929
threshold=3.5000000000000004 0 1 2 45.500000000000007 3 4 1698.0000000000002 5 9.5000000000000018 6 7 5.5000000000000009 8 9 10 11 12 13 29.500000000000004 1.5000000000000002 14 15 16 17 2.5000000000000004 18 19 20 21 22 23 24 9.5000000000000018 25 26 22.500000000000004 20.500000000000004 23.500000000000004 27 28 1105.5000000000002 29 30
decision_type=2 9 9 9 2 9 9 2 9 2 9 9 2 9 9 9 9 9 9 2 2 9 9 9 9 2 9 9 9 9 9 9 9 2 9 9 2 2 2 9 9 2 9 9
left_child=7 4 6 -4 -2 -6 -3 9 -9 10 11 16 14 -14 18 -16 -1 -18 -12 -13 21 25 23 -22 -25 -21 27 -11 29 33 31 32 -31 42 38 36 37 -32 -35 -24 41 -41 -28 -44
right_child=1 2 3 -5 5 -7 -8 8 -10 26 12 19 13 -15 15 -17 17 -19 -20 20 22 -23 39 24 -26 -27 28 -29 -30 30 35 -33 -34 34 -36 -37 -38 -39 -40 40 -42 -43 43 -45
leaf_value=0.011247774130981126 -0.009604944110279956 -0.0033841159227369411 -0.0081976773211923284 0.005062898182790882 -0.001310860027894184 0.0086945261260486083 -0.010855723890763691 0.018305325229758963 0.0024294294304377352 -0.00070272874271074546 0.0019194326863007261 -0.0077199281594162259 0.0021860736282094508 -0.00092457040245300668 0.0094619119702771051 -0.0034100384738357092 -0.0069498791163428945 0.0010385907945336225 0.010743875572567755 -0.011941053891417898 0.0025569986345692522 -0.0011615805214239218 0.0050657367497164265 -0.013670919009684191 -0.0061290301305012345 -0.0055446609847676831 0.0071755641794078841 0.00099733792441162325 -0.00033540907309086154 0.011730823992256313 0.010983221713021175 0.00031891438949466222 -0.0084383517250625102 -0.010667278024851163 -0.0042203724177860948 3.462770040360275e-05 0.070397912999980924 -0.004527529719466461 0.013641559860643488 0.0019889611076116891 -0.0036083019269349485 -0.0023090555081000555 0.0063121865098053178 -0.0056149052311287645
leaf_weight=570 378 1263 582 864 726 1511 1441 209 476 10475 962 1891 1070 15753 233 890 1193 4578 1442 224 703 515 756 643 2215 88 1748 34407 77784 119 755 2444 997 44 648 1406 51 111 200 2114 2355 51 484 357
leaf_count=570 378 1263 582 864 726 1511 1441 209 476 10475 962 1891 1070 15753 233 890 1193 4578 1442 224 703 515 756 643 2215 88 1748 34407 77784 119 755 2444 997 44 648 1406 51 111 200 2114 2355 51 484 357
internal_value=-0.000113095 -0.00228381 -0.00540865 -0.00116758 0.00268571 0.00422441 -0.00766396 -2.71992e-05 0.00708029 -5.57918e-05 -0.00086545 -0.00225064 0.000353635 -0.000472567 0.00429544 -0.00110327 0.000480239 -0.00035461 0.0067937 -0.00374838 -0.00294909 -0.0104595 -0.00224624 -0.0050266 -0.00690377 -0.0242236 0.000178747 0.000924441 -0.000205374 0.00201622 -0.000246055 -0.00260504 -0.00914742 0.00582928 -0.000224215 0.00336477 0.0083603 0.00681293 0.0102362 -0.00035944 -0.00145695 0.00154023 0.00793743 0.00240893
internal_weight=177726 6765 4150 1446 2615 2237 2704 170961 685 170276 38246 17896 20350 16823 3527 1123 6341 5771 2404 11555 9664 827 8837 3561 2858 312 132030 44882 87148 9364 5883 3560 1116 3481 892 2323 917 866 244 5276 4520 2165 2589 841
internal_count=177726 6765 4150 1446 2615 2237 2704 170961 685 170276 38246 17896 20350 16823 3527 1123 6341 5771 2404 11555 9664 827 8837 3561 2858 312 132030 44882 87148 9364 5883 3560 1116 3481 892 2323 917 866 244 5276 4520 2165 2589 841
cat_boundaries=0 2 5 7 10 12 14 16 19 22 25 27 28 30 32 34 35 37 40 42 45 48 50 51 53 55 57 59 62 64 65 66
cat_threshold=1084601 120889876 2725511427 1084227584 64 3332973120 134218760 6291715 4 4 4003602944 12582920 1208000536 8781904 1813292045 89681985 373307936 205611244 89 262145 469770371 18 41058624 12615700 7 2149581440 2228232 202 134218760 71303168 2156527872 44433412 1073742849 532481 328 134218760 524353 1081794 1075838976 2 1149501760 89706569 3357939853 1141067861 49 1286621572 409684 16 2318991382 134219776 268 11777 132100 256 68 36241408 134217728 537001984 8520708 2149581056 272 4 1209271304 21499904 28 168296468
is_linear=0
shrinkage=0.05


Tree=125
num_leaves=45
num_cat=39
split_feature=6 0 2 2 0 0 2 2 2 0 0 2 2 0 1 0 2 2 0 2 0 8 0 2 2 0 2 2 5 0 6 0 1 1 0 0 9 0 0 2 2 2 0 2
split_gain=13.7006 25.7488 50.2758 47.7791 38.2096 30.8353 30.129 27.2945 23.2878 20.4872 20.1289 17.9354 17.1714 38.5415 16.5531 16.2443 36.7178 22.4288 19.5787 18.5284 32.0061 15.9166 15.5268 21.3026 19.081 15.4773 15.2831 15.2653 22.2442 16.3631 14.7269 14.688 22.3842 15.9617 15.163 14.6449 14.4476 46.0821 43.5984 38.2516 30.1419 24.9661 24.3243 21.6711
threshold=3.5000000000000004 0 1 2 3 4 5 6 7 8 9 10 11 12 13 14 15 16 17 18 19 11.500000000000002 20 21 22 23 24 25 1.0000000180025095e-35 26 5.5000000000000009 27 28 29 30 31 1.0000000180025095e-35 32 33 34 35 36 37 38
decision_type=2 9 9 9 9 9 9 9 9 9 9 9 9 9 9 9 9 9 9 9 9 2 9 9 9 9 9 9 2 9 2 9 9 9 9 9 2 9 9 9 9 9 9 9
left_child=8 3 4 5 11 14 -5 10 9 -1 -4 -3 13 -10 -2 16 18 22 -14 20 -17 -19 23 -18 -24 -23 -12 28 -9 -30 -8 32 -32 34 -33 -29 37 41 39 -38 42 -21 -39 -40
right_child=1 2 7 6 -6 -7 30 27 12 -11 26 -13 15 -15 -16 19 17 21 -20 36 -22 25 24 -25 -26 -27 -28 35 29 -31 31 33 -34 -35 -36 -37 38 40 43 -41 -42 -43 -44 -45
leaf_value=0.0011227233865411385 0.004455100175983928 -0.0048001856633686953 -0.006109475280069227 0.0044072132047165537 0.0066215479974802149 -0.0068844831664019723 0.001200237855537198 0.02301053958903523 -0.0033953057251480791 -0.0089573899411680372 6.6066152727994884e-05 0.00066397737711500486 0.014498926854385242 0.0095951043414793449 -0.0047557939295413193 0.0020245230905336087 0.0069915301921624658 -0.0019454278798957559 0.0030124841612897192 -0.0029739010616699093 -0.0051026572481898515 -0.0026544505617580594 -0.014659167400639335 -0.010197857844007946 -0.0042439188477207844 0.005561423382678266 -0.0058011524103111396 -0.00074799161840533035 0.00019774809082476752 -0.001563192485033621 -0.0025672226704765546 0.0033192737949144127 0.004164904045705492 -0.0027107739235160328 -0.0019000258313712354 0.0018599369840629045 -0.0024422662847580325 -0.0042456977911053406 -0.00085820010272161804 0.0025266791379836453 -0.0028942189801073829 0.0032254977880356531 0.0044715941179745422 0.0038933029994510371
leaf_weight=236 952 686 869 2625 1857 1612 17953 53 551 591 1491 378 356 680 356 1564 531 21261 1803 2482 2744 510 456 768 617 1213 895 4139 9832 13056 1290 432 1970 3140 646 6575 14339 886 3643 5726 17499 10370 1804 16289
leaf_count=236 952 686 869 2625 1857 1612 17953 53 551 591 1491 378 356 680 356 1564 531 21261 1803 2482 2744 510 456 768 617 1213 895 4139 9832 13056 1290 432 1970 3140 646 6575 14339 886 3643 5726 17499 10370 1804 16289
internal_value=-0.000116471 0.000422981 -0.000417911 0.0015039 0.00588536 -0.00457338 0.00213782 -0.000918202 -0.000473723 -0.00878136 -0.00528331 -0.00167598 -0.000408098 0.00543916 0.00113809 -0.000477253 -0.00152044 -0.00205393 0.00472568 -0.000106003 -0.00328856 -0.00157432 -0.00667506 -0.00294118 -0.0111265 0.00304701 -0.0028798 -0.000494579 -0.00122217 -0.00129762 0.00160961 -0.000254079 0.002263 -0.00219962 0.00303309 0.00106304 8.21378e-05 -0.000691565 0.000721304 -0.000924035 -0.0021808 0.00164827 0.00274074 0.00237689
internal_weight=177726 70807 39831 30976 2921 2920 28056 36910 106919 827 3255 1064 106092 1231 1308 104861 27515 25356 2159 77346 4308 22984 2372 1299 1073 1723 2386 33655 22941 22888 25431 7478 3260 4218 1078 10714 73038 33041 39997 20065 20189 12852 2690 19932
internal_count=177726 70807 39831 30976 2921 2920 28056 36910 106919 827 3255 1064 106092 1231 1308 104861 27515 25356 2159 77346 4308 22984 2372 1299 1073 1723 2386 33655 22941 22888 25431 7478 3260 4218 1078 10714 73038 33041 39997 20065 20189 12852 2690 19932
cat_boundaries=0 2 9 16 18 20 27 34 41 43 45 51 58 60 63 65 72 79 81 88 90 92 98 105 107 114 121 123 125 128 131 133 135 137 139 146 153 160 162 169
cat_threshold=3289025920 130595916 839684 620890504 16384 4202512 302782720 262177 32 18120740 5245572 4 4202520 939524512 1078198273 83886112 41943560 136593409 67633536 25703496 10241 220242000 146841856 153092256 8423428 2050 134348864 8192 46178309 140509188 153354401 159416340 2147485696 17302528 2097409 86183936 8388608 268435456 67438592 67108864 4456452 2148567619 146804816 8388625 1310736 278532 0 0 0 268435712 262144 34079840 38027269 2181316672 17 2147614720 2101249 16 42372890 189138004 538968322 2293792 64 1141509121 21506572 537133072 648 6291492 23077952 939556864 1073807360 67239968 1074892928 2281703424 134226178 202375424 8401058 33556522 16384 0 17301504 2684622864 8388744 6292000 14689408 973094913 65664 33685504 33882888 246693889 67240961 4721152 0 134219776 0 1048832 0 32 0 2147485696 0 1048832 0 32 16384 1140851712 16777216 8192 12615684 136314880 2097312 150994948 0 16777216 1342244864 2150629408 33056 2181058880 1073152 1073741834 10505 1310739 2376208 67666944 17348676 5742593 2097152 3 5570563 65548 3 1073873152 67108864 1319011 147984 99292 134610960 2147845020 42205265 268460040 1090096 134225920 2147663944 16818944 32 67127553 269533184 32800 134217728 72 25210884 2147483682 150996224 17891848 1089536 40960 100925760 8945700 2147745794 134218752 3145762 36700161 1074814980 2281734482 4 134222144 1085444 1077936168 67635456
is_linear=0
shrinkage=0.05


Tree=126
num_leaves=45
num_cat=36
split_feature=2 6 6 2 0 0 2 0 2 2 2 2 10 0 2 2 0 2 0 2 0 0 2 2 0 2 0 0 2 3 3 0 0 8 0 8 8 3 0 8 10 0 2 2
split_gain=13.3702 12.496 25.9758 46.1974 41.4815 30.1301 29.2015 26.463 33.1502 28.2447 24.9734 21.0881 19.7255 30.4079 32.3582 31.4998 30.1319 25.9469 23.5245 22.5332 26.2215 19.8874 30.9693 24.472 22.0134 20.1963 26.1992 18.965 35.7348 29.781 22.1691 28.5655 21.6451 21.7154 22.236 19.7919 18.8724 38.6329 38.0497 27.0361 18.681 24.4422 18.4945 18.3474
threshold=0 3.5000000000000004 4.5000000000000009 1 2 3 4 5 6 7 8 9 10.500000000000002 10 11 12 13 14 15 16 17 18 19 20 21 22 23 24 25 26 27 28 29 1.5000000000000002 30 7.5000000000000009 7.5000000000000009 31 32 11.500000000000002 5.5000000000000009 33 34 35
decision_type=9 2 2 9 9 9 9 9 9 9 9 9 2 9 9 9 9 9 9 9 9 9 9 9 9 9 9 9 9 9 9 9 9 2 9 2 2 9 9 2 2 9 9 9
left_child=-1 12 3 5 6 -3 -5 8 -4 -9 -10 -6 13 14 -2 16 -15 18 -14 20 -17 23 24 -19 -23 26 -24 28 35 -30 32 -32 43 34 -34 -27 -13 38 -38 -39 41 -21 -43 -29
right_child=1 2 7 4 11 -7 -8 9 10 -11 -12 36 17 15 -16 19 -18 21 -20 40 -22 22 25 -25 -26 27 -28 30 29 -31 31 -33 33 -35 -36 -37 37 39 -40 -41 -42 42 -44 -45
leaf_value=0.017679264349569745 -0.011302411000346886 0.021503963464032629 0.0033653543836941638 0.004587976765655255 -0.0038353260944620216 0.0032614790600825894 -0.0002168044492596666 0.0013580010176467263 -0.0051623630828366686 -0.0015271228094499323 0.00030341575287603508 0.0011547881077357159 -0.0072188020579107004 0.0087358729573027046 -0.0015550169747186315 -0.013561014368569879 -0.00076353380134090991 0.002550068200460576 -0.00038063254842855002 -0.0048078813495418208 -0.0027934819654132693 0.010582916775608187 -0.0049491124897391913 -0.0010538929404991294 0.0019553454210972129 0.0049495807234773599 0.00033043881988601423 -0.0020230319633071539 0.02074432041480544 -0.0076292898402919029 -0.0035838807933747776 0.00083167629441471824 -0.0052684395410624203 -0.00064879783668926334 0.020826610646296803 0.016590066904409284 0.00087043151418023101 3.5079491143236162e-05 -0.0068883407228394755 0.015958726597280783 -0.001637883896892406 -0.0023360985735000673 0.011920052026397411 0.0067078354577632116
leaf_weight=212 2478 333 1907 7773 1259 664 3254 2451 856 21208 18555 6929 1031 1700 4816 493 1925 3487 1281 385 1083 1603 2210 31546 2109 1130 3170 1023 122 834 4781 6550 214 6815 400 926 1180 2072 1851 443 17976 427 1139 5125
leaf_count=212 2478 333 1907 7773 1259 664 3254 2451 856 21208 18555 6929 1031 1700 4816 493 1925 3487 1281 385 1083 1603 2210 31546 2109 1130 3170 1023 122 834 4781 6550 214 6815 400 926 1180 2072 1851 443 17976 427 1139 5125
internal_value=-0.000100717 -0.000116041 0.000399378 0.0016655 0.00123733 0.0121648 0.00351998 -0.000325722 0.0009518 -0.00147661 0.000332115 -0.000596624 -0.000457487 -0.00148664 -0.0043264 -0.000660355 0.00364512 -8.74161e-06 -0.00521102 -0.00138753 -0.00712484 0.000158906 0.000966993 -0.000694861 0.00529285 0.000483338 -0.00231911 0.00102399 0.00476506 -0.00320911 0.000569869 -0.00106252 0.00193199 0.000114263 0.00912052 0.00847047 2.80336e-05 -0.00214569 -0.00593555 0.00243564 -0.000930431 0.00371604 0.00647208 0.00412472
internal_weight=177726 177514 70735 25758 24761 997 11027 44977 21318 23659 19411 13734 106779 32422 7294 25128 3625 74357 2312 21503 1576 72045 37012 35033 3712 33300 5380 27920 3012 956 24908 11331 13577 7429 614 2056 12475 5546 3031 2515 19927 1951 1566 6148
internal_count=177726 177514 70735 25758 24761 997 11027 44977 21318 23659 19411 13734 106779 32422 7294 25128 3625 74357 2312 21503 1576 72045 37012 35033 3712 33300 5380 27920 3012 956 24908 11331 13577 7429 614 2056 12475 5546 3031 2515 19927 1951 1566 6148
cat_boundaries=0 7 13 15 17 24 26 33 40 47 54 56 63 70 72 79 81 88 90 92 99 106 108 115 117 119 126 127 128 130 132 134 135 137 139 146 153
cat_threshold=168296448 0 1073741840 4 2151677952 16781312 16 260 222298122 8405248 96469000 268712192 1 2248838928 74069005 1075939636 25953860 538263576 32864 4235264 2182397952 697827332 3221225474 8257 3960997091 130066524 59393 201359632 134217984 4202496 25190400 4458496 132160 17039368 92285762 40992 8389904 1051140 67617 134236416 256 4194338 32768 25428104 939524224 65537 150995200 269533224 33554944 32 262145 697335808 3221225472 1024 606110723 71442440 1611685908 8482 256 151873 9453572 2151743506 67133440 1611677696 549462656 138936576 201326865 813697058 2147549184 26664 2316372788 143918145 299392 2768376456 8921090 142606336 335824929 32 38010912 143532327 20856845 2147490049 2130246 8224 18874504 151265940 38012928 134217792 168110400 61341760 3322547640 59518484 2432697888 48498688 0 16793769 25166336 2361345 525312 2685406212 33062 140771364 2105424 134361220 39845904 134217728 674497024 136318977 538003460 32790 136577060 6295568 536836 4259840 150995272 545300485 4358216 10485760 131136 16 8288 0 2148664640 1048576 18 24577 16 420 538189826 202379264 537141250 202424320 135266817 2101248 92 144769060 168854080 3221487876 11534336 8216 1048576 0 33856 256 16 1024 16 135266400 256 1049856 1048576 1073741842 10240
is_linear=0
shrinkage=0.05


Tree=127
num_leaves=45
num_cat=27
split_feature=5 0 8 10 5 0 0 3 0 5 0 0 3 0 8 6 8 8 0 0 8 0 8 0 0 3 3 0 0 8 0 0 6 0 3 0 0 5 5 5 8 0 0 3
split_gain=12.9988 38.624 21.3449 27.5247 17.0821 30.2312 20.9619 17.0695 15.734 15.7184 18.1116 13.6553 14.7256 33.8412 11.9432 11.8481 29.8753 32.5949 17.5864 16.7809 11.331 51.0389 31.9377 100.925 46.6347 27.1942 23.2845 65.7227 47.6264 37.5162 61.8861 46.8855 26.8789 19.1971 18.9804 89.4577 31.674 18.617 18.9886 28.1176 17.7284 47.0716 39.0446 22.6061
threshold=19.500000000000004 0 1.5000000000000002 19.500000000000004 12.500000000000002 1 2 3 4 9.5000000000000018 5 6 7 8 2.5000000000000004 2.5000000000000004 9.5000000000000018 11.500000000000002 9 10 3.5000000000000004 11 5.5000000000000009 12 13 14 15 16 17 7.5000000000000009 18 19 5.5000000000000009 20 21 22 23 98.500000000000014 410.50000000000006 360.50000000000006 2.5000000000000004 24 25 26
decision_type=2 9 2 2 2 9 9 9 9 2 9 9 9 9 2 2 2 2 9 9 2 9 2 9 9 9 9 9 9 2 9 9 2 9 9 9 9 2 2 2 2 9 9 9
left_child=1 2 3 8 6 7 -4 -6 -1 10 -3 12 -11 -14 -7 16 18 -18 -12 -17 21 25 23 -22 26 -2 27 -24 -28 30 32 -31 37 -34 35 -33 -36 -29 39 -39 42 -42 -23 -43
right_child=20 9 4 -5 5 14 -8 -9 -10 11 15 -13 13 -15 -16 19 17 -19 -20 -21 22 40 24 -25 -26 -27 28 29 -30 31 -32 34 33 -35 36 -37 -38 38 -40 -41 41 43 -44 -45
leaf_value=-0.0045161390878566852 0.0077823202360599031 0.0035358397269031117 0.0048917998612263425 0.042193184977179776 0.012338868100623557 -0.015961519063822604 -0.00050039695395979187 0.0012526600901845931 0.0062977101312563961 -0.010820359664878189 -0.010452678397969484 -0.002880793208981239 0.015647399717155737 -0.0047723101072384136 -0.002816355172674645 0.0032414000748821948 -0.016446893094156791 0.010788909568322637 0.0059078764237553427 -0.0019169238854939597 0.0066033895584774356 -0.00060757447863264431 0.004352186572681882 -0.00063066819307198161 0.00069921292528868785 -0.0030355166618910691 -0.0041050057109586757 0.0081381771020680067 0.00045006568269550243 -0.0071568888889743778 -0.0049686203963576264 -0.0096487668421058829 -0.010614341973243659 0.0093432286496283826 0.0019238700792288844 0.0076241247095870769 -0.0049978274878600959 0.0020330377092520726 0.016279915235288645 -0.0010014152941237864 -0.0066249133937158373 -0.0050619052959474942 0.0041509951715432538 0.0028786259832921826
leaf_weight=241 858 1426 2108 120 246 204 2443 899 453 1641 259 3822 310 629 3007 854 306 67 471 674 9031 6842 2403 13265 51772 12494 6454 878 26230 3541 2541 584 198 140 1185 1366 4027 559 182 193 1955 980 6568 3300
leaf_count=241 858 1426 2108 120 246 204 2443 899 453 1641 259 3822 310 629 3007 854 306 67 471 674 9031 6842 2403 13265 51772 12494 6454 878 26230 3541 2541 584 198 140 1185 1366 4027 559 182 193 1955 980 6568 3300
internal_value=-0.00010353 -0.00129832 0.000971123 0.00872236 0.000263837 -0.00197429 0.00240606 0.00497835 0.00489914 -0.00340529 -0.000973626 -0.00495158 -0.00776062 -0.00268704 -0.00445514 -0.00342673 -0.00738894 -0.0189008 -0.00150685 -0.000589005 4.95093e-05 -0.000774313 0.000267766 0.00198242 -0.000106109 -0.00315821 -0.00118734 -0.00264222 -0.000394568 -0.00384316 -0.000117246 -0.00547977 0.00611111 -0.00680473 -0.0031372 0.00107143 -0.00471084 0.00855408 0.00364026 0.000132979 0.000847113 -0.00135525 0.00187174 0.00158508
internal_weight=177726 20180 9721 814 8907 4356 4551 1145 694 10459 4057 6402 2580 939 3211 2631 1103 373 730 1528 157546 32997 124549 22296 102253 13352 50481 17797 32684 15394 4691 10703 2150 338 7162 1950 5212 1812 934 752 19645 6235 13410 4280
internal_count=177726 20180 9721 814 8907 4356 4551 1145 694 10459 4057 6402 2580 939 3211 2631 1103 373 730 1528 157546 32997 124549 22296 102253 13352 50481 17797 32684 15394 4691 10703 2150 338 7162 1950 5212 1812 934 752 19645 6235 13410 4280
cat_boundaries=0 2 4 6 7 9 11 13 14 16 18 20 22 24 26 27 28 30 32 34 36 37 38 40 42 44 46 47
cat_threshold=2215281278 116449292 33282 49283072 524336 78700548 70 688172 76562432 680791041 17304592 142683265 658496 292 8388608 656448 1109393408 134352896 33554432 134352897 1151118338 70940164 3225200474 69240904 2687410974 148940824 66 24 2147483904 2097160 2147484416 2129928 539623940 8421376 537657858 8429568 536870912 8 40968 134217728 40968 134217728 671154336 4456456 35782993 176422993 450
is_linear=0
shrinkage=0.05


Tree=128
num_leaves=45
num_cat=34
split_feature=4 0 1 0 0 5 5 5 1 3 10 0 1 1 0 3 8 0 0 0 3 0 0 1 1 1 0 0 1 8 8 1 8 0 8 0 0 3 3 0 1 1 1 3
split_gain=12.9899 38.701 16.0258 15.7194 15.2073 13.2494 11.7109 11.1076 12.6618 12.6371 10.9214 25.3338 26.485 21.4244 27.061 19.929 19.8998 29.9055 18.5858 18.1618 18.1087 64.3768 38.3453 47.8314 37.5827 26.5679 25.7086 25.2169 32.8623 20.3905 34.4113 20.8415 17.303 50.8656 17.6932 43.2265 33.3197 20.005 19.9972 19.5235 16.5373 16.0704 15.8052 15.6549
threshold=3.5000000000000004 0 1 2 3 1698.0000000000002 58.500000000000007 45.500000000000007 4 5 10.500000000000002 6 7 8 9 10 10.500000000000002 11 12 13 14 15 16 17 18 19 20 21 22 11.500000000000002 7.5000000000000009 23 1.5000000000000002 24 10.500000000000002 25 26 27 28 29 30 31 32 33
decision_type=2 9 9 9 9 2 2 2 9 9 2 9 9 9 9 9 2 9 9 9 9 9 9 9 9 9 9 9 9 2 2 9 2 9 2 9 9 9 9 9 9 9 9 9
left_child=5 7 4 -4 -3 10 -5 -2 -9 -10 11 12 -1 14 16 18 -13 -18 40 -12 21 25 23 -22 26 -21 -24 42 -29 30 -27 -32 33 -15 36 38 37 -34 39 -36 -16 -39 -23 -38
right_child=1 2 3 6 -6 -7 -8 8 9 -11 19 13 -14 32 15 -17 17 -19 -20 20 22 27 24 -25 -26 29 -28 28 -30 -31 31 -33 34 -35 35 -37 43 41 -40 -41 -42 -43 -44 -45
leaf_value=0.0032549265245203577 -0.010065160742102425 -0.0030340384799450674 0.0030503814752321336 -0.015084109734873792 -0.011309867504666461 0.008494261350660115 -0.0034597708727889032 -0.00023864990454216251 0.013340142628546492 0.0050153043191137892 -0.00023835842199161351 -0.0012402826563536141 -0.00031695100258138931 -0.010845069459849366 0.0057541167589474362 0.0021263238028593093 -0.010443186425140642 -0.0040042747320065408 0.0031305734898081808 0.015182910206225803 -0.0026086253948238271 -0.0038802822445766134 -0.004373998351972763 0.0033911793367361388 -0.0011627615886646099 0.0065542609469036233 0.0042093964129928611 0.0051793263234801937 1.7282710698185433e-05 0.023302448127872178 -0.017253513004451312 -0.00019687892969454392 -0.012183737507231894 -0.00068790892721325993 0.0048712463693982196 -0.0072493255351516895 -0.013665487304072327 0.0010205846323123825 0.0091174870470840611 -0.013031162990610702 -0.0082206184974387871 -0.0036881860167290005 0.0014617294047358843 0.0016363111518081508
leaf_weight=5486 300 1241 1063 142 1564 685 581 707 528 639 63818 4578 9819 479 301 7978 357 777 1218 2086 2285 3686 1007 9414 16694 1599 3186 4163 8929 212 234 1072 1502 992 325 2020 320 2019 727 379 1390 2406 1784 7034
leaf_count=5486 300 1241 1063 142 1564 685 581 707 528 639 63818 4578 9819 479 301 7978 357 777 1218 2086 2285 3686 1007 9414 16694 1599 3186 4163 8929 212 234 1072 1502 992 325 2020 320 2019 727 379 1390 2406 1784 7034
internal_value=-9.05889e-05 -0.00223947 -0.00483591 -0.00111359 -0.00719361 -5.55682e-06 -0.00675307 0.00325092 0.00469584 0.00785896 -3.34751e-05 -0.000653601 0.00104146 -0.00139894 -9.93437e-05 0.00136276 -0.00288361 -0.00881834 -0.0021754 0.0002251 0.000879154 0.0019285 0.000113511 0.00240413 -0.00117002 0.00683867 0.00305734 0.000549214 0.00174019 0.00388551 0.00280551 -0.00321593 -0.00258332 -0.00778382 -0.00212766 -0.0053173 -0.00129885 -0.00408455 0.00135323 -0.00462185 -0.00555556 -0.0023788 -0.00229927 0.00095057
internal_weight=177726 6765 4591 1786 2805 170961 723 2174 1874 1167 170276 50107 15305 34802 16599 10887 5712 1134 2909 120169 56351 23765 32586 11699 20887 5203 4193 18562 13092 3117 2905 1306 18203 1471 16732 3451 13281 5927 1431 704 1691 4425 5470 7354
internal_count=177726 6765 4591 1786 2805 170961 723 2174 1874 1167 170276 50107 15305 34802 16599 10887 5712 1134 2909 120169 56351 23765 32586 11699 20887 5203 4193 18562 13092 3117 2905 1306 18203 1471 16732 3451 13281 5927 1431 704 1691 4425 5470 7354
cat_boundaries=0 2 5 7 9 12 13 15 18 21 23 24 26 28 30 31 33 35 38 41 43 45 47 50 51 53 55 57 58 59 61 63 65 68 69
cat_threshold=1051832 104112660 2993947010 1084293120 64 2818965511 30033985 3466764864 20971520 543162627 260 69 276 2192247000 168035328 2150895816 411049987 87 2789286182 205521151 75 201327136 71354433 262 0 34880 537174276 26738708 2728078525 168166917 38 2 84963328 67371776 2623576 1887832345 406851687 65 608315497 2191362 97 2419163776 1218445568 134217794 5242880 67109120 2623512 2719224135 1208090642 3 536870977 1209009153 663616 604283941 17302029 605331462 19014156 256 156 1061 13 536879110 100 3440640 8421632 2183495873 1153433732 7 192
is_linear=0
shrinkage=0.05


Tree=129
num_leaves=45
num_cat=38
split_feature=2 8 0 2 0 2 2 0 0 5 2 8 0 3 0 0 2 2 3 0 1 2 2 2 2 8 0 0 2 2 2 1 0 2 0 2 8 8 0 2 0 2 2 2
split_gain=12.8927 12.5459 52.9662 34.2596 38.6648 27.6534 25.3443 24.1538 23.463 22.1873 20.0189 19.2596 58.6456 61.7837 111.319 48.9702 44.1897 39.9183 39.9177 50.1026 39.8638 36.8065 36.7803 36.2805 35.5856 43.6139 41.0535 33.6337 51.4655 42.7451 31.1897 30.627 28.9024 27.3708 27.0434 36.3181 27.7355 26.0062 37.5915 36.1919 27.6854 32.0294 31.9761 24.4772
threshold=0 11.500000000000002 1 2 3 4 5 6 7 4.5000000000000009 8 7.5000000000000009 9 10 11 12 13 14 15 16 17 18 19 20 21 10.500000000000002 22 23 24 25 26 27 28 29 30 31 10.500000000000002 4.5000000000000009 32 33 34 35 36 37
decision_type=9 2 9 9 9 9 9 9 9 2 9 2 9 9 9 9 9 9 9 9 9 9 9 9 9 2 9 9 9 9 9 9 9 9 9 9 2 2 9 9 9 9 9 9
left_child=-1 11 3 4 6 8 -3 9 -4 -5 -9 15 21 14 20 17 -15 32 19 31 -14 -13 -21 -20 25 -16 -27 29 -29 -18 -30 -17 -2 -23 35 36 -31 38 -19 -40 42 -42 -39 -41
right_child=1 2 5 7 -6 -7 -8 10 -10 -11 -12 12 13 16 24 18 27 37 23 22 -22 33 -24 -25 -26 26 -28 28 30 34 -32 -33 -34 -35 -36 -37 -38 40 39 43 41 -43 -44 -45
leaf_value=0.011422845740358234 -0.0013537174300162437 0.015591767224721576 0.011413252183167799 -0.0081924948284241156 -0.0083348808419858086 0.0058130285562361245 -0.0099812680723755376 0.010042684451402863 -0.0077880826894583845 -0.0031848912045833624 0.00050579448552095509 0.0071715204621576991 -0.0013894241589894165 -0.0057510029389688634 -0.0036107604881803982 0.0013718149894831055 -0.0049017489309311274 -0.0002725958782761051 0.0067172053677107659 0.0050043262964490553 0.024509102836969145 -0.0039111377170881955 -0.0026531008401187162 0.0011940281832074186 -0.0079873212117778369 -0.0027755896079984413 0.032770975890336861 -0.0078672014456608215 0.0097742520158299664 0.011811215042669033 -6.3947428807498152e-05 -0.01335202714813725 0.0057164229757017126 0.00089611581312802342 -0.001724747942541194 0.00041869964873045284 -0.0012956338628497426 0.0049942326457951382 -0.01107758324425342 0.0038407081420421263 0.0020849653795293188 -0.0021714741696096051 -0.0039450562205514145 -0.0042974345749525076
leaf_weight=265 1647 290 363 45 1476 6934 209 399 706 1967 3309 1933 415 3375 1376 760 12310 8013 2254 2678 1543 2142 3072 43989 1564 300 415 2095 835 409 14652 2554 2802 17731 3180 1724 142 4545 983 967 3274 8574 1020 8490
leaf_count=265 1647 290 363 45 1476 6934 209 399 706 1967 3309 1933 415 3375 1376 760 12310 8013 2254 2678 1543 2142 3072 43989 1564 300 415 2095 835 409 14652 2554 2802 17731 3180 1724 142 4545 983 967 3274 8574 1020 8490
internal_value=-9.05889e-05 -0.000107341 0.0012422 -0.00171966 -0.00738035 0.00408711 0.0046169 0.000244328 -0.00338276 -0.0041543 0.00263583 -0.000238312 -0.000894302 -0.00193821 0.00296105 0.000215432 -0.00264897 -0.00110973 0.00118137 -0.00185144 0.0125508 0.00122846 0.000972222 0.0017761 -0.00219645 0.00207044 0.0120979 -0.00212546 -0.000574125 -0.00365963 0.000422662 -0.00673887 0.00335277 0.000585928 2.74474e-05 0.00417943 0.0152406 -0.00166407 -0.00297242 -0.00494737 -0.000278528 -0.00164446 0.0026278 -0.00398754
internal_weight=177726 177461 15698 7695 1975 8003 499 5720 1069 2012 3708 161763 66141 44335 5613 95622 38722 40315 55307 9064 1958 21806 5750 46243 3655 2091 715 35347 17582 17765 15487 3314 4449 19873 5455 2275 551 35866 18453 10440 17413 11848 5565 9457
internal_count=177726 177461 15698 7695 1975 8003 499 5720 1069 2012 3708 161763 66141 44335 5613 95622 38722 40315 55307 9064 1958 21806 5750 46243 3655 2091 715 35347 17582 17765 15487 3314 4449 19873 5455 2275 551 35866 18453 10440 17413 11848 5565 9457
cat_boundaries=0 7 9 16 18 25 32 34 36 43 45 46 48 50 57 64 65 67 70 77 84 91 98 100 102 109 116 121 124 126 133 135 142 144 151 153 160 167 173
cat_threshold=134742016 0 1073758224 4 2151677952 16781312 16 1714685817 197184064 1090781196 1049346 0 17825792 142606628 2147549232 16803840 100664416 138412544 536938500 8421650 288 279552 57344 4521986 17472 0 1048576 0 1048576 0 48 8192 639632480 138444800 2147622912 71050248 1064960 2064 0 0 1048576 2 67108872 1253156096 55070784 256 537659537 136317964 1216982313 41832516 1073778992 4364372 144711680 134218753 8397440 3221225512 67125248 537952296 144704260 15245312 8481 295174 2097184 67242048 256 2754609236 142639616 1073754724 1077968898 81 1054996 184582336 2359300 75497665 8425472 3221225520 16777280 356404 1091586 0 1082624 9961504 2147745810 16802825 3491758084 608305298 142868480 138412160 587345920 2147483659 134742016 537133056 1050656 256 2181186560 17301504 37748736 8200 2214592578 1187841 536873685 142650377 3211264 2298478720 0 131072 536920320 0 134218752 805593092 2148532258 4194304 2209763584 17301520 2 16787529 17039360 1048832 0 9437200 524324 1074045221 1073913866 17 134750209 40108096 1627389960 2160075528 4202528 16777480 555223044 262147 133384 536871505 134217736 1048584 134218496 32 64 34816 262144 1024 1207992585 6553664 262400 603979786 0 16777224 537399296 262170 1032 534561 1703936 268771348 33556568 32 168858824 545804800 1073743874 16392 286736 1058880 0 2198257672 545263616 4522001 8449 1536 50372640 262432 4456512 8388640 2147483648
is_linear=0
shrinkage=0.05


Tree=130
num_leaves=45
num_cat=37
split_feature=5 0 1 10 1 0 3 0 1 10 0 10 0 1 6 0 1 1 0 3 0 1 1 0 0 0 0 0 1 0 3 8 1 1 0 3 8 0 0 1 1 0 1 3
split_gain=11.7367 36.0122 19.9247 23.0493 19.0025 16.387 12.3946 19.3023 12.4384 11.8481 23.9774 23.2611 22.6107 18.3636 17.7858 33.744 26.2261 20.6518 27.7808 19.2035 34.7959 27.1523 20.4874 21.1338 18.5588 17.965 17.3197 16.8292 25.3669 17.9962 53.1978 20.0244 19.5029 15.6274 15.4172 14.737 14.4181 80.3349 31.0992 30.7385 19.3481 14.4267 27.4804 18.4223
threshold=541.50000000000011 0 1 10.500000000000002 2 3 4 5 6 10.500000000000002 7 1.5000000000000002 8 9 5.5000000000000009 10 11 12 13 14 15 16 17 18 19 20 21 22 23 24 25 5.5000000000000009 26 27 28 29 10.500000000000002 30 31 32 33 34 35 36
decision_type=2 9 9 2 9 9 9 9 9 2 9 2 9 9 2 9 9 9 9 9 9 9 9 9 9 9 9 9 9 9 9 2 9 9 9 9 2 9 9 9 9 9 9 9
left_child=9 2 3 -2 -3 -5 7 -6 -8 10 11 12 -1 -13 27 16 24 18 -17 22 21 35 23 -19 -16 33 -24 28 -11 30 -30 -31 -33 -18 -15 -21 41 39 -39 -38 -40 43 -43 -12
right_child=1 4 -4 5 6 -7 8 -9 -10 14 36 13 -14 34 15 17 25 19 -20 20 -22 -23 26 -25 -26 -27 -28 -29 29 31 -32 32 -34 -35 -36 -37 37 38 40 -41 -42 42 -44 -45
leaf_value=-0.0011518739628355145 0.0025792329445408603 0.017030357648649862 0.00075280528356970195 -0.0062494145361236958 -0.0040002242239183198 -0.0021049841781723977 0.012483193352892297 0.0065142866697993768 5.7663921829487208e-05 4.2465857422516878e-05 0.00054027668807896112 0.00095933798061581532 0.0093601916977173686 0.0025612320823474089 0.011138272431156504 0.00658380921402223 0.0060902469746242143 0.014563275355749916 -0.0040610002679374096 -0.0067511480279349506 -0.00089897635432527052 -0.0042433871738525976 0.0028091570806949131 -0.0056997336888126365 0.0012879986744575912 -0.003104060209442944 -0.0072834928563027534 -4.0396357383282179e-05 0.012253250458891474 0.0030204098605070232 -0.0028998826423090153 0.009244951006726022 -0.00035089040763184313 -0.0035703438932136789 -0.0026475246239004296 -0.0091001668482295905 -0.011920306609756395 0.0085988019981219962 -0.012941181250877698 -0.0053389489193640845 -0.0014907181421851658 -0.0046386294071250837 0.00071434392481017352 -0.0037217815959817908
leaf_weight=566 316 459 2967 436 844 336 1125 822 479 16441 3090 10835 1067 1755 1129 1058 468 467 1527 144 1906 1223 454 402 2328 2462 877 75472 2851 2880 1454 265 5263 348 6652 501 656 833 429 447 3127 2375 11228 6962
leaf_count=566 316 459 2967 436 844 336 1125 822 479 16441 3090 10835 1067 1755 1129 1058 468 467 1527 144 1906 1223 454 402 2328 2462 877 75472 2851 2880 1454 265 5263 348 6652 501 656 833 429 447 3127 2375 11228 6962
internal_value=-7.42716e-05 0.00182425 -0.00143911 -0.0071949 0.0053624 -0.0119171 0.0039939 0.000954654 0.00712515 -0.000161231 -0.000807645 0.000485995 0.00621555 0 0.000108406 -0.00148424 0.00116383 -0.00356518 0.00017341 -0.00518048 -0.00734672 -0.0121938 -0.00144796 0.00449374 0.00419671 -0.00203771 -0.00533184 0.000341215 0.00136127 0.00303781 0.00566628 0.00168686 -7.23589e-05 0.00435835 -0.00175241 -0.0205344 -0.00173372 -0.00404224 -0.000988861 -0.0160377 -0.0030286 -0.00119848 -0.0001359 -0.00263367
internal_weight=177726 7784 4055 1088 3729 772 3270 1666 1604 169942 50022 20875 1633 19242 119920 15294 6735 8559 2585 5974 3774 1868 2200 869 3457 3278 1331 104626 29154 12713 4305 8408 5528 816 8407 645 29147 5492 4389 1103 3556 23655 13603 10052
internal_count=177726 7784 4055 1088 3729 772 3270 1666 1604 169942 50022 20875 1633 19242 119920 15294 6735 8559 2585 5974 3774 1868 2200 869 3457 3278 1331 104626 29154 12713 4305 8408 5528 816 8407 645 29147 5492 4389 1103 3556 23655 13603 10052
cat_boundaries=0 2 5 8 10 11 13 16 18 20 23 25 28 31 33 34 36 39 42 44 46 48 50 52 55 57 58 61 64 66 67 69 71 73 75 77 80 81
cat_threshold=3770615496 81019405 1074860048 14778624 16 1507328 2097408 2 1611006984 75497996 338 8240 134918224 574656576 8454144 4 2193329368 168690696 2149744640 33816576 842272846 209739923 23 1285030597 25486421 35815744 417472516 66 72429956 402727342 12 572653848 69734400 166 539101242 5902336 536903744 75497472 64 33554434 8388608 1 570859562 1577472 134217856 8422405 65 16834624 538971136 141688840 1680081474 74457160 2722500613 73486821 71 262146 68157504 292 10240 402792450 24 541065345 32784 4 42010624 33555456 72 1073742336 67143744 8228 4 40927232 1082196256 268734976 32788 270374 31481860 538184004 404881410 91 226
is_linear=0
shrinkage=0.05


Tree=131
num_leaves=45
num_cat=38
split_feature=6 0 1 1 8 0 3 10 3 10 0 1 1 0 1 0 1 0 0 0 1 3 0 1 0 3 1 1 1 1 9 0 0 1 3 1 1 0 1 8 1 0 0 3
split_gain=11.0665 23.1902 27.4108 25.2637 18.839 21.5071 32.4841 38.5849 22.3304 17.7645 30.8078 25.8417 23.7799 20.837 28.1984 32.5361 20.4357 25.821 18.973 18.7054 33.0443 17.4977 34.1155 20.8871 18.5529 17.1671 16.8635 16.7579 16.3939 16.3486 16.1015 33.2331 25.8885 30.0099 25.8738 24.8367 19.8067 18.6834 16.0867 15.9442 15.9349 15.6396 15.6062 15.4811
threshold=3.5000000000000004 0 1 2 7.5000000000000009 3 4 11.500000000000002 5 13.500000000000002 6 7 8 9 10 11 12 13 14 15 16 17 18 19 20 21 22 23 24 25 1.0000000180025095e-35 26 27 28 29 30 31 32 33 8.5000000000000018 34 35 36 37
decision_type=2 9 9 9 2 9 9 2 9 2 9 9 9 9 9 9 9 9 9 9 9 9 9 9 9 9 9 9 9 9 2 9 9 9 9 9 9 9 9 2 9 9 9 9
left_child=9 3 -3 4 21 6 7 -6 40 10 12 18 -1 16 15 43 17 -11 -12 20 -16 22 28 -23 -25 -17 -7 42 -2 -24 31 35 34 -34 37 -13 -33 -32 39 -9 -8 -35 -21 -15
right_child=1 2 -4 -5 5 26 8 38 -10 13 11 30 -14 14 19 25 -18 -19 -20 27 -22 23 29 24 -26 -27 -28 -29 -30 -31 32 36 33 41 -36 -37 -38 -39 -40 -41 -42 -43 -44 -45
leaf_value=-0.004275307997731465 0.0042056839374642217 0.0021807669072329227 0.00020128698964907434 0.00080127094980380069 0.0015718884220502106 9.6319120020393889e-06 -0.0058441765658134416 0.0056193577571773514 0.008203511514567819 -7.7209578361640141e-05 0.0015693431909822198 -0.0039216429799020019 -0.00067031914609746448 -0.013685880330432132 -0.0011749956826056424 -0.011632180334789289 -0.00017126472587787324 -0.0058116543741307154 -0.0037532799498524285 -0.0028108485770263602 0.0085935025238975341 -0.0041453812459891996 -0.0052660386188003398 0.0035920142724261252 -0.00017778298077428535 0.0016511939157656725 -0.0040138854083814346 0.00305096230570342 -0.014076536430858023 0.0070340555728041435 -0.014535307925120417 -0.0043882979749107487 -0.001742404824189714 -0.0026905596240058951 0.0086592396136679801 0.0060002980865481118 0.00068558579159645272 0.00093793361899306986 -0.0079471760565500617 -0.0080294161493456393 0.0042052749004768963 0.0066314648622720247 0.0010381369869536861 -0.0044468414806843491
leaf_weight=12334 111 9793 23307 11429 506 6058 1403 40 125 2007 2648 667 10900 208 1826 109 17295 2002 6498 3778 3226 1131 1013 4671 6232 4036 2074 8603 595 599 126 4325 4459 554 3099 1904 2518 532 878 342 500 1947 7695 3623
leaf_count=12334 111 9793 23307 11429 506 6058 1403 40 125 2007 2648 667 10900 208 1826 109 17295 2002 6498 3778 3226 1131 1013 4671 6232 4036 2074 8603 595 599 126 4325 4459 554 3099 1904 2518 532 878 342 500 1947 7695 3623
internal_value=-7.31463e-05 0.000411682 0.00137723 -0.000436143 -0.00128956 -0.00275868 -0.00586225 -0.0108108 -0.0015211 -0.000394224 -0.00105026 2.90231e-05 -0.00240922 0.000238935 0.00102374 -0.00156524 -0.000980576 -0.00419259 -0.00217344 0.00184581 0.00456341 -6.96767e-05 -0.0040378 0.000697443 0.00136993 0.00150421 -0.00130189 0.00116001 -0.0131285 0 0.00103024 -0.000478011 0.00235607 0.000545194 0.00569419 0.00435878 -0.00229826 -0.00329341 -0.0155556 -0.0242347 -0.0029012 0.00491836 -9.14395e-05 -0.00488154
internal_weight=177726 70807 33100 37707 26278 11926 3794 1766 2028 106919 52511 29277 23234 54408 33104 7976 21304 4009 9146 25128 5052 14352 2318 12034 10903 4145 8132 20076 706 1612 20131 9414 10717 6960 3757 2571 6843 658 1260 382 1903 2501 11473 3831
internal_count=177726 70807 33100 37707 26278 11926 3794 1766 2028 106919 52511 29277 23234 54408 33104 7976 21304 4009 9146 25128 5052 14352 2318 12034 10903 4145 8132 20076 706 1612 20131 9414 10717 6960 3757 2571 6843 658 1260 382 1903 2501 11473 3831
cat_boundaries=0 2 5 8 10 11 12 14 17 20 22 25 27 30 32 34 36 39 40 42 45 47 48 51 54 57 60 62 64 66 67 70 73 74 77 79 81 83 84
cat_threshold=716513980 135680017 371202131 67112987 8 451197128 1289818161 23 538968092 134217728 26 292 70157955 74070541 2285087493 1210241442 8 4064547479 1078136856 6 3800575020 59507780 2021788066 335609869 17 201588993 74582553 536948737 404779104 4 1644692524 34078720 3355443232 142639168 69206017 74579968 2154135617 2130016 64 258 671096836 134352912 2371592 1078001665 1 35913884 134234128 128 180625536 12582944 7 34611713 12583170 14 266368 67108864 1 37752832 81788944 1 8388620 184811536 1652629760 1065984 38010946 8388620 12 1354764416 71303188 1 1107300354 276832332 86 73984 32832 8388624 1 40149120 77594656 2147485696 167804928 1048722 24576 130
is_linear=0
shrinkage=0.05


Tree=132
num_leaves=45
num_cat=41
split_feature=2 4 0 2 0 2 0 2 0 2 0 0 2 3 0 0 3 0 2 0 0 3 0 3 0 2 2 0 0 0 0 2 2 2 0 0 10 2 2 0 2 9 2 0
split_gain=13.3665 11.0093 34.1689 22.2473 13.5796 14.5454 11.6282 11.2993 39.766 15.9682 14.0129 13.5789 10.9544 12.9479 12.3948 12.1123 10.5011 89.1932 43.4356 55.0036 38.0839 72.8697 91.3702 64.2918 80.2329 37.0324 34.9442 32.0851 29.7645 29.6789 27.1651 27.6582 26.937 23.9643 36.4321 27.0101 25.7626 24.5298 23.7704 30.2398 23.175 21.867 21.3921 24.4301
threshold=0 3.5000000000000004 1 2 3 4 5 6 7 8 9 10 11 12 13 14 15 16 17 18 19 20 21 22 23 24 25 26 27 28 29 30 31 32 33 34 19.500000000000004 35 36 37 38 1.0000000180025095e-35 39 40
decision_type=9 2 9 9 9 9 9 9 9 9 9 9 9 9 9 9 9 9 9 9 9 9 9 9 9 9 9 9 9 9 9 9 9 9 9 9 2 9 9 9 9 2 9 9
left_child=-1 7 12 -4 -5 6 -6 8 9 10 -2 -11 -3 15 -15 -14 17 18 19 -9 21 22 -18 24 -22 30 29 -24 41 -19 31 -25 -30 35 37 -28 -37 -35 39 -20 -23 -26 -27 -44
right_child=1 2 3 4 5 -7 -8 16 -10 11 -12 -13 13 14 -16 -17 20 26 38 -21 23 40 27 25 28 42 33 -29 32 -31 -32 -33 -34 34 -36 36 -38 -39 -40 -41 -42 -43 43 -45
leaf_value=0.016428658221848625 0.024822490712610057 -0.0059018481010546589 0.0059748589994572943 -0.008394866969021364 -0.015731906661845659 -0.0021959245287827556 -0.0058381432215448116 0.018406173941526306 -0.0053793757252830815 0.0035399341999776792 0.0041997998701827971 -0.0057500906620864605 0.00024969938571128142 -0.0061986597062269723 0.0064874886751634386 0.019333324806602714 0.00091692651706752897 0.0042129042524394868 -0.022813655455456716 -0.00092962417817134138 -0.0021228536702006472 -0.003210536935453201 -0.028879379680052244 0.0089677732927457843 0.0097883183961092416 0.0028240023344588863 0.0068135022050651202 -0.0072394483569896972 -0.0011513285462196544 0.017323048605908432 -0.004394484620349093 -0.0052926404113948725 0.0073867005687771777 0.010459122175219771 -0.0040174284872354195 0.00023351653717312848 0.0096585692525361644 0.00043229598042940912 -0.0023297387425162963 -0.0024798683777094766 -0.000146357543586767 0.021844888360843806 -0.00076276724269301328 0.00073467083627978271
leaf_weight=212 250 134 370 956 322 2821 407 471 2100 326 788 414 223 564 620 342 3161 974 312 707 2852 1234 405 1292 796 3173 7864 4766 847 1066 7559 601 3980 472 2761 9068 1601 1016 17155 684 49796 605 16023 25636
leaf_count=212 250 134 370 956 322 2821 407 471 2100 326 788 414 223 564 620 342 3161 974 312 707 2852 1234 405 1292 796 3173 7864 4766 847 1066 7559 601 3980 472 2761 9068 1601 1016 17155 684 49796 605 16023 25636
internal_value=-9.90288e-05 -0.000114351 -0.0020935 -0.00429799 -0.00527015 -0.00382022 -0.0100812 -3.60165e-05 -0.00270062 0.00279642 0.00677481 -0.0028 0.00361859 0.00469016 0.00167504 0.0108696 2.60655e-05 0.000687258 -0.00185894 0.00740741 -0.000211837 -0.00112174 -0.00545433 0.000640641 0.00453245 -1.10509e-05 0.00266994 -0.00954449 0.0077108 0.00892683 -0.00285352 0.00249606 0.00581972 0.002106 -0.00127964 0.00288249 0.00124075 0.00500668 -0.00246407 -0.00994036 -0.000413401 0.0141389 0.000588734 0.000286784
internal_weight=177726 177514 6759 4876 4506 3550 729 170755 3878 1778 1038 740 1883 1749 1184 565 166877 44151 19329 1178 122726 59362 8332 63364 9080 54284 24822 5171 6228 2040 9452 1893 4827 22782 4249 18533 10669 1488 18151 996 51030 1401 44832 41659
internal_count=177726 177514 6759 4876 4506 3550 729 170755 3878 1778 1038 740 1883 1749 1184 565 166877 44151 19329 1178 122726 59362 8332 63364 9080 54284 24822 5171 6228 2040 9452 1893 4827 22782 4249 18533 10669 1488 18151 996 51030 1401 44832 41659
cat_boundaries=0 7 9 16 18 25 27 34 36 42 44 46 53 54 56 58 59 61 68 70 72 73 75 76 78 85 92 94 96 98 100 107 114 121 123 125 130 137 138 145 152 154
cat_threshold=168296448 0 1073741840 4 2151677952 16781312 16 1051704 104112644 1 0 0 10519872 16777216 262168 18496 109641732 529408 262144 1048640 32768 18087936 2080 2 67110144 136577280 151142417 2147483648 10702848 134226976 278921224 780223618 34605068 16777344 3767832046 35172421 2147483648 16384 134225920 0 176177154 33556488 1050624 1093632 8683974 34603013 262144 64 0 27262976 0 0 67108864 260 2096 68157952 3080 35692548 32 3297513141 174065729 1050637 234881024 2097412 1048848 526336 1 262144 2214592532 2099265 674343306 127726084 8 137363840 34115584 8 1116471808 136314888 823138308 16809985 2129920 134348992 268468528 3221291008 206063872 285214720 576 526336 256 40960 48 26880 65536 16777220 67108897 131136 136478730 1721876 1082393088 136315968 4096 0 0 134348864 0 0 67127296 327688 10624 0 33554688 524288 3221487648 262464 262156 37781540 4227072 2181447697 1573632 3221225474 67108865 134316288 26740228 570466370 93380612 1056768 0 0 1048576 32 16777232 512 524288 1 32768 16 1288 2147485220 17 738198018 41943042 4194593 8704 1 64 33280 637545122 8650754 4206593 141312 6291475 197704 131173 132177
is_linear=0
shrinkage=0.05


Tree=133
num_leaves=45
num_cat=18
split_feature=2 5 2 2 4 10 2 2 5 1 2 9 8 1 2 8 1 10 10 8 4 1 2 10 8 1 1 8 10 8 5 5 10 6 6 5 2 5 1 2 1 5 5 5
split_gain=12.7983 10.949 36.6764 26.297 16.9581 15.0573 19.155 14.9686 12.2499 12.4861 12.1228 13.7273 19.035 19.785 18.9027 15.034 16.4234 14.3779 12.0756 15.6146 11.8415 17.1198 11.0478 10.6915 10.6714 18.555 15.5821 18.7366 11.9975 10.6472 15.1997 10.3765 11.0314 22.472 14.2947 22.9676 11.2518 11.2006 10.218 9.95576 9.63371 9.19624 8.9751 8.96451
threshold=0 168.50000000000003 1 2 3.5000000000000004 17.500000000000004 3 4 118.50000000000001 5 6 1.0000000180025095e-35 11.500000000000002 7 8 1.5000000000000002 9 8.5000000000000018 22.500000000000004 4.5000000000000009 2.5000000000000004 10 11 12.500000000000002 5.5000000000000009 12 13 6.5000000000000009 2.5000000000000004 3.5000000000000004 19.500000000000004 17.500000000000004 14.500000000000002 5.5000000000000009 4.5000000000000009 12.500000000000002 14 12.500000000000002 15 16 17 85.500000000000014 13.500000000000002 13.500000000000002
decision_type=9 2 9 9 2 2 9 9 2 9 9 2 2 9 9 2 9 2 2 2 2 9 9 2 2 9 9 2 2 2 2 2 2 2 2 2 9 2 9 9 9 2 2 2
left_child=-1 3 -3 -2 5 10 18 -4 9 -6 23 12 13 29 -14 17 -17 20 -7 -20 21 -15 -19 -5 25 28 27 40 -13 -12 31 32 34 -34 36 -36 -31 -35 -28 -10 -26 -24 -37 -11
right_child=1 2 7 4 8 6 -8 -9 39 43 11 24 14 15 -16 16 -18 22 19 -21 -22 -23 41 -25 26 -27 38 -29 -30 30 -32 -33 33 37 35 42 -38 -39 -40 -41 -42 -43 -44 -45
leaf_value=0.032900927144344783 -0.0051745476303253664 0.0038424822499973756 -0.0033203842485569016 2.3913460844016132e-05 -0.0029665398444880032 -0.0033011654640713872 0.00089703710298185693 7.9639676939391452e-05 -0.0029457154601443105 -0.025596998699060271 -0.0014281624969650242 0.015122306075569403 0.0028548159410556329 -0.002446787243771187 -0.0016120176794965193 -0.008335498859339598 -0.0025556689458282825 -0.0025999431061761781 0.028051546356922388 -0.00049005870400961051 0.0068766743548322132 -0.016866995265868701 0.00072682844422365396 0.0041180737787210207 -0.00059810855380732506 -0.0021656797055388034 0.002332321890245645 -0.00073171702662504505 0.0042184168885109341 -0.012315378380205461 0.0026434220509866492 -0.013426369255634386 0.0012559345166099579 -0.0020415748503378739 -0.0053103391034800386 0.0040133735671929686 0.0029792810486075406 -0.0042822080842723157 -7.4732512732267331e-05 0.010020483088843997 -0.0097191404863829212 0.0067932081460003518 0.011398021349330545 -0.0086017777855025741
leaf_weight=104 1754 7520 1748 1272 1485 2879 24969 60589 418 49 3633 116 2947 507 2718 1214 13078 877 155 260 158 291 1528 953 964 1669 2854 7181 3569 128 3329 101 125 46 86 51 174 54 22656 352 1162 607 47 1349
leaf_count=104 1754 7520 1748 1272 1485 2879 24969 60589 418 49 3633 116 2947 507 2718 1214 13078 877 155 260 158 291 1528 953 964 1669 2854 7181 3569 128 3329 101 125 46 86 51 174 54 22656 352 1162 607 47 1349
internal_value=-8.10236e-05 -9.17627e-05 0.000395809 -0.000407832 -0.000307015 -0.000187577 0.000794325 -2.40589e-06 -0.00365453 -0.00515088 -0.000562116 -0.000674736 -0.00145273 -0.00202428 0.00117387 -0.00292282 -0.00368038 -0.000201613 -0.0027845 0.00518072 -0.00554393 -0.00802005 0.00149402 0.00306488 -6.09893e-05 0.00201718 -0.000380561 -0.00213051 0.00399188 8.99281e-05 0.00182323 -0.00431034 -0.00218003 -0.0113333 0.00205761 0.0130435 -0.00463576 -0.029 0.000258621 0.00194805 -0.00625588 0.00342657 0.0295918 -0.00852273
internal_weight=177726 177622 69857 107765 106011 102358 28263 62337 3653 2883 74095 71870 31699 26034 5665 18260 14292 3968 3294 415 956 798 3012 2225 40171 5354 34817 9307 3685 7774 4141 812 711 225 486 184 302 100 25510 770 2126 2135 98 1398
internal_count=177726 177622 69857 107765 106011 102358 28263 62337 3653 2883 74095 71870 31699 26034 5665 18260 14292 3968 3294 415 956 798 3012 2225 40171 5354 34817 9307 3685 7774 4141 812 711 225 486 184 302 100 25510 770 2126 2135 98 1398
cat_boundaries=0 7 14 21 28 35 38 45 48 55 58 61 67 70 73 80 83 88 91
cat_threshold=134217728 0 1073741840 0 4194304 4096 16 50593857 4464640 34078722 105922560 404914440 2166425600 134479880 3221258245 8398858 14721024 71303473 142626848 1075841026 278528 538005520 17825824 0 4160 285212928 2147549185 16788480 73400320 2838528 134234116 404750464 83951746 5242893 67108864 37945408 268566544 1 524336 50364448 134218016 16777280 286531584 65696 1028 147520 1552040078 24 24576 0 0 2182086656 256 4456465 67240008 671091459 98304 68 34963456 0 64 536871936 1048592 0 315392 4 262144 575013088 75628672 14 4604610 1543635076 92 8192 0 0 0 524288 0 8 270543109 4194569 2 0 0 0 2183151616 536870912 4194432 335544448 68
is_linear=0
shrinkage=0.05


Tree=134
num_leaves=45
num_cat=34
split_feature=8 0 2 0 0 2 9 0 0 2 2 2 2 2 0 2 2 2 0 8 0 2 2 1 0 0 2 2 8 6 0 0 5 2 8 0 2 2 0 8 2 5 8 1
split_gain=10.3717 45.2261 25.2427 26.7222 26.4399 24.4986 17.143 67.8722 53.9388 56.406 48.6335 42.3178 38.7913 30.5682 26.9069 45.1972 29.3026 26.1248 24.6975 24.561 63.6221 44.3625 32.4346 32.0408 29.8978 28.9408 52.4588 25.5028 23.6309 25.5047 23.5402 21.9606 21.0347 19.2734 17.4759 47.5697 23.5386 21.5213 17.1762 20.7741 17.1504 22.4273 22.929 17.4672
threshold=11.500000000000002 0 1 2 3 4 1.0000000180025095e-35 5 6 7 8 9 10 11 12 13 14 15 16 5.5000000000000009 17 18 19 20 21 22 23 24 9.5000000000000018 2.5000000000000004 25 26 27.500000000000004 27 1.5000000000000002 28 29 30 31 8.5000000000000018 32 70.500000000000014 7.5000000000000009 33
decision_type=2 9 9 9 9 9 2 9 9 9 9 9 9 9 9 9 9 9 9 2 9 9 9 9 9 9 9 9 2 2 9 9 2 9 2 9 9 9 9 2 9 2 2 9
left_child=6 5 3 -3 -4 -2 7 10 9 -8 -1 18 -11 30 15 -13 -16 -12 -9 20 21 -15 24 -22 -21 26 31 28 38 32 -10 -24 -30 -25 35 37 -36 -19 39 -27 -14 42 -42 -43
right_child=1 2 4 -5 -6 -7 8 11 13 12 17 14 40 19 16 -17 -18 34 -20 22 23 -23 25 33 -26 27 -28 -29 29 -31 -32 -33 -34 -35 36 -37 -38 -39 -40 -41 41 43 -44 -45
leaf_value=-0.0053980011180845061 -0.010359589879915948 0.00022902337905022081 -0.0060380693149190484 -0.0065064159286459481 0.0017145183358235673 0.0069036511224069511 -0.0058515733512772864 -0.0014078588530003046 0.00062865392619285707 0.0063122978583356254 0.0083413262073881219 -0.0062454477337136188 0.0003262259603726947 -0.0013957011305081647 -0.0061075188230897085 -0.0015890913793396022 -0.00074849188711636485 0.02221639357771904 0.0063282436726522177 -0.0023193974515864578 -0.009387595755485624 0.013285286311301093 0.0075089978502548733 0.011062073946452856 0.00030015821262199263 0.0090235242140848104 0.013590717740298476 0.0004425698041302051 -0.014519608285028985 0.0024356554864862351 -0.0056802936068055393 -0.00076681788484944668 0.00027265682333755815 -0.00013986774979171112 -0.0025822362078125162 0.010489913766107523 0.001256648286192763 -0.0015888800571561834 0.0032963845282345527 0.0110491973747189 -0.00055513438336344254 -0.0023839993443354468 -0.0070219427287194882 0.0015533809327326733
leaf_weight=1989 221 1562 1085 2279 5571 4997 4366 630 1108 638 430 4432 10135 1302 1959 7294 24897 222 1142 5067 538 3761 1158 257 14049 643 2003 28364 190 338 1462 2677 184 3433 1928 2334 17242 2167 879 384 2493 2408 2729 4779
leaf_count=1989 221 1562 1085 2279 5571 4997 4366 630 1108 638 430 4432 10135 1302 1959 7294 24897 222 1142 5067 538 3761 1158 257 14049 643 2003 28364 190 338 1462 2677 184 3433 1928 2334 17242 2167 879 384 2493 2408 2729 4779
internal_value=-7.14583e-05 0.00115495 -0.000737604 -0.00396001 0.00112511 0.00495409 -0.000190419 -0.000805508 0.000239656 -0.00162566 0.00117012 -0.00209345 -0.000642463 0.000997685 -0.00244092 -0.00443933 -0.00156704 0.00178564 0.00544332 0.00120867 0.0035895 0.00736251 0.00081343 -0.000943841 -0.000857472 0.0016807 0.00490766 0.00107124 0.00578387 -0.00196629 -0.00434109 0.00146944 -0.0109626 0.00072973 0.00156257 0.00428753 0.000892019 -0.000687787 0.00870934 0.0130665 -0.000988738 -0.00223448 -0.00472999 -0.000424377
internal_weight=177726 15715 10497 3841 6656 5218 162011 66666 95345 27548 26312 40354 23182 67797 38582 11726 26856 24323 1772 65227 9291 5063 55936 4228 19116 36820 5838 30982 2618 712 2570 3835 374 3690 23893 4723 19170 2389 1906 1027 22544 12409 5222 7187
internal_count=177726 15715 10497 3841 6656 5218 162011 66666 95345 27548 26312 40354 23182 67797 38582 11726 26856 24323 1772 65227 9291 5063 55936 4228 19116 36820 5838 30982 2618 712 2570 3835 374 3690 23893 4723 19170 2389 1906 1027 22544 12409 5222 7187
cat_boundaries=0 2 9 11 13 20 22 24 31 37 44 51 58 60 67 74 81 83 85 92 99 102 104 106 113 120 122 124 131 133 140 147 149 156 159
cat_threshold=2290755714 70660108 1627734028 3154434 32768 83886096 142655524 2147811328 16803841 1143014436 134775376 538969120 151027712 536936448 33040 288 263424 0 2 16448 2214790044 54820892 2148205196 38019100 4352 56664228 146800896 12714120 8397184 1073741832 151652608 17864737 18933901 12845056 417 4612 2147745840 32772 2202321072 142884864 10493960 33554564 2149650465 655360 2621440 131842 262144 67112992 1742848 65568 1088 2654336 2160197889 142876704 69214208 554799104 2162849 33816576 1058848 68818944 1380880 134218570 0 2298511616 537551616 1073743882 9224 553649160 1048580 532512 16781440 8448032 262152 1120 1024 256 256 4194312 17039360 8 17302592 11832322 69214784 1077192018 10126400 1073807376 1048576 32768 50496 4 2147483664 67108928 1879072772 598 2113540 147197992 262144 4194306 4866313 262400 33030 83 1075839281 2230272 1076889664 526336 1114120 135268384 0 2182103040 16404 3221487616 67118144 17045545 754984968 524800 144 8396816 1107560456 134218816 707005697 201509376 1048576 2048 536870912 1048640 0 4096 516 4194306 8 131472 33816596 1074020368 110101042 40960 134217728 537411584 1073741826 67108864 1073815552 9437248 32768 4096 256 2 67108864 536871217 168961 1627416588 2147483720 40996 19185728 16777220 2066 41 536879515 136380552 4
is_linear=0
shrinkage=0.05


Tree=135
num_leaves=45
num_cat=40
split_feature=6 0 2 0 2 2 0 2 2 0 1 1 3 2 0 0 9 0 2 0 2 2 0 2 0 2 0 0 2 3 2 2 2 0 6 0 2 0 1 1 0 10 0 0
split_gain=9.97622 37.9163 41.9391 27.1247 25.4161 15.6965 21.1858 15.0888 14.7741 13.8668 20.1452 14.9727 14.734 13.5791 33.42 13.1844 11.7735 60.6528 49.1261 48.0727 43.8279 40.1103 29.9006 28.3802 26.0474 25.6776 26.9828 23.4896 37.3669 25.0158 23.2924 20.5855 18.3461 43.1971 19.9966 32.3164 35.203 24.4051 47.0111 18.7219 20.1079 18.1483 29.3002 17.1424
threshold=1.0000000180025095e-35 0 1 2 3 4 5 6 7 8 9 10 11 12 13 14 1.0000000180025095e-35 15 16 17 18 19 20 21 22 23 24 25 26 27 28 29 30 31 4.5000000000000009 32 33 34 35 36 37 22.500000000000004 38 39
decision_type=2 9 9 9 9 9 9 9 9 9 9 9 9 9 9 9 2 9 9 9 9 9 9 9 9 9 9 9 9 9 9 9 9 9 2 9 9 9 9 9 9 2 9 9
left_child=1 2 3 -1 -3 6 8 15 -4 10 -7 -11 -12 14 -2 -6 17 20 24 21 22 -18 -15 -20 -19 26 -21 28 29 -27 -22 -23 33 -29 37 36 43 38 -34 40 -37 -32 -43 -36
right_child=13 4 5 -5 7 9 -8 -9 -10 11 12 -13 -14 16 -16 -17 19 18 23 25 30 31 -24 -25 -26 27 -28 32 -30 -31 41 -33 34 -35 35 39 -38 -39 -40 -41 -42 42 -44 -45
leaf_value=-0.011026098507701854 0.0041401209682321305 0.003291005238169731 0.0055635094686460997 0.00096321750487669009 0.0039769372130811611 0.0036044225221203321 0.0018320633033231837 -0.0034154813612688518 0.0080958333292863172 0.0042655368285545057 -0.00082760918966671157 0.00041834661133646203 -0.0077650496494077459 0.010497498673108653 -0.00057558445855671048 -0.012633982698945445 -0.0063285805139048808 0.0013599531517830554 0.0043800838727015567 -0.0070081187265414241 -0.0087210238792353786 0.0076567372486198663 0.00022139080813643464 0.00060190022408238572 -0.0056099009204458213 -0.0024088911427980978 -0.00042905862215123495 -0.00032127943776554262 -0.00046748539118373071 -0.013154117609886785 -0.0020526211241646999 0.0029249341628733829 0.011008196253933145 0.007082362325133363 -0.01067841633376192 0.00040373644563732606 0.00057832933867560941 0.00031392385090793788 -0.000244879440819501 0.0017523523551523923 -0.0085311315657540087 0.015360367623692939 -0.0053847949428027508 -0.0020193698000306572
leaf_weight=865 931 1246 406 715 116 1200 1629 12526 355 1833 1275 2865 786 1013 1272 281 937 905 5195 961 448 2723 2041 27260 2451 1297 1483 2650 9105 729 29586 7469 2386 2108 1129 1359 2698 29785 2777 6422 926 386 347 2849
leaf_count=865 931 1246 406 715 116 1200 1629 12526 355 1833 1275 2865 786 1013 1272 281 937 905 5195 961 448 2723 2041 27260 2451 1297 1483 2650 9105 729 29586 7469 2386 2108 1129 1359 2698 29785 2777 6422 926 386 347 2849
internal_value=-8.94636e-05 -0.000992413 0.00108468 -0.00647799 -0.00273997 0.00224443 0.00579167 -0.00339828 0.0126459 0.0011733 -0.00132987 0.00290994 -0.00432158 6.59509e-05 0.00395391 -0.0128993 8.36484e-06 -0.000466739 0.00096731 0.000422969 -0.00198487 0.00346979 0.00372063 0.00156322 -0.00478313 -7.13516e-05 -0.00509372 0.000114752 -0.00197918 -0.00810413 -0.00255223 0.00438149 0.000538122 0.00350252 0.000257246 -0.00124488 -0.00385881 0.000918507 0.00408854 0.000762877 -0.00311547 -0.00238221 0.00538881 -0.00684554
internal_weight=177726 26098 11929 1580 14169 10349 2390 12923 761 7959 3261 4698 2061 151628 2203 397 149425 69632 35811 79793 33821 11129 3054 32455 3356 68664 2444 66220 11131 2026 30767 10192 55089 4758 50331 15383 6676 34948 5163 8707 2285 30319 733 3978
internal_count=177726 26098 11929 1580 14169 10349 2390 12923 761 7959 3261 4698 2061 151628 2203 397 149425 69632 35811 79793 33821 11129 3054 32455 3356 68664 2444 66220 11131 2026 30767 10192 55089 4758 50331 15383 6676 34948 5163 8707 2285 30319 733 3978
cat_boundaries=0 2 9 11 18 25 27 33 39 41 44 47 48 55 57 59 61 68 70 77 84 86 93 95 102 104 106 113 114 121 128 135 137 139 146 148 151 154 156 158 160
cat_threshold=245632550 45149761 1075052552 2169537304 6299680 17040528 526880 8 16712 75761700 35692609 8 2197815554 134217984 150995265 536903680 2151940144 16925760 28672 134227968 262144 168820737 17842436 262146 16777248 167772192 35685440 536875008 75505672 4194336 4194304 8396800 1073741832 24576 0 0 33554432 0 262144 167772194 8438848 4259971 8388644 2 33591297 136380544 65 296 33554464 608207360 3490202128 67117056 2183528449 1140854913 134283280 203980805 245821957 537001984 4718612 775171168 211484160 2167151113 2115719 4194304 16777281 671093168 2147485728 32 1050688 67770368 16816640 42223796 146800640 4456537 671088676 2149580836 524288 1050624 134219776 270340 64 537939972 2151677960 84017408 262240 134765568 1879097600 2306867264 142606592 8523816 285212672 8 395520 2155905284 33554444 2415953153 2208694401 144703490 6291465 16875520 2097184 17563648 3254854204 9445953 644 4456460 83984 135274528 0 25297152 8388896 0 131328 116 1075839104 136314880 256 134217856 16898 33554440 1024 536887576 33562640 4194560 1082368 25692928 327728 2048 20711432 1050636 100 25166032 8919216 2181040136 32 1141777673 60851217 3223560216 136347649 8208 134217746 256 2148795392 256 4259858 67109121 1075912704 134250496 575012867 260 2 5517507 201465856 3 771752226 25182720 671097920 67778560 2162696 32769
is_linear=0
shrinkage=0.05


Tree=136
num_leaves=45
num_cat=31
split_feature=5 0 1 0 0 2 0 2 3 9 0 0 1 5 0 10 10 0 3 10 0 5 0 2 2 2 5 6 0 0 5 0 0 2 0 10 6 1 5 0 0 2 0 2
split_gain=11.2462 35.4597 29.3469 35.7914 27.7893 27.6892 19.0612 17.8354 17.5363 15.4597 16.5168 14.8203 14.1369 13.8736 11.6946 11.6555 10.9318 11.0768 17.8508 9.95714 9.80512 9.58342 34.5564 33.532 27.7618 17.9123 16.5639 15.6436 24.8295 22.4257 15.1143 14.1316 13.7022 12.541 30.8993 12.276 11.8287 27.5805 14.1667 13.5511 11.692 11.4117 11.2043 39.168
threshold=19.500000000000004 0 1 2 3 4 5 6 7 1.0000000180025095e-35 8 9 10 9.5000000000000018 11 11.500000000000002 14.500000000000002 12 13 13.500000000000002 14 541.50000000000011 15 16 17 18 621.50000000000011 3.5000000000000004 19 20 644.50000000000011 21 22 23 24 18.500000000000004 1.5000000000000002 25 960.50000000000011 26 27 28 29 30
decision_type=2 9 9 9 9 9 9 9 9 2 9 9 9 2 9 2 2 9 9 2 9 2 9 9 9 9 2 2 9 9 2 9 9 9 9 2 2 9 2 9 9 9 9 9
left_child=1 7 3 -3 5 -4 12 11 -5 10 -9 -1 -7 19 -10 -12 17 -6 -19 -8 -20 33 24 -24 30 26 -25 28 36 35 32 -27 -23 34 41 -29 39 38 -38 -26 -32 -2 43 -35
right_child=21 2 4 8 16 6 13 9 14 -11 15 -13 -14 -15 -16 -17 -18 18 20 -21 -22 22 23 25 27 31 -28 29 -30 -31 40 -33 -34 42 -36 -37 37 -39 -40 -41 -42 -43 -44 -45
leaf_value=0.012058884451239361 0.0047533593300432388 -0.0013565237109725626 -0.0004650364902761606 -0.0068103984723839944 -0.01193028745254195 -0.0004310278143189628 0.007118951155218412 0.0068276174897405895 -0.0063865848546558971 -0.0028419571652003929 -0.011128688577681345 0.0016302052058445261 0.0028411799218239333 0.0026414774283250453 0.0023959871203422275 0.00055790647943051443 -0.00031989137976873305 -0.0068594254108676374 -0.0044025339831932908 0.014274297210806908 0.0027680681544690945 -0.0070919177495913643 0.019533750780899469 -0.010628889757239156 0.0035380486049064854 0.010075251349339259 0.00040887635668567239 0.0050634305768025968 0.0090216129326341054 0.013444642425927179 -0.0018424656553301057 0.0022253482487012643 0.0071555322233026247 -0.0030795950623313199 -0.0039692004974946965 -0.0081512474140983983 -0.020803648515128545 -0.00087504060803542116 -0.025457667705904977 -0.0060421022191663454 -0.0053327807715443324 -0.0030449594814514372 0.00024333320679899574 -7.4240642489020747e-05
leaf_weight=681 1167 2560 3019 1788 624 569 185 684 233 1155 177 1887 130 135 362 371 2891 1031 717 223 758 252 452 128 105 1102 306 178 723 277 743 1593 430 5536 2743 44 40 184 68 175 984 446 90517 49353
leaf_count=681 1167 2560 3019 1788 624 569 185 684 233 1155 177 1887 130 135 362 371 2891 1031 717 223 758 252 452 128 105 1102 306 178 723 277 743 1593 430 5536 2743 44 40 184 68 175 984 446 90517 49353
internal_value=-9.28395e-05 -0.00120416 -0.00239908 -0.00556229 -0.000874466 0.0022126 0.00846645 0.00246727 -0.00996657 -0.000646642 0.00324675 0.00535299 0.0028914 0.0154611 -0.00239669 -0.00322581 -0.00305919 -0.00511182 -0.00357711 0.0203431 -3.367e-05 4.95093e-05 0.00176002 0.00536062 -0.00131735 0.00348837 -0.00585586 0.00338137 0.000501931 0.0109218 -0.00481604 0.00500924 0.00146628 -3.93958e-05 -0.0026798 -0.0012931 -0.00721649 -0.0143836 -0.0330508 0 -0.00732484 0.00280345 3.98856e-05 -0.000523689
internal_weight=177726 20180 15225 4943 10282 4261 1242 4955 2383 2387 1232 2568 699 543 595 548 6021 3130 2506 408 1475 157546 7784 3581 4203 3129 434 1794 1295 499 2409 2695 682 149762 4356 222 572 292 108 280 1727 1613 145406 54889
internal_count=177726 20180 15225 4943 10282 4261 1242 4955 2383 2387 1232 2568 699 543 595 548 6021 3130 2506 408 1475 157546 7784 3581 4203 3129 434 1794 1295 499 2409 2695 682 149762 4356 222 572 292 108 280 1727 1613 145406 54889
cat_boundaries=0 2 5 7 9 16 18 25 26 28 30 33 34 36 37 39 41 48 55 62 64 66 68 70 77 79 82 83 85 92 94 101
cat_threshold=33286 112254984 139887424 71311632 2 2257854536 21240917 2217348401 17694724 5664 0 0 2147516416 135004160 0 1 69339137 786436 13328 0 0 35045376 557056 0 67117057 304 33284 10485768 514 24576 4 2 65 1076432161 8462464 1088 18 1241514056 134221840 3770623688 73155077 0 8236 0 1478656 1048832 16 4194304 537993236 5275816 0 1102145 8388608 2147745840 83910657 538198016 33587344 0 1280 16777216 262176 67110912 2687632960 516 9707712 4719105 100696342 134144 1320576 278528 2153775168 2838534 146801664 136315024 209724546 1179660 256 1644201444 213446656 33554432 0 1 538969088 1574592 4997637 2147483648 16388 138412032 134217728 142606466 0 256 33590590 45152260 1358987268 2390753376 2097154 12583945 51380744 4259857 263264
is_linear=0
shrinkage=0.05


Tree=137
num_leaves=45
num_cat=36
split_feature=10 0 1 10 0 10 3 0 0 1 1 0 1 8 1 1 6 0 0 1 0 8 1 0 0 3 1 0 0 1 0 1 0 0 3 0 0 3 10 6 0 3 0 3
split_gain=9.72923 21.5582 28.7984 26.6062 30.6078 16.2918 16.1429 55.0124 36.5942 32.6107 19.7995 18.1884 16.07 14.4113 13.1701 12.3052 12.1984 12.0752 11.9035 11.6918 11.6124 10.5992 18.017 15.6824 15.4589 10.2495 9.82887 38.7695 34.6571 31.0439 27.06 25.5424 25.6146 23.8143 22.7154 24.3346 22.1928 37.0789 21.1813 18.5297 20.1651 16.8105 34.0272 15.7889
threshold=9.5000000000000018 0 1 5.5000000000000009 2 8.5000000000000018 3 4 5 6 7 8 9 8.5000000000000018 10 11 4.5000000000000009 12 13 14 15 8.5000000000000018 16 17 18 19 20 21 22 23 24 25 26 27 28 29 30 31 17.500000000000004 5.5000000000000009 32 33 34 35
decision_type=2 9 9 2 9 2 9 9 9 9 9 9 9 2 9 9 2 9 9 9 9 2 9 9 9 9 9 9 9 9 9 9 9 9 9 9 9 9 2 2 9 9 9 9
left_child=1 2 -1 4 -3 -4 7 13 10 11 18 15 17 -5 -13 -10 20 -6 -8 -9 -15 23 -23 -12 25 -24 28 -28 31 30 -30 36 39 41 35 -35 37 -2 -38 -33 -41 42 -31 -42
right_child=26 3 5 6 12 -7 8 19 9 -11 21 14 -14 16 -16 -17 -18 -19 -20 -21 -22 22 24 -25 -26 -27 27 -29 29 33 -32 32 -34 34 -36 -37 38 -39 -40 40 43 -43 -44 -45
leaf_value=-0.0050516159157262932 0.0047917730477224814 -0.0023360347630513203 -0.0016293529962308818 -0.011628550714946473 0.0043943378294437731 0.0020280078071870768 -0.0044202000898939447 0.0048879682965414402 0.01081223196324458 -0.0036401372860847231 -0.0045922231956233182 0.0014483819160418189 -0.00028792694291699398 -0.014624435461099662 0.012425643458367698 -0.010281955140439031 0.0037653568057364529 0.012787202355681111 0.0013531896231060436 -0.0020291979807172652 -0.0013017075188744009 -0.0081021911708584089 0.016711580709193215 0.0050523914240178883 0.002813887879903876 -0.0026198950650878961 -0.00092505816782201267 0.00074764908489427246 0.0009721424449666505 -0.011095891696842931 0.0052922648287075996 -0.0009293428996297149 0.0016944218008645763 -0.011386123645166502 -0.00076330918319117706 0.00423244511736387 -0.001548368203842912 -0.0042337976420967873 0.0017411904438278337 0.00048711053623186064 -0.012277564203634395 0.0034279706067518179 0.0030032126993840727 -0.0026153657589262306
leaf_weight=6023 1091 1377 5118 1335 1370 2444 968 1388 131 6896 718 2729 692 235 425 486 153 1239 991 1116 338 123 798 2025 731 100 35864 35214 6966 301 5714 3634 11736 250 11225 2389 6124 5966 2881 234 222 7339 503 124
leaf_count=6023 1091 1377 5118 1335 1370 2444 968 1388 131 6896 718 2729 692 235 425 486 153 1239 991 1116 338 123 798 2025 731 100 35864 35214 6966 301 5714 3634 11736 250 11225 2389 6124 5966 2881 234 222 7339 503 124
internal_value=-8.27116e-05 -0.000769731 -0.00238691 6.44574e-05 0.0034844 -0.000330164 -0.000673245 -0.00331148 3.21055e-05 -0.00176548 0.00300124 0.00197038 0.00608577 -0.00934331 0.00350822 -0.00582137 -0.00371901 0.00788469 -0.0011935 0.00167064 -0.00706806 0.00482797 0.00787671 0.00289829 0.00924344 0.0136564 0.000116493 -0.000292595 0.000552399 0.00164712 0.00361702 -0.000633939 0.000783208 0.000510969 -0.000749604 0.00341638 -0.00204082 -0.00413896 -0.000393788 -0.00255682 -0.0108621 0.00265546 -0.0041769 -0.0182584
internal_weight=177726 39949 13585 26364 4678 7562 21686 4565 17121 10667 6454 3771 3301 2061 3154 617 726 2609 1959 2504 573 4495 1752 2743 1629 898 137777 71078 66699 34687 12680 32012 15950 22007 13864 2639 16062 7057 9005 4214 580 8143 804 346
internal_count=177726 39949 13585 26364 4678 7562 21686 4565 17121 10667 6454 3771 3301 2061 3154 617 726 2609 1959 2504 573 4495 1752 2743 1629 898 137777 71078 66699 34687 12680 32012 15950 22007 13864 2639 16062 7057 9005 4214 580 8143 804 346
cat_boundaries=0 2 5 7 8 10 12 15 18 20 23 26 28 30 32 35 37 39 41 43 44 47 49 51 54 56 58 60 62 63 65 67 68 70 71 73 74
cat_threshold=1677983757 89186369 1612087622 279085063 66 2281742626 10747904 70 2149818688 36574232 2156110080 44434440 271024708 469835979 22 1346404486 71303308 5 1050626 512 574857537 75497488 7 268664836 67174592 6 268468228 134217728 42601488 33685524 8552448 42074112 37847168 75497476 1 2149581056 34340872 536870912 98320 2147491840 33554432 2155913216 33816576 304 1678895558 1353629980 72 706479090 237254149 2225318941 59427348 1140959680 1076002816 8 671875392 136578121 1610719680 1075872000 2100232 573440 671351104 69468224 12 512 8200 75669509 25296900 208 1024 49152 8 64 67371008 272
is_linear=0
shrinkage=0.05


Tree=138
num_leaves=45
num_cat=33
split_feature=8 0 10 0 0 8 0 3 0 3 0 0 8 0 3 0 0 6 0 0 3 3 0 8 0 0 0 10 0 3 0 0 3 0 0 8 0 0 5 3 5 0 0 6
split_gain=10.8268 39.2598 31.6662 31.1164 17.0417 16.6294 103.774 67.437 49.6353 44.0401 93.1967 68.3551 39.9404 59.807 27.172 39.2312 37.271 27.0356 25.2936 24.458 26.1796 24.1088 22.877 22.6092 47.558 20.319 19.5639 19.2792 19.2397 19.1787 168.136 44.0068 44.8807 41.415 34.5916 22.6448 42.0379 20.8275 20.7778 19.0311 18.9539 18.8126 17.273 16.7887
threshold=11.500000000000002 0 20.500000000000004 1 2 9.5000000000000018 3 4 5 6 7 8 10.500000000000002 9 10 11 12 3.5000000000000004 13 14 15 16 17 1.5000000000000002 18 19 20 19.500000000000004 21 22 23 24 25 26 27 7.5000000000000009 28 29 138.50000000000003 30 4.5000000000000009 31 32 5.5000000000000009
decision_type=2 9 2 9 9 2 9 9 9 9 9 9 2 9 9 9 9 2 9 9 9 9 9 2 9 9 9 2 9 9 9 9 9 9 9 2 9 9 2 9 2 9 9 2
left_child=5 2 4 -4 -2 9 7 12 27 10 22 21 18 -14 15 -8 -16 19 -7 -18 -21 25 -1 24 -24 39 -12 -9 -23 30 33 32 37 -13 -32 41 -37 -31 -36 -11 -33 -34 -19 -25
right_child=1 -3 3 -5 -6 6 14 8 -10 11 26 29 13 -15 16 -17 17 42 -20 20 -22 28 23 43 -26 -27 -28 -29 -30 31 34 40 35 -35 38 36 -38 -39 -40 -41 -42 -43 -44 -45
leaf_value=-0.015704767738181667 -0.004914789658482588 0.0041355392656069693 -0.0040905017353804534 -0.0044447195171396867 0.0004368944959495469 -0.012346734882879474 0.0065309444088398677 -0.0098089619828017772 -0.0034529807037493535 -0.00036480331876175833 0.0055423852575758221 0.016676626090602244 0.034094371725171699 0.00081931196039105594 -0.0011634517527550348 -0.0023566969401214279 0.0074946627001734323 0.0024418093296587288 0.0002864099113826679 0.016880800701868648 -0.0025209895524315241 0.0010296784646392609 0.012507837989643573 -0.0049142333127051687 -0.011219678838514647 0.002748460539347697 -0.00051663539458907115 0.00016456705716634269 0.0041139811184470187 -0.0052195450419295188 -0.010518376324290368 0.0076815331152715778 0.0038624976577126269 0.0010684917435435759 -0.0067167445217683197 -0.010854614497631443 0.0007757751662668122 -0.0011274467846240034 -0.0010578264387158531 -0.013508520178279344 0.00074831407208221241 -0.00061426447118551053 0.0031654414063649553 -0.013141026235874527
leaf_weight=838 1826 7626 270 650 5343 447 1726 1250 11974 6356 3564 1343 620 1166 3132 6397 1722 1165 1005 694 2226 6497 370 5394 303 10017 9728 193 10449 4070 1291 1128 5799 3614 2798 1601 2695 7232 2070 392 32372 6077 1660 636
leaf_count=838 1826 7626 270 650 5343 447 1726 1250 11974 6356 3564 1343 620 1166 3132 6397 1722 1165 1005 694 2226 6497 370 5394 303 10017 9728 193 10449 4070 1291 1128 5799 3614 2798 1601 2695 7232 2070 392 32372 6077 1660 636
internal_value=-9.17142e-05 0.00116131 -0.00126559 -0.01 -0.000146464 -0.000213257 -0.00117167 -0.0040414 -0.00560438 5.44877e-05 -0.00204625 0.000468288 0.00243227 0.00744681 0.00138266 -0.000793065 0.0030493 0.00496857 -0.00371901 0.00262818 -0.000170648 0.00232644 -0.00648259 -0.00548935 0.00319465 0.000980626 0.000473613 -0.0143496 0.00365652 -0.000400832 -0.0023099 -5.24728e-05 -0.00153544 0.00453996 -0.00782136 0.000154493 -0.00295624 -0.00395156 -0.00586306 -0.00113939 0.00116383 0.00127989 0.00883186 -0.00646766
internal_weight=177726 15715 8089 920 7169 162011 35377 16655 13417 126634 20833 105801 3238 1786 18722 8123 10599 7467 1452 4642 2920 33711 7541 6703 673 16765 13292 1443 16946 72090 11116 60974 27474 4957 6159 16172 4296 11302 4868 6748 33500 11876 2825 6030
internal_count=177726 15715 8089 920 7169 162011 35377 16655 13417 126634 20833 105801 3238 1786 18722 8123 10599 7467 1452 4642 2920 33711 7541 6703 673 16765 13292 1443 16946 72090 11116 60974 27474 4957 6159 16172 4296 11302 4868 6748 33500 11876 2825 6030
cat_boundaries=0 2 4 6 8 9 11 12 14 16 18 19 21 23 24 26 27 28 30 32 34 36 38 39 41 43 44 46 48 50 52 53 55 57
cat_threshold=1714685789 197184064 1073741832 8423488 572523520 151029760 772907573 78686721 448 33554432 34816 384 2352611397 48108100 238026833 96635392 66101 75499520 106 2097216 50462796 2097226 17694784 201425412 2156659712 167788544 256 42 134217728 576 2214723649 12845060 135266305 71434240 331394 67127297 80 12582912 4 1082919082 135270465 1082920106 168841232 80 1073741826 135266304 73728 1036 264322 134217728 8651778 135282688 40 264322 135270416 2148270464 4214784
is_linear=0
shrinkage=0.05


Tree=139
num_leaves=45
num_cat=36
split_feature=8 0 2 0 2 0 1 1 5 0 6 9 0 0 2 2 2 2 2 2 0 2 2 8 0 2 0 2 2 2 0 0 0 2 2 0 5 8 0 2 6 1 0 2
split_gain=9.5988 34.556 24.9427 41.4031 22.6749 17.7105 27.3611 21.9513 17.7233 17.0396 17.7087 15.1074 61.3241 44.9162 48.5211 42.4372 38.5664 27.4084 26.8176 25.3236 23.7447 35.6993 24.3179 22.6674 65.2775 32.9008 31.7144 39.5581 33.0218 30.6306 24.4204 22.1667 21.0639 20.1948 19.5146 29.6906 32.1261 24.208 23.6422 18.4826 17.6598 26.7008 21.191 25.0506
threshold=11.500000000000002 0 1 2 3 4 5 6 4.5000000000000009 7 2.5000000000000004 1.0000000180025095e-35 8 9 10 11 12 13 14 15 16 17 18 5.5000000000000009 19 20 21 22 23 24 25 26 27 28 29 30 100.50000000000001 8.5000000000000018 31 32 4.5000000000000009 33 34 35
decision_type=2 9 9 9 9 9 9 9 2 9 2 2 9 9 9 9 9 9 9 9 9 9 9 2 9 9 9 9 9 9 9 9 9 9 9 9 2 2 9 9 2 9 9 9
left_child=11 4 3 -3 -2 6 9 -7 -8 10 -4 12 15 14 -13 -1 -14 -16 32 -17 21 -18 -22 24 29 -26 27 -25 30 -20 -28 -31 -15 -23 35 -30 37 -37 -36 -27 41 -29 43 -42
right_child=1 2 5 -5 -6 7 8 -9 -10 -11 -12 13 16 18 17 19 20 -19 23 -21 22 33 -24 26 25 39 28 40 34 31 -32 -33 -34 -35 38 36 -38 -39 -40 -41 42 -43 -44 -45
leaf_value=-0.0039007266563792276 -0.0012963477410602221 0.0092464214869306793 0.0091774040913378315 -0.0017311812518947145 0.0072131904359977635 0.0011216145797114053 -0.0069626667302508608 -0.0017120906120585756 -0.0059082173073212816 -0.0050184872467698323 -0.00018176654460405064 -0.0050362316837928934 0.0031689179346974018 0.00038604116733125253 0.0061956525515520335 0.0092447487179209403 0.000125727419558741 -0.00041171774495565307 0.00041027604338899075 0.0013069275115295987 -0.0063692501652238553 -0.0096431298084977309 -0.00078676520740887938 -0.0047794987863567402 -0.013079564157689079 0.01316633284920174 0.0066770705072277201 0.0041094590682940633 0.013292618360595011 0.017052772244355002 -0.0053830618789803891 0.0050981187440768188 0.0067799055174412098 -0.0039981797327318545 -0.0002381080967607252 0.00069801555968161959 0.007084154335229801 -0.014580556872282309 0.0031745092386284315 -0.0010971847627684606 -0.0077449368356867004 -2.3461574880445647e-05 0.00039158277439665934 -0.00082148259373110996
leaf_weight=2249 982 1007 335 992 4236 1647 63 3191 2094 653 515 5676 1856 1445 476 386 2990 21396 1523 22103 1435 669 27906 3629 544 214 578 2342 1368 2168 1707 1641 1870 7072 8559 424 1190 303 10185 3274 1110 17473 3723 2527
leaf_count=2249 982 1007 335 992 4236 1647 63 3191 2094 653 515 5676 1856 1445 476 386 2990 21396 1523 22103 1435 669 27906 3629 544 214 578 2342 1368 2168 1707 1641 1870 7072 8559 424 1190 303 10185 3274 1110 17473 3723 2527
internal_value=-8.21489e-05 0.00109768 -0.000556772 0.00445495 0.00441852 -0.00173954 -0.00435967 0.000247525 -0.00796031 0.000826173 0.00546512 -0.000196592 -0.000774008 0.000207142 -0.00149503 0.0012001 -0.00193858 -0.000425007 0.000898875 0.00185564 -0.00226536 -0.004278 -0.00152806 0.000672952 0.00294746 -0.00185552 0.000286658 -0.000778867 0.00163624 0.00657057 -0.00407407 0.00896832 0.0052782 -0.00607018 0.00223014 0.00578149 0.00173845 -0.0065337 0.00160499 -5.71755e-05 -0.00012323 0.000653545 -0.00221467 -0.00492185
internal_weight=177726 15715 10497 1999 5218 8498 3660 4838 2157 1503 850 162011 66666 95345 27548 24738 41928 21872 67797 22489 40072 10731 29341 64482 9364 4032 55118 30804 24314 5332 2285 3809 3315 7741 22029 3285 1917 727 18744 3488 27175 19815 7360 3637
internal_count=177726 15715 10497 1999 5218 8498 3660 4838 2157 1503 850 162011 66666 95345 27548 24738 41928 21872 67797 22489 40072 10731 29341 64482 9364 4032 55118 30804 24314 5332 2285 3809 3315 7741 22029 3285 1917 727 18744 3488 27175 19815 7360 3637
cat_boundaries=0 2 9 11 18 20 22 25 27 29 31 38 44 51 57 64 71 73 80 87 89 96 98 105 112 119 121 123 125 132 139 141 143 150 153 155 161
cat_threshold=2290755714 70660108 1056784 8423544 4194336 136448 17825792 3 67240008 1075053133 20989521 536936468 33136 288 283904 269492224 2 16456 573833800 29412416 306283393 1077936128 540278784 8397124 4 33817096 12601344 2147681180 54820892 2148205196 38019100 268505344 52461732 146800896 46268425 8397184 8 151521536 18126881 19966108 12845056 417 4608 4522032 32901 54837424 142884864 10493960 33554436 2153844769 786432 524288 770 262144 4128 694272 65568 2164525097 537143436 541248 16777360 8528000 1107562504 138412032 1024 4194560 256 4194312 17039360 8 17301568 1058816 68818944 536881184 8192 8480 50467841 17827872 16 2304 557843464 0 532512 16778241 9488418 8 1056 1611965778 76187712 65552 0 0 262144 18350080 48 3392 1610917171 144867393 268497156 12583234 134488100 14684256 554733568 65568 67108872 536969216 2294415904 6291488 207892488 16896 2151743489 131400 1610629136 1048592 32768 50496 1589252 2147483665 83886080 69206016 67633152 1319184 8552512 1182801984 18881601 332288 2281702154 0 256 536879872 262146 1032 1342181648 100696322 134479876 321 1050916 16 67111968 136316992 17301504 203423808 17302528 536875008 1048640 32768 0 516 4194306 131072 671350785 136450432 18 1073750032 136347649 1073741840 0 0 2148532232 272 17
is_linear=0
shrinkage=0.05


Tree=140
num_leaves=45
num_cat=38
split_feature=6 2 2 0 2 2 0 2 1 0 2 8 0 0 0 2 8 0 2 2 10 0 2 1 2 0 0 0 8 2 0 6 0 1 0 1 0 1 2 0 0 2 2 2
split_gain=9.94539 24.2296 20.4189 19.6235 44.8991 39.2623 41.6937 21.947 21.215 32.9935 20.9048 20.7982 20.1639 20.0736 17.2865 16.8842 16.5532 24.3322 19.6547 18.7913 16.0346 26.2533 32.5796 27.7081 19.4282 36.9635 18.4256 17.4254 16.5696 16.2151 15.7653 15.7188 17.1256 15.6528 14.8293 14.504 14.2741 16.3146 13.6766 13.5165 13.3825 36.6275 22.9679 18.8225
threshold=3.5000000000000004 0 1 2 3 4 5 6 7 8 9 6.5000000000000009 10 11 12 13 7.5000000000000009 14 15 16 10.500000000000002 17 18 19 20 21 22 23 3.5000000000000004 24 25 5.5000000000000009 26 27 28 29 30 31 32 33 34 35 36 37
decision_type=2 9 9 9 9 9 9 9 9 9 9 2 9 9 9 9 2 9 9 9 2 9 9 9 9 9 9 9 2 9 9 2 9 9 9 9 9 9 9 9 9 9 9 9
left_child=1 14 39 4 12 6 -5 13 9 11 -11 -6 -4 15 -1 -7 36 18 30 -19 21 22 34 27 25 -22 28 -23 -25 -29 -18 32 -10 -24 -3 -13 37 -9 -28 -2 41 -26 -42 -43
right_child=2 20 3 5 8 7 -8 16 31 10 -12 35 -14 -15 -16 -17 17 19 -20 -21 24 23 33 26 40 -27 38 29 -30 -31 -32 -33 -34 -35 -36 -37 -38 -39 -40 -41 42 43 -44 -45
leaf_value=-0.0091287562910166101 0.0097676849019988164 -0.011911081670615243 0.0048839701625107536 -6.8725101414646161e-05 -0.00031822857501240254 0.0025021754623833631 0.0051607787794627049 0.0058650645024963758 -0.00080768304862071099 0.0041390553882448894 -0.0032775716420347881 -0.00112772782819901 0.0016081036346826949 -0.0039938921493173855 -0.00097953945411666243 -0.0038725740555128289 -0.0056359182326007513 0.0025105408432747889 -0.0042986223137811974 -0.0018433746613084334 -0.0053791296924199823 -0.0039419189654817891 0.005047210682384673 -0.0018607853861358327 -0.0037982589305732561 0.004324723693332322 0.010074920594937715 -0.01031208801892365 0.0062560117829437052 4.8418972401842454e-05 0.0048818282784217964 -0.00082080357470191165 0.0010835604440029179 -0.0022419653656023555 -0.0041652804823502365 -0.015269727500232901 -0.00050868870146753009 0.00072637537033737884 -0.0010071299112266007 0.00081626935424112266 0.0023306623791293003 0.0023339434421560945 -0.00027153681817182473 -0.00077063277978208227
leaf_weight=355 328 1317 3602 2861 379 934 2095 1910 4110 1084 921 207 6558 2492 860 514 404 3527 6596 3056 681 3257 993 1132 7030 2438 208 513 3743 6507 688 5103 7741 7369 1808 553 8332 6338 5260 474 13298 5406 29136 15608
leaf_count=355 328 1317 3602 2861 379 934 2095 1910 4110 1084 921 207 6558 2492 860 514 404 3527 6596 3056 681 3257 993 1132 7030 2438 208 513 3743 6507 688 5103 7741 7369 1808 553 8332 6338 5260 474 13298 5406 29136 15608
internal_value=-9.17142e-05 -0.000396094 0.000367901 0.000276369 0.00123563 -0.000454008 0.0037052 -0.00104738 -0.000134275 -0.00389981 -2.48139e-05 -0.0106614 0.00394297 -0.00455696 -0.00738776 0.000137174 -0.000597842 -0.0018464 -0.00375422 0.000386774 -0.000315001 -0.00124739 -0.00316169 -0.00017935 9.17157e-05 0.00394695 0.00164687 -0.00201711 0.00387922 -0.000611664 0.00245009 0.000565904 0.00156527 -0.00152891 -0.00751196 -0.0155263 0.000476478 0.00194962 -0.000346842 0.00825123 -7.94461e-05 -0.000926784 0.000480633 0.000118912
internal_weight=177726 106919 70807 70005 30258 39747 4956 34791 20098 3144 2005 1139 10160 3940 1215 1448 30851 14271 7688 6583 105704 32107 11487 20620 73597 3119 10343 10277 4875 7020 1092 16954 11851 8362 3125 760 16580 8248 5468 802 70478 28044 42434 21014
internal_count=177726 106919 70807 70005 30258 39747 4956 34791 20098 3144 2005 1139 10160 3940 1215 1448 30851 14271 7688 6583 105704 32107 11487 20620 73597 3119 10343 10277 4875 7020 1092 16954 11851 8362 3125 760 16580 8248 5468 802 70478 28044 42434 21014
cat_boundaries=0 7 14 16 23 30 32 39 41 43 50 52 54 56 63 65 72 79 81 88 91 98 100 102 104 110 112 114 117 119 121 123 126 131 133 135 142 149 156
cat_threshold=2149585153 220401664 8388608 270532608 67438608 67108992 4456452 37121 218234888 8388608 8388608 333824 0 458756 3288993066 132688972 536946704 2181079376 134250752 2300608736 16834564 2050 134217792 20725772 538970624 24576 72359952 303563040 4259873 16416 713040516 135528465 76832 41976064 140509440 151257313 25206788 3221227522 17302528 807412267 136569060 3221356552 67143680 1048576 8388608 4194304 1032 411042592 1073741832 1024 1073875978 557060 35717825 134234625 1210581208 13666316 8192 256 6291712 16777280 16777220 3221225472 1024 581206229 134234112 0 0 32 136448 512 0 67111168 536870912 1056866 32800 33718272 671088640 262144 8257 1680903175 79831624 1611677716 8399202 294912 414016 9961988 3 147776 3791759943 1080197424 65 37749856 38011169 2147483712 16785544 2164392068 36048901 134873088 3221325312 52431436 176357520 168840208 176620160 19456 0 72 0 4195328 134218240 4456448 33849409 16384 1322 42467396 2415927331 203522156 17 1140883460 4333568 270541314 36 44335701 134217745 335609985 335544588 4 0 8704 262400 4368 524320 705331225 100929628 2349468985 51119124 285214720 545259544 4776194 177374208 545804832 65568 1024 285213184 546324484 4243712 35045377 680018464 2147551234 66560 1612259332 2147491970 2359328 71569776 0 4196368 83886432
is_linear=0
shrinkage=0.05


Tree=141
num_leaves=45
num_cat=37
split_feature=5 0 8 0 1 1 1 0 8 1 0 10 3 1 0 0 0 0 1 0 0 1 1 0 0 3 0 8 0 1 1 3 0 0 0 0 1 1 1 8 0 0 1 5
split_gain=9.83839 35.8647 21.6021 27.7505 23.5275 18.8081 17.7041 24.8646 15.8814 20.6643 18.7973 32.3823 31.6537 27.454 26.9221 21.8903 18.316 18.2376 19.4785 18.6975 16.9254 19.8496 15.749 39.542 18.2427 37.7837 70.0245 24.2857 20.7986 32.7426 24.627 20.3726 112.18 36.2874 27.0607 26.7001 25.314 23.7143 20.1816 18.3011 19.0667 18.9755 17.1571 16.6367
threshold=264.50000000000006 0 10.500000000000002 1 2 3 4 5 6.5000000000000009 6 7 20.500000000000004 8 9 10 11 12 13 14 15 16 17 18 19 20 21 22 11.500000000000002 23 24 25 26 27 28 29 30 31 32 33 9.5000000000000018 34 35 36 93.500000000000014
decision_type=2 9 2 9 9 9 9 9 2 9 9 2 9 9 9 9 9 9 9 9 9 9 9 9 9 9 9 2 9 9 9 9 9 9 9 9 9 9 9 2 9 9 9 2
left_child=22 5 6 -4 -5 -2 7 -3 20 17 11 12 -11 15 -13 -12 -15 -10 19 -19 21 -7 23 -1 25 26 -24 -28 29 -27 -30 32 35 43 38 37 39 -26 -34 40 -35 -41 -36 -33
right_child=1 2 3 4 -6 8 -8 -9 9 10 13 14 -14 16 -16 -17 -18 18 -20 -21 -22 -23 24 -25 31 28 27 -29 30 -31 -32 33 34 36 42 -37 -38 -39 -40 41 -42 -43 -44 -45
leaf_value=-0.0038758366097955466 0.002939337617030577 0.002091692626452746 0.014841412132060606 -0.0014390351537577452 0.009276462844862849 0.011545402003123168 0.0018881927786825071 -0.0066965309090174403 -0.0057447959374790532 0.0011413259329796643 -0.010836629413801414 -0.004673360753659722 -0.0045481673321261301 0.007195173628369334 -0.002511162293528546 -0.0053176907542016212 -0.0029943914167904263 -0.0050900339172232356 0.00045610966437120151 0.013140249343206723 -0.00060522293332958559 0.0013100898801858885 -0.0049414126659441896 -3.9388386361904895e-05 0.0037380714922543691 -0.0031387309146989843 0.0020867730855738732 -0.0075745267548722357 0.003208011849733761 0.0040221100838962248 -0.00018961828664778582 -0.00019536105659880845 -0.001395538373786165 -0.0021633138597925042 0.013477594486413969 -0.0068807963847978887 -0.002040354180826032 -0.0025186738029497782 0.0037024674599926092 0.0029619825551915782 0.0031320865903958109 -0.0059666448131843021 0.0045325358715798984 0.003359161592426713
leaf_weight=5221 1341 833 1064 1232 826 530 12719 923 627 2631 457 176 1276 472 399 875 2678 138 1322 466 5956 3368 3641 10749 1314 1509 4298 363 3003 11622 16169 12785 2273 979 917 2844 37065 2822 3631 773 3021 1074 3734 7610
leaf_count=5221 1341 833 1064 1232 826 530 12719 923 627 2631 457 176 1276 472 399 875 2678 138 1322 466 5956 3368 3641 10749 1314 1509 4298 363 3003 11622 16169 12785 2273 979 917 2844 37065 2822 3631 773 3021 1074 3734 7610
internal_value=-0.000100154 0.000586718 0.00228034 0.00605381 0.00261122 -0.000726168 0.00146805 -0.00322763 -0.00108741 -0.0023487 -0.00347671 -0.00117988 0.000447914 -0.00576581 -0.0122609 -0.0117735 -0.0031962 0.0016192 0.00402893 0.0114007 0.00038563 0.00294268 -0.000301637 -0.00177722 -0.000107445 0.000757109 -0.00224976 0.00180903 0.00153034 0.00306293 0.000479616 -0.000541731 0.000966087 -0.000959458 0.00421675 -0.0039485 -0.00178463 -0.00137482 0.00196145 0.00127198 0.003175 -0.00284245 0.0070693 0.00077677
internal_weight=177726 40309 17597 3122 2058 22712 14475 1756 21371 11517 8964 4482 3907 4482 575 1332 3150 2553 1926 604 9854 3898 137417 15970 121447 40605 8302 4661 32303 13131 19172 80842 17535 63307 10555 6980 42912 4136 5904 5847 4000 1847 4651 20395
internal_count=177726 40309 17597 3122 2058 22712 14475 1756 21371 11517 8964 4482 3907 4482 575 1332 3150 2553 1926 604 9854 3898 137417 15970 121447 40605 8302 4661 32303 13131 19172 80842 17535 63307 10555 6980 42912 4136 5904 5847 4000 1847 4651 20395
cat_boundaries=0 2 4 7 10 13 15 17 19 20 23 24 25 26 28 30 32 34 37 40 42 44 45 47 49 52 55 56 58 60 62 64 67 70 73 75 77 79
cat_threshold=1614128666 198083585 2148139296 3158028 39915650 1073742120 4 1677721672 406847552 2 1074047000 134217748 91 109709696 2136 2421196800 2195468 1075127296 38535169 432 33628163 304 65 1073741824 26 16 262152 21135360 2147516416 65536 1073815552 262144 295434 25853952 36110593 0 1 3625981832 1214582888 4 3221790977 203852316 1621140042 161906696 140 40968 27525128 8200 27557896 537929730 268468358 17 604315651 163844 25 14 2248213765 101205012 2147550465 101205012 134613120 1054721 100663301 100664336 68249604 180614 17 571473953 67109142 65 38797312 67141906 3 262144 5257216 169214084 1052736 37912580 67239952
is_linear=0
shrinkage=0.05


Tree=142
num_leaves=45
num_cat=22
split_feature=6 2 2 2 6 5 8 2 2 2 5 8 5 3 2 2 5 4 3 1 5 6 6 3 2 2 5 5 2 5 2 3 5 8 1 3 2 6 2 5 5 2 8 5
split_gain=10.0222 18.6459 15.0962 14.9301 12.9352 19.0947 18.5143 15.3715 14.8951 12.8718 11.9798 15.9835 14.2271 11.7125 15.4708 12.8253 11.4684 10.7846 11.6139 12.5086 10.5298 27.1142 12.0349 21.7176 16.4736 15.0692 10.9512 10.9477 10.8895 10.3274 10.0219 17.1152 9.949 9.5806 11.787 8.94727 11.5013 8.78629 18.4437 15.7063 22.1261 20.3528 12.7813 13.4828
threshold=2.5000000000000004 0 1 2 5.5000000000000009 621.50000000000011 9.5000000000000018 3 4 5 82.500000000000014 11.500000000000002 71.500000000000014 6 7 8 1698.0000000000002 3.5000000000000004 9 10 1105.5000000000002 4.5000000000000009 3.5000000000000004 11 12 13 15.500000000000002 7.5000000000000009 14 1203.5000000000002 15 16 1.0000000180025095e-35 1.5000000000000002 17 18 19 1.0000000180025095e-35 20 94.500000000000014 93.500000000000014 21 3.5000000000000004 1050.5000000000002
decision_type=2 9 9 9 2 2 2 9 9 9 2 2 2 9 9 9 2 2 9 9 2 2 2 9 9 9 2 2 9 2 9 9 2 2 9 9 9 2 9 2 2 9 2 2
left_child=3 -2 -3 -1 8 7 -7 35 -4 -5 11 17 -13 15 -15 -12 20 18 19 -11 22 -22 23 25 -25 26 -10 -24 -29 -23 31 -9 -20 34 -16 36 -6 38 -35 40 -39 42 -41 -44
right_child=1 2 4 9 5 6 -8 30 16 10 13 12 -14 14 33 -17 -18 -19 32 -21 21 29 27 24 -26 -27 -28 28 -30 -31 -32 -33 -34 37 -36 -37 -38 39 -40 41 -42 -43 43 -45
leaf_value=-0.002796380224779571 0.00096793941517693278 -0.0025840137229717012 0.0014941660799804857 -0.0013117723049376085 0.010357489239204732 0.00041293943112649114 0.011988876908086699 0.0078495313572474017 -0.0081165160957754057 0.017626097604663018 -0.0043867453502429102 0.0039682419720248703 -0.010439619629862229 0.0066067799972260536 0.0067947478004467101 0.0014531027100073758 0.010861297181914965 -0.0074486990483454479 0.011105913856364669 -0.0012327780557809698 0.00033810149247598956 -0.0036814210475905832 0.0024222295888202353 0.0023035002527925898 -0.0027573115152801867 0.0019550873100420809 -0.0024173707798252342 -0.001356058227895185 0.00044756594319836921 -0.0034276534522820895 -0.00066666841505766134 -0.0006335149491425385 -0.0011401526097462257 -0.0062428774138625189 0.00082180126068729384 -0.0055904994490499245 -0.0021014249215041358 0.0036603343430576698 4.7689248863713732e-05 -0.0048125352058418398 0.017682443382884761 0.0024152205839533566 2.7958184870580106e-05 -0.015134731747803921
leaf_weight=2485 3326 783 15765 25827 117 299 159 534 697 412 2260 1418 177 1019 733 1536 223 588 182 398 330 73 570 6764 1414 1829 8861 1659 34579 62 16996 778 19620 790 1065 1462 254 1025 6373 1031 156 8073 4889 135
leaf_count=2485 3326 783 15765 25827 117 299 159 534 697 412 2260 1418 177 1019 733 1536 223 588 182 398 330 73 570 6764 1414 1829 8861 1659 34579 62 16996 778 19620 790 1065 1462 254 1025 6373 1031 156 8073 4889 135
internal_value=-8.72129e-05 0.000253245 0.000123119 -0.000501297 0.00018141 -0.000924802 0.00917031 -0.00115436 0.000494329 -0.000378939 7.5159e-05 -0.000783066 0.00404389 0.000747808 0.00113641 -0.0018392 0.000118274 -0.00114623 -0.000955754 0.00487805 7.38942e-05 -0.00741935 0.000135703 -0.000866343 0.00109917 -0.00227691 -0.00307274 0.000668333 0.000560185 -0.0262963 -0.000715144 0.00347958 -0.00119624 0.000881384 0.00439377 -0.00550733 0.00144357 0.000600748 -0.000844618 0.00127703 0.00681626 0.000813986 -0.00137675 -0.000338376
internal_weight=177726 97534 94208 80192 93425 20599 458 20141 72826 77707 51880 22795 1595 29085 25289 3796 57061 21200 20612 810 56838 465 56373 19565 8178 11387 9558 36808 36238 135 18308 1312 19802 24270 1798 1833 371 22472 7163 15309 1181 14128 6055 5024
internal_count=177726 97534 94208 80192 93425 20599 458 20141 72826 77707 51880 22795 1595 29085 25289 3796 57061 21200 20612 810 56838 465 56373 19565 8178 11387 9558 36808 36238 135 18308 1312 19802 24270 1798 1833 371 22472 7163 15309 1181 14128 6055 5024
cat_boundaries=0 7 14 21 28 35 42 43 50 57 58 60 61 68 75 82 89 90 93 94 101 108 115
cat_threshold=37512 201463808 8929280 67108880 2149986305 71307265 168165396 2151679040 33636357 8198 1 100663440 2097152 16777248 2147521152 86114306 8929568 73400328 134504483 4194432 34471936 1610678528 2164269314 2129920 19137536 687915556 1074003970 524296 536871184 2151948290 2129920 23478280 688440100 1342177280 589888 536872985 2147484264 4227072 409904 537531140 24 92416 138 37748736 172239233 4 8321 32768 2149912576 64 1114116 134228096 0 4096 0 2097184 83886145 66 4194304 75497472 276 268443652 64 138412064 2182123584 1048576 16 67119113 1090871300 80 0 2190513280 269486080 65568 67125257 268437504 9437728 138674464 134225920 8388608 2147485696 17408 269486081 33392 134217984 8192 526336 2147551264 18496 288 2151678083 2162692 68 14 0 0 0 262144 16777220 0 8 1073741824 545292304 8192 1088 8390656 1073741825 134217736 287596804 16388 136577026 2281701440 1048704 33554464 83887144
is_linear=0
shrinkage=0.05


Tree=143
num_leaves=45
num_cat=37
split_feature=4 0 2 5 0 0 1 2 2 0 2 5 0 5 10 2 0 2 0 0 2 4 0 10 0 1 0 2 1 0 2 2 0 0 2 0 2 2 0 2 2 0 2 0
split_gain=10.3286 32.2438 20.0107 12.1497 24.0069 14.0243 17.3703 14.8137 12.1061 14.5399 9.62948 8.97005 13.1769 8.71304 8.67618 32.3444 25.5526 23.4386 35.5957 23.4225 18.3496 20.2869 21.4155 13.8803 26.2378 21.9625 13.1287 22.7258 17.5374 13.1285 13.0328 11.2742 24.0056 11.3679 33.1493 31.7888 29.2702 22.7964 19.3244 25.4268 19.1886 18.3106 17.5366 16.8266
threshold=3.5000000000000004 0 1 76.500000000000014 2 3 4 5 6 7 8 1698.0000000000002 9 196.50000000000003 9.5000000000000018 10 11 12 13 14 15 2.5000000000000004 16 5.5000000000000009 17 18 19 20 21 22 23 24 25 26 27 28 29 30 31 32 33 34 35 36
decision_type=2 9 9 2 9 9 9 9 9 9 9 2 9 2 2 9 9 9 9 9 9 2 9 2 9 9 9 9 9 9 9 9 9 9 9 9 9 9 9 9 9 9 9 9
left_child=10 8 -3 4 -4 7 13 -5 9 -2 -1 14 -13 -7 15 16 -12 18 -17 20 21 -19 -23 24 -21 -26 27 -22 -28 -20 -31 32 -16 34 35 -33 41 38 39 -38 43 -35 -40 -36
right_child=1 2 3 5 -6 6 -8 -9 -10 -11 11 12 -14 -15 31 17 -18 19 29 23 26 22 -24 -25 25 -27 28 -29 -30 30 -32 33 -34 36 40 -37 37 -39 42 -41 -42 -43 -44 -45
leaf_value=0.0094850225366200913 -0.0021466925979995001 0.0039361385733802266 -0.015122841373031749 0.0047172617475283452 -0.0038515558477894675 -0.00048856144666587495 -0.0073430107563770223 -0.0054858658403893817 0.0016826480497878105 0.012065250839456983 -0.002022223440408033 -0.0035740590576258005 0.013979310904922061 0.022056013360167426 -0.005056614089571621 -0.012529356576746697 0.0035191750410152713 -0.0051593954237855177 0.0041898995103791803 0.0087025526798390537 0.0030939839243931625 0.0064660406268579607 -0.0060140158754513956 -0.0001733203224170657 -0.0062383339853806013 0.0031274661474413935 0.006679490566153079 -0.0066735220598840078 -0.0002574074472973975 -0.00020778132230885317 -0.010752163950002436 0.0054341086392800221 0.00038569873629881182 0.0040265240671253453 -0.0038889540768105358 -5.3580533861280478e-05 0.00058587948180381937 0.00036416568201401157 0.0028071824747001872 -0.011002608858416713 -0.00017724647104832016 0.00058835448563582249 -0.0025200888471086816 -0.00050366391975177616
leaf_weight=316 111 578 545 857 705 106 1241 817 1548 192 709 222 462 65 1687 643 1404 4472 603 1372 941 645 502 16249 741 1199 505 2108 5093 569 429 2401 2459 3094 2555 2664 506 53270 977 745 53615 3081 1153 3570
leaf_count=316 111 578 545 857 705 106 1241 817 1548 192 709 222 462 65 1687 643 1404 4472 603 1372 941 645 502 16249 741 1199 505 2108 5093 569 429 2401 2459 3094 2555 2664 506 53270 977 745 53615 3081 1153 3570
internal_value=-7.2021e-05 -0.00198817 -0.00410236 -0.00526921 -0.00944 -0.00359689 -0.00724332 -0.000475059 0.00362708 0.0126198 3.80204e-06 -1.25985e-05 0.00570175 0.00745856 -3.55964e-05 -0.000699246 0.00529911 -0.0010518 -0.00598935 -0.000722582 -0.00226254 -0.0044857 0.00143854 0.000401104 0.00335145 -0.000410256 -0.00081437 -0.00344884 0.000624108 -0.00195531 -0.00545635 0.000156704 -0.00240616 0.000240127 -0.000224485 0.00365517 0.000719333 0.000362683 -0.0036125 -0.00852498 -0.000553975 0.00398545 -0.000700935 -0.00320293
internal_weight=177726 6765 4914 4336 1250 3086 1412 1674 1851 303 170961 170645 684 171 169961 38184 2113 36071 2244 33827 14266 5619 1147 19561 3312 1940 8647 3049 5598 1601 998 131777 4146 127631 64805 5065 62826 56651 3381 1251 59740 6175 2130 6125
internal_count=177726 6765 4914 4336 1250 3086 1412 1674 1851 303 170961 170645 684 171 169961 38184 2113 36071 2244 33827 14266 5619 1147 19561 3312 1940 8647 3049 5598 1601 998 131777 4146 127631 64805 5065 62826 56651 3381 1251 59740 6175 2130 6125
cat_boundaries=0 2 9 11 13 14 21 28 30 37 39 46 48 55 57 59 66 68 70 73 75 81 84 86 92 99 101 103 110 112 119 126 128 135 142 144 149 151
cat_threshold=3148856 104079876 8193 0 0 10519872 553648132 262168 26696 2760736964 4723713 2357633921 21005329 32768 0 0 0 2203189256 0 0 1 8192 0 8192 4227072 16793600 2 1281 1072 1048576 34078720 0 1074268160 4 2153775113 16781312 33554448 2223898752 100712449 268439553 641739416 134242304 134221824 269224480 65545 151011368 3254791552 110654028 2148796452 2166390884 0 6299785 43012230 1111752704 131072 1175289922 91236352 1278477325 89710673 1073799176 2 4194336 1441792 32768 16 321 1209008132 72351825 34147008 134356488 537206849 0 70 134217736 72368129 16 1048576 32768 33588288 134217728 2147483680 268435585 4194316 66 2293376385 33556032 1312804 64 0 128 8388608 262144 20975617 545476739 138420736 402653184 335872016 2056 21250088 1083845544 136721417 2855382195 178521620 1345800 2154038016 2375680 22028464 6304 37748740 196672 2316402704 144705024 2952799920 234883128 324 9224 134365186 1076101121 525312 1074858240 2154038016 16386 17039537 534688 4194304 65536 76284160 67272712 1073744128 2151677952 0 17039361 32 4194304 65536 2952798352 234891288 356 1024 671137792 2147549185 1024 8913676 68698185 1114112 256 16384 160 8192 134291472 8651792
is_linear=0
shrinkage=0.05


Tree=144
num_leaves=45
num_cat=40
split_feature=2 4 0 2 3 0 0 0 2 0 1 3 0 0 4 2 0 0 2 2 0 0 2 0 2 2 0 2 0 0 2 0 1 8 2 0 3 0 0 2 2 0 8 2
split_gain=9.24322 8.915 28.3675 15.5465 13.0048 13.7739 12.7482 11.7837 11.847 13.9676 10.2618 11.7603 8.56467 8.33669 8.12447 53.1106 45.6121 39.4599 38.4188 30.7169 48.2875 29.9783 20.2666 18.8069 32.6915 30.7673 28.577 27.2056 39.5973 24.6649 17.4347 19.0926 16.1165 23.6728 15.0165 14.4935 23.1513 13.661 13.5895 13.2695 12.7796 12.7283 13.1183 12.5512
threshold=0 3.5000000000000004 1 2 3 4 5 6 7 8 9 10 11 12 2.5000000000000004 13 14 15 16 17 18 19 20 21 22 23 24 25 26 27 28 29 30 1.5000000000000002 31 32 33 34 35 36 37 38 8.5000000000000018 39
decision_type=9 2 9 9 9 9 9 9 9 9 9 9 9 9 2 9 9 9 9 9 9 9 9 9 9 9 9 9 9 9 9 9 9 2 9 9 9 9 9 9 9 9 2 9
left_child=-1 14 4 13 5 -3 -6 10 9 -9 -5 -12 -13 -4 19 17 18 22 21 20 32 -17 37 24 26 -26 -21 28 -25 34 31 -18 33 -2 -27 36 41 -16 -20 -29 -37 42 -32 -19
right_child=1 2 3 7 6 -7 -8 8 -10 -11 11 12 -14 -15 15 16 30 43 38 23 -22 -23 -24 27 25 29 -28 39 -30 -31 35 -33 -34 -35 -36 40 -38 -39 -40 -41 -42 -43 -44 -45
leaf_value=0.025982784226940139 -0.019441867965474979 0.001105546921838041 0.016112716471334321 -0.0090497804389840144 0.0073724290727098744 0.022407410764388271 -0.0056015884032859509 0.010117212960324352 -0.00055908022476948156 -0.014110425047414844 0.011993816209495651 -0.012784871558893147 -0.0032243137519547883 0.00051682470854130249 0.00072407652874995065 0.0052056779146117289 -0.0099732310122114531 0.0046348519065875669 0.0084314771609325326 -0.00078689137895322509 -0.00010855456820617615 -0.0062062416010811201 0.0033176918648664677 0.0057237341423047039 0.0014635656244172514 0.0080202750180408122 0.0084727653886630481 -0.0019482589537015373 -0.0010531598875415827 -0.0021632514141960968 -0.032550036735698666 -0.0019740836381126115 -0.003151040171766567 -0.0077315361498178307 -0.00044111642415705092 0.0029587325538268597 -0.0006978225164501195 -0.0056628925886278991 0.0023858706954232203 -0.00026633541067684066 -0.00089587931095827522 -0.0056467564949753916 -0.0092442201456723223 0.0094809673694382264
leaf_weight=102 196 301 108 866 455 275 700 126 2222 391 116 340 574 288 569 793 640 1751 1603 635 3585 1637 1913 1811 29466 961 1222 6596 1692 7939 115 1161 994 1135 1023 1723 2633 879 7497 75978 10618 1703 70 2324
leaf_count=102 196 301 108 866 455 275 700 126 2222 391 116 340 574 288 569 793 640 1751 1603 635 3585 1637 1913 1811 29466 961 1222 6596 1692 7939 115 1161 994 1135 1023 1723 2633 879 7497 75978 10618 1703 70 2324
internal_value=-7.3709e-05 -8.27544e-05 -0.00186335 -0.00375917 0.00364733 0.00972696 0.00055794 -0.00457481 -0.00245544 -0.00920304 -0.00760756 -0.00413462 -0.00606061 0.00566502 -1.22906e-05 0.000636477 -0.000296328 0.00441848 0.00217504 -0.000195522 -0.00371622 -0.00340164 0.000400475 -3.18064e-05 0.000845938 0.000539354 0.00731119 -0.000452449 0.0038571 -0.00186751 -0.00182349 -0.00648813 -0.00931478 -0.0129381 0.00310933 -0.00132172 -0.0037409 -0.00404664 0.0036663 -0.000635716 -0.000433163 -0.00795574 -0.0202564 0.00772338
internal_weight=177726 177624 6762 5031 1731 576 1155 4635 2739 517 1896 1030 914 396 170862 37629 30193 7436 11530 133233 5910 2430 3361 127323 41246 39389 1857 86077 3503 9923 18663 1801 2325 1331 1984 16862 4521 1448 9100 82574 12341 1888 185 4075
internal_count=177726 177624 6762 5031 1731 576 1155 4635 2739 517 1896 1030 914 396 170862 37629 30193 7436 11530 133233 5910 2430 3361 127323 41246 39389 1857 86077 3503 9923 18663 1801 2325 1331 1984 16862 4521 1448 9100 82574 12341 1888 185 4075
cat_boundaries=0 7 9 16 17 19 21 23 30 32 35 36 38 40 47 49 51 57 64 66 68 75 77 84 91 93 100 102 104 111 113 116 123 125 126 128 130 137 144 146 153
cat_threshold=0 0 1073741824 4 2151677952 4096 16 1051704 104079876 8193 0 0 8422464 16777216 262168 18496 260 1080 33562628 1049640 33562628 2794258758 134747144 0 1048640 40960 18087936 0 2147483648 67109120 1073774720 4227136 839909507 8454144 64 202 612892932 524288 738197638 524288 1358987264 2168488488 134250496 18104329 402792740 16 134365504 35653337 89272905 2752882591 25214988 537133060 2256 2359328 2147624384 8388608 2147549185 3242229760 2149797890 134218752 270532609 203423924 33554460 4472896 67309323 156559361 2098689 1053256 0 2147483656 0 1048584 4 16 64 2223352066 192990208 6161 8390800 2105376 201334848 8525824 2162688 134414336 8492 16810060 4751360 2182500384 17842432 2147485698 67108905 2147590146 8388608 135004288 33555328 33833284 4203696 536936963 1078198401 36 1613891105 5112329 8454402 134217728 0 1048704 260 134358080 26247680 3225747456 17039360 604905474 134217732 4194816 134283520 4 537919488 1056800 0 32776 512 262144 16779264 2155980800 169870340 14 2214855961 16384 33554496 4202560 6177 25462809 272637984 75763784 135168 2418147360 201392128 537141248 67119170 262144 128 0 32 67108864 65536 4 0 4227072 32768 16384 8480 0 16640
is_linear=0
shrinkage=0.05


Tree=145
num_leaves=45
num_cat=21
split_feature=5 2 2 2 2 10 1 3 2 5 5 10 8 5 2 5 2 5 5 8 8 5 2 2 2 2 5 2 4 6 3 8 3 10 10 10 10 1 8 3 1 3 1 10
split_gain=9.24572 28.8204 28.213 18.6852 14.434 13.8989 31.9877 28.0551 15.7317 15.08 14.2504 13.733 13.7123 16.1456 13.3616 12.8801 12.1249 13.0259 13.1249 12.0485 22.1707 29.1128 16.92 11.9499 11.5573 10.6765 11.5306 11.3949 9.7504 9.43586 10.009 9.24676 9.84098 9.74272 9.16271 8.76401 14.1098 16.395 14.8981 11.9433 18.3962 11.6712 9.55851 16.8118
threshold=252.50000000000003 0 1 2 3 17.500000000000004 4 5 6 244.50000000000003 154.50000000000003 22.500000000000004 5.5000000000000009 53.500000000000007 7 108.50000000000001 8 18.500000000000004 9.5000000000000018 9.5000000000000018 8.5000000000000018 4.5000000000000009 9 10 11 12 820.50000000000011 13 2.5000000000000004 1.5000000000000002 14 7.5000000000000009 15 13.500000000000002 13.500000000000002 5.5000000000000009 7.5000000000000009 16 9.5000000000000018 17 18 19 20 3.5000000000000004
decision_type=2 9 9 9 9 2 9 9 9 2 2 2 2 2 9 2 9 2 2 2 2 2 9 9 9 9 2 9 2 2 9 2 9 2 2 2 2 9 2 9 9 9 9 2
left_child=2 -2 24 -3 -4 8 7 10 34 11 15 14 13 -13 -9 -7 -10 18 19 20 22 -22 29 -8 -1 26 -5 -28 -12 30 -18 32 -31 -34 -6 39 37 38 -37 42 -41 -40 -19 -44
right_child=1 3 4 25 5 6 23 9 16 -11 28 12 -14 -15 -16 -17 17 35 -20 -21 21 -23 -24 -25 -26 -27 27 -29 -30 31 -32 -33 33 -35 -36 36 -38 -39 41 40 -42 -43 43 -45
leaf_value=-0.013693144319942086 0.0049125553353393638 -0.0028323972908771422 0.0047606889684764456 0.0010011096223961236 0.00031489668373075669 -0.0054761096035330194 0.0025410912786529519 0.00060795154264726709 -0.001610311091471961 -0.011030699106151551 -0.006951160812721075 0.063254514817815632 0.00071810558828037669 0.0075868757274654697 -0.0035239287875302506 0.0068214942442512728 0.0026998601104540445 0.0040652579117622491 -0.0026984852590627856 -0.0027917817427204452 0.0069981128650181473 -0.0059074813473817545 0.0031977251233227255 0.00079881461404868745 -0.0033724927986950094 -3.3519563127737409e-05 0.020440754932350383 0.0019336720307653989 -0.011689880811930155 0.0050052968446201223 -0.014613592647601981 -0.009714844299269566 -0.013536022941304682 0.0080984688487986765 0.0029662758610212031 -0.00073029718054984372 -0.00012832074526630821 -0.003017736852810482 0.025364429916612488 -0.0072707410702240738 0.0057704732658040549 0.0010168442530159693 -0.00088788107557661873 -0.014549176104087781
leaf_weight=105 2140 1924 873 10811 3024 614 976 3211 6548 132 454 52 193 62 1169 186 136 328 7770 1385 263 162 1255 28814 2266 27969 273 451 265 644 357 189 224 82 1510 677 60623 5788 176 342 2324 122 644 213
leaf_count=105 2140 1924 873 10811 3024 614 976 3211 6548 132 454 52 193 62 1169 186 136 328 7770 1385 263 162 1255 28814 2266 27969 273 451 265 644 357 189 224 82 1510 677 60623 5788 176 342 2324 122 644 213
internal_value=-9.11515e-05 0.000541682 -0.000296665 0.000248564 -0.00019917 -0.000242125 0.000592338 -0.00263075 -0.000560209 -0.00075585 -0.00853499 -0.000288031 0.00993485 0.0236842 -0.00100457 -0.004 -0.000704615 -0.000542323 -0.00203337 5.32255e-05 0.00169082 0.0123529 0.000121233 0.00127852 -0.00569089 0.000483373 0.00176267 0.00787293 -0.0136996 -0.00322777 -0.00902637 -0.000746269 0.00126316 -0.00601266 0.00231074 -0.000281455 -0.000414033 -0.00258022 0.00340102 0.00203843 0.0038864 0.0127517 -0.00213389 -0.00490196
internal_weight=177726 43568 134158 41428 131787 130914 36128 6338 94786 4819 1519 4687 307 114 4380 800 90252 83704 12467 4697 3312 425 2887 29790 2371 39504 11535 724 719 1632 493 1139 950 306 4534 71237 67386 6763 975 3851 2666 298 1185 857
internal_count=177726 43568 134158 41428 131787 130914 36128 6338 94786 4819 1519 4687 307 114 4380 800 90252 83704 12467 4697 3312 425 2887 29790 2371 39504 11535 724 719 1632 493 1139 950 306 4534 71237 67386 6763 975 3851 2666 298 1185 857
cat_boundaries=0 7 14 21 28 31 32 39 46 53 60 67 74 81 87 88 89 91 92 95 96 99
cat_threshold=2298740737 2375816 6818304 1048592 268599680 1075976197 32 2147549457 2686795917 4203264 8 335679616 1143078916 16416 2097280 34312192 268435460 404750496 687956483 37814272 83951616 34080896 33587232 16384 134217760 536870912 33558528 134221824 815939618 134291612 17 198 1075872256 75497474 134217728 69206080 18112513 65664 50399236 537919492 135266304 0 131072 1048832 2 2048 822346752 139601984 262146 4460672 33589264 264235 524608 8 0 0 33719296 0 16 67108873 17055744 10240 32768 4194432 2068 262176 64 2147483648 82048 0 0 0 4 32 303104000 542124353 8659200 50511880 4104 2147745810 64 0 10240 0 33685512 0 18 16 52 131073 67174404 392 536870912 4259848 64 256 570556416 0 66
is_linear=0
shrinkage=0.05


Tree=146
num_leaves=45
num_cat=26
split_feature=5 5 1 8 3 2 1 8 8 2 2 2 3 8 2 6 5 2 2 9 8 3 2 2 2 2 2 2 3 3 2 8 1 5 4 2 8 3 5 5 3 2 6 5
split_gain=9.46105 17.2916 18.0291 20.8248 13.5261 14.4687 9.9371 9.51219 18.9376 13.748 9.99484 8.4852 8.26859 8.16976 8.0877 7.92713 7.92126 28.3985 16.6573 8.97852 30.1443 32.5882 28.0894 27.4727 26.7809 22.7969 21.7052 18.4685 15.5465 13.5729 30.5159 19.9217 13.3364 13.3102 11.7502 11.4332 12.6778 40.6793 22.3082 31.0578 14.9207 15.8184 11.3093 13.0744
threshold=19.500000000000004 9.5000000000000018 0 1.5000000000000002 1 2 3 9.5000000000000018 8.5000000000000018 4 5 6 7 7.5000000000000009 8 5.5000000000000009 541.50000000000011 9 10 1.0000000180025095e-35 5.5000000000000009 11 12 13 14 15 16 17 18 19 20 6.5000000000000009 21 70.500000000000014 2.5000000000000004 22 10.500000000000002 23 110.50000000000001 122.50000000000001 24 25 5.5000000000000009 82.500000000000014
decision_type=2 2 9 2 9 9 9 2 2 9 9 9 9 2 9 2 2 9 9 2 2 9 9 9 9 9 9 9 9 9 9 2 9 2 2 9 2 9 2 2 9 9 2 2
left_child=1 2 3 -1 6 -6 -3 8 10 -10 13 -9 -7 -4 -2 -11 19 -18 -19 22 21 24 -16 -22 -21 33 -23 -24 -28 30 34 -32 -26 -25 -27 36 40 38 -38 -40 41 -29 -33 -44
right_child=14 4 7 -5 5 12 -8 11 9 15 -12 -13 -14 -15 16 -17 17 18 -20 20 23 26 27 25 32 29 28 35 -30 -31 31 42 -34 -35 -36 -37 37 -39 39 -41 -42 -43 43 -45
leaf_value=0.036436567207695794 0.0096108182034666759 -0.0061258661919589954 -0.00037371197853213194 0.0029731404039294754 -0.0062557028505510039 0.00095934690288054238 0.0052451235018203595 -0.0019139900696398206 -0.010301879801568915 0.0055170594225424589 0.0019472329084968321 0.0011375878966641412 -0.0022439470732008027 -0.0083845405861914246 0.0053590808856238022 0.009998475580145395 0.0092009304197332008 -0.0074729321200576633 0.00099538078311218743 0.010391837293092088 -0.0024431370981647382 -0.0027639487724754998 -0.0031154917907786962 -0.00028911308869200569 -0.0020072897342194754 -0.0033394824316585387 -0.0052814940100831438 0.013686657049049356 0.0057077161496856717 0.00016499658233836147 -0.0056981881437414899 0.0039226082060005831 0.0053528634562015958 0.0038410653891976288 -0.0066739134066660655 -0.00051139076152096903 0.020220715093060705 -0.00030224422770599448 -0.005473731218738398 0.0086678666054097464 0.00027131055282071382 -0.0051386352970528744 0.0097022599726413142 -0.013404897949380096
leaf_weight=105 250 189 2107 195 2253 1519 697 1486 103 542 1887 707 7939 399 1342 52 1064 559 6144 1951 4131 3037 2800 1651 822 3998 338 116 2302 48198 1469 4336 3025 3843 901 48598 816 4011 280 1037 8240 1683 254 350
leaf_count=105 250 189 2107 195 2253 1519 697 1486 103 542 1887 707 7939 399 1342 52 1064 559 6144 1951 4131 3037 2800 1651 822 3998 338 116 2302 48198 1469 4336 3025 3843 901 48598 816 4011 280 1037 8240 1683 254 350
internal_value=-9.56529e-05 -0.00111497 0.000771462 0.0125806 -0.00225054 -0.00270028 0.00368304 0.00026738 0.00145383 0.00911047 0.000239017 -0.00248518 -0.00183777 -0.0018283 3.49104e-05 0.0119205 2.03425e-05 0.00157719 0.000364964 -6.05234e-05 0.000297745 0.00267102 -0.000479521 -9.61942e-05 0.00530303 0.000155361 -2.63759e-05 -0.000622124 0.00328302 -0.000129377 -0.00168758 0.000584203 0.00286492 0.00323401 -0.00465472 -0.000449908 0.00070092 0.00249023 0.00804946 0.00406226 -0.000393465 -0.00450525 0.00210526 -0.00430464
internal_weight=177726 20180 7583 300 12597 11711 886 7283 5090 697 4393 2193 9458 2506 157546 594 157296 7767 6703 149529 80606 11475 68923 69131 5798 65000 5677 67581 2640 59506 11308 6409 3847 5494 4899 64781 16183 6144 2133 1317 10039 1799 4940 604
internal_count=177726 20180 7583 300 12597 11711 886 7283 5090 697 4393 2193 9458 2506 157546 594 157296 7767 6703 149529 80606 11475 68923 69131 5798 65000 5677 67581 2640 59506 11308 6409 3847 5494 4899 64781 16183 6144 2133 1317 10039 1799 4940 604
cat_boundaries=0 3 4 11 12 16 23 30 31 38 45 52 53 60 67 74 81 88 95 96 97 104 107 114 115 116 122
cat_threshold=1310722 1073782788 4 194 17039360 0 0 34865152 402653184 2147549201 16777224 131072 4096 0 0 33701888 1032 0 0 33588224 16777216 17 67110921 4136 0 0 17408 524304 0 9 12 33554432 262144 1073743888 4 8 16781312 262160 1073741824 2248157198 4489216 134616088 1057028 0 134217736 537919616 536903808 288 257 16777216 2147745824 67108864 48 268468608 37879808 134217728 77602824 16777216 69208065 16908288 268468480 71434340 142614562 146813960 537985154 137 131328 536879108 68 32 1347584 536871168 34 26633 17041409 2686461960 524864 17825936 165921 3255044112 134218848 65536 16787520 0 2147795264 16777472 2147745840 16802881 2164525056 539033614 2152202848 16777360 180994 33947656 134284288 64 448 536944656 51380752 4194560 393217 16794372 2 67119104 2415919362 409141632 64 24577 2239791537 8388864 148544 838926336 2151743520 4360 384 256 0 32784 0 64 0 32
is_linear=0
shrinkage=0.05


Tree=147
num_leaves=45
num_cat=29
split_feature=2 5 0 2 0 0 2 8 0 0 3 1 9 8 8 8 0 6 0 5 8 8 0 1 0 5 3 0 3 3 0 0 1 3 5 0 3 0 8 6 0 9 0 3
split_gain=9.15377 8.25522 32.6799 24.6886 27.7841 18.3151 17.3198 17.7867 18.1037 15.1826 14.8892 16.3278 15.8625 12.4526 12.3024 21.302 16.7044 15.9737 28.3748 15.4413 13.3498 12.4862 11.1827 10.5529 17.8724 14.472 12.4605 9.98964 9.97976 9.95588 17.8616 11.6713 9.86319 11.9352 10.659 9.59886 10.4983 19.4762 18.0864 11.1122 10.2103 8.85008 8.84342 13.1968
threshold=0 19.500000000000004 1 2 3 4 5 1.5000000000000002 6 7 8 9 1.0000000180025095e-35 8.5000000000000018 9.5000000000000018 8.5000000000000018 10 2.5000000000000004 11 9.5000000000000018 11.500000000000002 10.500000000000002 12 13 14 1.0000000180025095e-35 15 16 17 18 19 20 21 22 17.500000000000004 23 24 25 6.5000000000000009 5.5000000000000009 26 1.0000000180025095e-35 27 28
decision_type=9 2 9 9 9 9 9 2 9 9 9 9 2 2 2 2 9 2 9 2 2 2 9 9 9 2 9 9 9 9 9 9 9 9 2 9 9 9 2 2 9 2 9 9
left_child=-1 2 6 5 -5 -4 22 8 -8 32 12 -12 -11 -14 15 16 -6 20 -19 -17 28 -20 -2 25 -25 -7 -26 -23 -16 30 -18 -31 33 34 -9 -27 39 -38 -39 -37 -41 -34 -43 -44
right_child=1 -3 3 4 14 23 7 9 -10 10 11 -13 13 -15 17 19 29 18 21 -21 -22 27 -24 24 26 35 -28 -29 -30 31 -32 -33 41 -35 -36 36 37 38 -40 40 -42 42 43 -45
leaf_value=0.023944412187908083 0.0020977572742386153 1.0042433596757494e-06 -0.0052880141661586083 0.002940477221731741 -0.0093122908136006998 0.023018908248954407 0.024641460467981026 0.028416157112348531 -0.0014856957878453536 0.0086428093172431723 -0.011604723766443071 0.0014711869733564755 0.0048294633539239795 -0.011244993439869689 -0.0048164149330298563 0.0055623019616566575 0.012175578252000153 -0.0033110947757116539 0.0067227044317495601 -0.0033286560339585549 0.0013146772115449014 -0.0061299613162509427 -0.0060448438367271765 -0.0042246076268772194 -0.018991057204781017 0.00048744790062587863 0.0013606886666562013 0.0027965439654796479 -0.014275087133184783 -0.0060949567680542273 -0.00075567249791002049 0.00074936858197354188 0.0027229143078594644 0.0062226665712258574 -0.0018210398077503909 -0.0038250037063663036 -0.0050737131957380669 -0.0027924745639760053 0.020740879577322381 0.0046425392983634019 -0.0064397749125190418 0.0048673771240514115 0.0034974830687526607 -0.012738652351400953
leaf_weight=111 308 157436 2389 2007 617 69 232 200 126 375 543 713 180 105 133 327 225 208 185 79 113 100 326 329 183 1804 360 169 267 357 452 493 348 664 49 2927 798 224 283 103 422 132 135 120
leaf_count=111 308 157436 2389 2007 617 69 232 200 126 375 543 713 180 105 133 327 225 208 185 79 113 100 326 329 183 1804 360 169 267 357 452 493 348 664 49 2927 798 224 283 103 422 132 135 120
internal_value=-0.000111407 -0.00012076 -0.0010729 -0.00215889 0.000452804 -0.00367135 0.00265002 0.00389115 0.0145251 0.00283389 -0.000207684 -0.00339652 0.0058209 -0.00298246 -0.00210174 -0.000156863 -0.00214552 -0.00634043 -0.00120846 0.0103448 -0.012963 0.00581897 -0.00496894 -0.00244941 -0.00759637 -0.00176205 -0.00189873 -0.000929368 -0.01725 0.000683149 0.00516739 -0.00290698 0.00633293 0.00980498 0.019112 -0.00200427 -0.0031781 0.000646388 0.0082205 -0.00462161 -0.0113333 0.00194631 -0.00322997 -0.00849057
internal_weight=177726 177615 20179 15623 5732 9891 4556 3922 358 3564 1916 1256 660 285 3725 2550 2144 1175 662 406 513 454 634 7502 872 6630 543 269 400 1527 677 850 1648 913 249 6561 4757 1305 507 3452 525 735 387 255
internal_count=177726 177615 20179 15623 5732 9891 4556 3922 358 3564 1916 1256 660 285 3725 2550 2144 1175 662 406 513 454 634 7502 872 6630 543 269 400 1527 677 850 1648 913 249 6561 4757 1305 507 3452 525 735 387 255
cat_boundaries=0 7 9 16 18 20 27 29 31 32 33 35 37 39 41 43 44 46 47 48 50 52 55 56 58 59 61 63 65 66
cat_threshold=0 0 1073741840 4 4194304 16781312 16 33294 45146120 17039360 0 0 2182496256 16777232 2151743505 131081 2317159712 88080452 134294560 67764292 40 0 0 1024 134479872 17 524288 518 8200 522 43008000 152 33587264 1073750081 263184 67248272 134217728 32772 2146312 38174720 12714240 1074790401 17040385 288 0 1 36 176 545390720 133632 545390720 135680 4292672 75497472 66 338 1140850753 16781329 48 2183528720 1024 2149580800 262656 2 34603008 288
is_linear=0
shrinkage=0.05


Tree=148
num_leaves=45
num_cat=37
split_feature=4 0 5 1 0 1 0 0 1 3 3 3 0 1 1 0 0 8 0 3 0 3 0 1 0 1 0 1 0 9 1 0 1 0 0 1 0 3 1 0 10 10 0 10
split_gain=8.54238 25.1751 14.2389 18.0977 16.3295 10.7229 13.3288 9.12593 16.0051 9.0629 8.89965 8.64304 79.2556 32.5304 32.3864 51.4128 42.4402 30.1755 28.7015 77.2952 64.9398 60.8654 84.3849 26.6728 25.1401 23.4318 27.5952 23.3417 22.8275 21.8585 20.3803 21.8027 20.3783 20.0392 19.9901 29.2324 35.8487 35.339 26.0634 19.8863 19.2218 18.3125 19.8514 17.8911
threshold=3.5000000000000004 0 118.50000000000001 1 2 3 4 5 6 7 8 9 10 11 12 13 14 1.5000000000000002 15 16 17 18 19 20 21 22 23 24 25 1.0000000180025095e-35 26 27 28 29 30 31 32 33 34 35 22.500000000000004 21.500000000000004 36 19.500000000000004
decision_type=2 9 2 9 9 9 9 9 9 9 9 9 9 9 9 9 9 2 9 9 9 9 9 9 9 9 9 9 9 2 9 9 9 9 9 9 9 9 9 9 2 2 9 2
left_child=11 5 4 -4 10 6 -2 9 -9 -5 -3 12 13 -1 15 -14 32 -17 19 20 29 22 -20 33 -22 26 40 28 -15 -13 -24 -32 -16 -23 38 36 37 -36 -25 -29 -21 -18 -43 -40
right_child=1 2 3 7 -6 -7 -8 8 -10 -11 -12 18 14 27 16 17 41 -19 21 25 24 23 30 34 -26 -27 -28 39 -30 -31 31 -33 -34 -35 35 -37 -38 -39 43 -41 -42 42 -44 -45
leaf_value=0.012195885790859552 0.013297301623150126 -0.017637026233043484 0.016716335600621274 -0.0025678036087029899 -0.0043630796477691141 0.00035436526901194145 0.0048415216749700396 0.0052996526404239354 -0.0075490876220694839 0.004753026250060648 -0.0042360230213293491 -0.0026308145596474763 -0.0020837355609979679 -0.0098958826612229669 -0.022076876735011526 0.04492970580575531 -0.0013654219179885742 0.0068389975442816999 0.010693068912029086 0.0047224637363926019 -0.026609612923533123 -0.006636773936720625 -0.0013713203716738899 0.0022695685538760778 -0.0080384926596499991 -0.00048545116982997574 -2.3424739169988775e-05 0.00084876545049213385 0.00035308940142037004 0.0033249024960507524 -0.0039897727252580341 0.006078777188461993 -0.0075970032698268689 -0.0005683829584712752 0.0065709358867135585 5.7822431942644585e-05 0.0081528861043654432 -0.0012857311500884955 -0.0012284751388894511 0.0063758042783752245 0.039602473694770303 -0.0024772873191904578 0.011115269900221481 0.0014613031430630752
leaf_weight=1663 125 581 110 799 1116 1614 390 243 834 630 323 2066 2287 713 256 187 18389 1943 3684 3113 411 1418 3837 3350 3738 38222 6664 5232 1984 1607 460 1724 3388 1782 877 17875 2943 2438 24871 9058 135 359 530 3757
leaf_count=1663 125 581 110 799 1116 1614 390 243 834 630 323 2066 2287 713 256 187 18389 1943 3684 3113 411 1418 3837 3350 3738 38222 6664 5232 1984 1607 460 1724 3388 1782 877 17875 2943 2438 24871 9058 135 359 530 3757
internal_value=-0.000112533 -0.00185514 -0.00391735 -0.00149083 -0.00707921 0.00264142 0.00885714 -0.00238474 -0.00584177 0.000243224 -0.012035 -4.35772e-05 0.000542403 0.00305466 -0.00117189 0.00274452 -0.00192744 0.00831776 -0.000259237 -0.00110067 -0.00570735 0.000423029 0.00409161 -0.000177846 -0.00999038 -0.00035103 0.00181415 0.00239748 -0.00186553 -0.000855281 0.000439396 0.00428441 -0.00686918 -0.00461059 7.57292e-05 0.00116183 0.00410019 0.000526316 -0.000744029 0.0032028 0.00558625 -0.000990253 0.006018 -0.00123263
internal_weight=177726 6765 4636 2616 2020 2129 515 2506 1077 1429 904 170961 45989 18650 27339 4417 22922 2130 124972 55956 7822 69016 9705 59311 4149 48134 9912 16987 2697 3673 6021 2184 3644 3200 56111 24133 6258 3315 31978 14290 3248 19278 889 28628
internal_count=177726 6765 4636 2616 2020 2129 515 2506 1077 1429 904 170961 45989 18650 27339 4417 22922 2130 124972 55956 7822 69016 9705 59311 4149 48134 9912 16987 2697 3673 6021 2184 3644 3200 56111 24133 6258 3315 31978 14290 3248 19278 889 28628
cat_boundaries=0 2 4 6 8 10 12 14 15 16 17 19 22 25 27 29 31 32 34 35 37 40 42 45 47 49 51 54 56 58 60 62 64 66 67 70 72 74
cat_threshold=1051705 120857108 65600 4227328 2760671300 4740160 2952986816 1352728592 1049608 33554944 2894504576 4248640 537034752 4 288 36 32 704749898 94171148 2147490338 1073742097 7 1194245 204930 80 1077676544 171966545 67109924 2099200 672377098 127721988 8 135397640 34127872 8 2216690725 4328528 679478816 6357089 64 65536 16777220 75513888 1189331056 64 536938498 100941824 65601 2293888 8256 67145732 36966404 1077973250 21 1073742336 136314880 2147483648 1140850944 2147484689 6422616 2359541 136273 2217836993 201334792 2223506432 2097160 336 3292547073 268603782 26 134283528 266248 3221487745 37749825
is_linear=0
shrinkage=0.05


Tree=149
num_leaves=45
num_cat=42
split_feature=2 0 3 2 0 2 6 0 2 2 2 0 1 0 0 2 0 10 0 3 0 0 2 2 2 3 0 2 2 2 0 2 0 0 2 0 0 0 2 2 3 0 2 2
split_gain=8.61715 34.1554 14.1812 13.3685 8.50307 8.38963 8.1544 33.2689 36.1281 28.5312 13.6608 22.2898 15.1829 14.2835 12.8637 11.4367 22.4317 12.2484 10.9043 56.3942 75.2772 70.9614 58.0931 53.8408 49.5229 44.3179 44.5965 40.8343 39.0061 31.0885 41.8168 29.5656 26.321 25.6804 25.4316 29.2852 28.216 25.4253 28.125 24.2506 23.6885 27.0152 23.6774 22.8014
threshold=0 1 2 3 4 5 1.0000000180025095e-35 6 7 8 9 10 11 12 13 14 15 7.5000000000000009 16 17 18 19 20 21 22 23 24 25 26 27 28 29 30 31 32 33 34 35 36 37 38 39 40 41
decision_type=9 9 9 9 9 9 2 9 9 9 9 9 9 9 9 9 9 2 9 9 9 9 9 9 9 9 9 9 9 9 9 9 9 9 9 9 9 9 9 9 9 9 9 9
left_child=1 -1 3 4 -3 -2 7 8 -7 14 11 12 -10 -12 -9 16 17 -11 23 21 24 22 37 33 -21 26 39 -23 -22 30 -29 32 -28 -8 36 42 -27 -20 -39 -25 41 -26 -36 -30
right_child=5 2 -4 -5 -6 6 18 9 10 15 13 -13 -14 -15 -16 -17 -18 -19 19 20 28 27 -24 25 40 34 31 29 43 -31 -32 -33 -34 -35 35 -37 -38 38 -40 -41 -42 -43 -44 -45
leaf_value=-0.005304449705189198 0.012401893651128405 0.0092679810635047707 0.010291550886061682 -0.0058824195088251346 -0.00025333293208758826 -0.0029052433094070907 0.0078723664299797831 -0.0023994469419682308 0.0086594834725698851 -0.018256992493729557 0.0033137274887374505 0.0021454309964461711 0.0063215487382808026 -0.00067698819963937231 0.0069457003021150768 -0.0029200655350800856 -0.008920404461561093 0.0003070918528181477 0.014641968193190236 -0.0056897098350722208 -0.0031439847364922672 0.0035633891207483507 0.0024955530514519488 -0.0067412903835920718 0.003008445002220517 -0.0055304079962609611 0.0091972179577846092 -0.0001987062821464658 0.0045542367018944433 -0.00016798628497111112 -0.015813543639198024 -5.5158114903391958e-06 0.001577950183338739 0.00068917260364256274 0.00440992664250327 -0.0021371677327951867 -0.001737545910404087 -0.0050249202930628348 0.0078243410960933124 -0.00053835224410152542 -0.00037127858227758992 -0.0093853367415637611 -0.00044287499885533601 0.00065539250652853209
leaf_weight=940 248 225 269 364 254 2735 1671 269 501 57 2935 1740 175 3160 810 12021 656 686 1603 5223 2215 4191 13683 1036 504 1824 3646 529 2769 21921 411 6800 4367 2875 3125 22563 3659 407 2087 1973 7583 1122 13488 18406
leaf_count=940 248 225 269 364 254 2735 1671 269 501 57 2935 1740 175 3160 810 12021 656 686 1603 5223 2215 4191 13683 1036 504 1824 3646 529 2769 21921 411 6800 4367 2875 3125 22563 3659 407 2087 1973 7583 1122 13488 18406
internal_value=-0.000132789 -0.00334627 0.00258467 -0.000644783 0.00480573 -9.5057e-05 -0.000108302 -0.000930278 0.00111052 -0.00251223 0.00271682 0.00589448 0.0135569 0.00144963 0.00528007 -0.00314222 -0.00741661 -0.00139442 3.30703e-05 0.000417352 -0.00100444 0.00161679 0.0040697 -0.000440801 -0.00384296 -0.000823319 0.00128421 3.69522e-06 0.000747863 -0.00082856 -0.00968421 0.00241179 0.0044684 0.00480685 -0.00166447 -0.00121727 -0.00485163 0.00928902 0.00607029 -0.00425638 -0.0016325 -0.00709046 0.000375985 0.00140902
internal_weight=177726 2052 1112 843 479 175674 175426 25745 11246 14499 8511 2416 676 6095 1079 13420 1399 743 149681 82654 37822 44832 17780 67027 14432 62481 17822 27052 23390 22861 940 14813 8013 4546 44659 39176 5483 4097 2494 3009 9209 1626 16613 21175
internal_count=177726 2052 1112 843 479 175674 175426 25745 11246 14499 8511 2416 676 6095 1079 13420 1399 743 149681 82654 37822 44832 17780 67027 14432 62481 17822 27052 23390 22861 940 14813 8013 4546 44659 39176 5483 4097 2494 3009 9209 1626 16613 21175
cat_boundaries=0 7 9 10 17 19 26 28 35 42 49 51 54 56 58 64 66 68 69 71 73 80 87 94 95 97 104 111 117 119 126 128 130 137 139 141 143 148 155 156 158 165 172
cat_threshold=73400704 2838528 33563684 274726913 67109906 34603020 786592 1177035947 143285261 432 256 0 8228 1 0 33554440 262144 1081680 100958272 34078720 262144 1073743888 4 4194312 4096 16 245630502 43052609 1075052552 2148565842 6291456 17171520 563744 2147549200 18440 12 50331654 134217984 150995232 536907776 2151940112 147520 94208 134227968 262144 34603008 17850628 262178 16778240 167772192 33856 5243072 32768 4 67372038 1059329 1073807360 218759176 536948768 75538984 4194304 1048704 8396804 1073741826 538116121 67895316 213124662 36728385 176 2684428544 9306124 2181112128 26083340 1090527252 66 6291456 299080 151028484 1073807408 16788800 1333280 603982352 12599808 8464 269047840 1075839105 134283328 17131556 603979776 262144 135299400 16818180 2083 67265600 78 1024 35668992 285286408 2252341888 134266880 38272 8446464 2147549218 25608 1090813960 67110994 0 134227328 285235232 1080295457 16777280 1054769 0 12583168 8 403179524 1 1610745865 134217728 16777224 34603040 0 2148814848 17826048 262160 139273 77594672 2624 1049620 18433 16785428 42991744 136871936 67371008 8421892 65552 4344840 68420610 36725760 1072 27136 65856 17432576 16 0 0 64 768 0 34611200 0 1232960 16777216 262144 67108864 4 0 8781824 805307393 2147516492 0 64 687866112 2151677954 67117056 10272 2147524896 262146 76808200 1049092 2147485696 132096
is_linear=0
shrinkage=0.05


Tree=150
num_leaves=45
num_cat=38
split_feature=2 2 8 0 2 0 2 2 2 2 5 1 0 2 2 0 0 8 0 0 2 2 0 1 0 0 2 5 1 8 2 0 0 2 2 0 2 2 0 1 10 0 2 2
split_gain=8.28496 8.10917 8.34009 50.0698 49.3379 47.4649 39.4713 36.6372 31.0412 28.5518 24.3876 34.8963 27.4329 47.4755 28.6898 27.2663 23.643 26.6114 22.709 21.5997 28.1132 20.3895 25.9397 19.8776 33.3818 19.6602 46.1135 27.4789 20.3567 18.8475 23.3917 32.6772 24.2621 32.9392 22.1187 19.5322 36.0876 33.4099 22.0462 30.1358 19.0629 19.0383 18.2283 17.4113
threshold=0 1 7.5000000000000009 2 3 4 5 6 7 8 160.50000000000003 9 10 11 12 13 14 9.5000000000000018 15 16 17 18 19 20 21 22 23 118.50000000000001 24 3.5000000000000004 25 26 27 28 29 30 31 32 33 34 20.500000000000004 35 36 37
decision_type=9 9 2 9 9 9 9 9 9 9 2 9 9 9 9 9 9 2 9 9 9 9 9 9 9 9 9 2 9 2 9 9 9 9 9 9 9 9 9 9 2 9 9 9
left_child=-1 -2 5 4 16 6 -3 -6 18 -8 19 15 13 -13 -14 -12 17 -4 -5 43 -21 22 -7 24 -22 26 27 -9 -27 30 31 -23 33 -32 41 37 38 -36 39 -37 -40 -31 -34 -10
right_child=1 2 3 8 7 21 9 25 10 -11 11 12 14 -15 -16 -17 -18 -19 -20 20 23 29 -24 -25 -26 28 -28 -29 -30 34 32 -33 42 -35 35 36 -38 -39 40 -41 -42 -43 -44 -45
leaf_value=0.013973142930895112 -0.0059018318711453023 -0.0017570745485693763 0.028102353572620697 -0.0097579750699848377 -0.0070746467882965907 -0.00066607297815453055 0.010253448974177772 -0.0065547905331905243 0.0029194013715792056 0.0020166516566143323 0.0012415438435482984 0.0008744662291998509 -0.00033625145895424535 -0.0047029548269542755 0.0053535800213005136 0.0080284121988422052 0.00029423563900016214 0.0020312815982556354 -0.00047648914131392939 -0.0046561114465643707 -0.0022572550079049238 -0.0098444083737710356 0.0076313139001033875 -0.00046853379639943959 0.0083159159973051223 0.0010511837745994957 -9.0350348710194211e-05 -0.012427551241452417 -0.0021708048990024542 0.00097129287988903111 0.0069279349797211013 -0.00079070352853485295 0.0014982825610714125 -0.0017532710565987708 0.0020586703835720477 0.013611418520806308 -0.00038879137206978556 -0.0015526929294810699 0.0038290827106923168 -0.0041081298285225503 0.012948926375834903 -0.0084087570066881719 -0.0018729915895231543 -0.0013498213434920414
leaf_weight=141 244 4285 475 911 1521 2151 583 385 8850 20859 2074 3324 3690 2930 5060 2317 3747 541 1796 4199 481 2016 1910 15503 746 2445 1118 581 15712 346 2236 2769 1339 1759 4234 434 13851 11503 6412 1780 707 617 15744 3400
leaf_count=141 244 4285 475 911 1521 2151 583 385 8850 20859 2074 3324 3690 2930 5060 2317 3747 541 1796 4199 481 2016 1910 15503 746 2445 1118 581 15712 346 2236 2769 1339 1759 4234 434 13851 11503 6412 1780 707 617 15744 3400
internal_value=-0.000117597 -0.000127537 -0.000114744 -0.000485294 -0.00227059 0.000202544 0.00203792 -0.00327944 0.00037167 0.00291348 0.000640879 0.0020495 0.000899161 -0.00162835 0.00270548 0.00596455 0.00233606 0.00906433 -0.0048399 -0.000182344 -0.00115813 -0.00047409 0.00295996 -0.000238949 0.00586095 -0.00271345 -0.00730659 -0.0152664 -0.00218253 -0.000686619 -0.001738 -0.00489051 -0.00101954 0.00248439 -5.01454e-06 0.00018109 0.00110373 -0.001178 0.0035053 -0.000854317 0.00486043 -0.00745118 -0.00183993 0.0014845
internal_weight=177726 177585 177341 81806 26525 95535 25727 21762 55281 21442 52574 19395 15004 6254 8750 4391 4763 1016 2707 33179 20929 69808 4061 16730 1227 20241 2084 966 18157 65747 25863 4785 21078 3995 39884 38921 23184 15737 9333 2214 7119 963 17083 12250
internal_count=177726 177585 177341 81806 26525 95535 25727 21762 55281 21442 52574 19395 15004 6254 8750 4391 4763 1016 2707 33179 20929 69808 4061 16730 1227 20241 2084 966 18157 65747 25863 4785 21078 3995 39884 38921 23184 15737 9333 2214 7119 963 17083 12250
cat_boundaries=0 7 14 16 23 25 32 38 45 52 55 57 64 71 73 75 77 79 86 93 95 98 100 102 109 112 119 121 123 130 137 139 146 153 155 158 160 166 173
cat_threshold=524288 0 1073741840 4 4194304 4096 16 128 593920 1024 2097152 67108866 1048576 128 538968790 209750032 17041416 673188128 6324512 135401472 8992 4261888 151127048 536871622 209750040 1312824 2198863904 4194592 4329672 49184 1080100896 147520 36912 12615878 142614528 75497473 562042884 2147483689 1612775428 2690777856 136314976 155189504 287360 37748738 933888 268440576 549453844 134217728 0 141312 10 134217728 110100489 205521268 67 1074538785 17170433 16 134219868 294912 33821704 8524036 0 16777473 16793600 134217884 303104 283657 8392964 0 218112320 2147877888 54813765 538968064 32768 2383421696 1049097 8725760 51269696 17825792 96 32768 34865152 402653440 0 11528 296 2287993600 48251456 22028552 8716440 2097152 802816 1076406568 55317573 671099331 268447749 16 2215643136 3146244 2097152 32768 1073152 0 0 4489216 134217728 0 67110913 65536 134332425 2 536886785 603981848 557056 134234272 135936 264218 134176 2292655105 2650628 2294825 20971520 65552 32802 0 2147877952 16785408 3221225504 67117128 33554433 8650789 8454 67108881 43008 33619968 184550432 1216939049 56905732 2684372996 654321864 134217728 2290122880 537399584 1078198273 10240 806457360 1050778 32768 33838304 1053184 2147485746 131136 2490368 65 2 2130048 4 1082394897 22152256 1342193668 41992192 270624 17 17303588 2147549217 16781320 64 0 2181448704 150994944 2147549184 10241
is_linear=0
shrinkage=0.05


Tree=151
num_leaves=45
num_cat=35
split_feature=2 0 2 10 2 0 0 2 0 3 2 0 3 0 6 0 2 0 0 3 0 2 1 9 0 1 0 10 3 2 10 1 3 1 0 3 3 6 10 10 1 6 0 2
split_gain=8.96611 26.8235 8.26083 8.00354 24.48 35.1281 22.8381 25.0541 17.6922 17.2218 15.8041 16.644 15.2244 42.6553 25.9968 16.1609 15.0964 16.6492 15.6017 17.028 14.9065 16.5868 13.1931 13.1859 20.1478 13.9051 14.9736 19.8605 13.0059 11.5435 11.4545 10.6239 12.3859 10.0873 10.0735 9.92549 9.90485 15.329 9.76388 8.71189 8.70534 8.65423 32.5059 28.5127
threshold=0 1 2 9.5000000000000018 3 4 5 6 7 8 9 10 11 12 4.5000000000000009 13 14 15 16 17 18 19 20 1.0000000180025095e-35 21 22 23 2.5000000000000004 24 25 5.5000000000000009 26 27 28 29 30 31 3.5000000000000004 8.5000000000000018 7.5000000000000009 32 4.5000000000000009 33 34
decision_type=9 9 9 2 9 9 9 9 9 9 9 9 9 9 2 9 9 9 9 9 9 9 9 2 9 9 9 2 9 9 2 9 9 9 9 9 9 2 2 2 9 2 9 9
left_child=1 -1 -2 4 5 9 7 8 29 -4 11 -8 13 -12 15 -15 18 -18 19 -9 23 -22 38 24 -14 34 31 -28 -19 -6 -17 39 -33 36 -25 -13 -30 -38 -21 -27 -20 -5 -43 -44
right_child=2 -3 3 41 6 -7 10 16 -10 -11 12 35 20 14 -16 30 17 28 40 22 21 -23 -24 25 -26 26 27 -29 33 -31 -32 32 -34 -35 -36 -37 37 -39 -40 -41 -42 42 43 -45
leaf_value=0.0017427744943385338 0.013274485784350355 -0.0018021440511246157 0.0032423060493965042 0.0002138686861199779 -0.0082900238849136117 -0.0081067933855989479 0.00097605757580692125 -0.0063150846784068466 0.0061263209794800771 -0.0070506082307402358 -0.0085744854079929881 0.0041139437427566766 0.01020228458243252 -0.0060561117912506686 0.014347147356436097 0.022999737507560195 0.00086952892948104492 0.0088051773779538652 -0.008656374137861151 -0.012848684601590738 0.0071907178319982282 -3.2494097134017076e-06 0.0045068519382274524 0.0085141450283409692 -0.0028733756817404866 -0.0086762856163522303 0.021451589871803511 0.0096354316456976237 -0.002980979549875723 0.0050107767874503165 0.0020739113021863184 -0.0010862889071050375 0.01197409836897847 -0.0016082269071881873 -0.00072884969799412729 -0.0086122086722636767 -0.021499129181130523 0.0034593760949015008 0.0017259484715260011 0.0086234435851823676 -0.0010255955720331223 0.00041177267591634148 -0.003397090845468759 -0.00086141455632092749
leaf_weight=768 141 1728 1094 100457 263 1798 1021 1928 994 213 1164 142 1010 658 349 132 5745 199 446 129 435 5947 543 890 1431 73 108 601 1332 228 792 226 313 3505 825 1052 426 160 54 61 3048 17242 2758 15297
leaf_count=768 141 1728 1094 100457 263 1798 1021 1928 994 213 1164 142 1010 658 349 132 5745 199 446 129 435 5947 543 890 1431 73 108 601 1332 228 792 226 313 3505 825 1052 426 160 54 61 3048 17242 2758 15297
internal_value=-0.000142917 -0.00311253 -0.000100434 -0.000110509 -0.000738528 -0.00499197 -0.000372517 -0.0015676 0.00464883 0.00125285 0.000945476 -0.00298876 0.00152745 -0.0015942 0.00296239 0.000252845 -0.002097 -0.00101521 -0.00409224 -0.00698198 0.00233864 0.00068836 -0.000407609 0.00423576 0.00149529 0.00640943 0.0101293 0.0152295 -0.00294744 -0.00309381 0.00449679 0.00461201 0.00774135 -0.00341432 0.00333333 -0.00697674 -0.0063278 -0.011745 -0.011658 -0.00763889 -0.00188356 7.14528e-05 -0.000602034 -0.00208414
internal_weight=177726 2496 175230 175089 39335 3105 36230 19000 1485 1307 17230 2215 15015 3095 1931 1582 17515 11367 6148 2654 11920 6382 726 5538 2441 3097 1382 709 5622 491 924 673 539 5423 1715 1194 1918 586 183 134 3494 135754 35297 18055
internal_count=177726 2496 175230 175089 39335 3105 36230 19000 1485 1307 17230 2215 15015 3095 1931 1582 17515 11367 6148 2654 11920 6382 726 5538 2441 3097 1382 709 5622 491 924 673 539 5423 1715 1194 1918 586 183 134 3494 135754 35297 18055
cat_boundaries=0 7 9 16 23 25 27 34 36 37 44 46 47 49 51 58 60 62 63 65 72 75 77 79 81 82 89 91 92 95 97 98 99 101 103 110
cat_threshold=67109760 19615745 176161824 270532609 67109890 34603021 787584 2685960529 221249601 524288 0 1073741840 4 4194304 4096 16 2182383668 2147516772 0 4203656 177221764 1078198272 64 2821858561 33965661 1815880717 89158229 16846848 34605592 8448 8392768 268453920 2147483682 151142440 68690944 1057281 312 16842752 34603010 8448 41943104 268582912 2147483682 67239936 2189525154 297984 68 2147582208 36570120 131200 8421376 8192 8192 0 18087936 536871424 65552 8449 1613505536 83898884 1612973057 83894788 408 2147549504 179176456 8192 8208 0 0 526880 65536 264 1048576 256 4 256 134480904 303071236 1149239296 2147483904 142869504 8 65536 1050640 0 4160 0 0 16384 537133056 256 264 537067526 134217731 64 2147549440 145227776 208 52 3145729 1073741824 1812725995 130082908 285319189 2282782728 6291712 21233672 553672992 2151677954 67239968
is_linear=0
shrinkage=0.05


Tree=152
num_leaves=45
num_cat=26
split_feature=6 2 6 2 2 2 2 10 2 2 2 2 5 3 2 10 2 2 2 2 5 1 5 5 5 3 2 1 10 2 2 8 1 10 1 2 3 1 5 8 5 5 8 8
split_gain=9.32778 22.0647 17.1241 39.8574 21.7345 21.4387 17.6233 14.4831 21.3654 19.6633 18.3078 16.387 16.0299 14.2421 20.6052 12.8385 36.1873 25.1696 15.9292 13.9573 14.5719 14.8689 12.5955 14.8433 11.6009 13.4259 11.3652 11.2321 11.0688 32.4949 17.6717 12.0281 16.7427 13.777 14.1257 11.846 11.2976 16.0988 10.4277 9.57358 9.36801 9.32091 9.28296 14.8979
threshold=3.5000000000000004 0 4.5000000000000009 1 2 3 4 13.500000000000002 5 6 7 8 18.500000000000004 9 10 11.500000000000002 11 12 13 14 11.500000000000002 15 1105.5000000000002 395.50000000000006 21.500000000000004 16 17 18 10.500000000000002 19 20 5.5000000000000009 21 19.500000000000004 22 23 24 25 108.50000000000001 1.5000000000000002 289.50000000000006 426.50000000000006 11.500000000000002 10.500000000000002
decision_type=2 9 2 9 9 9 9 2 9 9 9 9 2 9 9 2 9 9 9 9 2 9 2 2 2 9 9 9 2 9 9 2 9 2 9 9 9 9 2 2 2 2 2 2
left_child=1 -1 3 -2 -4 -5 40 9 -9 -3 -10 -11 26 14 38 16 24 -17 41 -18 21 -21 23 -22 25 -8 -13 -14 29 -7 -30 32 -32 35 -35 42 37 -34 -12 -26 -6 -19 43 -33
right_child=2 7 4 5 6 28 15 8 10 11 13 12 27 -15 -16 17 19 18 -20 20 22 -23 -24 -25 39 -27 -28 -29 30 -31 31 33 36 34 -36 -37 -38 -39 -40 -41 -42 -43 -44 -45
leaf_value=-0.006664645148660212 0.0070551491653690346 0.0024322435800473276 -0.002034769549598814 -0.0064673884342371542 0.00086668802043791688 0.0015642575864532493 0.0043041517166344358 -0.0018806972938239632 0.0037020484948131096 -0.0034063656515619604 -0.020084582577320789 -0.0082778313485388343 0.00058243948152968963 0.00028563821089743759 0.00067125443078253078 -0.0022358159568336591 -0.0037547794113974189 0.0019834601598501703 -0.00033488172680343626 -0.0053984389636875189 0.00010066845299082639 0.00089487719774555277 -0.0035091397156906791 0.0073671440062622945 -0.001869688381754997 0.0029289926147472835 -0.00065628422082866789 -0.001144853028125012 0.0036483884494011632 -0.0047689333023567598 -0.0023639952233048046 -0.0023941432642442528 -0.0039169129716944973 0.00089119278123147574 -0.0032594009590004914 0.0012166428455977097 0.0033864450918040692 0.0038692303493348956 -0.0036434164308254968 0.0030663726251499131 0.0087656433147883968 0.018617118629392349 0.0093064900423675996 -0.0062852502120196111
leaf_weight=694 1041 2354 1168 281 555 4950 131 3460 2316 3361 161 2400 13558 47602 377 4168 844 984 22872 339 9054 310 93 655 301 307 1842 28662 3715 2178 717 456 412 794 1185 6172 2928 767 132 2790 287 157 103 93
leaf_count=694 1041 2354 1168 281 555 4950 131 3460 2316 3361 161 2400 13558 47602 377 4168 844 984 22872 339 9054 310 93 655 301 307 1842 28662 3715 2178 717 456 412 794 1185 6172 2928 767 132 2790 287 157 103 93
internal_value=-0.000115346 -0.000410124 0.00032977 0.00135701 -0.000258803 0.000951092 -7.86648e-05 -0.000351579 0.000222025 -0.000945819 0.000482232 -0.00115686 -0.000912377 0.000273394 -0.00691176 -0.000219691 0.000971398 -0.000846315 -0.000222703 -0.000411322 9.08135e-05 -0.00716487 0.000571312 0.00074673 0.00538288 0.0130137 -0.00384253 -0.00061819 0.00111111 -0.000547138 0.00179333 0.000956955 0.00296434 -0.000141997 -0.00381506 0.000923212 0.00418994 4.20521e-05 -0.0166667 0.00431899 0.00704225 0.00551694 -0.00543807 -0.00810565
internal_weight=177726 106919 70807 25792 45015 24751 43847 106225 54048 52177 50588 49823 46462 48272 670 43005 14824 28181 24013 11295 10451 649 9802 9709 3529 438 4242 42220 24470 7128 17342 13627 4824 8803 1979 6824 4107 1179 293 3091 842 1141 652 549
internal_count=177726 106919 70807 25792 45015 24751 43847 106225 54048 52177 50588 49823 46462 48272 670 43005 14824 28181 24013 11295 10451 649 9802 9709 3529 438 4242 42220 24470 7128 17342 13627 4824 8803 1979 6824 4107 1179 293 3091 842 1141 652 549
cat_boundaries=0 7 12 19 26 33 40 47 54 61 62 69 76 83 90 97 99 100 107 110 117 124 127 129 136 137 139
cat_threshold=2097537 86183936 8388608 270532608 67436544 67108864 262148 260 218104074 14696704 96469000 805644544 256 4194434 4210944 90177673 939532336 1 17301536 268435488 33554436 134217760 17 8388608 0 1024 2418053153 67241988 32 8240 34078848 32 134217792 907284 2692768280 135012352 79691776 268437506 32 37748832 33555488 2730756609 135004160 75497545 536903682 1075908608 20972576 2164262400 38797604 4211300 16785536 2147622917 40112137 524288 2164265480 134218050 4202532 128 33579669 38144138 524288 128 0 0 0 262144 768 0 1 536895492 25174352 2097152 294976 16794112 2147549200 149768 536879108 25174272 2097152 262144 16794112 2151677960 10240 17041424 2684387856 0 8389632 9476100 0 1024 262160 1081376 32768 1024 9472004 262146 1024 33685504 8388608 16 270336 0 0 34783232 0 2147483664 9 604004546 81870928 67 268296 1059392 0 2181190912 150994944 3221487635 67117057 553988120 2147516640 32768 135299200 20516 4259842 16910592 2147745955 6291714 64 4227202 8421632 0 9447424 8192 5120 16809984 1074004001 16448 326 33554432 8388608
is_linear=0
shrinkage=0.05


Tree=153
num_leaves=45
num_cat=37
split_feature=8 0 2 0 0 1 8 0 2 0 2 2 2 2 0 2 0 2 0 2 2 0 1 0 2 2 0 1 0 2 5 0 2 0 2 5 8 0 2 1 0 8 8 0
split_gain=8.69619 34.0997 28.9209 29.3114 21.3205 19.6303 15.8462 42.1202 47.7453 39.3033 51.9687 26.1067 23.8654 21.6756 42.0186 20.0685 27.1091 19.7235 19.0628 37.0777 31.9486 27.3022 18.3139 24.6476 22.2415 18.7812 17.8872 16.8858 15.5183 19.7581 15.3904 15.3266 18.4506 15.3158 17.5579 15.4068 15.3009 15.0422 31.8611 25.1834 22.9295 19.1777 14.9556 50.7404
threshold=11.500000000000002 0 1 2 3 4 7.5000000000000009 5 6 7 8 9 10 11 12 13 14 15 16 17 18 19 20 21 22 23 24 25 26 27 202.50000000000003 28 29 30 31 1698.0000000000002 8.5000000000000018 32 33 34 35 6.5000000000000009 10.500000000000002 36
decision_type=2 9 9 9 9 9 2 9 9 9 9 9 9 9 9 9 9 9 9 9 9 9 9 9 9 9 9 9 9 9 2 9 9 9 9 2 2 9 9 9 9 2 2 9
left_child=6 5 4 -4 -3 -2 9 8 -8 10 30 -10 -9 14 -11 16 -15 -12 19 31 21 27 23 24 -14 -25 36 -20 29 -5 -1 32 -17 34 -22 -36 -24 39 40 -21 -39 -40 -13 -44
right_child=1 2 3 28 -6 -7 7 12 11 13 17 42 22 15 -16 18 -18 -19 20 37 33 -23 26 25 -26 -27 -28 -29 -30 -31 -32 -33 -34 -35 35 -37 -38 38 41 -41 -42 -43 43 -45
leaf_value=0.0051635499567453729 0.012679357965306882 -0.0054368475541310638 -0.0071311774734302835 -0.0024861266896964666 -0.00033305258008722448 0.0030957417358076556 -0.0062470172800275425 -0.0048371102232286746 0.0023871780123809862 -0.0030222237218027583 -0.0018273907532234846 -0.0010012816562011584 0.0047336324845312638 0.00071835170170559965 0.0076039389877003878 0.0019311862746351216 -0.007996304793700915 0.0021031385685341686 0.0022942883076585651 0.0017453331016036467 0.0021646369370034836 -0.0033037916502950738 -0.00057837086571563561 0.00023356445841162812 -0.00082577178544468444 -0.0031383687492681058 0.00058582838426084476 -0.0018461685400359641 0.0013877218110226784 0.016115425343044911 0.012332262195366806 0.0048267846553119165 -0.0022298952443784159 0.0013228560546566072 -0.00087755795402145184 0.022112315201770462 0.0062006494158233783 -0.013738471953723297 -0.0022214441062371028 -0.0017458962143543839 -0.0057410112777442346 0.0095124405268759045 -0.0076777484904555302 -0.0018737071907989234
leaf_weight=3203 809 1423 891 210 3382 2969 2392 1236 3626 960 3064 16709 2636 713 1801 333 1003 7813 3845 3831 4822 8090 770 3429 3199 4934 18338 541 5652 379 1331 3364 2164 20659 14828 59 2653 351 2797 6727 2856 639 1018 5277
leaf_count=3203 809 1423 891 210 3382 2969 2392 1236 3626 960 3064 16709 2636 713 1801 333 1003 7813 3845 3831 4822 8090 770 3429 3199 4934 18338 541 5652 379 1331 3364 2164 20659 14828 59 2653 351 2797 6727 2856 639 1018 5277
internal_value=-0.000108031 0.00101495 -0.000297146 0.00172221 -0.0032918 0.00514784 -0.000216961 -0.000811725 -0.00223891 0.000194167 0.00250632 -0.00162913 0.000302379 -0.0002494 0.00409599 -0.000404472 -0.00573581 0.000629191 -0.000283208 -0.00148232 0.000240285 -0.00197021 0.000537963 -0.000858671 0.00163388 -0.00259764 0.00144918 0.00120564 0.00293553 0.010601 0.00699824 0.00195026 -0.00101715 0.00092377 -7.35331e-05 -0.000923005 0.0047626 -0.00265237 -0.00451676 -0.00147615 -0.00809761 -0.00116077 -0.0022508 -0.00432883
internal_weight=177726 15715 11937 7132 4805 3778 162011 66217 29022 95794 15411 26630 37195 80383 2761 77622 1716 10877 75906 23062 52844 12476 35959 14198 5835 8363 21761 4386 6241 589 4534 5861 2497 40368 19709 14887 3423 17201 6643 10558 3207 3436 23004 6295
internal_count=177726 15715 11937 7132 4805 3778 162011 66217 29022 95794 15411 26630 37195 80383 2761 77622 1716 10877 75906 23062 52844 12476 35959 14198 5835 8363 21761 4386 6241 589 4534 5861 2497 40368 19709 14887 3423 17201 6643 10558 3207 3436 23004 6295
cat_boundaries=0 2 9 11 13 16 18 25 27 34 41 48 55 57 64 66 73 75 82 89 91 94 96 103 110 112 115 117 124 126 133 135 142 144 151 154 155 157
cat_threshold=2156529792 70656012 1627717644 3179266 0 83902480 134268964 65536 16803845 538969088 151027712 537920074 46156800 539099908 1109393680 69 537004790 210807313 1075875872 8421586 148905984 21233665 562041360 2147483680 67633152 706 209750016 805412864 8432146 142639104 184861696 536881664 10 16778504 262144 2687641888 288 67244176 157732 1111818241 134348864 3506438400 2151817992 134242336 134217984 18560 11 134348800 1074266660 2153906944 1218462272 4202760 262170 4128 802816 8947728 22557772 2185235713 65568 524322 337641488 67248128 4262028 167777312 3867214097 17056321 1075052604 2198863872 288 4198600 32802 35651616 26688 1082729473 36458564 806387712 8396872 4235264 193070304 541188 1075838979 67242048 269524992 159670281 4497408 168165537 2560 1073741827 67240008 33720360 1057793 1886478788 1140949000 5 3265856768 38293504 2449424 2 2392064 16814080 256 32 8 537921544 134219906 2129924 33554505 0 262144 2304 1024 50335816 4587584 69271552 76 74 4096 0 0 0 34735104 268435456 16 72 8921089 33816576 0 8388672 0 16777216 16384 3 131136 169248808 1049617 65560 33589380 0 25198592 578850852 2147745792 10240 1074274305 786500 278536 587235328 256 2147782656 0 262160 16777224 100925572 67109128 2 1024 0 67143680
is_linear=0
shrinkage=0.05


Tree=154
num_leaves=45
num_cat=20
split_feature=10 2 5 10 2 2 2 3 2 5 1 5 8 7 2 8 5 5 7 3 1 2 8 2 3 3 8 8 2 10 5 8 10 10 1 3 10 7 1 8 2 1 5 9
split_gain=7.73605 16.2046 15.3448 11.6831 27.1243 16.8469 12.4937 10.7398 10.7395 11.1641 14.1341 10.6642 10.6679 10.5892 8.80143 13.9889 11.9878 11.2732 8.75182 14.237 13.9731 12.3437 12.2978 11.1122 9.99832 8.54569 11.7343 10.2497 8.25702 8.23094 11.1278 8.14802 8.12454 8.00014 7.90663 7.89222 7.74438 7.61137 11.4384 7.48268 7.58461 7.36211 7.84432 11.0574
threshold=3.5000000000000004 0 697.50000000000011 9.5000000000000018 1 2 3 4 5 382.50000000000006 6 182.50000000000003 7.5000000000000009 1.0000000180025095e-35 7 1.5000000000000002 186.50000000000003 4.5000000000000009 1.0000000180025095e-35 8 9 10 6.5000000000000009 11 12 13 6.5000000000000009 5.5000000000000009 14 8.5000000000000018 96.500000000000014 1.5000000000000002 7.5000000000000009 5.5000000000000009 15 16 4.5000000000000009 1.0000000180025095e-35 17 8.5000000000000018 18 19 59.500000000000007 1.0000000180025095e-35
decision_type=2 9 2 2 9 9 9 9 9 2 9 2 2 2 9 2 2 2 2 9 9 9 2 9 9 9 2 2 9 2 2 2 2 2 9 9 2 2 9 2 9 9 2 2
left_child=1 2 7 4 -2 37 -5 41 11 14 -11 12 -7 -13 15 16 -10 -17 19 23 -21 -20 35 31 -23 26 -19 -27 -8 -24 -31 -16 -26 -25 -29 -22 -12 -6 -39 40 -40 42 43 -1
right_child=3 -3 -4 6 5 8 28 -9 9 10 36 13 -14 -15 18 17 -18 25 21 20 22 24 29 33 32 27 -28 34 -30 30 -32 -33 -34 -35 -36 -37 -38 38 39 -41 -42 -43 -44 -45
leaf_value=0.013406885285131322 0.0052608984563874417 -0.00089208403515642358 0.020129648277661151 -0.00093203115862948167 -0.00044068789606110936 -0.019966133718178725 0.0013860033756685208 0.007202061909483165 -0.004926180975791972 0.0055686818793722727 0.01559891098581896 -0.0062944415715706359 -0.0025503453394558244 0.0055235771869784154 0.0019125451493871015 -0.0046739536190053919 -0.0059180143818128444 -0.0244014951686518 -0.0019230307208569443 -0.003482800538713349 -0.0096191405757513181 -0.00067726598347979394 0.0065969521201237561 0.017398231242851447 0.0077200332533213512 0.0018888506679537898 -0.0032963475709952617 -0.0070764246912475189 4.8638060672545619e-05 0.0090955357767454007 -0.0078701118521637414 -0.0089716103935432844 0.0018302527471730724 -0.0031787012665017325 -0.0024537426628007176 0.0018696830880118088 -0.0023222756374580824 -0.00053260592134288796 0.0077222196212638431 0.0048073840126594547 -6.8311289086891988e-05 0.0044715971916221625 -0.0018316684646629056 -0.0017435740221825426
leaf_weight=93 1409 2224 82 2620 10488 105 2173 1686 159 717 42 443 77 100 124 71 121 420 1294 4071 720 528 1405 68 340 839 700 378 132984 226 315 1397 535 1360 2022 666 951 307 288 877 1246 290 647 118
leaf_count=93 1409 2224 82 2620 10488 105 2173 1686 159 717 42 443 77 100 124 71 121 420 1294 4071 720 528 1405 68 340 839 700 378 132984 226 315 1397 535 1360 2022 666 951 307 288 877 1246 290 647 118
internal_value=-8.27116e-05 0.00182879 0.00427204 -0.000139641 -0.000958086 -0.00124514 6.71375e-05 0.00366972 -0.00215304 -0.00192772 0.00192982 -0.00809524 -0.0186813 -0.00469613 -0.00230024 -0.00415254 -0.015 -0.0034763 -0.00162723 -0.00228941 -0.00111291 0.000908417 0.00128665 -0.00522136 0.00414013 -0.00315439 -0.00690265 -0.00183133 0.000133539 0.00385406 -0.00138632 -0.00819726 0.00740113 -0.00201669 -0.0035 -0.0023088 -0.00194417 0.000143765 0.00250184 0.00365551 0.00156454 -8.63558e-05 -0.00241935 0.00592417
internal_weight=177726 5140 2916 172586 34809 33400 137777 2834 20194 19469 1710 725 182 543 17759 4710 280 4430 13049 10352 7403 2697 3332 2949 1403 4359 1120 3239 135157 1946 541 1521 875 1428 2400 1386 993 13206 2718 2411 1534 1148 858 211
internal_count=177726 5140 2916 172586 34809 33400 137777 2834 20194 19469 1710 725 182 543 17759 4710 280 4430 13049 10352 7403 2697 3332 2949 1403 4359 1120 3239 135157 1946 541 1521 875 1428 2400 1386 993 13206 2718 2411 1534 1148 858 211
cat_boundaries=0 7 14 21 28 29 35 38 45 46 49 56 63 64 65 72 75 76 78 85 87
cat_threshold=327680 16 0 2182272256 16777728 0 3337 285217024 541076104 138952960 142606336 537690144 65544 151011368 1610694696 42991632 2400288 2164527440 16779520 2147483699 3072 4199296 537072256 138944546 2097152 335611944 9 4456612 152 2147780612 2298642468 0 6299680 33558658 1073741824 541163648 8454152 2 1048576 256 0 1161 278011908 262144 65 68 5275715 131072 4 0 0 0 33685504 134217728 0 67117056 16 0 0 163840 0 0 139520 416 386 2315256928 2281701412 3489662976 8320 39977104 1459752960 135184 536879232 268468232 4 392 6291461 4194432 536887296 0 0 262464 0 32 2048 33587200 1082130432
is_linear=0
shrinkage=0.05


Tree=155
num_leaves=45
num_cat=34
split_feature=5 0 2 0 3 5 10 0 2 0 2 2 3 0 0 0 10 2 0 0 3 0 2 2 3 5 0 0 2 9 0 3 5 0 6 0 1 1 5 6 1 0 0 2
split_gain=7.67453 11.8295 7.62004 39.6075 11.0675 9.9861 8.25884 39.5949 25.9772 20.6105 18.3916 17.2073 22.6867 17.3608 15.8969 13.5244 12.9346 24.4936 26.6284 24.2955 23.1188 36.3058 27.4401 21.5028 23.2728 18.7502 33.3986 25.8101 24.0952 18.23 21.4011 23.7672 25.9546 19.5473 15.2332 13.0856 13.0826 12.9053 15.3487 12.6355 12.2773 12.2655 12.2012 14.1908
threshold=1698.0000000000002 0 1 2 3 232.50000000000003 5.5000000000000009 4 5 6 7 8 9 10 11 12 9.5000000000000018 13 14 15 16 17 18 19 20 19.500000000000004 21 22 23 1.0000000180025095e-35 24 25 68.500000000000014 26 1.0000000180025095e-35 27 28 29 366.50000000000006 4.5000000000000009 30 31 32 33
decision_type=2 9 9 9 9 2 2 9 9 9 9 9 9 9 9 9 2 9 9 9 9 9 9 9 9 2 9 9 9 2 9 9 2 9 2 9 9 9 2 2 9 9 9 9
left_child=2 -2 3 5 -5 -1 7 8 9 -4 15 13 -13 -10 -12 37 17 18 -8 20 21 -19 -22 24 -21 26 -24 29 -29 30 31 32 -27 34 -31 -26 -23 38 -9 40 -38 -14 43 -25
right_child=1 -3 6 4 -6 -7 16 10 11 -11 14 12 41 -15 -16 -17 -18 19 -20 23 22 36 25 42 35 27 -28 28 -30 33 -32 -33 -34 -35 -36 -37 39 -39 -40 -41 -42 -43 -44 -45
leaf_value=0.00023665790117154419 0.015016279615906314 0.00074272127048007899 0.012868598686326661 -0.0076451969346730793 -0.00015683942713827783 0.0079120226148169381 -0.0014175341347518302 -0.00027936849197714999 0.0039691973055296257 -0.0045754081949526014 0.0049101625742249081 0.0027121296141890184 0.00034232647209181399 -0.012349708393870862 -0.0038948936680041485 0.013553044022683425 4.3323640252998512e-05 -0.0078885739934993603 0.0067315983033888194 0.011982682900197539 0.0068819081901559448 0.0062157035679452077 -0.016808227430100388 -0.0016193132907470322 0.0011381431992255387 -0.00093574623742579137 0.0016116529494476619 -0.0051306551393992235 0.0035102613076506278 -0.024575739397390186 -0.0035943013260065662 0.005373273969859255 -0.0071451958643091009 -0.0018607735061634157 0.0089330092219684961 -0.0026120945517621066 -0.023722954137144495 0.018434320934971261 0.019435461992474569 0.0029743461684472784 -0.0017207646180178449 -0.0056590688668193617 -0.0031768423577230422 -0.010818118180930925
leaf_weight=341 211 508 421 818 338 349 468 1020 106 265 338 843 424 249 511 1176 135742 1574 962 384 2040 581 508 440 2127 129 505 752 4332 64 1252 132 196 1266 493 5713 107 312 169 357 1199 1008 5785 1211
leaf_count=341 211 508 421 818 338 349 468 1020 106 265 338 843 424 249 511 1176 135742 1574 962 384 2040 581 508 440 2127 129 505 752 4332 64 1252 132 196 1266 493 5713 107 312 169 357 1199 1008 5785 1211
internal_value=-7.87729e-05 0.0050765 -9.97136e-05 -0.00328664 -0.00891938 0.00614286 -6.59356e-05 0.00163695 -0.00228503 0.00632184 0.00531674 -0.00454545 -0.00291028 -0.0146575 -0.00110594 0.0073502 -0.00013516 -0.00102987 0.00534722 -0.00132394 8.06608e-05 -0.00329154 0.00118589 -0.00271219 -0.000947292 6.74344e-05 -0.00636723 0.000824048 0.00310169 -0.00245624 -0.0061732 -0.0153105 -0.0225373 0.00101481 0.00873016 -0.0015414 0.00079858 0.00413633 0.00170976 -0.00146444 -0.00375191 -0.00672677 -0.00466022 -0.00845876
internal_weight=177726 719 177007 1846 1156 690 175161 6842 3316 686 3526 2630 2275 355 849 2677 168319 32577 1430 31147 15487 3818 11669 15660 8224 9629 1013 8616 5084 3532 1709 457 325 1823 557 7840 2244 1501 1189 1663 1306 1432 7436 1651
internal_count=177726 719 177007 1846 1156 690 175161 6842 3316 686 3526 2630 2275 355 849 2677 168319 32577 1430 31147 15487 3818 11669 15660 8224 9629 1013 8616 5084 3532 1709 457 325 1823 557 7840 2244 1501 1189 1663 1306 1432 7436 1651
cat_boundaries=0 2 9 11 12 14 21 23 30 36 37 39 41 43 50 52 54 55 57 64 71 72 74 76 83 85 86 88 90 93 96 99 101 103 109
cat_threshold=1073774618 8818768 71304000 556486656 167773220 274726912 67175554 1048588 4718720 1077315925 68174416 352 3901006119 81027153 65552 2128 0 1196032 16777216 32 67128320 679485444 71581713 270352 0 0 2181092416 16777984 16 10249 1056768 32 0 263232 768 262144 102 1208221698 8388624 36308480 17438724 36373528 50497540 268439552 4205192 2638080 142606352 537692192 65537 151011368 3993117826 117572108 3934494994 177605644 14 545366016 9699340 1075126280 9437200 32768 1343752 16384 1073741840 9472 553732096 34636032 4497408 2198131008 8389376 2151677954 133184 10 2818777344 1181700 1241645074 134219776 536870928 32800 0 21568 25165824 262146 2112 1073741824 2048 16 1107296256 2048 2100224 2679296 1048960 0 68 570531840 75497728 4 0 1073807360 1 295 9445456 2100224 69771264 1073741824 64 0 131072 150994948 1074004000
is_linear=0
shrinkage=0.05


Tree=156
num_leaves=45
num_cat=37
split_feature=8 0 1 8 0 1 0 3 0 0 1 1 1 3 0 0 0 0 0 0 1 0 0 1 0 0 1 0 0 3 0 3 0 8 10 0 1 6 6 0 3 0 1 8
split_gain=8.89105 31.188 19.385 13.6242 81.3579 49.317 51.1465 39.4167 88.5498 58.274 48.8195 44.1615 43.2908 39.1049 59.4594 51.5937 31.8913 31.5647 31.1394 30.1069 30.1031 34.6109 23.774 24.383 23.3621 21.8378 21.3168 25.3583 24.429 23.0816 35.9029 34.7726 21.7763 27.6668 21.1822 24.736 20.816 20.5858 20.2323 18.3651 17.7644 20.5463 26.3635 17.7372
threshold=11.500000000000002 0 1 9.5000000000000018 2 3 4 5 6 7 8 9 10 11 12 13 14 15 16 17 18 19 20 21 22 23 24 25 26 27 28 29 30 8.5000000000000018 9.5000000000000018 31 32 4.5000000000000009 5.5000000000000009 33 34 35 36 7.5000000000000009
decision_type=2 9 9 2 9 9 9 9 9 9 9 9 9 9 9 9 9 9 9 9 9 9 9 9 9 9 9 9 9 9 9 9 9 2 2 9 9 2 2 9 9 9 9 2
left_child=3 2 -2 7 20 6 -6 8 11 12 16 17 18 14 -7 -15 -10 -1 -9 36 25 -22 23 -13 -12 -5 28 -28 29 30 31 -11 33 37 39 -36 -14 -31 -39 -18 41 42 -21 -34
right_child=1 -3 -4 4 5 13 -8 9 10 26 24 22 19 15 -16 -17 34 -19 -20 40 21 -23 -24 -25 -26 -27 27 -29 -30 32 -32 -33 43 -35 35 -37 -38 38 -40 -41 -42 -43 -44 -45
leaf_value=-0.0078667888593622233 -0.0032508992822194217 -0.00022120402712378363 0.0060276623062731158 0.0030959503898549514 -0.013310791283896995 -0.002041464446290886 -0.0032658493906446043 0.012351457185222015 0.015050690542601143 0.0058755457386378274 0.00020661884369831409 -0.0043547390675894304 0.0067078850608080949 -0.0044792471840057035 0.017912866052701547 6.7886421877344508e-05 0.0035560853808911386 0.0051808661591029427 0.002254544344667177 -0.0031342878598852653 0.006673456898581104 0.0016650975449969297 -0.014077785445756365 -0.01215366593213898 -0.0047217642835719392 -0.0022492098928789117 0.0028101498745012722 -0.0002571862339252995 -6.0458345204850161e-05 -0.011715074046489136 -0.0031143045283916039 -0.025161123739915303 0.0002887213360816654 0.013405860643026469 -0.0031752390536281538 0.0043664982206444878 -0.0001581737393979932 0.021583647742124224 -0.0060944307675510822 -0.0087418912016931725 0.00098213740929919426 -0.0036002786613023919 0.008966391463467005 -0.0037370332072669491
leaf_weight=932 452 10883 4380 2397 911 1557 7153 1573 1686 108 1593 1601 4624 3928 934 6938 611 1176 4054 1093 2776 5012 1738 656 3351 3771 8118 20312 20595 418 5618 369 7852 109 1604 4501 1821 45 48 1384 17720 6995 1701 2628
leaf_count=932 452 10883 4380 2397 911 1557 7153 1573 1686 108 1593 1601 4624 3928 934 6938 611 1176 4054 1093 2776 5012 1738 656 3351 3771 8118 20312 20595 418 5618 369 7852 109 1604 4501 1821 45 48 1384 17720 6995 1701 2628
internal_value=-9.50902e-05 0.00104041 0.00437836 -0.000205233 -0.00107273 -0.00300733 -0.00609363 3.71148e-05 -0.0019503 0.000428594 0.000149254 -0.00700965 0.00194615 -0.00114087 0.0044982 -0.00243656 0.00219477 -0.00113314 0.00600497 0.00127193 0.00189747 0.00396255 -0.0100999 -0.00663873 -0.00389584 -0.000712205 -0.000478635 0.000555556 -0.00125661 -0.00264749 -0.00511876 -0.0181725 -0.00128713 -0.0103175 0.000887793 0.00235053 0.00434547 -0.015362 0.00591398 -0.00358396 0.000550529 -0.00115828 0.00246077 -0.000743565
internal_weight=177726 15715 4832 162011 35377 21421 8064 126634 20833 105801 14730 6103 39581 13357 2491 10866 9786 2108 5627 33954 13956 7788 3995 2257 4944 6168 66220 28430 37790 17195 6095 477 11100 620 8100 6105 6445 511 93 1995 27509 9789 2794 10480
internal_count=177726 15715 4832 162011 35377 21421 8064 126634 20833 105801 14730 6103 39581 13357 2491 10866 9786 2108 5627 33954 13956 7788 3995 2257 4944 6168 66220 28430 37790 17195 6095 477 11100 620 8100 6105 6445 511 93 1995 27509 9789 2794 10480
cat_boundaries=0 2 4 6 9 11 12 14 16 19 22 25 26 28 30 32 34 36 38 41 43 45 47 49 51 54 56 58 59 61 62 63 65 68 70 71 73 76
cat_threshold=2290755714 70656012 268709891 469762060 2158888194 189289564 2955255974 268533787 69 67108872 67141632 384 2352087045 47055424 2385510737 97167872 2420617316 283361536 69 34644258 1281523738 28 540039181 402801042 1 386 1308663908 1221121 536937045 34816 8457728 67127297 2282749956 131648 2097216 67242496 100663296 16812032 3228570149 14918034 68 263168 184550424 2214723589 655360 537071620 8388612 1073775858 2105360 2156003330 20556 840372641 203616516 52 536970752 266249 8490112 283677 76 65536 4 64 1024 1073742192 137364496 306380994 79699969 64 1107296576 1052688 34 1048576 75506176 4456448 4259840 68
is_linear=0
shrinkage=0.05


Tree=157
num_leaves=45
num_cat=36
split_feature=6 0 2 2 2 5 2 2 0 0 8 0 2 0 2 3 0 1 1 0 8 0 2 2 0 1 2 3 0 0 6 2 1 5 1 5 1 8 0 1 3 2 0 0
split_gain=8.23062 20.7553 26.92 21.2338 20.5582 19.5819 19.2691 18.7222 22.0661 15.7498 13.908 40.5317 35.2458 26.15 24.5361 23.9991 35.9244 41.0725 35.3399 21.5331 19.01 35.3257 36.632 31.1799 37.4236 33.0587 29.1103 24.1726 23.693 20.4562 19.9104 18.1222 17.9442 17.7252 18.3188 16.3764 15.6726 15.935 14.7593 14.5563 14.3789 15.2419 18.2095 14.3518
threshold=3.5000000000000004 0 1 2 3 1105.5000000000002 4 5 6 7 6.5000000000000009 8 9 10 11 12 13 14 15 16 10.500000000000002 17 18 19 20 21 22 23 24 25 4.5000000000000009 26 27 232.50000000000003 28 6.5000000000000009 29 7.5000000000000009 30 31 32 33 34 35
decision_type=2 9 9 9 9 2 9 9 9 9 2 9 9 9 9 9 9 9 9 9 2 9 9 9 9 9 9 9 9 9 2 9 9 2 9 2 9 2 9 9 9 9 9 9
left_child=7 2 -2 9 -4 -6 -5 8 -1 -3 11 14 38 31 -8 16 17 19 -18 -15 23 27 -23 29 25 -25 -26 -22 -28 -17 -27 -12 -24 36 -35 -14 37 -32 -13 43 -41 -42 -43 -33
right_child=1 3 4 6 5 -7 10 -9 -10 -11 13 12 35 15 -16 20 18 -19 -20 -21 21 22 32 24 26 30 28 -29 -30 -31 33 39 -34 34 -36 -37 -38 -39 -40 40 41 42 -44 -45
leaf_value=-0.012095299623191232 -0.0028143012112827937 -1.6675646709207737e-05 0.0053830771922449231 -0.004326081588738262 0.00073215517682320708 -0.0041338021212937335 -0.0015836656678443945 -0.00023130473616588822 -0.00048485920198202971 0.003566372309047178 0.0084283273291488447 0.0032292219685223335 0.0086885022355513986 -0.015786361915532756 0.0013358921942869806 0.0043500560244482955 0.025132260798774144 0.0052243586671184006 -0.0023151422085083587 -0.0068005364085742537 -0.013720576273466307 -0.0044354439435741353 0.0081705405867759096 0.0011340745470412416 0.013290741303817655 0.00058035298529034445 0.017171273618019123 -0.011505613061531673 0.00070610199295768623 -0.0044353410021509996 -0.016095730487189291 0.00066688295244385918 -0.00057283718648705191 -0.0099092686348172809 -0.003289938044825308 0.0032540561421004368 -0.003123148503221396 -0.0056660049415609877 -0.0019623479000204004 0.0037867713855492258 -0.001645121915961978 -0.0027334410316415926 0.0057612805918850936 -0.0048050932900665982
leaf_weight=349 1018 846 1005 745 15345 162 7068 105908 662 1018 467 1399 156 130 2173 466 835 727 499 764 222 2411 337 889 280 743 185 346 2007 2788 202 689 1393 151 155 8152 897 164 3244 4480 3763 377 1237 872
leaf_count=349 1018 846 1005 745 15345 162 7068 105908 662 1018 467 1399 156 130 2173 466 835 727 499 764 222 2411 337 889 280 743 185 346 2007 2788 202 689 1393 151 155 8152 897 164 3244 4480 3763 377 1237 872
internal_value=-8.55249e-05 0.000332594 0.0018244 -0.000158575 0.00231207 0.00185925 -0.000349066 -0.000362424 -0.00710088 0.00506937 -0.000230869 0.000707462 0.00251138 -0.000962214 -0.00182142 -0.00224384 0.00183811 -0.00315757 0.0078869 -0.0102876 -0.00312912 -0.00570185 -0.00405926 -0.00177551 0.000466303 -0.00309872 0.00507655 -0.017301 0.0030881 -0.00566789 -0.00624462 0.000828079 0.00149425 -0.00946463 -0.0202614 0.00446021 -0.00684877 -0.0154255 -0.000977864 0.000428771 0.00114016 -0.000603304 0.00344828 -0.00404201
internal_weight=177726 70807 17530 53277 16512 15507 51413 106919 1011 1864 50668 22192 12951 28476 9241 16591 2955 1621 1334 894 13636 4709 4141 8927 5673 3201 2472 568 2192 3254 2312 11885 1730 1569 306 8308 1263 366 4643 11418 9857 5377 1614 1561
internal_count=177726 70807 17530 53277 16512 15507 51413 106919 1011 1864 50668 22192 12951 28476 9241 16591 2955 1621 1334 894 13636 4709 4141 8927 5673 3201 2472 568 2192 3254 2312 11885 1730 1569 306 8308 1263 366 4643 11418 9857 5377 1614 1561
cat_boundaries=0 2 9 16 23 30 37 39 41 43 50 52 59 60 62 65 68 69 71 78 85 87 90 97 98 100 102 108 111 112 114 116 119 120 127 129 131
cat_threshold=3288861696 88612940 16781572 2173700608 32 256 672137376 327681 218103872 2103588 2376206344 8413184 75497472 33884160 327681 134479936 536887297 167813200 136314880 4198400 8962052 2 132096 1024 33816581 136314884 1 545292288 2097152 17302528 2101505 220401664 8388608 270532608 67436560 67108992 4456452 1243619528 9607196 35823834 143704064 680599840 35017728 1343750153 1081952 32768 397664 524292 3225421856 67240193 672334242 33969152 1073160 536879138 256 2197999616 17850372 1073741826 10505 448 44081217 8388624 809570370 8388640 69 37883904 75497480 3 2097152 2097152 134219776 18161688 544 0 2198225920 256 4194336 67117056 536961040 41042 4227072 1049864 16777744 2147483648 26889 8389140 143687681 270565380 65540 64 1074003968 0 0 4198400 256 0 67108864 16 0 2048 35651584 142606336 16842752 33314 32768 134219008 1057280 4194304 270536834 52 1 33554432 537133312 131328 2359304 8390657 270794887 201326916 8 288 1318912 0 0 2147631104 134217728 32 67133441 134217728 17408 134414368 394240
is_linear=0
shrinkage=0.05


Tree=158
num_leaves=45
num_cat=39
split_feature=8 0 2 2 0 0 0 2 2 9 0 0 2 2 2 2 2 2 0 8 2 0 0 2 2 3 2 0 2 0 2 2 6 6 0 0 2 0 0 0 2 0 3 0
split_gain=7.42188 27.1142 23.5982 21.962 20.062 16.5363 13.6958 21.601 13.6942 13.4912 56.0287 41.8385 45.3711 38.0197 33.909 31.9902 28.8252 25.7809 22.6482 21.6105 20.6759 41.3286 21.4925 33.6016 20.4319 20.4099 41.479 38.5534 48.1481 32.3124 34.4347 27.6515 23.4723 20.628 20.9247 20.134 19.1532 19.867 18.4303 18.2707 17.8842 17.2025 17.3204 25.0265
threshold=11.500000000000002 0 1 2 3 4 5 6 7 1.0000000180025095e-35 8 9 10 11 12 13 14 15 16 5.5000000000000009 17 18 19 20 21 22 23 24 25 26 27 28 4.5000000000000009 1.5000000000000002 29 30 31 32 33 34 35 36 37 38
decision_type=2 9 9 9 9 9 9 9 9 2 9 9 9 9 9 9 9 9 9 2 9 9 9 9 9 9 9 9 9 9 9 9 2 2 9 9 9 9 9 9 9 9 9 9
left_child=9 3 4 5 -3 8 7 -5 -2 10 13 12 41 38 -14 18 35 -18 -12 36 21 -17 23 -22 -15 26 -19 31 39 30 -27 -28 -33 -30 -35 -13 37 -16 -1 -29 -36 -11 43 -43
right_child=1 2 -4 6 -6 -7 -8 -9 -10 11 15 16 14 24 19 20 17 25 -20 -21 22 -23 -24 -25 -26 29 27 28 33 -31 -32 32 -34 34 40 -37 -38 -39 -40 -41 -42 42 -44 -45
leaf_value=-0.008488310808772815 0.0024570880072261716 -0.004554150349396169 0.0029319453167775626 -0.00044682426097027996 0.0037846157088647029 -0.0062757178898991241 -0.00045639592673865084 0.010864686181897544 -0.0058014989147798903 0.0040454805364297909 0.0074270460607043128 -0.0056565718894907363 0.0035672411903887591 0.0083778697531716861 0.012341909773785287 0.002261033461550288 0.0086528503937782063 0.016159368465487656 -0.00032901290942101424 -0.00099693469132806629 -0.0038607715368510933 -0.0072215505474399373 -0.00066642134488799083 9.9633950502620039e-05 0.0011893672959020218 0.00061203720246399973 -0.00070020349710204219 -0.010272054924304814 -0.0017921464465760373 0.00068545101455591562 0.0067401878507765472 -0.010660656319497376 -0.011771916950604323 0.011225215216783447 0.0038225576967855835 8.1812579527665299e-05 -0.001212586752038447 0.0024357472852518658 -0.00078467013961320837 -0.0015983994352699261 -0.00043022949107371925 -0.017413738175017023 -0.0020398726715653336 -0.006070083674766003
leaf_weight=971 655 1207 6237 617 865 1220 3851 563 500 379 823 1758 1903 364 650 635 974 578 899 22624 9531 1599 23935 4506 22004 4123 1233 802 2077 35288 5327 911 425 2197 275 1998 1286 1700 1399 1587 2256 321 2582 2091
leaf_count=971 655 1207 6237 617 865 1220 3851 563 500 379 823 1758 1903 364 650 635 974 578 899 22624 9531 1599 23935 4506 22004 4123 1233 802 2077 35288 5327 911 425 2197 275 1998 1286 1700 1399 1587 2256 321 2582 2091
internal_value=-0.000105218 0.00093223 0.00289097 -0.00126753 -0.00172911 -0.00522013 0.000605039 0.00529412 -0.000901288 -0.00020585 -0.000751508 0.000175678 -0.00124605 0.00113545 -0.000441912 -0.00186466 0.00094712 0.00122195 0.00479215 -0.000909783 -0.00215089 -0.00681818 -0.00187457 -0.00342778 0.00177406 0.0010834 -0.000716541 -0.00136329 0.000152108 0.00157996 0.00417548 -0.00676619 -0.0117385 0.0022964 0.00412437 -0.00329262 0.00266777 0.00533898 -0.00487395 -0.00593997 0.00100354 -0.00545235 -0.00623501 -0.00928984
internal_weight=177726 15715 8309 7406 2072 2375 5031 1180 1155 162011 66666 95345 33536 24738 28163 41928 61809 58053 1722 26260 40206 2234 37972 14037 22368 57079 12341 11763 9194 44738 9450 2569 1336 6805 4728 3756 3636 2350 2370 2389 2531 5373 4994 2412
internal_count=177726 15715 8309 7406 2072 2375 5031 1180 1155 162011 66666 95345 33536 24738 28163 41928 61809 58053 1722 26260 40206 2234 37972 14037 22368 57079 12341 11763 9194 44738 9450 2569 1336 6805 4728 3756 3636 2350 2370 2389 2531 5373 4994 2412
cat_boundaries=0 2 9 16 18 20 22 29 36 38 40 47 53 60 67 74 81 83 90 92 94 101 108 109 116 118 125 127 134 141 143 145 152 153 155 157 164 166 167 169
cat_threshold=641009521 197185088 536936452 9470226 288 283648 268492800 2420375554 67134472 1090797580 1057536 32768 16777216 411076900 65552 16795649 1208002572 528405 604243504 184549888 33620289 4195392 0 0 0 2181218304 0 0 8 0 1048576 32768 0 268435456 16 1 2147681180 54820892 2148205468 40108060 16814336 21012660 138412288 6422537 545267968 8 134809888 18094113 19966108 12845056 417 4612 2151940144 3670020 2281833218 8650788 201330720 1183748 65584 263232 32769 56934576 147062784 10493992 33816580 2153779233 262144 3702784 2160197889 8658980 203436040 17829894 2097312 34340864 2147483681 270348 4735488 16777361 8527872 4104 134283296 1711800417 134896640 2168981256 134217730 8228 16777600 8536866 33949704 1120 76316769 142608448 9710624 68818944 1343557632 2214593352 49152 2316353536 537395200 1073741842 8457 1024 4194560 256 24 17039360 8 524352 448 2048 134252544 32768 1088 32 3221555200 16384 1219493923 9961536 1074081808 51380816 0 2152988672 16384 19 83894272 36700160 85600256 1073752068 134253152 2129920 33571072 536889344 2151940113 83886401 266240 50331648 134217728 2147893248 524288 0 84017416 570689536 56320 75794435 84062273 536961040 64 0 2148795456 17301504 1073741824 8201 524568 197120 17039380 537141248 184832 536870912 0 0 0 768 4194304 1032 65536 35651584 456 0 4456448
is_linear=0
shrinkage=0.05


Tree=159
num_leaves=45
num_cat=39
split_feature=2 0 3 0 0 5 2 4 0 1 5 0 2 0 1 0 0 2 5 3 0 5 0 2 3 0 2 2 0 3 0 3 0 2 2 0 0 0 0 0 2 0 2 2
split_gain=7.28338 35.0464 11.368 10.4589 8.56126 9.72462 7.74528 7.71825 25.4699 13.28 12.0985 16.0332 15.9815 8.90535 10.7271 14.1541 8.12074 7.82298 10.4675 9.63231 8.08631 7.45518 13.4672 7.64312 7.48887 79.3194 40.6021 38.1074 36.0561 52.6651 72.5096 40.191 63.9218 36.5406 29.1976 31.5851 27.3369 26.033 24.9918 24.4871 34.3466 24.1192 22.0309 21.3285
threshold=0 1 2 3 4 25.500000000000004 5 3.5000000000000004 6 7 118.50000000000001 8 9 10 11 12 13 14 42.500000000000007 15 16 1698.0000000000002 17 18 19 20 21 22 23 24 25 26 27 28 29 30 31 32 33 34 35 36 37 38
decision_type=9 9 9 9 9 2 9 2 9 9 2 9 9 9 9 9 9 9 2 9 9 2 9 9 9 9 9 9 9 9 9 9 9 9 9 9 9 9 9 9 9 9 9 9
left_child=1 2 -1 -4 -3 -6 -7 21 9 -9 11 -10 -12 -14 15 -15 -16 18 -11 -20 -19 24 -23 -24 25 27 36 41 29 30 -26 32 -30 38 35 -33 -27 -32 -31 40 -29 -2 -36 -28
right_child=7 4 3 -5 5 6 -8 8 10 17 12 -13 13 14 16 -17 -18 20 19 -21 -22 22 23 -25 28 26 43 39 31 33 37 34 -34 -35 42 -37 -38 -39 -40 -41 -42 -43 -44 -45
leaf_value=-0.00080114663567470989 0.0092792692605444989 -0.012610310986890527 0.0050419011728431223 0.01059739402431375 0.00049533177518954472 -0.00290305903332303 0.00097954308315415526 0.01875439208101215 -0.012728767549219255 -0.0078697281112486642 0.010926067063269797 -0.0045709244629796308 0.0020987610127760517 -0.0018111902231319533 0.0028559177755159929 -0.010002992806670032 -0.0023067958711440739 -0.0039924486369851018 0.011404925132933664 0.0047589017266117589 0.0046270954480115423 -0.0026925834245977278 0.0016198348022394894 0.017486236254579148 0.0015613381944674432 0.010345512464338858 0.0019362750633163174 -0.016000426326319619 0.0098026343665938431 0.016910664165290669 -0.025351181316482809 -0.007919804410591048 0.00032036015153673607 -0.0005102744145349281 0.005834057923316616 -2.3412274386125365e-05 0.0033468536676947826 -0.0062133622004389771 0.00062084415854958281 -0.0017479808305605861 -0.0056024513305035113 -0.00044564096439363436 3.9771230391738581e-05 -0.0015939523298598381
leaf_weight=103 1213 243 269 248 100 241 175 110 644 141 102 1441 669 482 496 394 484 421 372 434 445 219 170 291 2425 3330 13075 578 3336 830 446 1093 6297 45417 972 1367 6717 4748 1508 15726 3113 1199 51305 4337
leaf_count=103 1213 243 269 248 100 241 175 110 644 141 102 1441 669 482 496 394 484 421 372 434 445 219 170 291 2425 3330 13075 578 3336 830 446 1093 6297 45417 972 1367 6717 4748 1508 15726 3113 1199 51305 4337
internal_value=-0.000114783 0.00349172 0.0122222 0.0152751 -0.00370611 0 -0.00336538 -0.000143175 -0.00181613 0.00302638 -0.00379077 -0.00664269 -0.00154168 -0.00234714 -0.00412647 -0.00812641 -0.000505051 0.00194734 0.00506792 0.0073201 -0.00148402 -7.77788e-05 0.00514706 0.00987261 -9.87979e-05 0.000419895 0.00220794 -0.0018293 -0.000312307 -0.00124765 -0.00510552 0.000492389 0.00346884 -0.000631215 -3.19652e-05 -0.00534413 0.00473799 -0.00843582 0.00545145 -0.00256602 -0.00622805 0.00408753 0.000218984 0.000746183
internal_weight=177726 1379 620 517 759 516 416 176347 6635 1923 4712 2085 2627 2525 1856 876 980 1813 947 806 866 169712 680 461 169032 49288 27459 21829 119744 55374 7619 64370 9633 47755 54737 2460 10047 5194 2338 19417 3691 2412 52277 17412
internal_count=177726 1379 620 517 759 516 416 176347 6635 1923 4712 2085 2627 2525 1856 876 980 1813 947 806 866 169712 680 461 169032 49288 27459 21829 119744 55374 7619 64370 9633 47755 54737 2460 10047 5194 2338 19417 3691 2412 52277 17412
cat_boundaries=0 7 9 10 12 14 20 22 24 26 33 35 38 40 42 49 50 52 54 61 62 64 71 78 80 81 83 84 86 93 100 102 104 106 108 110 117 119 126 133
cat_threshold=168296448 541327360 3221751824 8396804 2152071185 268439553 33554452 3959955585 179470869 384 201851008 167903237 44042602 17416 0 4194304 524288 8388608 131072 1 1051704 120857092 2684354688 1342177296 2223800388 4199488 0 0 0 33024 0 262160 16384 2223022592 4210768 2181038275 1084227588 69 136708229 688137 1610874946 8952832 1056768 0 0 2147926016 536870912 18 1025 404 1032 52691460 2760769536 100712449 16 64 0 0 0 0 18688 34 3297248949 140642905 285477124 72 134217732 2148548992 134783264 2147483698 26880 1050637 2384461824 2113792 1180048 1575424 1075838988 17039360 708028490 127689220 8 137494592 34078720 8 2214593573 4328528 297760 2164434952 4243488 83886272 939526272 2147745794 8 2418317364 16809984 148930592 67109072 402653602 2147483648 4718592 2155872913 4228120 570433858 26247168 65536 16785412 2172930 77087232 1061 2099200 268443664 0 40960 32776 0 18 264 1172 136317441 1048577 109062146 270592 2097153 16896 37750784 197728 9 34652676 4235264 33947721 25166336 0 83886081
is_linear=0
shrinkage=0.05


Tree=160
num_leaves=45
num_cat=25
split_feature=2 10 2 5 3 10 2 2 1 8 3 3 10 8 3 3 1 8 8 6 2 10 2 6 3 2 8 2 1 5 2 8 3 2 6 6 2 10 3 2 2 6 2 6
split_gain=7.51507 7.19266 14.2205 18.2263 11.0207 10.7678 26.6304 22.3526 11.0094 10.5077 17.7904 13.4973 10.4966 10.4786 29.3746 17.4309 14.929 15.2295 10.1918 9.94623 9.6601 12.4524 12.5926 11.7279 11.1734 14.3601 9.23618 8.61324 8.28444 13.3821 8.21982 12.6121 14.2287 12.863 10.3538 8.67835 26.0467 15.3245 10.427 19.6817 16.2602 10.3398 14.0434 12.7529
threshold=0 3.5000000000000004 1 697.50000000000011 2 8.5000000000000018 3 4 5 6.5000000000000009 6 7 7.5000000000000009 1.5000000000000002 8 9 10 10.500000000000002 3.5000000000000004 2.5000000000000004 11 12.500000000000002 12 1.0000000180025095e-35 13 14 7.5000000000000009 15 16 293.50000000000006 17 6.5000000000000009 18 19 1.5000000000000002 1.0000000180025095e-35 20 22.500000000000004 21 22 23 4.5000000000000009 24 3.5000000000000004
decision_type=9 2 9 2 9 2 9 9 9 2 9 9 2 2 9 9 9 2 2 2 9 2 9 2 9 9 2 9 9 2 9 2 9 9 2 2 9 2 9 9 9 2 9 2
left_child=-1 2 3 4 -2 6 -3 -8 9 11 26 -9 -12 14 -10 16 17 -15 19 -18 21 22 23 -7 25 -23 -11 -27 29 -28 31 33 34 -22 -33 36 37 -32 40 -40 -38 43 -43 -37
right_child=1 5 -4 -5 -6 20 7 8 13 10 12 -13 -14 15 -16 -17 18 -19 -20 -21 30 24 -24 -25 -26 27 28 -29 -30 -31 35 32 -34 -35 -36 41 38 -39 39 -41 -42 42 -44 -45
leaf_value=-0.0037037706203483928 -8.1006993263008087e-05 -0.0064463589202399477 -0.00097141322399164627 0.020634949329655861 0.0065198846230033469 0.0069886587586892148 0.002303005775759065 -0.0086100243126948483 0.0030564989349621432 -0.0034075710676040095 -0.0023179395826009282 1.7822977300463451e-06 0.0023244014759229493 0.0049859927685911966 -0.0081613319980080434 -0.0037565667477404726 -0.021589779275152418 -0.0059397313048656173 -0.0012156603453858938 -0.0030315100792326689 -0.0041653956592326517 0.0014658075645942348 -0.0013249555673577218 -0.0064923960730169823 0.00155230356535378 -0.0016215469990028377 0.018762589618700476 -0.0062643669385821447 0.0020135019541590474 -0.011147745257404119 -0.0049002399366638973 0.037708032653680973 0.00059365531525974464 0.0039785716000891513 0.0084241948603424044 0.0001249880831546313 0.0048288354503823183 0.027526189605128062 -0.0012139867065948996 0.0050275032731747493 -0.0012994110841649865 -0.0019188783058935123 -2.8279010575893437e-05 0.0010387690097064528
leaf_weight=467 1164 1155 2186 83 1695 59 2118 1298 298 204 2078 2649 2034 1826 501 5166 110 472 1683 102 852 789 2291 452 2330 1720 618 284 464 57 2976 209 871 436 423 62218 475 43 2900 2792 11228 6451 29451 20048
leaf_count=467 1164 1155 2186 83 1695 59 2118 1298 298 204 2078 2649 2034 1826 501 5166 110 472 1683 102 852 789 2291 452 2330 1720 618 284 464 57 2976 209 871 436 423 62218 475 43 2900 2792 11228 6451 29451 20048
internal_value=-0.000126599 -0.00010972 0.00173557 0.00399729 0.00334033 -0.0001647 -0.00117593 -0.000779233 -0.00130812 -7.43731e-05 0.00134739 -0.00203952 -0.000291121 -0.00244886 -0.00794743 -0.00198205 0.000416369 0.00311958 -0.00286089 -0.0132075 -1.0047e-05 -0.00170762 -0.00438972 -0.0114203 -0.000243998 -0.00237246 0.00631929 -0.00461768 0.00812116 0.0116058 8.52295e-05 0.00276687 0.00588822 -0.000854037 0.0115265 3.10263e-05 -0.000920937 -0.00519974 -0.000175237 0.00157839 -0.00102877 0.000195484 -0.000512506 0.000504461
internal_weight=177726 177259 5128 2942 2859 172131 22833 21678 19560 9402 5455 3947 4112 10158 799 9359 4193 2298 1895 212 149298 7925 2802 511 5123 2793 1343 2004 1139 675 141373 2791 1503 1288 632 138582 20414 3019 17395 5692 11703 118168 35902 82266
internal_count=177726 177259 5128 2942 2859 172131 22833 21678 19560 9402 5455 3947 4112 10158 799 9359 4193 2298 1895 212 149298 7925 2802 511 5123 2793 1343 2004 1139 675 141373 2791 1503 1288 632 138582 20414 3019 17395 5692 11703 118168 35902 82266
cat_boundaries=0 7 14 15 22 29 32 33 34 35 36 39 46 53 54 60 67 69 76 77 83 90 91 98 105 112
cat_threshold=67108992 2691072 1024 270532608 67175426 1048576 4456576 327696 16 0 2182272256 16779776 0 2057 152 296965 25174368 2097184 4203528 24740 1074003968 64 1627471872 33589762 303104 266560 538738688 65537 17672 369262635 134283312 66 266 324 324 114 65600 12583232 5 1073840384 134365830 138682882 256 947945480 33622025 1064 0 0 262144 0 805306368 33622025 1024 416 256 2 512 0 813727744 33556489 0 134217732 138420224 256 134217728 0 8 33685504 16 2315782209 262176 3489679360 8396928 6422528 285609984 4180 480 134219777 262176 0 128 131072 393216 538185760 2760933400 8912928 393232 532992 1073741824 134217728 184 24600 33554432 0 22073376 1052672 4194304 18688 268443648 0 2097152 9 1048576 4194304 16384 4 29360128 2097408 88358921 16798256 4194306 83894272
is_linear=0
shrinkage=0.05


Tree=161
num_leaves=45
num_cat=37
split_feature=8 0 1 0 10 10 0 3 0 0 5 1 0 0 0 1 1 5 1 8 3 0 1 0 8 0 3 1 0 1 1 3 0 1 0 1 0 0 1 0 1 0 0 1
split_gain=7.29174 28.0605 22.1285 29.2038 16.4417 16.2584 28.3356 15.4176 47.6031 22.7671 19.9669 16.0918 15.3421 14.9965 14.8224 17.6739 16.7937 13.4268 13.0943 12.2996 41.3625 73.7403 46.8978 45.8387 45.1646 40.3692 53.6796 39.7864 36.2743 34.5101 31.9424 28.7857 31.4576 29.9612 33.2705 29.5882 28.2091 27.4831 27.048 25.4108 25.0236 24.9667 24.9406 24.2944
threshold=11.500000000000002 0 1 2 21.500000000000004 20.500000000000004 3 4 5 6 4.5000000000000009 7 8 9 10 11 12 4.5000000000000009 13 7.5000000000000009 14 15 16 17 6.5000000000000009 18 19 20 21 22 23 24 25 26 27 28 29 30 31 32 33 34 35 36
decision_type=2 9 9 9 2 2 9 9 9 9 2 9 9 9 9 9 9 2 9 2 9 9 9 9 2 9 9 9 9 9 9 9 9 9 9 9 9 9 9 9 9 9 9 9
left_child=19 5 3 4 -3 7 -7 8 -2 10 -9 12 -11 -13 16 -16 -4 -14 -12 20 21 24 39 31 27 26 28 -1 40 -28 -30 32 -22 34 -33 -34 -31 -29 41 -23 -21 -26 43 -35
right_child=1 2 14 -5 -6 6 -8 9 -10 11 18 13 17 -15 15 -17 -18 -19 -20 25 23 22 -24 -25 38 -27 29 37 30 36 -32 33 35 42 -36 -37 -38 -39 -40 -41 -42 -43 -44 -45
leaf_value=-0.0008413550007893456 0.0025595612750351328 0.0076165796754754439 -0.001019310909229687 -0.0041019559007950237 -0.010018127962306601 0.0031288665538901196 -0.0060610243678273614 -0.0042680834519607498 -0.0118035967960066 -0.00046711198463046389 0.0059917757372713546 -0.0080092387916341767 0.0030204437428815872 0.0015619981676229134 -0.00015505667117531876 0.011159504658177744 0.0089025713795124143 0.0026076065129565676 -0.0043962216041510743 -0.016059203858167549 -0.00017876589731251615 0.014281174104719763 -0.0030035898638414715 0.0011246842926889572 -0.0077192776403649972 0.0002424942719361667 -0.0043018218065153605 -0.0071109454152803566 -0.0031223635298907038 0.0015085908387055037 0.0025234351449725193 -0.018201924341525056 -0.010074162141188737 -7.5291901637342121e-05 -0.00096115822753404807 -0.0026760709043523291 -0.001851932075347862 -0.01588046639250499 -0.0042623388977900082 0.0013860623657619754 0.0072888922947478953 0.011584320358791089 0.00022807033860254846 0.010263105822463354
leaf_weight=1129 598 1105 1327 1740 95 353 519 58 597 855 129 581 55 884 537 2005 693 1859 1725 110 10745 1391 3406 49690 107 36230 11918 1699 2737 3146 3459 219 955 1124 562 6871 5910 1815 599 4045 2707 381 9192 1864
leaf_count=1129 598 1105 1327 1740 95 353 519 58 597 855 129 581 55 884 537 2005 693 1859 1725 110 10745 1391 3406 49690 107 36230 11918 1699 2737 3146 3459 219 955 1124 562 6871 5910 1815 599 4045 2707 381 9192 1864
internal_value=-0.000121535 0.000906777 0.00311502 -0.000271186 0.00570248 -0.00111273 -0.00756881 -0.000347364 -0.00551867 0.000666017 -0.00385016 0.00270971 0.00494782 -0.00152542 0.00529309 0.00783699 0.00206897 0.00743243 -0.00296656 -0.000221281 0.000140927 -0.00231107 0.000553547 0.000581052 -0.00672474 -0.000745277 -0.00210188 -0.00888434 0.0011249 -0.00348837 -0.00101515 -0.000909898 -0.00217157 0.000898157 -0.0085335 -0.00458142 -0.00115817 -0.0114926 0.0024379 0.00343371 0.00581889 0.0110442 0.00150943 0.00547031
internal_weight=177726 15715 7502 2940 1200 8213 872 7341 1195 6146 1912 4234 2769 1465 4562 2542 2020 1914 1854 162011 95794 14572 8842 81222 5730 66217 29987 4643 9013 20974 6196 31532 18571 12961 781 7826 9056 3514 1087 5436 2817 488 12180 2988
internal_count=177726 15715 7502 2940 1200 8213 872 7341 1195 6146 1912 4234 2769 1465 4562 2542 2020 1914 1854 162011 95794 14572 8842 81222 5730 66217 29987 4643 9013 20974 6196 31532 18571 12961 781 7826 9056 3514 1087 5436 2817 488 12180 2988
cat_boundaries=0 2 5 7 9 10 12 14 17 19 21 23 25 28 31 32 34 37 39 41 42 44 46 49 52 53 55 57 59 62 64 66 69 71 74 76 78 81
cat_threshold=1714685813 197185024 277127171 1552146508 67 2281832456 1318988 639632736 155190784 198 34865681 29362688 572524288 29362176 843096193 1417773064 69 262208 34304 1074790417 134234112 2281906184 262232 4329664 4194304 33620736 2097440 4 131137 67108928 64 256 741343573 183407172 542585152 277070082 69 1082764328 35411013 537004790 210807321 452 1077186592 1075974174 133138 201327104 2319876258 1147297810 85 540086753 134316296 65 156 1074266152 34341953 65609 256 1024 263168 2151940384 337674496 64 536871456 8388617 2097424 11177988 570490882 8421380 21 1082198658 68175872 1610613248 65538 16 136314880 524288 101376 1052676 538312704 1214316548 12
is_linear=0
shrinkage=0.05


Tree=162
num_leaves=45
num_cat=18
split_feature=5 10 1 1 1 3 8 8 5 10 5 10 10 5 3 1 1 1 10 3 1 5 10 3 10 4 1 1 5 5 1 3 1 5 1 1 9 5 5 9 5 10 6 9
split_gain=7.54944 15.8966 17.4652 17.2916 16.9022 13.6052 12.916 20.1416 25.6562 14.421 16.7613 14.0078 10.3847 11.0736 10.3315 12.8208 10.1108 9.96313 19.3729 17.4415 19.1166 16.1163 15.4301 15.0349 21.9396 16.3546 13.5391 13.1849 16.2284 12.4098 12.1142 11.8818 10.7139 10.7075 10.0726 9.55644 12.2953 9.50165 17.497 13.9595 12.7724 18.558 17.1891 22.6249
threshold=27.500000000000004 10.500000000000002 0 1 2 3 9.5000000000000018 8.5000000000000018 1.0000000180025095e-35 20.500000000000004 23.500000000000004 14.500000000000002 17.500000000000004 19.500000000000004 4 5 6 7 17.500000000000004 8 9 176.50000000000003 5.5000000000000009 10 18.500000000000004 1.5000000000000002 11 12 160.50000000000003 275.50000000000006 13 14 15 462.50000000000006 16 17 1.0000000180025095e-35 360.50000000000006 960.50000000000011 1.0000000180025095e-35 305.50000000000006 21.500000000000004 4.5000000000000009 1.0000000180025095e-35
decision_type=2 2 9 9 9 9 2 2 2 2 2 2 2 2 9 9 9 9 2 9 9 2 2 9 2 2 9 9 2 2 9 9 9 2 9 9 2 2 2 2 2 2 2 2
left_child=1 2 -1 14 6 -4 7 -5 11 12 -11 -9 16 -14 -3 -16 -8 18 19 22 -21 -20 31 24 25 -19 -23 28 32 30 -27 -2 -26 -29 -31 36 -28 40 39 -39 41 -30 -42 -44
right_child=17 3 5 4 -6 -7 9 8 -10 10 -12 -13 13 -15 15 -17 -18 23 21 20 -22 26 -24 -25 27 29 35 33 37 34 -32 -33 -34 -35 -36 -37 -38 38 -40 -41 42 -43 43 -45
leaf_value=-0.0030548618423115628 0.0147793008687164 0.0075572919529228351 -0.00074656090727009408 0.00055928305542606309 0.0068443769813792306 0.0034124604960046323 -0.010870398950539074 0.0094469334459271314 0.0022610785853828643 -0.0047785412154506051 0.0056492092256751059 0.014164591172326602 0.0018461685088709324 -0.0032661360602822989 -0.0083420574936409093 -0.0019870530329499261 -0.00065310265812653647 0.035612079102607122 0.00079526252024961783 -0.0001792504766543579 0.0056538440099168259 0.01255326196082775 -0.00038267966678847689 0.00014957374864092989 -0.00041782830864932065 0.00017858196911363161 0.0068671264931620297 -0.0020114159359840068 -0.0029468808876083664 0.020146044882129767 -0.0020666689752994074 0.00089282999504141096 -0.013140415954885876 0.0034048114651541229 0.00019663457355101056 0.0042212734732726357 -0.0087487515068412677 -0.0036720071047066762 -0.0039759984726429219 0.018756961391461369 -0.0090182272557815524 0.0028093391994123865 0.00011450909936767396 -0.0035556265513804032
leaf_weight=6471 556 218 1520 9442 407 554 375 93 994 531 104 218 797 292 511 4612 2522 126 13443 3057 3190 258 43063 48811 1028 5034 208 3599 533 143 7359 1439 107 553 10350 4151 281 103 103 80 150 152 109 79
leaf_count=6471 556 218 1520 9442 407 554 375 93 994 531 104 218 797 292 511 4612 2522 126 13443 3057 3190 258 43063 48811 1028 5034 208 3599 533 143 7359 1439 107 553 10350 4151 281 103 103 80 150 152 109 79
internal_value=-0.000102967 -0.000831058 -0.00265067 -9.47149e-05 0.000738042 0.00134357 0.000468201 0.001419 0.00724138 -0.00174205 -0.00874016 0.0197749 -0.000627195 0.00353535 -0.00255093 -0.00300994 -0.00219192 4.28866e-05 0.000478064 -2.04658e-05 0.00245325 0.00187285 -0.000363895 -0.000343623 -0.00123236 -0.000504085 0.0043283 -0.00377502 -0.00668297 -0.000602989 -0.00167433 0.00393484 -0.0023348 -0.00204229 0.000662346 0.00367742 -0.00290581 -0.0105042 -0.00244755 0.0068306 -0.0127566 -0.00883212 -0.0207101 -0.0106383
internal_weight=177726 29661 8545 21116 15775 2074 15368 10747 1305 4621 635 311 3986 1089 5341 5123 2897 148065 69646 51305 6247 18341 45058 78419 29608 23012 4898 6596 2444 22886 12393 1995 1135 4152 10493 4640 489 1309 286 183 1023 685 338 188
internal_count=177726 29661 8545 21116 15775 2074 15368 10747 1305 4621 635 311 3986 1089 5341 5123 2897 148065 69646 51305 6247 18341 45058 78419 29608 23012 4898 6596 2444 22886 12393 1995 1135 4152 10493 4640 489 1309 286 183 1023 685 338 188
cat_boundaries=0 3 6 9 10 11 13 14 17 18 21 22 24 27 30 31 33 35 38
cat_threshold=173146564 79823184 1 5546496 341868899 18 33751140 8396816 65 356 64 512 341835809 36 116515648 340165904 51 308 17216 272662784 18 216 1048576 71335936 536870912 142671936 64 264217 8396836 64 32 0 8388608 268435457 65568 67109184 0 17
is_linear=0
shrinkage=0.05


Tree=163
num_leaves=45
num_cat=16
split_feature=5 10 1 1 1 3 8 8 1 8 6 10 4 10 5 1 8 6 8 10 3 1 1 10 3 1 10 3 10 1 5 4 5 1 3 5 5 1 5 5 10 6 9 8
split_gain=7.07907 14.978 15.042 14.4639 12.6726 9.97695 9.73751 16.2246 22.8984 12.2543 12.2464 9.7495 9.3534 9.21298 11.5256 8.94798 13.2481 9.08651 8.85183 9.93439 9.53355 9.18237 8.78576 17.4319 14.7861 16.4127 14.6101 13.5623 20.8511 13.9324 13.7153 13.5273 13.1431 12.5822 10.9203 10.8662 10.6033 10.2824 10.1399 17.0669 17.9096 14.043 20.8084 21.0381
threshold=27.500000000000004 10.500000000000002 0 1 2 3 9.5000000000000018 8.5000000000000018 4 11.500000000000002 1.5000000000000002 12.500000000000002 3.5000000000000004 20.500000000000004 23.500000000000004 5 10.500000000000002 1.0000000180025095e-35 8.5000000000000018 19.500000000000004 6 7 8 17.500000000000004 9 10 5.5000000000000009 11 18.500000000000004 12 160.50000000000003 1.5000000000000002 176.50000000000003 13 14 94.500000000000014 275.50000000000006 15 360.50000000000006 305.50000000000006 21.500000000000004 4.5000000000000009 1.0000000180025095e-35 11.500000000000002
decision_type=2 2 9 9 9 9 2 2 9 2 2 2 2 2 2 9 2 2 2 2 9 9 9 2 9 9 2 9 2 9 2 2 2 9 9 2 2 9 2 2 2 2 2 2
left_child=1 3 18 -1 -4 -5 7 12 -9 13 -10 -11 -6 -8 15 16 -15 -17 19 -3 -20 -22 23 24 26 -26 34 28 31 30 35 -24 -25 -34 -2 -30 37 -33 39 40 -32 -41 43 -43
right_child=22 2 4 5 6 -7 9 8 10 11 -12 -13 -14 14 -16 17 -18 -19 20 -21 21 -23 27 32 25 -27 -28 -29 29 -31 38 36 33 -35 -36 -37 -38 -39 -40 41 -42 42 -44 -45
leaf_value=-0.0029021187501959813 0.014040335825280576 -0.0018255532778324814 0.013468089171153608 -0.00070923286190659467 0.00064379624187513307 0.0032418374712043898 -0.0009814440047465733 0.0089899170882669962 -0.0027026935461339388 -0.0051841365701038814 0.0038234571635141659 0.0017281846504462518 -0.019349990534142152 0.00075893667926649764 0.0057438390491118098 -0.004585903121810642 -0.0064048406424262461 -0.0098800251929301863 0.015783289413752077 0.0048689923565920614 -0.0028750037938377717 -0.0072391954598389208 0.033831475147476767 0.00075549939423713575 -0.00017028795282163502 0.0053711518094209879 -0.00036354568344905137 0.0001420950612088856 -0.0043010405380306148 -0.0011602653583159261 -0.0027802569491513331 0.00016965287065795129 0.011925598862786364 0.0030965268521636283 0.00084818849528933704 0.0034933069424271379 0.00026005888667376964 -0.0019633355265344377 -0.00094326266466459034 -0.0083306832180599921 0.0026688722394417664 0.00088360092396192478 -0.003504807158123258 -0.0011030987494636435
leaf_weight=6471 556 2692 113 1520 9539 554 2941 415 247 201 681 1051 92 99 77 48 98 162 101 625 1361 573 126 13443 3057 3190 43063 48811 772 3973 574 5034 258 4640 1439 448 10493 7359 312 158 166 70 81 42
leaf_count=6471 556 2692 113 1520 9539 554 2941 415 247 201 681 1051 92 99 77 48 98 162 101 625 1361 573 126 13443 3057 3190 43063 48811 772 3973 574 5034 258 4640 1439 448 10493 7359 312 158 166 70 81 42
internal_value=-0.000109157 -0.0008142 -9.94507e-05 -0.00258046 0.000678331 0.00105566 0.000552327 0.00136687 0.00651526 -0.00135771 0.00202559 0.0028754 0.000648946 -0.00290511 -0.00929752 -0.0126536 -0.00410628 -0.0195455 -0.00238717 -0.000798915 -0.00498771 -0.00576132 3.20805e-05 0.000440737 -3.21606e-05 0.00224549 -0.000348362 -0.000330873 -0.00117496 -0.00365373 -0.0064755 -0.000464975 0.00176381 0.00398122 0.00383459 -0.00262295 -0.000554924 -0.00154523 -0.0098717 -0.0121448 -0.00783784 -0.0212251 -0.0121762 0.00178571
internal_weight=177726 29661 21116 8545 15764 2074 15651 10974 1343 4677 928 1252 9631 3425 484 407 197 210 5352 3317 2035 1934 148065 69646 51305 6247 45058 78419 29608 6596 2623 23012 18341 4898 1995 1220 22886 12393 1403 1091 740 351 193 112
internal_count=177726 29661 21116 8545 15764 2074 15651 10974 1343 4677 928 1252 9631 3425 484 407 197 210 5352 3317 2035 1934 148065 69646 51305 6247 45058 78419 29608 6596 2623 23012 18341 4898 1995 1220 22886 12393 1403 1091 740 351 193 112
cat_boundaries=0 3 6 9 10 13 16 17 19 22 23 26 27 30 32 33 36
cat_threshold=5562880 341868899 18 173146564 79823184 1 2 1073872900 8 356 131076 0 64 4 8388608 64 64 4489216 322 116515648 340165904 51 308 17216 272662784 18 216 2684616705 144773184 64 1048576 71335936 32 264217 8396836 64
is_linear=0
shrinkage=0.05


Tree=164
num_leaves=45
num_cat=40
split_feature=8 0 1 2 0 0 2 1 0 2 2 3 0 8 0 3 3 0 2 2 0 2 0 2 2 8 0 8 2 1 1 0 0 2 0 2 2 0 0 0 2 0 2 1
split_gain=7.2305 24.3464 20.2755 16.716 37.1187 23.5126 23.3484 20.0276 15.3443 16.6423 16.5504 12.5017 17.766 11.6254 40.8755 50.9188 37.5858 56.9764 50.3241 45.7557 39.6336 42.416 37.3382 37.3042 34.3887 33.6619 40.0758 30.76 31.1233 27.8838 26.7307 28.4306 26.5284 26.3007 26.2619 24.4639 23.3767 25.8452 23.0765 22.8472 29.8619 22.4627 21.2093 20.5991
threshold=11.500000000000002 0 1 2 3 4 5 6 7 8 9 10 11 7.5000000000000009 12 13 14 15 16 17 18 19 20 21 22 10.500000000000002 23 4.5000000000000009 24 25 26 27 28 29 30 31 32 33 34 35 36 37 38 39
decision_type=2 9 9 9 9 9 9 9 9 9 9 9 9 2 9 9 9 9 9 9 9 9 9 9 9 2 9 2 9 9 9 9 9 9 9 9 9 9 9 9 9 9 9 9
left_child=13 2 -2 4 -3 7 -7 -5 9 -6 -10 12 -4 16 15 25 17 19 39 38 21 22 -18 -17 -22 29 -27 28 -23 -15 31 -25 -31 34 -26 -16 41 42 -1 -19 -41 -29 -38 -33
right_child=1 3 11 5 8 6 -8 -9 10 -11 -12 -13 -14 14 35 23 20 18 -20 -21 24 27 -24 30 33 26 -28 36 -30 32 -32 43 -34 -35 -36 -37 37 -39 -40 40 -42 -43 -44 -45
leaf_value=0.0028285486196575229 -0.00039689235545805062 0.0098596632823557302 0.008002625467093771 0.0002989732050053873 0.014021548455194932 -0.0021732233185989048 0.003855012232981553 -0.0027754972880993604 -0.0051696730850797293 -0.0047134131731193631 0.0030598161612667599 0.011185595210349397 -0.0051827223076040653 -0.0040420123970963786 -0.0028572695328671575 -0.0056695235224062755 -0.012273120010027378 0.022740254787933789 -0.0020812549112148027 -0.010569409291964491 0.0062425152823316404 0.0036115510129377084 -0.0022524141927403097 0.0052765622522170878 0.0075909795634162116 0.038523672520119123 0.0038650415256645532 -0.00072549251874605154 -0.0022856494497658641 -0.00020520492224295196 -0.0026138151643523874 -0.013873579463651349 0.019339528992490432 0.001044889208396016 -0.005694081729302059 0.00027809774461453609 -0.0049922164917548615 -0.00052079460188609878 -0.0022119523293842704 0.022748560977927348 0.0012857189645588908 0.012929493858478093 0.0065768311388845428 0.00032295821637179367
leaf_weight=496 996 1040 236 1177 107 2011 2196 2043 614 1087 2001 1985 222 1610 2596 2042 738 496 5717 4168 2165 1576 2130 1391 388 460 886 668 11455 703 14053 284 449 47527 1471 41177 240 7665 576 367 4012 1522 2417 566
leaf_count=496 996 1040 236 1177 107 2011 2196 2043 614 1087 2001 1985 222 1610 2596 2042 738 496 5717 4168 2165 1576 2130 1391 388 460 886 668 11455 703 14053 284 449 47527 1471 41177 240 7665 576 367 4012 1522 2417 566
internal_value=-0.000110845 0.00091314 0.00462453 -0.00013023 0.00215065 -0.00162028 0.000841831 -0.00482972 -0.000144017 -0.00481728 0.002 0.00707297 -0.00042735 -0.000210171 -0.000719604 -0.00245391 0.000141971 -0.00208307 2.82965e-05 -0.00634286 0.000582704 -0.000916576 -0.0066713 -0.00358116 0.00140901 0.00257407 0.00906389 -0.00026807 -0.00196838 -0.00057929 -0.00277846 0.00228787 0.00533563 0.00113774 -0.00468165 0.000170157 0.00150256 0.000503291 0.00286506 0.0037564 0.00258601 0.00618182 0.00474316 -0.00488372
internal_weight=177726 15715 3439 12276 4849 7427 4207 3220 3809 1194 2615 2443 458 162011 66217 22444 95794 15832 10592 5240 79962 28411 2868 18336 51551 4108 1346 25543 13031 2762 16294 2241 1152 49386 1859 43773 12512 10322 1072 4875 4379 2190 2657 850
internal_count=177726 15715 3439 12276 4849 7427 4207 3220 3809 1194 2615 2443 458 162011 66217 22444 95794 15832 10592 5240 79962 28411 2868 18336 51551 4108 1346 25543 13031 2762 16294 2241 1152 49386 1859 43773 12512 10322 1072 4875 4379 2190 2657 850
cat_boundaries=0 2 5 12 14 16 23 26 28 35 42 43 45 47 48 49 51 58 65 67 74 76 83 90 92 99 102 105 107 109 116 118 125 132 134 136 138 144 146 153 155
cat_threshold=9046152 70656004 272666691 201424904 2 1075216 25167992 4235296 2147616000 1052672 268435505 67241288 1207959874 4195329 1646265155 54578177 553648140 8448 0 282624 402677764 2147549184 26624 4489733 4194320 5 606143520 143163904 0 48 0 1024 0 32 8 16 96 32768 132096 0 48 64 202 655488 69337088 537004758 210806784 450 384 204472405 183403076 269824 43522 32768 1213768 8917504 4456498 67125313 536875040 80 134217728 1312128 543520 1111752705 17301760 1082764288 35411013 2151681025 2885716102 256 2101304 17965568 262168 150995968 101376 1048580 1610612760 134250694 24576 262145 563611648 2147549216 83888128 1348993028 608338306 134234112 155197592 17170576 2147483656 134217728 2180 142608384 536903680 25182784 12853280 1024 2084 3223388161 67111240 1881281057 75595782 26 2419071232 136544268 2 537002070 9437184 537002114 68198400 33561248 18899497 6332704 32 557090 1078134784 32 2147484288 151030272 3489759488 2690786048 134242304 138412296 14336 4194315 147712 1074790412 8397624 4227072 37748865 545804292 1073741858 131080 534528 1572864 69206081 38141952 8454656 67110912 2048 43008 0 72 524288 4456480 9012224 34604032 65536 0 0 1048832 2048 2147483649 18688 268435712 196608
is_linear=0
shrinkage=0.05


Tree=165
num_leaves=45
num_cat=24
split_feature=4 2 5 8 1 5 3 3 5 2 5 3 2 5 5 8 10 5 1 3 5 1 8 2 3 2 5 5 9 2 8 2 2 2 2 3 2 10 8 3 2 10 2 2
split_gain=7.10651 19.9895 9.90745 16.0396 9.58141 8.87501 8.4111 8.10709 7.66439 7.04987 6.76364 13.3531 13.2268 7.71429 6.85551 6.8212 6.5962 6.56487 6.45356 9.09927 6.49627 6.28601 5.84288 16.1763 11.3346 12.0945 11.7721 11.1056 10.2635 23.2375 22.6033 36.3199 34.4414 19.4922 18.3934 17.0886 17.2004 16.5425 15.3344 22.263 13.2486 12.0352 22.4224 17.9995
threshold=3.5000000000000004 0 44.500000000000007 11.500000000000002 1 118.50000000000001 2 3 172.50000000000003 4 299.50000000000006 5 6 697.50000000000011 484.50000000000006 6.5000000000000009 17.500000000000004 128.50000000000003 7 8 61.500000000000007 9 11.500000000000002 10 11 12 621.50000000000011 128.50000000000003 1.0000000180025095e-35 13 5.5000000000000009 14 15 16 17 18 19 1.5000000000000002 6.5000000000000009 20 21 17.500000000000004 22 23
decision_type=2 9 2 2 9 2 9 9 2 9 2 9 9 2 2 2 2 2 9 9 2 9 2 9 9 9 2 2 2 9 2 9 9 9 9 9 9 2 2 9 9 2 9 9
left_child=9 6 3 21 10 18 8 -7 17 -1 12 16 15 14 -13 -4 -12 -2 20 -20 -6 -3 28 24 25 26 -24 -26 29 -11 31 -30 -32 38 -31 37 -37 -33 39 -34 -40 43 -43 -36
right_child=1 2 4 -5 5 7 -8 -9 -10 22 11 13 -14 -15 -16 -17 -18 -19 19 -21 -22 -23 23 -25 27 -27 -28 -29 30 34 32 35 33 -35 41 36 -38 -39 40 -41 -42 42 -44 -45
leaf_value=-0.002706847914449867 -0.0026493259985808041 -0.002471757597639318 0.0033496693055180189 0.022177353443765483 0.0032792804753698002 0.0064898279794875727 0.0062952624385409217 -0.00098273469477262189 0.0047849596061882551 -0.0030097968911457886 0.011727262119449711 -0.0062034979925500999 -0.0083844919349908131 -0.033858660364464624 0.0070509539354316701 -0.0036537155846455452 -0.00543444046000014 -0.017812586764050582 -0.0040788162483712974 0.011842499747156255 -0.0080424244728899419 -0.015900024060743551 0.00022820124300497457 0.0016199836517858169 -0.006988490534552777 -0.003814721219187306 0.025905930834390391 -0.0011095507089914358 -0.0020778074896817544 0.001784240989379437 0.0019237279164796119 0.028223781988414312 1.7883774569327217e-05 -5.052905987176504e-05 0.00069088972893270877 0.010527917668323967 0.0028132896665029328 -0.0022500544505466903 -0.0072185312355904797 -0.0076800590340641746 -0.00064411035804756711 -0.0028396383254446489 0.00087990717616340816 -0.0010587666979766375
leaf_weight=642 138 239 316 52 46 740 400 906 235 3973 273 153 569 42 47 623 74 48 870 225 207 562 3869 9210 516 611 110 919 2684 1670 6105 51 804 63256 8826 2368 6520 1411 116 1348 6347 2495 13372 33738
leaf_count=642 138 239 316 52 46 740 400 906 235 3973 273 153 569 42 47 623 74 48 870 225 207 562 3869 9210 516 611 110 919 2684 1670 6105 51 804 63256 8826 2368 6520 1411 116 1348 6347 2495 13372 33738
internal_value=-8.83382e-05 -0.00167775 -0.00268727 -0.00767878 -0.00185622 -3.32889e-05 0.00559567 0.00243013 0.000580046 -2.54444e-05 -0.00443759 8.48896e-05 -0.00623342 -0.00873016 -0.005 -0.00247629 0.00630252 -0.00698925 -0.00304154 -0.00131222 -0.010076 -0.00942572 -5.57744e-06 0.000928782 -0.00108534 0.000130435 0.00114064 -0.0049481 -9.73666e-05 -0.000582139 0.000243929 0.00217124 -7.82292e-05 -0.000384664 -0.000336877 0.00351351 0.00433805 -0.00149457 -0.00261449 -0.00627323 -0.00140028 -0.000485105 0.000690112 -0.000923315
internal_weight=177726 6765 5944 853 5091 2994 821 1646 421 170961 2097 589 1508 242 200 939 347 186 1348 1095 253 801 170319 15235 6025 4590 3979 1435 155084 64074 91010 13034 77976 71871 60101 10350 8888 1462 8615 2152 6463 58431 15867 42564
internal_count=177726 6765 5944 853 5091 2994 821 1646 421 170961 2097 589 1508 242 200 939 347 186 1348 1095 253 801 170319 15235 6025 4590 3979 1435 155084 64074 91010 13034 77976 71871 60101 10350 8888 1462 8615 2152 6463 58431 15867 42564
cat_boundaries=0 7 10 11 12 19 20 26 27 28 29 36 37 44 51 58 65 72 79 80 87 88 92 99 106
cat_threshold=537993217 8390656 0 8422720 688914436 2147483664 18504 2422210819 1073807364 68 298 276 0 2838528 8389632 278921216 100729858 1048584 262272 36 262144 32 8192 37748736 16384 8 538181632 116 4325376 537198596 2152760194 288 17055760 402692132 65538 25601 308 0 1048576 0 16793600 402653184 0 8193 2300315784 12 6832160 16777632 9061280 264192 32 1073807384 58728448 8192 33032 25724960 2185494545 84411488 2165053481 2685411336 4719168 16777360 657408 33822736 525344 302023044 71303333 134234370 205652040 538181632 2097281 4325640 268435456 2151940128 134480640 71311384 17039360 6295553 17301504 200 268435460 100 4194336 50729984 0 65570 24584 56 32768 4194308 0 4194304 1073823744 16777474 32768 65 4 1073741824 26624 1075913472 654344976 0 134348865 536870916 4 149760
is_linear=0
shrinkage=0.05


Tree=166
num_leaves=45
num_cat=32
split_feature=2 0 1 5 5 0 2 2 2 2 0 0 1 8 0 0 1 7 4 0 8 0 0 5 8 0 2 1 8 0 5 4 0 2 5 2 0 3 0 0 2 0 2 3
split_gain=6.80497 25.8659 12.6046 8.19666 6.8623 29.2105 22.3212 21.7889 15.1608 12.3094 10.9821 10.9694 9.28933 8.80031 26.1348 10.8638 10.1599 17.6996 13.8874 9.54116 12.5513 9.09553 8.31475 8.24354 7.90559 10.1697 7.57145 6.91714 7.32907 6.82715 6.66864 6.4319 24.7513 16.0323 12.3652 14.7453 12.1451 9.28186 16.0499 13.7439 8.36625 7.24177 11.8782 9.75278
threshold=0 1 2 280.50000000000006 541.50000000000011 3 4 5 6 7 8 9 10 2.5000000000000004 11 12 13 1.0000000180025095e-35 2.5000000000000004 14 9.5000000000000018 15 16 732.50000000000011 11.500000000000002 17 18 19 6.5000000000000009 20 879.50000000000011 3.5000000000000004 21 22 118.50000000000001 23 24 25 26 27 28 29 30 31
decision_type=9 9 9 2 2 9 9 9 9 9 9 9 9 2 9 9 9 2 2 9 2 9 9 2 2 9 9 9 2 9 2 2 9 9 2 9 9 9 9 9 9 9 9 9
left_child=1 2 -1 -4 26 6 -6 29 22 10 -9 12 -10 14 23 -15 17 19 -19 20 -17 -16 -8 -11 25 -18 -2 -13 -29 -7 -14 -28 33 -33 36 -36 -34 38 -35 -39 -37 42 -42 -43
right_child=4 -3 3 -5 5 7 8 9 11 13 -12 27 30 15 21 16 24 18 -20 -21 -22 -23 -24 -25 -26 -27 31 28 -30 -31 -32 32 34 37 35 40 -38 39 -40 -41 41 43 -44 -45
leaf_value=-0.015640251641208459 -0.013908293214639329 0.0013098750870110865 -0.0058922721140986069 0.012824406477346929 -0.0046027402326471482 7.8805172762330688e-05 0.0014058698867146615 0.0011794325167330589 0.013616792266907785 -0.011302442563213078 -0.014652257131041442 -0.00096893631917219225 -0.0031313217383062922 0.0012629628002454097 0.017703434786407634 0.0035872015327972798 -0.0082015834545125631 0.0068151062250616625 -0.0061850318882242412 -0.014646568425123165 -0.016203679550770556 -0.0052643021402915659 0.021343987732773032 -0.022247122855227786 0.018690862072390235 0.0066984062386600931 -4.853460174056301e-05 0.0094012737650107769 0.0010698965162204645 0.011903268727758976 0.011297187591001141 0.02245655964600627 -0.011916086125619785 -5.0250897661599514e-05 0.0080808683859135474 -0.006039045065079263 -0.00474130311140597 0.0061899980786378822 0.019492051371491605 -0.0083333974840868307 -0.0092243062203071335 -0.0011259325414004762 0.0014137834781821068 0.0049186040467300296
leaf_weight=113 106 568 134 57 224 213 138 109 725 41 352 842 275 1732 112 199 249 58 62 375 83 240 385 79 79 281 162560 191 218 395 104 101 645 478 157 475 1289 613 337 642 297 607 330 456
leaf_count=113 106 568 134 57 224 213 138 109 725 41 352 842 275 1732 112 199 249 58 62 375 83 240 385 79 79 281 162560 191 218 395 104 101 645 478 157 475 1289 613 337 642 297 607 330 456
internal_value=-7.25836e-05 0.00430839 -0.00732484 0.000746269 -9.44228e-05 0.00135936 0.00510925 -0.00114586 0.00630194 -0.00247476 -0.0100849 0.00454545 0.00816876 -0.00147222 -0.00783898 -0.000513149 -0.00379656 -0.00756036 0.01 -0.0108828 -0.00342466 -0.000552486 0.0139775 -0.0269231 0.00105008 -0.00113208 -0.000161154 0.00130849 0.00656325 0.00760518 0.00167095 -0.00015237 -0.00170375 0.00263641 -0.00391467 -0.00146425 -0.00687694 0.00163462 0.00575758 -0.00106719 -0.00255172 -0.000882353 -0.00510204 0.00163094
internal_weight=177726 872 304 191 176854 7761 3102 4659 2878 4051 461 2355 1104 3590 472 3118 1386 777 120 657 282 352 523 120 609 530 169093 1251 409 608 379 168987 6427 2171 4256 2322 1934 2070 815 1255 2165 1690 627 1063
internal_count=177726 872 304 191 176854 7761 3102 4659 2878 4051 461 2355 1104 3590 472 3118 1386 777 120 657 282 352 523 120 609 530 169093 1251 409 608 379 168987 6427 2171 4256 2322 1934 2070 815 1255 2165 1690 627 1063
cat_boundaries=0 7 9 11 13 20 27 33 40 42 44 47 49 51 54 56 58 60 62 67 70 72 74 81 88 90 91 93 95 102 104 111 112
cat_threshold=134742048 262144 3221751824 0 4325376 268439553 16 1107594174 13340 268435456 128 234891575 195173440 537133056 32784 0 1024 16777220 1073741824 67110912 262144 100673554 4227072 267272 1057028 2 2048 1073741840 8224 0 1478656 1048832 16 1048576 32 0 1065280 0 2147745808 20971520 524416 1081345 33554711 33687552 2097344 1084293120 6 1074397248 68157440 1076527176 67919893 35651586 2097156 4 1311232 1081864 2684354688 4227088 8194 8392704 2685403136 1081856 0 610304 1024 0 67108864 1073742018 1082130436 4 2155938440 71827972 3148857 129245700 1048576 0 0 32776 16793600 0 320 8192 0 0 8421632 0 16 8 2223800388 4199488 268 1049656 50339844 1050664 50601988 0 64 32768 17043464 18724 2 67112192 1107820550 134780937 0 1048576 0 2185232384 0 0 1 112
is_linear=0
shrinkage=0.05


Tree=167
num_leaves=45
num_cat=39
split_feature=8 0 2 3 2 0 0 3 0 3 0 2 0 0 0 1 1 0 10 10 1 8 0 3 0 1 8 0 0 2 0 2 3 0 2 0 2 0 1 0 2 0 2 2
split_gain=6.98031 23.6265 25.8914 22.6122 21.9307 24.8007 20.7515 19.9618 19.3714 38.76 24.232 21.417 19.3154 18.9102 18.4128 16.7482 14.2273 13.0993 12.2286 11.7131 10.8312 9.82855 35.267 44.2914 75.8145 39.5329 32.966 40.969 32.8432 28.8395 27.4402 27.1336 27.1321 45.8016 36.8049 31.9594 29.0472 26.4134 25.6797 24.846 30.2406 29.9317 25.3331 24.4192
threshold=11.500000000000002 0 1 2 3 4 5 6 7 8 9 10 11 12 13 14 15 16 17.500000000000004 17.500000000000004 17 7.5000000000000009 18 19 20 21 10.500000000000002 22 23 24 25 26 27 28 29 30 31 32 33 34 35 36 37 38
decision_type=2 9 9 9 9 9 9 9 9 9 9 9 9 9 9 9 9 9 2 2 9 2 9 9 9 9 2 9 9 9 9 9 9 9 9 9 9 9 9 9 9 9 9 9
left_child=21 2 12 6 5 -3 -4 18 9 13 -11 19 -2 -9 -5 -12 -15 -13 -6 -10 -21 28 31 24 38 30 37 -28 32 -25 -26 -23 33 36 35 -35 -1 -27 -24 40 41 -31 -43 -41
right_child=1 4 3 14 7 -7 -8 8 11 10 15 17 -14 16 -16 -17 -18 -19 -20 20 -22 22 23 29 25 26 27 -29 -30 39 -32 -33 -34 34 -36 -37 -38 -39 -40 43 -42 42 -44 -45
leaf_value=-0.014224601165186292 0.0037301981527193329 0.00042194429789677024 0.0091376966581306288 0.0072982521691876134 -0.00038547312402352767 0.011574083532451108 -0.0076464781528946873 0.014666416710219406 -0.0049669419803388681 -0.0070039710520925979 -0.0040622059622267837 0.0082738601898024906 -0.0023085962746955402 0.037650754637449463 -0.0065332768544080324 0.0076935844907016996 0.0014050397873623501 0.00018940282328380189 -0.044982142844287656 -0.011710199766196411 0.005269674898907329 -0.0022132326509846424 -0.0015580240495740361 -0.0047744163739519068 -0.017194022747830964 -0.011716711618991672 -0.0096308019933307402 0.02378794153323054 0.0006845553249292647 -0.0048788354182925488 -0.0052937605311857653 0.0011791060153731549 -3.6285321267504057e-05 0.0055095714151887692 0.0011113403634153251 -0.0060944890962401996 -0.0036004510208302088 0.0011886739982929218 0.020391536950148084 -0.0022322610305854475 -0.0026520106279010747 0.010109232566687276 0.00080304232917405294 0.00054577849439333976
leaf_weight=1243 1089 666 520 141 42 860 594 1346 2021 468 163 764 1279 104 1060 413 1225 2180 65 106 609 2289 323 4725 232 630 347 609 52906 777 479 17031 31031 692 5383 3112 1427 1460 1816 6213 13948 516 989 13833
leaf_count=1243 1089 666 520 141 42 860 594 1346 2021 468 163 764 1279 104 1060 413 1225 2180 65 106 609 2289 323 4725 232 630 347 609 52906 777 479 17031 31031 692 5383 3112 1427 1460 1816 6213 13948 516 989 13833
internal_value=-6.75197e-05 0.000938594 -0.00203495 -0.00578495 0.00220069 0.0077474 -0.000622776 0.00130307 0.00155702 0.00435774 -0.00379507 -0.000281195 0.00164003 0.0075419 -0.0105285 0.00307167 0.00324869 0.00267434 -0.0192308 -0.00345958 0.00202797 -0.000165112 -0.000633523 -0.001374 0.00267525 -0.00160605 0.000883508 0.00857741 0.000158674 -0.00195679 -0.0121359 0.00116399 -0.000869504 -0.00290301 -0.00122322 -0.00498165 -0.00865672 -0.00263158 0.0101675 -0.00147715 -0.00293103 0.00239965 0.00650165 -0.000299162
internal_weight=177726 15715 4683 2315 11032 1526 1114 9506 9399 3719 1044 5680 2368 2675 1201 576 1329 2944 107 2736 715 162011 66217 46897 5896 3757 3046 956 95794 41001 711 19320 42888 11857 9187 3804 2670 2090 2139 36276 16230 2282 1505 20046
internal_count=177726 15715 4683 2315 11032 1526 1114 9506 9399 3719 1044 5680 2368 2675 1201 576 1329 2944 107 2736 715 162011 66217 46897 5896 3757 3046 956 95794 41001 711 19320 42888 11857 9187 3804 2670 2090 2139 36276 16230 2282 1505 20046
cat_boundaries=0 2 9 10 17 19 21 22 24 25 27 34 36 38 39 42 45 47 49 51 52 54 57 59 61 68 70 77 78 80 87 89 96 98 101 103 110 112 119 126
cat_threshold=573835009 197183488 554721280 2144 32768 2181223424 286261252 0 67110920 354 1074790416 17836080 4194304 1048832 25198848 268437552 16777216 3221235950 3809292 538182912 167821312 2 8396942 71180300 304 8396808 1835008 553910276 0 32768 2181447680 403726340 327680 2048 262657 12601344 8396808 1843204 2098177 4194304 75497472 2 268567040 1073741824 65 2148073504 4672 4194304 64 1252099328 55070784 256 537659545 136317965 538186465 1073774592 3 68157506 1220608 1318692129 37508676 1073840432 2185400934 142876672 151126016 8396928 3221225512 67108864 2147492352 163840 1627406344 8389376 138420512 5243144 18370596 4456449 133160 266 135266304 3408388 536937484 208 0 2147505152 25184256 3221225490 16804104 67109920 1088 1050624 8226 0 2181435392 0 32 67119360 131078 68550656 1073746528 1077936138 80 536873686 144747528 3147776 211820808 2130208 4194752 56096 4456448 134219008 2178 2140160 1048576 256 288 4194304 33312 0 134218752 271583232 142616984 2129920 38044672 51968 2 134242560
is_linear=0
shrinkage=0.05


Tree=168
num_leaves=45
num_cat=26
split_feature=5 0 1 1 5 0 0 0 0 1 1 0 10 5 0 5 5 4 6 6 6 0 1 3 6 8 5 0 6 10 6 0 6 0 1 0 5 1 0 1 1 0 1 0
split_gain=7.14252 26.254 18.8633 15.6416 11.3917 12.4278 9.51841 9.38072 9.22576 12.6161 10.3031 11.6767 13.7317 11.2187 9.21002 8.92256 8.85303 8.95148 9.55908 8.00994 28.2901 23.5647 21.0124 15.0637 12.0064 10.5108 9.81596 8.47571 7.56297 9.16679 7.43632 24.8106 16.3762 33.1252 25.7689 42.2196 23.5336 20.4594 16.3114 33.5249 14.8128 14.7554 27.7017 40.9954
threshold=541.50000000000011 0 1 2 732.50000000000011 3 4 5 6 7 8 9 7.5000000000000009 1489.5000000000002 10 772.50000000000011 1105.5000000000002 2.5000000000000004 3.5000000000000004 1.5000000000000002 2.5000000000000004 11 12 13 5.5000000000000009 7.5000000000000009 960.50000000000011 14 1.5000000000000002 20.500000000000004 5.5000000000000009 15 3.5000000000000004 16 17 18 521.50000000000011 19 20 21 22 23 24 25
decision_type=2 9 9 9 2 9 9 9 9 9 9 9 2 2 9 2 2 2 2 2 2 9 9 9 2 2 2 9 2 2 2 9 2 9 9 9 2 9 9 9 9 9 9 9
left_child=30 2 -2 7 5 -4 -6 -3 9 -5 14 15 -13 16 28 -12 -14 18 -18 22 21 -21 26 24 -22 27 -11 -25 -10 -30 32 -32 41 37 35 -35 38 -34 39 -36 -33 -1 43 -43
right_child=1 3 4 8 6 -7 -8 -9 10 19 11 12 13 -15 -16 -17 17 -19 -20 20 23 -23 -24 25 -26 -27 -28 -29 29 -31 31 40 33 34 36 -37 -38 -39 -40 -41 -42 42 -44 -45
leaf_value=-0.00084959334356191638 0.010084069286043263 -0.0062779928173027468 0.0064374050328453005 -0.011947611752805499 -0.003985034473096955 -0.0060862399760069743 0.0097774739440928907 0.017802371150994357 0.00074841348651247816 0.0057623862781703786 0.015942789140630787 0.0025130341929946731 -0.0025390744917789809 0.014213084420285516 -8.4108982322794737e-05 -0.0027457480846994845 -0.01622008336633713 -0.0039345872719283364 -0.0035403792739977266 -0.02223819108975298 0.0070049615935678048 -0.0077462326647067536 -0.00099814975418348047 -0.0067258149923801365 0.006606951445203635 -0.0063630040318308663 0.0070833306172291555 0.0074557011337562547 0.011417621113783905 -0.010895942234556789 0.0005248887389076917 -0.0023536160093531548 -0.0011457370116463085 -0.0018150921741560357 0.0031976883846193461 0.0060305228513300507 -0.013370550576756063 0.00066371816085486479 0.00026205663870226131 -0.0017929620123078305 -0.00040326702689436614 -0.0056390612784737561 0.00058007755907388823 -0.00021389912282879787
leaf_weight=45467 1271 111 100 249 124 220 225 323 402 51 136 109 706 77 1170 143 40 60 74 108 115 161 496 108 44 271 50 210 585 45 8702 6242 12629 817 7173 1416 151 8004 16150 1241 5733 2785 45140 8292
leaf_count=45467 1271 111 100 249 124 220 225 323 402 51 136 109 706 77 1170 143 40 60 74 108 115 161 496 108 44 271 50 210 585 45 8702 6242 12629 817 7173 1416 151 8004 16150 1241 5733 2785 45140 8292
internal_value=-4.21998e-05 0.00143885 0.00646154 -0.000239153 -0.000368189 -0.0071875 0.00587393 0.00878378 -0.00097786 -0.00381741 0.000520101 -0.00291513 -0.0052974 -0.00726228 0.00262206 0.00605536 -0.00886364 -0.0189655 -0.027193 -0.00215517 -0.00486726 -0.0187732 0.00242881 0.00013369 0.0133136 -0.00358932 0.0220721 0.00251572 0.00604607 0.00952381 -0.000110038 -0.000998694 1.3064e-05 0.000778672 0.00193264 0.00706643 0.00146613 -0.000729061 0.00158769 0.00337132 -0.00247393 -0.000345187 0.000196525 -0.00204293
internal_weight=177726 7784 1940 5844 669 320 349 434 5410 1863 3547 1345 1066 957 2202 279 880 174 114 1614 1017 269 597 748 159 589 101 318 1032 630 169942 20677 149265 47581 26948 2233 24715 20633 24564 8414 11975 101684 56217 11077
internal_count=177726 7784 1940 5844 669 320 349 434 5410 1863 3547 1345 1066 957 2202 279 880 174 114 1614 1017 269 597 748 159 589 101 318 1032 630 169942 20677 149265 47581 26948 2233 24715 20633 24564 8414 11975 101684 56217 11077
cat_boundaries=0 2 5 8 10 12 14 16 18 21 23 25 26 28 29 31 33 35 37 39 42 44 47 50 52 55 57
cat_threshold=100663575 50469888 37027904 1084293376 6 2684747776 67108888 1 100663552 3072 100663297 5120 2281701952 524800 2696742408 69206528 65536 6390020 35717250 1075838980 22 8320 5242944 1207961696 8970256 537395200 306216960 134217728 96 66560 69206528 177766474 92598357 714154055 135583825 604244757 268566545 1141768704 69207556 637833421 146808917 86 2215250432 73408520 3528687810 75497858 68 3022168649 81953040 30 3322580386 130557452 805372817 1480615018 104 8396801 2506816
is_linear=0
shrinkage=0.05


Tree=169
num_leaves=45
num_cat=39
split_feature=5 0 1 3 1 0 8 3 0 3 0 0 1 0 0 0 2 0 3 8 1 3 8 0 0 0 2 2 2 0 2 0 0 3 2 0 3 2 3 9 2 3 0 0
split_gain=8.02348 38.1229 21.5755 18.6684 14.6855 30.8186 17.6269 15.0796 20.7366 14.3096 28.1017 13.863 14.3295 13.0526 11.7069 11.2926 11.0431 17.9595 14.2298 10.7863 10.3223 19.4284 17.7114 11.3917 9.61254 9.55634 31.7742 28.288 27.7482 26.4009 20.0158 19.471 16.3207 15.4 15.301 18.2598 25.0798 14.991 14.2372 19.057 14.1666 13.5697 99.8684 69.066
threshold=27.500000000000004 0 1 2 3 4 1.5000000000000002 5 6 7 8 9 10 11 12 13 14 15 16 8.5000000000000018 17 18 11.500000000000002 19 20 21 22 23 24 25 26 27 28 29 30 31 32 33 34 1.0000000180025095e-35 35 36 37 38
decision_type=2 9 9 9 9 9 2 9 9 9 9 9 9 9 9 9 9 9 9 2 9 9 2 9 9 9 9 9 9 9 9 9 9 9 9 9 9 9 9 2 9 9 9 9
left_child=1 2 14 11 5 7 -7 15 -9 10 -6 12 -4 20 -1 -3 -15 -18 -19 24 21 22 -11 -23 -12 26 -2 31 29 37 32 33 -30 -28 -29 36 -36 -27 39 -33 -37 42 -32 -43
right_child=25 4 3 -5 9 6 -8 8 -10 13 19 -13 -14 16 -16 -17 17 18 -20 -21 -22 23 -24 -25 -26 28 27 34 30 -31 41 38 -34 -35 35 40 -38 -39 -40 -41 -42 43 -44 -45
leaf_value=-0.015937543211080551 0.0038366377015292166 -0.024867898386329614 -0.0044235373388096027 0.00024932459433497646 0.0072338946189440759 0.015922980088270058 -0.0019741457737652789 0.0088486071732654884 -0.010778591708474972 -0.0015363215593810486 0.0011313505305574957 0.011822527811952189 0.0038556434140569642 -0.00079959534737590186 -0.00076068545285180595 -0.012222444019959401 -0.00033390279734882847 0.0042768208379147521 0.0002085769829244799 0.011387741395068941 -0.0014852736042068216 -0.012901391550449601 0.0012559050023851438 0.0044868327250545187 -0.012293161726376223 0.0071492869045996612 0.031334969574016068 -0.00045795625514651885 0.0074157967063053498 -0.0054019520239394943 -0.0052079383056471869 0.0027414938725371821 0.00071516498051360511 -0.0014523971841913564 -0.0023089755037624228 -0.0026780580951972555 0.0027982435671576548 -0.0040432887049716816 0.0030144763422119804 -0.0043321379817447634 -0.0047103263515229287 -0.00050326063751724435 0.00097052182199034451 0.0029611785970200702
leaf_weight=248 1548 243 525 3013 466 285 3175 234 369 117 105 1805 801 7160 463 710 1492 495 329 146 6914 111 42 188 225 394 165 36578 1946 1152 6722 1027 2987 4151 1493 5111 2295 311 10387 1094 1346 26048 20126 23184
leaf_count=248 1548 243 525 3013 466 285 3175 234 369 117 105 1805 801 7160 463 710 1492 495 329 146 6914 111 42 188 225 394 165 36578 1946 1152 6722 1027 2987 4151 1493 5111 2295 311 10387 1094 1346 26048 20126 23184
internal_value=-7.7085e-05 -0.000827686 0.00243991 0.00339617 -0.00181013 -0.00419817 -0.0015562 -0.0100255 -0.00367047 -0.00113483 0.00483193 0.00609678 0.00217066 -0.00147111 -0.00575589 -0.0139668 -0.000242463 0.0027515 0.00863309 -0.0037037 -0.00304795 -0.0102564 -0.0239645 -0.00242718 -0.00878788 7.32786e-05 -0.000379572 -0.000552178 0.000429537 -0.00559721 0.000568357 0.00120589 0.00365163 -0.00168747 -0.00118399 -0.00289127 -0.000131648 0.00202797 0.00220483 -0.00152511 -0.0045075 0.000367985 -0.000536153 0.000861054
internal_weight=177726 29661 6855 6144 22806 5016 3460 1556 603 17790 942 3131 1326 16848 711 953 9476 2316 824 476 7372 458 159 299 330 148065 65195 63647 82870 1857 81013 16824 4933 4316 46823 10245 3788 705 12508 2121 6457 76080 26848 49232
internal_count=177726 29661 6855 6144 22806 5016 3460 1556 603 17790 942 3131 1326 16848 711 953 9476 2316 824 476 7372 458 159 299 330 148065 65195 63647 82870 1857 81013 16824 4933 4316 46823 10245 3788 705 12508 2121 6457 76080 26848 49232
cat_boundaries=0 2 4 5 8 10 11 13 14 16 18 21 23 25 27 34 36 37 38 39 41 43 45 52 59 66 68 75 77 79 80 87 89 90 97 98 105 106 108 110
cat_threshold=2392586 43048968 1057028 268599456 290 139756032 73400577 19 143263136 2752580 288 8389664 2752512 136 2929328404 394304 2130432 8200 4489280 75497472 1 168894609 792148 2097160 34603016 8388640 2228224 787456 0 0 2147647488 419954688 0 67108865 1678379012 138412033 48 64 16 8192 263696 128 138416128 607921718 179363840 2449475840 541460481 4194816 134217872 268570784 35655680 50397216 537223297 67125520 286720 50618376 151077120 2147745792 138412288 2185232384 541540609 262724 402653200 134418592 35651592 21037088 100736 4723205 16809984 44040360 2672896 69206017 33587721 202900 393232 67371012 44040192 1208059913 71960584 66 1074823168 152044036 8388612 2157089088 8390660 1078001834 8265 606601220 178257920 150 0 4456448 262144 0 134221856 0 16777216 208 20 33562728 32802 4194304 537927680 2064 67128320 326 2147483905 917516 1115916424 71309825
is_linear=0
shrinkage=0.05


Tree=170
num_leaves=45
num_cat=35
split_feature=5 0 3 1 0 1 0 3 0 8 0 8 5 1 0 2 8 0 0 1 0 1 0 2 2 0 2 3 5 2 0 5 2 0 0 7 5 2 0 0 2 2 0 2
split_gain=7.4461 33.7602 18.0066 16.523 14.5936 12.1066 19.66 15.6029 17.3361 14.5133 11.6066 18.4312 14.5738 14.3274 11.4793 11.1545 10.2847 9.72727 9.67893 9.60054 23.3737 9.2475 8.87239 48.4846 31.706 32.3794 24.2856 20.4502 21.1543 18.6857 32.7556 20.0981 17.1766 16.3673 15.6794 15.2054 14.7931 26.0142 32.1552 22.3645 23.2741 19.1118 15.6771 20.4219
threshold=27.500000000000004 0 1 2 3 4 5 6 7 1.5000000000000002 8 1.5000000000000002 19.500000000000004 9 10 11 2.5000000000000004 12 13 14 15 16 17 18 19 20 21 22 112.50000000000001 23 24 136.50000000000003 25 26 27 1.0000000180025095e-35 196.50000000000003 28 29 30 31 32 33 34
decision_type=2 9 9 9 9 9 9 9 9 2 9 2 2 9 9 9 2 9 9 9 9 9 9 9 9 9 9 9 2 9 9 2 9 9 9 2 2 9 9 9 9 9 9 9
left_child=1 2 15 4 -4 6 7 8 -3 17 11 -5 -13 -12 -7 -1 -11 -8 -9 20 -16 -17 23 27 25 -24 -25 28 -2 30 -26 34 -28 -30 -32 -36 42 38 -38 41 -41 -39 -31 -44
right_child=22 5 3 10 -6 14 9 18 -10 16 13 12 -14 -15 19 21 -18 -19 -20 -21 -22 -23 24 26 29 -27 32 -29 33 36 31 -33 -34 -35 35 -37 37 39 -40 40 -42 -43 43 -45
leaf_value=0.0086346505316874048 -0.014130654472696513 0.016655079023158582 0.0016748355218942136 0.0028183697040237046 0.015117126979882234 8.7383417523889675e-05 0.022963973297397695 -0.021807875765664356 -0.0034926088151954917 -0.0094210361640520834 0.010652496198881856 -0.011036577200244797 0.0063423617456330409 -0.0030028375881326341 -0.001700580937554419 -0.0063774785251190513 -0.0012828292478131943 0.00030316513928775325 -0.0078194118779564559 -0.0012097292334207366 0.0016765049199643169 0.00011895985592926817 0.001106090556688999 0.00090912248802234037 0.00095970683050060628 -0.0064130086210360737 -0.0054655564172857614 0.0072243996714854777 0.015258147460222483 -0.00038611879598715593 -0.014293491969071679 -0.0014512751657605794 -0.00094891974961000547 -0.0043744499618395775 -0.0013739595179667885 -0.0103510469724512 0.018055614052314373 0.00059096587084783161 0.002452352066913778 -0.00095258232166484384 0.0039229371157417873 -0.0012523332146964329 0.0052689143843572487 0.00068603040869407166
leaf_weight=102 92 109 688 84 1115 8096 116 279 681 216 973 439 145 402 268 586 3000 141 966 7880 275 3100 957 12764 5883 1746 660 2458 116 27699 372 5015 36000 324 820 366 490 8560 1229 2052 9870 6461 836 23295
leaf_count=102 92 109 688 84 1115 8096 116 279 681 216 973 439 145 402 268 586 3000 141 966 7880 275 3100 957 12764 5883 1746 660 2458 116 27699 372 5015 36000 324 820 366 490 8560 1229 2052 9870 6461 836 23295
internal_value=-6.07677e-05 -0.000783858 0.00208006 0.00448651 0.00797022 -0.00177656 -0.00380573 -0.00770171 -0.002125 -0.00150732 0.00138821 -0.0039823 -0.00719178 0.00400722 -0.00109807 -0.000368615 -0.00242537 0.00992218 -0.0111952 -0.00238942 -0.00877034 -0.000838745 8.40847e-05 -0.00043873 0.000370579 -0.00495761 -0.000813205 0.00573333 -0.00313653 0.000526044 -0.00127547 -0.00369892 -0.00146714 0.00136364 -0.00866496 -0.00568562 0.000804949 0.00171656 0.00766339 0.0013338 0.00295005 4.98969e-05 0.000300984 0.00123234
internal_weight=177726 29661 7634 3846 1803 22027 5508 2035 790 3473 2043 668 584 1375 16519 3788 3216 257 1245 8423 543 3686 148065 52414 95651 2703 49424 2990 532 92948 12456 6573 36660 440 1558 1186 80492 28662 1719 26943 11922 15021 51830 24131
internal_count=177726 29661 7634 3846 1803 22027 5508 2035 790 3473 2043 668 584 1375 16519 3788 3216 257 1245 8423 543 3686 148065 52414 95651 2703 49424 2990 532 92948 12456 6573 36660 440 1558 1186 80492 28662 1719 26943 11922 15021 51830 24131
cat_boundaries=0 2 3 6 8 11 13 14 16 18 21 23 30 32 34 35 37 39 41 48 55 57 64 65 72 74 81 83 85 92 94 96 103 110 112 119
cat_threshold=539263498 43048968 92 229408 8388625 64 2129928 41975808 139756160 73400784 19 1217004800 70123588 92 8388608 2228224 536870912 33562632 38797312 4194306 18 3297381668 90179585 16 0 0 0 0 0 10248 2181038084 1025 8389632 2228224 64 16 393728 1179684 32768 540804150 43048960 2147486080 608569349 138682884 134217728 277025184 2183135232 50331648 4260288 541282309 138674756 402653184 8474784 2097160 21037056 3229714880 4200512 805691393 1081352 16384 117457288 151011328 262155 4260136 152 537151489 85198848 33562656 20971944 671228164 2185232418 288 1317046336 71963152 2097156 35651712 2097152 2097152 2050 196608 393216 525348 32768 2147483657 2120 2432696320 44040320 1344798736 1048576 318799872 4116 263168 1140850944 73795592 1216391240 222562321 1110482948 134218240 49408 1 1051138 0 201457672 1074790420 134218336 33026 2149847041 2562 0 201345033 2382399936 6821396 0 134218256 16384 69207104 1083904 262144 131072
is_linear=0
shrinkage=0.05


Tree=171
num_leaves=45
num_cat=32
split_feature=5 0 10 1 1 0 3 3 0 5 0 0 0 1 10 1 5 5 0 3 0 1 0 1 10 5 0 9 10 0 10 0 0 1 3 3 0 10 0 1 2 1 1 0
split_gain=6.03829 28.649 18.0917 26.363 26.035 20.5594 15.7408 10.9921 40.8345 15.7156 19.4274 17.9015 14.5629 12.3125 16.9564 11.6137 10.3185 13.1245 9.68118 9.65739 32.0576 22.5184 15.459 11.8255 16.4763 13.5891 15.8713 12.4367 12.1682 11.7303 10.2369 9.43955 9.27337 9.23421 9.1749 9.0509 14.9358 9.15991 9.38904 19.12 9.81098 8.85076 8.76769 8.54685
threshold=27.500000000000004 0 12.500000000000002 1 2 3 4 5 6 7.5000000000000009 7 8 9 10 21.500000000000004 11 19.500000000000004 10.500000000000002 12 13 14 15 16 17 16.500000000000004 10.500000000000002 18 1.0000000180025095e-35 11.500000000000002 19 5.5000000000000009 20 21 22 23 24 25 13.500000000000002 26 27 28 29 30 31
decision_type=2 9 2 9 9 9 9 9 9 2 9 9 9 9 2 9 2 2 9 9 9 9 9 9 2 2 9 2 2 9 2 9 9 9 9 9 9 2 9 9 9 9 9 9
left_child=1 2 4 5 -1 6 -4 8 41 10 -9 13 -10 -11 -15 -14 17 -8 42 20 30 29 -21 24 -24 26 28 -28 -25 -22 -13 -32 -23 -33 -20 36 -12 38 39 -37 -40 -3 -6 -27
right_child=-2 7 3 -5 18 -7 16 9 12 11 35 19 15 14 -16 -17 -18 -19 34 22 21 32 23 25 -26 43 27 -29 -30 -31 31 33 -34 -35 -36 37 -38 -39 40 -41 -42 -43 -44 -45
leaf_value=0.0043850872842817745 3.3201176543562473e-05 0.0037655351946471018 0.003211008209443156 6.9628562257953444e-05 0.0044641281345712052 0.003034127532404768 0.028996387133553816 -0.00060823387720812809 -0.016800313475106732 -0.0029027998567399526 0.039984346524712874 0.022177526709949005 0.0099281370140084091 -0.011524315394122332 -0.0042433374218201481 -0.0040624884776294728 0.029942152023118986 0.011833510039884188 -0.0094278179619301742 -0.0029700159298769071 -0.0074905388621584884 -0.012228913600675396 -0.0017437099112882493 -0.021258627858914431 0.02266888258487635 -0.0041151273964068757 0.011061737735460962 -0.010090675223541446 -0.011460017607601743 -0.0015570902483072774 0.007472945407799159 0.0080905756153852315 0.00300903058763361 -0.0019901107861841072 0.0038684158703687246 -0.017233703507472994 0.0042982859503500562 0.0028931881002466579 -0.0073872070445118844 0.0035124054108268024 0.0059236180926387945 0.0082434812420167595 -0.0061904117158679273 0.00078452819644857512
leaf_weight=1287 148065 348 324 1982 422 1100 115 1942 122 1790 106 44 113 1019 77 844 235 216 670 3894 872 297 155 104 122 1654 178 147 201 584 542 375 1001 617 155 208 251 1363 112 185 420 646 332 2490
leaf_count=1287 148065 348 324 1982 422 1100 115 1942 122 1790 106 44 113 1019 77 844 235 216 670 3894 872 297 155 104 122 1654 178 147 201 584 542 375 1001 617 155 208 251 1363 112 185 420 646 332 2490
internal_value=-6.8645e-05 -0.0007198 0.00211741 0.00430514 -0.000907188 0.00835 0.014 -0.0015701 0.0018963 -0.00191715 0.000664923 -0.00265112 -0.00482094 -0.00621547 -0.0103978 -0.00263702 0.0190972 0.0137462 -0.00519194 -0.00187025 6.90926e-05 -0.00318379 -0.00280849 -0.000978068 0.00888502 -0.00156773 -0.0084127 -0.000447761 -0.0163492 -0.0074352 0.00573048 0.00508475 0.0016055 0.00209581 -0.00892216 0.00344633 0.0107629 0.00226284 -0.00156757 -0.0073201 0.00276753 0.00916335 -0.00104712 -0.000530888
internal_weight=177726 29661 6838 3972 2866 1990 890 22823 2073 20750 4587 16163 1079 2886 1096 957 566 331 1579 13277 4332 2754 8945 5051 277 4774 630 325 305 1456 1578 1534 1298 992 825 2645 357 2288 925 393 532 994 754 4144
internal_count=177726 29661 6838 3972 2866 1990 890 22823 2073 20750 4587 16163 1079 2886 1096 957 566 331 1579 13277 4332 2754 8945 5051 277 4774 630 325 305 1456 1578 1534 1298 992 825 2645 357 2288 925 393 532 994 754 4144
cat_boundaries=0 2 5 8 10 11 12 14 16 18 20 23 26 28 29 31 34 36 39 41 43 45 46 48 49 50 52 54 56 63 66 68 70
cat_threshold=10780682 43048968 4620288 8388624 69 37814308 268435456 86 262146 1073152 92 200 739901492 3020864 1711939729 140777040 134284416 655428 2624 16777216 33890368 8388784 2 33554496 0 64 8388610 34652168 262 1075317296 207620624 34677056 67108880 3 1575473 203430400 1114112 268566784 1 3825213440 1 2181046276 17039361 1075317248 67108864 67109188 34865152 8388608 312 32 2147484160 67635204 1048612 67633153 65540 8388624 12320 0 0 0 524288 0 1 34996288 2 70 393216 75497730 139524 1040
is_linear=0
shrinkage=0.05


Tree=172
num_leaves=45
num_cat=39
split_feature=10 0 1 0 2 0 2 5 0 10 0 2 2 2 0 2 8 0 0 0 0 2 0 2 2 2 2 0 0 2 2 0 0 2 2 0 0 2 0 2 8 0 2 1
split_gain=6.1713 47.5788 28.0647 18.4847 14.3613 12.0949 10.8936 10.7272 10.5746 9.35553 33.0878 26.9041 24.4057 22.7611 19.3751 18.6505 15.5842 36.9193 14.0728 14.0109 9.82959 10.314 9.45348 40.6426 40.2067 30.4413 30.1822 26.0428 21.4207 20.1882 19.0115 37.722 18.0443 18.5335 18.012 16.7596 16.6878 31.0477 24.0631 21.5557 12.8751 45.8837 18.5895 16.1767
threshold=1.5000000000000002 0 1 2 3 4 5 126.50000000000001 6 8.5000000000000018 7 8 9 10 11 12 1.5000000000000002 13 14 15 16 17 18 19 20 21 22 23 24 25 26 27 28 29 30 31 32 33 34 35 1.5000000000000002 36 37 38
decision_type=2 9 9 9 9 9 9 2 9 2 9 9 9 9 9 9 2 9 9 9 9 9 9 9 9 9 9 9 9 9 9 9 9 9 9 9 9 9 9 9 2 9 9 9
left_child=1 2 6 -4 -3 7 -1 -6 -8 10 11 19 14 -13 -12 18 17 -15 -14 -2 21 -18 24 27 28 32 35 -24 -11 -30 31 -27 33 -26 36 -25 37 38 -28 -38 41 42 -36 -43
right_child=9 4 3 -5 5 -7 8 -9 -10 22 12 13 15 16 -16 -17 20 -19 -20 -21 -22 -23 23 26 25 30 34 -29 29 -31 -32 -33 -34 -35 40 -37 39 -39 -40 -41 -42 43 -44 -45
leaf_value=-0.023761049524280622 -0.019293020761750046 0.010457369839218054 -0.0125531764558817 0.0050535732442857084 -0.0077958006404977749 0.0066894056315188744 -0.00016193591811573815 0.00050169796327930176 -0.0091995653612151011 0.0064019443764718803 0.001075315230571522 0.0055394663331629962 0.0084313182374042735 -0.0071094027870585198 -0.0095627476975887263 0.00064506259801546122 0.00091673168537385061 0.00084720321361737578 0.0018043231423690604 -0.0070199132180450213 -0.0040773639899962964 -0.0025831547428546322 -0.0073162448459367039 0.00085806784846024782 0.0023931992676278439 0.0044208823658455857 -0.015898975504335989 -0.00038027436676718596 -0.00059172840934501592 0.005421738391900733 -0.00061649389687188369 -0.00038766595127732729 -0.0064637317190425316 -0.0052322188335165226 -0.0074006600769955747 0.0069446231261222294 0.006898031599494198 -0.00070322418271794864 -0.0046850343256998215 -0.0002184471523334397 0.00042388999321709699 0.006356533968347994 0.0020111528772550403 0.0013338612945742901
leaf_weight=109 246 884 120 744 278 491 340 300 567 1696 404 592 226 419 450 10862 3099 439 258 366 4875 1959 1027 1262 957 3692 351 1312 1823 717 53237 6207 1787 508 765 1248 1100 7486 1165 7241 52916 1600 507 1094
leaf_count=109 246 884 120 744 278 491 340 300 567 1696 404 592 226 419 450 10862 3099 439 258 366 4875 1959 1027 1262 957 3692 351 1312 1823 717 53237 6207 1787 508 765 1248 1100 7486 1165 7241 52916 1600 507 1094
internal_value=-6.6957e-05 0.00191756 -0.00375661 0.00286041 0.00736118 0.00338276 -0.00935673 -0.00153061 -0.00736096 -0.0001107 -0.00102294 -0.0028863 0.000810811 -0.00233038 -0.00729167 0.00142656 -0.00285622 -0.00932401 0.0109312 -0.0130225 -0.00230041 -0.000749803 3.67406e-05 0.00041222 -0.000383668 -0.000685262 0.000610463 -0.00606641 0.00433349 0.00141176 -0.000441833 0.00156928 -0.00539546 -0.00125424 0.000427696 0.00599206 -0.000982539 -0.00247448 -0.00897772 0.000628667 0.000857766 0.00360565 -0.00421217 0.0072855
internal_weight=177726 3833 1880 864 1953 1069 1016 578 907 173893 24195 11995 12200 11383 854 11346 10791 858 484 612 9933 5058 149698 79074 70624 66388 76735 2339 4236 2540 63136 9899 3252 1465 74225 2510 17343 9002 1516 8341 56882 3966 1272 2694
internal_count=177726 3833 1880 864 1953 1069 1016 578 907 173893 24195 11995 12200 11383 854 11346 10791 858 484 612 9933 5058 149698 79074 70624 66388 76735 2339 4236 2540 63136 9899 3252 1465 74225 2510 17343 9002 1516 8341 56882 3966 1272 2694
cat_boundaries=0 2 5 7 14 16 21 23 25 32 39 46 48 55 57 59 61 63 70 72 79 86 93 100 102 104 111 118 120 122 129 136 138 140 144 146 150 152 159 162
cat_threshold=2854529318 81029189 839188485 98560 6 262402 1056768 8208 64 0 2147520512 768 16 10240 1073874440 136483344 0 0 0 262144 768 2281965830 1073216 1712063705 97174081 262156 8397152 2097152 8 1083392 1073741826 83886080 16 1048640 288 16778249 25380 4456448 134217792 65552 0 0 321 17302016 65537 8 144875808 262156 1074020352 2 32768 4096 538216448 0 16794624 1610613776 25821248 2150760960 265244 537133249 92291072 1074529488 9044032 536870912 0 0 2153026560 16640 4194352 26625 2319134646 170398720 2149647872 671502336 64 402653312 134552118 2048 155975712 2185053216 138674176 10485824 8388736 137780 2048 139198560 285245441 646021260 168337410 69206048 545341568 8 147464 268470273 109084812 134744096 69214216 537018496 2 148484 1149239297 1458708 2316369940 5120 1130528 4456448 8388608 8388608 2080 0 524384 12288 2147625248 4194564 134520848 184819712 1078333444 16781312 33689250 134742016 2317944962 529408 32768 8421388 134250496 0 8388608 0 16392 1075073072 2147492354 14942724 8814849 17825793 37748737 67109184 1619001408 1362441 75792384 68593684 1310768 514 2359296 8388609 0 34836 1048592 512 2097152 8388609 537133056 68206672 536870920 1048576 0 2148552768 0 0 2049 574619654 77594628 2
is_linear=0
shrinkage=0.05


Tree=173
num_leaves=45
num_cat=39
split_feature=6 0 2 2 2 0 2 0 2 0 1 10 8 0 1 3 0 2 0 2 2 3 2 0 3 0 2 0 2 2 0 2 0 0 2 2 2 3 8 1 0 2 0 6
split_gain=6.19512 34.7115 33.2465 27.4002 14.3518 25.7758 13.3042 19.1352 17.4041 15.5806 16.1355 13.6741 12.6316 11.8887 11.6078 12.5558 11.1787 10.9639 10.6749 35.8626 35.7375 33.8901 29.3127 27.7136 24.5716 69.9648 33.9936 23.3908 21.7421 21.5385 24.6426 21.0452 20.5445 19.7639 29.3507 24.9405 17.7748 17.1819 16.9297 19.2373 16.7226 15.4282 15.0107 14.2684
threshold=1.0000000180025095e-35 0 1 2 3 4 5 6 7 8 9 8.5000000000000018 9.5000000000000018 10 11 12 13 14 15 16 17 18 19 20 21 22 23 24 25 26 27 28 29 30 31 32 33 34 9.5000000000000018 35 36 37 38 2.5000000000000004
decision_type=2 9 9 9 9 9 9 9 9 9 9 2 2 9 9 9 9 9 9 9 9 9 9 9 9 9 9 9 9 9 9 9 9 9 9 9 9 9 2 9 9 9 9 2
left_child=1 2 16 13 5 -5 7 8 -4 10 -8 -9 -12 -3 15 -11 17 -1 19 23 27 31 42 -2 25 28 -27 36 -21 30 -26 32 -22 35 -35 -31 -20 -37 -39 -40 41 -33 -23 -42
right_child=18 3 6 4 -6 -7 9 11 -10 14 12 -13 -14 -15 -16 -17 -18 -19 20 24 21 22 -24 -25 29 26 -28 -29 -30 33 -32 40 -34 34 -36 37 -38 38 39 -41 43 -43 -44 -45
leaf_value=0.004986437801803096 0.0071396518647669719 -0.0011550958795560008 0.005017886919972037 -0.010190017859954907 -0.0024392075301708396 -0.0021226332286981577 0.0051201897698463844 0.013743059394194457 0.01136690632820655 -0.0085081219582172525 0.0039413223928604696 0.00049611541175940694 -0.0030127061250321998 0.0081282419002462469 0.0014224852469267774 -0.00048425971137203708 -0.0058910847362680487 -0.0042988464347378241 -0.00050464468588857787 0.0004509252938414088 -0.0096263151286921991 0.00058162469551178986 0.00058810456345752 -8.6759746662079537e-05 -0.0067048169302945521 0.0062360659179124039 -0.0036891830947304973 -0.00090195768861603409 0.00698678190908415 0.0036792238171845515 -0.0008770764817265797 8.6724713627250878e-06 -0.0010199953274953489 0.0011005204700375222 -0.0015759986690918994 0.0021489147365994833 -0.01205664284126149 -0.0019035810248550279 0.0039484890896296981 -0.0018071344049191086 -0.0041620017668270509 0.0046785312139498219 0.0087526869371241881 -5.5465651660396853e-05
leaf_weight=390 1597 353 425 524 12253 844 1127 237 362 584 1509 1390 680 742 1812 1280 1243 343 333 1670 1680 1004 47240 1425 1640 1004 4419 1726 4333 3388 3575 4321 2507 4110 31758 6073 619 9111 2394 992 3742 2322 1697 6948
leaf_count=390 1597 353 425 524 12253 844 1127 237 362 584 1509 1390 680 742 1812 1280 1243 343 333 1670 1680 1004 47240 1425 1640 1004 4419 1726 4333 3388 3575 4321 2507 4110 31758 6073 619 9111 2394 992 3742 2322 1697 6948
internal_value=-6.24557e-05 -0.000774006 0.00129916 -0.00237675 -0.00298951 -0.00783745 0.00253823 0.00573432 0.0121079 0.00142816 0.0039086 0.00259621 0.00138699 0.00520362 -0.00081389 -0.00357524 -0.00458207 0.000336474 6.00153e-05 -0.000350327 0.00048888 0.000701683 0.00141639 0.00498021 -0.000567289 0.00156523 -0.00254924 -0.00517113 0.00528023 -0.00095399 -0.00402871 -0.000956804 -0.00413391 -0.00067605 -0.00139919 0.00050528 -0.0114345 -0.000215285 -0.00127529 0.00174247 -0.000187395 0.00178115 0.00647363 -0.00141121
internal_weight=177726 26098 11382 14716 13621 1368 9406 2414 787 6992 3316 1627 2189 1095 3676 1864 1976 733 151628 77489 74139 71461 49941 3022 74467 11426 5423 2678 6003 63041 5215 21520 4187 57826 35868 21958 952 18570 12497 3386 17333 6643 2701 10690
internal_count=177726 26098 11382 14716 13621 1368 9406 2414 787 6992 3316 1627 2189 1095 3676 1864 1976 733 151628 77489 74139 71461 49941 3022 74467 11426 5423 2678 6003 63041 5215 21520 4187 57826 35868 21958 952 18570 12497 3386 17333 6643 2701 10690
cat_boundaries=0 2 9 16 22 24 31 33 37 39 42 44 47 48 50 57 59 66 73 74 81 83 84 86 93 95 102 109 111 118 120 122 129 136 143 144 147 149 156 158
cat_threshold=245630502 43052609 1075052552 2148565842 6299680 17040384 563744 2147483673 2120 524296 50331654 134217984 150995233 536907776 2151940113 147520 536883232 75538984 4194336 5243008 8396804 1073741834 2684920256 2232328 94208 134227976 262144 34603265 17842436 1073807394 16778272 167772192 8422464 24576 2048 0 33554432 67372548 1059329 33554561 136380416 64 1074831424 218628104 302121088 136380416 70 210 203424290 41944064 1310720 0 0 263168 524288 16 8 237252278 178286145 1313568 134613504 2157969920 8208 33953924 2101380 134287360 2148795232 134610944 2097220 142606337 536877206 6293504 17629280 330 826310656 75497606 4458498 67113376 8421376 65568 150536 134226964 142634049 74 103023156 2113 16785428 8388611 0 33832960 1048576 1073741824 72 524353 67272732 8216 58728834 0 131072 524288 3221487648 67387648 287866900 111165574 135004160 2097192 8421376 262194 16911368 67118592 134229504 50405384 68158082 4194304 4215168 49184 1107296289 67240200 2684420417 1740800 11394 178283008 81929 4202552 260 67110144 268968464 3258976264 803168 536871936 5251072 4218880 142868672 150995232 1078001665 8448 544 131072 2097152 0 536871044 4194304 17301568 32 33783809 276824076 68 9076801 17825816 536893440 16777536 256 51684352 134742016 2147745808 10241 546504712 24
is_linear=0
shrinkage=0.05


Tree=174
num_leaves=45
num_cat=40
split_feature=8 0 2 0 3 0 2 1 0 0 0 3 6 1 1 0 0 3 2 0 1 0 0 2 2 8 0 3 0 3 0 2 2 0 2 2 2 0 3 2 8 0 2 2
split_gain=5.77756 25.0866 22.3221 26.6143 18.4487 25.0005 23.1038 20.5418 25.8215 18.0301 17.63 29.3494 21.859 18.5675 18.318 20.1251 14.9023 12.7142 12.2855 12.009 13.324 11.7651 11.208 17.2498 11.0837 10.8653 35.4515 45.7264 34.4281 34.0364 51.963 42.5153 38.6735 37.8766 40.0753 32.2446 27.4972 33.5207 26.9061 25.1718 24.6215 31.0267 23.2898 23.2497
threshold=11.500000000000002 0 1 2 3 4 5 6 7 8 9 10 4.5000000000000009 11 12 13 14 15 16 17 18 19 20 21 22 7.5000000000000009 23 24 25 26 27 28 29 30 31 32 33 34 35 36 6.5000000000000009 37 38 39
decision_type=2 9 9 9 9 9 9 9 9 9 9 9 2 9 9 9 9 9 9 9 9 9 9 9 9 2 9 9 9 9 9 9 9 9 9 9 9 9 9 9 2 9 9 9
left_child=25 4 3 -3 5 -2 9 16 24 17 18 14 13 -13 15 -12 -7 -6 21 -16 -21 -4 23 -8 -9 29 27 28 43 30 32 40 -1 34 -31 -35 37 -29 -36 -30 41 -32 -39 -27
right_child=1 2 10 -5 6 7 22 8 -10 -11 11 12 -14 -15 19 -17 -18 -19 -20 20 -22 -23 -24 -25 -26 26 -28 36 39 33 31 -33 -34 35 38 -37 -38 42 -40 -41 -42 -43 -44 -45
leaf_value=0.0010871951225807975 -0.016324330260687848 0.0010042547336298281 0.0075348542350641041 0.013316401485652619 0.0098444634097407668 -0.0093745351246558705 0.0055952752667330023 -0.0026746252451422372 -0.0064326213824595913 -0.0028984712555443271 -0.0085635955740464339 -0.0034436989011434882 -0.010630494440691397 0.0059274889269993417 0.016469565432361572 0.012143016764572946 0.015050222049626506 0.00036406485253636517 0.00010715290768602005 -0.0040726042610202077 0.012868549212148063 -0.010597008868114155 -0.0058468881824898294 -0.0089588190901809927 0.010672231429101842 0.011619390348985958 0.00023175464826777903 -0.0041281684820578873 -0.0042308774482397449 -0.0052141950970706272 0.021928287949471249 -0.0018962511823065577 -0.0093926959763961822 0.0073338299075291769 -0.00090470578249029771 0.00082233696947680017 -0.0033070943985457017 1.579342404703643e-05 0.0012873632401009583 0.00051786531907026538 0.016565038507205754 0.00033477000266357582 0.0070585871070185831 0.00075376638603382731
leaf_weight=1045 174 688 107 805 279 113 239 285 915 1234 262 114 196 242 770 183 408 664 4125 352 831 260 1169 274 1026 1900 37195 1742 1465 2156 340 5890 3963 1127 14436 51564 15366 2212 10679 2761 903 3691 1024 2552
leaf_count=1045 174 688 107 805 279 113 239 285 915 1234 262 114 196 242 770 183 408 664 4125 352 831 260 1169 274 1026 1900 37195 1742 1465 2156 340 5890 3963 1127 14436 51564 15366 2212 10679 2761 903 3691 1024 2552
internal_value=-6.58317e-05 0.000849507 0.00258804 0.00815037 -0.0014433 0.00155237 -0.00370897 0.00273848 0.000626118 -0.000297211 0.00146269 0.00445946 -0.00587189 0.00140449 0.00685216 -0.00230769 0.0115819 0.00487933 -0.000510884 0.0089404 0.00565801 -0.00915119 -0.00809693 -0.00181644 0.00510977 -0.000154619 -0.000647115 -0.00195646 0.00108195 0.000185815 -0.00193157 1.84604e-05 -0.0061379 0.000605212 -0.000907225 0.00138802 -0.00325243 -2.00481e-05 -0.000344279 -0.00214825 0.00343851 0.00177375 0.00298829 0.00414612
internal_weight=177726 15715 8935 1493 6780 2921 3859 2747 2226 2177 7442 2950 552 356 2398 445 521 943 4492 1953 1183 367 1682 513 1311 162011 66217 29022 8678 95794 15832 10824 5008 79962 27271 52691 20344 4978 25115 4226 4934 4031 3236 4452
internal_count=177726 15715 8935 1493 6780 2921 3859 2747 2226 2177 7442 2950 552 356 2398 445 521 943 4492 1953 1183 367 1682 513 1311 162011 66217 29022 8678 95794 15832 10824 5008 79962 27271 52691 20344 4978 25115 4226 4934 4031 3236 4452
cat_boundaries=0 2 9 11 12 14 21 24 26 28 30 31 34 36 38 40 41 48 50 52 54 56 63 69 71 72 74 75 77 84 91 93 100 107 114 116 117 124 126 132 139
cat_threshold=573933413 197184000 1074790424 16779296 0 1048832 562036992 2415921200 67125252 1073881226 3809308 288 2097152 2048 17833984 1050736 0 2148963328 16777216 0 8264 139397 1275068420 70 538214916 176209920 36798529 20974080 3423078416 67638353 308 0 8388608 2 268509251 67108876 8320 1449984 33792 176160768 12 0 1048592 0 67506176 1056772 4456448 256 8200 1318912 4194304 8388608 1073741824 1104 35718180 50333696 16 0 0 0 0 262160 67108865 537927680 0 32768 262144 268435712 16 537004790 210807313 452 133142 201329168 384 204472405 183403072 537157136 43010 32768 165192 8915456 4456498 67125313 537137184 80 134217728 1312000 17320704 1111754752 17318144 1082762248 35410949 2147486721 2919270534 772 136314936 1187840 262168 150995968 271056900 608337920 134758404 138412176 401552 2147483657 786432 269756416 2149589288 33056 1086920 24864 262171 1024 2178 201370112 28 290832 51380224 0 30688512 16777216 262176 201460736 66048 67108864 10240 296 32768 33864 256 16 262152 1050656 0 2253669376 1048580 4194304 133129
is_linear=0
shrinkage=0.05


Tree=175
num_leaves=45
num_cat=35
split_feature=6 0 2 2 2 2 2 0 0 3 0 0 0 2 2 2 2 10 0 0 10 0 0 2 0 2 0 2 5 3 8 5 3 0 0 5 5 5 2 0 0 2 3 2
split_gain=6.03916 21.4985 31.7553 28.3869 24.0474 22.4571 19.6765 21.6638 16.529 16.2427 51.9609 15.6878 15.3342 34.2007 28.7559 27.1403 20.0748 19.2849 21.2855 15.3794 14.887 14.4854 14.3019 13.8061 24.2407 30.3527 19.9826 43.9368 23.5026 30.2238 17.25 14.3979 13.7302 37.1918 19.6428 18.1903 16.1941 12.5329 17.7453 24.1603 12.2859 20.5551 20.0973 12.9102
threshold=3.5000000000000004 0 1 2 3 4 5 6 7 8 9 10 11 12 13 14 15 22.500000000000004 16 17 19.500000000000004 18 19 20 21 22 23 24 162.50000000000003 25 5.5000000000000009 354.50000000000006 26 27 28 1105.5000000000002 1050.5000000000002 93.500000000000014 29 30 31 32 33 34
decision_type=2 9 9 9 9 9 9 9 9 9 9 9 9 9 9 9 9 2 9 9 2 9 9 9 9 9 9 9 2 9 2 2 9 9 9 2 2 2 9 9 9 9 9 9
left_child=6 2 -2 21 11 8 7 -1 -5 10 -6 -4 13 -8 17 22 19 18 20 -16 -14 -3 -15 26 25 -25 27 31 -29 30 -30 -7 33 -28 -34 -36 -35 -17 39 -39 41 -40 -42 -44
right_child=1 3 4 5 9 23 12 -9 -10 -11 -12 -13 14 15 16 37 -18 -19 -20 -21 -22 -23 -24 24 -26 -27 32 28 29 -31 -32 -33 34 36 35 -37 -38 38 40 -41 42 -43 43 -45
leaf_value=-0.0086333576317415613 -0.0025020609065805723 0.0083897730036940118 0.0039814175834693875 -0.00037295825785032546 0.0051502488616636428 0.0039189703179426331 0.0038923967173932431 -0.00056831337640728119 -0.0027664581288641189 0.00075723751540323356 -0.0050719419085307749 0.0011308540322607587 0.00093581877964599158 0.00021524190756279371 -0.004906992243382341 -0.0018895343155995949 0.00021379422367720781 0.040878706460164144 0.00453589671843655 0.00022649811358151919 -0.01183531437963737 0.00037322172659206567 -0.0053861478909143778 0.0048702058216761436 -0.00022271029749355576 0.0013610080092604782 -0.003356013136218933 -0.0049038473605041632 -0.0020546816170840701 -0.0051270206452402219 -0.010526016068797883 -0.028060913235169072 0.0011205093349801133 0.0057596667379011153 -0.0013385786786459853 -0.0032753103652745311 0.006318556501531492 -0.0030522080420937849 0.0017037914766848241 0.0074915564611729886 -0.0018024844341349546 -0.0030619502549347061 0.0076274323043130088 0.00098244203971300527
leaf_weight=346 1842 605 896 1990 913 996 2799 725 2276 21062 1275 1614 1510 570 2144 16413 56142 104 1594 1504 205 1475 2088 990 13851 3451 1072 966 92 401 276 66 4609 1603 8396 48 42 902 2099 1745 5503 4714 1441 4371
leaf_count=346 1842 605 896 1990 913 996 2799 725 2276 21062 1275 1614 1510 570 2144 16413 56142 104 1594 1504 205 1475 2088 990 13851 3451 1072 966 92 401 276 66 4609 1603 8396 48 42 902 2099 1745 5503 4714 1441 4371
internal_value=-3.54478e-05 0.000322708 0.00141243 -0.000373713 0.00186651 -0.000662453 -0.000272636 -0.00698427 -0.00409261 0.00136285 -0.00272975 0.00650794 -0.000204047 -0.000936584 0.000290288 -0.00131222 3.51171e-05 0.0047473 0.00409489 -0.00355385 0.000202899 0.005311 -0.00618441 -0.00026445 0.000710305 0.00392047 -0.00122463 -0.00511222 -0.01 -0.01658 -0.0267196 0.00289179 -0.000532319 0.00269527 -0.0012057 -0.0026378 0.00740181 -0.000962417 -0.000146811 0.00366955 -0.000705701 -0.00238165 0.000304636 0.00235314
internal_weight=177726 70807 27602 43205 25760 41125 106919 1071 4266 23250 2188 2510 105848 42645 63203 39846 59790 3413 3309 3648 1715 2080 2658 36859 18292 4441 18567 2797 1735 769 368 1062 15770 2717 13053 8444 1645 37188 20775 2647 18128 6813 11315 5812
internal_count=177726 70807 27602 43205 25760 41125 106919 1071 4266 23250 2188 2510 105848 42645 63203 39846 59790 3413 3309 3648 1715 2080 2658 36859 18292 4441 18567 2797 1735 769 368 1062 15770 2717 13053 8444 1645 37188 20775 2647 18128 6813 11315 5812
cat_boundaries=0 2 9 16 23 30 37 39 41 42 44 46 48 55 62 69 76 78 80 82 84 91 93 100 102 107 108 109 111 113 120 122 124 131 132 139
cat_threshold=3289025801 130558476 286277668 138414628 0 12583193 680525984 1078263808 16777248 2433536164 218237448 8388608 16 42227744 4259841 96 1075849489 2216722696 148897792 153366528 268468740 2 148480 1073751041 34643968 140509216 220463265 553746432 2147485696 151536648 2101249 220401664 8388608 274726912 67436560 67108992 262148 3392152776 8427532 179380934 163840 8 2215250945 4720640 1073741832 125829120 3289025579 124265996 17629216 570466437 2154053636 25427984 536904192 3221297152 67109888 1111491712 4474896 524544 201326625 25303040 36048897 16793632 1107296640 2147485712 524546 201335073 25172130 33554475 540768 2164557828 536912012 2376256 25165840 134758405 67584 239075328 579141968 142622785 682696848 442384 3473458 4160 2147615777 2097152 65552 2153775510 33028 2147512384 268444160 2 67239937 35717200 2232320 1048584 0 0 1048840 134217984 0 256 2170944 2228224 0 256 0 2147483648 512 272 204 262274 134529088 262818 134513728 536911872 8389128 0 1048576 402669824 16 2048 2147517441 16778760 1074269226 524288 2147500052 5242912 32768 33608704 8196 0 16777480 270 268435456 0 0 163904 0 0 257
is_linear=0
shrinkage=0.05


Tree=176
num_leaves=45
num_cat=32
split_feature=8 0 5 1 1 0 0 1 0 9 0 0 8 1 1 1 0 0 0 0 0 1 1 0 1 0 1 6 0 1 10 0 1 0 5 8 6 0 10 10 1 10 0 1
split_gain=6.23721 22.4115 22.3277 14.71 13.5801 27.1206 11.8012 14.7062 21.3706 11.6297 47.4151 38.6709 28.3052 29.447 23.3748 22.8441 34.3293 27.7708 21.2659 17.2762 17.1351 21.1062 16.0089 19.5572 26.063 18.5986 18.4219 18.0641 26.8549 20.7294 16.4222 16.1714 22.3747 15.4642 15.5945 18.5568 18.6125 21.5133 14.7928 15.6302 14.7879 14.2436 13.6683 15.2494
threshold=11.500000000000002 0 4.5000000000000009 1 2 3 4 5 6 1.0000000180025095e-35 7 8 5.5000000000000009 9 10 11 12 13 14 15 16 17 18 19 20 21 22 1.0000000180025095e-35 23 24 21.500000000000004 25 26 27 28.500000000000004 9.5000000000000018 3.5000000000000004 28 17.500000000000004 16.500000000000004 29 6.5000000000000009 30 31
decision_type=2 9 2 9 9 9 9 9 9 2 9 9 2 9 9 9 9 9 9 9 9 9 9 9 9 9 9 2 9 9 2 9 9 9 2 2 2 9 2 2 9 2 9 9
left_child=9 2 -2 -4 5 -3 -6 8 -8 10 14 12 20 33 18 16 -13 40 -1 -16 21 -11 25 24 38 -12 -25 28 -28 -30 -31 -29 -33 -14 -35 -36 37 -37 39 -24 -17 -27 43 -15
right_child=1 4 3 -5 6 -7 7 -9 -10 11 22 15 13 42 19 17 -18 -19 -20 -21 -22 -23 23 26 -26 41 27 31 29 30 -32 32 -34 34 35 36 -38 -39 -40 -41 -42 -43 -44 -45
leaf_value=-0.0062118973430765785 -0.0029634506324690657 0.014248949711536408 -0.0070771578034156462 -0.0002880930574037377 0.00034448943320985749 -0.0022447233266319868 -0.0032311254669299076 0.0072792064124812652 0.006661477221189616 -0.0059697230138516357 -0.0012870325064474831 0.00017180231200627507 -0.0038127762932064491 -0.0097677918454446844 0.0030086904641563831 0.0036641221634702904 0.0030304992669948853 -0.00086702341656303978 0.00047917417388234631 0.00029820136250928724 -5.0621906889650184e-05 0.0087508690744671821 -0.0068551929317991036 -0.00028184366219223821 -0.0011625267125275702 0.023758570429400928 -0.0075101743366873201 -0.0047065238708585838 -0.012290707412983859 0.0063885527956856663 -0.023548676085040104 -0.0007657660981983728 -0.0055959563284522342 -0.0069675869058959117 -0.0014720302574120381 -0.013926137296778458 0.01316923696884232 0.0065135317919493346 -0.0022026181310059955 -0.014063743582561246 6.8640557203153429e-05 0.0016282565707973597 0.00035556267020911972 -0.0011373615902230017
leaf_weight=1649 74 271 565 2994 5442 2262 831 2365 911 402 1725 16979 7973 361 7559 4832 17258 15871 1655 20337 2749 1661 2047 14993 3766 128 660 3344 104 662 40 4085 634 1136 3899 229 485 508 940 232 5900 2106 11087 4015
leaf_count=1649 74 271 565 2994 5442 2262 831 2365 911 402 1725 16979 7973 361 7559 4832 17258 15871 1655 20337 2749 1661 2047 14993 3766 128 660 3344 104 662 40 4085 634 1136 3899 229 485 508 940 232 5900 2106 11087 4015
internal_value=-5.06397e-05 0.000900414 -0.00253912 -0.00198089 0.00193516 -0.00131734 0.00279841 0.00482147 0.00131279 -0.000142892 -0.000649506 0.000211338 -0.0011256 -0.00170242 0.000772188 0.000969597 0.00182352 -0.000129636 -0.00319855 0.00124346 0.00243142 0.00586107 -0.00189988 -0.00227655 -0.00461044 0.00109599 -0.00161014 -0.00332844 0.00177353 0.00784314 0.0109551 -0.0042602 -0.00235779 -0.0033427 -0.00147599 -0.000302675 0.00507365 6.78426e-05 -0.00791267 -0.0101141 0.00183392 0.00409982 -0.000190655 -0.00255358
internal_weight=177726 15715 3633 3559 12082 2533 9549 4107 1742 162011 66666 95345 34505 29693 31200 60840 34237 26603 3304 27896 4812 2063 35466 31507 6985 3959 24522 9529 1466 806 702 8063 4719 14230 6257 5121 1222 737 3219 2279 10732 2234 15463 4376
internal_count=177726 15715 3633 3559 12082 2533 9549 4107 1742 162011 66666 95345 34505 29693 31200 60840 34237 26603 3304 27896 4812 2063 35466 31507 6985 3959 24522 9529 1466 806 702 8063 4719 14230 6257 5121 1222 737 3219 2279 10732 2234 15463 4376
cat_boundaries=0 2 4 7 9 11 13 15 17 19 22 24 27 29 31 33 35 37 40 43 45 48 50 53 55 56 58 59 61 63 66 68 71
cat_threshold=573572608 163629056 807415810 6291744 276865281 402710571 11 0 1582092 3422912821 34088457 4325572 1149304896 9044162 67240000 2684552092 63225948 2148205468 40116252 575021826 1210056716 25 2150898192 6471938 2792864549 136368130 3 771785760 143672385 739247136 211304512 537002880 8405084 780 4194316 2148139288 8192 543457541 2129920 1 68436040 138559622 25 1059840 68681728 539037953 346063104 68 134481953 2763777 539070850 1419870464 70 1118044227 132608 268443653 33816675 6145 37879813 656020 4456448 65536 33554436 268435648 67174656 4 2147483916 2097164 1052672 4194432 64
is_linear=0
shrinkage=0.05


Tree=177
num_leaves=45
num_cat=34
split_feature=2 0 2 0 2 5 0 0 5 6 0 2 5 2 0 1 1 0 2 0 10 2 0 0 5 5 2 5 0 0 1 1 1 0 1 0 10 6 0 2 2 2 0 2
split_gain=6.446 24.2377 11.7773 8.77518 10.6996 8.90046 7.3914 6.93191 6.9056 5.85136 24.1943 26.2982 19.6697 17.084 23.5532 15.4356 15.2556 14.7406 22.2216 14.3952 16.096 14.3161 15.2143 14.6191 13.6598 13.1293 13.0574 12.7477 21.2991 18.5677 18.3201 16.5761 12.5697 12.3264 11.4161 11.8661 24.9273 11.3378 32.5698 32.8112 29.6214 24.3357 27.2167 22.162
threshold=0 1 2 3 4 469.50000000000006 5 6 156.50000000000003 5.5000000000000009 7 8 319.50000000000006 9 10 11 12 13 14 15 13.500000000000002 16 17 18 132.50000000000003 670.50000000000011 19 188.50000000000003 20 21 22 23 24 25 26 27 15.500000000000002 3.5000000000000004 28 29 30 31 32 33
decision_type=9 9 9 9 9 2 9 9 2 2 9 9 2 9 9 9 9 9 9 9 2 9 9 9 2 2 9 2 9 9 9 9 9 9 9 9 2 2 9 9 9 9 9 9
left_child=1 2 -1 -3 5 6 8 -6 -5 37 13 -12 26 14 16 19 -11 18 24 20 -15 22 -14 25 -17 -23 33 29 31 -28 -30 -29 -26 -13 35 36 -31 -2 40 -40 -39 42 -41 -42
right_child=9 3 -4 4 7 -7 -8 -9 -10 10 11 12 21 15 -16 17 -18 -19 -20 -21 -22 23 -24 -25 32 -27 27 28 30 34 -32 -33 -34 -35 -36 -37 -38 38 39 41 43 -43 -44 -45
leaf_value=0.0051304191885935824 -0.00019790801611637712 0.0025186613183165786 -0.0072442372245484611 0.0086412391523677298 0.0079288297904014596 0.016881182563876419 -0.0084323828503959398 0.00041710488984380016 -0.0025962805346484044 0.014374002289795336 -0.0049647251307677444 0.003626698265048506 -0.00465289489619537 0.0069524695704404676 -0.003747774414195282 -0.0052395729021478049 -0.0026766634950310623 -0.00056768433516007639 -0.0015332253165553423 0.0090466803975533094 -0.0095698642650924436 0.015822244033611679 0.010502001316579258 0.0018618234245951883 -0.007688155468490377 0.0060369133018948196 0.0025856820285492968 0.0076775570167381462 -0.00052411531403863539 0.0012972557013581354 -0.0057000351587513419 -0.0031499316314201609 -0.014517794027149523 0.00018183931875110916 -0.0016863090128682034 0.00060666278099470456 -0.00029360418862599551 0.0015301681028684179 -0.0014062314881599204 0.0065285097446289748 -0.0042538365726071618 0.00089400778423926472 0.0014199027359640072 -0.00048155923695532011
leaf_weight=127 105183 504 652 87 397 69 336 495 142 141 673 647 223 49 1577 245 213 5560 968 357 55 185 280 567 119 48 2387 291 391 78 377 390 192 672 3990 378 41 5616 2970 937 1005 18365 1268 18479
leaf_count=127 105183 504 652 87 397 69 336 495 142 141 673 647 223 49 1577 245 213 5560 968 357 55 185 280 567 119 48 2387 291 391 78 377 390 192 672 3990 378 41 5616 2970 937 1005 18365 1268 18479
internal_value=-4.83891e-05 0.00232352 -0.00513308 0.00519608 0.00325521 -0.00170807 -0.00380531 0.00676275 0.00313808 -8.66076e-05 -0.000867545 0.000662195 0.00125513 -0.00274088 -0.00692942 -0.00166115 0.00467033 -0.00224133 -0.00658409 0.00711253 -0.00877193 0.00702226 0.000292398 0.0111111 -0.0144876 0.0216049 0.000477079 -0.00025801 -0.00452036 0.000640093 -0.0101542 0.00195369 -0.0217042 0.00507901 -0.00125639 0.00581854 0.0189922 2.04781e-05 0.000651727 0.00198726 -0.000601354 0.00269679 0.00765237 -0.00152355
internal_weight=177726 2809 779 2030 1526 634 565 892 229 174917 21094 11618 10945 9476 1931 7545 354 7084 1524 461 104 1303 503 800 556 233 9642 8323 1449 6874 768 681 311 1319 4487 497 119 153823 48640 23540 25100 20570 2205 19484
internal_count=177726 2809 779 2030 1526 634 565 892 229 174917 21094 11618 10945 9476 1931 7545 354 7084 1524 461 104 1303 503 800 556 233 9642 8323 1449 6874 768 681 311 1319 4487 497 119 153823 48640 23540 25100 20570 2205 19484
cat_boundaries=0 7 9 15 17 24 26 28 30 37 44 46 49 50 52 59 61 68 70 72 79 81 83 86 88 91 93 96 98 100 107 114 121 123 130
cat_threshold=168331264 205785088 3221752336 67108884 4620296 301993985 37748756 1110509912 90186756 2048 67108864 0 16 262144 33558528 525317 134643776 526336 201326592 0 67108880 163840 33558528 33554436 67273216 41945112 2826961056 1589249 2150575924 174720520 1610874880 8960 32 4457728 134220320 1074004000 16777216 536961044 1056770 32768 8523784 563101732 2151940098 147464 2164224 37748736 1052800 404758540 16 131264 2163200 35782656 8 0 0 0 0 16 8193 265728 4194312 73744 16 0 33570880 260 16 8192 1753219072 92545040 578813954 17039425 17834004 1081456 0 8 18350080 2147483666 147456 705691840 16795733 1073774601 8691732 570523777 0 4 570556545 8388608 0 0 6 201326602 84951061 4 268574720 7 33554432 83886080 716251231 135583825 269750308 34603830 8196 1024 134238240 3221489680 218122240 269832196 794 8192 15893504 134240304 1078198280 133120 553648385 2164301824 148897792 21245960 17310468 4194338 131136 2147485856 42606596 16778241 33587332 138674208 134479913 16777220 2048 150995968
is_linear=0
shrinkage=0.05


Tree=178
num_leaves=45
num_cat=31
split_feature=2 0 10 1 0 0 9 5 1 10 0 2 1 1 0 0 10 0 2 0 2 2 0 8 0 0 5 0 8 3 0 2 0 0 5 0 1 0 8 1 0 8 10 8
split_gain=7.01861 22.854 12.0545 9.06515 12.2403 9.6016 6.65118 6.57165 6.48459 5.62523 39.4435 30.4305 21.1099 19.3531 22.6862 11.3977 11.1255 30.0852 26.0362 28.7366 25.5743 15.2006 14.4726 12.1351 36.4213 16.6791 11.8912 12.4295 11.8753 10.5597 13.6221 10.5362 18.1501 17.4557 13.0787 10.4463 10.4028 10.0706 9.68347 9.64351 10.3329 9.84192 13.3757 13.789
threshold=0 1 19.500000000000004 2 3 4 1.0000000180025095e-35 186.50000000000003 5 3.5000000000000004 6 7 8 9 10 11 8.5000000000000018 12 13 14 15 16 17 1.5000000000000002 18 19 160.50000000000003 20 9.5000000000000018 21 22 23 24 25 313.50000000000006 26 27 28 7.5000000000000009 29 30 8.5000000000000018 7.5000000000000009 5.5000000000000009
decision_type=9 9 2 9 9 9 2 2 9 2 9 9 9 9 9 9 2 9 9 9 9 9 9 2 9 9 2 9 2 9 9 9 9 9 2 9 9 9 2 9 9 2 2 2
left_child=1 8 3 4 7 -5 -6 -3 -1 10 11 15 38 14 -12 -2 17 20 19 -19 26 22 -20 24 -23 36 27 -11 -28 30 -14 33 -33 34 -15 -31 -25 -22 -13 40 -27 42 -42 -44
right_child=9 2 -4 5 6 -7 -8 -9 -10 16 13 12 29 31 -16 -17 -18 18 21 -21 37 23 -24 25 -26 39 28 -29 -30 35 -32 32 -34 -35 -36 -37 -38 -39 -40 -41 41 -43 43 -45
leaf_value=0.0007083478629912155 0.015912688721588131 -0.0052968265202135495 -0.01242860581218907 0.013816781594190343 -0.011275639696919838 -0.00025121433448466738 -0.0013737241361875263 0.0078486503612391848 0.0094389117427141414 0.012499979642935012 0.0011010696738157689 -0.019788630316604855 -0.018056885719664267 -0.0037358389938740248 0.016960139287501331 0.00053566982954615931 1.6320678760228802e-05 -0.00025263199168434891 0.007264638476809449 -0.011887817362912757 0.00052593509481447815 -0.0060166354507336138 -0.0014976047285430449 -0.0082017504779113969 0.00044774863327603224 0.0053315117017626841 0.0037291224442343009 0.00039879525644122006 0.008533371645339077 -0.0042066562866007297 -0.0030514332744277176 0.013499302198376258 -0.0081263149411316127 0.012488333851774969 0.014955001594789359 0.0011753415439343412 -0.0013941458404434948 -0.0030019354093496933 -0.0066252082884244784 -0.0018666844824843599 -0.0054676371084983466 -0.005166427768712384 -0.0013953237290317334 0.011257991824569795
leaf_weight=274 221 55 116 100 212 161 213 155 566 449 241 148 118 332 337 202 148047 549 475 691 1919 392 650 2123 490 1454 830 2754 344 689 427 114 398 767 100 916 1381 2016 97 4230 527 896 244 306
leaf_count=274 221 55 116 100 212 161 213 155 566 449 241 148 118 332 337 202 148047 549 475 691 1919 392 650 2123 490 1454 830 2754 344 689 427 114 398 767 100 916 1381 2016 97 4230 527 896 244 306
internal_value=-4.61384e-05 0.00300752 -0.00205479 -0.000111607 -0.00333333 0.00756458 -0.00816092 0.00636364 0.00905882 -7.84608e-05 0.00155669 -0.00240453 -0.00459459 0.00641583 0.0142857 0.00981524 -0.000127367 -0.00115757 -0.00253849 -0.00944 0.00123768 -0.00188192 0.00365639 -0.00240189 -0.00804989 -0.00195771 0.00386369 0.00229472 0.00817717 -0.00296296 -0.00891892 0.00368972 -0.00229885 0.00624483 -0.00180995 -0.000897833 -0.00480933 -0.00168568 -0.0182353 -0.000645624 0.00132383 -0.00103379 0.00218199 0.00763636
internal_weight=177726 1852 1012 896 635 261 425 210 840 175874 5107 2818 2395 2289 578 423 170767 22720 14408 1240 8312 13168 1125 12043 882 11161 4377 3203 1174 2150 545 1711 512 1199 432 1605 3504 3935 245 7657 3427 1973 1077 550
internal_count=177726 1852 1012 896 635 261 425 210 840 175874 5107 2818 2395 2289 578 423 170767 22720 14408 1240 8312 13168 1125 12043 882 11161 4377 3203 1174 2150 545 1711 512 1199 432 1605 3504 3935 245 7657 3427 1973 1077 550
cat_boundaries=0 7 9 12 14 16 19 21 28 31 34 36 38 40 47 49 56 63 65 67 69 71 72 74 81 83 85 87 90 92 95 97
cat_threshold=134742016 201590784 3221752336 20 2151841792 301993984 37748756 211691141 139116632 4194336 134742029 4 2149580914 3584 570425344 8654853 3489661056 2179073 32 1778820390 114582085 65536 16 0 34750464 2048 0 16384 805306372 65540 64 536936449 67174416 67 69206096 134250512 134356996 4456453 2293467938 169090048 272388 25174114 2097184 4194440 268453924 1074003970 16777280 1174930568 4751437 1627480064 16777234 32768 2148946240 402655232 2147483651 16794888 1090584592 32768 33024 16777281 555221760 65536 8 34079836 12730900 1611138192 9044032 100663433 21020673 2097664 34603008 8 536903680 67371008 8216 0 0 2181043456 0 16 8193 11534400 134742016 2158493760 17438720 33726500 12845120 303505540 65568 70 135266594 33821696 304381956 296 67 1074013188 11141128
is_linear=0
shrinkage=0.05


Tree=179
num_leaves=45
num_cat=34
split_feature=10 0 1 3 1 1 0 10 0 0 0 8 0 0 1 1 6 1 0 0 1 8 1 10 1 3 0 1 0 1 1 0 0 10 0 3 0 3 0 3 10 0 8 8
split_gain=5.60786 30.1518 31.5441 31.2389 36.9981 23.5385 32.7922 26.8156 22.971 22.0582 21.6777 21.6179 47.6771 19.8831 33.2205 25.5043 19.4415 21.886 18.6902 18.5916 27.7347 25.453 17.2701 16.4534 20.5942 30.6622 23.8293 18.816 16.8639 22.3446 15.9231 16.8818 15.7274 15.6869 15.0569 14.92 14.8937 14.5098 14.1824 13.9854 15.9701 21.2467 15.4729 18.7555
threshold=15.500000000000002 0 1 2 3 4 5 22.500000000000004 6 7 8 1.5000000000000002 9 10 11 12 4.5000000000000009 13 14 15 16 10.500000000000002 17 7.5000000000000009 18 19 20 21 22 23 24 25 26 22.500000000000004 27 28 29 30 31 32 13.500000000000002 33 6.5000000000000009 9.5000000000000018
decision_type=2 9 9 9 9 9 9 2 9 9 9 2 9 9 9 9 2 9 9 9 9 2 9 2 9 9 9 9 9 9 9 9 9 2 9 9 9 9 9 9 2 9 2 2
left_child=13 3 18 5 9 6 33 10 -9 -5 16 12 -6 14 -1 32 17 -7 -3 20 37 -22 -12 24 26 -26 -16 -25 29 -29 36 -32 -15 -2 -27 38 -4 -13 -14 40 42 -42 -30 -44
right_child=1 2 30 4 11 7 -8 8 -10 -11 22 19 35 15 23 -17 -18 -19 -20 -21 21 -23 -24 27 25 34 -28 28 39 -31 31 -33 -34 -35 -36 -37 -38 -39 -40 -41 41 -43 43 -45
leaf_value=-0.00071672102467557346 0.0056168936099679967 -0.0026937412324718694 0.0024879703568408129 0.001442181667204312 0.022359967178762204 -0.0070626698381856786 -0.0024173817869288907 -0.0067953980460452651 -0.0025940075868629178 -0.0042869966716222122 -0.0079593531334309769 0.010466885820990486 -0.0067224072288133655 0.0013185730727392599 0.00048358137060506846 -0.0011073713610990077 -0.0035064721748686248 -0.00081187801161991535 0.00054845971549872814 0.001751568887441013 -0.0023259000310766999 0.021423424719612227 1.4752006168591847e-05 0.0022841113224760404 0.0067811906395535311 -0.0084589187053018319 -0.010553791307131789 -0.0023118025530026675 -0.011954335377338539 0.0033800929571809139 0.00081780424271818983 0.0046337227711393094 -0.00023304417312242087 0.043320256572620286 -0.00032834340939560534 -0.0055892303721471366 1.4219560048672753e-05 -0.014222875994326806 0.014841011439708353 0.0020610309086579238 -0.0026924910246875714 0.018693929433552192 0.0082785064702598395 -0.0065706000899210196
leaf_weight=14706 774 2733 5888 1141 590 880 772 269 581 2719 898 123 105 8001 397 45349 1217 2302 2149 11621 1019 290 5733 4151 1518 579 507 4296 852 2447 7049 5862 11967 79 1660 329 13762 737 164 9969 237 332 466 506
leaf_count=14706 774 2733 5888 1141 590 880 772 269 581 2719 898 123 105 8001 397 45349 1217 2302 2149 11621 1019 290 5733 4151 1518 579 507 4296 852 2447 7049 5862 11967 79 1660 329 13762 737 164 9969 237 332 466 506
internal_value=-6.41437e-05 0.000285157 0.0012509 -0.000832998 0.00048281 -0.00266741 0.00296636 -0.00343987 -0.012 -0.00387597 -0.00278332 0.00160795 0.00808081 -0.000289976 0.000550043 -0.000838091 -0.00550011 -0.00345695 -0.00249387 0.00105149 -0.00318954 0.00140258 -0.000971239 0.001563 -0.00114782 0.000491107 -0.00787746 0.00210698 0.00144128 -0.000570117 0.00181296 0.003177 0.000650716 0.00967555 -0.00322365 -0.00197368 0.000915565 -0.0101149 0.00663082 0.00253799 -0.000894715 0.00641476 -0.00317982 0.00113169
internal_weight=177726 69786 37443 32343 18838 13505 1625 11880 850 3860 11030 14978 1188 107940 42623 65317 4399 3182 4882 13790 2169 1309 6631 27917 4661 3757 904 23256 19105 6743 32561 12911 19968 853 2239 598 19650 860 269 12362 2393 569 1824 972
internal_count=177726 69786 37443 32343 18838 13505 1625 11880 850 3860 11030 14978 1188 107940 42623 65317 4399 3182 4882 13790 2169 1309 6631 27917 4661 3757 904 23256 19105 6743 32561 12911 19968 853 2239 598 19650 860 269 12362 2393 569 1824 972
cat_boundaries=0 2 5 6 9 11 13 15 17 19 21 23 26 29 32 34 36 39 42 45 46 48 51 53 55 58 60 62 64 65 67 68 70 71 73
cat_threshold=1653058700 236201536 76832832 207683594 1 154 813766657 203424176 18 2153840993 1409318936 570754180 33817664 1073741960 33816576 570427528 100671488 570493064 202637312 1073849356 134488576 1619495112 244590144 1212208014 1342222559 84 612425794 337715414 55 538320902 12582912 1 2148008049 16943133 65540 33562688 40108032 1073741826 64 1093636 6365216 64 807673921 6291456 1 418 1073873096 168820736 604250177 138543136 3 196808 201327680 2183135264 10567680 537100546 1350722020 86 203424624 20975621 3147540 655384 537264128 67117056 32 3146272 16781321 68 545523712 68157440 264 545292288 9437696
is_linear=0
shrinkage=0.05


Tree=180
num_leaves=45
num_cat=28
split_feature=5 0 2 2 0 2 0 6 6 8 1 5 8 9 2 2 6 0 2 2 0 5 0 5 0 10 8 9 1 10 0 2 0 6 0 2 2 0 0 0 2 1 6 0
split_gain=6.13442 24.0792 34.0549 19.1275 13.4059 12.5548 25.0745 13.8834 15.6822 18.9543 14.5863 13.1786 12.4174 10.9446 8.41098 8.30236 7.93098 15.6756 14.9023 13.6303 11.44 8.7562 8.23275 10.7327 8.06662 7.92202 7.21224 7.19243 7.1402 7.77844 6.88029 6.65562 21.4971 6.74418 21.8793 25.4874 22.4032 17.131 17.0384 15.3943 15.1706 12.8287 12.3766 27.358
threshold=531.50000000000011 0 1 2 3 4 5 1.5000000000000002 2.5000000000000004 10.500000000000002 6 541.50000000000011 9.5000000000000018 1.0000000180025095e-35 7 8 1.5000000000000002 9 10 11 12 1698.0000000000002 13 820.50000000000011 14 7.5000000000000009 3.5000000000000004 1.0000000180025095e-35 15 17.500000000000004 16 17 18 5.5000000000000009 19 20 21 22 23 24 25 26 3.5000000000000004 27
decision_type=2 9 9 9 9 9 9 2 2 2 9 2 2 2 9 9 2 9 9 9 9 2 9 2 9 2 2 2 9 2 9 9 9 2 9 9 9 9 9 9 9 9 2 9
left_child=31 3 4 -2 15 6 11 10 9 -9 27 -4 -10 14 -5 -3 17 19 -19 22 -18 -20 -7 -24 -21 -15 -26 -8 29 -13 -16 32 -1 42 35 39 37 -36 -37 -35 -40 -41 -33 -44
right_child=1 2 5 13 -6 16 7 8 12 -11 -12 28 -14 25 30 -17 20 18 21 24 -22 -23 23 -25 26 -27 -28 -29 -30 -31 -32 33 -34 34 36 38 -38 -39 40 41 -42 -43 43 -45
leaf_value=0.0016269290972109774 0.013734863826645544 -0.0059981649177940216 -0.012649619809275349 0.014054424053919346 0.011606184971303758 -0.0069091877994686803 0.0058483651525538805 -0.0039731231105422735 -0.0043924099137949034 -0.021068459014676411 -0.0014206739216811261 -0.01328751335846879 0.0041122886025706908 0.026780813992273424 -0.0019803790013938173 0.0064699855123383611 -0.0021415132344649091 0.004014722492147205 -0.010269102767044702 -0.018530089237260617 0.0021066473853497913 0.0023956783865500156 0.017592657920688825 0.0034243586815804585 -0.020502386592538571 -0.0057557632996623536 0.0057266471102193801 0.0034930161539985516 -0.010520376534194027 0.016753341881433181 0.0081381965979060774 -0.00020410279856690751 -0.0036919733987859416 -0.0051265337103721612 0.0085358241518215441 0.018431755314596499 -0.0024451371682572887 -0.0001220713714817745 0.008700100714780069 0.0040238334096190714 0.00043930862787800454 -0.0018065998689695162 0.00088398480843638889 -0.0001076771358347134
leaf_weight=870 718 244 61 155 731 112 57 90 222 78 163 116 108 43 119 269 835 111 528 112 1767 76 151 164 41 460 148 53 278 41 126 100021 1365 1127 578 345 8545 1924 255 1282 5538 870 19459 27370
leaf_count=870 718 244 61 155 731 112 57 90 222 78 163 116 108 43 119 269 835 111 528 112 1767 76 151 164 41 460 148 53 278 41 126 100021 1365 1127 578 345 8545 1924 255 1282 5538 870 19459 27370
internal_value=-5.96424e-05 0.00127797 -7.61499e-05 0.00671367 0.00733652 -0.00182262 -0.00614722 -0.000448143 -0.00542169 -0.0178571 0.00860806 -0.0148221 0.000909091 0.00180723 0.008 0.00105163 -0.000456227 -0.00343035 -0.00862069 0.00176152 0.00119139 -0.0117264 0.00743707 0.0115385 -0.0062701 -0.00308151 0.000251256 0.0216667 -0.012069 -0.00269461 0.00176471 -0.000124153 -0.00282851 -8.78535e-05 -0.000938233 0.000832715 -0.00244641 0.00171178 0.0027326 -0.00272119 0.00207651 -0.000231267 3.06435e-05 0.000701488
internal_weight=177726 8177 6556 1621 1244 5312 1267 771 498 168 273 496 330 903 400 513 4045 1443 715 728 2602 604 427 315 301 503 189 110 435 157 245 169549 2235 167314 20464 9417 11047 2502 6138 3279 5793 2152 146850 46829
internal_count=177726 8177 6556 1621 1244 5312 1267 771 498 168 273 496 330 903 400 513 4045 1443 715 728 2602 604 427 315 301 503 189 110 435 157 245 169549 2235 167314 20464 9417 11047 2502 6138 3279 5793 2152 146850 46829
cat_boundaries=0 2 9 16 18 25 27 28 35 41 43 47 54 56 58 60 62 64 71 73 75 82 89 91 93 95 102 105 107
cat_threshold=100663559 50468928 1073760256 100673676 262144 185996296 1057028 2 134219784 73728 64 32768 163840 8388864 48 24577 2696053312 4720145 537927808 32768 256 2147484097 16781312 2147745840 16793600 3221489336 71581704 33558528 16 0 0 2147483648 0 0 256 1073758208 33554432 0 34734080 256 2 3895232208 71575040 65540 320 0 32768 0 1048576 32768 16384 0 0 8449 2830435008 69206528 134775872 1024 2147745792 67379712 33554498 4194304 2 50462784 2151678016 2150191111 9216 419430424 2483094672 17825792 134479872 2827395443 162529284 244875274 92600917 1074069504 9024 32 38192448 134220548 1074004001 67110144 270336 33600 134217760 43286848 526336 65569 67109952 1075970816 4194304 0 68 34078720 84150852 4 1081376 0 0 17825792 2147483648 16384 541229184 32 64 3289288064 124397064
is_linear=0
shrinkage=0.05


Tree=181
num_leaves=45
num_cat=22
split_feature=8 3 2 3 2 8 2 8 2 2 2 2 2 5 10 8 5 6 2 6 2 2 10 5 2 2 5 2 2 3 8 5 5 5 5 2 5 3 2 2 8 4 8 8
split_gain=5.75425 29.3651 38.1086 22.5365 65.8387 30.861 20.8828 20.7435 27.3959 20.4948 20.1564 18.3314 16.3992 20.4951 14.7357 14.3709 23.2857 12.9067 12.3715 11.5462 29.5117 23.0523 14.098 11.8131 11.0312 10.8216 10.8 25.7174 11.4505 13.4824 10.7247 20.3812 12.629 10.5998 10.4961 10.2277 10.1956 9.7182 12.9225 12.5875 11.7061 9.56011 13.7665 9.54391
threshold=7.5000000000000009 0 1 2 3 10.500000000000002 4 6.5000000000000009 5 6 7 8 9 128.50000000000003 1.5000000000000002 11.500000000000002 202.50000000000003 5.5000000000000009 10 3.5000000000000004 11 12 20.500000000000004 76.500000000000014 13 14 100.50000000000001 15 16 17 6.5000000000000009 28.500000000000004 16.500000000000004 46.500000000000007 18.500000000000004 18 120.50000000000001 19 20 21 9.5000000000000018 2.5000000000000004 5.5000000000000009 4.5000000000000009
decision_type=2 9 9 9 9 2 9 2 9 9 9 9 9 2 2 2 2 2 9 2 9 9 2 2 9 9 2 9 9 9 2 2 2 2 2 9 2 9 9 9 2 2 2 2
left_child=1 2 7 4 25 12 -4 9 -9 -1 -5 -3 -6 35 -8 24 33 -15 -13 20 30 23 -22 -21 -7 -2 28 -28 29 -12 32 -32 -16 34 -17 -14 -37 38 40 -39 -29 -25 -43 -20
right_child=3 11 6 10 5 15 14 8 -10 -11 26 18 13 17 19 16 -18 -19 43 21 22 -23 -24 41 -26 -27 27 37 -30 -31 31 -33 -34 -35 -36 36 -38 39 -40 -41 -42 42 -44 -45
leaf_value=-0.015595767748548157 -0.0075376726135137663 0.005967125292144871 -0.008293858912995878 -0.0027623985668159216 0.0081055914487869803 0.01544350460550672 0.0055947525290967253 0.043465801426160612 0.0067287610013469891 0.0043778826322605881 -0.0011594414405465519 -0.0016166008256419896 -0.009932954040737553 -0.0023734173420339789 -0.028116821419412658 -0.0028585726055461837 0.015070204198138044 -0.0079338837433308249 3.4007737576113861e-05 -5.7473316906037081e-05 -0.0072771241708388008 0.0020027305785430549 0.0013063189137642985 -0.006656931346782336 0.0066410643066696085 -0.0031999586817260729 0.0030607961987772383 3.0045281858293027e-05 -0.00099025137677595239 0.0011738669267152169 0.056311135968277415 0.0023390544218196418 0.00090999214482018198 -0.0043793466140967909 0.013453614623745908 0.00360822946324062 0.027067050394863769 -0.0021685631241395776 -9.8852011802952341e-05 0.0016800747876899948 -0.0035286207959979166 0.0039205420020472451 -0.0082118698504729925 0.00085035477049172359
leaf_weight=144 765 1047 423 4561 278 1793 256 121 176 736 2500 2933 139 2079 118 141 720 264 38983 1354 5769 2732 410 949 876 2059 4623 1918 24841 3961 77 343 1762 904 238 2593 114 1599 13181 8250 3535 294 168 36999
leaf_count=144 765 1047 423 4561 278 1793 256 121 176 736 2500 2933 139 2079 118 141 720 264 38983 1354 5769 2732 410 949 876 2059 4623 1918 24841 3961 77 343 1762 904 238 2593 114 1599 13181 8250 3535 294 168 36999
internal_value=-5.12024e-05 0.000211913 -0.00175483 -0.000358834 0.00155323 0.00343384 -0.00245141 0.00686605 0.0183502 0.00306818 -0.000718335 0.000601461 0.000887141 0.000240431 -0.00212049 0.00642123 0.00322017 -0.00322236 0.000513779 -0.00233973 -0.00349687 -0.000554848 -0.00529165 -0.00376577 0.00882353 -0.00518701 -0.000490546 0.000138948 -0.00115648 0.000718591 0.00134199 0.00857143 -0.000265957 -0.000818394 0.00620053 0.00309206 0.00377254 -0.000422911 -0.00109419 0.000846942 -0.0031393 -0.00698086 -0.00108225 0.000636909
internal_weight=177726 95794 15832 81932 12963 10139 14655 1177 297 880 68969 79962 5467 5189 14232 4672 2003 2343 78915 13976 8479 5497 6179 2765 2669 2824 64408 33106 31302 6461 2300 420 1880 1283 379 2846 2707 28483 18634 9849 5453 1411 462 75982
internal_count=177726 95794 15832 81932 12963 10139 14655 1177 297 880 68969 79962 5467 5189 14232 4672 2003 2343 78915 13976 8479 5497 6179 2765 2669 2824 64408 33106 31302 6461 2300 420 1880 1283 379 2846 2707 28483 18634 9849 5453 1411 462 75982
cat_boundaries=0 1 8 9 16 23 29 35 42 49 55 62 69 76 83 88 95 102 103 110 111 118 124
cat_threshold=384 5664 10752 49184 16777544 537463328 4456480 16384 256 553660420 1049088 2129920 89166216 134746884 4456466 67633216 269025280 8388672 0 71303344 8196 33554432 132096 0 10240 0 0 0 262144 0 10240 32768 0 0 262144 2195744 2699211268 8413248 2228224 268699776 2147485698 278532 271056896 149291520 1216364608 138412160 266266 33558528 655360 16384 10256 0 1024 16777216 2181103616 33561729 83912744 288 2097152 67633312 4655109 50401312 1610612752 0 0 263168 9441280 3221291010 16785505 8220 16 0 2147484672 17826048 3221293059 17309761 65536 32 256 2181185536 1048576 0 16785416 553652228 1049088 0 22020232 525056 16777345 100663296 262436 1335792 134226177 1077940224 16974952 1056768 16777216 0 67150848 557072 4522001 532544 6 0 0 0 0 0 0 10248 30 3222276096 2338 0 33555456 1183744 262177 67119360 805314580 17825856 138412032 4227081 545275904 8
is_linear=0
shrinkage=0.05


end of trees

feature_importances:
district=2445
sub_category=1890
main_type=936
predicted_dept=749
month=609
comment_len=540
day_of_week=375
hour=318
is_rainy_season=75
severity=60
is_weekend=11

parameters:
[boosting: gbdt]
[objective: regression_l1]
[metric: l1]
[tree_learner: serial]
[device_type: cpu]
[data_sample_strategy: bagging]
[data: ]
[valid: ]
[num_iterations: 800]
[learning_rate: 0.05]
[num_leaves: 45]
[num_threads: -1]
[seed: 42]
[deterministic: 0]
[force_col_wise: 0]
[force_row_wise: 0]
[histogram_pool_size: -1]
[max_depth: -1]
[min_data_in_leaf: 40]
[min_sum_hessian_in_leaf: 0.001]
[bagging_fraction: 0.8]
[pos_bagging_fraction: 1]
[neg_bagging_fraction: 1]
[bagging_freq: 0]
[bagging_seed: 400]
[bagging_by_query: 0]
[feature_fraction: 0.8]
[feature_fraction_bynode: 1]
[feature_fraction_seed: 30056]
[extra_trees: 0]
[extra_seed: 12879]
[early_stopping_round: 0]
[early_stopping_min_delta: 0]
[first_metric_only: 0]
[max_delta_step: 0]
[lambda_l1: 0]
[lambda_l2: 0]
[linear_lambda: 0]
[min_gain_to_split: 0]
[drop_rate: 0.1]
[max_drop: 50]
[skip_drop: 0.5]
[xgboost_dart_mode: 0]
[uniform_drop: 0]
[drop_seed: 17869]
[top_rate: 0.2]
[other_rate: 0.1]
[min_data_per_group: 100]
[max_cat_threshold: 32]
[cat_l2: 10]
[cat_smooth: 10]
[max_cat_to_onehot: 4]
[top_k: 20]
[monotone_constraints: ]
[monotone_constraints_method: basic]
[monotone_penalty: 0]
[feature_contri: ]
[forcedsplits_filename: ]
[refit_decay_rate: 0.9]
[cegb_tradeoff: 1]
[cegb_penalty_split: 0]
[cegb_penalty_feature_lazy: ]
[cegb_penalty_feature_coupled: ]
[path_smooth: 0]
[interaction_constraints: ]
[verbosity: -1]
[saved_feature_importance_type: 0]
[use_quantized_grad: 0]
[num_grad_quant_bins: 4]
[quant_train_renew_leaf: 0]
[stochastic_rounding: 1]
[linear_tree: 0]
[max_bin: 255]
[max_bin_by_feature: ]
[min_data_in_bin: 3]
[bin_construct_sample_cnt: 200000]
[data_random_seed: 175]
[is_enable_sparse: 1]
[enable_bundle: 1]
[use_missing: 1]
[zero_as_missing: 0]
[feature_pre_filter: 1]
[pre_partition: 0]
[two_round: 0]
[header: 0]
[label_column: ]
[weight_column: ]
[group_column: ]
[ignore_column: ]
[categorical_feature: 0,1,2,3]
[forcedbins_filename: ]
[precise_float_parser: 0]
[parser_config_file: ]
[objective_seed: 16083]
[num_class: 1]
[is_unbalance: 0]
[scale_pos_weight: 1]
[sigmoid: 1]
[boost_from_average: 1]
[reg_sqrt: 0]
[alpha: 0.9]
[fair_c: 1]
[poisson_max_delta_step: 0.7]
[tweedie_variance_power: 1.5]
[lambdarank_truncation_level: 30]
[lambdarank_norm: 1]
[label_gain: ]
[lambdarank_position_bias_regularization: 0]
[eval_at: ]
[multi_error_top_k: 1]
[auc_mu_weights: ]
[num_machines: 1]
[local_listen_port: 12400]
[time_out: 120]
[machine_list_filename: ]
[machines: ]
[gpu_platform_id: -1]
[gpu_device_id: -1]
[gpu_device_id_list: ]
[gpu_use_dp: 0]
[num_gpu: 1]

end of parameters

pandas_categorical:[["\u0e04\u0e25\u0e2d\u0e07\u0e2a\u0e32\u0e19", "\u0e04\u0e25\u0e2d\u0e07\u0e2a\u0e32\u0e21\u0e27\u0e32", "\u0e04\u0e25\u0e2d\u0e07\u0e40\u0e15\u0e22", "\u0e04\u0e31\u0e19\u0e19\u0e32\u0e22\u0e32\u0e27", "\u0e08\u0e15\u0e38\u0e08\u0e31\u0e01\u0e23", "\u0e08\u0e2d\u0e21\u0e17\u0e2d\u0e07", "\u0e14\u0e2d\u0e19\u0e40\u0e21\u0e37\u0e2d\u0e07", "\u0e14\u0e34\u0e19\u0e41\u0e14\u0e07", "\u0e14\u0e38\u0e2a\u0e34\u0e15", "\u0e15\u0e25\u0e34\u0e48\u0e07\u0e0a\u0e31\u0e19", "\u0e17\u0e27\u0e35\u0e27\u0e31\u0e12\u0e19\u0e32", "\u0e17\u0e38\u0e48\u0e07\u0e04\u0e23\u0e38", "\u0e17\u0e48\u0e32\u0e21\u0e48\u0e27\u0e07", "\u0e18\u0e19\u0e1a\u0e38\u0e23\u0e35", "\u0e1a\u0e32\u0e07\u0e01\u0e23\u0e27\u0e22", "\u0e1a\u0e32\u0e07\u0e01\u0e2d\u0e01\u0e19\u0e49\u0e2d\u0e22", "\u0e1a\u0e32\u0e07\u0e01\u0e2d\u0e01\u0e43\u0e2b\u0e0d\u0e48", "\u0e1a\u0e32\u0e07\u0e01\u0e30\u0e1b\u0e34", "\u0e1a\u0e32\u0e07\u0e02\u0e38\u0e19\u0e40\u0e17\u0e35\u0e22\u0e19", "\u0e1a\u0e32\u0e07\u0e04\u0e2d\u0e41\u0e2b\u0e25\u0e21", "\u0e1a\u0e32\u0e07\u0e0b\u0e37\u0e48\u0e2d", "\u0e1a\u0e32\u0e07\u0e19\u0e32", "\u0e1a\u0e32\u0e07\u0e19\u0e49\u0e33\u0e40\u0e1b\u0e23\u0e35\u0e49\u0e22\u0e27", "\u0e1a\u0e32\u0e07\u0e1a\u0e2d\u0e19", "\u0e1a\u0e32\u0e07\u0e1a\u0e31\u0e27\u0e17\u0e2d\u0e07", "\u0e1a\u0e32\u0e07\u0e1e\u0e25\u0e31\u0e14", "\u0e1a\u0e32\u0e07\u0e23\u0e31\u0e01", "\u0e1a\u0e32\u0e07\u0e40\u0e02\u0e19", "\u0e1a\u0e32\u0e07\u0e40\u0e2a\u0e32\u0e18\u0e07", "\u0e1a\u0e32\u0e07\u0e41\u0e04", "\u0e1a\u0e36\u0e07\u0e01\u0e38\u0e48\u0e21", "\u0e1b\u0e17\u0e38\u0e21\u0e27\u0e31\u0e19", "\u0e1b\u0e23\u0e30\u0e40\u0e27\u0e28", "\u0e1b\u0e32\u0e01\u0e40\u0e01\u0e23\u0e47\u0e14", "\u0e1b\u0e49\u0e2d\u0e21\u0e1b\u0e23\u0e32\u0e1a\u0e28\u0e31\u0e15\u0e23\u0e39\u0e1e\u0e48\u0e32\u0e22", "\u0e1e\u0e0d\u0e32\u0e44\u0e17", "\u0e1e\u0e23\u0e30\u0e19\u0e04\u0e23", "\u0e1e\u0e23\u0e30\u0e1b\u0e23\u0e30\u0e41\u0e14\u0e07", "\u0e1e\u0e23\u0e30\u0e42\u0e02\u0e19\u0e07", "\u0e1e\u0e38\u0e17\u0e18\u0e21\u0e13\u0e11\u0e25", "\u0e1e\u0e38\u0e19\u0e1e\u0e34\u0e19", "\u0e20\u0e32\u0e29\u0e35\u0e40\u0e08\u0e23\u0e34\u0e0d", "\u0e21\u0e35\u0e19\u0e1a\u0e38\u0e23\u0e35", "\u0e22\u0e32\u0e19\u0e19\u0e32\u0e27\u0e32", "\u0e23\u0e32\u0e0a\u0e40\u0e17\u0e27\u0e35", "\u0e23\u0e32\u0e29\u0e0e\u0e23\u0e4c\u0e1a\u0e39\u0e23\u0e13\u0e30", "\u0e25\u0e32\u0e14\u0e01\u0e23\u0e30\u0e1a\u0e31\u0e07", "\u0e25\u0e32\u0e14\u0e1e\u0e23\u0e49\u0e32\u0e27", "\u0e25\u0e33\u0e25\u0e39\u0e01\u0e01\u0e32", "\u0e27\u0e31\u0e07\u0e17\u0e2d\u0e07\u0e2b\u0e25\u0e32\u0e07", "\u0e27\u0e31\u0e12\u0e19\u0e32", "\u0e2a\u0e27\u0e19\u0e2b\u0e25\u0e27\u0e07", "\u0e2a\u0e30\u0e1e\u0e32\u0e19\u0e2a\u0e39\u0e07", "\u0e2a\u0e31\u0e21\u0e1e\u0e31\u0e19\u0e18\u0e27\u0e07\u0e28\u0e4c", "\u0e2a\u0e32\u0e17\u0e23", "\u0e2a\u0e32\u0e22\u0e44\u0e2b\u0e21", "\u0e2b\u0e19\u0e2d\u0e07\u0e08\u0e2d\u0e01", "\u0e2b\u0e19\u0e2d\u0e07\u0e41\u0e02\u0e21", "\u0e2b\u0e25\u0e31\u0e01\u0e2a\u0e35\u0e48", "\u0e2b\u0e49\u0e27\u0e22\u0e02\u0e27\u0e32\u0e07", "\u0e40\u0e21\u0e37\u0e2d\u0e07\u0e19\u0e19\u0e17\u0e1a\u0e38\u0e23\u0e35", "\u0e40\u0e21\u0e37\u0e2d\u0e07\u0e1b\u0e17\u0e38\u0e21\u0e18\u0e32\u0e19\u0e35", "\u0e40\u0e21\u0e37\u0e2d\u0e07\u0e23\u0e32\u0e0a\u0e1a\u0e38\u0e23\u0e35", "\u0e40\u0e21\u0e37\u0e2d\u0e07\u0e2a\u0e21\u0e38\u0e17\u0e23\u0e1b\u0e23\u0e32\u0e01\u0e32\u0e23", "\u0e40\u0e21\u0e37\u0e2d\u0e07\u0e2a\u0e21\u0e38\u0e17\u0e23\u0e2a\u0e32\u0e04\u0e23", "\u0e40\u0e21\u0e37\u0e2d\u0e07\u0e40\u0e0a\u0e35\u0e22\u0e07\u0e43\u0e2b\u0e21\u0e48"], ["BEST", "\u0e01\u0e23\u0e30\u0e17\u0e33\u0e1c\u0e34\u0e14\u0e43\u0e19\u0e17\u0e35\u0e48\u0e2a\u0e32\u0e18\u0e32\u0e23\u0e13\u0e30", "\u0e01\u0e23\u0e38\u0e07\u0e40\u0e17\u0e1e\u0e42\u0e1b\u0e23\u0e48\u0e07\u0e43\u0e2a", "\u0e01\u0e25\u0e49\u0e2d\u0e07\u0e42\u0e17\u0e23\u0e17\u0e31\u0e28\u0e19\u0e4c\u0e27\u0e07\u0e08\u0e23\u0e1b\u0e34\u0e14 (CCTV)", "\u0e01\u0e32\u0e23\u0e04\u0e38\u0e49\u0e21\u0e04\u0e23\u0e2d\u0e07\u0e1c\u0e39\u0e49\u0e1a\u0e23\u0e34\u0e42\u0e20\u0e04", "\u0e01\u0e32\u0e23\u0e1a\u0e23\u0e34\u0e2b\u0e32\u0e23\u0e07\u0e32\u0e19\u0e1a\u0e38\u0e04\u0e04\u0e25", "\u0e02\u0e22\u0e30", "\u0e02\u0e22\u0e30\u0e41\u0e25\u0e30\u0e2a\u0e34\u0e48\u0e07\u0e1b\u0e0f\u0e34\u0e01\u0e39\u0e25", "\u0e02\u0e2d\u0e04\u0e27\u0e32\u0e21\u0e0a\u0e48\u0e27\u0e22\u0e40\u0e2b\u0e25\u0e37\u0e2d", "\u0e02\u0e2d\u0e43\u0e0a\u0e49\u0e1a\u0e23\u0e34\u0e01\u0e32\u0e23", "\u0e02\u0e2d\u0e43\u0e2b\u0e49\u0e14\u0e33\u0e40\u0e19\u0e34\u0e19\u0e01\u0e32\u0e23\u0e01\u0e31\u0e1a\u0e2a\u0e31\u0e15\u0e27\u0e4c\u0e40\u0e25\u0e37\u0e49\u0e2d\u0e22\u0e04\u0e25\u0e32\u0e19 \u0e2a\u0e31\u0e15\u0e27\u0e4c\u0e21\u0e35\u0e1e\u0e34\u0e29", "\u0e02\u0e36\u0e49\u0e19\u0e17\u0e30\u0e40\u0e1a\u0e35\u0e22\u0e19&\u0e2a\u0e33\u0e23\u0e27\u0e08", "\u0e02\u0e49\u0e2d\u0e40\u0e2a\u0e19\u0e2d\u0e41\u0e19\u0e30", "\u0e04\u0e19\u0e40\u0e23\u0e48\u0e23\u0e48\u0e2d\u0e19", "\u0e04\u0e27\u0e31\u0e19\u0e14\u0e33", "\u0e04\u0e27\u0e32\u0e21\u0e1b\u0e25\u0e2d\u0e14\u0e20\u0e31\u0e22", "\u0e04\u0e27\u0e32\u0e21\u0e2a\u0e30\u0e2d\u0e32\u0e14", "\u0e08\u0e23\u0e32\u0e08\u0e23", "\u0e08\u0e38\u0e14\u0e40\u0e2a\u0e35\u0e48\u0e22\u0e07", "\u0e08\u0e38\u0e14\u0e40\u0e2a\u0e35\u0e48\u0e22\u0e07/\u0e08\u0e38\u0e14\u0e2d\u0e31\u0e19\u0e15\u0e23\u0e32\u0e22", "\u0e15\u0e49\u0e19\u0e44\u0e21\u0e49", "\u0e15\u0e49\u0e19\u0e44\u0e21\u0e49\u0e41\u0e25\u0e30\u0e2a\u0e27\u0e19\u0e2a\u0e32\u0e18\u0e32\u0e23\u0e13\u0e30", "\u0e16\u0e19\u0e19", "\u0e16\u0e31\u0e07\u0e14\u0e31\u0e1a\u0e40\u0e1e\u0e25\u0e34\u0e07/\u0e1b\u0e23\u0e30\u0e1b\u0e32\u0e2b\u0e31\u0e27\u0e41\u0e14\u0e07", "\u0e17\u0e31\u0e48\u0e27\u0e44\u0e1b", "\u0e17\u0e32\u0e07\u0e40\u0e17\u0e49\u0e32", "\u0e17\u0e35\u0e48\u0e1e\u0e31\u0e01\u0e1c\u0e39\u0e49\u0e42\u0e14\u0e22\u0e2a\u0e32\u0e23", "\u0e17\u0e38\u0e08\u0e23\u0e34\u0e15", "\u0e17\u0e48\u0e2d\u0e23\u0e30\u0e1a\u0e32\u0e22\u0e19\u0e49\u0e33", "\u0e19\u0e49\u0e33\u0e17\u0e48\u0e27\u0e21", "\u0e1a\u0e23\u0e34\u0e01\u0e32\u0e23\u0e2a\u0e32\u0e18\u0e32\u0e23\u0e13\u0e30\u0e02\u0e2d\u0e07\u0e2b\u0e19\u0e48\u0e27\u0e22\u0e07\u0e32\u0e19\u0e43\u0e19\u0e2a\u0e31\u0e07\u0e01\u0e31\u0e14\u0e01\u0e23\u0e38\u0e07\u0e40\u0e17\u0e1e\u0e21\u0e2b\u0e32\u0e19\u0e04\u0e23", "\u0e1a\u0e32\u0e17\u0e27\u0e34\u0e16\u0e35", "\u0e1b\u0e23\u0e30\u0e1b\u0e32", "\u0e1b\u0e31\u0e0d\u0e2b\u0e32\u0e04\u0e27\u0e32\u0e21\u0e40\u0e14\u0e37\u0e2d\u0e14\u0e23\u0e49\u0e2d\u0e19\u0e08\u0e32\u0e01\u0e01\u0e32\u0e23\u0e14\u0e33\u0e40\u0e19\u0e34\u0e19\u0e01\u0e32\u0e23\u0e02\u0e2d\u0e07\u0e23\u0e31\u0e10", "\u0e1b\u0e31\u0e0d\u0e2b\u0e32\u0e17\u0e35\u0e48\u0e2a\u0e48\u0e07\u0e1c\u0e25\u0e01\u0e23\u0e30\u0e17\u0e1a\u0e01\u0e31\u0e1a\u0e01\u0e32\u0e23\u0e08\u0e23\u0e32\u0e08\u0e23", "\u0e1b\u0e31\u0e0d\u0e2b\u0e32\u0e2a\u0e31\u0e07\u0e04\u0e21", "\u0e1b\u0e49\u0e32\u0e22\u0e42\u0e06\u0e29\u0e13\u0e32", "\u0e1c\u0e34\u0e14\u0e01\u0e0e\u0e08\u0e23\u0e32\u0e08\u0e23", "\u0e1c\u0e34\u0e14\u0e01\u0e0f\u0e08\u0e23\u0e32\u0e08\u0e23", "\u0e1c\u0e39\u0e49\u0e1e\u0e34\u0e01\u0e32\u0e23+\u0e43\u0e0a\u0e49\u0e25\u0e49\u0e2d", "\u0e1d\u0e38\u0e48\u0e19\u0e04\u0e27\u0e31\u0e19&\u0e01\u0e25\u0e34\u0e48\u0e19&PM2.5", "\u0e20\u0e31\u0e22\u0e17\u0e32\u0e07\u0e16\u0e19\u0e19", "\u0e20\u0e31\u0e22\u0e2d\u0e2d\u0e19\u0e44\u0e25\u0e19\u0e4c", "\u0e20\u0e31\u0e22\u0e2d\u0e37\u0e48\u0e19\u0e46", "\u0e22\u0e32\u0e40\u0e2a\u0e1e\u0e15\u0e34\u0e14", "\u0e27\u0e34\u0e19\u0e21\u0e2d\u0e44\u0e0b\u0e04\u0e4c", "\u0e2a\u0e30\u0e1e\u0e32\u0e19", "\u0e2a\u0e31\u0e15\u0e27\u0e4c", "\u0e2a\u0e32\u0e18\u0e32\u0e23\u0e13\u0e39\u0e1b\u0e42\u0e20\u0e04", "\u0e2a\u0e32\u0e22\u0e2a\u0e37\u0e48\u0e2d\u0e2a\u0e32\u0e23", "\u0e2a\u0e38\u0e02\u0e20\u0e32\u0e1e & \u0e1a\u0e31\u0e15\u0e23\u0e17\u0e2d\u0e07", "\u0e2b\u0e32\u0e1a\u0e40\u0e23\u0e48\u0e41\u0e1c\u0e07\u0e25\u0e2d\u0e22", "\u0e2d\u0e31\u0e04\u0e04\u0e35\u0e20\u0e31\u0e22", "\u0e2d\u0e32\u0e04\u0e32\u0e23", "\u0e2d\u0e32\u0e04\u0e32\u0e23\u0e2a\u0e16\u0e32\u0e19\u0e17\u0e35\u0e48\u0e0a\u0e33\u0e23\u0e38\u0e14", "\u0e2d\u0e37\u0e48\u0e19\u0e46", "\u0e2d\u0e38\u0e17\u0e01\u0e20\u0e31\u0e22", "\u0e2d\u0e38\u0e1a\u0e31\u0e15\u0e34\u0e40\u0e2b\u0e15\u0e38", "\u0e2d\u0e38\u0e1b\u0e01\u0e23\u0e13\u0e4c\u0e0a\u0e33\u0e23\u0e38\u0e14", "\u0e40\u0e02\u0e37\u0e48\u0e2d\u0e19 \u0e04\u0e39\u0e04\u0e25\u0e2d\u0e07", "\u0e40\u0e1c\u0e32\u0e43\u0e19\u0e17\u0e35\u0e48\u0e42\u0e25\u0e48\u0e07", "\u0e40\u0e23\u0e37\u0e48\u0e2d\u0e07\u0e09\u0e38\u0e01\u0e40\u0e09\u0e34\u0e19", "\u0e40\u0e23\u0e37\u0e48\u0e2d\u0e07\u0e23\u0e49\u0e2d\u0e07\u0e17\u0e38\u0e01\u0e02\u0e4c\u0e1b\u0e23\u0e30\u0e40\u0e20\u0e17\u0e2d\u0e37\u0e48\u0e19 \u0e46 - \u0e40\u0e23\u0e37\u0e48\u0e2d\u0e07\u0e23\u0e49\u0e2d\u0e07\u0e40\u0e23\u0e35\u0e22\u0e19\u0e17\u0e35\u0e48\u0e44\u0e21\u0e48\u0e2a\u0e32\u0e21\u0e32\u0e23\u0e16\u0e08\u0e31\u0e14\u0e40\u0e02\u0e49\u0e32\u0e1b\u0e23\u0e30\u0e40\u0e20\u0e17\u0e43\u0e14", "\u0e40\u0e25\u0e37\u0e2d\u0e01\u0e15\u0e31\u0e49\u0e07", "\u0e40\u0e2a\u0e19\u0e2d\u0e41\u0e19\u0e30", "\u0e40\u0e2a\u0e35\u0e22\u0e07", "\u0e40\u0e2b\u0e15\u0e38\u0e40\u0e14\u0e37\u0e2d\u0e14\u0e23\u0e49\u0e2d\u0e19\u0e23\u0e33\u0e04\u0e32\u0e0d", "\u0e41\u0e17\u0e47\u0e01\u0e0b\u0e35\u0e48/\u0e23\u0e16\u0e40\u0e21\u0e25\u0e4c", "\u0e42\u0e23\u0e07\u0e40\u0e23\u0e35\u0e22\u0e19", "\u0e44\u0e1f\u0e1b\u0e48\u0e32", "\u0e44\u0e1f\u0e1f\u0e49\u0e32"], ["BEST", "Bus Line / \u0e08\u0e2d\u0e41\u0e2a\u0e14\u0e07\u0e1c\u0e25 LED \u0e02\u0e2d\u0e07\u0e17\u0e35\u0e48\u0e1e\u0e31\u0e01\u0e1c\u0e39\u0e49\u0e42\u0e14\u0e22\u0e2a\u0e32\u0e23", "\u0e01\u0e23\u0e30\u0e17\u0e33\u0e1c\u0e34\u0e14\u0e43\u0e19\u0e17\u0e35\u0e48\u0e2a\u0e32\u0e18\u0e32\u0e23\u0e13\u0e30", "\u0e01\u0e23\u0e38\u0e07\u0e40\u0e17\u0e1e\u0e42\u0e1b\u0e23\u0e48\u0e07\u0e43\u0e2a", "\u0e01\u0e25\u0e34\u0e48\u0e19", "\u0e01\u0e25\u0e48\u0e32\u0e27\u0e42\u0e17\u0e29\u0e40\u0e08\u0e49\u0e32\u0e2b\u0e19\u0e49\u0e32\u0e17\u0e35\u0e48", "\u0e01\u0e25\u0e49\u0e2d\u0e07\u0e42\u0e17\u0e23\u0e17\u0e31\u0e28\u0e19\u0e4c\u0e27\u0e07\u0e08\u0e23\u0e1b\u0e34\u0e14 (CCTV)", "\u0e01\u0e32\u0e23\u0e04\u0e38\u0e49\u0e21\u0e04\u0e23\u0e2d\u0e07\u0e1c\u0e39\u0e49\u0e1a\u0e23\u0e34\u0e42\u0e20\u0e04", "\u0e01\u0e32\u0e23\u0e08\u0e31\u0e14\u0e23\u0e30\u0e40\u0e1a\u0e35\u0e22\u0e1a\u0e2a\u0e32\u0e22\u0e2a\u0e37\u0e48\u0e2d\u0e2a\u0e32\u0e23", "\u0e01\u0e32\u0e23\u0e1a\u0e23\u0e34\u0e2b\u0e32\u0e23\u0e07\u0e32\u0e19\u0e1a\u0e38\u0e04\u0e04\u0e25", "\u0e01\u0e32\u0e23\u0e1a\u0e23\u0e34\u0e2b\u0e32\u0e23\u0e08\u0e31\u0e14\u0e01\u0e32\u0e23\u0e02\u0e2d\u0e07\u0e2b\u0e19\u0e48\u0e27\u0e22\u0e07\u0e32\u0e19", "\u0e01\u0e32\u0e23\u0e23\u0e30\u0e1a\u0e32\u0e22\u0e19\u0e49\u0e33\u0e17\u0e34\u0e49\u0e07\u0e25\u0e07\u0e43\u0e19\u0e16\u0e19\u0e19 \u0e2b\u0e23\u0e37\u0e2d\u0e1a\u0e49\u0e32\u0e19\u0e02\u0e2d\u0e07\u0e1c\u0e39\u0e49\u0e2d\u0e37\u0e48\u0e19", "\u0e01\u0e32\u0e23\u0e43\u0e2b\u0e49\u0e1a\u0e23\u0e34\u0e01\u0e32\u0e23\u0e02\u0e2d\u0e07\u0e40\u0e08\u0e49\u0e32\u0e2b\u0e19\u0e49\u0e32\u0e17\u0e35\u0e48", "\u0e02\u0e22\u0e30", "\u0e02\u0e22\u0e30\u0e15\u0e01\u0e04\u0e49\u0e32\u0e07", "\u0e02\u0e22\u0e30\u0e15\u0e01\u0e2b\u0e25\u0e48\u0e19", "\u0e02\u0e22\u0e30\u0e41\u0e25\u0e30\u0e2a\u0e34\u0e48\u0e07\u0e1b\u0e0f\u0e34\u0e01\u0e39\u0e25", "\u0e02\u0e2d\u0e01\u0e23\u0e30\u0e2a\u0e2d\u0e1a\u0e17\u0e23\u0e32\u0e22\u0e40\u0e1e\u0e37\u0e48\u0e2d\u0e01\u0e48\u0e2d\u0e2a\u0e23\u0e49\u0e32\u0e07\u0e41\u0e19\u0e27\u0e1b\u0e49\u0e2d\u0e07\u0e01\u0e31\u0e19\u0e19\u0e49\u0e33\u0e17\u0e48\u0e27\u0e21", "\u0e02\u0e2d\u0e04\u0e27\u0e32\u0e21\u0e0a\u0e48\u0e27\u0e22\u0e40\u0e2b\u0e25\u0e37\u0e2d", "\u0e02\u0e2d\u0e04\u0e27\u0e32\u0e21\u0e40\u0e1b\u0e47\u0e19\u0e18\u0e23\u0e23\u0e21", "\u0e02\u0e2d\u0e0b\u0e48\u0e2d\u0e21\u0e40\u0e1b\u0e25\u0e35\u0e48\u0e22\u0e19", "\u0e02\u0e2d\u0e17\u0e32\u0e19", "\u0e02\u0e2d\u0e19\u0e49\u0e33\u0e1b\u0e23\u0e30\u0e1b\u0e32", "\u0e02\u0e2d\u0e2a\u0e33\u0e40\u0e19\u0e32\u0e44\u0e1f\u0e25\u0e4c\u0e20\u0e32\u0e1e\u0e08\u0e32\u0e01\u0e01\u0e25\u0e49\u0e2d\u0e07\u0e42\u0e17\u0e23\u0e17\u0e31\u0e28\u0e19\u0e4c\u0e27\u0e07\u0e08\u0e23\u0e1b\u0e34\u0e14 (CCTV)", "\u0e02\u0e2d\u0e43\u0e0a\u0e49\u0e1a\u0e23\u0e34\u0e01\u0e32\u0e23", "\u0e02\u0e2d\u0e43\u0e2b\u0e49\u0e01\u0e33\u0e2b\u0e19\u0e14\u0e08\u0e38\u0e14\u0e2b\u0e22\u0e38\u0e14\u0e23\u0e16\u0e42\u0e14\u0e22\u0e2a\u0e32\u0e23\u0e1b\u0e23\u0e30\u0e08\u0e33\u0e17\u0e32\u0e07", "\u0e02\u0e2d\u0e43\u0e2b\u0e49\u0e01\u0e48\u0e2d\u0e2a\u0e23\u0e49\u0e32\u0e07 \u0e1b\u0e23\u0e31\u0e1a\u0e1b\u0e23\u0e38\u0e07 \u0e2b\u0e23\u0e37\u0e2d\u0e02\u0e22\u0e32\u0e22\u0e17\u0e48\u0e2d\u0e1b\u0e23\u0e30\u0e1b\u0e32", "\u0e02\u0e2d\u0e43\u0e2b\u0e49\u0e01\u0e48\u0e2d\u0e2a\u0e23\u0e49\u0e32\u0e07\u0e17\u0e35\u0e48\u0e1e\u0e31\u0e01\u0e1c\u0e39\u0e49\u0e42\u0e14\u0e22\u0e2a\u0e32\u0e23", "\u0e02\u0e2d\u0e43\u0e2b\u0e49\u0e02\u0e38\u0e14\u0e25\u0e2d\u0e01 \u0e04\u0e39\u0e04\u0e25\u0e2d\u0e07", "\u0e02\u0e2d\u0e43\u0e2b\u0e49\u0e02\u0e38\u0e14\u0e25\u0e2d\u0e01\u0e17\u0e48\u0e2d\u0e23\u0e30\u0e1a\u0e32\u0e22\u0e19\u0e49\u0e33", "\u0e02\u0e2d\u0e43\u0e2b\u0e49\u0e08\u0e31\u0e14\u0e23\u0e30\u0e40\u0e1a\u0e35\u0e22\u0e1a\u0e2b\u0e32\u0e1a\u0e40\u0e23\u0e48 \u0e41\u0e1c\u0e07\u0e25\u0e2d\u0e22", "\u0e02\u0e2d\u0e43\u0e2b\u0e49\u0e08\u0e31\u0e14\u0e40\u0e01\u0e47\u0e1a\u0e02\u0e22\u0e30\u0e0a\u0e34\u0e49\u0e19\u0e43\u0e2b\u0e0d\u0e48 / \u0e02\u0e22\u0e30\u0e2a\u0e48\u0e27\u0e19\u0e40\u0e01\u0e34\u0e19", "\u0e02\u0e2d\u0e43\u0e2b\u0e49\u0e0b\u0e48\u0e2d\u0e21\u0e41\u0e0b\u0e21 \u0e1a\u0e33\u0e23\u0e38\u0e07\u0e23\u0e31\u0e01\u0e29\u0e32 \u0e01\u0e25\u0e49\u0e2d\u0e07\u0e42\u0e17\u0e23\u0e17\u0e31\u0e28\u0e19\u0e4c\u0e27\u0e07\u0e08\u0e23\u0e1b\u0e34\u0e14 (CCTV)", "\u0e02\u0e2d\u0e43\u0e2b\u0e49\u0e14\u0e33\u0e40\u0e19\u0e34\u0e19\u0e01\u0e32\u0e23\u0e01\u0e31\u0e1a\u0e19\u0e01", "\u0e02\u0e2d\u0e43\u0e2b\u0e49\u0e14\u0e33\u0e40\u0e19\u0e34\u0e19\u0e01\u0e32\u0e23\u0e01\u0e31\u0e1a\u0e1c\u0e39\u0e49\u0e01\u0e48\u0e2d\u0e2a\u0e23\u0e49\u0e32\u0e07\u0e2b\u0e23\u0e37\u0e2d\u0e15\u0e48\u0e2d\u0e40\u0e15\u0e34\u0e21\u0e2d\u0e32\u0e04\u0e32\u0e23\u0e1c\u0e34\u0e14\u0e41\u0e1a\u0e1a\u0e17\u0e35\u0e48\u0e02\u0e2d\u0e2d\u0e19\u0e38\u0e0d\u0e32\u0e15", "\u0e02\u0e2d\u0e43\u0e2b\u0e49\u0e14\u0e33\u0e40\u0e19\u0e34\u0e19\u0e01\u0e32\u0e23\u0e01\u0e31\u0e1a\u0e1c\u0e39\u0e49\u0e01\u0e48\u0e2d\u0e2a\u0e23\u0e49\u0e32\u0e07\u0e2b\u0e23\u0e37\u0e2d\u0e15\u0e48\u0e2d\u0e40\u0e15\u0e34\u0e21\u0e2d\u0e32\u0e04\u0e32\u0e23\u0e42\u0e14\u0e22\u0e44\u0e21\u0e48\u0e44\u0e14\u0e49\u0e23\u0e31\u0e1a\u0e2d\u0e19\u0e38\u0e0d\u0e32\u0e15", "\u0e02\u0e2d\u0e43\u0e2b\u0e49\u0e14\u0e33\u0e40\u0e19\u0e34\u0e19\u0e01\u0e32\u0e23\u0e01\u0e31\u0e1a\u0e1c\u0e39\u0e49\u0e02\u0e31\u0e1a\u0e02\u0e35\u0e48\u0e23\u0e16 / \u0e08\u0e2d\u0e14\u0e23\u0e16\u0e1a\u0e19\u0e17\u0e32\u0e07\u0e40\u0e17\u0e49\u0e32", "\u0e02\u0e2d\u0e43\u0e2b\u0e49\u0e14\u0e33\u0e40\u0e19\u0e34\u0e19\u0e01\u0e32\u0e23\u0e01\u0e31\u0e1a\u0e1c\u0e39\u0e49\u0e08\u0e2d\u0e14\u0e23\u0e16\u0e01\u0e35\u0e14\u0e02\u0e27\u0e32\u0e07", "\u0e02\u0e2d\u0e43\u0e2b\u0e49\u0e14\u0e33\u0e40\u0e19\u0e34\u0e19\u0e01\u0e32\u0e23\u0e01\u0e31\u0e1a\u0e1c\u0e39\u0e49\u0e15\u0e31\u0e49\u0e07\u0e27\u0e32\u0e07\u0e2a\u0e34\u0e48\u0e07\u0e02\u0e2d\u0e07\u0e01\u0e35\u0e14\u0e02\u0e27\u0e32\u0e07", "\u0e02\u0e2d\u0e43\u0e2b\u0e49\u0e14\u0e33\u0e40\u0e19\u0e34\u0e19\u0e01\u0e32\u0e23\u0e01\u0e31\u0e1a\u0e1c\u0e39\u0e49\u0e40\u0e17\u0e19\u0e49\u0e33 \u0e19\u0e49\u0e33\u0e21\u0e31\u0e19 \u0e2b\u0e23\u0e37\u0e2d\u0e17\u0e34\u0e49\u0e07\u0e40\u0e28\u0e29\u0e2a\u0e34\u0e48\u0e07\u0e02\u0e2d\u0e07\u0e43\u0e19\u0e17\u0e48\u0e2d\u0e23\u0e30\u0e1a\u0e32\u0e22\u0e19\u0e49\u0e33", "\u0e02\u0e2d\u0e43\u0e2b\u0e49\u0e14\u0e33\u0e40\u0e19\u0e34\u0e19\u0e01\u0e32\u0e23\u0e01\u0e31\u0e1a\u0e22\u0e38\u0e07", "\u0e02\u0e2d\u0e43\u0e2b\u0e49\u0e14\u0e33\u0e40\u0e19\u0e34\u0e19\u0e01\u0e32\u0e23\u0e01\u0e31\u0e1a\u0e27\u0e31\u0e2a\u0e14\u0e38\u0e15\u0e01\u0e2b\u0e25\u0e48\u0e19\u0e1a\u0e19\u0e1c\u0e34\u0e27\u0e08\u0e23\u0e32\u0e08\u0e23", "\u0e02\u0e2d\u0e43\u0e2b\u0e49\u0e14\u0e33\u0e40\u0e19\u0e34\u0e19\u0e01\u0e32\u0e23\u0e01\u0e31\u0e1a\u0e2a\u0e31\u0e15\u0e27\u0e4c\u0e40\u0e25\u0e37\u0e49\u0e2d\u0e22\u0e04\u0e25\u0e32\u0e19 \u0e2a\u0e31\u0e15\u0e27\u0e4c\u0e21\u0e35\u0e1e\u0e34\u0e29", "\u0e02\u0e2d\u0e43\u0e2b\u0e49\u0e14\u0e33\u0e40\u0e19\u0e34\u0e19\u0e01\u0e32\u0e23\u0e01\u0e31\u0e1a\u0e2a\u0e38\u0e19\u0e31\u0e02", "\u0e02\u0e2d\u0e43\u0e2b\u0e49\u0e14\u0e33\u0e40\u0e19\u0e34\u0e19\u0e01\u0e32\u0e23\u0e01\u0e31\u0e1a\u0e2b\u0e19\u0e39", "\u0e02\u0e2d\u0e43\u0e2b\u0e49\u0e14\u0e33\u0e40\u0e19\u0e34\u0e19\u0e01\u0e32\u0e23\u0e01\u0e31\u0e1a\u0e41\u0e21\u0e27", "\u0e02\u0e2d\u0e43\u0e2b\u0e49\u0e14\u0e33\u0e40\u0e19\u0e34\u0e19\u0e01\u0e32\u0e23\u0e1c\u0e39\u0e49\u0e25\u0e31\u0e01\u0e25\u0e2d\u0e1a\u0e44\u0e1f\u0e1f\u0e49\u0e32", "\u0e02\u0e2d\u0e43\u0e2b\u0e49\u0e14\u0e33\u0e40\u0e19\u0e34\u0e19\u0e01\u0e32\u0e23\u0e23\u0e37\u0e49\u0e2d\u0e16\u0e2d\u0e19\u0e2a\u0e34\u0e48\u0e07\u0e01\u0e48\u0e2d\u0e2a\u0e23\u0e49\u0e32\u0e07\u0e23\u0e38\u0e01\u0e25\u0e49\u0e33\u0e17\u0e35\u0e48\u0e2a\u0e32\u0e18\u0e32\u0e23\u0e13\u0e30", "\u0e02\u0e2d\u0e43\u0e2b\u0e49\u0e14\u0e33\u0e40\u0e19\u0e34\u0e19\u0e01\u0e32\u0e23\u0e2a\u0e32\u0e22\u0e42\u0e17\u0e23\u0e28\u0e31\u0e1e\u0e17\u0e4c\u0e17\u0e35\u0e48\u0e44\u0e21\u0e48\u0e40\u0e1b\u0e47\u0e19\u0e23\u0e30\u0e40\u0e1a\u0e35\u0e22\u0e1a", "\u0e02\u0e2d\u0e43\u0e2b\u0e49\u0e14\u0e33\u0e40\u0e19\u0e34\u0e19\u0e01\u0e32\u0e23\u0e41\u0e01\u0e49\u0e44\u0e02\u0e2a\u0e32\u0e22\u0e44\u0e1f\u0e1f\u0e49\u0e32\u0e17\u0e35\u0e48\u0e44\u0e21\u0e48\u0e40\u0e1b\u0e47\u0e19\u0e23\u0e30\u0e40\u0e1a\u0e35\u0e22\u0e1a\u0e40\u0e23\u0e35\u0e22\u0e1a\u0e23\u0e49\u0e2d\u0e22 \u0e2b\u0e23\u0e37\u0e2d\u0e2d\u0e32\u0e08\u0e01\u0e48\u0e2d\u0e43\u0e2b\u0e49\u0e40\u0e01\u0e34\u0e14\u0e2d\u0e31\u0e19\u0e15\u0e23\u0e32\u0e22\u0e41\u0e01\u0e48\u0e1b\u0e23\u0e30\u0e0a\u0e32\u0e0a\u0e19", "\u0e02\u0e2d\u0e43\u0e2b\u0e49\u0e15\u0e23\u0e27\u0e08\u0e2a\u0e2d\u0e1a \u0e41\u0e01\u0e49\u0e44\u0e02\u0e1b\u0e31\u0e0d\u0e2b\u0e32\u0e2d\u0e32\u0e04\u0e32\u0e23\u0e0a\u0e33\u0e23\u0e38\u0e14\u0e21\u0e35\u0e23\u0e2d\u0e22\u0e41\u0e15\u0e01\u0e23\u0e49\u0e32\u0e27\u0e2b\u0e23\u0e37\u0e2d\u0e17\u0e23\u0e38\u0e14\u0e15\u0e31\u0e27", "\u0e02\u0e2d\u0e43\u0e2b\u0e49\u0e15\u0e23\u0e27\u0e08\u0e2a\u0e2d\u0e1a\u0e01\u0e32\u0e23\u0e43\u0e0a\u0e49\u0e41\u0e25\u0e30\u0e40\u0e01\u0e47\u0e1a\u0e2a\u0e32\u0e23\u0e40\u0e04\u0e21\u0e35", "\u0e02\u0e2d\u0e43\u0e2b\u0e49\u0e15\u0e31\u0e14\u0e41\u0e15\u0e48\u0e07\u0e15\u0e49\u0e19\u0e44\u0e21\u0e49 \u0e01\u0e34\u0e48\u0e07\u0e44\u0e21\u0e49", "\u0e02\u0e2d\u0e43\u0e2b\u0e49\u0e15\u0e34\u0e14\u0e15\u0e31\u0e49\u0e07 \u0e0b\u0e48\u0e2d\u0e21\u0e41\u0e0b\u0e21 \u0e40\u0e04\u0e25\u0e37\u0e48\u0e2d\u0e19\u0e22\u0e49\u0e32\u0e22 \u0e01\u0e23\u0e30\u0e08\u0e01\u0e42\u0e04\u0e49\u0e07", "\u0e02\u0e2d\u0e43\u0e2b\u0e49\u0e15\u0e34\u0e14\u0e15\u0e31\u0e49\u0e07 \u0e0b\u0e48\u0e2d\u0e21\u0e41\u0e0b\u0e21 \u0e40\u0e04\u0e25\u0e37\u0e48\u0e2d\u0e19\u0e22\u0e49\u0e32\u0e22 \u0e04\u0e31\u0e19\u0e0a\u0e30\u0e25\u0e2d\u0e04\u0e27\u0e32\u0e21\u0e40\u0e23\u0e47\u0e27", "\u0e02\u0e2d\u0e43\u0e2b\u0e49\u0e15\u0e34\u0e14\u0e15\u0e31\u0e49\u0e07 \u0e0b\u0e48\u0e2d\u0e21\u0e41\u0e0b\u0e21 \u0e40\u0e04\u0e25\u0e37\u0e48\u0e2d\u0e19\u0e22\u0e49\u0e32\u0e22 \u0e1b\u0e49\u0e32\u0e22\u0e08\u0e23\u0e32\u0e08\u0e23", "\u0e02\u0e2d\u0e43\u0e2b\u0e49\u0e15\u0e34\u0e14\u0e15\u0e31\u0e49\u0e07 \u0e0b\u0e48\u0e2d\u0e21\u0e41\u0e0b\u0e21 \u0e40\u0e04\u0e25\u0e37\u0e48\u0e2d\u0e19\u0e22\u0e49\u0e32\u0e22 \u0e2a\u0e31\u0e0d\u0e0d\u0e32\u0e13\u0e44\u0e1f\u0e08\u0e23\u0e32\u0e08\u0e23", "\u0e02\u0e2d\u0e43\u0e2b\u0e49\u0e15\u0e34\u0e14\u0e15\u0e31\u0e49\u0e07 \u0e0b\u0e48\u0e2d\u0e21\u0e41\u0e0b\u0e21 \u0e40\u0e04\u0e25\u0e37\u0e48\u0e2d\u0e19\u0e22\u0e49\u0e32\u0e22 \u0e40\u0e04\u0e23\u0e37\u0e48\u0e2d\u0e07\u0e2b\u0e21\u0e32\u0e22\u0e08\u0e23\u0e32\u0e08\u0e23", "\u0e02\u0e2d\u0e43\u0e2b\u0e49\u0e15\u0e34\u0e14\u0e15\u0e31\u0e49\u0e07 \u0e0b\u0e48\u0e2d\u0e21\u0e41\u0e0b\u0e21 \u0e40\u0e04\u0e25\u0e37\u0e48\u0e2d\u0e19\u0e22\u0e49\u0e32\u0e22\u0e2d\u0e38\u0e1b\u0e01\u0e23\u0e13\u0e4c\u0e04\u0e27\u0e32\u0e21\u0e1b\u0e25\u0e2d\u0e14\u0e20\u0e31\u0e22\u0e14\u0e49\u0e32\u0e19\u0e01\u0e32\u0e23\u0e08\u0e23\u0e32\u0e08\u0e23", "\u0e02\u0e2d\u0e43\u0e2b\u0e49\u0e15\u0e34\u0e14\u0e15\u0e31\u0e49\u0e07 \u0e0b\u0e48\u0e2d\u0e21\u0e41\u0e0b\u0e21 \u0e40\u0e1b\u0e34\u0e14 - \u0e1b\u0e34\u0e14 \u0e40\u0e04\u0e23\u0e37\u0e48\u0e2d\u0e07\u0e2a\u0e39\u0e1a\u0e19\u0e49\u0e33", "\u0e02\u0e2d\u0e43\u0e2b\u0e49\u0e15\u0e34\u0e14\u0e15\u0e31\u0e49\u0e07 \u0e41\u0e25\u0e30\u0e15\u0e23\u0e27\u0e08\u0e2a\u0e2d\u0e1a\u0e23\u0e30\u0e1a\u0e1a\u0e1b\u0e49\u0e2d\u0e07\u0e01\u0e31\u0e19\u0e2d\u0e31\u0e04\u0e04\u0e35\u0e20\u0e31\u0e22\u0e41\u0e25\u0e30\u0e1a\u0e31\u0e19\u0e44\u0e14\u0e2b\u0e19\u0e35\u0e44\u0e1f", "\u0e02\u0e2d\u0e43\u0e2b\u0e49\u0e15\u0e34\u0e14\u0e15\u0e31\u0e49\u0e07\u0e01\u0e25\u0e49\u0e2d\u0e07\u0e42\u0e17\u0e23\u0e17\u0e31\u0e28\u0e19\u0e4c\u0e27\u0e07\u0e08\u0e23\u0e1b\u0e34\u0e14 (CCTV)", "\u0e02\u0e2d\u0e43\u0e2b\u0e49\u0e15\u0e34\u0e14\u0e15\u0e31\u0e49\u0e07\u0e1b\u0e23\u0e30\u0e1b\u0e32\u0e2b\u0e31\u0e27\u0e41\u0e14\u0e07", "\u0e02\u0e2d\u0e43\u0e2b\u0e49\u0e15\u0e34\u0e14\u0e15\u0e31\u0e49\u0e07\u0e40\u0e04\u0e23\u0e37\u0e48\u0e2d\u0e07\u0e1b\u0e49\u0e2d\u0e07\u0e01\u0e31\u0e19\u0e1d\u0e38\u0e48\u0e19\u0e25\u0e30\u0e2d\u0e2d\u0e07\u0e41\u0e25\u0e30\u0e27\u0e31\u0e2a\u0e14\u0e38\u0e15\u0e01\u0e2b\u0e25\u0e48\u0e19 / \u0e40\u0e04\u0e23\u0e37\u0e48\u0e2d\u0e07\u0e1b\u0e49\u0e2d\u0e07\u0e01\u0e31\u0e19\u0e1d\u0e38\u0e48\u0e19\u0e25\u0e30\u0e2d\u0e2d\u0e07\u0e41\u0e25\u0e30\u0e27\u0e31\u0e2a\u0e14\u0e38\u0e15\u0e01\u0e2b\u0e25\u0e48\u0e19\u0e44\u0e21\u0e48\u0e44\u0e14\u0e49\u0e21\u0e32\u0e15\u0e23\u0e10\u0e32\u0e19", "\u0e02\u0e2d\u0e43\u0e2b\u0e49\u0e17\u0e38\u0e1a\u0e23\u0e37\u0e49\u0e2d\u0e1a\u0e32\u0e17\u0e27\u0e34\u0e16\u0e35", "\u0e02\u0e2d\u0e43\u0e2b\u0e49\u0e1a\u0e33\u0e23\u0e38\u0e07\u0e23\u0e31\u0e01\u0e29\u0e32\u0e15\u0e49\u0e19\u0e44\u0e21\u0e49", "\u0e02\u0e2d\u0e43\u0e2b\u0e49\u0e1b\u0e23\u0e31\u0e1a\u0e02\u0e19\u0e32\u0e14\u0e1d\u0e32\u0e17\u0e48\u0e2d\u0e23\u0e30\u0e1a\u0e32\u0e22\u0e19\u0e49\u0e33", "\u0e02\u0e2d\u0e43\u0e2b\u0e49\u0e1b\u0e23\u0e31\u0e1a\u0e02\u0e19\u0e32\u0e14\u0e40\u0e01\u0e32\u0e30\u0e01\u0e25\u0e32\u0e07\u0e16\u0e19\u0e19\u0e40\u0e1e\u0e37\u0e48\u0e2d\u0e02\u0e22\u0e32\u0e22\u0e1c\u0e34\u0e27\u0e01\u0e32\u0e23\u0e08\u0e23\u0e32\u0e08\u0e23", "\u0e02\u0e2d\u0e43\u0e2b\u0e49\u0e1b\u0e23\u0e31\u0e1a\u0e1b\u0e23\u0e38\u0e07\u0e1a\u0e32\u0e17\u0e27\u0e34\u0e16\u0e35\u0e43\u0e2b\u0e49\u0e21\u0e35\u0e23\u0e30\u0e14\u0e31\u0e1a\u0e2a\u0e39\u0e07\u0e02\u0e36\u0e49\u0e19 / \u0e15\u0e48\u0e33\u0e25\u0e07", "\u0e02\u0e2d\u0e43\u0e2b\u0e49\u0e1b\u0e23\u0e31\u0e1a\u0e23\u0e30\u0e14\u0e31\u0e1a\u0e02\u0e2d\u0e1a\u0e1a\u0e48\u0e2d\u0e1e\u0e31\u0e01\u0e23\u0e30\u0e1a\u0e32\u0e22\u0e19\u0e49\u0e33\u0e01\u0e31\u0e1a\u0e1c\u0e34\u0e27\u0e16\u0e19\u0e19", "\u0e02\u0e2d\u0e43\u0e2b\u0e49\u0e1b\u0e34\u0e14 \u0e40\u0e1b\u0e34\u0e14\u0e01\u0e23\u0e30\u0e41\u0e2a\u0e44\u0e1f\u0e1f\u0e49\u0e32", "\u0e02\u0e2d\u0e43\u0e2b\u0e49\u0e1c\u0e48\u0e2d\u0e19\u0e1c\u0e31\u0e19\u0e15\u0e31\u0e49\u0e07\u0e27\u0e32\u0e07\u0e2a\u0e34\u0e48\u0e07\u0e02\u0e2d\u0e07", "\u0e02\u0e2d\u0e43\u0e2b\u0e49\u0e1e\u0e34\u0e08\u0e32\u0e23\u0e13\u0e32\u0e14\u0e33\u0e40\u0e19\u0e34\u0e19\u0e01\u0e32\u0e23\u0e41\u0e01\u0e49\u0e44\u0e02\u0e1b\u0e31\u0e0d\u0e2b\u0e32\u0e08\u0e23\u0e32\u0e08\u0e23\u0e15\u0e34\u0e14\u0e02\u0e31\u0e14", "\u0e02\u0e2d\u0e43\u0e2b\u0e49\u0e21\u0e35\u0e01\u0e32\u0e23\u0e01\u0e48\u0e2d\u0e2a\u0e23\u0e49\u0e32\u0e07\u0e16\u0e19\u0e19", "\u0e02\u0e2d\u0e43\u0e2b\u0e49\u0e21\u0e35\u0e01\u0e32\u0e23\u0e01\u0e48\u0e2d\u0e2a\u0e23\u0e49\u0e32\u0e07\u0e1a\u0e32\u0e17\u0e27\u0e34\u0e16\u0e35", "\u0e02\u0e2d\u0e43\u0e2b\u0e49\u0e21\u0e35\u0e01\u0e32\u0e23\u0e01\u0e48\u0e2d\u0e2a\u0e23\u0e49\u0e32\u0e07\u0e2a\u0e30\u0e1e\u0e32\u0e19", "\u0e02\u0e2d\u0e43\u0e2b\u0e49\u0e21\u0e35\u0e01\u0e32\u0e23\u0e02\u0e22\u0e32\u0e22\u0e16\u0e19\u0e19", "\u0e02\u0e2d\u0e43\u0e2b\u0e49\u0e21\u0e35\u0e01\u0e32\u0e23\u0e0b\u0e48\u0e2d\u0e21\u0e41\u0e0b\u0e21\u0e1a\u0e32\u0e17\u0e27\u0e34\u0e16\u0e35", "\u0e02\u0e2d\u0e43\u0e2b\u0e49\u0e21\u0e35\u0e01\u0e32\u0e23\u0e0b\u0e48\u0e2d\u0e21\u0e41\u0e0b\u0e21\u0e2a\u0e30\u0e1e\u0e32\u0e19", "\u0e02\u0e2d\u0e43\u0e2b\u0e49\u0e21\u0e35\u0e01\u0e32\u0e23\u0e1b\u0e23\u0e31\u0e1a\u0e1b\u0e23\u0e38\u0e07\u0e0b\u0e48\u0e2d\u0e21\u0e41\u0e0b\u0e21\u0e16\u0e19\u0e19", "\u0e02\u0e2d\u0e43\u0e2b\u0e49\u0e21\u0e35\u0e01\u0e32\u0e23\u0e22\u0e49\u0e32\u0e22\u0e2a\u0e30\u0e1e\u0e32\u0e19", "\u0e02\u0e2d\u0e43\u0e2b\u0e49\u0e21\u0e35\u0e44\u0e2b\u0e25\u0e48\u0e17\u0e32\u0e07", "\u0e02\u0e2d\u0e43\u0e2b\u0e49\u0e22\u0e49\u0e32\u0e22\u0e08\u0e38\u0e14\u0e17\u0e34\u0e49\u0e07\u0e02\u0e22\u0e30", "\u0e02\u0e2d\u0e43\u0e2b\u0e49\u0e27\u0e32\u0e07\u0e17\u0e48\u0e2d\u0e23\u0e30\u0e1a\u0e32\u0e22\u0e19\u0e49\u0e33", "\u0e02\u0e2d\u0e43\u0e2b\u0e49\u0e2a\u0e23\u0e49\u0e32\u0e07\u0e2a\u0e30\u0e1e\u0e32\u0e19\u0e17\u0e32\u0e07\u0e40\u0e14\u0e34\u0e19\u0e0a\u0e31\u0e48\u0e27\u0e04\u0e23\u0e32\u0e27", "\u0e02\u0e2d\u0e43\u0e2b\u0e49\u0e2a\u0e39\u0e1a\u0e19\u0e49\u0e33\u0e2d\u0e2d\u0e01", "\u0e02\u0e2d\u0e43\u0e2b\u0e49\u0e40\u0e01\u0e47\u0e1a\u0e02\u0e22\u0e30 \u0e27\u0e31\u0e0a\u0e1e\u0e37\u0e0a \u0e43\u0e19\u0e04\u0e39\u0e04\u0e25\u0e2d\u0e07", "\u0e02\u0e2d\u0e43\u0e2b\u0e49\u0e40\u0e01\u0e47\u0e1a\u0e0b\u0e32\u0e01\u0e23\u0e16\u0e40\u0e01\u0e48\u0e32", "\u0e02\u0e2d\u0e43\u0e2b\u0e49\u0e40\u0e04\u0e25\u0e37\u0e48\u0e2d\u0e19\u0e22\u0e49\u0e32\u0e22\u0e01\u0e25\u0e49\u0e2d\u0e07\u0e42\u0e17\u0e23\u0e17\u0e31\u0e28\u0e19\u0e4c\u0e27\u0e07\u0e08\u0e23\u0e1b\u0e34\u0e14 (CCTV)", "\u0e02\u0e2d\u0e43\u0e2b\u0e49\u0e40\u0e04\u0e25\u0e37\u0e48\u0e2d\u0e19\u0e22\u0e49\u0e32\u0e22\u0e17\u0e35\u0e48\u0e1e\u0e31\u0e01\u0e1c\u0e39\u0e49\u0e42\u0e14\u0e22\u0e2a\u0e32\u0e23/\u0e08\u0e38\u0e14\u0e2b\u0e22\u0e38\u0e14\u0e23\u0e16\u0e42\u0e14\u0e22\u0e2a\u0e32\u0e23\u0e1b\u0e23\u0e30\u0e08\u0e33\u0e17\u0e32\u0e07", "\u0e02\u0e2d\u0e43\u0e2b\u0e49\u0e40\u0e0a\u0e37\u0e48\u0e2d\u0e21\u0e16\u0e19\u0e19", "\u0e02\u0e2d\u0e43\u0e2b\u0e49\u0e40\u0e1b\u0e34\u0e14 \u2013 \u0e1b\u0e34\u0e14\u0e1b\u0e23\u0e30\u0e15\u0e39\u0e23\u0e30\u0e1a\u0e32\u0e22\u0e19\u0e49\u0e33", "\u0e02\u0e2d\u0e43\u0e2b\u0e49\u0e40\u0e1e\u0e34\u0e48\u0e21 / \u0e1b\u0e34\u0e14 - \u0e40\u0e1b\u0e34\u0e14 \u0e08\u0e38\u0e14\u0e01\u0e25\u0e31\u0e1a\u0e23\u0e16", "\u0e02\u0e2d\u0e43\u0e2b\u0e49\u0e40\u0e1e\u0e34\u0e48\u0e21\u0e1e\u0e37\u0e49\u0e19\u0e17\u0e35\u0e48\u0e2a\u0e35\u0e40\u0e02\u0e35\u0e22\u0e27", "\u0e02\u0e2d\u0e43\u0e2b\u0e49\u0e40\u0e23\u0e48\u0e07\u0e01\u0e48\u0e2d\u0e2a\u0e23\u0e49\u0e32\u0e07\u0e1a\u0e32\u0e17\u0e27\u0e34\u0e16\u0e35/\u0e0b\u0e48\u0e2d\u0e21\u0e41\u0e0b\u0e21\u0e1a\u0e32\u0e17\u0e27\u0e34\u0e16\u0e35", "\u0e02\u0e2d\u0e43\u0e2b\u0e49\u0e40\u0e23\u0e48\u0e07\u0e01\u0e48\u0e2d\u0e2a\u0e23\u0e49\u0e32\u0e07\u0e2b\u0e23\u0e37\u0e2d\u0e0b\u0e48\u0e2d\u0e21\u0e41\u0e0b\u0e21\u0e1a\u0e32\u0e17\u0e2a\u0e30\u0e1e\u0e32\u0e19", "\u0e02\u0e2d\u0e43\u0e2b\u0e49\u0e40\u0e23\u0e48\u0e07\u0e14\u0e33\u0e40\u0e19\u0e34\u0e19\u0e01\u0e32\u0e23\u0e01\u0e48\u0e2d\u0e2a\u0e23\u0e49\u0e32\u0e07\u0e16\u0e19\u0e19/\u0e0b\u0e48\u0e2d\u0e21\u0e41\u0e0b\u0e21\u0e16\u0e19\u0e19", "\u0e02\u0e2d\u0e43\u0e2b\u0e49\u0e40\u0e23\u0e48\u0e07\u0e1b\u0e23\u0e31\u0e1a\u0e1b\u0e23\u0e38\u0e07\u0e17\u0e48\u0e2d\u0e23\u0e49\u0e2d\u0e22\u0e2a\u0e32\u0e22", "\u0e02\u0e2d\u0e43\u0e2b\u0e49\u0e41\u0e01\u0e49\u0e44\u0e02\u0e1b\u0e31\u0e0d\u0e2b\u0e32 \u0e40\u0e02\u0e37\u0e48\u0e2d\u0e19\u0e1e\u0e31\u0e07 \u0e0a\u0e33\u0e23\u0e38\u0e14", "\u0e02\u0e2d\u0e43\u0e2b\u0e49\u0e41\u0e01\u0e49\u0e44\u0e02\u0e1b\u0e31\u0e0d\u0e2b\u0e32\u0e19\u0e49\u0e33\u0e17\u0e48\u0e27\u0e21", "\u0e02\u0e2d\u0e43\u0e2b\u0e49\u0e41\u0e01\u0e49\u0e44\u0e02\u0e1b\u0e31\u0e0d\u0e2b\u0e32\u0e19\u0e49\u0e33\u0e40\u0e19\u0e48\u0e32\u0e40\u0e2b\u0e21\u0e47\u0e19", "\u0e02\u0e2d\u0e43\u0e2b\u0e49\u0e41\u0e01\u0e49\u0e44\u0e02\u0e1b\u0e31\u0e0d\u0e2b\u0e32\u0e43\u0e19\u0e2a\u0e27\u0e19\u0e2a\u0e32\u0e18\u0e32\u0e23\u0e13\u0e30", "\u0e02\u0e2d\u0e44\u0e1f\u0e1f\u0e49\u0e32", "\u0e02\u0e36\u0e49\u0e19\u0e17\u0e30\u0e40\u0e1a\u0e35\u0e22\u0e19&\u0e2a\u0e33\u0e23\u0e27\u0e08", "\u0e02\u0e49\u0e2d\u0e40\u0e2a\u0e19\u0e2d\u0e41\u0e19\u0e30", "\u0e04\u0e19\u0e0a\u0e23\u0e32", "\u0e04\u0e19\u0e40\u0e23\u0e48\u0e23\u0e48\u0e2d\u0e19", "\u0e04\u0e19\u0e44\u0e23\u0e49\u0e17\u0e35\u0e48\u0e1e\u0e36\u0e48\u0e07", "\u0e04\u0e27\u0e31\u0e19", "\u0e04\u0e27\u0e31\u0e19\u0e14\u0e33", "\u0e04\u0e27\u0e32\u0e21\u0e1b\u0e25\u0e2d\u0e14\u0e20\u0e31\u0e22", "\u0e04\u0e27\u0e32\u0e21\u0e2a\u0e30\u0e2d\u0e32\u0e14", "\u0e04\u0e31\u0e19\u0e2b\u0e34\u0e19\u0e17\u0e32\u0e07\u0e40\u0e17\u0e49\u0e32\u0e41\u0e15\u0e01\u0e0a\u0e33\u0e23\u0e38\u0e14\u0e25\u0e49\u0e33\u0e2d\u0e2d\u0e01\u0e21\u0e32\u0e43\u0e19\u0e16\u0e19\u0e19", "\u0e08\u0e23\u0e32\u0e08\u0e23", "\u0e08\u0e38\u0e14\u0e40\u0e2a\u0e35\u0e48\u0e22\u0e07", "\u0e08\u0e38\u0e14\u0e40\u0e2a\u0e35\u0e48\u0e22\u0e07/\u0e08\u0e38\u0e14\u0e2d\u0e31\u0e19\u0e15\u0e23\u0e32\u0e22", "\u0e15\u0e49\u0e19\u0e44\u0e21\u0e49", "\u0e15\u0e49\u0e19\u0e44\u0e21\u0e49, \u0e01\u0e34\u0e48\u0e07\u0e44\u0e21\u0e49\u0e17\u0e35\u0e48\u0e40\u0e2d\u0e19\u0e25\u0e49\u0e33\u0e40\u0e02\u0e49\u0e32\u0e21\u0e32\u0e43\u0e19\u0e1c\u0e34\u0e27\u0e08\u0e23\u0e32\u0e08\u0e23", "\u0e15\u0e49\u0e19\u0e44\u0e21\u0e49\u0e25\u0e49\u0e21/\u0e01\u0e34\u0e48\u0e07\u0e44\u0e21\u0e49\u0e2b\u0e31\u0e01\u0e01\u0e35\u0e14\u0e02\u0e27\u0e32\u0e07\u0e17\u0e32\u0e07\u0e2a\u0e31\u0e0d\u0e08\u0e23", "\u0e15\u0e49\u0e19\u0e44\u0e21\u0e49\u0e25\u0e49\u0e21/\u0e01\u0e34\u0e48\u0e07\u0e44\u0e21\u0e49\u0e2b\u0e31\u0e01\u0e17\u0e31\u0e1a\u0e1a\u0e49\u0e32\u0e19\u0e40\u0e23\u0e37\u0e2d\u0e19\u0e1b\u0e23\u0e30\u0e0a\u0e32\u0e0a\u0e19", "\u0e15\u0e49\u0e19\u0e44\u0e21\u0e49\u0e41\u0e25\u0e30\u0e2a\u0e27\u0e19\u0e2a\u0e32\u0e18\u0e32\u0e23\u0e13\u0e30", "\u0e16\u0e19\u0e19", "\u0e16\u0e31\u0e07\u0e14\u0e31\u0e1a\u0e40\u0e1e\u0e25\u0e34\u0e07/\u0e1b\u0e23\u0e30\u0e1b\u0e32\u0e2b\u0e31\u0e27\u0e41\u0e14\u0e07", "\u0e16\u0e31\u0e07\u0e23\u0e2d\u0e07\u0e23\u0e31\u0e1a\u0e02\u0e22\u0e30\u0e44\u0e21\u0e48\u0e40\u0e1e\u0e35\u0e22\u0e07\u0e1e\u0e2d", "\u0e16\u0e39\u0e01\u0e40\u0e2d\u0e32\u0e23\u0e31\u0e14\u0e40\u0e2d\u0e32\u0e40\u0e1b\u0e23\u0e35\u0e22\u0e1a\u0e08\u0e32\u0e01\u0e1c\u0e39\u0e49\u0e04\u0e49\u0e32", "\u0e17\u0e2d\u0e14\u0e17\u0e34\u0e49\u0e07", "\u0e17\u0e31\u0e48\u0e27\u0e44\u0e1b", "\u0e17\u0e32\u0e07\u0e40\u0e17\u0e49\u0e32", "\u0e17\u0e32\u0e07\u0e40\u0e17\u0e49\u0e32\u0e22\u0e38\u0e1a\u0e15\u0e31\u0e27\u0e40\u0e1b\u0e47\u0e19\u0e2b\u0e25\u0e38\u0e21", "\u0e17\u0e34\u0e49\u0e07\u0e02\u0e22\u0e30\u0e44\u0e21\u0e48\u0e15\u0e23\u0e07\u0e40\u0e27\u0e25\u0e32", "\u0e17\u0e34\u0e49\u0e07\u0e02\u0e22\u0e30\u0e44\u0e21\u0e48\u0e16\u0e39\u0e01\u0e17\u0e35\u0e48", "\u0e17\u0e35\u0e48\u0e1e\u0e31\u0e01\u0e1c\u0e39\u0e49\u0e42\u0e14\u0e22\u0e2a\u0e32\u0e23", "\u0e17\u0e38\u0e08\u0e23\u0e34\u0e15", "\u0e17\u0e48\u0e2d\u0e23\u0e30\u0e1a\u0e32\u0e22\u0e19\u0e49\u0e33", "\u0e17\u0e48\u0e2d\u0e23\u0e49\u0e2d\u0e22\u0e2a\u0e32\u0e22\u0e44\u0e1f\u0e1f\u0e49\u0e32\u0e22\u0e36\u0e14\u0e40\u0e01\u0e32\u0e30\u0e1a\u0e19\u0e2a\u0e30\u0e1e\u0e32\u0e19\u0e08\u0e30\u0e2b\u0e25\u0e38\u0e14\u0e2b\u0e25\u0e48\u0e19\u0e25\u0e07\u0e21\u0e32", "\u0e19\u0e49\u0e33\u0e02\u0e22\u0e30\u0e23\u0e31\u0e48\u0e27\u0e44\u0e2b\u0e25", "\u0e19\u0e49\u0e33\u0e17\u0e48\u0e27\u0e21", "\u0e19\u0e49\u0e33\u0e17\u0e48\u0e27\u0e21\u0e02\u0e31\u0e07", "\u0e19\u0e49\u0e33\u0e1b\u0e23\u0e30\u0e1b\u0e32\u0e44\u0e21\u0e48\u0e44\u0e2b\u0e25 \u0e2b\u0e23\u0e37\u0e2d\u0e44\u0e2b\u0e25\u0e2d\u0e48\u0e2d\u0e19", "\u0e19\u0e49\u0e33\u0e21\u0e31\u0e19\u0e2b\u0e01\u0e23\u0e32\u0e14\u0e25\u0e07\u0e1a\u0e19\u0e1c\u0e34\u0e27\u0e08\u0e23\u0e32\u0e08\u0e23", "\u0e1a\u0e23\u0e34\u0e01\u0e32\u0e23\u0e2a\u0e32\u0e18\u0e32\u0e23\u0e13\u0e30\u0e02\u0e2d\u0e07\u0e2b\u0e19\u0e48\u0e27\u0e22\u0e07\u0e32\u0e19\u0e43\u0e19\u0e2a\u0e31\u0e07\u0e01\u0e31\u0e14\u0e01\u0e23\u0e38\u0e07\u0e40\u0e17\u0e1e\u0e21\u0e2b\u0e32\u0e19\u0e04\u0e23", "\u0e1a\u0e32\u0e17\u0e27\u0e34\u0e16\u0e35", "\u0e1a\u0e48\u0e2d\u0e1e\u0e31\u0e01\u0e17\u0e48\u0e2d\u0e23\u0e30\u0e1a\u0e32\u0e22\u0e19\u0e49\u0e33\u0e2b\u0e23\u0e37\u0e2d\u0e1a\u0e48\u0e2d\u0e2a\u0e32\u0e18\u0e32\u0e23\u0e13\u0e39\u0e1b\u0e42\u0e20\u0e04\u0e17\u0e35\u0e48\u0e2d\u0e22\u0e39\u0e48\u0e43\u0e19\u0e1c\u0e34\u0e27\u0e08\u0e23\u0e32\u0e08\u0e23\u0e0a\u0e33\u0e23\u0e38\u0e14 \u0e21\u0e35\u0e23\u0e30\u0e14\u0e31\u0e1a\u0e15\u0e48\u0e33\u0e2b\u0e23\u0e37\u0e2d\u0e2a\u0e39\u0e07 \u0e1d\u0e32\u0e1a\u0e48\u0e2d\u0e22\u0e38\u0e1a\u0e15\u0e31\u0e27 \u0e2b\u0e23\u0e37\u0e2d\u0e1e\u0e31\u0e07\u0e2a\u0e39\u0e0d\u0e2b\u0e32\u0e22", "\u0e1b\u0e23\u0e30\u0e1b\u0e32", "\u0e1b\u0e23\u0e31\u0e1a\u0e1b\u0e23\u0e38\u0e07\u0e2a\u0e16\u0e32\u0e19\u0e17\u0e35\u0e48\u0e43\u0e2b\u0e49\u0e1a\u0e23\u0e34\u0e01\u0e32\u0e23\u0e02\u0e2d\u0e07\u0e01\u0e23\u0e38\u0e07\u0e40\u0e17\u0e1e\u0e21\u0e2b\u0e32\u0e19\u0e04\u0e23", "\u0e1b\u0e25\u0e48\u0e2d\u0e22\u0e2a\u0e34\u0e48\u0e07\u0e1b\u0e0f\u0e34\u0e01\u0e39\u0e25\u0e25\u0e07\u0e17\u0e48\u0e2d\u0e23\u0e30\u0e1a\u0e32\u0e22\u0e19\u0e49\u0e33 / \u0e41\u0e2b\u0e25\u0e48\u0e07\u0e19\u0e49\u0e33\u0e2a\u0e32\u0e18\u0e32\u0e23\u0e13\u0e30", "\u0e1b\u0e31\u0e0d\u0e2b\u0e32\u0e01\u0e32\u0e23\u0e1a\u0e31\u0e07\u0e04\u0e31\u0e1a\u0e43\u0e0a\u0e49\u0e01\u0e0e\u0e2b\u0e21\u0e32\u0e22", "\u0e1b\u0e31\u0e0d\u0e2b\u0e32\u0e04\u0e27\u0e32\u0e21\u0e40\u0e14\u0e37\u0e2d\u0e14\u0e23\u0e49\u0e2d\u0e19\u0e08\u0e32\u0e01\u0e01\u0e32\u0e23\u0e14\u0e33\u0e40\u0e19\u0e34\u0e19\u0e01\u0e32\u0e23\u0e02\u0e2d\u0e07\u0e23\u0e31\u0e10", "\u0e1b\u0e31\u0e0d\u0e2b\u0e32\u0e17\u0e35\u0e48\u0e2a\u0e48\u0e07\u0e1c\u0e25\u0e01\u0e23\u0e30\u0e17\u0e1a\u0e01\u0e31\u0e1a\u0e01\u0e32\u0e23\u0e08\u0e23\u0e32\u0e08\u0e23", "\u0e1b\u0e31\u0e0d\u0e2b\u0e32\u0e2a\u0e31\u0e07\u0e04\u0e21", "\u0e1b\u0e31\u0e0d\u0e2b\u0e32\u0e40\u0e01\u0e35\u0e48\u0e22\u0e27\u0e01\u0e31\u0e1a\u0e01\u0e32\u0e23\u0e17\u0e33\u0e23\u0e49\u0e32\u0e22\u0e23\u0e48\u0e32\u0e07\u0e01\u0e32\u0e22 / \u0e08\u0e34\u0e15\u0e43\u0e08", "\u0e1b\u0e31\u0e0d\u0e2b\u0e32\u0e40\u0e14\u0e37\u0e2d\u0e14\u0e23\u0e49\u0e2d\u0e19\u0e08\u0e32\u0e01\u0e01\u0e32\u0e23\u0e01\u0e48\u0e2d\u0e2a\u0e23\u0e49\u0e32\u0e07\u0e2d\u0e32\u0e04\u0e32\u0e23", "\u0e1b\u0e49\u0e32\u0e22\u0e42\u0e06\u0e29\u0e13\u0e32", "\u0e1b\u0e49\u0e32\u0e22\u0e42\u0e06\u0e29\u0e13\u0e32\u0e02\u0e19\u0e32\u0e14\u0e43\u0e2b\u0e0d\u0e48", "\u0e1b\u0e49\u0e32\u0e22\u0e42\u0e06\u0e29\u0e13\u0e32\u0e25\u0e49\u0e21/\u0e40\u0e2d\u0e35\u0e22\u0e07", "\u0e1c\u0e34\u0e14\u0e01\u0e0e\u0e08\u0e23\u0e32\u0e08\u0e23", "\u0e1c\u0e34\u0e14\u0e01\u0e0f\u0e08\u0e23\u0e32\u0e08\u0e23", "\u0e1c\u0e34\u0e27\u0e08\u0e23\u0e32\u0e08\u0e23\u0e17\u0e35\u0e48\u0e40\u0e1b\u0e47\u0e19\u0e2b\u0e25\u0e38\u0e21\u0e40\u0e1b\u0e47\u0e19\u0e1a\u0e48\u0e2d", "\u0e1c\u0e39\u0e49\u0e14\u0e49\u0e2d\u0e22\u0e42\u0e2d\u0e01\u0e32\u0e2a", "\u0e1c\u0e39\u0e49\u0e1b\u0e23\u0e30\u0e01\u0e2d\u0e1a\u0e2d\u0e32\u0e0a\u0e35\u0e1e\u0e1a\u0e23\u0e34\u0e40\u0e27\u0e13\u0e41\u0e22\u0e01\u0e44\u0e1f\u0e41\u0e14\u0e07", "\u0e1c\u0e39\u0e49\u0e1e\u0e34\u0e01\u0e32\u0e23+\u0e43\u0e0a\u0e49\u0e25\u0e49\u0e2d", "\u0e1d\u0e32\u0e17\u0e48\u0e2d\u0e23\u0e30\u0e1a\u0e32\u0e22\u0e19\u0e49\u0e33\u0e0a\u0e33\u0e23\u0e38\u0e14", "\u0e1d\u0e32\u0e17\u0e48\u0e2d\u0e23\u0e30\u0e1a\u0e32\u0e22\u0e19\u0e49\u0e33\u0e2b\u0e32\u0e22", "\u0e1d\u0e32\u0e1a\u0e48\u0e2d\u0e1e\u0e31\u0e01\u0e43\u0e19\u0e17\u0e32\u0e07\u0e40\u0e17\u0e49\u0e32\u0e0a\u0e33\u0e23\u0e38\u0e14\u0e22\u0e38\u0e1a\u0e2a\u0e39\u0e0d\u0e2b\u0e32\u0e22", "\u0e1d\u0e38\u0e48\u0e19\u0e04\u0e27\u0e31\u0e19&\u0e01\u0e25\u0e34\u0e48\u0e19&PM2.5", "\u0e1d\u0e38\u0e48\u0e19\u0e25\u0e30\u0e2d\u0e2d\u0e07", "\u0e20\u0e31\u0e22\u0e17\u0e32\u0e07\u0e16\u0e19\u0e19", "\u0e20\u0e31\u0e22\u0e2d\u0e2d\u0e19\u0e44\u0e25\u0e19\u0e4c", "\u0e20\u0e31\u0e22\u0e2d\u0e37\u0e48\u0e19\u0e46", "\u0e20\u0e32\u0e1e\u0e42\u0e06\u0e29\u0e13\u0e32\u0e17\u0e35\u0e48\u0e15\u0e31\u0e49\u0e07\u0e15\u0e31\u0e49\u0e07\u0e1a\u0e23\u0e34\u0e40\u0e27\u0e13\u0e17\u0e35\u0e48\u0e1e\u0e31\u0e01\u0e1c\u0e39\u0e49\u0e42\u0e14\u0e22\u0e2a\u0e32\u0e23", "\u0e21\u0e35\u0e41\u0e17\u0e48\u0e07\u0e1b\u0e39\u0e19, \u0e40\u0e2b\u0e25\u0e47\u0e01, \u0e15\u0e2d\u0e44\u0e21\u0e49 \u0e42\u0e1c\u0e25\u0e48\u0e01\u0e35\u0e14\u0e02\u0e27\u0e32\u0e07\u0e17\u0e32\u0e07\u0e40\u0e17\u0e49\u0e32", "\u0e22\u0e32\u0e40\u0e2a\u0e1e\u0e15\u0e34\u0e14", "\u0e23\u0e30\u0e1a\u0e1a\u0e44\u0e1f\u0e1f\u0e49\u0e32\u0e2a\u0e48\u0e2d\u0e07\u0e2a\u0e27\u0e48\u0e32\u0e07\u0e17\u0e35\u0e48\u0e1e\u0e31\u0e01\u0e1c\u0e39\u0e49\u0e42\u0e14\u0e22\u0e2a\u0e32\u0e23", "\u0e23\u0e31\u0e49\u0e27\u0e23\u0e32\u0e27\u0e2a\u0e30\u0e1e\u0e32\u0e19\u0e04\u0e14\u0e07\u0e2d \u0e22\u0e37\u0e48\u0e19\u0e25\u0e49\u0e33\u0e40\u0e02\u0e49\u0e32\u0e21\u0e32\u0e43\u0e19\u0e16\u0e19\u0e19", "\u0e23\u0e31\u0e49\u0e27\u0e23\u0e32\u0e27\u0e2a\u0e30\u0e1e\u0e32\u0e19\u0e2b\u0e25\u0e38\u0e14\u0e2b\u0e32\u0e22", "\u0e23\u0e31\u0e49\u0e27\u0e40\u0e2b\u0e25\u0e47\u0e01\u0e1a\u0e19\u0e40\u0e01\u0e32\u0e30\u0e01\u0e25\u0e32\u0e07\u0e41\u0e25\u0e30\u0e02\u0e2d\u0e1a\u0e17\u0e32\u0e07\u0e0a\u0e33\u0e23\u0e38\u0e14 \u0e2b\u0e23\u0e37\u0e2d\u0e22\u0e37\u0e48\u0e19\u0e25\u0e49\u0e33\u0e40\u0e02\u0e49\u0e32\u0e21\u0e32\u0e43\u0e19\u0e1c\u0e34\u0e27\u0e08\u0e23\u0e32\u0e08\u0e23", "\u0e27\u0e34\u0e19\u0e21\u0e2d\u0e44\u0e0b\u0e04\u0e4c", "\u0e2a\u0e30\u0e1e\u0e32\u0e19", "\u0e2a\u0e31\u0e15\u0e27\u0e4c", "\u0e2a\u0e31\u0e15\u0e27\u0e4c\u0e21\u0e35\u0e1e\u0e34\u0e29", "\u0e2a\u0e31\u0e15\u0e27\u0e4c\u0e40\u0e25\u0e37\u0e49\u0e2d\u0e22\u0e04\u0e25\u0e32\u0e19", "\u0e2a\u0e32\u0e18\u0e32\u0e23\u0e13\u0e39\u0e1b\u0e42\u0e20\u0e04", "\u0e2a\u0e32\u0e22\u0e2a\u0e37\u0e48\u0e2d\u0e2a\u0e32\u0e23", "\u0e2a\u0e32\u0e23\u0e40\u0e2a\u0e1e\u0e15\u0e34\u0e14", "\u0e2a\u0e34\u0e19\u0e04\u0e49\u0e32\u0e17\u0e35\u0e48\u0e2d\u0e32\u0e08\u0e40\u0e1b\u0e47\u0e19\u0e2d\u0e31\u0e19\u0e15\u0e23\u0e32\u0e22", "\u0e2a\u0e34\u0e48\u0e07\u0e2d\u0e33\u0e19\u0e27\u0e22\u0e04\u0e27\u0e32\u0e21\u0e2a\u0e30\u0e14\u0e27\u0e01\u0e43\u0e19\u0e2a\u0e16\u0e32\u0e19\u0e17\u0e35\u0e48\u0e23\u0e32\u0e0a\u0e01\u0e32\u0e23\u0e01\u0e23\u0e38\u0e07\u0e40\u0e17\u0e1e\u0e21\u0e2b\u0e32\u0e19\u0e04\u0e23", "\u0e2a\u0e38\u0e02\u0e20\u0e32\u0e1e & \u0e1a\u0e31\u0e15\u0e23\u0e17\u0e2d\u0e07", "\u0e2a\u0e48\u0e27\u0e19\u0e1b\u0e23\u0e30\u0e01\u0e2d\u0e1a\u0e02\u0e2d\u0e07\u0e2a\u0e30\u0e1e\u0e32\u0e19\u0e08\u0e30\u0e2b\u0e25\u0e38\u0e14", "\u0e2b\u0e32\u0e1a\u0e40\u0e23\u0e48\u0e41\u0e1c\u0e07\u0e25\u0e2d\u0e22", "\u0e2d\u0e31\u0e04\u0e04\u0e35\u0e20\u0e31\u0e22", "\u0e2d\u0e32\u0e04\u0e32\u0e23", "\u0e2d\u0e32\u0e04\u0e32\u0e23\u0e2a\u0e16\u0e32\u0e19\u0e17\u0e35\u0e48\u0e0a\u0e33\u0e23\u0e38\u0e14", "\u0e2d\u0e37\u0e48\u0e19\u0e46", "\u0e2d\u0e38\u0e17\u0e01\u0e20\u0e31\u0e22", "\u0e2d\u0e38\u0e1a\u0e31\u0e15\u0e34\u0e40\u0e2b\u0e15\u0e38", "\u0e2d\u0e38\u0e1b\u0e01\u0e23\u0e13\u0e4c\u0e0a\u0e33\u0e23\u0e38\u0e14", "\u0e40\u0e01\u0e49\u0e32\u0e2d\u0e35\u0e49\u0e19\u0e31\u0e48\u0e07\u0e20\u0e32\u0e22\u0e43\u0e19\u0e17\u0e35\u0e48\u0e1e\u0e31\u0e01\u0e1c\u0e39\u0e49\u0e42\u0e14\u0e22\u0e2a\u0e32\u0e23", "\u0e40\u0e02\u0e37\u0e48\u0e2d\u0e19 \u0e04\u0e39\u0e04\u0e25\u0e2d\u0e07", "\u0e40\u0e1c\u0e32\u0e43\u0e19\u0e17\u0e35\u0e48\u0e42\u0e25\u0e48\u0e07", "\u0e40\u0e23\u0e37\u0e48\u0e2d\u0e07\u0e09\u0e38\u0e01\u0e40\u0e09\u0e34\u0e19", "\u0e40\u0e23\u0e37\u0e48\u0e2d\u0e07\u0e23\u0e49\u0e2d\u0e07\u0e17\u0e38\u0e01\u0e02\u0e4c\u0e1b\u0e23\u0e30\u0e40\u0e20\u0e17\u0e2d\u0e37\u0e48\u0e19 \u0e46 - \u0e40\u0e23\u0e37\u0e48\u0e2d\u0e07\u0e23\u0e49\u0e2d\u0e07\u0e40\u0e23\u0e35\u0e22\u0e19\u0e17\u0e35\u0e48\u0e44\u0e21\u0e48\u0e2a\u0e32\u0e21\u0e32\u0e23\u0e16\u0e08\u0e31\u0e14\u0e40\u0e02\u0e49\u0e32\u0e1b\u0e23\u0e30\u0e40\u0e20\u0e17\u0e43\u0e14", "\u0e40\u0e25\u0e37\u0e2d\u0e01\u0e15\u0e31\u0e49\u0e07", "\u0e40\u0e28\u0e29\u0e27\u0e31\u0e2a\u0e14\u0e38\u0e15\u0e01\u0e2b\u0e25\u0e48\u0e19\u0e25\u0e07\u0e1a\u0e19\u0e1c\u0e34\u0e27\u0e08\u0e23\u0e32\u0e08\u0e23 \u0e40\u0e0a\u0e48\u0e19 \u0e17\u0e23\u0e32\u0e22 \u0e14\u0e34\u0e19 \u0e41\u0e25\u0e30\u0e2d\u0e37\u0e48\u0e19 \u0e46", "\u0e40\u0e2a\u0e19\u0e2d\u0e41\u0e19\u0e30", "\u0e40\u0e2a\u0e32\u0e44\u0e1f\u0e1f\u0e49\u0e32\u0e25\u0e49\u0e21/\u0e40\u0e2d\u0e35\u0e22\u0e07", "\u0e40\u0e2a\u0e35\u0e22\u0e07", "\u0e40\u0e2b\u0e15\u0e38\u0e40\u0e14\u0e37\u0e2d\u0e14\u0e23\u0e49\u0e2d\u0e19\u0e23\u0e33\u0e04\u0e32\u0e0d", "\u0e40\u0e2b\u0e15\u0e38\u0e40\u0e1e\u0e25\u0e34\u0e07\u0e44\u0e2b\u0e21\u0e49", "\u0e41\u0e08\u0e49\u0e07\u0e17\u0e48\u0e2d\u0e1b\u0e23\u0e30\u0e1b\u0e32\u0e41\u0e15\u0e01 / \u0e44\u0e21\u0e48\u0e44\u0e2b\u0e25", "\u0e41\u0e17\u0e47\u0e01\u0e0b\u0e35\u0e48/\u0e23\u0e16\u0e40\u0e21\u0e25\u0e4c", "\u0e41\u0e2a\u0e07", "\u0e42\u0e04\u0e23\u0e07\u0e01\u0e32\u0e23 / \u0e19\u0e42\u0e22\u0e1a\u0e32\u0e22\u0e02\u0e2d\u0e07\u0e23\u0e31\u0e10", "\u0e42\u0e04\u0e23\u0e07\u0e2a\u0e23\u0e49\u0e32\u0e07\u0e41\u0e25\u0e30\u0e2b\u0e25\u0e31\u0e07\u0e04\u0e32\u0e17\u0e35\u0e48\u0e1e\u0e31\u0e01\u0e1c\u0e39\u0e49\u0e42\u0e14\u0e22\u0e2a\u0e32\u0e23", "\u0e42\u0e06\u0e29\u0e13\u0e32", "\u0e42\u0e17\u0e23\u0e28\u0e31\u0e1e\u0e17\u0e4c", "\u0e42\u0e23\u0e04\u0e23\u0e30\u0e1a\u0e32\u0e14 / \u0e42\u0e04\u0e27\u0e34\u0e14 19", "\u0e42\u0e23\u0e07\u0e40\u0e23\u0e35\u0e22\u0e19", "\u0e44\u0e1f\u0e1b\u0e48\u0e32", "\u0e44\u0e1f\u0e1f\u0e49\u0e32", "\u0e44\u0e21\u0e48\u0e21\u0e35\u0e16\u0e31\u0e07\u0e23\u0e2d\u0e07\u0e23\u0e31\u0e1a\u0e02\u0e22\u0e30"], ["\u0e01\u0e32\u0e23\u0e1b\u0e23\u0e30\u0e1b\u0e32\u0e19\u0e04\u0e23\u0e2b\u0e25\u0e27\u0e07", "\u0e01\u0e32\u0e23\u0e44\u0e1f\u0e1f\u0e49\u0e32\u0e19\u0e04\u0e23\u0e2b\u0e25\u0e27\u0e07", "\u0e1d\u0e48\u0e32\u0e22\u0e23\u0e31\u0e01\u0e29\u0e32\u0e04\u0e27\u0e32\u0e21\u0e2a\u0e30\u0e2d\u0e32\u0e14\u0e2f", "\u0e1d\u0e48\u0e32\u0e22\u0e2a\u0e34\u0e48\u0e07\u0e41\u0e27\u0e14\u0e25\u0e49\u0e2d\u0e21\u0e2f", "\u0e1d\u0e48\u0e32\u0e22\u0e40\u0e17\u0e28\u0e01\u0e34\u0e08", "\u0e1d\u0e48\u0e32\u0e22\u0e42\u0e22\u0e18\u0e32", "\u0e2a\u0e33\u0e19\u0e31\u0e01\u0e01\u0e32\u0e23\u0e08\u0e23\u0e32\u0e08\u0e23\u0e41\u0e25\u0e30\u0e02\u0e19\u0e2a\u0e48\u0e07", "\u0e2a\u0e33\u0e19\u0e31\u0e01\u0e01\u0e32\u0e23\u0e23\u0e30\u0e1a\u0e32\u0e22\u0e19\u0e49\u0e33", "\u0e2a\u0e33\u0e19\u0e31\u0e01\u0e07\u0e32\u0e19\u0e40\u0e02\u0e15\u0e17\u0e31\u0e48\u0e27\u0e44\u0e1b"]]
